solid ASCII
  facet normal 0.000000e+00 1.000000e+00 0.000000e+00
    outer loop
      vertex   2.000000e+00 3.400000e+01 6.000000e+00
      vertex   2.000000e+00 3.400000e+01 -1.000000e+00
      vertex   0.000000e+00 3.400000e+01 6.000000e+00
    endloop
  endfacet
  facet normal 0.000000e+00 1.000000e+00 0.000000e+00
    outer loop
      vertex   0.000000e+00 3.400000e+01 6.000000e+00
      vertex   2.000000e+00 3.400000e+01 -1.000000e+00
      vertex   0.000000e+00 3.400000e+01 -1.000000e+00
    endloop
  endfacet
  facet normal -0.000000e+00 1.488043e-17 1.000000e+00
    outer loop
      vertex   3.050000e+01 3.400000e+01 -1.000000e+00
      vertex   3.250000e+01 3.400000e+01 -1.000000e+00
      vertex   3.050000e+01 4.892192e+01 -1.000000e+00
    endloop
  endfacet
  facet normal -5.778913e-19 1.480297e-17 1.000000e+00
    outer loop
      vertex   3.050000e+01 4.892192e+01 -1.000000e+00
      vertex   3.250000e+01 3.400000e+01 -1.000000e+00
      vertex   3.250000e+01 4.900000e+01 -1.000000e+00
    endloop
  endfacet
  facet normal -3.438531e-16 8.807968e-15 1.000000e+00
    outer loop
      vertex   3.050000e+01 4.892192e+01 -1.000000e+00
      vertex   3.250000e+01 4.900000e+01 -1.000000e+00
      vertex   3.048720e+01 4.919873e+01 -1.000000e+00
    endloop
  endfacet
  facet normal -1.464489e-15 -2.542320e-15 1.000000e+00
    outer loop
      vertex   3.048720e+01 4.919873e+01 -1.000000e+00
      vertex   3.250000e+01 4.900000e+01 -1.000000e+00
      vertex   3.248726e+01 4.935670e+01 -1.000000e+00
    endloop
  endfacet
  facet normal -1.647139e-15 -2.297661e-16 1.000000e+00
    outer loop
      vertex   3.048720e+01 4.919873e+01 -1.000000e+00
      vertex   3.248726e+01 4.935670e+01 -1.000000e+00
      vertex   3.044892e+01 4.947317e+01 -1.000000e+00
    endloop
  endfacet
  facet normal -1.644110e-15 -1.767601e-16 1.000000e+00
    outer loop
      vertex   3.044892e+01 4.947317e+01 -1.000000e+00
      vertex   3.248726e+01 4.935670e+01 -1.000000e+00
      vertex   3.244911e+01 4.971157e+01 -1.000000e+00
    endloop
  endfacet
  facet normal -1.524331e-15 -1.181698e-15 1.000000e+00
    outer loop
      vertex   3.044892e+01 4.947317e+01 -1.000000e+00
      vertex   3.244911e+01 4.971157e+01 -1.000000e+00
      vertex   3.038548e+01 4.974291e+01 -1.000000e+00
    endloop
  endfacet
  facet normal -1.510525e-15 -2.725287e-16 1.000000e+00
    outer loop
      vertex   3.038548e+01 4.974291e+01 -1.000000e+00
      vertex   3.244911e+01 4.971157e+01 -1.000000e+00
      vertex   3.238573e+01 5.006283e+01 -1.000000e+00
    endloop
  endfacet
  facet normal -1.475042e-15 -4.943842e-16 1.000000e+00
    outer loop
      vertex   3.038548e+01 4.974291e+01 -1.000000e+00
      vertex   3.238573e+01 5.006283e+01 -1.000000e+00
      vertex   3.029742e+01 5.000565e+01 -1.000000e+00
    endloop
  endfacet
  facet normal -1.478248e-15 -3.773002e-16 1.000000e+00
    outer loop
      vertex   3.029742e+01 5.000565e+01 -1.000000e+00
      vertex   3.238573e+01 5.006283e+01 -1.000000e+00
      vertex   3.229746e+01 5.040866e+01 -1.000000e+00
    endloop
  endfacet
  facet normal -1.427286e-15 -6.302084e-16 1.000000e+00
    outer loop
      vertex   3.029742e+01 5.000565e+01 -1.000000e+00
      vertex   3.229746e+01 5.040866e+01 -1.000000e+00
      vertex   3.018549e+01 5.025914e+01 -1.000000e+00
    endloop
  endfacet
  facet normal -1.438018e-15 -4.786185e-16 1.000000e+00
    outer loop
      vertex   3.018549e+01 5.025914e+01 -1.000000e+00
      vertex   3.229746e+01 5.040866e+01 -1.000000e+00
      vertex   3.218475e+01 5.074732e+01 -1.000000e+00
    endloop
  endfacet
  facet normal -1.368729e-15 -7.623773e-16 1.000000e+00
    outer loop
      vertex   3.018549e+01 5.025914e+01 -1.000000e+00
      vertex   3.218475e+01 5.074732e+01 -1.000000e+00
      vertex   3.005065e+01 5.050122e+01 -1.000000e+00
    endloop
  endfacet
  facet normal -1.390239e-15 -5.758558e-16 1.000000e+00
    outer loop
      vertex   3.005065e+01 5.050122e+01 -1.000000e+00
      vertex   3.218475e+01 5.074732e+01 -1.000000e+00
      vertex   3.204816e+01 5.107708e+01 -1.000000e+00
    endloop
  endfacet
  facet normal -1.299603e-15 -8.902490e-16 1.000000e+00
    outer loop
      vertex   3.005065e+01 5.050122e+01 -1.000000e+00
      vertex   3.204816e+01 5.107708e+01 -1.000000e+00
      vertex   2.989405e+01 5.072983e+01 -1.000000e+00
    endloop
  endfacet
  facet normal -1.231586e-15 -1.312182e-15 1.000000e+00
    outer loop
      vertex   2.989405e+01 5.072983e+01 -1.000000e+00
      vertex   3.204816e+01 5.107708e+01 -1.000000e+00
      vertex   3.188839e+01 5.139624e+01 -1.000000e+00
    endloop
  endfacet
  facet normal -1.307308e-15 -1.085575e-15 1.000000e+00
    outer loop
      vertex   2.989405e+01 5.072983e+01 -1.000000e+00
      vertex   3.188839e+01 5.139624e+01 -1.000000e+00
      vertex   2.971703e+01 5.094301e+01 -1.000000e+00
    endloop
  endfacet
  facet normal -1.364869e-15 -8.098140e-16 1.000000e+00
    outer loop
      vertex   2.971703e+01 5.094301e+01 -1.000000e+00
      vertex   3.188839e+01 5.139624e+01 -1.000000e+00
      vertex   3.170627e+01 5.170320e+01 -1.000000e+00
    endloop
  endfacet
  facet normal -1.211401e-15 -1.211401e-15 1.000000e+00
    outer loop
      vertex   2.971703e+01 5.094301e+01 -1.000000e+00
      vertex   3.170627e+01 5.170320e+01 -1.000000e+00
      vertex   2.952109e+01 5.113895e+01 -1.000000e+00
    endloop
  endfacet
  facet normal -1.292485e-15 -8.973883e-16 1.000000e+00
    outer loop
      vertex   2.952109e+01 5.113895e+01 -1.000000e+00
      vertex   3.170627e+01 5.170320e+01 -1.000000e+00
      vertex   3.150271e+01 5.199639e+01 -1.000000e+00
    endloop
  endfacet
  facet normal -1.104995e-15 -1.330695e-15 1.000000e+00
    outer loop
      vertex   2.952109e+01 5.113895e+01 -1.000000e+00
      vertex   3.150271e+01 5.199639e+01 -1.000000e+00
      vertex   2.930790e+01 5.131597e+01 -1.000000e+00
    endloop
  endfacet
  facet normal -1.214192e-15 -9.784580e-16 1.000000e+00
    outer loop
      vertex   2.930790e+01 5.131597e+01 -1.000000e+00
      vertex   3.150271e+01 5.199639e+01 -1.000000e+00
      vertex   3.127875e+01 5.227430e+01 -1.000000e+00
    endloop
  endfacet
  facet normal -9.883781e-16 -1.442854e-15 1.000000e+00
    outer loop
      vertex   2.930790e+01 5.131597e+01 -1.000000e+00
      vertex   3.127875e+01 5.227430e+01 -1.000000e+00
      vertex   2.907930e+01 5.147257e+01 -1.000000e+00
    endloop
  endfacet
  facet normal -1.130616e-15 -1.052641e-15 1.000000e+00
    outer loop
      vertex   2.907930e+01 5.147257e+01 -1.000000e+00
      vertex   3.127875e+01 5.227430e+01 -1.000000e+00
      vertex   3.103553e+01 5.253553e+01 -1.000000e+00
    endloop
  endfacet
  facet normal -8.618369e-16 -1.547294e-15 1.000000e+00
    outer loop
      vertex   2.907930e+01 5.147257e+01 -1.000000e+00
      vertex   3.103553e+01 5.253553e+01 -1.000000e+00
      vertex   2.883722e+01 5.160741e+01 -1.000000e+00
    endloop
  endfacet
  facet normal -1.042400e-15 -1.119617e-15 1.000000e+00
    outer loop
      vertex   2.883722e+01 5.160741e+01 -1.000000e+00
      vertex   3.103553e+01 5.253553e+01 -1.000000e+00
      vertex   3.077430e+01 5.277875e+01 -1.000000e+00
    endloop
  endfacet
  facet normal -7.256500e-16 -1.643441e-15 1.000000e+00
    outer loop
      vertex   2.883722e+01 5.160741e+01 -1.000000e+00
      vertex   3.077430e+01 5.277875e+01 -1.000000e+00
      vertex   2.858372e+01 5.171934e+01 -1.000000e+00
    endloop
  endfacet
  facet normal -9.502012e-16 -1.179128e-15 1.000000e+00
    outer loop
      vertex   2.858372e+01 5.171934e+01 -1.000000e+00
      vertex   3.077430e+01 5.277875e+01 -1.000000e+00
      vertex   3.049639e+01 5.300271e+01 -1.000000e+00
    endloop
  endfacet
  facet normal -8.855657e-16 -1.275457e-15 1.000000e+00
    outer loop
      vertex   2.858372e+01 5.171934e+01 -1.000000e+00
      vertex   3.049639e+01 5.300271e+01 -1.000000e+00
      vertex   3.020320e+01 5.320627e+01 -1.000000e+00
    endloop
  endfacet
  facet normal -5.499901e-16 -1.640947e-15 1.000000e+00
    outer loop
      vertex   2.858372e+01 5.171934e+01 -1.000000e+00
      vertex   3.020320e+01 5.320627e+01 -1.000000e+00
      vertex   2.832099e+01 5.180740e+01 -1.000000e+00
    endloop
  endfacet
  facet normal -7.855570e-16 -1.323986e-15 1.000000e+00
    outer loop
      vertex   2.832099e+01 5.180740e+01 -1.000000e+00
      vertex   3.020320e+01 5.320627e+01 -1.000000e+00
      vertex   2.989624e+01 5.338839e+01 -1.000000e+00
    endloop
  endfacet
  facet normal -2.394266e-16 -1.868133e-15 1.000000e+00
    outer loop
      vertex   2.832099e+01 5.180740e+01 -1.000000e+00
      vertex   2.989624e+01 5.338839e+01 -1.000000e+00
      vertex   2.957708e+01 5.354816e+01 -1.000000e+00
    endloop
  endfacet
  facet normal 2.933748e-16 -2.252589e-15 1.000000e+00
    outer loop
      vertex   2.832099e+01 5.180740e+01 -1.000000e+00
      vertex   2.957708e+01 5.354816e+01 -1.000000e+00
      vertex   2.805125e+01 5.187084e+01 -1.000000e+00
    endloop
  endfacet
  facet normal -5.974046e-16 -1.442262e-15 1.000000e+00
    outer loop
      vertex   2.805125e+01 5.187084e+01 -1.000000e+00
      vertex   2.957708e+01 5.354816e+01 -1.000000e+00
      vertex   2.924732e+01 5.368475e+01 -1.000000e+00
    endloop
  endfacet
  facet normal -5.011546e-16 -1.505729e-15 1.000000e+00
    outer loop
      vertex   2.805125e+01 5.187084e+01 -1.000000e+00
      vertex   2.924732e+01 5.368475e+01 -1.000000e+00
      vertex   2.890866e+01 5.379746e+01 -1.000000e+00
    endloop
  endfacet
  facet normal -2.270561e-16 -1.627712e-15 1.000000e+00
    outer loop
      vertex   2.805125e+01 5.187084e+01 -1.000000e+00
      vertex   2.890866e+01 5.379746e+01 -1.000000e+00
      vertex   2.777681e+01 5.190912e+01 -1.000000e+00
    endloop
  endfacet
  facet normal -3.904515e-16 -1.529774e-15 1.000000e+00
    outer loop
      vertex   2.777681e+01 5.190912e+01 -1.000000e+00
      vertex   2.890866e+01 5.379746e+01 -1.000000e+00
      vertex   2.856283e+01 5.388573e+01 -1.000000e+00
    endloop
  endfacet
  facet normal -2.836632e-16 -1.572240e-15 1.000000e+00
    outer loop
      vertex   2.777681e+01 5.190912e+01 -1.000000e+00
      vertex   2.856283e+01 5.388573e+01 -1.000000e+00
      vertex   2.821157e+01 5.394911e+01 -1.000000e+00
    endloop
  endfacet
  facet normal 7.074336e-15 -3.140405e-15 1.000000e+00
    outer loop
      vertex   2.777681e+01 5.190912e+01 -1.000000e+00
      vertex   2.821157e+01 5.394911e+01 -1.000000e+00
      vertex   2.750000e+01 5.192192e+01 -1.000000e+00
    endloop
  endfacet
  facet normal -6.808693e-17 -6.333012e-16 1.000000e+00
    outer loop
      vertex   2.750000e+01 5.192192e+01 -1.000000e+00
      vertex   2.821157e+01 5.394911e+01 -1.000000e+00
      vertex   2.785670e+01 5.398726e+01 -1.000000e+00
    endloop
  endfacet
  facet normal -3.735024e-15 0.000000e+00 1.000000e+00
    outer loop
      vertex   2.750000e+01 5.192192e+01 -1.000000e+00
      vertex   2.785670e+01 5.398726e+01 -1.000000e+00
      vertex   2.750000e+01 5.400000e+01 -1.000000e+00
    endloop
  endfacet
  facet normal 9.868649e-17 -0.000000e+00 1.000000e+00
    outer loop
      vertex   2.750000e+01 5.192192e+01 -1.000000e+00
      vertex   2.750000e+01 5.400000e+01 -1.000000e+00
      vertex   5.000000e+00 5.192192e+01 -1.000000e+00
    endloop
  endfacet
  facet normal 9.868649e-17 3.796107e-31 1.000000e+00
    outer loop
      vertex   5.000000e+00 5.192192e+01 -1.000000e+00
      vertex   2.750000e+01 5.400000e+01 -1.000000e+00
      vertex   5.000000e+00 5.400000e+01 -1.000000e+00
    endloop
  endfacet
  facet normal -3.735024e-15 -1.436727e-29 1.000000e+00
    outer loop
      vertex   5.000000e+00 5.192192e+01 -1.000000e+00
      vertex   5.000000e+00 5.400000e+01 -1.000000e+00
      vertex   4.643304e+00 5.398726e+01 -1.000000e+00
    endloop
  endfacet
  facet normal -6.808693e-17 6.333012e-16 1.000000e+00
    outer loop
      vertex   4.643304e+00 5.398726e+01 -1.000000e+00
      vertex   4.288426e+00 5.394911e+01 -1.000000e+00
      vertex   5.000000e+00 5.192192e+01 -1.000000e+00
    endloop
  endfacet
  facet normal 1.141581e-14 4.664333e-15 1.000000e+00
    outer loop
      vertex   5.000000e+00 5.192192e+01 -1.000000e+00
      vertex   4.288426e+00 5.394911e+01 -1.000000e+00
      vertex   4.723195e+00 5.190912e+01 -1.000000e+00
    endloop
  endfacet
  facet normal -3.876731e-16 2.148727e-15 1.000000e+00
    outer loop
      vertex   4.723195e+00 5.190912e+01 -1.000000e+00
      vertex   4.288426e+00 5.394911e+01 -1.000000e+00
      vertex   3.937174e+00 5.388573e+01 -1.000000e+00
    endloop
  endfacet
  facet normal -5.336171e-16 2.090691e-15 1.000000e+00
    outer loop
      vertex   4.723195e+00 5.190912e+01 -1.000000e+00
      vertex   3.937174e+00 5.388573e+01 -1.000000e+00
      vertex   3.591337e+00 5.379746e+01 -1.000000e+00
    endloop
  endfacet
  facet normal -3.103100e-16 2.224540e-15 1.000000e+00
    outer loop
      vertex   4.723195e+00 5.190912e+01 -1.000000e+00
      vertex   3.591337e+00 5.379746e+01 -1.000000e+00
      vertex   4.448751e+00 5.187084e+01 -1.000000e+00
    endloop
  endfacet
  facet normal -6.849113e-16 2.057829e-15 1.000000e+00
    outer loop
      vertex   4.448751e+00 5.187084e+01 -1.000000e+00
      vertex   3.591337e+00 5.379746e+01 -1.000000e+00
      vertex   3.252679e+00 5.368475e+01 -1.000000e+00
    endloop
  endfacet
  facet normal -8.164530e-16 1.971092e-15 1.000000e+00
    outer loop
      vertex   4.448751e+00 5.187084e+01 -1.000000e+00
      vertex   3.252679e+00 5.368475e+01 -1.000000e+00
      vertex   2.922925e+00 5.354816e+01 -1.000000e+00
    endloop
  endfacet
  facet normal -1.867380e-16 2.543932e-15 1.000000e+00
    outer loop
      vertex   4.448751e+00 5.187084e+01 -1.000000e+00
      vertex   2.922925e+00 5.354816e+01 -1.000000e+00
      vertex   4.179011e+00 5.180740e+01 -1.000000e+00
    endloop
  endfacet
  facet normal -4.739635e-16 2.336678e-15 1.000000e+00
    outer loop
      vertex   4.179011e+00 5.180740e+01 -1.000000e+00
      vertex   2.922925e+00 5.354816e+01 -1.000000e+00
      vertex   2.603755e+00 5.338839e+01 -1.000000e+00
    endloop
  endfacet
  facet normal -1.047409e-15 1.765314e-15 1.000000e+00
    outer loop
      vertex   4.179011e+00 5.180740e+01 -1.000000e+00
      vertex   2.603755e+00 5.338839e+01 -1.000000e+00
      vertex   2.296796e+00 5.320627e+01 -1.000000e+00
    endloop
  endfacet
  facet normal -7.333201e-16 2.187930e-15 1.000000e+00
    outer loop
      vertex   4.179011e+00 5.180740e+01 -1.000000e+00
      vertex   2.296796e+00 5.320627e+01 -1.000000e+00
      vertex   3.916275e+00 5.171934e+01 -1.000000e+00
    endloop
  endfacet
  facet normal -1.180754e-15 1.700610e-15 1.000000e+00
    outer loop
      vertex   3.916275e+00 5.171934e+01 -1.000000e+00
      vertex   2.296796e+00 5.320627e+01 -1.000000e+00
      vertex   2.003612e+00 5.300271e+01 -1.000000e+00
    endloop
  endfacet
  facet normal -1.266935e-15 1.572170e-15 1.000000e+00
    outer loop
      vertex   3.916275e+00 5.171934e+01 -1.000000e+00
      vertex   2.003612e+00 5.300271e+01 -1.000000e+00
      vertex   1.725696e+00 5.277875e+01 -1.000000e+00
    endloop
  endfacet
  facet normal -1.347740e-15 1.447575e-15 1.000000e+00
    outer loop
      vertex   1.464466e+00 5.253553e+01 -1.000000e+00
      vertex   2.314510e+00 5.025914e+01 -1.000000e+00
      vertex   1.725696e+00 5.277875e+01 -1.000000e+00
    endloop
  endfacet
  facet normal -2.229109e-15 1.241605e-15 1.000000e+00
    outer loop
      vertex   1.725696e+00 5.277875e+01 -1.000000e+00
      vertex   2.314510e+00 5.025914e+01 -1.000000e+00
      vertex   2.449349e+00 5.050122e+01 -1.000000e+00
    endloop
  endfacet
  facet normal -1.944522e-15 1.332029e-15 1.000000e+00
    outer loop
      vertex   1.725696e+00 5.277875e+01 -1.000000e+00
      vertex   2.449349e+00 5.050122e+01 -1.000000e+00
      vertex   2.605948e+00 5.072983e+01 -1.000000e+00
    endloop
  endfacet
  facet normal -2.846780e-16 2.650446e-16 1.000000e+00
    outer loop
      vertex   1.221252e+00 5.227430e+01 -1.000000e+00
      vertex   2.000000e+00 4.892192e+01 -1.000000e+00
      vertex   1.464466e+00 5.253553e+01 -1.000000e+00
    endloop
  endfacet
  facet normal -6.552867e-14 -9.404055e-15 1.000000e+00
    outer loop
      vertex   1.464466e+00 5.253553e+01 -1.000000e+00
      vertex   2.000000e+00 4.892192e+01 -1.000000e+00
      vertex   2.012797e+00 4.919873e+01 -1.000000e+00
    endloop
  endfacet
  facet normal -4.489971e-15 6.263242e-16 1.000000e+00
    outer loop
      vertex   1.464466e+00 5.253553e+01 -1.000000e+00
      vertex   2.012797e+00 4.919873e+01 -1.000000e+00
      vertex   2.051081e+00 4.947317e+01 -1.000000e+00
    endloop
  endfacet
  facet normal -3.190051e-16 2.570705e-16 1.000000e+00
    outer loop
      vertex   1.221252e+00 5.227430e+01 -1.000000e+00
      vertex   9.972938e-01 5.199639e+01 -1.000000e+00
      vertex   2.000000e+00 4.892192e+01 -1.000000e+00
    endloop
  endfacet
  facet normal -3.538733e-16 2.456986e-16 1.000000e+00
    outer loop
      vertex   2.000000e+00 4.892192e+01 -1.000000e+00
      vertex   9.972938e-01 5.199639e+01 -1.000000e+00
      vertex   7.937323e-01 5.170320e+01 -1.000000e+00
    endloop
  endfacet
  facet normal -3.886684e-16 2.306076e-16 1.000000e+00
    outer loop
      vertex   2.000000e+00 4.892192e+01 -1.000000e+00
      vertex   7.937323e-01 5.170320e+01 -1.000000e+00
      vertex   6.116051e-01 5.139624e+01 -1.000000e+00
    endloop
  endfacet
  facet normal 2.326455e-16 5.792401e-16 1.000000e+00
    outer loop
      vertex   6.116051e-01 5.139624e+01 -1.000000e+00
      vertex   4.518400e-01 5.107708e+01 -1.000000e+00
      vertex   2.000000e+00 4.892192e+01 -1.000000e+00
    endloop
  endfacet
  facet normal -3.638803e-16 1.507241e-16 1.000000e+00
    outer loop
      vertex   2.000000e+00 4.892192e+01 -1.000000e+00
      vertex   4.518400e-01 5.107708e+01 -1.000000e+00
      vertex   3.152514e-01 5.074732e+01 -1.000000e+00
    endloop
  endfacet
  facet normal -3.874617e-16 1.289597e-16 1.000000e+00
    outer loop
      vertex   2.000000e+00 4.892192e+01 -1.000000e+00
      vertex   3.152514e-01 5.074732e+01 -1.000000e+00
      vertex   2.025351e-01 5.040866e+01 -1.000000e+00
    endloop
  endfacet
  facet normal -4.079953e-16 1.041346e-16 1.000000e+00
    outer loop
      vertex   2.025351e-01 5.040866e+01 -1.000000e+00
      vertex   1.142657e-01 5.006283e+01 -1.000000e+00
      vertex   2.000000e+00 4.892192e+01 -1.000000e+00
    endloop
  endfacet
  facet normal -4.246455e-16 7.661448e-17 1.000000e+00
    outer loop
      vertex   2.000000e+00 4.892192e+01 -1.000000e+00
      vertex   1.142657e-01 5.006283e+01 -1.000000e+00
      vertex   5.089279e-02 4.971157e+01 -1.000000e+00
    endloop
  endfacet
  facet normal -4.366651e-16 4.694636e-17 1.000000e+00
    outer loop
      vertex   2.000000e+00 4.892192e+01 -1.000000e+00
      vertex   5.089279e-02 4.971157e+01 -1.000000e+00
      vertex   1.273943e-02 4.935670e+01 -1.000000e+00
    endloop
  endfacet
  facet normal 9.707204e-17 2.486549e-15 1.000000e+00
    outer loop
      vertex   1.273943e-02 4.935670e+01 -1.000000e+00
      vertex   0.000000e+00 4.900000e+01 -1.000000e+00
      vertex   2.000000e+00 4.892192e+01 -1.000000e+00
    endloop
  endfacet
  facet normal 0.000000e+00 0.000000e+00 1.000000e+00
    outer loop
      vertex   2.000000e+00 4.892192e+01 -1.000000e+00
      vertex   0.000000e+00 4.900000e+01 -1.000000e+00
      vertex   0.000000e+00 3.400000e+01 -1.000000e+00
    endloop
  endfacet
  facet normal 5.551115e-17 -7.440215e-18 1.000000e+00
    outer loop
      vertex   2.000000e+00 4.892192e+01 -1.000000e+00
      vertex   0.000000e+00 3.400000e+01 -1.000000e+00
      vertex   2.000000e+00 3.400000e+01 -1.000000e+00
    endloop
  endfacet
  facet normal -2.518585e-15 1.003955e-15 1.000000e+00
    outer loop
      vertex   2.051081e+00 4.947317e+01 -1.000000e+00
      vertex   2.114523e+00 4.974291e+01 -1.000000e+00
      vertex   1.464466e+00 5.253553e+01 -1.000000e+00
    endloop
  endfacet
  facet normal -2.799970e-15 9.384554e-16 1.000000e+00
    outer loop
      vertex   1.464466e+00 5.253553e+01 -1.000000e+00
      vertex   2.114523e+00 4.974291e+01 -1.000000e+00
      vertex   2.202583e+00 5.000565e+01 -1.000000e+00
    endloop
  endfacet
  facet normal -2.393791e-15 1.056962e-15 1.000000e+00
    outer loop
      vertex   1.464466e+00 5.253553e+01 -1.000000e+00
      vertex   2.202583e+00 5.000565e+01 -1.000000e+00
      vertex   2.314510e+00 5.025914e+01 -1.000000e+00
    endloop
  endfacet
  facet normal -1.720173e-15 1.428413e-15 1.000000e+00
    outer loop
      vertex   2.605948e+00 5.072983e+01 -1.000000e+00
      vertex   2.782973e+00 5.094301e+01 -1.000000e+00
      vertex   1.725696e+00 5.277875e+01 -1.000000e+00
    endloop
  endfacet
  facet normal -1.535039e-15 1.535039e-15 1.000000e+00
    outer loop
      vertex   1.725696e+00 5.277875e+01 -1.000000e+00
      vertex   2.782973e+00 5.094301e+01 -1.000000e+00
      vertex   2.978913e+00 5.113895e+01 -1.000000e+00
    endloop
  endfacet
  facet normal -1.375762e-15 1.656767e-15 1.000000e+00
    outer loop
      vertex   1.725696e+00 5.277875e+01 -1.000000e+00
      vertex   2.978913e+00 5.113895e+01 -1.000000e+00
      vertex   3.192096e+00 5.131597e+01 -1.000000e+00
    endloop
  endfacet
  facet normal -1.232969e-15 1.799913e-15 1.000000e+00
    outer loop
      vertex   3.192096e+00 5.131597e+01 -1.000000e+00
      vertex   3.420704e+00 5.147257e+01 -1.000000e+00
      vertex   1.725696e+00 5.277875e+01 -1.000000e+00
    endloop
  endfacet
  facet normal -1.099220e-15 1.973478e-15 1.000000e+00
    outer loop
      vertex   1.725696e+00 5.277875e+01 -1.000000e+00
      vertex   3.420704e+00 5.147257e+01 -1.000000e+00
      vertex   3.662785e+00 5.160741e+01 -1.000000e+00
    endloop
  endfacet
  facet normal -9.675334e-16 2.191254e-15 1.000000e+00
    outer loop
      vertex   1.725696e+00 5.277875e+01 -1.000000e+00
      vertex   3.662785e+00 5.160741e+01 -1.000000e+00
      vertex   3.916275e+00 5.171934e+01 -1.000000e+00
    endloop
  endfacet
  facet normal 0.000000e+00 1.000000e+00 0.000000e+00
    outer loop
      vertex   3.050000e+01 3.400000e+01 -1.000000e+00
      vertex   3.050000e+01 3.400000e+01 6.000000e+00
      vertex   3.250000e+01 3.400000e+01 -1.000000e+00
    endloop
  endfacet
  facet normal 0.000000e+00 1.000000e+00 -0.000000e+00
    outer loop
      vertex   3.250000e+01 3.400000e+01 -1.000000e+00
      vertex   3.050000e+01 3.400000e+01 6.000000e+00
      vertex   3.250000e+01 3.400000e+01 6.000000e+00
    endloop
  endfacet
  facet normal 0.000000e+00 -1.000000e+00 -0.000000e+00
    outer loop
      vertex   5.000000e+00 5.192192e+01 -1.000000e+00
      vertex   5.000000e+00 5.192192e+01 -2.000000e+00
      vertex   2.750000e+01 5.192192e+01 -1.000000e+00
    endloop
  endfacet
  facet normal 0.000000e+00 -1.000000e+00 -0.000000e+00
    outer loop
      vertex   2.750000e+01 5.192192e+01 -1.000000e+00
      vertex   5.000000e+00 5.192192e+01 -2.000000e+00
      vertex   2.750000e+01 5.192192e+01 -2.000000e+00
    endloop
  endfacet
  facet normal 4.618346e-02 -9.989330e-01 -4.101915e-17
    outer loop
      vertex   5.000000e+00 5.192192e+01 -2.000000e+00
      vertex   5.000000e+00 5.192192e+01 -1.000000e+00
      vertex   4.723195e+00 5.190912e+01 -2.000000e+00
    endloop
  endfacet
  facet normal 4.618346e-02 -9.989330e-01 -4.101915e-17
    outer loop
      vertex   4.723195e+00 5.190912e+01 -2.000000e+00
      vertex   5.000000e+00 5.192192e+01 -1.000000e+00
      vertex   4.723195e+00 5.190912e+01 -1.000000e+00
    endloop
  endfacet
  facet normal 1.381564e-01 -9.904104e-01 -1.227075e-16
    outer loop
      vertex   4.723195e+00 5.190912e+01 -2.000000e+00
      vertex   4.723195e+00 5.190912e+01 -1.000000e+00
      vertex   4.448751e+00 5.187084e+01 -2.000000e+00
    endloop
  endfacet
  facet normal 1.381564e-01 -9.904104e-01 0.000000e+00
    outer loop
      vertex   4.448751e+00 5.187084e+01 -2.000000e+00
      vertex   4.723195e+00 5.190912e+01 -1.000000e+00
      vertex   4.448751e+00 5.187084e+01 -1.000000e+00
    endloop
  endfacet
  facet normal 2.289505e-01 -9.734381e-01 0.000000e+00
    outer loop
      vertex   4.448751e+00 5.187084e+01 -2.000000e+00
      vertex   4.448751e+00 5.187084e+01 -1.000000e+00
      vertex   4.179011e+00 5.180740e+01 -2.000000e+00
    endloop
  endfacet
  facet normal 2.289505e-01 -9.734381e-01 -2.033489e-16
    outer loop
      vertex   4.179011e+00 5.180740e+01 -2.000000e+00
      vertex   4.448751e+00 5.187084e+01 -1.000000e+00
      vertex   4.179011e+00 5.180740e+01 -1.000000e+00
    endloop
  endfacet
  facet normal 3.177914e-01 -9.481606e-01 -2.822555e-16
    outer loop
      vertex   4.179011e+00 5.180740e+01 -2.000000e+00
      vertex   4.179011e+00 5.180740e+01 -1.000000e+00
      vertex   3.916275e+00 5.171934e+01 -2.000000e+00
    endloop
  endfacet
  facet normal 3.177914e-01 -9.481606e-01 -2.822555e-16
    outer loop
      vertex   3.916275e+00 5.171934e+01 -2.000000e+00
      vertex   4.179011e+00 5.180740e+01 -1.000000e+00
      vertex   3.916275e+00 5.171934e+01 -1.000000e+00
    endloop
  endfacet
  facet normal 4.039210e-01 -9.147939e-01 -3.587539e-16
    outer loop
      vertex   3.916275e+00 5.171934e+01 -2.000000e+00
      vertex   3.916275e+00 5.171934e+01 -1.000000e+00
      vertex   3.662785e+00 5.160741e+01 -2.000000e+00
    endloop
  endfacet
  facet normal 4.039210e-01 -9.147939e-01 6.141247e-15
    outer loop
      vertex   3.662785e+00 5.160741e+01 -2.000000e+00
      vertex   3.916275e+00 5.171934e+01 -1.000000e+00
      vertex   3.662785e+00 5.160741e+01 -1.000000e+00
    endloop
  endfacet
  facet normal 4.866045e-01 -8.736224e-01 5.775269e-15
    outer loop
      vertex   3.662785e+00 5.160741e+01 -2.000000e+00
      vertex   3.662785e+00 5.160741e+01 -1.000000e+00
      vertex   3.420704e+00 5.147257e+01 -2.000000e+00
    endloop
  endfacet
  facet normal 4.866045e-01 -8.736224e-01 5.775269e-15
    outer loop
      vertex   3.420704e+00 5.147257e+01 -2.000000e+00
      vertex   3.662785e+00 5.160741e+01 -1.000000e+00
      vertex   3.420704e+00 5.147257e+01 -1.000000e+00
    endloop
  endfacet
  facet normal 5.651364e-01 -8.249975e-01 5.360018e-15
    outer loop
      vertex   3.420704e+00 5.147257e+01 -2.000000e+00
      vertex   3.420704e+00 5.147257e+01 -1.000000e+00
      vertex   3.192096e+00 5.131597e+01 -2.000000e+00
    endloop
  endfacet
  facet normal 5.651364e-01 -8.249975e-01 -5.019420e-16
    outer loop
      vertex   3.192096e+00 5.131597e+01 -2.000000e+00
      vertex   3.420704e+00 5.147257e+01 -1.000000e+00
      vertex   3.192096e+00 5.131597e+01 -1.000000e+00
    endloop
  endfacet
  facet normal 6.388468e-01 -7.693340e-01 -5.674099e-16
    outer loop
      vertex   3.192096e+00 5.131597e+01 -2.000000e+00
      vertex   3.192096e+00 5.131597e+01 -1.000000e+00
      vertex   2.978913e+00 5.113895e+01 -2.000000e+00
    endloop
  endfacet
  facet normal 6.388468e-01 -7.693340e-01 -5.674099e-16
    outer loop
      vertex   2.978913e+00 5.113895e+01 -2.000000e+00
      vertex   3.192096e+00 5.131597e+01 -1.000000e+00
      vertex   2.978913e+00 5.113895e+01 -1.000000e+00
    endloop
  endfacet
  facet normal 7.071068e-01 -7.071068e-01 -6.280370e-16
    outer loop
      vertex   2.978913e+00 5.113895e+01 -2.000000e+00
      vertex   2.978913e+00 5.113895e+01 -1.000000e+00
      vertex   2.782973e+00 5.094301e+01 -2.000000e+00
    endloop
  endfacet
  facet normal 7.071068e-01 -7.071068e-01 -3.140185e-16
    outer loop
      vertex   2.782973e+00 5.094301e+01 -2.000000e+00
      vertex   2.978913e+00 5.113895e+01 -1.000000e+00
      vertex   2.782973e+00 5.094301e+01 -1.000000e+00
    endloop
  endfacet
  facet normal 7.693340e-01 -6.388468e-01 -3.416529e-16
    outer loop
      vertex   2.782973e+00 5.094301e+01 -2.000000e+00
      vertex   2.782973e+00 5.094301e+01 -1.000000e+00
      vertex   2.605948e+00 5.072983e+01 -2.000000e+00
    endloop
  endfacet
  facet normal 7.693340e-01 -6.388468e-01 0.000000e+00
    outer loop
      vertex   2.605948e+00 5.072983e+01 -2.000000e+00
      vertex   2.782973e+00 5.094301e+01 -1.000000e+00
      vertex   2.605948e+00 5.072983e+01 -1.000000e+00
    endloop
  endfacet
  facet normal 8.249975e-01 -5.651364e-01 0.000000e+00
    outer loop
      vertex   2.605948e+00 5.072983e+01 -2.000000e+00
      vertex   2.605948e+00 5.072983e+01 -1.000000e+00
      vertex   2.449349e+00 5.050122e+01 -2.000000e+00
    endloop
  endfacet
  facet normal 8.249975e-01 -5.651364e-01 -3.663725e-16
    outer loop
      vertex   2.449349e+00 5.050122e+01 -2.000000e+00
      vertex   2.605948e+00 5.072983e+01 -1.000000e+00
      vertex   2.449349e+00 5.050122e+01 -1.000000e+00
    endloop
  endfacet
  facet normal 8.736224e-01 -4.866045e-01 -3.879663e-16
    outer loop
      vertex   2.449349e+00 5.050122e+01 -2.000000e+00
      vertex   2.449349e+00 5.050122e+01 -1.000000e+00
      vertex   2.314510e+00 5.025914e+01 -2.000000e+00
    endloop
  endfacet
  facet normal 8.736224e-01 -4.866045e-01 -3.879663e-16
    outer loop
      vertex   2.314510e+00 5.025914e+01 -2.000000e+00
      vertex   2.449349e+00 5.050122e+01 -1.000000e+00
      vertex   2.314510e+00 5.025914e+01 -1.000000e+00
    endloop
  endfacet
  facet normal 9.147939e-01 -4.039210e-01 -4.062501e-16
    outer loop
      vertex   2.314510e+00 5.025914e+01 -2.000000e+00
      vertex   2.314510e+00 5.025914e+01 -1.000000e+00
      vertex   2.202583e+00 5.000565e+01 -2.000000e+00
    endloop
  endfacet
  facet normal 9.147939e-01 -4.039210e-01 0.000000e+00
    outer loop
      vertex   2.202583e+00 5.000565e+01 -2.000000e+00
      vertex   2.314510e+00 5.025914e+01 -1.000000e+00
      vertex   2.202583e+00 5.000565e+01 -1.000000e+00
    endloop
  endfacet
  facet normal 9.481606e-01 -3.177914e-01 0.000000e+00
    outer loop
      vertex   2.202583e+00 5.000565e+01 -2.000000e+00
      vertex   2.202583e+00 5.000565e+01 -1.000000e+00
      vertex   2.114523e+00 4.974291e+01 -2.000000e+00
    endloop
  endfacet
  facet normal 9.481606e-01 -3.177914e-01 0.000000e+00
    outer loop
      vertex   2.114523e+00 4.974291e+01 -2.000000e+00
      vertex   2.202583e+00 5.000565e+01 -1.000000e+00
      vertex   2.114523e+00 4.974291e+01 -1.000000e+00
    endloop
  endfacet
  facet normal 9.734381e-01 -2.289505e-01 0.000000e+00
    outer loop
      vertex   2.114523e+00 4.974291e+01 -2.000000e+00
      vertex   2.114523e+00 4.974291e+01 -1.000000e+00
      vertex   2.051081e+00 4.947317e+01 -2.000000e+00
    endloop
  endfacet
  facet normal 9.734381e-01 -2.289505e-01 0.000000e+00
    outer loop
      vertex   2.051081e+00 4.947317e+01 -2.000000e+00
      vertex   2.114523e+00 4.974291e+01 -1.000000e+00
      vertex   2.051081e+00 4.947317e+01 -1.000000e+00
    endloop
  endfacet
  facet normal 9.904104e-01 -1.381564e-01 0.000000e+00
    outer loop
      vertex   2.051081e+00 4.947317e+01 -2.000000e+00
      vertex   2.051081e+00 4.947317e+01 -1.000000e+00
      vertex   2.012797e+00 4.919873e+01 -2.000000e+00
    endloop
  endfacet
  facet normal 9.904104e-01 -1.381564e-01 0.000000e+00
    outer loop
      vertex   2.012797e+00 4.919873e+01 -2.000000e+00
      vertex   2.051081e+00 4.947317e+01 -1.000000e+00
      vertex   2.012797e+00 4.919873e+01 -1.000000e+00
    endloop
  endfacet
  facet normal 9.989330e-01 -4.618346e-02 0.000000e+00
    outer loop
      vertex   2.012797e+00 4.919873e+01 -2.000000e+00
      vertex   2.012797e+00 4.919873e+01 -1.000000e+00
      vertex   2.000000e+00 4.892192e+01 -2.000000e+00
    endloop
  endfacet
  facet normal 9.989330e-01 -4.618346e-02 0.000000e+00
    outer loop
      vertex   2.000000e+00 4.892192e+01 -2.000000e+00
      vertex   2.012797e+00 4.919873e+01 -1.000000e+00
      vertex   2.000000e+00 4.892192e+01 -1.000000e+00
    endloop
  endfacet
  facet normal 1.000000e+00 0.000000e+00 0.000000e+00
    outer loop
      vertex   2.000000e+00 4.892192e+01 -1.000000e+00
      vertex   2.000000e+00 3.400000e+01 -1.000000e+00
      vertex   2.000000e+00 4.892192e+01 -2.000000e+00
    endloop
  endfacet
  facet normal 1.000000e+00 0.000000e+00 0.000000e+00
    outer loop
      vertex   2.000000e+00 4.892192e+01 -2.000000e+00
      vertex   2.000000e+00 3.400000e+01 -1.000000e+00
      vertex   2.000000e+00 2.392192e+01 -2.000000e+00
    endloop
  endfacet
  facet normal 1.000000e+00 2.754054e-17 -2.775558e-16
    outer loop
      vertex   2.000000e+00 2.392192e+01 -2.000000e+00
      vertex   2.000000e+00 3.400000e+01 -1.000000e+00
      vertex   2.000000e+00 2.392192e+01 2.000000e+00
    endloop
  endfacet
  facet normal 1.000000e+00 1.573745e-17 -3.172066e-16
    outer loop
      vertex   2.000000e+00 2.392192e+01 2.000000e+00
      vertex   2.000000e+00 3.400000e+01 -1.000000e+00
      vertex   2.000000e+00 3.400000e+01 6.000000e+00
    endloop
  endfacet
  facet normal 1.000000e+00 2.203244e-16 -8.326673e-16
    outer loop
      vertex   2.000000e+00 2.392192e+01 2.000000e+00
      vertex   2.000000e+00 3.400000e+01 6.000000e+00
      vertex   2.000000e+00 2.392192e+01 6.000000e+00
    endloop
  endfacet
  facet normal 0.000000e+00 0.000000e+00 1.000000e+00
    outer loop
      vertex   2.000000e+00 3.400000e+01 6.000000e+00
      vertex   0.000000e+00 3.400000e+01 6.000000e+00
      vertex   2.000000e+00 2.392192e+01 6.000000e+00
    endloop
  endfacet
  facet normal 0.000000e+00 0.000000e+00 1.000000e+00
    outer loop
      vertex   2.000000e+00 2.392192e+01 6.000000e+00
      vertex   0.000000e+00 3.400000e+01 6.000000e+00
      vertex   0.000000e+00 2.392192e+01 6.000000e+00
    endloop
  endfacet
  facet normal 1.000000e+00 0.000000e+00 0.000000e+00
    outer loop
      vertex   3.250000e+01 4.900000e+01 -1.000000e+00
      vertex   3.250000e+01 3.400000e+01 -1.000000e+00
      vertex   3.250000e+01 4.900000e+01 -3.000000e+00
    endloop
  endfacet
  facet normal 1.000000e+00 0.000000e+00 0.000000e+00
    outer loop
      vertex   3.250000e+01 4.900000e+01 -3.000000e+00
      vertex   3.250000e+01 3.400000e+01 -1.000000e+00
      vertex   3.250000e+01 2.000000e+00 -3.000000e+00
    endloop
  endfacet
  facet normal 1.000000e+00 0.000000e+00 0.000000e+00
    outer loop
      vertex   3.250000e+01 2.000000e+00 -3.000000e+00
      vertex   3.250000e+01 3.400000e+01 -1.000000e+00
      vertex   3.250000e+01 2.102192e+01 2.000000e+00
    endloop
  endfacet
  facet normal 1.000000e+00 0.000000e+00 0.000000e+00
    outer loop
      vertex   3.250000e+01 2.000000e+00 -3.000000e+00
      vertex   3.250000e+01 2.102192e+01 2.000000e+00
      vertex   3.250000e+01 2.000000e+00 1.200000e+01
    endloop
  endfacet
  facet normal 1.000000e+00 1.120617e-15 2.131628e-15
    outer loop
      vertex   3.250000e+01 2.000000e+00 1.200000e+01
      vertex   3.250000e+01 2.102192e+01 2.000000e+00
      vertex   3.250000e+01 2.102192e+01 1.200000e+01
    endloop
  endfacet
  facet normal 1.000000e+00 -0.000000e+00 0.000000e+00
    outer loop
      vertex   3.250000e+01 2.102192e+01 2.000000e+00
      vertex   3.250000e+01 3.400000e+01 -1.000000e+00
      vertex   3.250000e+01 2.392192e+01 2.000000e+00
    endloop
  endfacet
  facet normal 1.000000e+00 -0.000000e+00 0.000000e+00
    outer loop
      vertex   3.250000e+01 2.392192e+01 2.000000e+00
      vertex   3.250000e+01 3.400000e+01 -1.000000e+00
      vertex   3.250000e+01 3.400000e+01 6.000000e+00
    endloop
  endfacet
  facet normal 1.000000e+00 0.000000e+00 -0.000000e+00
    outer loop
      vertex   3.250000e+01 2.392192e+01 2.000000e+00
      vertex   3.250000e+01 3.400000e+01 6.000000e+00
      vertex   3.250000e+01 2.392192e+01 6.000000e+00
    endloop
  endfacet
  facet normal -1.000000e+00 0.000000e+00 0.000000e+00
    outer loop
      vertex   0.000000e+00 2.392192e+01 6.000000e+00
      vertex   0.000000e+00 3.400000e+01 6.000000e+00
      vertex   0.000000e+00 2.392192e+01 2.000000e+00
    endloop
  endfacet
  facet normal -1.000000e+00 0.000000e+00 0.000000e+00
    outer loop
      vertex   0.000000e+00 2.392192e+01 2.000000e+00
      vertex   0.000000e+00 3.400000e+01 6.000000e+00
      vertex   0.000000e+00 3.400000e+01 -1.000000e+00
    endloop
  endfacet
  facet normal -1.000000e+00 -3.062684e-15 -1.028866e-14
    outer loop
      vertex   0.000000e+00 2.392192e+01 2.000000e+00
      vertex   0.000000e+00 3.400000e+01 -1.000000e+00
      vertex   8.881784e-15 2.102192e+01 2.000000e+00
    endloop
  endfacet
  facet normal -1.000000e+00 7.282768e-17 3.275649e-15
    outer loop
      vertex   8.881784e-15 2.102192e+01 2.000000e+00
      vertex   0.000000e+00 3.400000e+01 -1.000000e+00
      vertex   -8.881784e-15 2.000000e+00 -3.000000e+00
    endloop
  endfacet
  facet normal -1.000000e+00 9.338472e-16 -4.423589e-32
    outer loop
      vertex   8.881784e-15 2.102192e+01 2.000000e+00
      vertex   -8.881784e-15 2.000000e+00 -3.000000e+00
      vertex   -8.881784e-15 2.000000e+00 1.200000e+01
    endloop
  endfacet
  facet normal -1.000000e+00 0.000000e+00 4.440892e-15
    outer loop
      vertex   0.000000e+00 4.900000e+01 -1.000000e+00
      vertex   -8.881784e-15 4.900000e+01 -3.000000e+00
      vertex   0.000000e+00 3.400000e+01 -1.000000e+00
    endloop
  endfacet
  facet normal -1.000000e+00 1.678427e-32 4.440892e-15
    outer loop
      vertex   0.000000e+00 3.400000e+01 -1.000000e+00
      vertex   -8.881784e-15 4.900000e+01 -3.000000e+00
      vertex   -8.881784e-15 2.000000e+00 -3.000000e+00
    endloop
  endfacet
  facet normal -1.000000e+00 4.669236e-16 -8.881784e-16
    outer loop
      vertex   -8.881784e-15 2.000000e+00 1.200000e+01
      vertex   0.000000e+00 2.102192e+01 1.200000e+01
      vertex   8.881784e-15 2.102192e+01 2.000000e+00
    endloop
  endfacet
  facet normal -9.993628e-01 3.569233e-02 4.438062e-15
    outer loop
      vertex   -8.881784e-15 4.900000e+01 -3.000000e+00
      vertex   0.000000e+00 4.900000e+01 -1.000000e+00
      vertex   1.273943e-02 4.935670e+01 -3.000000e+00
    endloop
  endfacet
  facet normal -9.993628e-01 3.569233e-02 0.000000e+00
    outer loop
      vertex   1.273943e-02 4.935670e+01 -3.000000e+00
      vertex   0.000000e+00 4.900000e+01 -1.000000e+00
      vertex   1.273943e-02 4.935670e+01 -1.000000e+00
    endloop
  endfacet
  facet normal -9.942703e-01 1.068951e-01 0.000000e+00
    outer loop
      vertex   1.273943e-02 4.935670e+01 -3.000000e+00
      vertex   1.273943e-02 4.935670e+01 -1.000000e+00
      vertex   5.089279e-02 4.971157e+01 -3.000000e+00
    endloop
  endfacet
  facet normal -9.942703e-01 1.068951e-01 1.379827e-16
    outer loop
      vertex   5.089279e-02 4.971157e+01 -3.000000e+00
      vertex   1.273943e-02 4.935670e+01 -1.000000e+00
      vertex   5.089279e-02 4.971157e+01 -1.000000e+00
    endloop
  endfacet
  facet normal -9.841112e-01 1.775532e-01 1.365729e-16
    outer loop
      vertex   5.089279e-02 4.971157e+01 -3.000000e+00
      vertex   5.089279e-02 4.971157e+01 -1.000000e+00
      vertex   1.142657e-01 5.006283e+01 -3.000000e+00
    endloop
  endfacet
  facet normal -9.841112e-01 1.775532e-01 -1.261591e-15
    outer loop
      vertex   1.142657e-01 5.006283e+01 -3.000000e+00
      vertex   5.089279e-02 4.971157e+01 -1.000000e+00
      vertex   1.142657e-01 5.006283e+01 -1.000000e+00
    endloop
  endfacet
  facet normal -9.689373e-01 2.473065e-01 -1.757218e-15
    outer loop
      vertex   1.142657e-01 5.006283e+01 -3.000000e+00
      vertex   1.142657e-01 5.006283e+01 -1.000000e+00
      vertex   2.025351e-01 5.040866e+01 -3.000000e+00
    endloop
  endfacet
  facet normal -9.689373e-01 2.473065e-01 -1.344671e-16
    outer loop
      vertex   2.025351e-01 5.040866e+01 -3.000000e+00
      vertex   1.142657e-01 5.006283e+01 -1.000000e+00
      vertex   2.025351e-01 5.040866e+01 -1.000000e+00
    endloop
  endfacet
  facet normal -9.488259e-01 3.157996e-01 -1.316760e-16
    outer loop
      vertex   2.025351e-01 5.040866e+01 -3.000000e+00
      vertex   2.025351e-01 5.040866e+01 -1.000000e+00
      vertex   3.152514e-01 5.074732e+01 -3.000000e+00
    endloop
  endfacet
  facet normal -9.488259e-01 3.157996e-01 0.000000e+00
    outer loop
      vertex   3.152514e-01 5.074732e+01 -3.000000e+00
      vertex   2.025351e-01 5.040866e+01 -1.000000e+00
      vertex   3.152514e-01 5.074732e+01 -1.000000e+00
    endloop
  endfacet
  facet normal -9.238795e-01 3.826834e-01 0.000000e+00
    outer loop
      vertex   3.152514e-01 5.074732e+01 -3.000000e+00
      vertex   3.152514e-01 5.074732e+01 -1.000000e+00
      vertex   4.518400e-01 5.107708e+01 -3.000000e+00
    endloop
  endfacet
  facet normal -9.238795e-01 3.826834e-01 0.000000e+00
    outer loop
      vertex   4.518400e-01 5.107708e+01 -3.000000e+00
      vertex   3.152514e-01 5.074732e+01 -1.000000e+00
      vertex   4.518400e-01 5.107708e+01 -1.000000e+00
    endloop
  endfacet
  facet normal -8.942253e-01 4.476172e-01 0.000000e+00
    outer loop
      vertex   4.518400e-01 5.107708e+01 -3.000000e+00
      vertex   4.518400e-01 5.107708e+01 -1.000000e+00
      vertex   6.116051e-01 5.139624e+01 -3.000000e+00
    endloop
  endfacet
  facet normal -8.942253e-01 4.476172e-01 9.927895e-17
    outer loop
      vertex   6.116051e-01 5.139624e+01 -3.000000e+00
      vertex   4.518400e-01 5.107708e+01 -1.000000e+00
      vertex   6.116051e-01 5.139624e+01 -1.000000e+00
    endloop
  endfacet
  facet normal -8.600142e-01 5.102700e-01 9.548076e-17
    outer loop
      vertex   6.116051e-01 5.139624e+01 -3.000000e+00
      vertex   6.116051e-01 5.139624e+01 -1.000000e+00
      vertex   7.937323e-01 5.170320e+01 -3.000000e+00
    endloop
  endfacet
  facet normal -8.600142e-01 5.102700e-01 0.000000e+00
    outer loop
      vertex   7.937323e-01 5.170320e+01 -3.000000e+00
      vertex   6.116051e-01 5.139624e+01 -1.000000e+00
      vertex   7.937323e-01 5.170320e+01 -1.000000e+00
    endloop
  endfacet
  facet normal -8.214208e-01 5.703226e-01 0.000000e+00
    outer loop
      vertex   7.937323e-01 5.170320e+01 -3.000000e+00
      vertex   7.937323e-01 5.170320e+01 -1.000000e+00
      vertex   9.972938e-01 5.199639e+01 -3.000000e+00
    endloop
  endfacet
  facet normal -8.214208e-01 5.703226e-01 0.000000e+00
    outer loop
      vertex   9.972938e-01 5.199639e+01 -3.000000e+00
      vertex   7.937323e-01 5.170320e+01 -1.000000e+00
      vertex   9.972938e-01 5.199639e+01 -1.000000e+00
    endloop
  endfacet
  facet normal -7.786415e-01 6.274690e-01 0.000000e+00
    outer loop
      vertex   9.972938e-01 5.199639e+01 -3.000000e+00
      vertex   9.972938e-01 5.199639e+01 -1.000000e+00
      vertex   1.221252e+00 5.227430e+01 -3.000000e+00
    endloop
  endfacet
  facet normal -7.786415e-01 6.274690e-01 0.000000e+00
    outer loop
      vertex   1.221252e+00 5.227430e+01 -3.000000e+00
      vertex   9.972938e-01 5.199639e+01 -1.000000e+00
      vertex   1.221252e+00 5.227430e+01 -1.000000e+00
    endloop
  endfacet
  facet normal -7.318945e-01 6.814179e-01 0.000000e+00
    outer loop
      vertex   1.221252e+00 5.227430e+01 -3.000000e+00
      vertex   1.221252e+00 5.227430e+01 -1.000000e+00
      vertex   1.464466e+00 5.253553e+01 -3.000000e+00
    endloop
  endfacet
  facet normal -7.318945e-01 6.814179e-01 0.000000e+00
    outer loop
      vertex   1.464466e+00 5.253553e+01 -3.000000e+00
      vertex   1.221252e+00 5.227430e+01 -1.000000e+00
      vertex   1.464466e+00 5.253553e+01 -1.000000e+00
    endloop
  endfacet
  facet normal -6.814179e-01 7.318945e-01 0.000000e+00
    outer loop
      vertex   1.464466e+00 5.253553e+01 -3.000000e+00
      vertex   1.464466e+00 5.253553e+01 -1.000000e+00
      vertex   1.725696e+00 5.277875e+01 -3.000000e+00
    endloop
  endfacet
  facet normal -6.814179e-01 7.318945e-01 0.000000e+00
    outer loop
      vertex   1.725696e+00 5.277875e+01 -3.000000e+00
      vertex   1.464466e+00 5.253553e+01 -1.000000e+00
      vertex   1.725696e+00 5.277875e+01 -1.000000e+00
    endloop
  endfacet
  facet normal -6.274690e-01 7.786415e-01 0.000000e+00
    outer loop
      vertex   1.725696e+00 5.277875e+01 -3.000000e+00
      vertex   1.725696e+00 5.277875e+01 -1.000000e+00
      vertex   2.003612e+00 5.300271e+01 -3.000000e+00
    endloop
  endfacet
  facet normal -6.274690e-01 7.786415e-01 0.000000e+00
    outer loop
      vertex   2.003612e+00 5.300271e+01 -3.000000e+00
      vertex   1.725696e+00 5.277875e+01 -1.000000e+00
      vertex   2.003612e+00 5.300271e+01 -1.000000e+00
    endloop
  endfacet
  facet normal -5.703226e-01 8.214208e-01 0.000000e+00
    outer loop
      vertex   2.003612e+00 5.300271e+01 -3.000000e+00
      vertex   2.003612e+00 5.300271e+01 -1.000000e+00
      vertex   2.296796e+00 5.320627e+01 -3.000000e+00
    endloop
  endfacet
  facet normal -5.703226e-01 8.214208e-01 0.000000e+00
    outer loop
      vertex   2.296796e+00 5.320627e+01 -3.000000e+00
      vertex   2.003612e+00 5.300271e+01 -1.000000e+00
      vertex   2.296796e+00 5.320627e+01 -1.000000e+00
    endloop
  endfacet
  facet normal -5.102700e-01 8.600142e-01 0.000000e+00
    outer loop
      vertex   2.296796e+00 5.320627e+01 -3.000000e+00
      vertex   2.296796e+00 5.320627e+01 -1.000000e+00
      vertex   2.603755e+00 5.338839e+01 -3.000000e+00
    endloop
  endfacet
  facet normal -5.102700e-01 8.600142e-01 0.000000e+00
    outer loop
      vertex   2.603755e+00 5.338839e+01 -3.000000e+00
      vertex   2.296796e+00 5.320627e+01 -1.000000e+00
      vertex   2.603755e+00 5.338839e+01 -1.000000e+00
    endloop
  endfacet
  facet normal -4.476172e-01 8.942253e-01 0.000000e+00
    outer loop
      vertex   2.603755e+00 5.338839e+01 -3.000000e+00
      vertex   2.603755e+00 5.338839e+01 -1.000000e+00
      vertex   2.922925e+00 5.354816e+01 -3.000000e+00
    endloop
  endfacet
  facet normal -4.476172e-01 8.942253e-01 0.000000e+00
    outer loop
      vertex   2.922925e+00 5.354816e+01 -3.000000e+00
      vertex   2.603755e+00 5.338839e+01 -1.000000e+00
      vertex   2.922925e+00 5.354816e+01 -1.000000e+00
    endloop
  endfacet
  facet normal -3.826834e-01 9.238795e-01 0.000000e+00
    outer loop
      vertex   2.922925e+00 5.354816e+01 -3.000000e+00
      vertex   2.922925e+00 5.354816e+01 -1.000000e+00
      vertex   3.252679e+00 5.368475e+01 -3.000000e+00
    endloop
  endfacet
  facet normal -3.826834e-01 9.238795e-01 0.000000e+00
    outer loop
      vertex   3.252679e+00 5.368475e+01 -3.000000e+00
      vertex   2.922925e+00 5.354816e+01 -1.000000e+00
      vertex   3.252679e+00 5.368475e+01 -1.000000e+00
    endloop
  endfacet
  facet normal -3.157996e-01 9.488259e-01 0.000000e+00
    outer loop
      vertex   3.252679e+00 5.368475e+01 -3.000000e+00
      vertex   3.252679e+00 5.368475e+01 -1.000000e+00
      vertex   3.591337e+00 5.379746e+01 -3.000000e+00
    endloop
  endfacet
  facet normal -3.157996e-01 9.488259e-01 0.000000e+00
    outer loop
      vertex   3.591337e+00 5.379746e+01 -3.000000e+00
      vertex   3.252679e+00 5.368475e+01 -1.000000e+00
      vertex   3.591337e+00 5.379746e+01 -1.000000e+00
    endloop
  endfacet
  facet normal -2.473065e-01 9.689373e-01 0.000000e+00
    outer loop
      vertex   3.591337e+00 5.379746e+01 -3.000000e+00
      vertex   3.591337e+00 5.379746e+01 -1.000000e+00
      vertex   3.937174e+00 5.388573e+01 -3.000000e+00
    endloop
  endfacet
  facet normal -2.473065e-01 9.689373e-01 3.607096e-15
    outer loop
      vertex   3.937174e+00 5.388573e+01 -3.000000e+00
      vertex   3.591337e+00 5.379746e+01 -1.000000e+00
      vertex   3.937174e+00 5.388573e+01 -1.000000e+00
    endloop
  endfacet
  facet normal -1.775532e-01 9.841112e-01 3.614540e-15
    outer loop
      vertex   3.937174e+00 5.388573e+01 -3.000000e+00
      vertex   3.937174e+00 5.388573e+01 -1.000000e+00
      vertex   4.288426e+00 5.394911e+01 -3.000000e+00
    endloop
  endfacet
  facet normal -1.775532e-01 9.841112e-01 7.884946e-17
    outer loop
      vertex   4.288426e+00 5.394911e+01 -3.000000e+00
      vertex   3.937174e+00 5.388573e+01 -1.000000e+00
      vertex   4.288426e+00 5.394911e+01 -1.000000e+00
    endloop
  endfacet
  facet normal -1.068951e-01 9.942703e-01 4.747097e-17
    outer loop
      vertex   4.288426e+00 5.394911e+01 -3.000000e+00
      vertex   4.288426e+00 5.394911e+01 -1.000000e+00
      vertex   4.643304e+00 5.398726e+01 -3.000000e+00
    endloop
  endfacet
  facet normal -1.068951e-01 9.942703e-01 0.000000e+00
    outer loop
      vertex   4.643304e+00 5.398726e+01 -3.000000e+00
      vertex   4.288426e+00 5.394911e+01 -1.000000e+00
      vertex   4.643304e+00 5.398726e+01 -1.000000e+00
    endloop
  endfacet
  facet normal -3.569233e-02 9.993628e-01 0.000000e+00
    outer loop
      vertex   4.643304e+00 5.398726e+01 -3.000000e+00
      vertex   4.643304e+00 5.398726e+01 -1.000000e+00
      vertex   5.000000e+00 5.400000e+01 -3.000000e+00
    endloop
  endfacet
  facet normal -3.569459e-02 9.993627e-01 -4.020750e-07
    outer loop
      vertex   5.000000e+00 5.400000e+01 -3.000000e+00
      vertex   4.643304e+00 5.398726e+01 -1.000000e+00
      vertex   5.000000e+00 5.400000e+01 -1.000000e+00
    endloop
  endfacet
  facet normal -2.941122e-14 1.000000e+00 0.000000e+00
    outer loop
      vertex   2.000000e+00 1.293762e+01 9.119698e+00
      vertex   2.000000e+00 1.293762e+01 7.636458e+00
      vertex   1.879205e+00 1.293762e+01 9.058469e+00
    endloop
  endfacet
  facet normal -2.941122e-14 1.000000e+00 9.598307e-30
    outer loop
      vertex   1.879205e+00 1.293762e+01 9.058469e+00
      vertex   2.000000e+00 1.293762e+01 7.636458e+00
      vertex   1.879205e+00 1.293762e+01 7.697687e+00
    endloop
  endfacet
  facet normal 0.000000e+00 1.000000e+00 0.000000e+00
    outer loop
      vertex   1.879205e+00 1.293762e+01 9.058469e+00
      vertex   1.879205e+00 1.293762e+01 7.697687e+00
      vertex   1.770470e+00 1.293762e+01 7.778414e+00
    endloop
  endfacet
  facet normal 0.000000e+00 1.000000e+00 0.000000e+00
    outer loop
      vertex   1.879205e+00 1.293762e+01 9.058469e+00
      vertex   1.770470e+00 1.293762e+01 7.778414e+00
      vertex   1.770470e+00 1.293762e+01 8.977743e+00
    endloop
  endfacet
  facet normal 0.000000e+00 1.000000e+00 0.000000e+00
    outer loop
      vertex   1.770470e+00 1.293762e+01 8.977743e+00
      vertex   1.770470e+00 1.293762e+01 7.778414e+00
      vertex   1.676908e+00 1.293762e+01 7.876325e+00
    endloop
  endfacet
  facet normal 0.000000e+00 1.000000e+00 0.000000e+00
    outer loop
      vertex   1.770470e+00 1.293762e+01 8.977743e+00
      vertex   1.676908e+00 1.293762e+01 7.876325e+00
      vertex   1.676908e+00 1.293762e+01 8.879832e+00
    endloop
  endfacet
  facet normal 0.000000e+00 1.000000e+00 0.000000e+00
    outer loop
      vertex   1.676908e+00 1.293762e+01 8.879832e+00
      vertex   1.676908e+00 1.293762e+01 7.876325e+00
      vertex   1.601203e+00 1.293762e+01 7.988614e+00
    endloop
  endfacet
  facet normal 0.000000e+00 1.000000e+00 0.000000e+00
    outer loop
      vertex   1.676908e+00 1.293762e+01 8.879832e+00
      vertex   1.601203e+00 1.293762e+01 7.988614e+00
      vertex   1.601203e+00 1.293762e+01 8.767542e+00
    endloop
  endfacet
  facet normal 0.000000e+00 1.000000e+00 0.000000e+00
    outer loop
      vertex   1.601203e+00 1.293762e+01 8.767542e+00
      vertex   1.601203e+00 1.293762e+01 7.988614e+00
      vertex   1.545522e+00 1.293762e+01 8.112064e+00
    endloop
  endfacet
  facet normal 0.000000e+00 1.000000e+00 0.000000e+00
    outer loop
      vertex   1.601203e+00 1.293762e+01 8.767542e+00
      vertex   1.545522e+00 1.293762e+01 8.112064e+00
      vertex   1.545522e+00 1.293762e+01 8.644092e+00
    endloop
  endfacet
  facet normal 0.000000e+00 1.000000e+00 0.000000e+00
    outer loop
      vertex   1.545522e+00 1.293762e+01 8.644092e+00
      vertex   1.545522e+00 1.293762e+01 8.112064e+00
      vertex   1.511463e+00 1.293762e+01 8.243138e+00
    endloop
  endfacet
  facet normal 0.000000e+00 1.000000e+00 0.000000e+00
    outer loop
      vertex   1.545522e+00 1.293762e+01 8.644092e+00
      vertex   1.511463e+00 1.293762e+01 8.243138e+00
      vertex   1.511463e+00 1.293762e+01 8.513018e+00
    endloop
  endfacet
  facet normal 0.000000e+00 1.000000e+00 0.000000e+00
    outer loop
      vertex   1.511463e+00 1.293762e+01 8.513018e+00
      vertex   1.511463e+00 1.293762e+01 8.243138e+00
      vertex   1.500000e+00 1.293762e+01 8.378078e+00
    endloop
  endfacet
  facet normal 9.961947e-01 6.894234e-16 -8.715574e-02
    outer loop
      vertex   1.512154e+00 2.102192e+01 8.516997e+00
      vertex   1.512154e+00 1.832715e+01 8.516997e+00
      vertex   1.500000e+00 2.102192e+01 8.378078e+00
    endloop
  endfacet
  facet normal 9.961947e-01 6.894234e-16 -8.715574e-02
    outer loop
      vertex   1.500000e+00 2.102192e+01 8.378078e+00
      vertex   1.512154e+00 1.832715e+01 8.516997e+00
      vertex   1.500000e+00 1.832715e+01 8.378078e+00
    endloop
  endfacet
  facet normal 9.961947e-01 -6.894234e-16 8.715574e-02
    outer loop
      vertex   1.500000e+00 2.102192e+01 8.378078e+00
      vertex   1.500000e+00 1.832715e+01 8.378078e+00
      vertex   1.512154e+00 2.102192e+01 8.239160e+00
    endloop
  endfacet
  facet normal 9.961947e-01 -6.894234e-16 8.715574e-02
    outer loop
      vertex   1.512154e+00 2.102192e+01 8.239160e+00
      vertex   1.500000e+00 1.832715e+01 8.378078e+00
      vertex   1.512154e+00 1.832715e+01 8.239160e+00
    endloop
  endfacet
  facet normal 9.659258e-01 -2.047322e-15 2.588190e-01
    outer loop
      vertex   1.512154e+00 2.102192e+01 8.239160e+00
      vertex   1.512154e+00 1.832715e+01 8.239160e+00
      vertex   1.548246e+00 2.102192e+01 8.104462e+00
    endloop
  endfacet
  facet normal 9.659258e-01 -2.217933e-15 2.588190e-01
    outer loop
      vertex   1.548246e+00 2.102192e+01 8.104462e+00
      vertex   1.512154e+00 1.832715e+01 8.239160e+00
      vertex   1.548246e+00 1.832715e+01 8.104462e+00
    endloop
  endfacet
  facet normal 9.063078e-01 -3.621599e-15 4.226183e-01
    outer loop
      vertex   1.548246e+00 2.102192e+01 8.104462e+00
      vertex   1.548246e+00 1.832715e+01 8.104462e+00
      vertex   1.607180e+00 2.102192e+01 7.978078e+00
    endloop
  endfacet
  facet normal 9.063078e-01 -3.482307e-15 4.226183e-01
    outer loop
      vertex   1.607180e+00 2.102192e+01 7.978078e+00
      vertex   1.548246e+00 1.832715e+01 8.104462e+00
      vertex   1.607180e+00 1.832715e+01 7.978078e+00
    endloop
  endfacet
  facet normal 8.191520e-01 -4.726178e-15 5.735764e-01
    outer loop
      vertex   1.607180e+00 2.102192e+01 7.978078e+00
      vertex   1.607180e+00 1.832715e+01 7.978078e+00
      vertex   1.687164e+00 2.102192e+01 7.863848e+00
    endloop
  endfacet
  facet normal 8.191520e-01 -4.726178e-15 5.735764e-01
    outer loop
      vertex   1.687164e+00 2.102192e+01 7.863848e+00
      vertex   1.607180e+00 1.832715e+01 7.978078e+00
      vertex   1.687164e+00 1.832715e+01 7.863848e+00
    endloop
  endfacet
  facet normal 7.071068e-01 -5.826447e-15 7.071068e-01
    outer loop
      vertex   1.687164e+00 2.102192e+01 7.863848e+00
      vertex   1.687164e+00 1.832715e+01 7.863848e+00
      vertex   1.785770e+00 2.102192e+01 7.765243e+00
    endloop
  endfacet
  facet normal 7.071068e-01 -5.826447e-15 7.071068e-01
    outer loop
      vertex   1.785770e+00 2.102192e+01 7.765243e+00
      vertex   1.687164e+00 1.832715e+01 7.863848e+00
      vertex   1.785770e+00 1.832715e+01 7.765243e+00
    endloop
  endfacet
  facet normal 5.735764e-01 -6.749682e-15 8.191520e-01
    outer loop
      vertex   1.785770e+00 2.102192e+01 7.765243e+00
      vertex   1.785770e+00 1.832715e+01 7.765243e+00
      vertex   1.900000e+00 2.102192e+01 7.685258e+00
    endloop
  endfacet
  facet normal 5.735764e-01 -6.479694e-15 8.191520e-01
    outer loop
      vertex   1.900000e+00 2.102192e+01 7.685258e+00
      vertex   1.785770e+00 1.832715e+01 7.765243e+00
      vertex   1.900000e+00 1.832715e+01 7.685258e+00
    endloop
  endfacet
  facet normal 4.226183e-01 -7.169118e-15 9.063078e-01
    outer loop
      vertex   1.900000e+00 2.102192e+01 7.685258e+00
      vertex   1.900000e+00 1.832715e+01 7.685258e+00
      vertex   2.026384e+00 2.102192e+01 7.626324e+00
    endloop
  endfacet
  facet normal 4.226183e-01 -7.467831e-15 9.063078e-01
    outer loop
      vertex   2.026384e+00 2.102192e+01 7.626324e+00
      vertex   1.900000e+00 1.832715e+01 7.685258e+00
      vertex   2.026384e+00 1.832715e+01 7.626324e+00
    endloop
  endfacet
  facet normal 2.588190e-01 -7.959074e-15 9.659258e-01
    outer loop
      vertex   2.026384e+00 2.102192e+01 7.626324e+00
      vertex   2.026384e+00 1.832715e+01 7.626324e+00
      vertex   2.161081e+00 2.102192e+01 7.590232e+00
    endloop
  endfacet
  facet normal 2.588190e-01 -8.277437e-15 9.659258e-01
    outer loop
      vertex   2.161081e+00 2.102192e+01 7.590232e+00
      vertex   2.026384e+00 1.832715e+01 7.626324e+00
      vertex   2.161081e+00 1.832715e+01 7.590232e+00
    endloop
  endfacet
  facet normal 8.715574e-02 -8.536824e-15 9.961947e-01
    outer loop
      vertex   2.161081e+00 2.102192e+01 7.590232e+00
      vertex   2.161081e+00 1.832715e+01 7.590232e+00
      vertex   2.300000e+00 2.102192e+01 7.578078e+00
    endloop
  endfacet
  facet normal 8.715574e-02 -8.536824e-15 9.961947e-01
    outer loop
      vertex   2.300000e+00 2.102192e+01 7.578078e+00
      vertex   2.161081e+00 1.832715e+01 7.590232e+00
      vertex   2.300000e+00 1.832715e+01 7.578078e+00
    endloop
  endfacet
  facet normal -8.715574e-02 -8.536824e-15 9.961947e-01
    outer loop
      vertex   2.300000e+00 2.102192e+01 7.578078e+00
      vertex   2.300000e+00 1.832715e+01 7.578078e+00
      vertex   2.438919e+00 2.102192e+01 7.590232e+00
    endloop
  endfacet
  facet normal -8.715574e-02 -8.536824e-15 9.961947e-01
    outer loop
      vertex   2.438919e+00 2.102192e+01 7.590232e+00
      vertex   2.300000e+00 1.832715e+01 7.578078e+00
      vertex   2.438919e+00 1.832715e+01 7.590232e+00
    endloop
  endfacet
  facet normal -2.588190e-01 -8.277437e-15 9.659258e-01
    outer loop
      vertex   2.438919e+00 2.102192e+01 7.590232e+00
      vertex   2.438919e+00 1.832715e+01 7.590232e+00
      vertex   2.573616e+00 2.102192e+01 7.626324e+00
    endloop
  endfacet
  facet normal -2.588190e-01 -7.959074e-15 9.659258e-01
    outer loop
      vertex   2.573616e+00 2.102192e+01 7.626324e+00
      vertex   2.438919e+00 1.832715e+01 7.590232e+00
      vertex   2.573616e+00 1.832715e+01 7.626324e+00
    endloop
  endfacet
  facet normal -4.226183e-01 -7.467831e-15 9.063078e-01
    outer loop
      vertex   2.573616e+00 2.102192e+01 7.626324e+00
      vertex   2.573616e+00 1.832715e+01 7.626324e+00
      vertex   2.700000e+00 2.102192e+01 7.685258e+00
    endloop
  endfacet
  facet normal -4.226183e-01 -7.169118e-15 9.063078e-01
    outer loop
      vertex   2.700000e+00 2.102192e+01 7.685258e+00
      vertex   2.573616e+00 1.832715e+01 7.626324e+00
      vertex   2.700000e+00 1.832715e+01 7.685258e+00
    endloop
  endfacet
  facet normal -5.735764e-01 -6.479694e-15 8.191520e-01
    outer loop
      vertex   2.700000e+00 2.102192e+01 7.685258e+00
      vertex   2.700000e+00 1.832715e+01 7.685258e+00
      vertex   2.814230e+00 2.102192e+01 7.765243e+00
    endloop
  endfacet
  facet normal -5.735764e-01 -6.749682e-15 8.191520e-01
    outer loop
      vertex   2.814230e+00 2.102192e+01 7.765243e+00
      vertex   2.700000e+00 1.832715e+01 7.685258e+00
      vertex   2.814230e+00 1.832715e+01 7.765243e+00
    endloop
  endfacet
  facet normal -7.071068e-01 -5.826447e-15 7.071068e-01
    outer loop
      vertex   2.814230e+00 2.102192e+01 7.765243e+00
      vertex   2.814230e+00 1.832715e+01 7.765243e+00
      vertex   2.912836e+00 2.102192e+01 7.863848e+00
    endloop
  endfacet
  facet normal -7.071068e-01 -5.826447e-15 7.071068e-01
    outer loop
      vertex   2.912836e+00 2.102192e+01 7.863848e+00
      vertex   2.814230e+00 1.832715e+01 7.765243e+00
      vertex   2.912836e+00 1.832715e+01 7.863848e+00
    endloop
  endfacet
  facet normal -8.191520e-01 -4.726178e-15 5.735764e-01
    outer loop
      vertex   2.912836e+00 2.102192e+01 7.863848e+00
      vertex   2.912836e+00 1.832715e+01 7.863848e+00
      vertex   2.992820e+00 2.102192e+01 7.978078e+00
    endloop
  endfacet
  facet normal -8.191520e-01 -4.726178e-15 5.735764e-01
    outer loop
      vertex   2.992820e+00 2.102192e+01 7.978078e+00
      vertex   2.912836e+00 1.832715e+01 7.863848e+00
      vertex   2.992820e+00 1.832715e+01 7.978078e+00
    endloop
  endfacet
  facet normal -9.063078e-01 -3.482307e-15 4.226183e-01
    outer loop
      vertex   2.992820e+00 2.102192e+01 7.978078e+00
      vertex   2.992820e+00 1.832715e+01 7.978078e+00
      vertex   3.051754e+00 2.102192e+01 8.104462e+00
    endloop
  endfacet
  facet normal -9.063078e-01 -3.621599e-15 4.226183e-01
    outer loop
      vertex   3.051754e+00 2.102192e+01 8.104462e+00
      vertex   2.992820e+00 1.832715e+01 7.978078e+00
      vertex   3.051754e+00 1.832715e+01 8.104462e+00
    endloop
  endfacet
  facet normal -9.659258e-01 -2.217933e-15 2.588190e-01
    outer loop
      vertex   3.051754e+00 2.102192e+01 8.104462e+00
      vertex   3.051754e+00 1.832715e+01 8.104462e+00
      vertex   3.087846e+00 2.102192e+01 8.239160e+00
    endloop
  endfacet
  facet normal -9.659258e-01 -2.217933e-15 2.588190e-01
    outer loop
      vertex   3.087846e+00 2.102192e+01 8.239160e+00
      vertex   3.051754e+00 1.832715e+01 8.104462e+00
      vertex   3.087846e+00 1.832715e+01 8.239160e+00
    endloop
  endfacet
  facet normal -9.961947e-01 -7.468753e-16 8.715574e-02
    outer loop
      vertex   3.087846e+00 2.102192e+01 8.239160e+00
      vertex   3.087846e+00 1.832715e+01 8.239160e+00
      vertex   3.100000e+00 2.102192e+01 8.378078e+00
    endloop
  endfacet
  facet normal -9.961947e-01 -6.894234e-16 8.715574e-02
    outer loop
      vertex   3.100000e+00 2.102192e+01 8.378078e+00
      vertex   3.087846e+00 1.832715e+01 8.239160e+00
      vertex   3.100000e+00 1.832715e+01 8.378078e+00
    endloop
  endfacet
  facet normal -9.961947e-01 6.894234e-16 -8.715574e-02
    outer loop
      vertex   3.100000e+00 2.102192e+01 8.378078e+00
      vertex   3.100000e+00 1.832715e+01 8.378078e+00
      vertex   3.087846e+00 2.102192e+01 8.516997e+00
    endloop
  endfacet
  facet normal -9.961947e-01 6.894234e-16 -8.715574e-02
    outer loop
      vertex   3.087846e+00 2.102192e+01 8.516997e+00
      vertex   3.100000e+00 1.832715e+01 8.378078e+00
      vertex   3.087846e+00 1.832715e+01 8.516997e+00
    endloop
  endfacet
  facet normal -9.659258e-01 2.047322e-15 -2.588190e-01
    outer loop
      vertex   3.087846e+00 2.102192e+01 8.516997e+00
      vertex   3.087846e+00 1.832715e+01 8.516997e+00
      vertex   3.051754e+00 2.102192e+01 8.651694e+00
    endloop
  endfacet
  facet normal -9.659258e-01 2.047322e-15 -2.588190e-01
    outer loop
      vertex   3.051754e+00 2.102192e+01 8.651694e+00
      vertex   3.087846e+00 1.832715e+01 8.516997e+00
      vertex   3.051754e+00 1.832715e+01 8.651694e+00
    endloop
  endfacet
  facet normal -9.063078e-01 3.343014e-15 -4.226183e-01
    outer loop
      vertex   3.051754e+00 2.102192e+01 8.651694e+00
      vertex   3.051754e+00 1.832715e+01 8.651694e+00
      vertex   2.992820e+00 2.102192e+01 8.778078e+00
    endloop
  endfacet
  facet normal -9.063078e-01 3.343014e-15 -4.226183e-01
    outer loop
      vertex   2.992820e+00 2.102192e+01 8.778078e+00
      vertex   3.051754e+00 1.832715e+01 8.651694e+00
      vertex   2.992820e+00 1.832715e+01 8.778078e+00
    endloop
  endfacet
  facet normal -8.191520e-01 4.537131e-15 -5.735764e-01
    outer loop
      vertex   2.992820e+00 2.102192e+01 8.778078e+00
      vertex   2.992820e+00 1.832715e+01 8.778078e+00
      vertex   2.912836e+00 2.102192e+01 8.892308e+00
    endloop
  endfacet
  facet normal -8.191520e-01 4.537131e-15 -5.735764e-01
    outer loop
      vertex   2.912836e+00 2.102192e+01 8.892308e+00
      vertex   2.992820e+00 1.832715e+01 8.778078e+00
      vertex   2.912836e+00 1.832715e+01 8.892308e+00
    endloop
  endfacet
  facet normal -7.071068e-01 5.593389e-15 -7.071068e-01
    outer loop
      vertex   2.912836e+00 2.102192e+01 8.892308e+00
      vertex   2.912836e+00 1.832715e+01 8.892308e+00
      vertex   2.814230e+00 2.102192e+01 8.990914e+00
    endloop
  endfacet
  facet normal -7.071068e-01 5.593389e-15 -7.071068e-01
    outer loop
      vertex   2.814230e+00 2.102192e+01 8.990914e+00
      vertex   2.912836e+00 1.832715e+01 8.892308e+00
      vertex   2.814230e+00 1.832715e+01 8.990914e+00
    endloop
  endfacet
  facet normal -5.735764e-01 6.479694e-15 -8.191520e-01
    outer loop
      vertex   2.814230e+00 2.102192e+01 8.990914e+00
      vertex   2.814230e+00 1.832715e+01 8.990914e+00
      vertex   2.700000e+00 2.102192e+01 9.070898e+00
    endloop
  endfacet
  facet normal -5.735764e-01 7.019669e-15 -8.191520e-01
    outer loop
      vertex   2.700000e+00 2.102192e+01 9.070898e+00
      vertex   2.814230e+00 1.832715e+01 8.990914e+00
      vertex   2.700000e+00 1.832715e+01 9.070898e+00
    endloop
  endfacet
  facet normal -4.226183e-01 7.766544e-15 -9.063078e-01
    outer loop
      vertex   2.700000e+00 2.102192e+01 9.070898e+00
      vertex   2.700000e+00 1.832715e+01 9.070898e+00
      vertex   2.573616e+00 2.102192e+01 9.129832e+00
    endloop
  endfacet
  facet normal -4.226183e-01 7.169118e-15 -9.063078e-01
    outer loop
      vertex   2.573616e+00 2.102192e+01 9.129832e+00
      vertex   2.700000e+00 1.832715e+01 9.070898e+00
      vertex   2.573616e+00 1.832715e+01 9.129832e+00
    endloop
  endfacet
  facet normal -2.588190e-01 7.640711e-15 -9.659258e-01
    outer loop
      vertex   2.573616e+00 2.102192e+01 9.129832e+00
      vertex   2.573616e+00 1.832715e+01 9.129832e+00
      vertex   2.438919e+00 2.102192e+01 9.165924e+00
    endloop
  endfacet
  facet normal -2.588190e-01 8.277437e-15 -9.659258e-01
    outer loop
      vertex   2.438919e+00 2.102192e+01 9.165924e+00
      vertex   2.573616e+00 1.832715e+01 9.129832e+00
      vertex   2.438919e+00 1.832715e+01 9.165924e+00
    endloop
  endfacet
  facet normal -8.715574e-02 8.536824e-15 -9.961947e-01
    outer loop
      vertex   2.438919e+00 2.102192e+01 9.165924e+00
      vertex   2.438919e+00 1.832715e+01 9.165924e+00
      vertex   2.300000e+00 2.102192e+01 9.178078e+00
    endloop
  endfacet
  facet normal -8.715574e-02 7.880145e-15 -9.961947e-01
    outer loop
      vertex   2.300000e+00 2.102192e+01 9.178078e+00
      vertex   2.438919e+00 1.832715e+01 9.165924e+00
      vertex   2.300000e+00 1.832715e+01 9.178078e+00
    endloop
  endfacet
  facet normal 8.715574e-02 7.880145e-15 -9.961947e-01
    outer loop
      vertex   2.300000e+00 2.102192e+01 9.178078e+00
      vertex   2.300000e+00 1.832715e+01 9.178078e+00
      vertex   2.161081e+00 2.102192e+01 9.165924e+00
    endloop
  endfacet
  facet normal 8.715574e-02 8.536824e-15 -9.961947e-01
    outer loop
      vertex   2.161081e+00 2.102192e+01 9.165924e+00
      vertex   2.300000e+00 1.832715e+01 9.178078e+00
      vertex   2.161081e+00 1.832715e+01 9.165924e+00
    endloop
  endfacet
  facet normal 2.588190e-01 8.277437e-15 -9.659258e-01
    outer loop
      vertex   2.161081e+00 2.102192e+01 9.165924e+00
      vertex   2.161081e+00 1.832715e+01 9.165924e+00
      vertex   2.026384e+00 2.102192e+01 9.129832e+00
    endloop
  endfacet
  facet normal 2.588190e-01 8.277437e-15 -9.659258e-01
    outer loop
      vertex   2.026384e+00 2.102192e+01 9.129832e+00
      vertex   2.161081e+00 1.832715e+01 9.165924e+00
      vertex   2.026384e+00 1.832715e+01 9.129832e+00
    endloop
  endfacet
  facet normal 4.226183e-01 7.766544e-15 -9.063078e-01
    outer loop
      vertex   2.026384e+00 2.102192e+01 9.129832e+00
      vertex   2.026384e+00 1.832715e+01 9.129832e+00
      vertex   1.900000e+00 2.102192e+01 9.070898e+00
    endloop
  endfacet
  facet normal 4.226183e-01 7.766544e-15 -9.063078e-01
    outer loop
      vertex   1.900000e+00 2.102192e+01 9.070898e+00
      vertex   2.026384e+00 1.832715e+01 9.129832e+00
      vertex   1.900000e+00 1.832715e+01 9.070898e+00
    endloop
  endfacet
  facet normal 5.735764e-01 7.019669e-15 -8.191520e-01
    outer loop
      vertex   1.900000e+00 2.102192e+01 9.070898e+00
      vertex   1.900000e+00 1.832715e+01 9.070898e+00
      vertex   1.785770e+00 2.102192e+01 8.990914e+00
    endloop
  endfacet
  facet normal 5.735764e-01 6.479694e-15 -8.191520e-01
    outer loop
      vertex   1.785770e+00 2.102192e+01 8.990914e+00
      vertex   1.900000e+00 1.832715e+01 9.070898e+00
      vertex   1.785770e+00 1.832715e+01 8.990914e+00
    endloop
  endfacet
  facet normal 7.071068e-01 5.593389e-15 -7.071068e-01
    outer loop
      vertex   1.785770e+00 2.102192e+01 8.990914e+00
      vertex   1.785770e+00 1.832715e+01 8.990914e+00
      vertex   1.687164e+00 2.102192e+01 8.892308e+00
    endloop
  endfacet
  facet normal 7.071068e-01 5.593389e-15 -7.071068e-01
    outer loop
      vertex   1.687164e+00 2.102192e+01 8.892308e+00
      vertex   1.785770e+00 1.832715e+01 8.990914e+00
      vertex   1.687164e+00 1.832715e+01 8.892308e+00
    endloop
  endfacet
  facet normal 8.191520e-01 4.537131e-15 -5.735764e-01
    outer loop
      vertex   1.687164e+00 2.102192e+01 8.892308e+00
      vertex   1.687164e+00 1.832715e+01 8.892308e+00
      vertex   1.607180e+00 2.102192e+01 8.778078e+00
    endloop
  endfacet
  facet normal 8.191520e-01 4.537131e-15 -5.735764e-01
    outer loop
      vertex   1.607180e+00 2.102192e+01 8.778078e+00
      vertex   1.687164e+00 1.832715e+01 8.892308e+00
      vertex   1.607180e+00 1.832715e+01 8.778078e+00
    endloop
  endfacet
  facet normal 9.063078e-01 3.343014e-15 -4.226183e-01
    outer loop
      vertex   1.607180e+00 2.102192e+01 8.778078e+00
      vertex   1.607180e+00 1.832715e+01 8.778078e+00
      vertex   1.548246e+00 2.102192e+01 8.651694e+00
    endloop
  endfacet
  facet normal 9.063078e-01 3.343014e-15 -4.226183e-01
    outer loop
      vertex   1.548246e+00 2.102192e+01 8.651694e+00
      vertex   1.607180e+00 1.832715e+01 8.778078e+00
      vertex   1.548246e+00 1.832715e+01 8.651694e+00
    endloop
  endfacet
  facet normal 9.659258e-01 2.047322e-15 -2.588190e-01
    outer loop
      vertex   1.548246e+00 2.102192e+01 8.651694e+00
      vertex   1.548246e+00 1.832715e+01 8.651694e+00
      vertex   1.512154e+00 2.102192e+01 8.516997e+00
    endloop
  endfacet
  facet normal 9.659258e-01 2.047322e-15 -2.588190e-01
    outer loop
      vertex   1.512154e+00 2.102192e+01 8.516997e+00
      vertex   1.548246e+00 1.832715e+01 8.651694e+00
      vertex   1.512154e+00 1.832715e+01 8.516997e+00
    endloop
  endfacet
  facet normal 4.521189e-01 6.252084e-04 -8.919574e-01
    outer loop
      vertex   1.879205e+00 1.293762e+01 9.058469e+00
      vertex   1.900000e+00 1.563239e+01 9.070898e+00
      vertex   2.000000e+00 1.293762e+01 9.119698e+00
    endloop
  endfacet
  facet normal 4.226181e-01 -7.293997e-04 -9.063075e-01
    outer loop
      vertex   2.000000e+00 1.293762e+01 9.119698e+00
      vertex   1.900000e+00 1.563239e+01 9.070898e+00
      vertex   2.026384e+00 1.563239e+01 9.129832e+00
    endloop
  endfacet
  facet normal 2.949358e-01 7.057722e-04 -9.555168e-01
    outer loop
      vertex   2.000000e+00 1.293762e+01 9.119698e+00
      vertex   2.026384e+00 1.563239e+01 9.129832e+00
      vertex   2.129807e+00 1.293762e+01 9.159765e+00
    endloop
  endfacet
  facet normal 2.588190e-01 -7.959754e-04 -9.659255e-01
    outer loop
      vertex   2.129807e+00 1.293762e+01 9.159765e+00
      vertex   2.026384e+00 1.563239e+01 9.129832e+00
      vertex   2.161081e+00 1.563239e+01 9.165924e+00
    endloop
  endfacet
  facet normal 1.290110e-01 7.693240e-04 -9.916429e-01
    outer loop
      vertex   2.129807e+00 1.293762e+01 9.159765e+00
      vertex   2.161081e+00 1.563239e+01 9.165924e+00
      vertex   2.264521e+00 1.293762e+01 9.177291e+00
    endloop
  endfacet
  facet normal 8.715571e-02 -8.565030e-04 -9.961943e-01
    outer loop
      vertex   2.264521e+00 1.293762e+01 9.177291e+00
      vertex   2.161081e+00 1.563239e+01 9.165924e+00
      vertex   2.300000e+00 1.563239e+01 9.178078e+00
    endloop
  endfacet
  facet normal -4.063400e-02 8.268272e-04 -9.991738e-01
    outer loop
      vertex   2.264521e+00 1.293762e+01 9.177291e+00
      vertex   2.300000e+00 1.563239e+01 9.178078e+00
      vertex   2.400259e+00 1.293762e+01 9.171771e+00
    endloop
  endfacet
  facet normal -8.715571e-02 -9.109814e-04 -9.961943e-01
    outer loop
      vertex   2.400259e+00 1.293762e+01 9.171771e+00
      vertex   2.300000e+00 1.563239e+01 9.178078e+00
      vertex   2.438919e+00 1.563239e+01 9.165924e+00
    endloop
  endfacet
  facet normal -2.091072e-01 8.782805e-04 -9.778923e-01
    outer loop
      vertex   2.400259e+00 1.293762e+01 9.171771e+00
      vertex   2.438919e+00 1.563239e+01 9.165924e+00
      vertex   2.533105e+00 1.293762e+01 9.143364e+00
    endloop
  endfacet
  facet normal -2.588189e-01 -9.594094e-04 -9.659254e-01
    outer loop
      vertex   2.533105e+00 1.293762e+01 9.143364e+00
      vertex   2.438919e+00 1.563239e+01 9.165924e+00
      vertex   2.573616e+00 1.563239e+01 9.129832e+00
    endloop
  endfacet
  facet normal -3.715506e-01 9.236830e-04 -9.284122e-01
    outer loop
      vertex   2.533105e+00 1.293762e+01 9.143364e+00
      vertex   2.573616e+00 1.563239e+01 9.129832e+00
      vertex   2.659230e+00 1.293762e+01 9.092889e+00
    endloop
  endfacet
  facet normal -4.226180e-01 -1.001786e-03 -9.063073e-01
    outer loop
      vertex   2.659230e+00 1.293762e+01 9.092889e+00
      vertex   2.573616e+00 1.563239e+01 9.129832e+00
      vertex   2.700000e+00 1.563239e+01 9.070898e+00
    endloop
  endfacet
  facet normal -5.232799e-01 9.630336e-04 -8.521604e-01
    outer loop
      vertex   2.659230e+00 1.293762e+01 9.092889e+00
      vertex   2.700000e+00 1.563239e+01 9.070898e+00
      vertex   2.774995e+00 1.293762e+01 9.021801e+00
    endloop
  endfacet
  facet normal -5.735761e-01 -1.038111e-03 -8.191516e-01
    outer loop
      vertex   2.774995e+00 1.293762e+01 9.021801e+00
      vertex   2.700000e+00 1.563239e+01 9.070898e+00
      vertex   2.814230e+00 1.563239e+01 8.990914e+00
    endloop
  endfacet
  facet normal -6.599197e-01 9.963317e-04 -7.513354e-01
    outer loop
      vertex   2.774995e+00 1.293762e+01 9.021801e+00
      vertex   2.814230e+00 1.563239e+01 8.990914e+00
      vertex   2.877064e+00 1.293762e+01 8.932151e+00
    endloop
  endfacet
  facet normal -7.071064e-01 -1.068382e-03 -7.071064e-01
    outer loop
      vertex   2.877064e+00 1.293762e+01 8.932151e+00
      vertex   2.814230e+00 1.563239e+01 8.990914e+00
      vertex   2.912836e+00 1.563239e+01 8.892308e+00
    endloop
  endfacet
  facet normal -7.775301e-01 1.023577e-03 -6.288449e-01
    outer loop
      vertex   2.877064e+00 1.293762e+01 8.932151e+00
      vertex   2.912836e+00 1.563239e+01 8.892308e+00
      vertex   2.962492e+00 1.293762e+01 8.826524e+00
    endloop
  endfacet
  facet normal -8.191516e-01 -1.092600e-03 -5.735761e-01
    outer loop
      vertex   2.962492e+00 1.293762e+01 8.826524e+00
      vertex   2.912836e+00 1.563239e+01 8.892308e+00
      vertex   2.992820e+00 1.563239e+01 8.778078e+00
    endloop
  endfacet
  facet normal -8.727194e-01 1.044768e-03 -4.882209e-01
    outer loop
      vertex   2.962492e+00 1.293762e+01 8.826524e+00
      vertex   2.992820e+00 1.563239e+01 8.778078e+00
      vertex   3.028817e+00 1.293762e+01 8.707965e+00
    endloop
  endfacet
  facet normal -9.063072e-01 -1.110764e-03 -4.226180e-01
    outer loop
      vertex   3.028817e+00 1.293762e+01 8.707965e+00
      vertex   2.992820e+00 1.563239e+01 8.778078e+00
      vertex   3.051754e+00 1.563239e+01 8.651694e+00
    endloop
  endfacet
  facet normal -9.427429e-01 1.059904e-03 -3.335186e-01
    outer loop
      vertex   3.028817e+00 1.293762e+01 8.707965e+00
      vertex   3.051754e+00 1.563239e+01 8.651694e+00
      vertex   3.074126e+00 1.293762e+01 8.579894e+00
    endloop
  endfacet
  facet normal -9.659252e-01 -1.122873e-03 -2.588189e-01
    outer loop
      vertex   3.074126e+00 1.293762e+01 8.579894e+00
      vertex   3.051754e+00 1.563239e+01 8.651694e+00
      vertex   3.087846e+00 1.563239e+01 8.516997e+00
    endloop
  endfacet
  facet normal -9.855814e-01 1.068986e-03 -1.691988e-01
    outer loop
      vertex   3.074126e+00 1.293762e+01 8.579894e+00
      vertex   3.087846e+00 1.563239e+01 8.516997e+00
      vertex   3.097111e+00 1.293762e+01 8.446003e+00
    endloop
  endfacet
  facet normal -9.961941e-01 -1.128928e-03 -8.715569e-02
    outer loop
      vertex   3.097111e+00 1.293762e+01 8.446003e+00
      vertex   3.087846e+00 1.563239e+01 8.516997e+00
      vertex   3.100000e+00 1.563239e+01 8.378078e+00
    endloop
  endfacet
  facet normal -9.999994e-01 1.072014e-03 0.000000e+00
    outer loop
      vertex   3.097111e+00 1.293762e+01 8.446003e+00
      vertex   3.100000e+00 1.563239e+01 8.378078e+00
      vertex   3.097111e+00 1.293762e+01 8.310153e+00
    endloop
  endfacet
  facet normal -9.961941e-01 -1.128928e-03 8.715569e-02
    outer loop
      vertex   3.097111e+00 1.293762e+01 8.310153e+00
      vertex   3.100000e+00 1.563239e+01 8.378078e+00
      vertex   3.087846e+00 1.563239e+01 8.239160e+00
    endloop
  endfacet
  facet normal -9.855814e-01 1.068986e-03 1.691988e-01
    outer loop
      vertex   3.097111e+00 1.293762e+01 8.310153e+00
      vertex   3.087846e+00 1.563239e+01 8.239160e+00
      vertex   3.074126e+00 1.293762e+01 8.176262e+00
    endloop
  endfacet
  facet normal -9.659252e-01 -1.122873e-03 2.588189e-01
    outer loop
      vertex   3.074126e+00 1.293762e+01 8.176262e+00
      vertex   3.087846e+00 1.563239e+01 8.239160e+00
      vertex   3.051754e+00 1.563239e+01 8.104462e+00
    endloop
  endfacet
  facet normal -9.427429e-01 1.059904e-03 3.335186e-01
    outer loop
      vertex   3.074126e+00 1.293762e+01 8.176262e+00
      vertex   3.051754e+00 1.563239e+01 8.104462e+00
      vertex   3.028817e+00 1.293762e+01 8.048191e+00
    endloop
  endfacet
  facet normal -9.063072e-01 -1.110764e-03 4.226180e-01
    outer loop
      vertex   3.028817e+00 1.293762e+01 8.048191e+00
      vertex   3.051754e+00 1.563239e+01 8.104462e+00
      vertex   2.992820e+00 1.563239e+01 7.978078e+00
    endloop
  endfacet
  facet normal -8.727194e-01 1.044768e-03 4.882209e-01
    outer loop
      vertex   3.028817e+00 1.293762e+01 8.048191e+00
      vertex   2.992820e+00 1.563239e+01 7.978078e+00
      vertex   2.962492e+00 1.293762e+01 7.929632e+00
    endloop
  endfacet
  facet normal -8.191516e-01 -1.092600e-03 5.735761e-01
    outer loop
      vertex   2.962492e+00 1.293762e+01 7.929632e+00
      vertex   2.992820e+00 1.563239e+01 7.978078e+00
      vertex   2.912836e+00 1.563239e+01 7.863848e+00
    endloop
  endfacet
  facet normal -7.775301e-01 1.023577e-03 6.288449e-01
    outer loop
      vertex   2.962492e+00 1.293762e+01 7.929632e+00
      vertex   2.912836e+00 1.563239e+01 7.863848e+00
      vertex   2.877064e+00 1.293762e+01 7.824005e+00
    endloop
  endfacet
  facet normal -7.071064e-01 -1.068382e-03 7.071064e-01
    outer loop
      vertex   2.877064e+00 1.293762e+01 7.824005e+00
      vertex   2.912836e+00 1.563239e+01 7.863848e+00
      vertex   2.814230e+00 1.563239e+01 7.765243e+00
    endloop
  endfacet
  facet normal -6.599197e-01 9.963317e-04 7.513354e-01
    outer loop
      vertex   2.877064e+00 1.293762e+01 7.824005e+00
      vertex   2.814230e+00 1.563239e+01 7.765243e+00
      vertex   2.774995e+00 1.293762e+01 7.734355e+00
    endloop
  endfacet
  facet normal -5.735761e-01 -1.038111e-03 8.191516e-01
    outer loop
      vertex   2.774995e+00 1.293762e+01 7.734355e+00
      vertex   2.814230e+00 1.563239e+01 7.765243e+00
      vertex   2.700000e+00 1.563239e+01 7.685258e+00
    endloop
  endfacet
  facet normal -5.232799e-01 9.630336e-04 8.521604e-01
    outer loop
      vertex   2.774995e+00 1.293762e+01 7.734355e+00
      vertex   2.700000e+00 1.563239e+01 7.685258e+00
      vertex   2.659230e+00 1.293762e+01 7.663268e+00
    endloop
  endfacet
  facet normal -4.226180e-01 -1.001786e-03 9.063073e-01
    outer loop
      vertex   2.659230e+00 1.293762e+01 7.663268e+00
      vertex   2.700000e+00 1.563239e+01 7.685258e+00
      vertex   2.573616e+00 1.563239e+01 7.626324e+00
    endloop
  endfacet
  facet normal -3.715506e-01 9.236830e-04 9.284122e-01
    outer loop
      vertex   2.659230e+00 1.293762e+01 7.663268e+00
      vertex   2.573616e+00 1.563239e+01 7.626324e+00
      vertex   2.533105e+00 1.293762e+01 7.612792e+00
    endloop
  endfacet
  facet normal -2.588189e-01 -9.594094e-04 9.659254e-01
    outer loop
      vertex   2.533105e+00 1.293762e+01 7.612792e+00
      vertex   2.573616e+00 1.563239e+01 7.626324e+00
      vertex   2.438919e+00 1.563239e+01 7.590232e+00
    endloop
  endfacet
  facet normal -2.091072e-01 8.782805e-04 9.778923e-01
    outer loop
      vertex   2.533105e+00 1.293762e+01 7.612792e+00
      vertex   2.438919e+00 1.563239e+01 7.590232e+00
      vertex   2.400259e+00 1.293762e+01 7.584385e+00
    endloop
  endfacet
  facet normal -8.715571e-02 -9.109814e-04 9.961943e-01
    outer loop
      vertex   2.400259e+00 1.293762e+01 7.584385e+00
      vertex   2.438919e+00 1.563239e+01 7.590232e+00
      vertex   2.300000e+00 1.563239e+01 7.578078e+00
    endloop
  endfacet
  facet normal -4.063400e-02 8.268272e-04 9.991738e-01
    outer loop
      vertex   2.400259e+00 1.293762e+01 7.584385e+00
      vertex   2.300000e+00 1.563239e+01 7.578078e+00
      vertex   2.264521e+00 1.293762e+01 7.578865e+00
    endloop
  endfacet
  facet normal 8.715571e-02 -8.565030e-04 9.961943e-01
    outer loop
      vertex   2.264521e+00 1.293762e+01 7.578865e+00
      vertex   2.300000e+00 1.563239e+01 7.578078e+00
      vertex   2.161081e+00 1.563239e+01 7.590232e+00
    endloop
  endfacet
  facet normal 1.290110e-01 7.693240e-04 9.916429e-01
    outer loop
      vertex   2.264521e+00 1.293762e+01 7.578865e+00
      vertex   2.161081e+00 1.563239e+01 7.590232e+00
      vertex   2.129807e+00 1.293762e+01 7.596391e+00
    endloop
  endfacet
  facet normal 2.588190e-01 -7.959754e-04 9.659255e-01
    outer loop
      vertex   2.129807e+00 1.293762e+01 7.596391e+00
      vertex   2.161081e+00 1.563239e+01 7.590232e+00
      vertex   2.026384e+00 1.563239e+01 7.626324e+00
    endloop
  endfacet
  facet normal 2.949358e-01 7.057722e-04 9.555168e-01
    outer loop
      vertex   2.129807e+00 1.293762e+01 7.596391e+00
      vertex   2.026384e+00 1.563239e+01 7.626324e+00
      vertex   2.000000e+00 1.293762e+01 7.636458e+00
    endloop
  endfacet
  facet normal 4.226181e-01 -7.293997e-04 9.063075e-01
    outer loop
      vertex   2.000000e+00 1.293762e+01 7.636458e+00
      vertex   2.026384e+00 1.563239e+01 7.626324e+00
      vertex   1.900000e+00 1.563239e+01 7.685258e+00
    endloop
  endfacet
  facet normal 4.521189e-01 6.252084e-04 8.919574e-01
    outer loop
      vertex   2.000000e+00 1.293762e+01 7.636458e+00
      vertex   1.900000e+00 1.563239e+01 7.685258e+00
      vertex   1.879205e+00 1.293762e+01 7.697687e+00
    endloop
  endfacet
  facet normal 5.735763e-01 -6.478390e-04 8.191519e-01
    outer loop
      vertex   1.879205e+00 1.293762e+01 7.697687e+00
      vertex   1.900000e+00 1.563239e+01 7.685258e+00
      vertex   1.785770e+00 1.563239e+01 7.765243e+00
    endloop
  endfacet
  facet normal 5.960921e-01 5.398722e-04 8.029159e-01
    outer loop
      vertex   1.879205e+00 1.293762e+01 7.697687e+00
      vertex   1.785770e+00 1.563239e+01 7.765243e+00
      vertex   1.770470e+00 1.293762e+01 7.778414e+00
    endloop
  endfacet
  facet normal 7.071067e-01 -5.587278e-04 7.071067e-01
    outer loop
      vertex   1.770470e+00 1.293762e+01 7.778414e+00
      vertex   1.785770e+00 1.563239e+01 7.765243e+00
      vertex   1.687164e+00 1.563239e+01 7.863848e+00
    endloop
  endfacet
  facet normal 7.229833e-01 4.469865e-04 6.908654e-01
    outer loop
      vertex   1.770470e+00 1.293762e+01 7.778414e+00
      vertex   1.687164e+00 1.563239e+01 7.863848e+00
      vertex   1.676908e+00 1.293762e+01 7.876325e+00
    endloop
  endfacet
  facet normal 8.191520e-01 -4.620683e-04 5.735764e-01
    outer loop
      vertex   1.676908e+00 1.293762e+01 7.876325e+00
      vertex   1.687164e+00 1.563239e+01 7.863848e+00
      vertex   1.607180e+00 1.563239e+01 7.978078e+00
    endloop
  endfacet
  facet normal 8.291561e-01 3.465538e-04 5.590170e-01
    outer loop
      vertex   1.676908e+00 1.293762e+01 7.876325e+00
      vertex   1.607180e+00 1.563239e+01 7.978078e+00
      vertex   1.601203e+00 1.293762e+01 7.988614e+00
    endloop
  endfacet
  facet normal 9.063077e-01 -3.578630e-04 4.226182e-01
    outer loop
      vertex   1.601203e+00 1.293762e+01 7.988614e+00
      vertex   1.607180e+00 1.563239e+01 7.978078e+00
      vertex   1.548246e+00 1.563239e+01 8.104462e+00
    endloop
  endfacet
  facet normal 9.115681e-01 2.385766e-04 4.111489e-01
    outer loop
      vertex   1.601203e+00 1.293762e+01 7.988614e+00
      vertex   1.548246e+00 1.563239e+01 8.104462e+00
      vertex   1.545522e+00 1.293762e+01 8.112064e+00
    endloop
  endfacet
  facet normal 9.659258e-01 -2.461146e-04 2.588190e-01
    outer loop
      vertex   1.545522e+00 1.293762e+01 8.112064e+00
      vertex   1.548246e+00 1.563239e+01 8.104462e+00
      vertex   1.512154e+00 1.563239e+01 8.239160e+00
    endloop
  endfacet
  facet normal 9.678576e-01 1.230577e-04 2.514988e-01
    outer loop
      vertex   1.545522e+00 1.293762e+01 8.112064e+00
      vertex   1.512154e+00 1.563239e+01 8.239160e+00
      vertex   1.511463e+00 1.293762e+01 8.243138e+00
    endloop
  endfacet
  facet normal 9.961947e-01 -1.268259e-04 8.715574e-02
    outer loop
      vertex   1.511463e+00 1.293762e+01 8.243138e+00
      vertex   1.512154e+00 1.563239e+01 8.239160e+00
      vertex   1.500000e+00 1.563239e+01 8.378078e+00
    endloop
  endfacet
  facet normal 9.964115e-01 -6.696890e-16 8.464143e-02
    outer loop
      vertex   1.511463e+00 1.293762e+01 8.243138e+00
      vertex   1.500000e+00 1.563239e+01 8.378078e+00
      vertex   1.500000e+00 1.293762e+01 8.378078e+00
    endloop
  endfacet
  facet normal 9.964115e-01 6.695346e-16 -8.464143e-02
    outer loop
      vertex   1.500000e+00 1.293762e+01 8.378078e+00
      vertex   1.500000e+00 1.563239e+01 8.378078e+00
      vertex   1.511463e+00 1.293762e+01 8.513018e+00
    endloop
  endfacet
  facet normal 9.961947e-01 -1.268259e-04 -8.715574e-02
    outer loop
      vertex   1.511463e+00 1.293762e+01 8.513018e+00
      vertex   1.500000e+00 1.563239e+01 8.378078e+00
      vertex   1.512154e+00 1.563239e+01 8.516997e+00
    endloop
  endfacet
  facet normal 9.678576e-01 1.230577e-04 -2.514988e-01
    outer loop
      vertex   1.511463e+00 1.293762e+01 8.513018e+00
      vertex   1.512154e+00 1.563239e+01 8.516997e+00
      vertex   1.545522e+00 1.293762e+01 8.644092e+00
    endloop
  endfacet
  facet normal 9.659258e-01 -2.461146e-04 -2.588190e-01
    outer loop
      vertex   1.545522e+00 1.293762e+01 8.644092e+00
      vertex   1.512154e+00 1.563239e+01 8.516997e+00
      vertex   1.548246e+00 1.563239e+01 8.651694e+00
    endloop
  endfacet
  facet normal 9.115681e-01 2.385766e-04 -4.111489e-01
    outer loop
      vertex   1.545522e+00 1.293762e+01 8.644092e+00
      vertex   1.548246e+00 1.563239e+01 8.651694e+00
      vertex   1.601203e+00 1.293762e+01 8.767542e+00
    endloop
  endfacet
  facet normal 9.063077e-01 -3.578630e-04 -4.226182e-01
    outer loop
      vertex   1.601203e+00 1.293762e+01 8.767542e+00
      vertex   1.548246e+00 1.563239e+01 8.651694e+00
      vertex   1.607180e+00 1.563239e+01 8.778078e+00
    endloop
  endfacet
  facet normal 8.291561e-01 3.465538e-04 -5.590170e-01
    outer loop
      vertex   1.601203e+00 1.293762e+01 8.767542e+00
      vertex   1.607180e+00 1.563239e+01 8.778078e+00
      vertex   1.676908e+00 1.293762e+01 8.879832e+00
    endloop
  endfacet
  facet normal 8.191520e-01 -4.620683e-04 -5.735764e-01
    outer loop
      vertex   1.676908e+00 1.293762e+01 8.879832e+00
      vertex   1.607180e+00 1.563239e+01 8.778078e+00
      vertex   1.687164e+00 1.563239e+01 8.892308e+00
    endloop
  endfacet
  facet normal 7.229833e-01 4.469865e-04 -6.908654e-01
    outer loop
      vertex   1.676908e+00 1.293762e+01 8.879832e+00
      vertex   1.687164e+00 1.563239e+01 8.892308e+00
      vertex   1.770470e+00 1.293762e+01 8.977743e+00
    endloop
  endfacet
  facet normal 7.071067e-01 -5.587278e-04 -7.071067e-01
    outer loop
      vertex   1.770470e+00 1.293762e+01 8.977743e+00
      vertex   1.687164e+00 1.563239e+01 8.892308e+00
      vertex   1.785770e+00 1.563239e+01 8.990914e+00
    endloop
  endfacet
  facet normal 5.960921e-01 5.398722e-04 -8.029159e-01
    outer loop
      vertex   1.770470e+00 1.293762e+01 8.977743e+00
      vertex   1.785770e+00 1.563239e+01 8.990914e+00
      vertex   1.879205e+00 1.293762e+01 9.058469e+00
    endloop
  endfacet
  facet normal 5.735763e-01 -6.478390e-04 -8.191519e-01
    outer loop
      vertex   1.879205e+00 1.293762e+01 9.058469e+00
      vertex   1.785770e+00 1.563239e+01 8.990914e+00
      vertex   1.900000e+00 1.563239e+01 9.070898e+00
    endloop
  endfacet
  facet normal 9.961947e-01 -6.894234e-16 8.715574e-02
    outer loop
      vertex   1.500000e+00 1.832715e+01 8.378078e+00
      vertex   1.500000e+00 1.563239e+01 8.378078e+00
      vertex   1.512154e+00 1.832715e+01 8.239160e+00
    endloop
  endfacet
  facet normal 9.961947e-01 -6.894234e-16 8.715574e-02
    outer loop
      vertex   1.512154e+00 1.832715e+01 8.239160e+00
      vertex   1.500000e+00 1.563239e+01 8.378078e+00
      vertex   1.512154e+00 1.563239e+01 8.239160e+00
    endloop
  endfacet
  facet normal 9.659258e-01 -2.047322e-15 2.588190e-01
    outer loop
      vertex   1.512154e+00 1.832715e+01 8.239160e+00
      vertex   1.512154e+00 1.563239e+01 8.239160e+00
      vertex   1.548246e+00 1.832715e+01 8.104462e+00
    endloop
  endfacet
  facet normal 9.659258e-01 -2.047322e-15 2.588190e-01
    outer loop
      vertex   1.548246e+00 1.832715e+01 8.104462e+00
      vertex   1.512154e+00 1.563239e+01 8.239160e+00
      vertex   1.548246e+00 1.563239e+01 8.104462e+00
    endloop
  endfacet
  facet normal 9.063078e-01 -3.343014e-15 4.226183e-01
    outer loop
      vertex   1.548246e+00 1.832715e+01 8.104462e+00
      vertex   1.548246e+00 1.563239e+01 8.104462e+00
      vertex   1.607180e+00 1.832715e+01 7.978078e+00
    endloop
  endfacet
  facet normal 9.063078e-01 -3.343014e-15 4.226183e-01
    outer loop
      vertex   1.607180e+00 1.832715e+01 7.978078e+00
      vertex   1.548246e+00 1.563239e+01 8.104462e+00
      vertex   1.607180e+00 1.563239e+01 7.978078e+00
    endloop
  endfacet
  facet normal 8.191520e-01 -4.537131e-15 5.735764e-01
    outer loop
      vertex   1.607180e+00 1.832715e+01 7.978078e+00
      vertex   1.607180e+00 1.563239e+01 7.978078e+00
      vertex   1.687164e+00 1.832715e+01 7.863848e+00
    endloop
  endfacet
  facet normal 8.191520e-01 -4.537131e-15 5.735764e-01
    outer loop
      vertex   1.687164e+00 1.832715e+01 7.863848e+00
      vertex   1.607180e+00 1.563239e+01 7.978078e+00
      vertex   1.687164e+00 1.563239e+01 7.863848e+00
    endloop
  endfacet
  facet normal 7.071068e-01 -5.593389e-15 7.071068e-01
    outer loop
      vertex   1.687164e+00 1.832715e+01 7.863848e+00
      vertex   1.687164e+00 1.563239e+01 7.863848e+00
      vertex   1.785770e+00 1.832715e+01 7.765243e+00
    endloop
  endfacet
  facet normal 7.071068e-01 -5.593389e-15 7.071068e-01
    outer loop
      vertex   1.785770e+00 1.832715e+01 7.765243e+00
      vertex   1.687164e+00 1.563239e+01 7.863848e+00
      vertex   1.785770e+00 1.563239e+01 7.765243e+00
    endloop
  endfacet
  facet normal 5.735764e-01 -6.479694e-15 8.191520e-01
    outer loop
      vertex   1.785770e+00 1.832715e+01 7.765243e+00
      vertex   1.785770e+00 1.563239e+01 7.765243e+00
      vertex   1.900000e+00 1.832715e+01 7.685258e+00
    endloop
  endfacet
  facet normal 5.735764e-01 -6.479694e-15 8.191520e-01
    outer loop
      vertex   1.900000e+00 1.832715e+01 7.685258e+00
      vertex   1.785770e+00 1.563239e+01 7.765243e+00
      vertex   1.900000e+00 1.563239e+01 7.685258e+00
    endloop
  endfacet
  facet normal 4.226183e-01 -7.169118e-15 9.063078e-01
    outer loop
      vertex   1.900000e+00 1.832715e+01 7.685258e+00
      vertex   1.900000e+00 1.563239e+01 7.685258e+00
      vertex   2.026384e+00 1.832715e+01 7.626324e+00
    endloop
  endfacet
  facet normal 4.226183e-01 -7.169118e-15 9.063078e-01
    outer loop
      vertex   2.026384e+00 1.832715e+01 7.626324e+00
      vertex   1.900000e+00 1.563239e+01 7.685258e+00
      vertex   2.026384e+00 1.563239e+01 7.626324e+00
    endloop
  endfacet
  facet normal 2.588190e-01 -7.640711e-15 9.659258e-01
    outer loop
      vertex   2.026384e+00 1.832715e+01 7.626324e+00
      vertex   2.026384e+00 1.563239e+01 7.626324e+00
      vertex   2.161081e+00 1.832715e+01 7.590232e+00
    endloop
  endfacet
  facet normal 2.588190e-01 -7.322348e-15 9.659258e-01
    outer loop
      vertex   2.161081e+00 1.832715e+01 7.590232e+00
      vertex   2.026384e+00 1.563239e+01 7.626324e+00
      vertex   2.161081e+00 1.563239e+01 7.590232e+00
    endloop
  endfacet
  facet normal 8.715574e-02 -7.551806e-15 9.961947e-01
    outer loop
      vertex   2.161081e+00 1.832715e+01 7.590232e+00
      vertex   2.161081e+00 1.563239e+01 7.590232e+00
      vertex   2.300000e+00 1.832715e+01 7.578078e+00
    endloop
  endfacet
  facet normal 8.715574e-02 -7.880145e-15 9.961947e-01
    outer loop
      vertex   2.300000e+00 1.832715e+01 7.578078e+00
      vertex   2.161081e+00 1.563239e+01 7.590232e+00
      vertex   2.300000e+00 1.563239e+01 7.578078e+00
    endloop
  endfacet
  facet normal -8.715574e-02 -7.880145e-15 9.961947e-01
    outer loop
      vertex   2.300000e+00 1.832715e+01 7.578078e+00
      vertex   2.300000e+00 1.563239e+01 7.578078e+00
      vertex   2.438919e+00 1.832715e+01 7.590232e+00
    endloop
  endfacet
  facet normal -8.715574e-02 -7.551806e-15 9.961947e-01
    outer loop
      vertex   2.438919e+00 1.832715e+01 7.590232e+00
      vertex   2.300000e+00 1.563239e+01 7.578078e+00
      vertex   2.438919e+00 1.563239e+01 7.590232e+00
    endloop
  endfacet
  facet normal -2.588190e-01 -7.322348e-15 9.659258e-01
    outer loop
      vertex   2.438919e+00 1.832715e+01 7.590232e+00
      vertex   2.438919e+00 1.563239e+01 7.590232e+00
      vertex   2.573616e+00 1.832715e+01 7.626324e+00
    endloop
  endfacet
  facet normal -2.588190e-01 -7.640711e-15 9.659258e-01
    outer loop
      vertex   2.573616e+00 1.832715e+01 7.626324e+00
      vertex   2.438919e+00 1.563239e+01 7.590232e+00
      vertex   2.573616e+00 1.563239e+01 7.626324e+00
    endloop
  endfacet
  facet normal -4.226183e-01 -7.169118e-15 9.063078e-01
    outer loop
      vertex   2.573616e+00 1.832715e+01 7.626324e+00
      vertex   2.573616e+00 1.563239e+01 7.626324e+00
      vertex   2.700000e+00 1.832715e+01 7.685258e+00
    endloop
  endfacet
  facet normal -4.226183e-01 -7.169118e-15 9.063078e-01
    outer loop
      vertex   2.700000e+00 1.832715e+01 7.685258e+00
      vertex   2.573616e+00 1.563239e+01 7.626324e+00
      vertex   2.700000e+00 1.563239e+01 7.685258e+00
    endloop
  endfacet
  facet normal -5.735764e-01 -6.479694e-15 8.191520e-01
    outer loop
      vertex   2.700000e+00 1.832715e+01 7.685258e+00
      vertex   2.700000e+00 1.563239e+01 7.685258e+00
      vertex   2.814230e+00 1.832715e+01 7.765243e+00
    endloop
  endfacet
  facet normal -5.735764e-01 -6.479694e-15 8.191520e-01
    outer loop
      vertex   2.814230e+00 1.832715e+01 7.765243e+00
      vertex   2.700000e+00 1.563239e+01 7.685258e+00
      vertex   2.814230e+00 1.563239e+01 7.765243e+00
    endloop
  endfacet
  facet normal -7.071068e-01 -5.593389e-15 7.071068e-01
    outer loop
      vertex   2.814230e+00 1.832715e+01 7.765243e+00
      vertex   2.814230e+00 1.563239e+01 7.765243e+00
      vertex   2.912836e+00 1.832715e+01 7.863848e+00
    endloop
  endfacet
  facet normal -7.071068e-01 -5.593389e-15 7.071068e-01
    outer loop
      vertex   2.912836e+00 1.832715e+01 7.863848e+00
      vertex   2.814230e+00 1.563239e+01 7.765243e+00
      vertex   2.912836e+00 1.563239e+01 7.863848e+00
    endloop
  endfacet
  facet normal -8.191520e-01 -4.537131e-15 5.735764e-01
    outer loop
      vertex   2.912836e+00 1.832715e+01 7.863848e+00
      vertex   2.912836e+00 1.563239e+01 7.863848e+00
      vertex   2.992820e+00 1.832715e+01 7.978078e+00
    endloop
  endfacet
  facet normal -8.191520e-01 -4.537131e-15 5.735764e-01
    outer loop
      vertex   2.992820e+00 1.832715e+01 7.978078e+00
      vertex   2.912836e+00 1.563239e+01 7.863848e+00
      vertex   2.992820e+00 1.563239e+01 7.978078e+00
    endloop
  endfacet
  facet normal -9.063078e-01 -3.343014e-15 4.226183e-01
    outer loop
      vertex   2.992820e+00 1.832715e+01 7.978078e+00
      vertex   2.992820e+00 1.563239e+01 7.978078e+00
      vertex   3.051754e+00 1.832715e+01 8.104462e+00
    endloop
  endfacet
  facet normal -9.063078e-01 -3.343014e-15 4.226183e-01
    outer loop
      vertex   3.051754e+00 1.832715e+01 8.104462e+00
      vertex   2.992820e+00 1.563239e+01 7.978078e+00
      vertex   3.051754e+00 1.563239e+01 8.104462e+00
    endloop
  endfacet
  facet normal -9.659258e-01 -2.047322e-15 2.588190e-01
    outer loop
      vertex   3.051754e+00 1.832715e+01 8.104462e+00
      vertex   3.051754e+00 1.563239e+01 8.104462e+00
      vertex   3.087846e+00 1.832715e+01 8.239160e+00
    endloop
  endfacet
  facet normal -9.659258e-01 -2.047322e-15 2.588190e-01
    outer loop
      vertex   3.087846e+00 1.832715e+01 8.239160e+00
      vertex   3.051754e+00 1.563239e+01 8.104462e+00
      vertex   3.087846e+00 1.563239e+01 8.239160e+00
    endloop
  endfacet
  facet normal -9.961947e-01 -6.894234e-16 8.715574e-02
    outer loop
      vertex   3.087846e+00 1.832715e+01 8.239160e+00
      vertex   3.087846e+00 1.563239e+01 8.239160e+00
      vertex   3.100000e+00 1.832715e+01 8.378078e+00
    endloop
  endfacet
  facet normal -9.961947e-01 -6.894234e-16 8.715574e-02
    outer loop
      vertex   3.100000e+00 1.832715e+01 8.378078e+00
      vertex   3.087846e+00 1.563239e+01 8.239160e+00
      vertex   3.100000e+00 1.563239e+01 8.378078e+00
    endloop
  endfacet
  facet normal -9.961947e-01 6.894234e-16 -8.715574e-02
    outer loop
      vertex   3.100000e+00 1.832715e+01 8.378078e+00
      vertex   3.100000e+00 1.563239e+01 8.378078e+00
      vertex   3.087846e+00 1.832715e+01 8.516997e+00
    endloop
  endfacet
  facet normal -9.961947e-01 6.894234e-16 -8.715574e-02
    outer loop
      vertex   3.087846e+00 1.832715e+01 8.516997e+00
      vertex   3.100000e+00 1.563239e+01 8.378078e+00
      vertex   3.087846e+00 1.563239e+01 8.516997e+00
    endloop
  endfacet
  facet normal -9.659258e-01 2.047322e-15 -2.588190e-01
    outer loop
      vertex   3.087846e+00 1.832715e+01 8.516997e+00
      vertex   3.087846e+00 1.563239e+01 8.516997e+00
      vertex   3.051754e+00 1.832715e+01 8.651694e+00
    endloop
  endfacet
  facet normal -9.659258e-01 2.047322e-15 -2.588190e-01
    outer loop
      vertex   3.051754e+00 1.832715e+01 8.651694e+00
      vertex   3.087846e+00 1.563239e+01 8.516997e+00
      vertex   3.051754e+00 1.563239e+01 8.651694e+00
    endloop
  endfacet
  facet normal -9.063078e-01 3.343014e-15 -4.226183e-01
    outer loop
      vertex   3.051754e+00 1.832715e+01 8.651694e+00
      vertex   3.051754e+00 1.563239e+01 8.651694e+00
      vertex   2.992820e+00 1.832715e+01 8.778078e+00
    endloop
  endfacet
  facet normal -9.063078e-01 3.343014e-15 -4.226183e-01
    outer loop
      vertex   2.992820e+00 1.832715e+01 8.778078e+00
      vertex   3.051754e+00 1.563239e+01 8.651694e+00
      vertex   2.992820e+00 1.563239e+01 8.778078e+00
    endloop
  endfacet
  facet normal -8.191520e-01 4.537131e-15 -5.735764e-01
    outer loop
      vertex   2.992820e+00 1.832715e+01 8.778078e+00
      vertex   2.992820e+00 1.563239e+01 8.778078e+00
      vertex   2.912836e+00 1.832715e+01 8.892308e+00
    endloop
  endfacet
  facet normal -8.191520e-01 4.537131e-15 -5.735764e-01
    outer loop
      vertex   2.912836e+00 1.832715e+01 8.892308e+00
      vertex   2.992820e+00 1.563239e+01 8.778078e+00
      vertex   2.912836e+00 1.563239e+01 8.892308e+00
    endloop
  endfacet
  facet normal -7.071068e-01 5.593389e-15 -7.071068e-01
    outer loop
      vertex   2.912836e+00 1.832715e+01 8.892308e+00
      vertex   2.912836e+00 1.563239e+01 8.892308e+00
      vertex   2.814230e+00 1.832715e+01 8.990914e+00
    endloop
  endfacet
  facet normal -7.071068e-01 5.593389e-15 -7.071068e-01
    outer loop
      vertex   2.814230e+00 1.832715e+01 8.990914e+00
      vertex   2.912836e+00 1.563239e+01 8.892308e+00
      vertex   2.814230e+00 1.563239e+01 8.990914e+00
    endloop
  endfacet
  facet normal -5.735764e-01 6.479694e-15 -8.191520e-01
    outer loop
      vertex   2.814230e+00 1.832715e+01 8.990914e+00
      vertex   2.814230e+00 1.563239e+01 8.990914e+00
      vertex   2.700000e+00 1.832715e+01 9.070898e+00
    endloop
  endfacet
  facet normal -5.735764e-01 6.479694e-15 -8.191520e-01
    outer loop
      vertex   2.700000e+00 1.832715e+01 9.070898e+00
      vertex   2.814230e+00 1.563239e+01 8.990914e+00
      vertex   2.700000e+00 1.563239e+01 9.070898e+00
    endloop
  endfacet
  facet normal -4.226183e-01 7.169118e-15 -9.063078e-01
    outer loop
      vertex   2.700000e+00 1.832715e+01 9.070898e+00
      vertex   2.700000e+00 1.563239e+01 9.070898e+00
      vertex   2.573616e+00 1.832715e+01 9.129832e+00
    endloop
  endfacet
  facet normal -4.226183e-01 6.571691e-15 -9.063078e-01
    outer loop
      vertex   2.573616e+00 1.832715e+01 9.129832e+00
      vertex   2.700000e+00 1.563239e+01 9.070898e+00
      vertex   2.573616e+00 1.563239e+01 9.129832e+00
    endloop
  endfacet
  facet normal -2.588190e-01 7.003985e-15 -9.659258e-01
    outer loop
      vertex   2.573616e+00 1.832715e+01 9.129832e+00
      vertex   2.573616e+00 1.563239e+01 9.129832e+00
      vertex   2.438919e+00 1.832715e+01 9.165924e+00
    endloop
  endfacet
  facet normal -2.588190e-01 7.003985e-15 -9.659258e-01
    outer loop
      vertex   2.438919e+00 1.832715e+01 9.165924e+00
      vertex   2.573616e+00 1.563239e+01 9.129832e+00
      vertex   2.438919e+00 1.563239e+01 9.165924e+00
    endloop
  endfacet
  facet normal -8.715574e-02 7.223466e-15 -9.961947e-01
    outer loop
      vertex   2.438919e+00 1.832715e+01 9.165924e+00
      vertex   2.438919e+00 1.563239e+01 9.165924e+00
      vertex   2.300000e+00 1.832715e+01 9.178078e+00
    endloop
  endfacet
  facet normal -8.715574e-02 7.880145e-15 -9.961947e-01
    outer loop
      vertex   2.300000e+00 1.832715e+01 9.178078e+00
      vertex   2.438919e+00 1.563239e+01 9.165924e+00
      vertex   2.300000e+00 1.563239e+01 9.178078e+00
    endloop
  endfacet
  facet normal 8.715574e-02 7.880145e-15 -9.961947e-01
    outer loop
      vertex   2.300000e+00 1.832715e+01 9.178078e+00
      vertex   2.300000e+00 1.563239e+01 9.178078e+00
      vertex   2.161081e+00 1.832715e+01 9.165924e+00
    endloop
  endfacet
  facet normal 8.715574e-02 7.223466e-15 -9.961947e-01
    outer loop
      vertex   2.161081e+00 1.832715e+01 9.165924e+00
      vertex   2.300000e+00 1.563239e+01 9.178078e+00
      vertex   2.161081e+00 1.563239e+01 9.165924e+00
    endloop
  endfacet
  facet normal 2.588190e-01 7.003985e-15 -9.659258e-01
    outer loop
      vertex   2.161081e+00 1.832715e+01 9.165924e+00
      vertex   2.161081e+00 1.563239e+01 9.165924e+00
      vertex   2.026384e+00 1.832715e+01 9.129832e+00
    endloop
  endfacet
  facet normal 2.588190e-01 7.003985e-15 -9.659258e-01
    outer loop
      vertex   2.026384e+00 1.832715e+01 9.129832e+00
      vertex   2.161081e+00 1.563239e+01 9.165924e+00
      vertex   2.026384e+00 1.563239e+01 9.129832e+00
    endloop
  endfacet
  facet normal 4.226183e-01 6.571691e-15 -9.063078e-01
    outer loop
      vertex   2.026384e+00 1.832715e+01 9.129832e+00
      vertex   2.026384e+00 1.563239e+01 9.129832e+00
      vertex   1.900000e+00 1.832715e+01 9.070898e+00
    endloop
  endfacet
  facet normal 4.226183e-01 7.169118e-15 -9.063078e-01
    outer loop
      vertex   1.900000e+00 1.832715e+01 9.070898e+00
      vertex   2.026384e+00 1.563239e+01 9.129832e+00
      vertex   1.900000e+00 1.563239e+01 9.070898e+00
    endloop
  endfacet
  facet normal 5.735764e-01 6.479694e-15 -8.191520e-01
    outer loop
      vertex   1.900000e+00 1.832715e+01 9.070898e+00
      vertex   1.900000e+00 1.563239e+01 9.070898e+00
      vertex   1.785770e+00 1.832715e+01 8.990914e+00
    endloop
  endfacet
  facet normal 5.735764e-01 6.479694e-15 -8.191520e-01
    outer loop
      vertex   1.785770e+00 1.832715e+01 8.990914e+00
      vertex   1.900000e+00 1.563239e+01 9.070898e+00
      vertex   1.785770e+00 1.563239e+01 8.990914e+00
    endloop
  endfacet
  facet normal 7.071068e-01 5.593389e-15 -7.071068e-01
    outer loop
      vertex   1.785770e+00 1.832715e+01 8.990914e+00
      vertex   1.785770e+00 1.563239e+01 8.990914e+00
      vertex   1.687164e+00 1.832715e+01 8.892308e+00
    endloop
  endfacet
  facet normal 7.071068e-01 5.593389e-15 -7.071068e-01
    outer loop
      vertex   1.687164e+00 1.832715e+01 8.892308e+00
      vertex   1.785770e+00 1.563239e+01 8.990914e+00
      vertex   1.687164e+00 1.563239e+01 8.892308e+00
    endloop
  endfacet
  facet normal 8.191520e-01 4.537131e-15 -5.735764e-01
    outer loop
      vertex   1.687164e+00 1.832715e+01 8.892308e+00
      vertex   1.687164e+00 1.563239e+01 8.892308e+00
      vertex   1.607180e+00 1.832715e+01 8.778078e+00
    endloop
  endfacet
  facet normal 8.191520e-01 4.537131e-15 -5.735764e-01
    outer loop
      vertex   1.607180e+00 1.832715e+01 8.778078e+00
      vertex   1.687164e+00 1.563239e+01 8.892308e+00
      vertex   1.607180e+00 1.563239e+01 8.778078e+00
    endloop
  endfacet
  facet normal 9.063078e-01 3.343014e-15 -4.226183e-01
    outer loop
      vertex   1.607180e+00 1.832715e+01 8.778078e+00
      vertex   1.607180e+00 1.563239e+01 8.778078e+00
      vertex   1.548246e+00 1.832715e+01 8.651694e+00
    endloop
  endfacet
  facet normal 9.063078e-01 3.343014e-15 -4.226183e-01
    outer loop
      vertex   1.548246e+00 1.832715e+01 8.651694e+00
      vertex   1.607180e+00 1.563239e+01 8.778078e+00
      vertex   1.548246e+00 1.563239e+01 8.651694e+00
    endloop
  endfacet
  facet normal 9.659258e-01 2.047322e-15 -2.588190e-01
    outer loop
      vertex   1.548246e+00 1.832715e+01 8.651694e+00
      vertex   1.548246e+00 1.563239e+01 8.651694e+00
      vertex   1.512154e+00 1.832715e+01 8.516997e+00
    endloop
  endfacet
  facet normal 9.659258e-01 2.047322e-15 -2.588190e-01
    outer loop
      vertex   1.512154e+00 1.832715e+01 8.516997e+00
      vertex   1.548246e+00 1.563239e+01 8.651694e+00
      vertex   1.512154e+00 1.563239e+01 8.516997e+00
    endloop
  endfacet
  facet normal 9.961947e-01 6.894234e-16 -8.715574e-02
    outer loop
      vertex   1.512154e+00 1.832715e+01 8.516997e+00
      vertex   1.512154e+00 1.563239e+01 8.516997e+00
      vertex   1.500000e+00 1.832715e+01 8.378078e+00
    endloop
  endfacet
  facet normal 9.961947e-01 6.894234e-16 -8.715574e-02
    outer loop
      vertex   1.500000e+00 1.832715e+01 8.378078e+00
      vertex   1.512154e+00 1.563239e+01 8.516997e+00
      vertex   1.500000e+00 1.563239e+01 8.378078e+00
    endloop
  endfacet
  facet normal 0.000000e+00 1.000000e+00 0.000000e+00
    outer loop
      vertex   2.000000e+00 3.721922e+00 -2.000000e+00
      vertex   2.000000e+00 3.721922e+00 1.400000e+01
      vertex   3.050000e+01 3.721922e+00 -2.000000e+00
    endloop
  endfacet
  facet normal 0.000000e+00 1.000000e+00 -0.000000e+00
    outer loop
      vertex   3.050000e+01 3.721922e+00 -2.000000e+00
      vertex   2.000000e+00 3.721922e+00 1.400000e+01
      vertex   3.050000e+01 3.721922e+00 1.400000e+01
    endloop
  endfacet
  facet normal 1.555069e-14 1.000000e+00 0.000000e+00
    outer loop
      vertex   3.050000e+01 1.293762e+01 9.070898e+00
      vertex   3.061423e+01 1.293762e+01 8.990914e+00
      vertex   3.050000e+01 1.293762e+01 7.685258e+00
    endloop
  endfacet
  facet normal 1.555069e-14 1.000000e+00 0.000000e+00
    outer loop
      vertex   3.050000e+01 1.293762e+01 7.685258e+00
      vertex   3.061423e+01 1.293762e+01 8.990914e+00
      vertex   3.061423e+01 1.293762e+01 7.765243e+00
    endloop
  endfacet
  facet normal 0.000000e+00 1.000000e+00 0.000000e+00
    outer loop
      vertex   3.061423e+01 1.293762e+01 7.765243e+00
      vertex   3.061423e+01 1.293762e+01 8.990914e+00
      vertex   3.071284e+01 1.293762e+01 7.863848e+00
    endloop
  endfacet
  facet normal 0.000000e+00 1.000000e+00 -0.000000e+00
    outer loop
      vertex   3.071284e+01 1.293762e+01 7.863848e+00
      vertex   3.061423e+01 1.293762e+01 8.990914e+00
      vertex   3.071284e+01 1.293762e+01 8.892308e+00
    endloop
  endfacet
  facet normal 0.000000e+00 1.000000e+00 0.000000e+00
    outer loop
      vertex   3.071284e+01 1.293762e+01 7.863848e+00
      vertex   3.071284e+01 1.293762e+01 8.892308e+00
      vertex   3.079282e+01 1.293762e+01 7.978078e+00
    endloop
  endfacet
  facet normal 0.000000e+00 1.000000e+00 -0.000000e+00
    outer loop
      vertex   3.079282e+01 1.293762e+01 7.978078e+00
      vertex   3.071284e+01 1.293762e+01 8.892308e+00
      vertex   3.079282e+01 1.293762e+01 8.778078e+00
    endloop
  endfacet
  facet normal 0.000000e+00 1.000000e+00 0.000000e+00
    outer loop
      vertex   3.079282e+01 1.293762e+01 7.978078e+00
      vertex   3.079282e+01 1.293762e+01 8.778078e+00
      vertex   3.085175e+01 1.293762e+01 8.104462e+00
    endloop
  endfacet
  facet normal 0.000000e+00 1.000000e+00 -0.000000e+00
    outer loop
      vertex   3.085175e+01 1.293762e+01 8.104462e+00
      vertex   3.079282e+01 1.293762e+01 8.778078e+00
      vertex   3.085175e+01 1.293762e+01 8.651694e+00
    endloop
  endfacet
  facet normal 0.000000e+00 1.000000e+00 0.000000e+00
    outer loop
      vertex   3.085175e+01 1.293762e+01 8.104462e+00
      vertex   3.085175e+01 1.293762e+01 8.651694e+00
      vertex   3.088785e+01 1.293762e+01 8.239160e+00
    endloop
  endfacet
  facet normal 0.000000e+00 1.000000e+00 -0.000000e+00
    outer loop
      vertex   3.088785e+01 1.293762e+01 8.239160e+00
      vertex   3.085175e+01 1.293762e+01 8.651694e+00
      vertex   3.088785e+01 1.293762e+01 8.516997e+00
    endloop
  endfacet
  facet normal 0.000000e+00 1.000000e+00 0.000000e+00
    outer loop
      vertex   3.088785e+01 1.293762e+01 8.239160e+00
      vertex   3.088785e+01 1.293762e+01 8.516997e+00
      vertex   3.090000e+01 1.293762e+01 8.378078e+00
    endloop
  endfacet
  facet normal 9.961947e-01 -1.696113e-14 -8.715574e-02
    outer loop
      vertex   2.931215e+01 2.102192e+01 8.516997e+00
      vertex   2.931215e+01 1.832715e+01 8.516997e+00
      vertex   2.930000e+01 2.102192e+01 8.378078e+00
    endloop
  endfacet
  facet normal 9.961947e-01 6.894234e-16 -8.715574e-02
    outer loop
      vertex   2.930000e+01 2.102192e+01 8.378078e+00
      vertex   2.931215e+01 1.832715e+01 8.516997e+00
      vertex   2.930000e+01 1.832715e+01 8.378078e+00
    endloop
  endfacet
  facet normal 9.961947e-01 -6.894234e-16 8.715574e-02
    outer loop
      vertex   2.930000e+01 2.102192e+01 8.378078e+00
      vertex   2.930000e+01 1.832715e+01 8.378078e+00
      vertex   2.931215e+01 2.102192e+01 8.239160e+00
    endloop
  endfacet
  facet normal 9.961947e-01 -1.839742e-14 8.715574e-02
    outer loop
      vertex   2.931215e+01 2.102192e+01 8.239160e+00
      vertex   2.930000e+01 1.832715e+01 8.378078e+00
      vertex   2.931215e+01 1.832715e+01 8.239160e+00
    endloop
  endfacet
  facet normal 9.659258e-01 1.628803e-14 2.588190e-01
    outer loop
      vertex   2.931215e+01 2.102192e+01 8.239160e+00
      vertex   2.931215e+01 1.832715e+01 8.239160e+00
      vertex   2.934825e+01 2.102192e+01 8.104462e+00
    endloop
  endfacet
  facet normal 9.659258e-01 -3.892011e-14 2.588190e-01
    outer loop
      vertex   2.934825e+01 2.102192e+01 8.104462e+00
      vertex   2.931215e+01 1.832715e+01 8.239160e+00
      vertex   2.934825e+01 1.832715e+01 8.104462e+00
    endloop
  endfacet
  facet normal 9.063078e-01 3.197775e-14 4.226183e-01
    outer loop
      vertex   2.934825e+01 2.102192e+01 8.104462e+00
      vertex   2.934825e+01 1.832715e+01 8.104462e+00
      vertex   2.940718e+01 2.102192e+01 7.978078e+00
    endloop
  endfacet
  facet normal 9.063078e-01 -5.814262e-14 4.226183e-01
    outer loop
      vertex   2.940718e+01 2.102192e+01 7.978078e+00
      vertex   2.934825e+01 1.832715e+01 8.104462e+00
      vertex   2.940718e+01 1.832715e+01 7.978078e+00
    endloop
  endfacet
  facet normal 8.191520e-01 4.893074e-14 5.735764e-01
    outer loop
      vertex   2.940718e+01 2.102192e+01 7.978078e+00
      vertex   2.940718e+01 1.832715e+01 7.978078e+00
      vertex   2.948716e+01 2.102192e+01 7.863848e+00
    endloop
  endfacet
  facet normal 8.191520e-01 -7.673180e-14 5.735764e-01
    outer loop
      vertex   2.948716e+01 2.102192e+01 7.863848e+00
      vertex   2.940718e+01 1.832715e+01 7.978078e+00
      vertex   2.948716e+01 1.832715e+01 7.863848e+00
    endloop
  endfacet
  facet normal 7.071068e-01 6.665455e-14 7.071068e-01
    outer loop
      vertex   2.948716e+01 2.102192e+01 7.863848e+00
      vertex   2.948716e+01 1.832715e+01 7.863848e+00
      vertex   2.958577e+01 2.102192e+01 7.765243e+00
    endloop
  endfacet
  facet normal 7.071068e-01 -9.601984e-14 7.071068e-01
    outer loop
      vertex   2.958577e+01 2.102192e+01 7.765243e+00
      vertex   2.948716e+01 1.832715e+01 7.863848e+00
      vertex   2.958577e+01 1.832715e+01 7.765243e+00
    endloop
  endfacet
  facet normal 5.735764e-01 8.366912e-14 8.191520e-01
    outer loop
      vertex   2.958577e+01 2.102192e+01 7.765243e+00
      vertex   2.958577e+01 1.832715e+01 7.765243e+00
      vertex   2.970000e+01 2.102192e+01 7.685258e+00
    endloop
  endfacet
  facet normal 5.735764e-01 -1.150897e-13 8.191520e-01
    outer loop
      vertex   2.970000e+01 2.102192e+01 7.685258e+00
      vertex   2.958577e+01 1.832715e+01 7.765243e+00
      vertex   2.970000e+01 1.832715e+01 7.685258e+00
    endloop
  endfacet
  facet normal 4.226183e-01 1.009969e-13 9.063078e-01
    outer loop
      vertex   2.970000e+01 2.102192e+01 7.685258e+00
      vertex   2.970000e+01 1.832715e+01 7.685258e+00
      vertex   2.982638e+01 2.102192e+01 7.626324e+00
    endloop
  endfacet
  facet normal 4.226183e-01 -1.340172e-13 9.063078e-01
    outer loop
      vertex   2.982638e+01 2.102192e+01 7.626324e+00
      vertex   2.970000e+01 1.832715e+01 7.685258e+00
      vertex   2.982638e+01 1.832715e+01 7.626324e+00
    endloop
  endfacet
  facet normal 2.588190e-01 1.183553e-13 9.659258e-01
    outer loop
      vertex   2.982638e+01 2.102192e+01 7.626324e+00
      vertex   2.982638e+01 1.832715e+01 7.626324e+00
      vertex   2.996108e+01 2.102192e+01 7.590232e+00
    endloop
  endfacet
  facet normal 2.588190e-01 -1.527774e-13 9.659258e-01
    outer loop
      vertex   2.996108e+01 2.102192e+01 7.590232e+00
      vertex   2.982638e+01 1.832715e+01 7.626324e+00
      vertex   2.996108e+01 1.832715e+01 7.590232e+00
    endloop
  endfacet
  facet normal 8.715574e-02 1.358524e-13 9.961947e-01
    outer loop
      vertex   2.996108e+01 2.102192e+01 7.590232e+00
      vertex   2.996108e+01 1.832715e+01 7.590232e+00
      vertex   3.010000e+01 2.102192e+01 7.578078e+00
    endloop
  endfacet
  facet normal 8.715574e-02 -1.707975e-13 9.961947e-01
    outer loop
      vertex   3.010000e+01 2.102192e+01 7.578078e+00
      vertex   2.996108e+01 1.832715e+01 7.590232e+00
      vertex   3.010000e+01 1.832715e+01 7.578078e+00
    endloop
  endfacet
  facet normal -8.715574e-02 1.543805e-13 9.961947e-01
    outer loop
      vertex   3.010000e+01 2.102192e+01 7.578078e+00
      vertex   3.010000e+01 1.832715e+01 7.578078e+00
      vertex   3.023892e+01 2.102192e+01 7.590232e+00
    endloop
  endfacet
  facet normal -8.715574e-02 -1.888839e-13 9.961947e-01
    outer loop
      vertex   3.023892e+01 2.102192e+01 7.590232e+00
      vertex   3.010000e+01 1.832715e+01 7.578078e+00
      vertex   3.023892e+01 1.832715e+01 7.590232e+00
    endloop
  endfacet
  facet normal -2.588190e-01 1.725977e-13 9.659258e-01
    outer loop
      vertex   3.023892e+01 2.102192e+01 7.590232e+00
      vertex   3.023892e+01 1.832715e+01 7.590232e+00
      vertex   3.037362e+01 2.102192e+01 7.626324e+00
    endloop
  endfacet
  facet normal -2.588190e-01 -2.064043e-13 9.659258e-01
    outer loop
      vertex   3.037362e+01 2.102192e+01 7.626324e+00
      vertex   3.023892e+01 1.832715e+01 7.590232e+00
      vertex   3.037362e+01 1.832715e+01 7.626324e+00
    endloop
  endfacet
  facet normal -4.226183e-01 1.914751e-13 9.063078e-01
    outer loop
      vertex   3.037362e+01 2.102192e+01 7.626324e+00
      vertex   3.037362e+01 1.832715e+01 7.626324e+00
      vertex   3.050000e+01 2.102192e+01 7.685258e+00
    endloop
  endfacet
  facet normal -4.226183e-01 -2.243571e-13 9.063078e-01
    outer loop
      vertex   3.050000e+01 2.102192e+01 7.685258e+00
      vertex   3.037362e+01 1.832715e+01 7.626324e+00
      vertex   3.050000e+01 1.832715e+01 7.685258e+00
    endloop
  endfacet
  facet normal -5.735764e-01 2.097141e-13 8.191520e-01
    outer loop
      vertex   3.050000e+01 2.102192e+01 7.685258e+00
      vertex   3.050000e+01 1.832715e+01 7.685258e+00
      vertex   3.061423e+01 2.102192e+01 7.765243e+00
    endloop
  endfacet
  facet normal -5.735764e-01 -1.873173e-13 8.191520e-01
    outer loop
      vertex   3.061423e+01 2.102192e+01 7.765243e+00
      vertex   3.050000e+01 1.832715e+01 7.685258e+00
      vertex   3.061423e+01 1.832715e+01 7.765243e+00
    endloop
  endfacet
  facet normal -7.071068e-01 1.747934e-13 7.071068e-01
    outer loop
      vertex   3.061423e+01 2.102192e+01 7.765243e+00
      vertex   3.061423e+01 1.832715e+01 7.765243e+00
      vertex   3.071284e+01 2.102192e+01 7.863848e+00
    endloop
  endfacet
  facet normal -7.071068e-01 -1.493901e-13 7.071068e-01
    outer loop
      vertex   3.071284e+01 2.102192e+01 7.863848e+00
      vertex   3.061423e+01 1.832715e+01 7.765243e+00
      vertex   3.071284e+01 1.832715e+01 7.863848e+00
    endloop
  endfacet
  facet normal -8.191520e-01 1.407431e-13 5.735764e-01
    outer loop
      vertex   3.071284e+01 2.102192e+01 7.863848e+00
      vertex   3.071284e+01 1.832715e+01 7.863848e+00
      vertex   3.079282e+01 2.102192e+01 7.978078e+00
    endloop
  endfacet
  facet normal -8.191520e-01 -1.134981e-13 5.735764e-01
    outer loop
      vertex   3.079282e+01 2.102192e+01 7.978078e+00
      vertex   3.071284e+01 1.832715e+01 7.863848e+00
      vertex   3.079282e+01 1.832715e+01 7.978078e+00
    endloop
  endfacet
  facet normal -9.063078e-01 1.043649e-13 4.226183e-01
    outer loop
      vertex   3.079282e+01 2.102192e+01 7.978078e+00
      vertex   3.079282e+01 1.832715e+01 7.978078e+00
      vertex   3.085175e+01 2.102192e+01 8.104462e+00
    endloop
  endfacet
  facet normal -9.063078e-01 -7.573656e-14 4.226183e-01
    outer loop
      vertex   3.085175e+01 2.102192e+01 8.104462e+00
      vertex   3.079282e+01 1.832715e+01 7.978078e+00
      vertex   3.085175e+01 1.832715e+01 8.104462e+00
    endloop
  endfacet
  facet normal -9.659258e-01 7.008357e-14 2.588190e-01
    outer loop
      vertex   3.085175e+01 2.102192e+01 8.104462e+00
      vertex   3.085175e+01 1.832715e+01 8.104462e+00
      vertex   3.088785e+01 2.102192e+01 8.239160e+00
    endloop
  endfacet
  facet normal -9.659258e-01 -3.888863e-14 2.588190e-01
    outer loop
      vertex   3.088785e+01 2.102192e+01 8.239160e+00
      vertex   3.085175e+01 1.832715e+01 8.104462e+00
      vertex   3.088785e+01 1.832715e+01 8.239160e+00
    endloop
  endfacet
  facet normal -9.961947e-01 3.466913e-14 8.715574e-02
    outer loop
      vertex   3.088785e+01 2.102192e+01 8.239160e+00
      vertex   3.088785e+01 1.832715e+01 8.239160e+00
      vertex   3.090000e+01 2.102192e+01 8.378078e+00
    endloop
  endfacet
  facet normal -9.961947e-01 -6.894234e-16 8.715574e-02
    outer loop
      vertex   3.090000e+01 2.102192e+01 8.378078e+00
      vertex   3.088785e+01 1.832715e+01 8.239160e+00
      vertex   3.090000e+01 1.832715e+01 8.378078e+00
    endloop
  endfacet
  facet normal -9.961947e-01 6.894234e-16 -8.715574e-02
    outer loop
      vertex   3.090000e+01 2.102192e+01 8.378078e+00
      vertex   3.090000e+01 1.832715e+01 8.378078e+00
      vertex   3.088785e+01 2.102192e+01 8.516997e+00
    endloop
  endfacet
  facet normal -9.961947e-01 3.604797e-14 -8.715574e-02
    outer loop
      vertex   3.088785e+01 2.102192e+01 8.516997e+00
      vertex   3.090000e+01 1.832715e+01 8.378078e+00
      vertex   3.088785e+01 1.832715e+01 8.516997e+00
    endloop
  endfacet
  facet normal -9.659258e-01 -3.479399e-14 -2.588190e-01
    outer loop
      vertex   3.088785e+01 2.102192e+01 8.516997e+00
      vertex   3.088785e+01 1.832715e+01 8.516997e+00
      vertex   3.085175e+01 2.102192e+01 8.651694e+00
    endloop
  endfacet
  facet normal -9.659258e-01 7.434883e-14 -2.588190e-01
    outer loop
      vertex   3.085175e+01 2.102192e+01 8.651694e+00
      vertex   3.088785e+01 1.832715e+01 8.516997e+00
      vertex   3.085175e+01 1.832715e+01 8.651694e+00
    endloop
  endfacet
  facet normal -9.063078e-01 -6.877194e-14 -4.226183e-01
    outer loop
      vertex   3.085175e+01 2.102192e+01 8.651694e+00
      vertex   3.085175e+01 1.832715e+01 8.651694e+00
      vertex   3.079282e+01 2.102192e+01 8.778078e+00
    endloop
  endfacet
  facet normal -9.063078e-01 1.109116e-13 -4.226183e-01
    outer loop
      vertex   3.079282e+01 2.102192e+01 8.778078e+00
      vertex   3.085175e+01 1.832715e+01 8.651694e+00
      vertex   3.079282e+01 1.832715e+01 8.778078e+00
    endloop
  endfacet
  facet normal -8.191520e-01 -1.046128e-13 -5.735764e-01
    outer loop
      vertex   3.079282e+01 2.102192e+01 8.778078e+00
      vertex   3.079282e+01 1.832715e+01 8.778078e+00
      vertex   3.071284e+01 2.102192e+01 8.892308e+00
    endloop
  endfacet
  facet normal -8.191520e-01 1.496283e-13 -5.735764e-01
    outer loop
      vertex   3.071284e+01 2.102192e+01 8.892308e+00
      vertex   3.079282e+01 1.832715e+01 8.778078e+00
      vertex   3.071284e+01 1.832715e+01 8.892308e+00
    endloop
  endfacet
  facet normal -7.071068e-01 -1.384364e-13 -7.071068e-01
    outer loop
      vertex   3.071284e+01 2.102192e+01 8.892308e+00
      vertex   3.071284e+01 1.832715e+01 8.892308e+00
      vertex   3.061423e+01 2.102192e+01 8.990914e+00
    endloop
  endfacet
  facet normal -7.071068e-01 1.864463e-13 -7.071068e-01
    outer loop
      vertex   3.061423e+01 2.102192e+01 8.990914e+00
      vertex   3.071284e+01 1.832715e+01 8.892308e+00
      vertex   3.061423e+01 1.832715e+01 8.990914e+00
    endloop
  endfacet
  facet normal -5.735764e-01 -1.738179e-13 -8.191520e-01
    outer loop
      vertex   3.061423e+01 2.102192e+01 8.990914e+00
      vertex   3.061423e+01 1.832715e+01 8.990914e+00
      vertex   3.050000e+01 2.102192e+01 9.070898e+00
    endloop
  endfacet
  facet normal -5.735764e-01 2.229435e-13 -8.191520e-01
    outer loop
      vertex   3.050000e+01 2.102192e+01 9.070898e+00
      vertex   3.061423e+01 1.832715e+01 8.990914e+00
      vertex   3.050000e+01 1.832715e+01 9.070898e+00
    endloop
  endfacet
  facet normal -4.226183e-01 -2.097201e-13 -9.063078e-01
    outer loop
      vertex   3.050000e+01 2.102192e+01 9.070898e+00
      vertex   3.050000e+01 1.832715e+01 9.070898e+00
      vertex   3.037362e+01 2.102192e+01 9.129832e+00
    endloop
  endfacet
  facet normal -4.226183e-01 2.064108e-13 -9.063078e-01
    outer loop
      vertex   3.037362e+01 2.102192e+01 9.129832e+00
      vertex   3.050000e+01 1.832715e+01 9.070898e+00
      vertex   3.037362e+01 1.832715e+01 9.129832e+00
    endloop
  endfacet
  facet normal -2.588190e-01 -1.904862e-13 -9.659258e-01
    outer loop
      vertex   3.037362e+01 2.102192e+01 9.129832e+00
      vertex   3.037362e+01 1.832715e+01 9.129832e+00
      vertex   3.023892e+01 2.102192e+01 9.165924e+00
    endloop
  endfacet
  facet normal -2.588190e-01 1.881975e-13 -9.659258e-01
    outer loop
      vertex   3.023892e+01 2.102192e+01 9.165924e+00
      vertex   3.037362e+01 1.832715e+01 9.129832e+00
      vertex   3.023892e+01 1.832715e+01 9.165924e+00
    endloop
  endfacet
  facet normal -8.715574e-02 -1.727952e-13 -9.961947e-01
    outer loop
      vertex   3.023892e+01 2.102192e+01 9.165924e+00
      vertex   3.023892e+01 1.832715e+01 9.165924e+00
      vertex   3.010000e+01 2.102192e+01 9.178078e+00
    endloop
  endfacet
  facet normal -8.715574e-02 1.704692e-13 -9.961947e-01
    outer loop
      vertex   3.010000e+01 2.102192e+01 9.178078e+00
      vertex   3.023892e+01 1.832715e+01 9.165924e+00
      vertex   3.010000e+01 1.832715e+01 9.178078e+00
    endloop
  endfacet
  facet normal 8.715574e-02 -1.547089e-13 -9.961947e-01
    outer loop
      vertex   3.010000e+01 2.102192e+01 9.178078e+00
      vertex   3.010000e+01 1.832715e+01 9.178078e+00
      vertex   2.996108e+01 2.102192e+01 9.165924e+00
    endloop
  endfacet
  facet normal 8.715574e-02 1.525977e-13 -9.961947e-01
    outer loop
      vertex   2.996108e+01 2.102192e+01 9.165924e+00
      vertex   3.010000e+01 1.832715e+01 9.178078e+00
      vertex   2.996108e+01 1.832715e+01 9.165924e+00
    endloop
  endfacet
  facet normal 2.588190e-01 -1.365409e-13 -9.659258e-01
    outer loop
      vertex   2.996108e+01 2.102192e+01 9.165924e+00
      vertex   2.996108e+01 1.832715e+01 9.165924e+00
      vertex   2.982638e+01 2.102192e+01 9.129832e+00
    endloop
  endfacet
  facet normal 2.588190e-01 1.342734e-13 -9.659258e-01
    outer loop
      vertex   2.982638e+01 2.102192e+01 9.129832e+00
      vertex   2.996108e+01 1.832715e+01 9.165924e+00
      vertex   2.982638e+01 1.832715e+01 9.129832e+00
    endloop
  endfacet
  facet normal 4.226183e-01 -1.190816e-13 -9.063078e-01
    outer loop
      vertex   2.982638e+01 2.102192e+01 9.129832e+00
      vertex   2.982638e+01 1.832715e+01 9.129832e+00
      vertex   2.970000e+01 2.102192e+01 9.070898e+00
    endloop
  endfacet
  facet normal 4.226183e-01 1.153351e-13 -9.063078e-01
    outer loop
      vertex   2.970000e+01 2.102192e+01 9.070898e+00
      vertex   2.982638e+01 1.832715e+01 9.129832e+00
      vertex   2.970000e+01 1.832715e+01 9.070898e+00
    endloop
  endfacet
  facet normal 5.735764e-01 -1.021303e-13 -8.191520e-01
    outer loop
      vertex   2.970000e+01 2.102192e+01 9.070898e+00
      vertex   2.970000e+01 1.832715e+01 9.070898e+00
      vertex   2.958577e+01 2.102192e+01 8.990914e+00
    endloop
  endfacet
  facet normal 5.735764e-01 9.662851e-14 -8.191520e-01
    outer loop
      vertex   2.958577e+01 2.102192e+01 8.990914e+00
      vertex   2.970000e+01 1.832715e+01 9.070898e+00
      vertex   2.958577e+01 1.832715e+01 8.990914e+00
    endloop
  endfacet
  facet normal 7.071068e-01 -8.483306e-14 -7.071068e-01
    outer loop
      vertex   2.958577e+01 2.102192e+01 8.990914e+00
      vertex   2.958577e+01 1.832715e+01 8.990914e+00
      vertex   2.948716e+01 2.102192e+01 8.892308e+00
    endloop
  endfacet
  facet normal 7.071068e-01 7.830744e-14 -7.071068e-01
    outer loop
      vertex   2.948716e+01 2.102192e+01 8.892308e+00
      vertex   2.958577e+01 1.832715e+01 8.990914e+00
      vertex   2.948716e+01 1.832715e+01 8.892308e+00
    endloop
  endfacet
  facet normal 8.191520e-01 -6.727944e-14 -5.735764e-01
    outer loop
      vertex   2.948716e+01 2.102192e+01 8.892308e+00
      vertex   2.948716e+01 1.832715e+01 8.892308e+00
      vertex   2.940718e+01 2.102192e+01 8.778078e+00
    endloop
  endfacet
  facet normal 8.191520e-01 5.819405e-14 -5.735764e-01
    outer loop
      vertex   2.940718e+01 2.102192e+01 8.778078e+00
      vertex   2.948716e+01 1.832715e+01 8.892308e+00
      vertex   2.940718e+01 1.832715e+01 8.778078e+00
    endloop
  endfacet
  facet normal 9.063078e-01 -5.131730e-14 -4.226183e-01
    outer loop
      vertex   2.940718e+01 2.102192e+01 8.778078e+00
      vertex   2.940718e+01 1.832715e+01 8.778078e+00
      vertex   2.934825e+01 2.102192e+01 8.651694e+00
    endloop
  endfacet
  facet normal 9.063078e-01 3.894236e-14 -4.226183e-01
    outer loop
      vertex   2.934825e+01 2.102192e+01 8.651694e+00
      vertex   2.940718e+01 1.832715e+01 8.778078e+00
      vertex   2.934825e+01 1.832715e+01 8.651694e+00
    endloop
  endfacet
  facet normal 9.659258e-01 -3.465485e-14 -2.588190e-01
    outer loop
      vertex   2.934825e+01 2.102192e+01 8.651694e+00
      vertex   2.934825e+01 1.832715e+01 8.651694e+00
      vertex   2.931215e+01 2.102192e+01 8.516997e+00
    endloop
  endfacet
  facet normal 9.659258e-01 2.055328e-14 -2.588190e-01
    outer loop
      vertex   2.931215e+01 2.102192e+01 8.516997e+00
      vertex   2.934825e+01 1.832715e+01 8.651694e+00
      vertex   2.931215e+01 1.832715e+01 8.516997e+00
    endloop
  endfacet
  facet normal -5.735764e-01 -1.870473e-13 8.191520e-01
    outer loop
      vertex   3.061423e+01 1.293762e+01 7.765243e+00
      vertex   3.061423e+01 1.563239e+01 7.765243e+00
      vertex   3.050000e+01 1.293762e+01 7.685258e+00
    endloop
  endfacet
  facet normal -5.735764e-01 2.107403e-13 8.191520e-01
    outer loop
      vertex   3.050000e+01 1.293762e+01 7.685258e+00
      vertex   3.061423e+01 1.563239e+01 7.765243e+00
      vertex   3.050000e+01 1.563239e+01 7.685258e+00
    endloop
  endfacet
  facet normal -4.226183e-01 -2.235012e-13 9.063078e-01
    outer loop
      vertex   3.050000e+01 1.293762e+01 7.685258e+00
      vertex   3.050000e+01 1.563239e+01 7.685258e+00
      vertex   3.037362e+01 1.293762e+01 7.626324e+00
    endloop
  endfacet
  facet normal -4.226183e-01 1.920725e-13 9.063078e-01
    outer loop
      vertex   3.037362e+01 1.293762e+01 7.626324e+00
      vertex   3.050000e+01 1.563239e+01 7.685258e+00
      vertex   3.037362e+01 1.563239e+01 7.626324e+00
    endloop
  endfacet
  facet normal -2.588190e-01 -2.057676e-13 9.659258e-01
    outer loop
      vertex   3.037362e+01 1.293762e+01 7.626324e+00
      vertex   3.037362e+01 1.563239e+01 7.626324e+00
      vertex   3.023892e+01 1.293762e+01 7.590232e+00
    endloop
  endfacet
  facet normal -2.588190e-01 1.728932e-13 9.659258e-01
    outer loop
      vertex   3.023892e+01 1.293762e+01 7.590232e+00
      vertex   3.037362e+01 1.563239e+01 7.626324e+00
      vertex   3.023892e+01 1.563239e+01 7.590232e+00
    endloop
  endfacet
  facet normal -8.715574e-02 -1.883421e-13 9.961947e-01
    outer loop
      vertex   3.023892e+01 1.293762e+01 7.590232e+00
      vertex   3.023892e+01 1.563239e+01 7.590232e+00
      vertex   3.010000e+01 1.293762e+01 7.578078e+00
    endloop
  endfacet
  facet normal -8.715574e-02 1.547089e-13 9.961947e-01
    outer loop
      vertex   3.010000e+01 1.293762e+01 7.578078e+00
      vertex   3.023892e+01 1.563239e+01 7.590232e+00
      vertex   3.010000e+01 1.563239e+01 7.578078e+00
    endloop
  endfacet
  facet normal 8.715574e-02 -1.704692e-13 9.961947e-01
    outer loop
      vertex   3.010000e+01 1.293762e+01 7.578078e+00
      vertex   3.010000e+01 1.563239e+01 7.578078e+00
      vertex   2.996108e+01 1.293762e+01 7.590232e+00
    endloop
  endfacet
  facet normal 8.715574e-02 1.368375e-13 9.961947e-01
    outer loop
      vertex   2.996108e+01 1.293762e+01 7.590232e+00
      vertex   3.010000e+01 1.563239e+01 7.578078e+00
      vertex   2.996108e+01 1.563239e+01 7.590232e+00
    endloop
  endfacet
  facet normal 2.588190e-01 -1.518223e-13 9.659258e-01
    outer loop
      vertex   2.996108e+01 1.293762e+01 7.590232e+00
      vertex   2.996108e+01 1.563239e+01 7.590232e+00
      vertex   2.982638e+01 1.293762e+01 7.626324e+00
    endloop
  endfacet
  facet normal 2.588190e-01 1.189920e-13 9.659258e-01
    outer loop
      vertex   2.982638e+01 1.293762e+01 7.626324e+00
      vertex   2.996108e+01 1.563239e+01 7.590232e+00
      vertex   2.982638e+01 1.563239e+01 7.626324e+00
    endloop
  endfacet
  facet normal 4.226183e-01 -1.334198e-13 9.063078e-01
    outer loop
      vertex   2.982638e+01 1.293762e+01 7.626324e+00
      vertex   2.982638e+01 1.563239e+01 7.626324e+00
      vertex   2.970000e+01 1.293762e+01 7.685258e+00
    endloop
  endfacet
  facet normal 4.226183e-01 1.018528e-13 9.063078e-01
    outer loop
      vertex   2.970000e+01 1.293762e+01 7.685258e+00
      vertex   2.982638e+01 1.563239e+01 7.626324e+00
      vertex   2.970000e+01 1.563239e+01 7.685258e+00
    endloop
  endfacet
  facet normal 5.735764e-01 -1.140635e-13 8.191520e-01
    outer loop
      vertex   2.970000e+01 1.293762e+01 7.685258e+00
      vertex   2.970000e+01 1.563239e+01 7.685258e+00
      vertex   2.958577e+01 1.293762e+01 7.765243e+00
    endloop
  endfacet
  facet normal 5.735764e-01 8.366912e-14 8.191520e-01
    outer loop
      vertex   2.958577e+01 1.293762e+01 7.765243e+00
      vertex   2.970000e+01 1.563239e+01 7.685258e+00
      vertex   2.958577e+01 1.563239e+01 7.765243e+00
    endloop
  endfacet
  facet normal 7.071068e-01 -9.601984e-14 7.071068e-01
    outer loop
      vertex   2.958577e+01 1.293762e+01 7.765243e+00
      vertex   2.958577e+01 1.563239e+01 7.765243e+00
      vertex   2.948716e+01 1.293762e+01 7.863848e+00
    endloop
  endfacet
  facet normal 7.071068e-01 6.665455e-14 7.071068e-01
    outer loop
      vertex   2.948716e+01 1.293762e+01 7.863848e+00
      vertex   2.958577e+01 1.563239e+01 7.765243e+00
      vertex   2.948716e+01 1.563239e+01 7.863848e+00
    endloop
  endfacet
  facet normal 8.191520e-01 -7.673180e-14 5.735764e-01
    outer loop
      vertex   2.948716e+01 1.293762e+01 7.863848e+00
      vertex   2.948716e+01 1.563239e+01 7.863848e+00
      vertex   2.940718e+01 1.293762e+01 7.978078e+00
    endloop
  endfacet
  facet normal 8.191520e-01 5.019974e-14 5.735764e-01
    outer loop
      vertex   2.940718e+01 1.293762e+01 7.978078e+00
      vertex   2.948716e+01 1.563239e+01 7.863848e+00
      vertex   2.940718e+01 1.563239e+01 7.978078e+00
    endloop
  endfacet
  facet normal 9.063078e-01 -5.680847e-14 4.226183e-01
    outer loop
      vertex   2.940718e+01 1.293762e+01 7.978078e+00
      vertex   2.940718e+01 1.563239e+01 7.978078e+00
      vertex   2.934825e+01 1.293762e+01 8.104462e+00
    endloop
  endfacet
  facet normal 9.063078e-01 3.225633e-14 4.226183e-01
    outer loop
      vertex   2.934825e+01 1.293762e+01 8.104462e+00
      vertex   2.940718e+01 1.563239e+01 7.978078e+00
      vertex   2.934825e+01 1.563239e+01 8.104462e+00
    endloop
  endfacet
  facet normal 9.659258e-01 -3.874949e-14 2.588190e-01
    outer loop
      vertex   2.934825e+01 1.293762e+01 8.104462e+00
      vertex   2.934825e+01 1.563239e+01 8.104462e+00
      vertex   2.931215e+01 1.293762e+01 8.239160e+00
    endloop
  endfacet
  facet normal 9.659258e-01 1.501458e-14 2.588190e-01
    outer loop
      vertex   2.931215e+01 1.293762e+01 8.239160e+00
      vertex   2.934825e+01 1.563239e+01 8.104462e+00
      vertex   2.931215e+01 1.563239e+01 8.239160e+00
    endloop
  endfacet
  facet normal 9.961947e-01 -1.971078e-14 8.715574e-02
    outer loop
      vertex   2.931215e+01 1.293762e+01 8.239160e+00
      vertex   2.931215e+01 1.563239e+01 8.239160e+00
      vertex   2.930000e+01 1.293762e+01 8.378078e+00
    endloop
  endfacet
  facet normal 9.961947e-01 -6.894234e-16 8.715574e-02
    outer loop
      vertex   2.930000e+01 1.293762e+01 8.378078e+00
      vertex   2.931215e+01 1.563239e+01 8.239160e+00
      vertex   2.930000e+01 1.563239e+01 8.378078e+00
    endloop
  endfacet
  facet normal 9.961947e-01 6.894234e-16 -8.715574e-02
    outer loop
      vertex   2.930000e+01 1.293762e+01 8.378078e+00
      vertex   2.930000e+01 1.563239e+01 8.378078e+00
      vertex   2.931215e+01 1.293762e+01 8.516997e+00
    endloop
  endfacet
  facet normal 9.961947e-01 -1.827448e-14 -8.715574e-02
    outer loop
      vertex   2.931215e+01 1.293762e+01 8.516997e+00
      vertex   2.930000e+01 1.563239e+01 8.378078e+00
      vertex   2.931215e+01 1.563239e+01 8.516997e+00
    endloop
  endfacet
  facet normal 9.659258e-01 1.927983e-14 -2.588190e-01
    outer loop
      vertex   2.931215e+01 1.293762e+01 8.516997e+00
      vertex   2.931215e+01 1.563239e+01 8.516997e+00
      vertex   2.934825e+01 1.293762e+01 8.651694e+00
    endloop
  endfacet
  facet normal 9.659258e-01 -3.448424e-14 -2.588190e-01
    outer loop
      vertex   2.934825e+01 1.293762e+01 8.651694e+00
      vertex   2.931215e+01 1.563239e+01 8.516997e+00
      vertex   2.934825e+01 1.563239e+01 8.651694e+00
    endloop
  endfacet
  facet normal 9.063078e-01 3.922094e-14 -4.226183e-01
    outer loop
      vertex   2.934825e+01 1.293762e+01 8.651694e+00
      vertex   2.934825e+01 1.563239e+01 8.651694e+00
      vertex   2.940718e+01 1.293762e+01 8.778078e+00
    endloop
  endfacet
  facet normal 9.063078e-01 -5.103871e-14 -4.226183e-01
    outer loop
      vertex   2.940718e+01 1.293762e+01 8.778078e+00
      vertex   2.934825e+01 1.563239e+01 8.651694e+00
      vertex   2.940718e+01 1.563239e+01 8.778078e+00
    endloop
  endfacet
  facet normal 8.191520e-01 5.857214e-14 -5.735764e-01
    outer loop
      vertex   2.940718e+01 1.293762e+01 8.778078e+00
      vertex   2.940718e+01 1.563239e+01 8.778078e+00
      vertex   2.948716e+01 1.293762e+01 8.892308e+00
    endloop
  endfacet
  facet normal 8.191520e-01 -6.765754e-14 -5.735764e-01
    outer loop
      vertex   2.948716e+01 1.293762e+01 8.892308e+00
      vertex   2.940718e+01 1.563239e+01 8.778078e+00
      vertex   2.948716e+01 1.563239e+01 8.892308e+00
    endloop
  endfacet
  facet normal 7.071068e-01 7.784133e-14 -7.071068e-01
    outer loop
      vertex   2.948716e+01 1.293762e+01 8.892308e+00
      vertex   2.948716e+01 1.563239e+01 8.892308e+00
      vertex   2.958577e+01 1.293762e+01 8.990914e+00
    endloop
  endfacet
  facet normal 7.071068e-01 -8.483306e-14 -7.071068e-01
    outer loop
      vertex   2.958577e+01 1.293762e+01 8.990914e+00
      vertex   2.948716e+01 1.563239e+01 8.892308e+00
      vertex   2.958577e+01 1.563239e+01 8.990914e+00
    endloop
  endfacet
  facet normal 5.735764e-01 9.662851e-14 -8.191520e-01
    outer loop
      vertex   2.958577e+01 1.293762e+01 8.990914e+00
      vertex   2.958577e+01 1.563239e+01 8.990914e+00
      vertex   2.970000e+01 1.293762e+01 9.070898e+00
    endloop
  endfacet
  facet normal 5.735764e-01 -1.019141e-13 -8.191520e-01
    outer loop
      vertex   2.970000e+01 1.293762e+01 9.070898e+00
      vertex   2.958577e+01 1.563239e+01 8.990914e+00
      vertex   2.970000e+01 1.563239e+01 9.070898e+00
    endloop
  endfacet
  facet normal 4.226183e-01 1.152949e-13 -9.063078e-01
    outer loop
      vertex   2.970000e+01 1.293762e+01 9.070898e+00
      vertex   2.970000e+01 1.563239e+01 9.070898e+00
      vertex   2.982638e+01 1.293762e+01 9.129832e+00
    endloop
  endfacet
  facet normal 4.226183e-01 -1.190816e-13 -9.063078e-01
    outer loop
      vertex   2.982638e+01 1.293762e+01 9.129832e+00
      vertex   2.970000e+01 1.563239e+01 9.070898e+00
      vertex   2.982638e+01 1.563239e+01 9.129832e+00
    endloop
  endfacet
  facet normal 2.588190e-01 1.342734e-13 -9.659258e-01
    outer loop
      vertex   2.982638e+01 1.293762e+01 9.129832e+00
      vertex   2.982638e+01 1.563239e+01 9.129832e+00
      vertex   2.996108e+01 1.293762e+01 9.165924e+00
    endloop
  endfacet
  facet normal 2.588190e-01 -1.371776e-13 -9.659258e-01
    outer loop
      vertex   2.996108e+01 1.293762e+01 9.165924e+00
      vertex   2.982638e+01 1.563239e+01 9.129832e+00
      vertex   2.996108e+01 1.563239e+01 9.165924e+00
    endloop
  endfacet
  facet normal 8.715574e-02 1.519411e-13 -9.961947e-01
    outer loop
      vertex   2.996108e+01 1.293762e+01 9.165924e+00
      vertex   2.996108e+01 1.563239e+01 9.165924e+00
      vertex   3.010000e+01 1.293762e+01 9.178078e+00
    endloop
  endfacet
  facet normal 8.715574e-02 -1.547089e-13 -9.961947e-01
    outer loop
      vertex   3.010000e+01 1.293762e+01 9.178078e+00
      vertex   2.996108e+01 1.563239e+01 9.165924e+00
      vertex   3.010000e+01 1.563239e+01 9.178078e+00
    endloop
  endfacet
  facet normal -8.715574e-02 1.704692e-13 -9.961947e-01
    outer loop
      vertex   3.010000e+01 1.293762e+01 9.178078e+00
      vertex   3.010000e+01 1.563239e+01 9.178078e+00
      vertex   3.023892e+01 1.293762e+01 9.165924e+00
    endloop
  endfacet
  facet normal -8.715574e-02 -1.722535e-13 -9.961947e-01
    outer loop
      vertex   3.023892e+01 1.293762e+01 9.165924e+00
      vertex   3.010000e+01 1.563239e+01 9.178078e+00
      vertex   3.023892e+01 1.563239e+01 9.165924e+00
    endloop
  endfacet
  facet normal -2.588190e-01 1.884930e-13 -9.659258e-01
    outer loop
      vertex   3.023892e+01 1.293762e+01 9.165924e+00
      vertex   3.023892e+01 1.563239e+01 9.165924e+00
      vertex   3.037362e+01 1.293762e+01 9.129832e+00
    endloop
  endfacet
  facet normal -2.588190e-01 -1.904862e-13 -9.659258e-01
    outer loop
      vertex   3.037362e+01 1.293762e+01 9.129832e+00
      vertex   3.023892e+01 1.563239e+01 9.165924e+00
      vertex   3.037362e+01 1.563239e+01 9.129832e+00
    endloop
  endfacet
  facet normal -4.226183e-01 2.064108e-13 -9.063078e-01
    outer loop
      vertex   3.037362e+01 1.293762e+01 9.129832e+00
      vertex   3.037362e+01 1.563239e+01 9.129832e+00
      vertex   3.050000e+01 1.293762e+01 9.070898e+00
    endloop
  endfacet
  facet normal -4.226183e-01 -2.085655e-13 -9.063078e-01
    outer loop
      vertex   3.050000e+01 1.293762e+01 9.070898e+00
      vertex   3.037362e+01 1.563239e+01 9.129832e+00
      vertex   3.050000e+01 1.563239e+01 9.070898e+00
    endloop
  endfacet
  facet normal -5.735764e-01 2.242397e-13 -8.191520e-01
    outer loop
      vertex   3.050000e+01 1.293762e+01 9.070898e+00
      vertex   3.050000e+01 1.563239e+01 9.070898e+00
      vertex   3.061423e+01 1.293762e+01 8.990914e+00
    endloop
  endfacet
  facet normal -5.735764e-01 -1.738179e-13 -8.191520e-01
    outer loop
      vertex   3.061423e+01 1.293762e+01 8.990914e+00
      vertex   3.050000e+01 1.563239e+01 9.070898e+00
      vertex   3.061423e+01 1.563239e+01 8.990914e+00
    endloop
  endfacet
  facet normal -7.071068e-01 1.864463e-13 -7.071068e-01
    outer loop
      vertex   3.061423e+01 1.293762e+01 8.990914e+00
      vertex   3.061423e+01 1.563239e+01 8.990914e+00
      vertex   3.071284e+01 1.293762e+01 8.892308e+00
    endloop
  endfacet
  facet normal -7.071068e-01 -1.379703e-13 -7.071068e-01
    outer loop
      vertex   3.071284e+01 1.293762e+01 8.892308e+00
      vertex   3.061423e+01 1.563239e+01 8.990914e+00
      vertex   3.071284e+01 1.563239e+01 8.892308e+00
    endloop
  endfacet
  facet normal -8.191520e-01 1.500064e-13 -5.735764e-01
    outer loop
      vertex   3.071284e+01 1.293762e+01 8.892308e+00
      vertex   3.071284e+01 1.563239e+01 8.892308e+00
      vertex   3.079282e+01 1.293762e+01 8.778078e+00
    endloop
  endfacet
  facet normal -8.191520e-01 -1.042347e-13 -5.735764e-01
    outer loop
      vertex   3.079282e+01 1.293762e+01 8.778078e+00
      vertex   3.071284e+01 1.563239e+01 8.892308e+00
      vertex   3.079282e+01 1.563239e+01 8.778078e+00
    endloop
  endfacet
  facet normal -9.063078e-01 1.111902e-13 -4.226183e-01
    outer loop
      vertex   3.079282e+01 1.293762e+01 8.778078e+00
      vertex   3.079282e+01 1.563239e+01 8.778078e+00
      vertex   3.085175e+01 1.293762e+01 8.651694e+00
    endloop
  endfacet
  facet normal -9.063078e-01 -6.877194e-14 -4.226183e-01
    outer loop
      vertex   3.085175e+01 1.293762e+01 8.651694e+00
      vertex   3.079282e+01 1.563239e+01 8.778078e+00
      vertex   3.085175e+01 1.563239e+01 8.651694e+00
    endloop
  endfacet
  facet normal -9.659258e-01 7.434883e-14 -2.588190e-01
    outer loop
      vertex   3.085175e+01 1.293762e+01 8.651694e+00
      vertex   3.085175e+01 1.563239e+01 8.651694e+00
      vertex   3.088785e+01 1.293762e+01 8.516997e+00
    endloop
  endfacet
  facet normal -9.659258e-01 -3.352054e-14 -2.588190e-01
    outer loop
      vertex   3.088785e+01 1.293762e+01 8.516997e+00
      vertex   3.085175e+01 1.563239e+01 8.651694e+00
      vertex   3.088785e+01 1.563239e+01 8.516997e+00
    endloop
  endfacet
  facet normal -9.961947e-01 3.736133e-14 -8.715574e-02
    outer loop
      vertex   3.088785e+01 1.293762e+01 8.516997e+00
      vertex   3.088785e+01 1.563239e+01 8.516997e+00
      vertex   3.090000e+01 1.293762e+01 8.378078e+00
    endloop
  endfacet
  facet normal -9.961947e-01 6.894234e-16 -8.715574e-02
    outer loop
      vertex   3.090000e+01 1.293762e+01 8.378078e+00
      vertex   3.088785e+01 1.563239e+01 8.516997e+00
      vertex   3.090000e+01 1.563239e+01 8.378078e+00
    endloop
  endfacet
  facet normal -9.961947e-01 -6.894234e-16 8.715574e-02
    outer loop
      vertex   3.090000e+01 1.293762e+01 8.378078e+00
      vertex   3.090000e+01 1.563239e+01 8.378078e+00
      vertex   3.088785e+01 1.293762e+01 8.239160e+00
    endloop
  endfacet
  facet normal -9.961947e-01 3.598249e-14 8.715574e-02
    outer loop
      vertex   3.088785e+01 1.293762e+01 8.239160e+00
      vertex   3.090000e+01 1.563239e+01 8.378078e+00
      vertex   3.088785e+01 1.563239e+01 8.239160e+00
    endloop
  endfacet
  facet normal -9.659258e-01 -3.761518e-14 2.588190e-01
    outer loop
      vertex   3.088785e+01 1.293762e+01 8.239160e+00
      vertex   3.088785e+01 1.563239e+01 8.239160e+00
      vertex   3.085175e+01 1.293762e+01 8.104462e+00
    endloop
  endfacet
  facet normal -9.659258e-01 7.008357e-14 2.588190e-01
    outer loop
      vertex   3.085175e+01 1.293762e+01 8.104462e+00
      vertex   3.088785e+01 1.563239e+01 8.239160e+00
      vertex   3.085175e+01 1.563239e+01 8.104462e+00
    endloop
  endfacet
  facet normal -9.063078e-01 -7.573656e-14 4.226183e-01
    outer loop
      vertex   3.085175e+01 1.293762e+01 8.104462e+00
      vertex   3.085175e+01 1.563239e+01 8.104462e+00
      vertex   3.079282e+01 1.293762e+01 7.978078e+00
    endloop
  endfacet
  facet normal -9.063078e-01 1.042256e-13 4.226183e-01
    outer loop
      vertex   3.079282e+01 1.293762e+01 7.978078e+00
      vertex   3.085175e+01 1.563239e+01 8.104462e+00
      vertex   3.079282e+01 1.563239e+01 7.978078e+00
    endloop
  endfacet
  facet normal -8.191520e-01 -1.136871e-13 5.735764e-01
    outer loop
      vertex   3.079282e+01 1.293762e+01 7.978078e+00
      vertex   3.079282e+01 1.563239e+01 7.978078e+00
      vertex   3.071284e+01 1.293762e+01 7.863848e+00
    endloop
  endfacet
  facet normal -8.191520e-01 1.409322e-13 5.735764e-01
    outer loop
      vertex   3.071284e+01 1.293762e+01 7.863848e+00
      vertex   3.079282e+01 1.563239e+01 7.978078e+00
      vertex   3.071284e+01 1.563239e+01 7.863848e+00
    endloop
  endfacet
  facet normal -7.071068e-01 -1.491570e-13 7.071068e-01
    outer loop
      vertex   3.071284e+01 1.293762e+01 7.863848e+00
      vertex   3.071284e+01 1.563239e+01 7.863848e+00
      vertex   3.061423e+01 1.293762e+01 7.765243e+00
    endloop
  endfacet
  facet normal -7.071068e-01 1.750265e-13 7.071068e-01
    outer loop
      vertex   3.061423e+01 1.293762e+01 7.765243e+00
      vertex   3.071284e+01 1.563239e+01 7.863848e+00
      vertex   3.061423e+01 1.563239e+01 7.765243e+00
    endloop
  endfacet
  facet normal 9.961947e-01 -6.894234e-16 8.715574e-02
    outer loop
      vertex   2.930000e+01 1.832715e+01 8.378078e+00
      vertex   2.930000e+01 1.563239e+01 8.378078e+00
      vertex   2.931215e+01 1.832715e+01 8.239160e+00
    endloop
  endfacet
  facet normal 9.961947e-01 -1.833997e-14 8.715574e-02
    outer loop
      vertex   2.931215e+01 1.832715e+01 8.239160e+00
      vertex   2.930000e+01 1.563239e+01 8.378078e+00
      vertex   2.931215e+01 1.563239e+01 8.239160e+00
    endloop
  endfacet
  facet normal 9.659258e-01 1.645864e-14 2.588190e-01
    outer loop
      vertex   2.931215e+01 1.832715e+01 8.239160e+00
      vertex   2.931215e+01 1.563239e+01 8.239160e+00
      vertex   2.934825e+01 1.832715e+01 8.104462e+00
    endloop
  endfacet
  facet normal 9.659258e-01 -3.747604e-14 2.588190e-01
    outer loop
      vertex   2.934825e+01 1.832715e+01 8.104462e+00
      vertex   2.931215e+01 1.563239e+01 8.239160e+00
      vertex   2.934825e+01 1.563239e+01 8.104462e+00
    endloop
  endfacet
  facet normal 9.063078e-01 3.345118e-14 4.226183e-01
    outer loop
      vertex   2.934825e+01 1.832715e+01 8.104462e+00
      vertex   2.934825e+01 1.563239e+01 8.104462e+00
      vertex   2.940718e+01 1.832715e+01 7.978078e+00
    endloop
  endfacet
  facet normal 9.063078e-01 -5.744616e-14 4.226183e-01
    outer loop
      vertex   2.940718e+01 1.832715e+01 7.978078e+00
      vertex   2.934825e+01 1.563239e+01 8.104462e+00
      vertex   2.940718e+01 1.563239e+01 7.978078e+00
    endloop
  endfacet
  facet normal 8.191520e-01 4.987598e-14 5.735764e-01
    outer loop
      vertex   2.940718e+01 1.832715e+01 7.978078e+00
      vertex   2.940718e+01 1.563239e+01 7.978078e+00
      vertex   2.948716e+01 1.832715e+01 7.863848e+00
    endloop
  endfacet
  facet normal 8.191520e-01 -7.654275e-14 5.735764e-01
    outer loop
      vertex   2.948716e+01 1.832715e+01 7.863848e+00
      vertex   2.940718e+01 1.563239e+01 7.978078e+00
      vertex   2.948716e+01 1.563239e+01 7.863848e+00
    endloop
  endfacet
  facet normal 7.071068e-01 6.688761e-14 7.071068e-01
    outer loop
      vertex   2.948716e+01 1.832715e+01 7.863848e+00
      vertex   2.948716e+01 1.563239e+01 7.863848e+00
      vertex   2.958577e+01 1.832715e+01 7.765243e+00
    endloop
  endfacet
  facet normal 7.071068e-01 -9.578678e-14 7.071068e-01
    outer loop
      vertex   2.958577e+01 1.832715e+01 7.765243e+00
      vertex   2.948716e+01 1.563239e+01 7.863848e+00
      vertex   2.958577e+01 1.563239e+01 7.765243e+00
    endloop
  endfacet
  facet normal 5.735764e-01 8.393911e-14 8.191520e-01
    outer loop
      vertex   2.958577e+01 1.832715e+01 7.765243e+00
      vertex   2.958577e+01 1.563239e+01 7.765243e+00
      vertex   2.970000e+01 1.832715e+01 7.685258e+00
    endloop
  endfacet
  facet normal 5.735764e-01 -1.153597e-13 8.191520e-01
    outer loop
      vertex   2.970000e+01 1.832715e+01 7.685258e+00
      vertex   2.958577e+01 1.563239e+01 7.765243e+00
      vertex   2.970000e+01 1.563239e+01 7.685258e+00
    endloop
  endfacet
  facet normal 4.226183e-01 1.006982e-13 9.063078e-01
    outer loop
      vertex   2.970000e+01 1.832715e+01 7.685258e+00
      vertex   2.970000e+01 1.563239e+01 7.685258e+00
      vertex   2.982638e+01 1.832715e+01 7.626324e+00
    endloop
  endfacet
  facet normal 4.226183e-01 -1.334198e-13 9.063078e-01
    outer loop
      vertex   2.982638e+01 1.832715e+01 7.626324e+00
      vertex   2.970000e+01 1.563239e+01 7.685258e+00
      vertex   2.982638e+01 1.563239e+01 7.626324e+00
    endloop
  endfacet
  facet normal 2.588190e-01 1.189920e-13 9.659258e-01
    outer loop
      vertex   2.982638e+01 1.832715e+01 7.626324e+00
      vertex   2.982638e+01 1.563239e+01 7.626324e+00
      vertex   2.996108e+01 1.832715e+01 7.590232e+00
    endloop
  endfacet
  facet normal 2.588190e-01 -1.518223e-13 9.659258e-01
    outer loop
      vertex   2.996108e+01 1.832715e+01 7.590232e+00
      vertex   2.982638e+01 1.563239e+01 7.626324e+00
      vertex   2.996108e+01 1.563239e+01 7.590232e+00
    endloop
  endfacet
  facet normal 8.715574e-02 1.368375e-13 9.961947e-01
    outer loop
      vertex   2.996108e+01 1.832715e+01 7.590232e+00
      vertex   2.996108e+01 1.563239e+01 7.590232e+00
      vertex   3.010000e+01 1.832715e+01 7.578078e+00
    endloop
  endfacet
  facet normal 8.715574e-02 -1.703543e-13 9.961947e-01
    outer loop
      vertex   3.010000e+01 1.832715e+01 7.578078e+00
      vertex   2.996108e+01 1.563239e+01 7.590232e+00
      vertex   3.010000e+01 1.563239e+01 7.578078e+00
    endloop
  endfacet
  facet normal -8.715574e-02 1.545940e-13 9.961947e-01
    outer loop
      vertex   3.010000e+01 1.832715e+01 7.578078e+00
      vertex   3.010000e+01 1.563239e+01 7.578078e+00
      vertex   3.023892e+01 1.832715e+01 7.590232e+00
    endloop
  endfacet
  facet normal -8.715574e-02 -1.885555e-13 9.961947e-01
    outer loop
      vertex   3.023892e+01 1.832715e+01 7.590232e+00
      vertex   3.010000e+01 1.563239e+01 7.578078e+00
      vertex   3.023892e+01 1.563239e+01 7.590232e+00
    endloop
  endfacet
  facet normal -2.588190e-01 1.729161e-13 9.659258e-01
    outer loop
      vertex   3.023892e+01 1.832715e+01 7.590232e+00
      vertex   3.023892e+01 1.563239e+01 7.590232e+00
      vertex   3.037362e+01 1.832715e+01 7.626324e+00
    endloop
  endfacet
  facet normal -2.588190e-01 -2.067456e-13 9.659258e-01
    outer loop
      vertex   3.037362e+01 1.832715e+01 7.626324e+00
      vertex   3.023892e+01 1.563239e+01 7.590232e+00
      vertex   3.037362e+01 1.563239e+01 7.626324e+00
    endloop
  endfacet
  facet normal -4.226183e-01 1.909179e-13 9.063078e-01
    outer loop
      vertex   3.037362e+01 1.832715e+01 7.626324e+00
      vertex   3.037362e+01 1.563239e+01 7.626324e+00
      vertex   3.050000e+01 1.832715e+01 7.685258e+00
    endloop
  endfacet
  facet normal -4.226183e-01 -2.237596e-13 9.063078e-01
    outer loop
      vertex   3.050000e+01 1.832715e+01 7.685258e+00
      vertex   3.037362e+01 1.563239e+01 7.626324e+00
      vertex   3.050000e+01 1.563239e+01 7.685258e+00
    endloop
  endfacet
  facet normal -5.735764e-01 2.102541e-13 8.191520e-01
    outer loop
      vertex   3.050000e+01 1.832715e+01 7.685258e+00
      vertex   3.050000e+01 1.563239e+01 7.685258e+00
      vertex   3.061423e+01 1.832715e+01 7.765243e+00
    endloop
  endfacet
  facet normal -5.735764e-01 -1.862911e-13 8.191520e-01
    outer loop
      vertex   3.061423e+01 1.832715e+01 7.765243e+00
      vertex   3.050000e+01 1.563239e+01 7.685258e+00
      vertex   3.061423e+01 1.563239e+01 7.765243e+00
    endloop
  endfacet
  facet normal -7.071068e-01 1.759587e-13 7.071068e-01
    outer loop
      vertex   3.061423e+01 1.832715e+01 7.765243e+00
      vertex   3.061423e+01 1.563239e+01 7.765243e+00
      vertex   3.071284e+01 1.832715e+01 7.863848e+00
    endloop
  endfacet
  facet normal -7.071068e-01 -1.514876e-13 7.071068e-01
    outer loop
      vertex   3.071284e+01 1.832715e+01 7.863848e+00
      vertex   3.061423e+01 1.563239e+01 7.765243e+00
      vertex   3.071284e+01 1.563239e+01 7.863848e+00
    endloop
  endfacet
  facet normal -8.191520e-01 1.383942e-13 5.735764e-01
    outer loop
      vertex   3.071284e+01 1.832715e+01 7.863848e+00
      vertex   3.071284e+01 1.563239e+01 7.863848e+00
      vertex   3.079282e+01 1.832715e+01 7.978078e+00
    endloop
  endfacet
  facet normal -8.191520e-01 -1.122291e-13 5.735764e-01
    outer loop
      vertex   3.079282e+01 1.832715e+01 7.978078e+00
      vertex   3.071284e+01 1.563239e+01 7.863848e+00
      vertex   3.079282e+01 1.563239e+01 7.978078e+00
    endloop
  endfacet
  facet normal -9.063078e-01 1.056990e-13 4.226183e-01
    outer loop
      vertex   3.079282e+01 1.832715e+01 7.978078e+00
      vertex   3.079282e+01 1.563239e+01 7.978078e+00
      vertex   3.085175e+01 1.832715e+01 8.104462e+00
    endloop
  endfacet
  facet normal -9.063078e-01 -7.545797e-14 4.226183e-01
    outer loop
      vertex   3.085175e+01 1.832715e+01 8.104462e+00
      vertex   3.079282e+01 1.563239e+01 7.978078e+00
      vertex   3.085175e+01 1.563239e+01 8.104462e+00
    endloop
  endfacet
  facet normal -9.659258e-01 7.025418e-14 2.588190e-01
    outer loop
      vertex   3.085175e+01 1.832715e+01 8.104462e+00
      vertex   3.085175e+01 1.563239e+01 8.104462e+00
      vertex   3.088785e+01 1.832715e+01 8.239160e+00
    endloop
  endfacet
  facet normal -9.659258e-01 -3.761518e-14 2.588190e-01
    outer loop
      vertex   3.088785e+01 1.832715e+01 8.239160e+00
      vertex   3.085175e+01 1.563239e+01 8.104462e+00
      vertex   3.088785e+01 1.563239e+01 8.239160e+00
    endloop
  endfacet
  facet normal -9.961947e-01 3.598249e-14 8.715574e-02
    outer loop
      vertex   3.088785e+01 1.832715e+01 8.239160e+00
      vertex   3.088785e+01 1.563239e+01 8.239160e+00
      vertex   3.090000e+01 1.832715e+01 8.378078e+00
    endloop
  endfacet
  facet normal -9.961947e-01 -6.894234e-16 8.715574e-02
    outer loop
      vertex   3.090000e+01 1.832715e+01 8.378078e+00
      vertex   3.088785e+01 1.563239e+01 8.239160e+00
      vertex   3.090000e+01 1.563239e+01 8.378078e+00
    endloop
  endfacet
  facet normal -9.961947e-01 6.894234e-16 -8.715574e-02
    outer loop
      vertex   3.090000e+01 1.832715e+01 8.378078e+00
      vertex   3.090000e+01 1.563239e+01 8.378078e+00
      vertex   3.088785e+01 1.832715e+01 8.516997e+00
    endloop
  endfacet
  facet normal -9.961947e-01 3.730388e-14 -8.715574e-02
    outer loop
      vertex   3.088785e+01 1.832715e+01 8.516997e+00
      vertex   3.090000e+01 1.563239e+01 8.378078e+00
      vertex   3.088785e+01 1.563239e+01 8.516997e+00
    endloop
  endfacet
  facet normal -9.659258e-01 -3.369115e-14 -2.588190e-01
    outer loop
      vertex   3.088785e+01 1.832715e+01 8.516997e+00
      vertex   3.088785e+01 1.563239e+01 8.516997e+00
      vertex   3.085175e+01 1.832715e+01 8.651694e+00
    endloop
  endfacet
  facet normal -9.659258e-01 7.417822e-14 -2.588190e-01
    outer loop
      vertex   3.085175e+01 1.832715e+01 8.651694e+00
      vertex   3.088785e+01 1.563239e+01 8.516997e+00
      vertex   3.085175e+01 1.563239e+01 8.651694e+00
    endloop
  endfacet
  facet normal -9.063078e-01 -6.905053e-14 -4.226183e-01
    outer loop
      vertex   3.085175e+01 1.832715e+01 8.651694e+00
      vertex   3.085175e+01 1.563239e+01 8.651694e+00
      vertex   3.079282e+01 1.832715e+01 8.778078e+00
    endloop
  endfacet
  facet normal -9.063078e-01 1.123851e-13 -4.226183e-01
    outer loop
      vertex   3.079282e+01 1.832715e+01 8.778078e+00
      vertex   3.085175e+01 1.563239e+01 8.651694e+00
      vertex   3.079282e+01 1.563239e+01 8.778078e+00
    endloop
  endfacet
  facet normal -8.191520e-01 -1.031548e-13 -5.735764e-01
    outer loop
      vertex   3.079282e+01 1.832715e+01 8.778078e+00
      vertex   3.079282e+01 1.563239e+01 8.778078e+00
      vertex   3.071284e+01 1.832715e+01 8.892308e+00
    endloop
  endfacet
  facet normal -8.191520e-01 1.478465e-13 -5.735764e-01
    outer loop
      vertex   3.071284e+01 1.832715e+01 8.892308e+00
      vertex   3.079282e+01 1.563239e+01 8.778078e+00
      vertex   3.071284e+01 1.563239e+01 8.892308e+00
    endloop
  endfacet
  facet normal -7.071068e-01 -1.398347e-13 -7.071068e-01
    outer loop
      vertex   3.071284e+01 1.832715e+01 8.892308e+00
      vertex   3.071284e+01 1.563239e+01 8.892308e+00
      vertex   3.061423e+01 1.832715e+01 8.990914e+00
    endloop
  endfacet
  facet normal -7.071068e-01 1.864463e-13 -7.071068e-01
    outer loop
      vertex   3.061423e+01 1.832715e+01 8.990914e+00
      vertex   3.071284e+01 1.563239e+01 8.892308e+00
      vertex   3.061423e+01 1.563239e+01 8.990914e+00
    endloop
  endfacet
  facet normal -5.735764e-01 -1.741417e-13 -8.191520e-01
    outer loop
      vertex   3.061423e+01 1.832715e+01 8.990914e+00
      vertex   3.061423e+01 1.563239e+01 8.990914e+00
      vertex   3.050000e+01 1.832715e+01 9.070898e+00
    endloop
  endfacet
  facet normal -5.735764e-01 2.224035e-13 -8.191520e-01
    outer loop
      vertex   3.050000e+01 1.832715e+01 9.070898e+00
      vertex   3.061423e+01 1.563239e+01 8.990914e+00
      vertex   3.050000e+01 1.563239e+01 9.070898e+00
    endloop
  endfacet
  facet normal -4.226183e-01 -2.103175e-13 -9.063078e-01
    outer loop
      vertex   3.050000e+01 1.832715e+01 9.070898e+00
      vertex   3.050000e+01 1.563239e+01 9.070898e+00
      vertex   3.037362e+01 1.832715e+01 9.129832e+00
    endloop
  endfacet
  facet normal -4.226183e-01 2.058134e-13 -9.063078e-01
    outer loop
      vertex   3.037362e+01 1.832715e+01 9.129832e+00
      vertex   3.050000e+01 1.563239e+01 9.070898e+00
      vertex   3.037362e+01 1.563239e+01 9.129832e+00
    endloop
  endfacet
  facet normal -2.588190e-01 -1.911229e-13 -9.659258e-01
    outer loop
      vertex   3.037362e+01 1.832715e+01 9.129832e+00
      vertex   3.037362e+01 1.563239e+01 9.129832e+00
      vertex   3.023892e+01 1.832715e+01 9.165924e+00
    endloop
  endfacet
  facet normal -2.588190e-01 1.885387e-13 -9.659258e-01
    outer loop
      vertex   3.023892e+01 1.832715e+01 9.165924e+00
      vertex   3.037362e+01 1.563239e+01 9.129832e+00
      vertex   3.023892e+01 1.563239e+01 9.165924e+00
    endloop
  endfacet
  facet normal -8.715574e-02 -1.726803e-13 -9.961947e-01
    outer loop
      vertex   3.023892e+01 1.832715e+01 9.165924e+00
      vertex   3.023892e+01 1.563239e+01 9.165924e+00
      vertex   3.010000e+01 1.832715e+01 9.178078e+00
    endloop
  endfacet
  facet normal -8.715574e-02 1.703543e-13 -9.961947e-01
    outer loop
      vertex   3.010000e+01 1.832715e+01 9.178078e+00
      vertex   3.023892e+01 1.563239e+01 9.165924e+00
      vertex   3.010000e+01 1.563239e+01 9.178078e+00
    endloop
  endfacet
  facet normal 8.715574e-02 -1.545940e-13 -9.961947e-01
    outer loop
      vertex   3.010000e+01 1.832715e+01 9.178078e+00
      vertex   3.010000e+01 1.563239e+01 9.178078e+00
      vertex   2.996108e+01 1.832715e+01 9.165924e+00
    endloop
  endfacet
  facet normal 8.715574e-02 1.525977e-13 -9.961947e-01
    outer loop
      vertex   2.996108e+01 1.832715e+01 9.165924e+00
      vertex   3.010000e+01 1.563239e+01 9.178078e+00
      vertex   2.996108e+01 1.563239e+01 9.165924e+00
    endloop
  endfacet
  facet normal 2.588190e-01 -1.365409e-13 -9.659258e-01
    outer loop
      vertex   2.996108e+01 1.832715e+01 9.165924e+00
      vertex   2.996108e+01 1.563239e+01 9.165924e+00
      vertex   2.982638e+01 1.832715e+01 9.129832e+00
    endloop
  endfacet
  facet normal 2.588190e-01 1.336367e-13 -9.659258e-01
    outer loop
      vertex   2.982638e+01 1.832715e+01 9.129832e+00
      vertex   2.996108e+01 1.563239e+01 9.165924e+00
      vertex   2.982638e+01 1.563239e+01 9.129832e+00
    endloop
  endfacet
  facet normal 4.226183e-01 -1.196790e-13 -9.063078e-01
    outer loop
      vertex   2.982638e+01 1.832715e+01 9.129832e+00
      vertex   2.982638e+01 1.563239e+01 9.129832e+00
      vertex   2.970000e+01 1.832715e+01 9.070898e+00
    endloop
  endfacet
  facet normal 4.226183e-01 1.153351e-13 -9.063078e-01
    outer loop
      vertex   2.970000e+01 1.832715e+01 9.070898e+00
      vertex   2.982638e+01 1.563239e+01 9.129832e+00
      vertex   2.970000e+01 1.563239e+01 9.070898e+00
    endloop
  endfacet
  facet normal 5.735764e-01 -1.021303e-13 -8.191520e-01
    outer loop
      vertex   2.970000e+01 1.832715e+01 9.070898e+00
      vertex   2.970000e+01 1.563239e+01 9.070898e+00
      vertex   2.958577e+01 1.832715e+01 8.990914e+00
    endloop
  endfacet
  facet normal 5.735764e-01 9.716848e-14 -8.191520e-01
    outer loop
      vertex   2.958577e+01 1.832715e+01 8.990914e+00
      vertex   2.970000e+01 1.563239e+01 9.070898e+00
      vertex   2.958577e+01 1.563239e+01 8.990914e+00
    endloop
  endfacet
  facet normal 7.071068e-01 -8.436695e-14 -7.071068e-01
    outer loop
      vertex   2.958577e+01 1.832715e+01 8.990914e+00
      vertex   2.958577e+01 1.563239e+01 8.990914e+00
      vertex   2.948716e+01 1.832715e+01 8.892308e+00
    endloop
  endfacet
  facet normal 7.071068e-01 7.784133e-14 -7.071068e-01
    outer loop
      vertex   2.948716e+01 1.832715e+01 8.892308e+00
      vertex   2.958577e+01 1.563239e+01 8.990914e+00
      vertex   2.948716e+01 1.563239e+01 8.892308e+00
    endloop
  endfacet
  facet normal 8.191520e-01 -6.765754e-14 -5.735764e-01
    outer loop
      vertex   2.948716e+01 1.832715e+01 8.892308e+00
      vertex   2.948716e+01 1.563239e+01 8.892308e+00
      vertex   2.940718e+01 1.832715e+01 8.778078e+00
    endloop
  endfacet
  facet normal 8.191520e-01 5.965209e-14 -5.735764e-01
    outer loop
      vertex   2.940718e+01 1.832715e+01 8.778078e+00
      vertex   2.948716e+01 1.563239e+01 8.892308e+00
      vertex   2.940718e+01 1.563239e+01 8.778078e+00
    endloop
  endfacet
  facet normal 9.063078e-01 -4.984386e-14 -4.226183e-01
    outer loop
      vertex   2.940718e+01 1.832715e+01 8.778078e+00
      vertex   2.940718e+01 1.563239e+01 8.778078e+00
      vertex   2.934825e+01 1.832715e+01 8.651694e+00
    endloop
  endfacet
  facet normal 9.063078e-01 3.985863e-14 -4.226183e-01
    outer loop
      vertex   2.934825e+01 1.832715e+01 8.651694e+00
      vertex   2.940718e+01 1.563239e+01 8.778078e+00
      vertex   2.934825e+01 1.563239e+01 8.651694e+00
    endloop
  endfacet
  facet normal 9.659258e-01 -3.355201e-14 -2.588190e-01
    outer loop
      vertex   2.934825e+01 1.832715e+01 8.651694e+00
      vertex   2.934825e+01 1.563239e+01 8.651694e+00
      vertex   2.931215e+01 1.832715e+01 8.516997e+00
    endloop
  endfacet
  facet normal 9.659258e-01 2.038267e-14 -2.588190e-01
    outer loop
      vertex   2.931215e+01 1.832715e+01 8.516997e+00
      vertex   2.934825e+01 1.563239e+01 8.651694e+00
      vertex   2.931215e+01 1.563239e+01 8.516997e+00
    endloop
  endfacet
  facet normal 9.961947e-01 -1.701858e-14 -8.715574e-02
    outer loop
      vertex   2.931215e+01 1.832715e+01 8.516997e+00
      vertex   2.931215e+01 1.563239e+01 8.516997e+00
      vertex   2.930000e+01 1.832715e+01 8.378078e+00
    endloop
  endfacet
  facet normal 9.961947e-01 6.894234e-16 -8.715574e-02
    outer loop
      vertex   2.930000e+01 1.832715e+01 8.378078e+00
      vertex   2.931215e+01 1.563239e+01 8.516997e+00
      vertex   2.930000e+01 1.563239e+01 8.378078e+00
    endloop
  endfacet
  facet normal -1.000000e+00 -4.931646e-08 0.000000e+00
    outer loop
      vertex   3.050000e+01 1.293762e+01 -2.000000e+00
      vertex   3.050000e+01 3.721922e+00 -2.000000e+00
      vertex   3.050000e+01 1.293762e+01 7.685258e+00
    endloop
  endfacet
  facet normal -1.000000e+00 -4.931646e-08 -2.810857e-24
    outer loop
      vertex   3.050000e+01 1.293762e+01 7.685258e+00
      vertex   3.050000e+01 3.721922e+00 -2.000000e+00
      vertex   3.050000e+01 3.721922e+00 1.400000e+01
    endloop
  endfacet
  facet normal -1.000000e+00 -4.931646e-08 0.000000e+00
    outer loop
      vertex   3.050000e+01 1.293762e+01 7.685258e+00
      vertex   3.050000e+01 3.721922e+00 1.400000e+01
      vertex   3.050000e+01 1.293762e+01 9.070898e+00
    endloop
  endfacet
  facet normal -1.000000e+00 -4.931646e-08 0.000000e+00
    outer loop
      vertex   3.050000e+01 1.293762e+01 9.070898e+00
      vertex   3.050000e+01 3.721922e+00 1.400000e+01
      vertex   3.050000e+01 1.293762e+01 1.400000e+01
    endloop
  endfacet
  facet normal 0.000000e+00 0.000000e+00 1.000000e+00
    outer loop
      vertex   3.050000e+01 3.721922e+00 1.400000e+01
      vertex   2.000000e+00 3.721922e+00 1.400000e+01
      vertex   3.050000e+01 2.000000e+00 1.400000e+01
    endloop
  endfacet
  facet normal 0.000000e+00 0.000000e+00 1.000000e+00
    outer loop
      vertex   3.050000e+01 2.000000e+00 1.400000e+01
      vertex   2.000000e+00 3.721922e+00 1.400000e+01
      vertex   2.000000e+00 2.000000e+00 1.400000e+01
    endloop
  endfacet
  facet normal 1.000000e+00 3.233867e-09 0.000000e+00
    outer loop
      vertex   2.000000e+00 1.293762e+01 1.400000e+01
      vertex   2.000000e+00 3.721922e+00 1.400000e+01
      vertex   2.000000e+00 1.293762e+01 9.119698e+00
    endloop
  endfacet
  facet normal 1.000000e+00 3.233867e-09 0.000000e+00
    outer loop
      vertex   2.000000e+00 1.293762e+01 9.119698e+00
      vertex   2.000000e+00 3.721922e+00 1.400000e+01
      vertex   2.000000e+00 1.293762e+01 7.636458e+00
    endloop
  endfacet
  facet normal 1.000000e+00 3.233867e-09 5.038357e-26
    outer loop
      vertex   2.000000e+00 1.293762e+01 7.636458e+00
      vertex   2.000000e+00 3.721922e+00 1.400000e+01
      vertex   2.000000e+00 3.721922e+00 -2.000000e+00
    endloop
  endfacet
  facet normal 1.000000e+00 3.233867e-09 0.000000e+00
    outer loop
      vertex   2.000000e+00 1.293762e+01 7.636458e+00
      vertex   2.000000e+00 3.721922e+00 -2.000000e+00
      vertex   2.000000e+00 1.293762e+01 -2.000000e+00
    endloop
  endfacet
  facet normal 3.576279e-08 1.000000e+00 0.000000e+00
    outer loop
      vertex   2.750000e+01 5.400000e+01 -1.000000e+00
      vertex   2.750000e+01 5.400000e+01 -3.000000e+00
      vertex   5.000000e+00 5.400000e+01 -1.000000e+00
    endloop
  endfacet
  facet normal 1.764652e-24 1.000000e+00 -4.023314e-07
    outer loop
      vertex   5.000000e+00 5.400000e+01 -1.000000e+00
      vertex   2.750000e+01 5.400000e+01 -3.000000e+00
      vertex   5.000000e+00 5.400000e+01 -3.000000e+00
    endloop
  endfacet
  facet normal 3.569233e-02 9.993628e-01 -0.000000e+00
    outer loop
      vertex   2.750000e+01 5.400000e+01 -3.000000e+00
      vertex   2.750000e+01 5.400000e+01 -1.000000e+00
      vertex   2.785670e+01 5.398726e+01 -3.000000e+00
    endloop
  endfacet
  facet normal 3.569233e-02 9.993628e-01 -0.000000e+00
    outer loop
      vertex   2.785670e+01 5.398726e+01 -3.000000e+00
      vertex   2.750000e+01 5.400000e+01 -1.000000e+00
      vertex   2.785670e+01 5.398726e+01 -1.000000e+00
    endloop
  endfacet
  facet normal 1.068951e-01 9.942703e-01 -0.000000e+00
    outer loop
      vertex   2.785670e+01 5.398726e+01 -3.000000e+00
      vertex   2.785670e+01 5.398726e+01 -1.000000e+00
      vertex   2.821157e+01 5.394911e+01 -3.000000e+00
    endloop
  endfacet
  facet normal 1.068951e-01 9.942703e-01 -3.797678e-16
    outer loop
      vertex   2.821157e+01 5.394911e+01 -3.000000e+00
      vertex   2.785670e+01 5.398726e+01 -1.000000e+00
      vertex   2.821157e+01 5.394911e+01 -1.000000e+00
    endloop
  endfacet
  facet normal 1.775532e-01 9.841112e-01 -6.307957e-16
    outer loop
      vertex   2.821157e+01 5.394911e+01 -3.000000e+00
      vertex   2.821157e+01 5.394911e+01 -1.000000e+00
      vertex   2.856283e+01 5.388573e+01 -3.000000e+00
    endloop
  endfacet
  facet normal 1.775532e-01 9.841112e-01 -3.496265e-15
    outer loop
      vertex   2.856283e+01 5.388573e+01 -3.000000e+00
      vertex   2.821157e+01 5.394911e+01 -1.000000e+00
      vertex   2.856283e+01 5.388573e+01 -1.000000e+00
    endloop
  endfacet
  facet normal 2.473065e-01 9.689373e-01 -3.442357e-15
    outer loop
      vertex   2.856283e+01 5.388573e+01 -3.000000e+00
      vertex   2.856283e+01 5.388573e+01 -1.000000e+00
      vertex   2.890866e+01 5.379746e+01 -3.000000e+00
    endloop
  endfacet
  facet normal 2.473065e-01 9.689373e-01 -0.000000e+00
    outer loop
      vertex   2.890866e+01 5.379746e+01 -3.000000e+00
      vertex   2.856283e+01 5.388573e+01 -1.000000e+00
      vertex   2.890866e+01 5.379746e+01 -1.000000e+00
    endloop
  endfacet
  facet normal 3.157996e-01 9.488259e-01 -0.000000e+00
    outer loop
      vertex   2.890866e+01 5.379746e+01 -3.000000e+00
      vertex   2.890866e+01 5.379746e+01 -1.000000e+00
      vertex   2.924732e+01 5.368475e+01 -3.000000e+00
    endloop
  endfacet
  facet normal 3.157996e-01 9.488259e-01 -0.000000e+00
    outer loop
      vertex   2.924732e+01 5.368475e+01 -3.000000e+00
      vertex   2.890866e+01 5.379746e+01 -1.000000e+00
      vertex   2.924732e+01 5.368475e+01 -1.000000e+00
    endloop
  endfacet
  facet normal 3.826834e-01 9.238795e-01 -0.000000e+00
    outer loop
      vertex   2.924732e+01 5.368475e+01 -3.000000e+00
      vertex   2.924732e+01 5.368475e+01 -1.000000e+00
      vertex   2.957708e+01 5.354816e+01 -3.000000e+00
    endloop
  endfacet
  facet normal 3.826834e-01 9.238795e-01 -0.000000e+00
    outer loop
      vertex   2.957708e+01 5.354816e+01 -3.000000e+00
      vertex   2.924732e+01 5.368475e+01 -1.000000e+00
      vertex   2.957708e+01 5.354816e+01 -1.000000e+00
    endloop
  endfacet
  facet normal 4.476172e-01 8.942253e-01 -0.000000e+00
    outer loop
      vertex   2.957708e+01 5.354816e+01 -3.000000e+00
      vertex   2.957708e+01 5.354816e+01 -1.000000e+00
      vertex   2.989624e+01 5.338839e+01 -3.000000e+00
    endloop
  endfacet
  facet normal 4.476172e-01 8.942253e-01 -0.000000e+00
    outer loop
      vertex   2.989624e+01 5.338839e+01 -3.000000e+00
      vertex   2.957708e+01 5.354816e+01 -1.000000e+00
      vertex   2.989624e+01 5.338839e+01 -1.000000e+00
    endloop
  endfacet
  facet normal 5.102700e-01 8.600142e-01 -0.000000e+00
    outer loop
      vertex   2.989624e+01 5.338839e+01 -3.000000e+00
      vertex   2.989624e+01 5.338839e+01 -1.000000e+00
      vertex   3.020320e+01 5.320627e+01 -3.000000e+00
    endloop
  endfacet
  facet normal 5.102700e-01 8.600142e-01 -0.000000e+00
    outer loop
      vertex   3.020320e+01 5.320627e+01 -3.000000e+00
      vertex   2.989624e+01 5.338839e+01 -1.000000e+00
      vertex   3.020320e+01 5.320627e+01 -1.000000e+00
    endloop
  endfacet
  facet normal 5.703226e-01 8.214208e-01 -0.000000e+00
    outer loop
      vertex   3.020320e+01 5.320627e+01 -3.000000e+00
      vertex   3.020320e+01 5.320627e+01 -1.000000e+00
      vertex   3.049639e+01 5.300271e+01 -3.000000e+00
    endloop
  endfacet
  facet normal 5.703226e-01 8.214208e-01 -0.000000e+00
    outer loop
      vertex   3.049639e+01 5.300271e+01 -3.000000e+00
      vertex   3.020320e+01 5.320627e+01 -1.000000e+00
      vertex   3.049639e+01 5.300271e+01 -1.000000e+00
    endloop
  endfacet
  facet normal 6.274690e-01 7.786415e-01 -0.000000e+00
    outer loop
      vertex   3.049639e+01 5.300271e+01 -3.000000e+00
      vertex   3.049639e+01 5.300271e+01 -1.000000e+00
      vertex   3.077430e+01 5.277875e+01 -3.000000e+00
    endloop
  endfacet
  facet normal 6.274690e-01 7.786415e-01 -0.000000e+00
    outer loop
      vertex   3.077430e+01 5.277875e+01 -3.000000e+00
      vertex   3.049639e+01 5.300271e+01 -1.000000e+00
      vertex   3.077430e+01 5.277875e+01 -1.000000e+00
    endloop
  endfacet
  facet normal 6.814179e-01 7.318945e-01 -0.000000e+00
    outer loop
      vertex   3.077430e+01 5.277875e+01 -3.000000e+00
      vertex   3.077430e+01 5.277875e+01 -1.000000e+00
      vertex   3.103553e+01 5.253553e+01 -3.000000e+00
    endloop
  endfacet
  facet normal 6.814179e-01 7.318945e-01 -0.000000e+00
    outer loop
      vertex   3.103553e+01 5.253553e+01 -3.000000e+00
      vertex   3.077430e+01 5.277875e+01 -1.000000e+00
      vertex   3.103553e+01 5.253553e+01 -1.000000e+00
    endloop
  endfacet
  facet normal 7.318945e-01 6.814179e-01 -0.000000e+00
    outer loop
      vertex   3.103553e+01 5.253553e+01 -3.000000e+00
      vertex   3.103553e+01 5.253553e+01 -1.000000e+00
      vertex   3.127875e+01 5.227430e+01 -3.000000e+00
    endloop
  endfacet
  facet normal 7.318945e-01 6.814179e-01 -0.000000e+00
    outer loop
      vertex   3.127875e+01 5.227430e+01 -3.000000e+00
      vertex   3.103553e+01 5.253553e+01 -1.000000e+00
      vertex   3.127875e+01 5.227430e+01 -1.000000e+00
    endloop
  endfacet
  facet normal 7.786415e-01 6.274690e-01 -0.000000e+00
    outer loop
      vertex   3.127875e+01 5.227430e+01 -3.000000e+00
      vertex   3.127875e+01 5.227430e+01 -1.000000e+00
      vertex   3.150271e+01 5.199639e+01 -3.000000e+00
    endloop
  endfacet
  facet normal 7.786415e-01 6.274690e-01 -0.000000e+00
    outer loop
      vertex   3.150271e+01 5.199639e+01 -3.000000e+00
      vertex   3.127875e+01 5.227430e+01 -1.000000e+00
      vertex   3.150271e+01 5.199639e+01 -1.000000e+00
    endloop
  endfacet
  facet normal 8.214208e-01 5.703226e-01 -0.000000e+00
    outer loop
      vertex   3.150271e+01 5.199639e+01 -3.000000e+00
      vertex   3.150271e+01 5.199639e+01 -1.000000e+00
      vertex   3.170627e+01 5.170320e+01 -3.000000e+00
    endloop
  endfacet
  facet normal 8.214208e-01 5.703226e-01 -0.000000e+00
    outer loop
      vertex   3.170627e+01 5.170320e+01 -3.000000e+00
      vertex   3.150271e+01 5.199639e+01 -1.000000e+00
      vertex   3.170627e+01 5.170320e+01 -1.000000e+00
    endloop
  endfacet
  facet normal 8.600142e-01 5.102700e-01 -0.000000e+00
    outer loop
      vertex   3.170627e+01 5.170320e+01 -3.000000e+00
      vertex   3.170627e+01 5.170320e+01 -1.000000e+00
      vertex   3.188839e+01 5.139624e+01 -3.000000e+00
    endloop
  endfacet
  facet normal 8.600142e-01 5.102700e-01 -0.000000e+00
    outer loop
      vertex   3.188839e+01 5.139624e+01 -3.000000e+00
      vertex   3.170627e+01 5.170320e+01 -1.000000e+00
      vertex   3.188839e+01 5.139624e+01 -1.000000e+00
    endloop
  endfacet
  facet normal 8.942253e-01 4.476172e-01 -0.000000e+00
    outer loop
      vertex   3.188839e+01 5.139624e+01 -3.000000e+00
      vertex   3.188839e+01 5.139624e+01 -1.000000e+00
      vertex   3.204816e+01 5.107708e+01 -3.000000e+00
    endloop
  endfacet
  facet normal 8.942253e-01 4.476172e-01 -0.000000e+00
    outer loop
      vertex   3.204816e+01 5.107708e+01 -3.000000e+00
      vertex   3.188839e+01 5.139624e+01 -1.000000e+00
      vertex   3.204816e+01 5.107708e+01 -1.000000e+00
    endloop
  endfacet
  facet normal 9.238795e-01 3.826834e-01 -0.000000e+00
    outer loop
      vertex   3.204816e+01 5.107708e+01 -3.000000e+00
      vertex   3.204816e+01 5.107708e+01 -1.000000e+00
      vertex   3.218475e+01 5.074732e+01 -3.000000e+00
    endloop
  endfacet
  facet normal 9.238795e-01 3.826834e-01 -0.000000e+00
    outer loop
      vertex   3.218475e+01 5.074732e+01 -3.000000e+00
      vertex   3.204816e+01 5.107708e+01 -1.000000e+00
      vertex   3.218475e+01 5.074732e+01 -1.000000e+00
    endloop
  endfacet
  facet normal 9.488259e-01 3.157996e-01 -0.000000e+00
    outer loop
      vertex   3.218475e+01 5.074732e+01 -3.000000e+00
      vertex   3.218475e+01 5.074732e+01 -1.000000e+00
      vertex   3.229746e+01 5.040866e+01 -3.000000e+00
    endloop
  endfacet
  facet normal 9.488259e-01 3.157996e-01 -0.000000e+00
    outer loop
      vertex   3.229746e+01 5.040866e+01 -3.000000e+00
      vertex   3.218475e+01 5.074732e+01 -1.000000e+00
      vertex   3.229746e+01 5.040866e+01 -1.000000e+00
    endloop
  endfacet
  facet normal 9.689373e-01 2.473065e-01 -0.000000e+00
    outer loop
      vertex   3.229746e+01 5.040866e+01 -3.000000e+00
      vertex   3.229746e+01 5.040866e+01 -1.000000e+00
      vertex   3.238573e+01 5.006283e+01 -3.000000e+00
    endloop
  endfacet
  facet normal 9.689373e-01 2.473065e-01 1.757218e-15
    outer loop
      vertex   3.238573e+01 5.006283e+01 -3.000000e+00
      vertex   3.229746e+01 5.040866e+01 -1.000000e+00
      vertex   3.238573e+01 5.006283e+01 -1.000000e+00
    endloop
  endfacet
  facet normal 9.841112e-01 1.775532e-01 1.261591e-15
    outer loop
      vertex   3.238573e+01 5.006283e+01 -3.000000e+00
      vertex   3.238573e+01 5.006283e+01 -1.000000e+00
      vertex   3.244911e+01 4.971157e+01 -3.000000e+00
    endloop
  endfacet
  facet normal 9.841112e-01 1.775532e-01 -0.000000e+00
    outer loop
      vertex   3.244911e+01 4.971157e+01 -3.000000e+00
      vertex   3.238573e+01 5.006283e+01 -1.000000e+00
      vertex   3.244911e+01 4.971157e+01 -1.000000e+00
    endloop
  endfacet
  facet normal 9.942703e-01 1.068951e-01 -0.000000e+00
    outer loop
      vertex   3.244911e+01 4.971157e+01 -3.000000e+00
      vertex   3.244911e+01 4.971157e+01 -1.000000e+00
      vertex   3.248726e+01 4.935670e+01 -3.000000e+00
    endloop
  endfacet
  facet normal 9.942703e-01 1.068951e-01 -0.000000e+00
    outer loop
      vertex   3.248726e+01 4.935670e+01 -3.000000e+00
      vertex   3.244911e+01 4.971157e+01 -1.000000e+00
      vertex   3.248726e+01 4.935670e+01 -1.000000e+00
    endloop
  endfacet
  facet normal 9.993628e-01 3.569233e-02 -0.000000e+00
    outer loop
      vertex   3.248726e+01 4.935670e+01 -3.000000e+00
      vertex   3.248726e+01 4.935670e+01 -1.000000e+00
      vertex   3.250000e+01 4.900000e+01 -3.000000e+00
    endloop
  endfacet
  facet normal 9.993628e-01 3.569233e-02 -0.000000e+00
    outer loop
      vertex   3.250000e+01 4.900000e+01 -3.000000e+00
      vertex   3.248726e+01 4.935670e+01 -1.000000e+00
      vertex   3.250000e+01 4.900000e+01 -1.000000e+00
    endloop
  endfacet
  facet normal 0.000000e+00 0.000000e+00 1.000000e+00
    outer loop
      vertex   3.250000e+01 3.400000e+01 6.000000e+00
      vertex   3.050000e+01 3.400000e+01 6.000000e+00
      vertex   3.250000e+01 2.392192e+01 6.000000e+00
    endloop
  endfacet
  facet normal 0.000000e+00 0.000000e+00 1.000000e+00
    outer loop
      vertex   3.250000e+01 2.392192e+01 6.000000e+00
      vertex   3.050000e+01 3.400000e+01 6.000000e+00
      vertex   3.050000e+01 2.392192e+01 6.000000e+00
    endloop
  endfacet
  facet normal -9.989330e-01 -4.618346e-02 0.000000e+00
    outer loop
      vertex   3.050000e+01 4.892192e+01 -2.000000e+00
      vertex   3.050000e+01 4.892192e+01 -1.000000e+00
      vertex   3.048720e+01 4.919873e+01 -2.000000e+00
    endloop
  endfacet
  facet normal -9.989330e-01 -4.618346e-02 3.548923e-15
    outer loop
      vertex   3.048720e+01 4.919873e+01 -2.000000e+00
      vertex   3.050000e+01 4.892192e+01 -1.000000e+00
      vertex   3.048720e+01 4.919873e+01 -1.000000e+00
    endloop
  endfacet
  facet normal -9.904104e-01 -1.381564e-01 3.518645e-15
    outer loop
      vertex   3.048720e+01 4.919873e+01 -2.000000e+00
      vertex   3.048720e+01 4.919873e+01 -1.000000e+00
      vertex   3.044892e+01 4.947317e+01 -2.000000e+00
    endloop
  endfacet
  facet normal -9.904104e-01 -1.381564e-01 7.037289e-15
    outer loop
      vertex   3.044892e+01 4.947317e+01 -2.000000e+00
      vertex   3.048720e+01 4.919873e+01 -1.000000e+00
      vertex   3.044892e+01 4.947317e+01 -1.000000e+00
    endloop
  endfacet
  facet normal -9.734381e-01 -2.289505e-01 6.916693e-15
    outer loop
      vertex   3.044892e+01 4.947317e+01 -2.000000e+00
      vertex   3.044892e+01 4.947317e+01 -1.000000e+00
      vertex   3.038548e+01 4.974291e+01 -2.000000e+00
    endloop
  endfacet
  facet normal -9.734381e-01 -2.289505e-01 3.458347e-15
    outer loop
      vertex   3.038548e+01 4.974291e+01 -2.000000e+00
      vertex   3.044892e+01 4.947317e+01 -1.000000e+00
      vertex   3.038548e+01 4.974291e+01 -1.000000e+00
    endloop
  endfacet
  facet normal -9.481606e-01 -3.177914e-01 3.368543e-15
    outer loop
      vertex   3.038548e+01 4.974291e+01 -2.000000e+00
      vertex   3.038548e+01 4.974291e+01 -1.000000e+00
      vertex   3.029742e+01 5.000565e+01 -2.000000e+00
    endloop
  endfacet
  facet normal -9.481606e-01 -3.177914e-01 3.368543e-15
    outer loop
      vertex   3.029742e+01 5.000565e+01 -2.000000e+00
      vertex   3.038548e+01 4.974291e+01 -1.000000e+00
      vertex   3.029742e+01 5.000565e+01 -1.000000e+00
    endloop
  endfacet
  facet normal -9.147939e-01 -4.039210e-01 3.250001e-15
    outer loop
      vertex   3.029742e+01 5.000565e+01 -2.000000e+00
      vertex   3.029742e+01 5.000565e+01 -1.000000e+00
      vertex   3.018549e+01 5.025914e+01 -2.000000e+00
    endloop
  endfacet
  facet normal -9.147939e-01 -4.039210e-01 3.250001e-15
    outer loop
      vertex   3.018549e+01 5.025914e+01 -2.000000e+00
      vertex   3.029742e+01 5.000565e+01 -1.000000e+00
      vertex   3.018549e+01 5.025914e+01 -1.000000e+00
    endloop
  endfacet
  facet normal -8.736224e-01 -4.866045e-01 3.103730e-15
    outer loop
      vertex   3.018549e+01 5.025914e+01 -2.000000e+00
      vertex   3.018549e+01 5.025914e+01 -1.000000e+00
      vertex   3.005065e+01 5.050122e+01 -2.000000e+00
    endloop
  endfacet
  facet normal -8.736224e-01 -4.866045e-01 3.103730e-15
    outer loop
      vertex   3.005065e+01 5.050122e+01 -2.000000e+00
      vertex   3.018549e+01 5.025914e+01 -1.000000e+00
      vertex   3.005065e+01 5.050122e+01 -1.000000e+00
    endloop
  endfacet
  facet normal -8.249975e-01 -5.651364e-01 2.930980e-15
    outer loop
      vertex   3.005065e+01 5.050122e+01 -2.000000e+00
      vertex   3.005065e+01 5.050122e+01 -1.000000e+00
      vertex   2.989405e+01 5.072983e+01 -2.000000e+00
    endloop
  endfacet
  facet normal -8.249975e-01 -5.651364e-01 0.000000e+00
    outer loop
      vertex   2.989405e+01 5.072983e+01 -2.000000e+00
      vertex   3.005065e+01 5.050122e+01 -1.000000e+00
      vertex   2.989405e+01 5.072983e+01 -1.000000e+00
    endloop
  endfacet
  facet normal -7.693340e-01 -6.388468e-01 0.000000e+00
    outer loop
      vertex   2.989405e+01 5.072983e+01 -2.000000e+00
      vertex   2.989405e+01 5.072983e+01 -1.000000e+00
      vertex   2.971703e+01 5.094301e+01 -2.000000e+00
    endloop
  endfacet
  facet normal -7.693340e-01 -6.388468e-01 2.733223e-15
    outer loop
      vertex   2.971703e+01 5.094301e+01 -2.000000e+00
      vertex   2.989405e+01 5.072983e+01 -1.000000e+00
      vertex   2.971703e+01 5.094301e+01 -1.000000e+00
    endloop
  endfacet
  facet normal -7.071068e-01 -7.071068e-01 2.512148e-15
    outer loop
      vertex   2.971703e+01 5.094301e+01 -2.000000e+00
      vertex   2.971703e+01 5.094301e+01 -1.000000e+00
      vertex   2.952109e+01 5.113895e+01 -2.000000e+00
    endloop
  endfacet
  facet normal -7.071068e-01 -7.071068e-01 1.256074e-14
    outer loop
      vertex   2.952109e+01 5.113895e+01 -2.000000e+00
      vertex   2.971703e+01 5.094301e+01 -1.000000e+00
      vertex   2.952109e+01 5.113895e+01 -1.000000e+00
    endloop
  endfacet
  facet normal -6.388468e-01 -7.693340e-01 1.320253e-14
    outer loop
      vertex   2.952109e+01 5.113895e+01 -2.000000e+00
      vertex   2.952109e+01 5.113895e+01 -1.000000e+00
      vertex   2.930790e+01 5.131597e+01 -2.000000e+00
    endloop
  endfacet
  facet normal -6.388468e-01 -7.693340e-01 5.466447e-15
    outer loop
      vertex   2.930790e+01 5.131597e+01 -2.000000e+00
      vertex   2.952109e+01 5.113895e+01 -1.000000e+00
      vertex   2.930790e+01 5.131597e+01 -1.000000e+00
    endloop
  endfacet
  facet normal -5.651364e-01 -8.249975e-01 5.861960e-15
    outer loop
      vertex   2.930790e+01 5.131597e+01 -2.000000e+00
      vertex   2.930790e+01 5.131597e+01 -1.000000e+00
      vertex   2.907930e+01 5.147257e+01 -2.000000e+00
    endloop
  endfacet
  facet normal -5.651364e-01 -8.249975e-01 4.015536e-15
    outer loop
      vertex   2.907930e+01 5.147257e+01 -2.000000e+00
      vertex   2.930790e+01 5.131597e+01 -1.000000e+00
      vertex   2.907930e+01 5.147257e+01 -1.000000e+00
    endloop
  endfacet
  facet normal -4.866045e-01 -8.736224e-01 3.457533e-15
    outer loop
      vertex   2.907930e+01 5.147257e+01 -2.000000e+00
      vertex   2.907930e+01 5.147257e+01 -1.000000e+00
      vertex   2.883722e+01 5.160741e+01 -2.000000e+00
    endloop
  endfacet
  facet normal -4.866045e-01 -8.736224e-01 3.457533e-15
    outer loop
      vertex   2.883722e+01 5.160741e+01 -2.000000e+00
      vertex   2.907930e+01 5.147257e+01 -1.000000e+00
      vertex   2.883722e+01 5.160741e+01 -1.000000e+00
    endloop
  endfacet
  facet normal -4.039210e-01 -9.147939e-01 2.870031e-15
    outer loop
      vertex   2.883722e+01 5.160741e+01 -2.000000e+00
      vertex   2.883722e+01 5.160741e+01 -1.000000e+00
      vertex   2.858372e+01 5.171934e+01 -2.000000e+00
    endloop
  endfacet
  facet normal -4.039210e-01 -9.147939e-01 6.500001e-15
    outer loop
      vertex   2.858372e+01 5.171934e+01 -2.000000e+00
      vertex   2.883722e+01 5.160741e+01 -1.000000e+00
      vertex   2.858372e+01 5.171934e+01 -1.000000e+00
    endloop
  endfacet
  facet normal -3.177914e-01 -9.481606e-01 6.737087e-15
    outer loop
      vertex   2.858372e+01 5.171934e+01 -2.000000e+00
      vertex   2.858372e+01 5.171934e+01 -1.000000e+00
      vertex   2.832099e+01 5.180740e+01 -2.000000e+00
    endloop
  endfacet
  facet normal -3.177914e-01 -9.481606e-01 0.000000e+00
    outer loop
      vertex   2.832099e+01 5.180740e+01 -2.000000e+00
      vertex   2.858372e+01 5.171934e+01 -1.000000e+00
      vertex   2.832099e+01 5.180740e+01 -1.000000e+00
    endloop
  endfacet
  facet normal -2.289505e-01 -9.734381e-01 0.000000e+00
    outer loop
      vertex   2.832099e+01 5.180740e+01 -2.000000e+00
      vertex   2.832099e+01 5.180740e+01 -1.000000e+00
      vertex   2.805125e+01 5.187084e+01 -2.000000e+00
    endloop
  endfacet
  facet normal -2.289505e-01 -9.734381e-01 0.000000e+00
    outer loop
      vertex   2.805125e+01 5.187084e+01 -2.000000e+00
      vertex   2.832099e+01 5.180740e+01 -1.000000e+00
      vertex   2.805125e+01 5.187084e+01 -1.000000e+00
    endloop
  endfacet
  facet normal -1.381564e-01 -9.904104e-01 0.000000e+00
    outer loop
      vertex   2.805125e+01 5.187084e+01 -2.000000e+00
      vertex   2.805125e+01 5.187084e+01 -1.000000e+00
      vertex   2.777681e+01 5.190912e+01 -2.000000e+00
    endloop
  endfacet
  facet normal -1.381564e-01 -9.904104e-01 0.000000e+00
    outer loop
      vertex   2.777681e+01 5.190912e+01 -2.000000e+00
      vertex   2.805125e+01 5.187084e+01 -1.000000e+00
      vertex   2.777681e+01 5.190912e+01 -1.000000e+00
    endloop
  endfacet
  facet normal -4.618346e-02 -9.989330e-01 0.000000e+00
    outer loop
      vertex   2.777681e+01 5.190912e+01 -2.000000e+00
      vertex   2.777681e+01 5.190912e+01 -1.000000e+00
      vertex   2.750000e+01 5.192192e+01 -2.000000e+00
    endloop
  endfacet
  facet normal -4.618346e-02 -9.989330e-01 0.000000e+00
    outer loop
      vertex   2.750000e+01 5.192192e+01 -2.000000e+00
      vertex   2.777681e+01 5.190912e+01 -1.000000e+00
      vertex   2.750000e+01 5.192192e+01 -1.000000e+00
    endloop
  endfacet
  facet normal 0.000000e+00 -3.233866e-09 1.000000e+00
    outer loop
      vertex   3.050000e+01 1.293762e+01 -2.000000e+00
      vertex   2.820000e+01 1.293762e+01 -2.000000e+00
      vertex   3.050000e+01 3.721922e+00 -2.000000e+00
    endloop
  endfacet
  facet normal -3.700743e-17 -3.233866e-09 1.000000e+00
    outer loop
      vertex   3.050000e+01 3.721922e+00 -2.000000e+00
      vertex   2.820000e+01 1.293762e+01 -2.000000e+00
      vertex   4.200000e+00 1.293762e+01 -2.000000e+00
    endloop
  endfacet
  facet normal 9.562746e-25 -3.233866e-09 1.000000e+00
    outer loop
      vertex   3.050000e+01 3.721922e+00 -2.000000e+00
      vertex   4.200000e+00 1.293762e+01 -2.000000e+00
      vertex   2.000000e+00 1.293762e+01 -2.000000e+00
    endloop
  endfacet
  facet normal -3.700743e-17 -5.660120e-16 1.000000e+00
    outer loop
      vertex   4.200000e+00 1.293762e+01 -2.000000e+00
      vertex   2.820000e+01 1.293762e+01 -2.000000e+00
      vertex   4.200000e+00 2.392192e+01 -2.000000e+00
    endloop
  endfacet
  facet normal 3.145632e-16 2.021471e-16 1.000000e+00
    outer loop
      vertex   4.200000e+00 2.392192e+01 -2.000000e+00
      vertex   2.820000e+01 1.293762e+01 -2.000000e+00
      vertex   2.820000e+01 2.392192e+01 -2.000000e+00
    endloop
  endfacet
  facet normal 3.145632e-16 9.917992e-18 1.000000e+00
    outer loop
      vertex   4.200000e+00 2.392192e+01 -2.000000e+00
      vertex   2.820000e+01 2.392192e+01 -2.000000e+00
      vertex   2.000000e+00 4.892192e+01 -2.000000e+00
    endloop
  endfacet
  facet normal 3.861645e-16 8.495620e-17 1.000000e+00
    outer loop
      vertex   2.000000e+00 4.892192e+01 -2.000000e+00
      vertex   2.820000e+01 2.392192e+01 -2.000000e+00
      vertex   3.050000e+01 2.392192e+01 -2.000000e+00
    endloop
  endfacet
  facet normal 2.804774e-16 -3.552714e-17 1.000000e+00
    outer loop
      vertex   2.000000e+00 4.892192e+01 -2.000000e+00
      vertex   3.050000e+01 2.392192e+01 -2.000000e+00
      vertex   3.050000e+01 4.892192e+01 -2.000000e+00
    endloop
  endfacet
  facet normal 2.804774e-16 1.603042e-14 1.000000e+00
    outer loop
      vertex   2.000000e+00 4.892192e+01 -2.000000e+00
      vertex   3.050000e+01 4.892192e+01 -2.000000e+00
      vertex   2.012797e+00 4.919873e+01 -2.000000e+00
    endloop
  endfacet
  facet normal 2.339413e-16 1.124119e-14 1.000000e+00
    outer loop
      vertex   2.012797e+00 4.919873e+01 -2.000000e+00
      vertex   3.050000e+01 4.892192e+01 -2.000000e+00
      vertex   3.048720e+01 4.919873e+01 -2.000000e+00
    endloop
  endfacet
  facet normal 2.339413e-16 -3.263341e-17 1.000000e+00
    outer loop
      vertex   2.012797e+00 4.919873e+01 -2.000000e+00
      vertex   3.048720e+01 4.919873e+01 -2.000000e+00
      vertex   2.051081e+00 4.947317e+01 -2.000000e+00
    endloop
  endfacet
  facet normal 2.345720e-16 3.272140e-17 1.000000e+00
    outer loop
      vertex   2.051081e+00 4.947317e+01 -2.000000e+00
      vertex   3.048720e+01 4.919873e+01 -2.000000e+00
      vertex   3.044892e+01 4.947317e+01 -2.000000e+00
    endloop
  endfacet
  facet normal 2.345720e-16 -5.517084e-17 1.000000e+00
    outer loop
      vertex   2.051081e+00 4.947317e+01 -2.000000e+00
      vertex   3.044892e+01 4.947317e+01 -2.000000e+00
      vertex   2.114523e+00 4.974291e+01 -2.000000e+00
    endloop
  endfacet
  facet normal 2.356248e-16 5.541845e-17 1.000000e+00
    outer loop
      vertex   2.114523e+00 4.974291e+01 -2.000000e+00
      vertex   3.044892e+01 4.947317e+01 -2.000000e+00
      vertex   3.038548e+01 4.974291e+01 -2.000000e+00
    endloop
  endfacet
  facet normal 2.356248e-16 -7.897348e-17 1.000000e+00
    outer loop
      vertex   2.114523e+00 4.974291e+01 -2.000000e+00
      vertex   3.038548e+01 4.974291e+01 -2.000000e+00
      vertex   2.202583e+00 5.000565e+01 -2.000000e+00
    endloop
  endfacet
  facet normal 2.371019e-16 7.946854e-17 1.000000e+00
    outer loop
      vertex   2.202583e+00 5.000565e+01 -2.000000e+00
      vertex   3.038548e+01 4.974291e+01 -2.000000e+00
      vertex   3.029742e+01 5.000565e+01 -2.000000e+00
    endloop
  endfacet
  facet normal 2.371019e-16 -2.200095e-15 1.000000e+00
    outer loop
      vertex   2.202583e+00 5.000565e+01 -2.000000e+00
      vertex   3.029742e+01 5.000565e+01 -2.000000e+00
      vertex   5.000000e+00 5.192192e+01 -2.000000e+00
    endloop
  endfacet
  facet normal 3.157968e-16 -1.161216e-15 1.000000e+00
    outer loop
      vertex   5.000000e+00 5.192192e+01 -2.000000e+00
      vertex   3.029742e+01 5.000565e+01 -2.000000e+00
      vertex   2.750000e+01 5.192192e+01 -2.000000e+00
    endloop
  endfacet
  facet normal 1.196276e-14 1.584125e-14 1.000000e+00
    outer loop
      vertex   2.750000e+01 5.192192e+01 -2.000000e+00
      vertex   3.029742e+01 5.000565e+01 -2.000000e+00
      vertex   2.777681e+01 5.190912e+01 -2.000000e+00
    endloop
  endfacet
  facet normal 0.000000e+00 0.000000e+00 1.000000e+00
    outer loop
      vertex   2.777681e+01 5.190912e+01 -2.000000e+00
      vertex   3.029742e+01 5.000565e+01 -2.000000e+00
      vertex   2.805125e+01 5.187084e+01 -2.000000e+00
    endloop
  endfacet
  facet normal 0.000000e+00 0.000000e+00 1.000000e+00
    outer loop
      vertex   2.805125e+01 5.187084e+01 -2.000000e+00
      vertex   3.029742e+01 5.000565e+01 -2.000000e+00
      vertex   2.832099e+01 5.180740e+01 -2.000000e+00
    endloop
  endfacet
  facet normal 0.000000e+00 0.000000e+00 1.000000e+00
    outer loop
      vertex   2.832099e+01 5.180740e+01 -2.000000e+00
      vertex   3.029742e+01 5.000565e+01 -2.000000e+00
      vertex   2.858372e+01 5.171934e+01 -2.000000e+00
    endloop
  endfacet
  facet normal 0.000000e+00 0.000000e+00 1.000000e+00
    outer loop
      vertex   2.858372e+01 5.171934e+01 -2.000000e+00
      vertex   3.029742e+01 5.000565e+01 -2.000000e+00
      vertex   2.883722e+01 5.160741e+01 -2.000000e+00
    endloop
  endfacet
  facet normal 0.000000e+00 0.000000e+00 1.000000e+00
    outer loop
      vertex   2.883722e+01 5.160741e+01 -2.000000e+00
      vertex   3.029742e+01 5.000565e+01 -2.000000e+00
      vertex   2.907930e+01 5.147257e+01 -2.000000e+00
    endloop
  endfacet
  facet normal 0.000000e+00 0.000000e+00 1.000000e+00
    outer loop
      vertex   2.907930e+01 5.147257e+01 -2.000000e+00
      vertex   3.029742e+01 5.000565e+01 -2.000000e+00
      vertex   2.930790e+01 5.131597e+01 -2.000000e+00
    endloop
  endfacet
  facet normal 0.000000e+00 0.000000e+00 1.000000e+00
    outer loop
      vertex   2.930790e+01 5.131597e+01 -2.000000e+00
      vertex   3.029742e+01 5.000565e+01 -2.000000e+00
      vertex   2.952109e+01 5.113895e+01 -2.000000e+00
    endloop
  endfacet
  facet normal 0.000000e+00 0.000000e+00 1.000000e+00
    outer loop
      vertex   2.952109e+01 5.113895e+01 -2.000000e+00
      vertex   3.029742e+01 5.000565e+01 -2.000000e+00
      vertex   2.971703e+01 5.094301e+01 -2.000000e+00
    endloop
  endfacet
  facet normal 0.000000e+00 0.000000e+00 1.000000e+00
    outer loop
      vertex   2.971703e+01 5.094301e+01 -2.000000e+00
      vertex   3.029742e+01 5.000565e+01 -2.000000e+00
      vertex   2.989405e+01 5.072983e+01 -2.000000e+00
    endloop
  endfacet
  facet normal 0.000000e+00 0.000000e+00 1.000000e+00
    outer loop
      vertex   2.989405e+01 5.072983e+01 -2.000000e+00
      vertex   3.029742e+01 5.000565e+01 -2.000000e+00
      vertex   3.005065e+01 5.050122e+01 -2.000000e+00
    endloop
  endfacet
  facet normal 0.000000e+00 0.000000e+00 1.000000e+00
    outer loop
      vertex   3.005065e+01 5.050122e+01 -2.000000e+00
      vertex   3.029742e+01 5.000565e+01 -2.000000e+00
      vertex   3.018549e+01 5.025914e+01 -2.000000e+00
    endloop
  endfacet
  facet normal -1.367172e-14 1.810429e-14 1.000000e+00
    outer loop
      vertex   5.000000e+00 5.192192e+01 -2.000000e+00
      vertex   4.723195e+00 5.190912e+01 -2.000000e+00
      vertex   2.202583e+00 5.000565e+01 -2.000000e+00
    endloop
  endfacet
  facet normal 0.000000e+00 0.000000e+00 1.000000e+00
    outer loop
      vertex   2.202583e+00 5.000565e+01 -2.000000e+00
      vertex   4.723195e+00 5.190912e+01 -2.000000e+00
      vertex   4.448751e+00 5.187084e+01 -2.000000e+00
    endloop
  endfacet
  facet normal 0.000000e+00 0.000000e+00 1.000000e+00
    outer loop
      vertex   2.202583e+00 5.000565e+01 -2.000000e+00
      vertex   4.448751e+00 5.187084e+01 -2.000000e+00
      vertex   4.179011e+00 5.180740e+01 -2.000000e+00
    endloop
  endfacet
  facet normal 0.000000e+00 0.000000e+00 1.000000e+00
    outer loop
      vertex   4.179011e+00 5.180740e+01 -2.000000e+00
      vertex   3.916275e+00 5.171934e+01 -2.000000e+00
      vertex   2.202583e+00 5.000565e+01 -2.000000e+00
    endloop
  endfacet
  facet normal 0.000000e+00 0.000000e+00 1.000000e+00
    outer loop
      vertex   2.202583e+00 5.000565e+01 -2.000000e+00
      vertex   3.916275e+00 5.171934e+01 -2.000000e+00
      vertex   3.662785e+00 5.160741e+01 -2.000000e+00
    endloop
  endfacet
  facet normal 0.000000e+00 0.000000e+00 1.000000e+00
    outer loop
      vertex   2.202583e+00 5.000565e+01 -2.000000e+00
      vertex   3.662785e+00 5.160741e+01 -2.000000e+00
      vertex   3.420704e+00 5.147257e+01 -2.000000e+00
    endloop
  endfacet
  facet normal 0.000000e+00 0.000000e+00 1.000000e+00
    outer loop
      vertex   3.420704e+00 5.147257e+01 -2.000000e+00
      vertex   3.192096e+00 5.131597e+01 -2.000000e+00
      vertex   2.202583e+00 5.000565e+01 -2.000000e+00
    endloop
  endfacet
  facet normal 0.000000e+00 0.000000e+00 1.000000e+00
    outer loop
      vertex   2.202583e+00 5.000565e+01 -2.000000e+00
      vertex   3.192096e+00 5.131597e+01 -2.000000e+00
      vertex   2.978913e+00 5.113895e+01 -2.000000e+00
    endloop
  endfacet
  facet normal 0.000000e+00 0.000000e+00 1.000000e+00
    outer loop
      vertex   2.202583e+00 5.000565e+01 -2.000000e+00
      vertex   2.978913e+00 5.113895e+01 -2.000000e+00
      vertex   2.782973e+00 5.094301e+01 -2.000000e+00
    endloop
  endfacet
  facet normal 0.000000e+00 0.000000e+00 1.000000e+00
    outer loop
      vertex   2.782973e+00 5.094301e+01 -2.000000e+00
      vertex   2.605948e+00 5.072983e+01 -2.000000e+00
      vertex   2.202583e+00 5.000565e+01 -2.000000e+00
    endloop
  endfacet
  facet normal 0.000000e+00 0.000000e+00 1.000000e+00
    outer loop
      vertex   2.202583e+00 5.000565e+01 -2.000000e+00
      vertex   2.605948e+00 5.072983e+01 -2.000000e+00
      vertex   2.449349e+00 5.050122e+01 -2.000000e+00
    endloop
  endfacet
  facet normal 0.000000e+00 0.000000e+00 1.000000e+00
    outer loop
      vertex   2.202583e+00 5.000565e+01 -2.000000e+00
      vertex   2.449349e+00 5.050122e+01 -2.000000e+00
      vertex   2.314510e+00 5.025914e+01 -2.000000e+00
    endloop
  endfacet
  facet normal 2.018587e-16 0.000000e+00 1.000000e+00
    outer loop
      vertex   2.000000e+00 4.892192e+01 -2.000000e+00
      vertex   2.000000e+00 2.392192e+01 -2.000000e+00
      vertex   4.200000e+00 2.392192e+01 -2.000000e+00
    endloop
  endfacet
  facet normal 7.381768e-26 -3.233866e-09 1.000000e+00
    outer loop
      vertex   2.000000e+00 1.293762e+01 -2.000000e+00
      vertex   2.000000e+00 3.721922e+00 -2.000000e+00
      vertex   3.050000e+01 3.721922e+00 -2.000000e+00
    endloop
  endfacet
  facet normal -1.000000e+00 -0.000000e+00 -0.000000e+00
    outer loop
      vertex   3.050000e+01 4.892192e+01 -1.000000e+00
      vertex   3.050000e+01 4.892192e+01 -2.000000e+00
      vertex   3.050000e+01 3.400000e+01 -1.000000e+00
    endloop
  endfacet
  facet normal -1.000000e+00 1.421085e-16 2.120533e-15
    outer loop
      vertex   3.050000e+01 3.400000e+01 -1.000000e+00
      vertex   3.050000e+01 4.892192e+01 -2.000000e+00
      vertex   3.050000e+01 2.392192e+01 -2.000000e+00
    endloop
  endfacet
  facet normal -1.000000e+00 2.643892e-16 8.881784e-16
    outer loop
      vertex   3.050000e+01 3.400000e+01 -1.000000e+00
      vertex   3.050000e+01 2.392192e+01 -2.000000e+00
      vertex   3.050000e+01 2.392192e+01 2.000000e+00
    endloop
  endfacet
  facet normal -1.000000e+00 0.000000e+00 0.000000e+00
    outer loop
      vertex   3.050000e+01 2.392192e+01 6.000000e+00
      vertex   3.050000e+01 3.400000e+01 6.000000e+00
      vertex   3.050000e+01 2.392192e+01 2.000000e+00
    endloop
  endfacet
  facet normal -1.000000e+00 0.000000e+00 0.000000e+00
    outer loop
      vertex   3.050000e+01 2.392192e+01 2.000000e+00
      vertex   3.050000e+01 3.400000e+01 6.000000e+00
      vertex   3.050000e+01 3.400000e+01 -1.000000e+00
    endloop
  endfacet
  facet normal 0.000000e+00 1.245008e-15 -1.000000e+00
    outer loop
      vertex   1.273943e-02 4.935670e+01 -3.000000e+00
      vertex   3.248726e+01 4.935670e+01 -3.000000e+00
      vertex   -8.881784e-15 4.900000e+01 -3.000000e+00
    endloop
  endfacet
  facet normal 1.366428e-17 4.880211e-19 -1.000000e+00
    outer loop
      vertex   -8.881784e-15 4.900000e+01 -3.000000e+00
      vertex   3.248726e+01 4.935670e+01 -3.000000e+00
      vertex   3.250000e+01 4.900000e+01 -3.000000e+00
    endloop
  endfacet
  facet normal 1.366428e-17 0.000000e+00 -1.000000e+00
    outer loop
      vertex   -8.881784e-15 4.900000e+01 -3.000000e+00
      vertex   3.250000e+01 4.900000e+01 -3.000000e+00
      vertex   -8.881784e-15 2.000000e+00 -3.000000e+00
    endloop
  endfacet
  facet normal 2.582196e-33 9.448706e-18 -1.000000e+00
    outer loop
      vertex   -8.881784e-15 2.000000e+00 -3.000000e+00
      vertex   3.250000e+01 4.900000e+01 -3.000000e+00
      vertex   3.250000e+01 2.000000e+00 -3.000000e+00
    endloop
  endfacet
  facet normal 0.000000e+00 0.000000e+00 -1.000000e+00
    outer loop
      vertex   -8.881784e-15 2.000000e+00 -3.000000e+00
      vertex   3.250000e+01 2.000000e+00 -3.000000e+00
      vertex   1.257558e-02 1.776071e+00 -3.000000e+00
    endloop
  endfacet
  facet normal 0.000000e+00 0.000000e+00 -1.000000e+00
    outer loop
      vertex   1.257558e-02 1.776071e+00 -3.000000e+00
      vertex   3.250000e+01 2.000000e+00 -3.000000e+00
      vertex   3.248742e+01 1.776071e+00 -3.000000e+00
    endloop
  endfacet
  facet normal 0.000000e+00 0.000000e+00 -1.000000e+00
    outer loop
      vertex   1.257558e-02 1.776071e+00 -3.000000e+00
      vertex   3.248742e+01 1.776071e+00 -3.000000e+00
      vertex   5.014418e-02 1.554958e+00 -3.000000e+00
    endloop
  endfacet
  facet normal 0.000000e+00 0.000000e+00 -1.000000e+00
    outer loop
      vertex   5.014418e-02 1.554958e+00 -3.000000e+00
      vertex   3.248742e+01 1.776071e+00 -3.000000e+00
      vertex   3.244986e+01 1.554958e+00 -3.000000e+00
    endloop
  endfacet
  facet normal 0.000000e+00 0.000000e+00 -1.000000e+00
    outer loop
      vertex   5.014418e-02 1.554958e+00 -3.000000e+00
      vertex   3.244986e+01 1.554958e+00 -3.000000e+00
      vertex   1.122333e-01 1.339441e+00 -3.000000e+00
    endloop
  endfacet
  facet normal 0.000000e+00 0.000000e+00 -1.000000e+00
    outer loop
      vertex   1.122333e-01 1.339441e+00 -3.000000e+00
      vertex   3.244986e+01 1.554958e+00 -3.000000e+00
      vertex   3.238777e+01 1.339441e+00 -3.000000e+00
    endloop
  endfacet
  facet normal 0.000000e+00 0.000000e+00 -1.000000e+00
    outer loop
      vertex   1.122333e-01 1.339441e+00 -3.000000e+00
      vertex   3.238777e+01 1.339441e+00 -3.000000e+00
      vertex   1.980623e-01 1.132232e+00 -3.000000e+00
    endloop
  endfacet
  facet normal 0.000000e+00 0.000000e+00 -1.000000e+00
    outer loop
      vertex   1.980623e-01 1.132232e+00 -3.000000e+00
      vertex   3.238777e+01 1.339441e+00 -3.000000e+00
      vertex   3.230194e+01 1.132232e+00 -3.000000e+00
    endloop
  endfacet
  facet normal 0.000000e+00 0.000000e+00 -1.000000e+00
    outer loop
      vertex   1.980623e-01 1.132232e+00 -3.000000e+00
      vertex   3.230194e+01 1.132232e+00 -3.000000e+00
      vertex   3.065516e-01 9.359354e-01 -3.000000e+00
    endloop
  endfacet
  facet normal 0.000000e+00 0.000000e+00 -1.000000e+00
    outer loop
      vertex   3.065516e-01 9.359354e-01 -3.000000e+00
      vertex   3.230194e+01 1.132232e+00 -3.000000e+00
      vertex   3.219345e+01 9.359354e-01 -3.000000e+00
    endloop
  endfacet
  facet normal 0.000000e+00 0.000000e+00 -1.000000e+00
    outer loop
      vertex   3.065516e-01 9.359354e-01 -3.000000e+00
      vertex   3.219345e+01 9.359354e-01 -3.000000e+00
      vertex   4.363370e-01 7.530199e-01 -3.000000e+00
    endloop
  endfacet
  facet normal 0.000000e+00 0.000000e+00 -1.000000e+00
    outer loop
      vertex   4.363370e-01 7.530199e-01 -3.000000e+00
      vertex   3.219345e+01 9.359354e-01 -3.000000e+00
      vertex   3.206366e+01 7.530199e-01 -3.000000e+00
    endloop
  endfacet
  facet normal 0.000000e+00 0.000000e+00 -1.000000e+00
    outer loop
      vertex   4.363370e-01 7.530199e-01 -3.000000e+00
      vertex   3.206366e+01 7.530199e-01 -3.000000e+00
      vertex   5.857864e-01 5.857860e-01 -3.000000e+00
    endloop
  endfacet
  facet normal 0.000000e+00 0.000000e+00 -1.000000e+00
    outer loop
      vertex   5.857864e-01 5.857860e-01 -3.000000e+00
      vertex   3.206366e+01 7.530199e-01 -3.000000e+00
      vertex   3.191421e+01 5.857860e-01 -3.000000e+00
    endloop
  endfacet
  facet normal 0.000000e+00 0.000000e+00 -1.000000e+00
    outer loop
      vertex   5.857864e-01 5.857860e-01 -3.000000e+00
      vertex   3.191421e+01 5.857860e-01 -3.000000e+00
      vertex   7.530204e-01 4.363366e-01 -3.000000e+00
    endloop
  endfacet
  facet normal 0.000000e+00 0.000000e+00 -1.000000e+00
    outer loop
      vertex   7.530204e-01 4.363366e-01 -3.000000e+00
      vertex   3.191421e+01 5.857860e-01 -3.000000e+00
      vertex   3.174698e+01 4.363366e-01 -3.000000e+00
    endloop
  endfacet
  facet normal 0.000000e+00 0.000000e+00 -1.000000e+00
    outer loop
      vertex   7.530204e-01 4.363366e-01 -3.000000e+00
      vertex   3.174698e+01 4.363366e-01 -3.000000e+00
      vertex   9.359358e-01 3.065511e-01 -3.000000e+00
    endloop
  endfacet
  facet normal 0.000000e+00 0.000000e+00 -1.000000e+00
    outer loop
      vertex   9.359358e-01 3.065511e-01 -3.000000e+00
      vertex   3.174698e+01 4.363366e-01 -3.000000e+00
      vertex   3.156406e+01 3.065511e-01 -3.000000e+00
    endloop
  endfacet
  facet normal 0.000000e+00 0.000000e+00 -1.000000e+00
    outer loop
      vertex   9.359358e-01 3.065511e-01 -3.000000e+00
      vertex   3.156406e+01 3.065511e-01 -3.000000e+00
      vertex   1.132233e+00 1.980618e-01 -3.000000e+00
    endloop
  endfacet
  facet normal 0.000000e+00 0.000000e+00 -1.000000e+00
    outer loop
      vertex   1.132233e+00 1.980618e-01 -3.000000e+00
      vertex   3.156406e+01 3.065511e-01 -3.000000e+00
      vertex   3.136777e+01 1.980618e-01 -3.000000e+00
    endloop
  endfacet
  facet normal 0.000000e+00 0.000000e+00 -1.000000e+00
    outer loop
      vertex   1.132233e+00 1.980618e-01 -3.000000e+00
      vertex   3.136777e+01 1.980618e-01 -3.000000e+00
      vertex   1.339442e+00 1.122329e-01 -3.000000e+00
    endloop
  endfacet
  facet normal 0.000000e+00 0.000000e+00 -1.000000e+00
    outer loop
      vertex   1.339442e+00 1.122329e-01 -3.000000e+00
      vertex   3.136777e+01 1.980618e-01 -3.000000e+00
      vertex   3.116056e+01 1.122329e-01 -3.000000e+00
    endloop
  endfacet
  facet normal 0.000000e+00 0.000000e+00 -1.000000e+00
    outer loop
      vertex   1.339442e+00 1.122329e-01 -3.000000e+00
      vertex   3.116056e+01 1.122329e-01 -3.000000e+00
      vertex   1.554958e+00 5.014370e-02 -3.000000e+00
    endloop
  endfacet
  facet normal 0.000000e+00 0.000000e+00 -1.000000e+00
    outer loop
      vertex   1.554958e+00 5.014370e-02 -3.000000e+00
      vertex   3.116056e+01 1.122329e-01 -3.000000e+00
      vertex   3.094504e+01 5.014370e-02 -3.000000e+00
    endloop
  endfacet
  facet normal 0.000000e+00 0.000000e+00 -1.000000e+00
    outer loop
      vertex   1.554958e+00 5.014370e-02 -3.000000e+00
      vertex   3.094504e+01 5.014370e-02 -3.000000e+00
      vertex   1.776071e+00 1.257510e-02 -3.000000e+00
    endloop
  endfacet
  facet normal 0.000000e+00 0.000000e+00 -1.000000e+00
    outer loop
      vertex   1.776071e+00 1.257510e-02 -3.000000e+00
      vertex   3.094504e+01 5.014370e-02 -3.000000e+00
      vertex   3.072393e+01 1.257510e-02 -3.000000e+00
    endloop
  endfacet
  facet normal 0.000000e+00 0.000000e+00 -1.000000e+00
    outer loop
      vertex   1.776071e+00 1.257510e-02 -3.000000e+00
      vertex   3.072393e+01 1.257510e-02 -3.000000e+00
      vertex   2.000000e+00 -4.768372e-07 -3.000000e+00
    endloop
  endfacet
  facet normal 0.000000e+00 0.000000e+00 -1.000000e+00
    outer loop
      vertex   2.000000e+00 -4.768372e-07 -3.000000e+00
      vertex   3.072393e+01 1.257510e-02 -3.000000e+00
      vertex   3.050000e+01 -4.768372e-07 -3.000000e+00
    endloop
  endfacet
  facet normal 0.000000e+00 0.000000e+00 -1.000000e+00
    outer loop
      vertex   3.248726e+01 4.935670e+01 -3.000000e+00
      vertex   1.273943e-02 4.935670e+01 -3.000000e+00
      vertex   3.244911e+01 4.971157e+01 -3.000000e+00
    endloop
  endfacet
  facet normal -0.000000e+00 0.000000e+00 -1.000000e+00
    outer loop
      vertex   3.244911e+01 4.971157e+01 -3.000000e+00
      vertex   1.273943e-02 4.935670e+01 -3.000000e+00
      vertex   5.089279e-02 4.971157e+01 -3.000000e+00
    endloop
  endfacet
  facet normal 0.000000e+00 0.000000e+00 -1.000000e+00
    outer loop
      vertex   3.244911e+01 4.971157e+01 -3.000000e+00
      vertex   5.089279e-02 4.971157e+01 -3.000000e+00
      vertex   3.238573e+01 5.006283e+01 -3.000000e+00
    endloop
  endfacet
  facet normal 0.000000e+00 0.000000e+00 -1.000000e+00
    outer loop
      vertex   3.238573e+01 5.006283e+01 -3.000000e+00
      vertex   5.089279e-02 4.971157e+01 -3.000000e+00
      vertex   1.142657e-01 5.006283e+01 -3.000000e+00
    endloop
  endfacet
  facet normal -0.000000e+00 0.000000e+00 -1.000000e+00
    outer loop
      vertex   3.238573e+01 5.006283e+01 -3.000000e+00
      vertex   1.142657e-01 5.006283e+01 -3.000000e+00
      vertex   3.229746e+01 5.040866e+01 -3.000000e+00
    endloop
  endfacet
  facet normal -0.000000e+00 0.000000e+00 -1.000000e+00
    outer loop
      vertex   3.229746e+01 5.040866e+01 -3.000000e+00
      vertex   1.142657e-01 5.006283e+01 -3.000000e+00
      vertex   2.025351e-01 5.040866e+01 -3.000000e+00
    endloop
  endfacet
  facet normal 0.000000e+00 0.000000e+00 -1.000000e+00
    outer loop
      vertex   3.229746e+01 5.040866e+01 -3.000000e+00
      vertex   2.025351e-01 5.040866e+01 -3.000000e+00
      vertex   3.218475e+01 5.074732e+01 -3.000000e+00
    endloop
  endfacet
  facet normal -0.000000e+00 0.000000e+00 -1.000000e+00
    outer loop
      vertex   3.218475e+01 5.074732e+01 -3.000000e+00
      vertex   2.025351e-01 5.040866e+01 -3.000000e+00
      vertex   3.152514e-01 5.074732e+01 -3.000000e+00
    endloop
  endfacet
  facet normal -0.000000e+00 -1.365303e-16 -1.000000e+00
    outer loop
      vertex   3.218475e+01 5.074732e+01 -3.000000e+00
      vertex   3.152514e-01 5.074732e+01 -3.000000e+00
      vertex   2.750000e+01 5.400000e+01 -3.000000e+00
    endloop
  endfacet
  facet normal -0.000000e+00 -1.365303e-16 -1.000000e+00
    outer loop
      vertex   2.750000e+01 5.400000e+01 -3.000000e+00
      vertex   3.152514e-01 5.074732e+01 -3.000000e+00
      vertex   5.000000e+00 5.400000e+01 -3.000000e+00
    endloop
  endfacet
  facet normal -1.307383e-15 1.746459e-15 -1.000000e+00
    outer loop
      vertex   5.000000e+00 5.400000e+01 -3.000000e+00
      vertex   3.152514e-01 5.074732e+01 -3.000000e+00
      vertex   4.643304e+00 5.398726e+01 -3.000000e+00
    endloop
  endfacet
  facet normal 0.000000e+00 0.000000e+00 -1.000000e+00
    outer loop
      vertex   4.643304e+00 5.398726e+01 -3.000000e+00
      vertex   3.152514e-01 5.074732e+01 -3.000000e+00
      vertex   4.288426e+00 5.394911e+01 -3.000000e+00
    endloop
  endfacet
  facet normal 0.000000e+00 0.000000e+00 -1.000000e+00
    outer loop
      vertex   4.288426e+00 5.394911e+01 -3.000000e+00
      vertex   3.152514e-01 5.074732e+01 -3.000000e+00
      vertex   3.937174e+00 5.388573e+01 -3.000000e+00
    endloop
  endfacet
  facet normal 0.000000e+00 0.000000e+00 -1.000000e+00
    outer loop
      vertex   3.937174e+00 5.388573e+01 -3.000000e+00
      vertex   3.152514e-01 5.074732e+01 -3.000000e+00
      vertex   3.591337e+00 5.379746e+01 -3.000000e+00
    endloop
  endfacet
  facet normal 0.000000e+00 0.000000e+00 -1.000000e+00
    outer loop
      vertex   3.591337e+00 5.379746e+01 -3.000000e+00
      vertex   3.152514e-01 5.074732e+01 -3.000000e+00
      vertex   3.252679e+00 5.368475e+01 -3.000000e+00
    endloop
  endfacet
  facet normal 0.000000e+00 0.000000e+00 -1.000000e+00
    outer loop
      vertex   3.252679e+00 5.368475e+01 -3.000000e+00
      vertex   3.152514e-01 5.074732e+01 -3.000000e+00
      vertex   2.922925e+00 5.354816e+01 -3.000000e+00
    endloop
  endfacet
  facet normal 0.000000e+00 0.000000e+00 -1.000000e+00
    outer loop
      vertex   2.922925e+00 5.354816e+01 -3.000000e+00
      vertex   3.152514e-01 5.074732e+01 -3.000000e+00
      vertex   2.603755e+00 5.338839e+01 -3.000000e+00
    endloop
  endfacet
  facet normal 0.000000e+00 0.000000e+00 -1.000000e+00
    outer loop
      vertex   2.603755e+00 5.338839e+01 -3.000000e+00
      vertex   3.152514e-01 5.074732e+01 -3.000000e+00
      vertex   2.296796e+00 5.320627e+01 -3.000000e+00
    endloop
  endfacet
  facet normal 0.000000e+00 0.000000e+00 -1.000000e+00
    outer loop
      vertex   2.296796e+00 5.320627e+01 -3.000000e+00
      vertex   3.152514e-01 5.074732e+01 -3.000000e+00
      vertex   2.003612e+00 5.300271e+01 -3.000000e+00
    endloop
  endfacet
  facet normal 0.000000e+00 0.000000e+00 -1.000000e+00
    outer loop
      vertex   2.003612e+00 5.300271e+01 -3.000000e+00
      vertex   3.152514e-01 5.074732e+01 -3.000000e+00
      vertex   1.725696e+00 5.277875e+01 -3.000000e+00
    endloop
  endfacet
  facet normal 0.000000e+00 0.000000e+00 -1.000000e+00
    outer loop
      vertex   1.725696e+00 5.277875e+01 -3.000000e+00
      vertex   3.152514e-01 5.074732e+01 -3.000000e+00
      vertex   1.464466e+00 5.253553e+01 -3.000000e+00
    endloop
  endfacet
  facet normal 0.000000e+00 0.000000e+00 -1.000000e+00
    outer loop
      vertex   1.464466e+00 5.253553e+01 -3.000000e+00
      vertex   3.152514e-01 5.074732e+01 -3.000000e+00
      vertex   1.221252e+00 5.227430e+01 -3.000000e+00
    endloop
  endfacet
  facet normal 0.000000e+00 0.000000e+00 -1.000000e+00
    outer loop
      vertex   1.221252e+00 5.227430e+01 -3.000000e+00
      vertex   3.152514e-01 5.074732e+01 -3.000000e+00
      vertex   9.972938e-01 5.199639e+01 -3.000000e+00
    endloop
  endfacet
  facet normal 0.000000e+00 0.000000e+00 -1.000000e+00
    outer loop
      vertex   9.972938e-01 5.199639e+01 -3.000000e+00
      vertex   3.152514e-01 5.074732e+01 -3.000000e+00
      vertex   7.937323e-01 5.170320e+01 -3.000000e+00
    endloop
  endfacet
  facet normal 0.000000e+00 0.000000e+00 -1.000000e+00
    outer loop
      vertex   7.937323e-01 5.170320e+01 -3.000000e+00
      vertex   3.152514e-01 5.074732e+01 -3.000000e+00
      vertex   6.116051e-01 5.139624e+01 -3.000000e+00
    endloop
  endfacet
  facet normal 0.000000e+00 0.000000e+00 -1.000000e+00
    outer loop
      vertex   6.116051e-01 5.139624e+01 -3.000000e+00
      vertex   3.152514e-01 5.074732e+01 -3.000000e+00
      vertex   4.518400e-01 5.107708e+01 -3.000000e+00
    endloop
  endfacet
  facet normal 1.307383e-15 1.746459e-15 -1.000000e+00
    outer loop
      vertex   2.750000e+01 5.400000e+01 -3.000000e+00
      vertex   2.785670e+01 5.398726e+01 -3.000000e+00
      vertex   3.218475e+01 5.074732e+01 -3.000000e+00
    endloop
  endfacet
  facet normal 0.000000e+00 0.000000e+00 -1.000000e+00
    outer loop
      vertex   3.218475e+01 5.074732e+01 -3.000000e+00
      vertex   2.785670e+01 5.398726e+01 -3.000000e+00
      vertex   2.821157e+01 5.394911e+01 -3.000000e+00
    endloop
  endfacet
  facet normal 0.000000e+00 0.000000e+00 -1.000000e+00
    outer loop
      vertex   3.218475e+01 5.074732e+01 -3.000000e+00
      vertex   2.821157e+01 5.394911e+01 -3.000000e+00
      vertex   2.856283e+01 5.388573e+01 -3.000000e+00
    endloop
  endfacet
  facet normal 0.000000e+00 0.000000e+00 -1.000000e+00
    outer loop
      vertex   2.856283e+01 5.388573e+01 -3.000000e+00
      vertex   2.890866e+01 5.379746e+01 -3.000000e+00
      vertex   3.218475e+01 5.074732e+01 -3.000000e+00
    endloop
  endfacet
  facet normal 0.000000e+00 0.000000e+00 -1.000000e+00
    outer loop
      vertex   3.218475e+01 5.074732e+01 -3.000000e+00
      vertex   2.890866e+01 5.379746e+01 -3.000000e+00
      vertex   2.924732e+01 5.368475e+01 -3.000000e+00
    endloop
  endfacet
  facet normal 0.000000e+00 0.000000e+00 -1.000000e+00
    outer loop
      vertex   3.218475e+01 5.074732e+01 -3.000000e+00
      vertex   2.924732e+01 5.368475e+01 -3.000000e+00
      vertex   2.957708e+01 5.354816e+01 -3.000000e+00
    endloop
  endfacet
  facet normal 0.000000e+00 0.000000e+00 -1.000000e+00
    outer loop
      vertex   2.957708e+01 5.354816e+01 -3.000000e+00
      vertex   2.989624e+01 5.338839e+01 -3.000000e+00
      vertex   3.218475e+01 5.074732e+01 -3.000000e+00
    endloop
  endfacet
  facet normal 0.000000e+00 0.000000e+00 -1.000000e+00
    outer loop
      vertex   3.218475e+01 5.074732e+01 -3.000000e+00
      vertex   2.989624e+01 5.338839e+01 -3.000000e+00
      vertex   3.020320e+01 5.320627e+01 -3.000000e+00
    endloop
  endfacet
  facet normal 0.000000e+00 0.000000e+00 -1.000000e+00
    outer loop
      vertex   3.218475e+01 5.074732e+01 -3.000000e+00
      vertex   3.020320e+01 5.320627e+01 -3.000000e+00
      vertex   3.049639e+01 5.300271e+01 -3.000000e+00
    endloop
  endfacet
  facet normal 0.000000e+00 0.000000e+00 -1.000000e+00
    outer loop
      vertex   3.049639e+01 5.300271e+01 -3.000000e+00
      vertex   3.077430e+01 5.277875e+01 -3.000000e+00
      vertex   3.218475e+01 5.074732e+01 -3.000000e+00
    endloop
  endfacet
  facet normal 0.000000e+00 0.000000e+00 -1.000000e+00
    outer loop
      vertex   3.218475e+01 5.074732e+01 -3.000000e+00
      vertex   3.077430e+01 5.277875e+01 -3.000000e+00
      vertex   3.103553e+01 5.253553e+01 -3.000000e+00
    endloop
  endfacet
  facet normal 0.000000e+00 0.000000e+00 -1.000000e+00
    outer loop
      vertex   3.218475e+01 5.074732e+01 -3.000000e+00
      vertex   3.103553e+01 5.253553e+01 -3.000000e+00
      vertex   3.127875e+01 5.227430e+01 -3.000000e+00
    endloop
  endfacet
  facet normal 0.000000e+00 0.000000e+00 -1.000000e+00
    outer loop
      vertex   3.127875e+01 5.227430e+01 -3.000000e+00
      vertex   3.150271e+01 5.199639e+01 -3.000000e+00
      vertex   3.218475e+01 5.074732e+01 -3.000000e+00
    endloop
  endfacet
  facet normal 0.000000e+00 0.000000e+00 -1.000000e+00
    outer loop
      vertex   3.218475e+01 5.074732e+01 -3.000000e+00
      vertex   3.150271e+01 5.199639e+01 -3.000000e+00
      vertex   3.170627e+01 5.170320e+01 -3.000000e+00
    endloop
  endfacet
  facet normal 0.000000e+00 0.000000e+00 -1.000000e+00
    outer loop
      vertex   3.218475e+01 5.074732e+01 -3.000000e+00
      vertex   3.170627e+01 5.170320e+01 -3.000000e+00
      vertex   3.188839e+01 5.139624e+01 -3.000000e+00
    endloop
  endfacet
  facet normal 0.000000e+00 0.000000e+00 -1.000000e+00
    outer loop
      vertex   3.188839e+01 5.139624e+01 -3.000000e+00
      vertex   3.204816e+01 5.107708e+01 -3.000000e+00
      vertex   3.218475e+01 5.074732e+01 -3.000000e+00
    endloop
  endfacet
  facet normal -1.453383e-14 1.000000e+00 -7.993606e-15
    outer loop
      vertex   4.200000e+00 2.392192e+01 2.000000e+00
      vertex   4.200000e+00 2.392192e+01 -2.000000e+00
      vertex   2.000000e+00 2.392192e+01 2.000000e+00
    endloop
  endfacet
  facet normal 0.000000e+00 1.000000e+00 0.000000e+00
    outer loop
      vertex   2.000000e+00 2.392192e+01 2.000000e+00
      vertex   4.200000e+00 2.392192e+01 -2.000000e+00
      vertex   2.000000e+00 2.392192e+01 -2.000000e+00
    endloop
  endfacet
  facet normal 0.000000e+00 1.000000e+00 0.000000e+00
    outer loop
      vertex   3.050000e+01 2.392192e+01 2.000000e+00
      vertex   3.050000e+01 2.392192e+01 -2.000000e+00
      vertex   2.820000e+01 2.392192e+01 2.000000e+00
    endloop
  endfacet
  facet normal 0.000000e+00 1.000000e+00 0.000000e+00
    outer loop
      vertex   2.820000e+01 2.392192e+01 2.000000e+00
      vertex   3.050000e+01 2.392192e+01 -2.000000e+00
      vertex   2.820000e+01 2.392192e+01 -2.000000e+00
    endloop
  endfacet
  facet normal 0.000000e+00 -1.000000e+00 0.000000e+00
    outer loop
      vertex   3.050000e+01 2.392192e+01 6.000000e+00
      vertex   3.050000e+01 2.392192e+01 2.000000e+00
      vertex   3.250000e+01 2.392192e+01 6.000000e+00
    endloop
  endfacet
  facet normal 1.065814e-14 -1.000000e+00 -5.329071e-15
    outer loop
      vertex   3.250000e+01 2.392192e+01 6.000000e+00
      vertex   3.050000e+01 2.392192e+01 2.000000e+00
      vertex   3.250000e+01 2.392192e+01 2.000000e+00
    endloop
  endfacet
  facet normal -0.000000e+00 0.000000e+00 1.000000e+00
    outer loop
      vertex   2.820000e+01 2.392192e+01 2.000000e+00
      vertex   2.820000e+01 2.102192e+01 2.000000e+00
      vertex   3.050000e+01 2.392192e+01 2.000000e+00
    endloop
  endfacet
  facet normal 0.000000e+00 0.000000e+00 1.000000e+00
    outer loop
      vertex   3.050000e+01 2.392192e+01 2.000000e+00
      vertex   2.820000e+01 2.102192e+01 2.000000e+00
      vertex   3.250000e+01 2.102192e+01 2.000000e+00
    endloop
  endfacet
  facet normal -0.000000e+00 0.000000e+00 1.000000e+00
    outer loop
      vertex   3.050000e+01 2.392192e+01 2.000000e+00
      vertex   3.250000e+01 2.102192e+01 2.000000e+00
      vertex   3.250000e+01 2.392192e+01 2.000000e+00
    endloop
  endfacet
  facet normal -1.000000e+00 -0.000000e+00 -0.000000e+00
    outer loop
      vertex   2.820000e+01 2.392192e+01 2.000000e+00
      vertex   2.820000e+01 2.392192e+01 -2.000000e+00
      vertex   2.820000e+01 2.102192e+01 2.000000e+00
    endloop
  endfacet
  facet normal -1.000000e+00 0.000000e+00 -0.000000e+00
    outer loop
      vertex   2.820000e+01 2.102192e+01 2.000000e+00
      vertex   2.820000e+01 2.392192e+01 -2.000000e+00
      vertex   2.820000e+01 1.293762e+01 -2.000000e+00
    endloop
  endfacet
  facet normal -1.000000e+00 -0.000000e+00 0.000000e+00
    outer loop
      vertex   2.820000e+01 2.102192e+01 2.000000e+00
      vertex   2.820000e+01 1.293762e+01 -2.000000e+00
      vertex   2.820000e+01 1.293762e+01 1.400000e+01
    endloop
  endfacet
  facet normal -1.000000e+00 0.000000e+00 0.000000e+00
    outer loop
      vertex   2.820000e+01 1.293762e+01 1.400000e+01
      vertex   2.820000e+01 2.102192e+01 1.400000e+01
      vertex   2.820000e+01 2.102192e+01 2.000000e+00
    endloop
  endfacet
  facet normal 1.000000e+00 0.000000e+00 0.000000e+00
    outer loop
      vertex   4.200000e+00 2.392192e+01 2.000000e+00
      vertex   4.200000e+00 2.102192e+01 2.000000e+00
      vertex   4.200000e+00 2.392192e+01 -2.000000e+00
    endloop
  endfacet
  facet normal 1.000000e+00 0.000000e+00 0.000000e+00
    outer loop
      vertex   4.200000e+00 2.392192e+01 -2.000000e+00
      vertex   4.200000e+00 2.102192e+01 2.000000e+00
      vertex   4.200000e+00 1.293762e+01 -2.000000e+00
    endloop
  endfacet
  facet normal 1.000000e+00 0.000000e+00 0.000000e+00
    outer loop
      vertex   4.200000e+00 1.293762e+01 -2.000000e+00
      vertex   4.200000e+00 2.102192e+01 2.000000e+00
      vertex   4.200000e+00 1.293762e+01 1.400000e+01
    endloop
  endfacet
  facet normal 1.000000e+00 -0.000000e+00 0.000000e+00
    outer loop
      vertex   4.200000e+00 1.293762e+01 1.400000e+01
      vertex   4.200000e+00 2.102192e+01 2.000000e+00
      vertex   4.200000e+00 2.102192e+01 1.400000e+01
    endloop
  endfacet
  facet normal 0.000000e+00 -1.000000e+00 -3.552714e-15
    outer loop
      vertex   0.000000e+00 2.392192e+01 6.000000e+00
      vertex   0.000000e+00 2.392192e+01 2.000000e+00
      vertex   2.000000e+00 2.392192e+01 6.000000e+00
    endloop
  endfacet
  facet normal -1.065814e-14 -1.000000e+00 1.776357e-15
    outer loop
      vertex   2.000000e+00 2.392192e+01 6.000000e+00
      vertex   0.000000e+00 2.392192e+01 2.000000e+00
      vertex   2.000000e+00 2.392192e+01 2.000000e+00
    endloop
  endfacet
  facet normal 1.771704e-14 -1.000000e+00 0.000000e+00
    outer loop
      vertex   4.200000e+00 1.293762e+01 1.400000e+01
      vertex   3.097111e+00 1.293762e+01 8.310153e+00
      vertex   4.200000e+00 1.293762e+01 -2.000000e+00
    endloop
  endfacet
  facet normal 6.801522e-15 -1.000000e+00 -1.167645e-15
    outer loop
      vertex   4.200000e+00 1.293762e+01 -2.000000e+00
      vertex   3.097111e+00 1.293762e+01 8.310153e+00
      vertex   3.074126e+00 1.293762e+01 8.176262e+00
    endloop
  endfacet
  facet normal 4.134578e-15 -1.000000e+00 -1.462709e-15
    outer loop
      vertex   4.200000e+00 1.293762e+01 -2.000000e+00
      vertex   3.074126e+00 1.293762e+01 8.176262e+00
      vertex   3.028817e+00 1.293762e+01 8.048191e+00
    endloop
  endfacet
  facet normal 0.000000e+00 -1.000000e+00 3.855665e-15
    outer loop
      vertex   2.000000e+00 1.293762e+01 1.400000e+01
      vertex   2.877064e+00 1.293762e+01 8.932151e+00
      vertex   4.200000e+00 1.293762e+01 1.400000e+01
    endloop
  endfacet
  facet normal 3.604040e-15 -1.000000e+00 2.914848e-15
    outer loop
      vertex   4.200000e+00 1.293762e+01 1.400000e+01
      vertex   2.877064e+00 1.293762e+01 8.932151e+00
      vertex   2.962492e+00 1.293762e+01 8.826524e+00
    endloop
  endfacet
  facet normal 4.729295e-15 -1.000000e+00 2.645685e-15
    outer loop
      vertex   4.200000e+00 1.293762e+01 1.400000e+01
      vertex   2.962492e+00 1.293762e+01 8.826524e+00
      vertex   3.028817e+00 1.293762e+01 8.707965e+00
    endloop
  endfacet
  facet normal -1.505310e-13 -1.000000e+00 0.000000e+00
    outer loop
      vertex   2.000000e+00 1.293762e+01 9.119698e+00
      vertex   2.129807e+00 1.293762e+01 9.159765e+00
      vertex   2.000000e+00 1.293762e+01 1.400000e+01
    endloop
  endfacet
  facet normal -5.233776e-16 -1.000000e+00 4.022942e-15
    outer loop
      vertex   2.000000e+00 1.293762e+01 1.400000e+01
      vertex   2.129807e+00 1.293762e+01 9.159765e+00
      vertex   2.264521e+00 1.293762e+01 9.177291e+00
    endloop
  endfacet
  facet normal 1.651392e-16 -1.000000e+00 4.060707e-15
    outer loop
      vertex   2.000000e+00 1.293762e+01 1.400000e+01
      vertex   2.264521e+00 1.293762e+01 9.177291e+00
      vertex   2.400259e+00 1.293762e+01 9.171771e+00
    endloop
  endfacet
  facet normal 8.810098e-16 -1.000000e+00 4.120052e-15
    outer loop
      vertex   2.400259e+00 1.293762e+01 9.171771e+00
      vertex   2.533105e+00 1.293762e+01 9.143364e+00
      vertex   2.000000e+00 1.293762e+01 1.400000e+01
    endloop
  endfacet
  facet normal 1.684125e-15 -1.000000e+00 4.208209e-15
    outer loop
      vertex   2.000000e+00 1.293762e+01 1.400000e+01
      vertex   2.533105e+00 1.293762e+01 9.143364e+00
      vertex   2.659230e+00 1.293762e+01 9.092889e+00
    endloop
  endfacet
  facet normal 2.665022e-15 -1.000000e+00 4.339984e-15
    outer loop
      vertex   2.000000e+00 1.293762e+01 1.400000e+01
      vertex   2.659230e+00 1.293762e+01 9.092889e+00
      vertex   2.774995e+00 1.293762e+01 9.021801e+00
    endloop
  endfacet
  facet normal 3.993599e-15 -1.000000e+00 4.546814e-15
    outer loop
      vertex   2.774995e+00 1.293762e+01 9.021801e+00
      vertex   2.877064e+00 1.293762e+01 8.932151e+00
      vertex   2.000000e+00 1.293762e+01 1.400000e+01
    endloop
  endfacet
  facet normal 6.420488e-15 -1.000000e+00 2.271406e-15
    outer loop
      vertex   3.028817e+00 1.293762e+01 8.707965e+00
      vertex   3.074126e+00 1.293762e+01 8.579894e+00
      vertex   4.200000e+00 1.293762e+01 1.400000e+01
    endloop
  endfacet
  facet normal 9.502162e-15 -1.000000e+00 1.631275e-15
    outer loop
      vertex   4.200000e+00 1.293762e+01 1.400000e+01
      vertex   3.074126e+00 1.293762e+01 8.579894e+00
      vertex   3.097111e+00 1.293762e+01 8.446003e+00
    endloop
  endfacet
  facet normal 1.771704e-14 -1.000000e+00 0.000000e+00
    outer loop
      vertex   4.200000e+00 1.293762e+01 1.400000e+01
      vertex   3.097111e+00 1.293762e+01 8.446003e+00
      vertex   3.097111e+00 1.293762e+01 8.310153e+00
    endloop
  endfacet
  facet normal 2.876738e-15 -1.000000e+00 -1.609318e-15
    outer loop
      vertex   3.028817e+00 1.293762e+01 8.048191e+00
      vertex   2.962492e+00 1.293762e+01 7.929632e+00
      vertex   4.200000e+00 1.293762e+01 -2.000000e+00
    endloop
  endfacet
  facet normal 2.108249e-15 -1.000000e+00 -1.705094e-15
    outer loop
      vertex   4.200000e+00 1.293762e+01 -2.000000e+00
      vertex   2.962492e+00 1.293762e+01 7.929632e+00
      vertex   2.877064e+00 1.293762e+01 7.824005e+00
    endloop
  endfacet
  facet normal -0.000000e+00 -1.000000e+00 -1.988998e-15
    outer loop
      vertex   4.200000e+00 1.293762e+01 -2.000000e+00
      vertex   2.877064e+00 1.293762e+01 7.824005e+00
      vertex   2.000000e+00 1.293762e+01 -2.000000e+00
    endloop
  endfacet
  facet normal 1.895642e-15 -1.000000e+00 -2.158236e-15
    outer loop
      vertex   2.000000e+00 1.293762e+01 -2.000000e+00
      vertex   2.877064e+00 1.293762e+01 7.824005e+00
      vertex   2.774995e+00 1.293762e+01 7.734355e+00
    endloop
  endfacet
  facet normal 1.295976e-15 -1.000000e+00 -2.110494e-15
    outer loop
      vertex   2.000000e+00 1.293762e+01 -2.000000e+00
      vertex   2.774995e+00 1.293762e+01 7.734355e+00
      vertex   2.659230e+00 1.293762e+01 7.663268e+00
    endloop
  endfacet
  facet normal 8.319512e-16 -1.000000e+00 -2.078838e-15
    outer loop
      vertex   2.659230e+00 1.293762e+01 7.663268e+00
      vertex   2.533105e+00 1.293762e+01 7.612792e+00
      vertex   2.000000e+00 1.293762e+01 -2.000000e+00
    endloop
  endfacet
  facet normal 4.398781e-16 -1.000000e+00 -2.057095e-15
    outer loop
      vertex   2.000000e+00 1.293762e+01 -2.000000e+00
      vertex   2.533105e+00 1.293762e+01 7.612792e+00
      vertex   2.400259e+00 1.293762e+01 7.584385e+00
    endloop
  endfacet
  facet normal 8.305110e-17 -1.000000e+00 -2.042193e-15
    outer loop
      vertex   2.000000e+00 1.293762e+01 -2.000000e+00
      vertex   2.400259e+00 1.293762e+01 7.584385e+00
      vertex   2.264521e+00 1.293762e+01 7.578865e+00
    endloop
  endfacet
  facet normal -2.644373e-16 -1.000000e+00 -2.032597e-15
    outer loop
      vertex   2.264521e+00 1.293762e+01 7.578865e+00
      vertex   2.129807e+00 1.293762e+01 7.596391e+00
      vertex   2.000000e+00 1.293762e+01 -2.000000e+00
    endloop
  endfacet
  facet normal -1.505310e-13 -1.000000e+00 0.000000e+00
    outer loop
      vertex   2.000000e+00 1.293762e+01 -2.000000e+00
      vertex   2.129807e+00 1.293762e+01 7.596391e+00
      vertex   2.000000e+00 1.293762e+01 7.636458e+00
    endloop
  endfacet
  facet normal 0.000000e+00 0.000000e+00 1.000000e+00
    outer loop
      vertex   2.000000e+00 1.293762e+01 1.400000e+01
      vertex   4.200000e+00 1.293762e+01 1.400000e+01
      vertex   2.000000e+00 2.102192e+01 1.400000e+01
    endloop
  endfacet
  facet normal -0.000000e+00 0.000000e+00 1.000000e+00
    outer loop
      vertex   2.000000e+00 2.102192e+01 1.400000e+01
      vertex   4.200000e+00 1.293762e+01 1.400000e+01
      vertex   4.200000e+00 2.102192e+01 1.400000e+01
    endloop
  endfacet
  facet normal 1.264972e-13 -1.000000e+00 0.000000e+00
    outer loop
      vertex   3.050000e+01 1.293762e+01 7.685258e+00
      vertex   3.037362e+01 1.293762e+01 7.626324e+00
      vertex   3.050000e+01 1.293762e+01 -2.000000e+00
    endloop
  endfacet
  facet normal 4.434448e-16 -1.000000e+00 -1.654959e-15
    outer loop
      vertex   3.050000e+01 1.293762e+01 -2.000000e+00
      vertex   3.037362e+01 1.293762e+01 7.626324e+00
      vertex   3.023892e+01 1.293762e+01 7.590232e+00
    endloop
  endfacet
  facet normal 1.454997e-16 -1.000000e+00 -1.663070e-15
    outer loop
      vertex   3.050000e+01 1.293762e+01 -2.000000e+00
      vertex   3.023892e+01 1.293762e+01 7.590232e+00
      vertex   3.010000e+01 1.293762e+01 7.578078e+00
    endloop
  endfacet
  facet normal -1.465669e-16 -1.000000e+00 -1.675267e-15
    outer loop
      vertex   3.010000e+01 1.293762e+01 7.578078e+00
      vertex   2.996108e+01 1.293762e+01 7.590232e+00
      vertex   3.050000e+01 1.293762e+01 -2.000000e+00
    endloop
  endfacet
  facet normal -4.535081e-16 -1.000000e+00 -1.692515e-15
    outer loop
      vertex   3.050000e+01 1.293762e+01 -2.000000e+00
      vertex   2.996108e+01 1.293762e+01 7.590232e+00
      vertex   2.982638e+01 1.293762e+01 7.626324e+00
    endloop
  endfacet
  facet normal -8.005573e-16 -1.000000e+00 -1.716801e-15
    outer loop
      vertex   3.050000e+01 1.293762e+01 -2.000000e+00
      vertex   2.982638e+01 1.293762e+01 7.626324e+00
      vertex   2.970000e+01 1.293762e+01 7.685258e+00
    endloop
  endfacet
  facet normal -1.226768e-15 -1.000000e+00 -1.752006e-15
    outer loop
      vertex   2.970000e+01 1.293762e+01 7.685258e+00
      vertex   2.958577e+01 1.293762e+01 7.765243e+00
      vertex   3.050000e+01 1.293762e+01 -2.000000e+00
    endloop
  endfacet
  facet normal -1.806258e-15 -1.000000e+00 -1.806258e-15
    outer loop
      vertex   3.050000e+01 1.293762e+01 -2.000000e+00
      vertex   2.958577e+01 1.293762e+01 7.765243e+00
      vertex   2.948716e+01 1.293762e+01 7.863848e+00
    endloop
  endfacet
  facet normal -0.000000e+00 -1.000000e+00 -1.620789e-15
    outer loop
      vertex   3.050000e+01 1.293762e+01 -2.000000e+00
      vertex   2.948716e+01 1.293762e+01 7.863848e+00
      vertex   2.820000e+01 1.293762e+01 -2.000000e+00
    endloop
  endfacet
  facet normal -1.951110e-15 -1.000000e+00 -1.366182e-15
    outer loop
      vertex   2.820000e+01 1.293762e+01 -2.000000e+00
      vertex   2.948716e+01 1.293762e+01 7.863848e+00
      vertex   2.940718e+01 1.293762e+01 7.978078e+00
    endloop
  endfacet
  facet normal -2.728177e-15 -1.000000e+00 -1.272170e-15
    outer loop
      vertex   2.820000e+01 1.293762e+01 -2.000000e+00
      vertex   2.940718e+01 1.293762e+01 7.978078e+00
      vertex   2.934825e+01 1.293762e+01 8.104462e+00
    endloop
  endfacet
  facet normal -4.146353e-15 -1.000000e+00 -1.111012e-15
    outer loop
      vertex   2.934825e+01 1.293762e+01 8.104462e+00
      vertex   2.931215e+01 1.293762e+01 8.239160e+00
      vertex   2.820000e+01 1.293762e+01 -2.000000e+00
    endloop
  endfacet
  facet normal -7.961901e-15 -1.000000e+00 -6.965761e-16
    outer loop
      vertex   2.820000e+01 1.293762e+01 -2.000000e+00
      vertex   2.931215e+01 1.293762e+01 8.239160e+00
      vertex   2.930000e+01 1.293762e+01 8.378078e+00
    endloop
  endfacet
  facet normal -1.453383e-14 -1.000000e+00 0.000000e+00
    outer loop
      vertex   2.820000e+01 1.293762e+01 -2.000000e+00
      vertex   2.930000e+01 1.293762e+01 8.378078e+00
      vertex   2.820000e+01 1.293762e+01 1.400000e+01
    endloop
  endfacet
  facet normal -1.004314e-14 -1.000000e+00 8.786606e-16
    outer loop
      vertex   2.820000e+01 1.293762e+01 1.400000e+01
      vertex   2.930000e+01 1.293762e+01 8.378078e+00
      vertex   2.931215e+01 1.293762e+01 8.516997e+00
    endloop
  endfacet
  facet normal -6.193425e-15 -1.000000e+00 1.659523e-15
    outer loop
      vertex   2.820000e+01 1.293762e+01 1.400000e+01
      vertex   2.931215e+01 1.293762e+01 8.516997e+00
      vertex   2.934825e+01 1.293762e+01 8.651694e+00
    endloop
  endfacet
  facet normal -4.389436e-15 -1.000000e+00 2.046828e-15
    outer loop
      vertex   2.934825e+01 1.293762e+01 8.651694e+00
      vertex   2.940718e+01 1.293762e+01 8.778078e+00
      vertex   2.820000e+01 1.293762e+01 1.400000e+01
    endloop
  endfacet
  facet normal -3.287109e-15 -1.000000e+00 2.301658e-15
    outer loop
      vertex   2.820000e+01 1.293762e+01 1.400000e+01
      vertex   2.940718e+01 1.293762e+01 8.778078e+00
      vertex   2.948716e+01 1.293762e+01 8.892308e+00
    endloop
  endfacet
  facet normal 0.000000e+00 -1.000000e+00 3.130027e-15
    outer loop
      vertex   2.820000e+01 1.293762e+01 1.400000e+01
      vertex   2.948716e+01 1.293762e+01 8.892308e+00
      vertex   3.050000e+01 1.293762e+01 1.400000e+01
    endloop
  endfacet
  facet normal -3.904218e-15 -1.000000e+00 3.904218e-15
    outer loop
      vertex   3.050000e+01 1.293762e+01 1.400000e+01
      vertex   2.948716e+01 1.293762e+01 8.892308e+00
      vertex   2.958577e+01 1.293762e+01 8.990914e+00
    endloop
  endfacet
  facet normal -2.562264e-15 -1.000000e+00 3.659292e-15
    outer loop
      vertex   3.050000e+01 1.293762e+01 1.400000e+01
      vertex   2.958577e+01 1.293762e+01 8.990914e+00
      vertex   2.970000e+01 1.293762e+01 9.070898e+00
    endloop
  endfacet
  facet normal -1.636275e-15 -1.000000e+00 3.509003e-15
    outer loop
      vertex   2.970000e+01 1.293762e+01 9.070898e+00
      vertex   2.982638e+01 1.293762e+01 9.129832e+00
      vertex   3.050000e+01 1.293762e+01 1.400000e+01
    endloop
  endfacet
  facet normal -9.134455e-16 -1.000000e+00 3.409025e-15
    outer loop
      vertex   3.050000e+01 1.293762e+01 1.400000e+01
      vertex   2.982638e+01 1.293762e+01 9.129832e+00
      vertex   2.996108e+01 1.293762e+01 9.165924e+00
    endloop
  endfacet
  facet normal -2.921916e-16 -1.000000e+00 3.339765e-15
    outer loop
      vertex   3.050000e+01 1.293762e+01 1.400000e+01
      vertex   2.996108e+01 1.293762e+01 9.165924e+00
      vertex   3.010000e+01 1.293762e+01 9.178078e+00
    endloop
  endfacet
  facet normal 2.879810e-16 -1.000000e+00 3.291638e-15
    outer loop
      vertex   3.010000e+01 1.293762e+01 9.178078e+00
      vertex   3.023892e+01 1.293762e+01 9.165924e+00
      vertex   3.050000e+01 1.293762e+01 1.400000e+01
    endloop
  endfacet
  facet normal 8.735180e-16 -1.000000e+00 3.260014e-15
    outer loop
      vertex   3.050000e+01 1.293762e+01 1.400000e+01
      vertex   3.023892e+01 1.293762e+01 9.165924e+00
      vertex   3.037362e+01 1.293762e+01 9.129832e+00
    endloop
  endfacet
  facet normal 1.264972e-13 -1.000000e+00 0.000000e+00
    outer loop
      vertex   3.050000e+01 1.293762e+01 1.400000e+01
      vertex   3.037362e+01 1.293762e+01 9.129832e+00
      vertex   3.050000e+01 1.293762e+01 9.070898e+00
    endloop
  endfacet
  facet normal 0.000000e+00 0.000000e+00 1.000000e+00
    outer loop
      vertex   4.200000e+00 2.392192e+01 2.000000e+00
      vertex   2.000000e+00 2.392192e+01 2.000000e+00
      vertex   4.200000e+00 2.102192e+01 2.000000e+00
    endloop
  endfacet
  facet normal 0.000000e+00 0.000000e+00 1.000000e+00
    outer loop
      vertex   4.200000e+00 2.102192e+01 2.000000e+00
      vertex   2.000000e+00 2.392192e+01 2.000000e+00
      vertex   8.881784e-15 2.102192e+01 2.000000e+00
    endloop
  endfacet
  facet normal 0.000000e+00 -0.000000e+00 1.000000e+00
    outer loop
      vertex   8.881784e-15 2.102192e+01 2.000000e+00
      vertex   2.000000e+00 2.392192e+01 2.000000e+00
      vertex   0.000000e+00 2.392192e+01 2.000000e+00
    endloop
  endfacet
  facet normal 9.984268e-01 0.000000e+00 5.607045e-02
    outer loop
      vertex   3.248742e+01 2.102192e+01 1.222393e+01
      vertex   3.248742e+01 1.626644e+01 1.222393e+01
      vertex   3.250000e+01 2.102192e+01 1.200000e+01
    endloop
  endfacet
  facet normal 9.984268e-01 1.604916e-19 5.607045e-02
    outer loop
      vertex   3.250000e+01 2.102192e+01 1.200000e+01
      vertex   3.248742e+01 1.626644e+01 1.222393e+01
      vertex   3.248742e+01 1.151096e+01 1.222393e+01
    endloop
  endfacet
  facet normal 9.984268e-01 1.118854e-15 5.607045e-02
    outer loop
      vertex   3.250000e+01 2.102192e+01 1.200000e+01
      vertex   3.248742e+01 1.151096e+01 1.222393e+01
      vertex   3.250000e+01 2.000000e+00 1.200000e+01
    endloop
  endfacet
  facet normal 9.984268e-01 -6.552813e-20 5.607045e-02
    outer loop
      vertex   3.250000e+01 2.000000e+00 1.200000e+01
      vertex   3.248742e+01 1.151096e+01 1.222393e+01
      vertex   3.248742e+01 6.755480e+00 1.222393e+01
    endloop
  endfacet
  facet normal 9.984268e-01 -6.552813e-20 5.607045e-02
    outer loop
      vertex   3.250000e+01 2.000000e+00 1.200000e+01
      vertex   3.248742e+01 6.755480e+00 1.222393e+01
      vertex   3.248742e+01 2.000000e+00 1.222393e+01
    endloop
  endfacet
  facet normal 9.858710e-01 -0.000000e+00 1.675062e-01
    outer loop
      vertex   3.248742e+01 2.000000e+00 1.222393e+01
      vertex   3.248742e+01 6.755480e+00 1.222393e+01
      vertex   3.244986e+01 2.000000e+00 1.244504e+01
    endloop
  endfacet
  facet normal 9.858710e-01 -0.000000e+00 1.675062e-01
    outer loop
      vertex   3.244986e+01 2.000000e+00 1.244504e+01
      vertex   3.248742e+01 6.755480e+00 1.222393e+01
      vertex   3.244986e+01 6.755480e+00 1.244504e+01
    endloop
  endfacet
  facet normal 9.609173e-01 -0.000000e+00 2.768355e-01
    outer loop
      vertex   3.244986e+01 2.000000e+00 1.244504e+01
      vertex   3.244986e+01 6.755480e+00 1.244504e+01
      vertex   3.238777e+01 2.000000e+00 1.266056e+01
    endloop
  endfacet
  facet normal 9.609173e-01 -0.000000e+00 2.768355e-01
    outer loop
      vertex   3.238777e+01 2.000000e+00 1.266056e+01
      vertex   3.244986e+01 6.755480e+00 1.244504e+01
      vertex   3.238777e+01 6.755480e+00 1.266056e+01
    endloop
  endfacet
  facet normal 9.238795e-01 -0.000000e+00 3.826834e-01
    outer loop
      vertex   3.238777e+01 2.000000e+00 1.266056e+01
      vertex   3.238777e+01 6.755480e+00 1.266056e+01
      vertex   3.230194e+01 2.000000e+00 1.286777e+01
    endloop
  endfacet
  facet normal 9.238795e-01 -0.000000e+00 3.826834e-01
    outer loop
      vertex   3.230194e+01 2.000000e+00 1.286777e+01
      vertex   3.238777e+01 6.755480e+00 1.266056e+01
      vertex   3.230194e+01 6.755480e+00 1.286777e+01
    endloop
  endfacet
  facet normal 8.752234e-01 -0.000000e+00 4.837189e-01
    outer loop
      vertex   3.230194e+01 2.000000e+00 1.286777e+01
      vertex   3.230194e+01 6.755480e+00 1.286777e+01
      vertex   3.219345e+01 2.000000e+00 1.306406e+01
    endloop
  endfacet
  facet normal 8.752234e-01 -0.000000e+00 4.837189e-01
    outer loop
      vertex   3.219345e+01 2.000000e+00 1.306406e+01
      vertex   3.230194e+01 6.755480e+00 1.286777e+01
      vertex   3.219345e+01 6.755480e+00 1.306406e+01
    endloop
  endfacet
  facet normal 8.155609e-01 -0.000000e+00 5.786713e-01
    outer loop
      vertex   3.219345e+01 2.000000e+00 1.306406e+01
      vertex   3.219345e+01 6.755480e+00 1.306406e+01
      vertex   3.206366e+01 2.000000e+00 1.324698e+01
    endloop
  endfacet
  facet normal 8.155609e-01 -2.161562e-16 5.786713e-01
    outer loop
      vertex   3.206366e+01 2.000000e+00 1.324698e+01
      vertex   3.219345e+01 6.755480e+00 1.306406e+01
      vertex   3.206366e+01 6.755480e+00 1.324698e+01
    endloop
  endfacet
  facet normal 7.456422e-01 -2.489063e-16 6.663466e-01
    outer loop
      vertex   3.206366e+01 2.000000e+00 1.324698e+01
      vertex   3.206366e+01 6.755480e+00 1.324698e+01
      vertex   3.191421e+01 2.000000e+00 1.341421e+01
    endloop
  endfacet
  facet normal 7.456422e-01 -4.978127e-16 6.663466e-01
    outer loop
      vertex   3.191421e+01 2.000000e+00 1.341421e+01
      vertex   3.206366e+01 6.755480e+00 1.324698e+01
      vertex   3.191421e+01 6.755480e+00 1.341421e+01
    endloop
  endfacet
  facet normal 6.663466e-01 -5.570527e-16 7.456422e-01
    outer loop
      vertex   3.191421e+01 2.000000e+00 1.341421e+01
      vertex   3.191421e+01 6.755480e+00 1.341421e+01
      vertex   3.174698e+01 2.000000e+00 1.356366e+01
    endloop
  endfacet
  facet normal 6.663466e-01 -0.000000e+00 7.456422e-01
    outer loop
      vertex   3.174698e+01 2.000000e+00 1.356366e+01
      vertex   3.191421e+01 6.755480e+00 1.341421e+01
      vertex   3.174698e+01 6.755480e+00 1.356366e+01
    endloop
  endfacet
  facet normal 5.786713e-01 -0.000000e+00 8.155609e-01
    outer loop
      vertex   3.174698e+01 2.000000e+00 1.356366e+01
      vertex   3.174698e+01 6.755480e+00 1.356366e+01
      vertex   3.156406e+01 2.000000e+00 1.369345e+01
    endloop
  endfacet
  facet normal 5.786713e-01 -0.000000e+00 8.155609e-01
    outer loop
      vertex   3.156406e+01 2.000000e+00 1.369345e+01
      vertex   3.174698e+01 6.755480e+00 1.356366e+01
      vertex   3.156406e+01 6.755480e+00 1.369345e+01
    endloop
  endfacet
  facet normal 4.837189e-01 -0.000000e+00 8.752234e-01
    outer loop
      vertex   3.156406e+01 2.000000e+00 1.369345e+01
      vertex   3.156406e+01 6.755480e+00 1.369345e+01
      vertex   3.136777e+01 2.000000e+00 1.380194e+01
    endloop
  endfacet
  facet normal 4.837189e-01 -0.000000e+00 8.752234e-01
    outer loop
      vertex   3.136777e+01 2.000000e+00 1.380194e+01
      vertex   3.156406e+01 6.755480e+00 1.369345e+01
      vertex   3.136777e+01 6.755480e+00 1.380194e+01
    endloop
  endfacet
  facet normal 3.826834e-01 -0.000000e+00 9.238795e-01
    outer loop
      vertex   3.136777e+01 2.000000e+00 1.380194e+01
      vertex   3.136777e+01 6.755480e+00 1.380194e+01
      vertex   3.116056e+01 2.000000e+00 1.388777e+01
    endloop
  endfacet
  facet normal 3.826834e-01 -0.000000e+00 9.238795e-01
    outer loop
      vertex   3.116056e+01 2.000000e+00 1.388777e+01
      vertex   3.136777e+01 6.755480e+00 1.380194e+01
      vertex   3.116056e+01 6.755480e+00 1.388777e+01
    endloop
  endfacet
  facet normal 2.768355e-01 -0.000000e+00 9.609173e-01
    outer loop
      vertex   3.116056e+01 2.000000e+00 1.388777e+01
      vertex   3.116056e+01 6.755480e+00 1.388777e+01
      vertex   3.094504e+01 2.000000e+00 1.394986e+01
    endloop
  endfacet
  facet normal 2.768355e-01 -0.000000e+00 9.609173e-01
    outer loop
      vertex   3.094504e+01 2.000000e+00 1.394986e+01
      vertex   3.116056e+01 6.755480e+00 1.388777e+01
      vertex   3.094504e+01 6.755480e+00 1.394986e+01
    endloop
  endfacet
  facet normal 1.675062e-01 -0.000000e+00 9.858710e-01
    outer loop
      vertex   3.094504e+01 2.000000e+00 1.394986e+01
      vertex   3.094504e+01 6.755480e+00 1.394986e+01
      vertex   3.072393e+01 2.000000e+00 1.398742e+01
    endloop
  endfacet
  facet normal 1.675062e-01 -0.000000e+00 9.858710e-01
    outer loop
      vertex   3.072393e+01 2.000000e+00 1.398742e+01
      vertex   3.094504e+01 6.755480e+00 1.394986e+01
      vertex   3.072393e+01 6.755480e+00 1.398742e+01
    endloop
  endfacet
  facet normal 5.607056e-02 -0.000000e+00 9.984268e-01
    outer loop
      vertex   3.072393e+01 2.000000e+00 1.398742e+01
      vertex   3.072393e+01 6.755480e+00 1.398742e+01
      vertex   3.050000e+01 3.721922e+00 1.400000e+01
    endloop
  endfacet
  facet normal 5.607052e-02 2.765200e-09 9.984268e-01
    outer loop
      vertex   3.050000e+01 3.721922e+00 1.400000e+01
      vertex   3.072393e+01 6.755480e+00 1.398742e+01
      vertex   3.050000e+01 1.293762e+01 1.400000e+01
    endloop
  endfacet
  facet normal 5.607045e-02 7.368675e-20 9.984268e-01
    outer loop
      vertex   3.050000e+01 1.293762e+01 1.400000e+01
      vertex   3.072393e+01 6.755480e+00 1.398742e+01
      vertex   3.072393e+01 1.151096e+01 1.398742e+01
    endloop
  endfacet
  facet normal 5.607045e-02 7.368675e-20 9.984268e-01
    outer loop
      vertex   3.050000e+01 1.293762e+01 1.400000e+01
      vertex   3.072393e+01 1.151096e+01 1.398742e+01
      vertex   3.072393e+01 1.626644e+01 1.398742e+01
    endloop
  endfacet
  facet normal 1.675062e-01 0.000000e+00 9.858710e-01
    outer loop
      vertex   3.072393e+01 1.626644e+01 1.398742e+01
      vertex   3.072393e+01 1.151096e+01 1.398742e+01
      vertex   3.094504e+01 1.626644e+01 1.394986e+01
    endloop
  endfacet
  facet normal 1.675062e-01 2.386366e-19 9.858710e-01
    outer loop
      vertex   3.072393e+01 1.626644e+01 1.398742e+01
      vertex   3.094504e+01 1.626644e+01 1.394986e+01
      vertex   3.094504e+01 2.102192e+01 1.394986e+01
    endloop
  endfacet
  facet normal 2.768355e-01 0.000000e+00 9.609173e-01
    outer loop
      vertex   3.094504e+01 2.102192e+01 1.394986e+01
      vertex   3.094504e+01 1.626644e+01 1.394986e+01
      vertex   3.116056e+01 2.102192e+01 1.388777e+01
    endloop
  endfacet
  facet normal 2.768355e-01 -3.589400e-16 9.609173e-01
    outer loop
      vertex   3.116056e+01 2.102192e+01 1.388777e+01
      vertex   3.094504e+01 1.626644e+01 1.394986e+01
      vertex   3.116056e+01 1.626644e+01 1.388777e+01
    endloop
  endfacet
  facet normal 3.826834e-01 -3.451049e-16 9.238795e-01
    outer loop
      vertex   3.116056e+01 2.102192e+01 1.388777e+01
      vertex   3.116056e+01 1.626644e+01 1.388777e+01
      vertex   3.136777e+01 2.102192e+01 1.380194e+01
    endloop
  endfacet
  facet normal 3.826834e-01 -6.902098e-16 9.238795e-01
    outer loop
      vertex   3.136777e+01 2.102192e+01 1.380194e+01
      vertex   3.116056e+01 1.626644e+01 1.388777e+01
      vertex   3.136777e+01 1.626644e+01 1.380194e+01
    endloop
  endfacet
  facet normal 4.837189e-01 -6.538599e-16 8.752234e-01
    outer loop
      vertex   3.136777e+01 2.102192e+01 1.380194e+01
      vertex   3.136777e+01 1.626644e+01 1.380194e+01
      vertex   3.156406e+01 2.102192e+01 1.369345e+01
    endloop
  endfacet
  facet normal 4.837189e-01 0.000000e+00 8.752234e-01
    outer loop
      vertex   3.156406e+01 2.102192e+01 1.369345e+01
      vertex   3.136777e+01 1.626644e+01 1.380194e+01
      vertex   3.156406e+01 1.626644e+01 1.369345e+01
    endloop
  endfacet
  facet normal 5.786713e-01 0.000000e+00 8.155609e-01
    outer loop
      vertex   3.156406e+01 2.102192e+01 1.369345e+01
      vertex   3.156406e+01 1.626644e+01 1.369345e+01
      vertex   3.174698e+01 2.102192e+01 1.356366e+01
    endloop
  endfacet
  facet normal 5.786713e-01 0.000000e+00 8.155609e-01
    outer loop
      vertex   3.174698e+01 2.102192e+01 1.356366e+01
      vertex   3.156406e+01 1.626644e+01 1.369345e+01
      vertex   3.174698e+01 1.626644e+01 1.356366e+01
    endloop
  endfacet
  facet normal 6.663466e-01 0.000000e+00 7.456422e-01
    outer loop
      vertex   3.174698e+01 2.102192e+01 1.356366e+01
      vertex   3.174698e+01 1.626644e+01 1.356366e+01
      vertex   3.191421e+01 2.102192e+01 1.341421e+01
    endloop
  endfacet
  facet normal 6.663466e-01 5.570527e-16 7.456422e-01
    outer loop
      vertex   3.191421e+01 2.102192e+01 1.341421e+01
      vertex   3.174698e+01 1.626644e+01 1.356366e+01
      vertex   3.191421e+01 1.626644e+01 1.341421e+01
    endloop
  endfacet
  facet normal 7.456422e-01 4.978127e-16 6.663466e-01
    outer loop
      vertex   3.191421e+01 2.102192e+01 1.341421e+01
      vertex   3.191421e+01 1.626644e+01 1.341421e+01
      vertex   3.206366e+01 2.102192e+01 1.324698e+01
    endloop
  endfacet
  facet normal 7.456422e-01 0.000000e+00 6.663466e-01
    outer loop
      vertex   3.206366e+01 2.102192e+01 1.324698e+01
      vertex   3.191421e+01 1.626644e+01 1.341421e+01
      vertex   3.206366e+01 1.626644e+01 1.324698e+01
    endloop
  endfacet
  facet normal 8.155609e-01 0.000000e+00 5.786713e-01
    outer loop
      vertex   3.206366e+01 2.102192e+01 1.324698e+01
      vertex   3.206366e+01 1.626644e+01 1.324698e+01
      vertex   3.219345e+01 2.102192e+01 1.306406e+01
    endloop
  endfacet
  facet normal 8.155609e-01 0.000000e+00 5.786713e-01
    outer loop
      vertex   3.219345e+01 2.102192e+01 1.306406e+01
      vertex   3.206366e+01 1.626644e+01 1.324698e+01
      vertex   3.219345e+01 1.626644e+01 1.306406e+01
    endloop
  endfacet
  facet normal 8.752234e-01 0.000000e+00 4.837189e-01
    outer loop
      vertex   3.219345e+01 2.102192e+01 1.306406e+01
      vertex   3.219345e+01 1.626644e+01 1.306406e+01
      vertex   3.230194e+01 2.102192e+01 1.286777e+01
    endloop
  endfacet
  facet normal 8.752234e-01 0.000000e+00 4.837189e-01
    outer loop
      vertex   3.230194e+01 2.102192e+01 1.286777e+01
      vertex   3.219345e+01 1.626644e+01 1.306406e+01
      vertex   3.230194e+01 1.626644e+01 1.286777e+01
    endloop
  endfacet
  facet normal 9.238795e-01 0.000000e+00 3.826834e-01
    outer loop
      vertex   3.230194e+01 2.102192e+01 1.286777e+01
      vertex   3.230194e+01 1.626644e+01 1.286777e+01
      vertex   3.238777e+01 2.102192e+01 1.266056e+01
    endloop
  endfacet
  facet normal 9.238795e-01 0.000000e+00 3.826834e-01
    outer loop
      vertex   3.238777e+01 2.102192e+01 1.266056e+01
      vertex   3.230194e+01 1.626644e+01 1.286777e+01
      vertex   3.238777e+01 1.626644e+01 1.266056e+01
    endloop
  endfacet
  facet normal 9.609173e-01 0.000000e+00 2.768355e-01
    outer loop
      vertex   3.238777e+01 2.102192e+01 1.266056e+01
      vertex   3.238777e+01 1.626644e+01 1.266056e+01
      vertex   3.244986e+01 2.102192e+01 1.244504e+01
    endloop
  endfacet
  facet normal 9.609173e-01 1.435760e-15 2.768355e-01
    outer loop
      vertex   3.244986e+01 2.102192e+01 1.244504e+01
      vertex   3.238777e+01 1.626644e+01 1.266056e+01
      vertex   3.244986e+01 1.626644e+01 1.244504e+01
    endloop
  endfacet
  facet normal 9.858710e-01 1.473045e-15 1.675062e-01
    outer loop
      vertex   3.244986e+01 2.102192e+01 1.244504e+01
      vertex   3.244986e+01 1.626644e+01 1.244504e+01
      vertex   3.248742e+01 2.102192e+01 1.222393e+01
    endloop
  endfacet
  facet normal 9.858710e-01 0.000000e+00 1.675062e-01
    outer loop
      vertex   3.248742e+01 2.102192e+01 1.222393e+01
      vertex   3.244986e+01 1.626644e+01 1.244504e+01
      vertex   3.248742e+01 1.626644e+01 1.222393e+01
    endloop
  endfacet
  facet normal 1.675062e-01 2.386366e-19 9.858710e-01
    outer loop
      vertex   3.094504e+01 2.102192e+01 1.394986e+01
      vertex   3.072393e+01 2.102192e+01 1.398742e+01
      vertex   3.072393e+01 1.626644e+01 1.398742e+01
    endloop
  endfacet
  facet normal 5.607045e-02 -0.000000e+00 9.984268e-01
    outer loop
      vertex   3.072393e+01 1.626644e+01 1.398742e+01
      vertex   3.072393e+01 2.102192e+01 1.398742e+01
      vertex   3.050000e+01 2.102192e+01 1.400000e+01
    endloop
  endfacet
  facet normal 5.607045e-02 4.334521e-20 9.984268e-01
    outer loop
      vertex   3.072393e+01 1.626644e+01 1.398742e+01
      vertex   3.050000e+01 2.102192e+01 1.400000e+01
      vertex   3.050000e+01 1.293762e+01 1.400000e+01
    endloop
  endfacet
  facet normal 5.607045e-02 -1.479927e-08 9.984268e-01
    outer loop
      vertex   3.050000e+01 3.721922e+00 1.400000e+01
      vertex   3.050000e+01 2.000000e+00 1.400000e+01
      vertex   3.072393e+01 2.000000e+00 1.398742e+01
    endloop
  endfacet
  facet normal 9.858710e-01 4.660863e-19 1.675062e-01
    outer loop
      vertex   3.244986e+01 6.755480e+00 1.244504e+01
      vertex   3.248742e+01 6.755480e+00 1.222393e+01
      vertex   3.248742e+01 1.151096e+01 1.222393e+01
    endloop
  endfacet
  facet normal 9.858710e-01 -0.000000e+00 1.675062e-01
    outer loop
      vertex   3.248742e+01 1.151096e+01 1.222393e+01
      vertex   3.248742e+01 1.626644e+01 1.222393e+01
      vertex   3.244986e+01 1.151096e+01 1.244504e+01
    endloop
  endfacet
  facet normal 9.858710e-01 -0.000000e+00 1.675062e-01
    outer loop
      vertex   3.244986e+01 1.151096e+01 1.244504e+01
      vertex   3.248742e+01 1.626644e+01 1.222393e+01
      vertex   3.244986e+01 1.626644e+01 1.244504e+01
    endloop
  endfacet
  facet normal 9.609173e-01 -0.000000e+00 2.768355e-01
    outer loop
      vertex   3.244986e+01 1.151096e+01 1.244504e+01
      vertex   3.244986e+01 1.626644e+01 1.244504e+01
      vertex   3.238777e+01 1.151096e+01 1.266056e+01
    endloop
  endfacet
  facet normal 9.609173e-01 -0.000000e+00 2.768355e-01
    outer loop
      vertex   3.238777e+01 1.151096e+01 1.266056e+01
      vertex   3.244986e+01 1.626644e+01 1.244504e+01
      vertex   3.238777e+01 1.626644e+01 1.266056e+01
    endloop
  endfacet
  facet normal 9.238795e-01 -0.000000e+00 3.826834e-01
    outer loop
      vertex   3.238777e+01 1.151096e+01 1.266056e+01
      vertex   3.238777e+01 1.626644e+01 1.266056e+01
      vertex   3.230194e+01 1.151096e+01 1.286777e+01
    endloop
  endfacet
  facet normal 9.238795e-01 -0.000000e+00 3.826834e-01
    outer loop
      vertex   3.230194e+01 1.151096e+01 1.286777e+01
      vertex   3.238777e+01 1.626644e+01 1.266056e+01
      vertex   3.230194e+01 1.626644e+01 1.286777e+01
    endloop
  endfacet
  facet normal 8.752234e-01 -0.000000e+00 4.837189e-01
    outer loop
      vertex   3.230194e+01 1.151096e+01 1.286777e+01
      vertex   3.230194e+01 1.626644e+01 1.286777e+01
      vertex   3.219345e+01 1.151096e+01 1.306406e+01
    endloop
  endfacet
  facet normal 8.752234e-01 -0.000000e+00 4.837189e-01
    outer loop
      vertex   3.219345e+01 1.151096e+01 1.306406e+01
      vertex   3.230194e+01 1.626644e+01 1.286777e+01
      vertex   3.219345e+01 1.626644e+01 1.306406e+01
    endloop
  endfacet
  facet normal 8.155609e-01 -0.000000e+00 5.786713e-01
    outer loop
      vertex   3.219345e+01 1.151096e+01 1.306406e+01
      vertex   3.219345e+01 1.626644e+01 1.306406e+01
      vertex   3.206366e+01 1.151096e+01 1.324698e+01
    endloop
  endfacet
  facet normal 8.155609e-01 -0.000000e+00 5.786713e-01
    outer loop
      vertex   3.206366e+01 1.151096e+01 1.324698e+01
      vertex   3.219345e+01 1.626644e+01 1.306406e+01
      vertex   3.206366e+01 1.626644e+01 1.324698e+01
    endloop
  endfacet
  facet normal 7.456422e-01 -0.000000e+00 6.663466e-01
    outer loop
      vertex   3.206366e+01 1.151096e+01 1.324698e+01
      vertex   3.206366e+01 1.626644e+01 1.324698e+01
      vertex   3.191421e+01 1.151096e+01 1.341421e+01
    endloop
  endfacet
  facet normal 7.456422e-01 -0.000000e+00 6.663466e-01
    outer loop
      vertex   3.191421e+01 1.151096e+01 1.341421e+01
      vertex   3.206366e+01 1.626644e+01 1.324698e+01
      vertex   3.191421e+01 1.626644e+01 1.341421e+01
    endloop
  endfacet
  facet normal 6.663466e-01 -0.000000e+00 7.456422e-01
    outer loop
      vertex   3.191421e+01 1.151096e+01 1.341421e+01
      vertex   3.191421e+01 1.626644e+01 1.341421e+01
      vertex   3.174698e+01 1.151096e+01 1.356366e+01
    endloop
  endfacet
  facet normal 6.663466e-01 -0.000000e+00 7.456422e-01
    outer loop
      vertex   3.174698e+01 1.151096e+01 1.356366e+01
      vertex   3.191421e+01 1.626644e+01 1.341421e+01
      vertex   3.174698e+01 1.626644e+01 1.356366e+01
    endloop
  endfacet
  facet normal 5.786713e-01 -0.000000e+00 8.155609e-01
    outer loop
      vertex   3.174698e+01 1.151096e+01 1.356366e+01
      vertex   3.174698e+01 1.626644e+01 1.356366e+01
      vertex   3.156406e+01 1.151096e+01 1.369345e+01
    endloop
  endfacet
  facet normal 5.786713e-01 -0.000000e+00 8.155609e-01
    outer loop
      vertex   3.156406e+01 1.151096e+01 1.369345e+01
      vertex   3.174698e+01 1.626644e+01 1.356366e+01
      vertex   3.156406e+01 1.626644e+01 1.369345e+01
    endloop
  endfacet
  facet normal 4.837189e-01 -0.000000e+00 8.752234e-01
    outer loop
      vertex   3.156406e+01 1.151096e+01 1.369345e+01
      vertex   3.156406e+01 1.626644e+01 1.369345e+01
      vertex   3.136777e+01 1.151096e+01 1.380194e+01
    endloop
  endfacet
  facet normal 4.837189e-01 -7.227512e-16 8.752234e-01
    outer loop
      vertex   3.136777e+01 1.151096e+01 1.380194e+01
      vertex   3.156406e+01 1.626644e+01 1.369345e+01
      vertex   3.136777e+01 1.626644e+01 1.380194e+01
    endloop
  endfacet
  facet normal 3.826834e-01 -5.717885e-16 9.238795e-01
    outer loop
      vertex   3.136777e+01 1.151096e+01 1.380194e+01
      vertex   3.136777e+01 1.626644e+01 1.380194e+01
      vertex   3.116056e+01 1.151096e+01 1.388777e+01
    endloop
  endfacet
  facet normal 3.826834e-01 -0.000000e+00 9.238795e-01
    outer loop
      vertex   3.116056e+01 1.151096e+01 1.388777e+01
      vertex   3.136777e+01 1.626644e+01 1.380194e+01
      vertex   3.116056e+01 1.626644e+01 1.388777e+01
    endloop
  endfacet
  facet normal 2.768355e-01 -0.000000e+00 9.609173e-01
    outer loop
      vertex   3.116056e+01 1.151096e+01 1.388777e+01
      vertex   3.116056e+01 1.626644e+01 1.388777e+01
      vertex   3.094504e+01 1.151096e+01 1.394986e+01
    endloop
  endfacet
  facet normal 2.768355e-01 -0.000000e+00 9.609173e-01
    outer loop
      vertex   3.094504e+01 1.151096e+01 1.394986e+01
      vertex   3.116056e+01 1.626644e+01 1.388777e+01
      vertex   3.094504e+01 1.626644e+01 1.394986e+01
    endloop
  endfacet
  facet normal 1.675062e-01 -0.000000e+00 9.858710e-01
    outer loop
      vertex   3.094504e+01 1.151096e+01 1.394986e+01
      vertex   3.094504e+01 1.626644e+01 1.394986e+01
      vertex   3.072393e+01 1.151096e+01 1.398742e+01
    endloop
  endfacet
  facet normal 9.609173e-01 -7.016000e-19 2.768355e-01
    outer loop
      vertex   3.238777e+01 6.755480e+00 1.266056e+01
      vertex   3.244986e+01 6.755480e+00 1.244504e+01
      vertex   3.244986e+01 1.151096e+01 1.244504e+01
    endloop
  endfacet
  facet normal 9.858710e-01 0.000000e+00 1.675062e-01
    outer loop
      vertex   3.244986e+01 1.151096e+01 1.244504e+01
      vertex   3.244986e+01 6.755480e+00 1.244504e+01
      vertex   3.248742e+01 1.151096e+01 1.222393e+01
    endloop
  endfacet
  facet normal 9.609173e-01 -0.000000e+00 2.768355e-01
    outer loop
      vertex   3.238777e+01 6.755480e+00 1.266056e+01
      vertex   3.244986e+01 1.151096e+01 1.244504e+01
      vertex   3.238777e+01 1.151096e+01 1.266056e+01
    endloop
  endfacet
  facet normal 9.238795e-01 -4.168532e-19 3.826834e-01
    outer loop
      vertex   3.230194e+01 6.755480e+00 1.286777e+01
      vertex   3.238777e+01 6.755480e+00 1.266056e+01
      vertex   3.238777e+01 1.151096e+01 1.266056e+01
    endloop
  endfacet
  facet normal 9.238795e-01 -2.858943e-16 3.826834e-01
    outer loop
      vertex   3.230194e+01 6.755480e+00 1.286777e+01
      vertex   3.238777e+01 1.151096e+01 1.266056e+01
      vertex   3.230194e+01 1.151096e+01 1.286777e+01
    endloop
  endfacet
  facet normal 8.752234e-01 -3.627796e-16 4.837189e-01
    outer loop
      vertex   3.219345e+01 6.755480e+00 1.306406e+01
      vertex   3.230194e+01 6.755480e+00 1.286777e+01
      vertex   3.230194e+01 1.151096e+01 1.286777e+01
    endloop
  endfacet
  facet normal 8.752234e-01 -0.000000e+00 4.837189e-01
    outer loop
      vertex   3.219345e+01 6.755480e+00 1.306406e+01
      vertex   3.230194e+01 1.151096e+01 1.286777e+01
      vertex   3.219345e+01 1.151096e+01 1.306406e+01
    endloop
  endfacet
  facet normal 8.155609e-01 -1.504448e-18 5.786713e-01
    outer loop
      vertex   3.206366e+01 6.755480e+00 1.324698e+01
      vertex   3.219345e+01 6.755480e+00 1.306406e+01
      vertex   3.219345e+01 1.151096e+01 1.306406e+01
    endloop
  endfacet
  facet normal 8.155609e-01 -0.000000e+00 5.786713e-01
    outer loop
      vertex   3.206366e+01 6.755480e+00 1.324698e+01
      vertex   3.219345e+01 1.151096e+01 1.306406e+01
      vertex   3.206366e+01 1.151096e+01 1.324698e+01
    endloop
  endfacet
  facet normal 7.456422e-01 7.335595e-19 6.663466e-01
    outer loop
      vertex   3.191421e+01 6.755480e+00 1.341421e+01
      vertex   3.206366e+01 6.755480e+00 1.324698e+01
      vertex   3.206366e+01 1.151096e+01 1.324698e+01
    endloop
  endfacet
  facet normal 7.456422e-01 -0.000000e+00 6.663466e-01
    outer loop
      vertex   3.191421e+01 6.755480e+00 1.341421e+01
      vertex   3.206366e+01 1.151096e+01 1.324698e+01
      vertex   3.191421e+01 1.151096e+01 1.341421e+01
    endloop
  endfacet
  facet normal 6.663466e-01 1.320885e-19 7.456422e-01
    outer loop
      vertex   3.174698e+01 6.755480e+00 1.356366e+01
      vertex   3.191421e+01 6.755480e+00 1.341421e+01
      vertex   3.191421e+01 1.151096e+01 1.341421e+01
    endloop
  endfacet
  facet normal 6.663466e-01 -0.000000e+00 7.456422e-01
    outer loop
      vertex   3.174698e+01 6.755480e+00 1.356366e+01
      vertex   3.191421e+01 1.151096e+01 1.341421e+01
      vertex   3.174698e+01 1.151096e+01 1.356366e+01
    endloop
  endfacet
  facet normal 5.786713e-01 -1.368256e-18 8.155609e-01
    outer loop
      vertex   3.156406e+01 6.755480e+00 1.369345e+01
      vertex   3.174698e+01 6.755480e+00 1.356366e+01
      vertex   3.174698e+01 1.151096e+01 1.356366e+01
    endloop
  endfacet
  facet normal 5.786713e-01 -3.046437e-16 8.155609e-01
    outer loop
      vertex   3.156406e+01 6.755480e+00 1.369345e+01
      vertex   3.174698e+01 1.151096e+01 1.356366e+01
      vertex   3.156406e+01 1.151096e+01 1.369345e+01
    endloop
  endfacet
  facet normal 4.837189e-01 -3.253331e-16 8.752234e-01
    outer loop
      vertex   3.136777e+01 6.755480e+00 1.380194e+01
      vertex   3.156406e+01 6.755480e+00 1.369345e+01
      vertex   3.156406e+01 1.151096e+01 1.369345e+01
    endloop
  endfacet
  facet normal 4.837189e-01 -0.000000e+00 8.752234e-01
    outer loop
      vertex   3.136777e+01 6.755480e+00 1.380194e+01
      vertex   3.156406e+01 1.151096e+01 1.369345e+01
      vertex   3.136777e+01 1.151096e+01 1.380194e+01
    endloop
  endfacet
  facet normal 3.826834e-01 -1.202224e-19 9.238795e-01
    outer loop
      vertex   3.116056e+01 6.755480e+00 1.388777e+01
      vertex   3.136777e+01 6.755480e+00 1.380194e+01
      vertex   3.136777e+01 1.151096e+01 1.380194e+01
    endloop
  endfacet
  facet normal 3.826834e-01 -0.000000e+00 9.238795e-01
    outer loop
      vertex   3.116056e+01 6.755480e+00 1.388777e+01
      vertex   3.136777e+01 1.151096e+01 1.380194e+01
      vertex   3.116056e+01 1.151096e+01 1.388777e+01
    endloop
  endfacet
  facet normal 2.768355e-01 -1.951973e-19 9.609173e-01
    outer loop
      vertex   3.094504e+01 6.755480e+00 1.394986e+01
      vertex   3.116056e+01 6.755480e+00 1.388777e+01
      vertex   3.116056e+01 1.151096e+01 1.388777e+01
    endloop
  endfacet
  facet normal 2.768355e-01 -4.136353e-16 9.609173e-01
    outer loop
      vertex   3.094504e+01 6.755480e+00 1.394986e+01
      vertex   3.116056e+01 1.151096e+01 1.388777e+01
      vertex   3.094504e+01 1.151096e+01 1.394986e+01
    endloop
  endfacet
  facet normal 1.675062e-01 -2.502353e-16 9.858710e-01
    outer loop
      vertex   3.072393e+01 6.755480e+00 1.398742e+01
      vertex   3.094504e+01 6.755480e+00 1.394986e+01
      vertex   3.094504e+01 1.151096e+01 1.394986e+01
    endloop
  endfacet
  facet normal 1.675062e-01 -0.000000e+00 9.858710e-01
    outer loop
      vertex   3.072393e+01 6.755480e+00 1.398742e+01
      vertex   3.094504e+01 1.151096e+01 1.394986e+01
      vertex   3.072393e+01 1.151096e+01 1.398742e+01
    endloop
  endfacet
  facet normal 0.000000e+00 -5.607045e-02 9.984268e-01
    outer loop
      vertex   2.000000e+00 1.776071e+00 1.398742e+01
      vertex   6.750000e+00 1.776071e+00 1.398742e+01
      vertex   2.000000e+00 2.000000e+00 1.400000e+01
    endloop
  endfacet
  facet normal 2.604968e-20 -5.607045e-02 9.984268e-01
    outer loop
      vertex   2.000000e+00 2.000000e+00 1.400000e+01
      vertex   6.750000e+00 1.776071e+00 1.398742e+01
      vertex   1.150000e+01 1.776071e+00 1.398742e+01
    endloop
  endfacet
  facet normal 2.604968e-20 -5.607045e-02 9.984268e-01
    outer loop
      vertex   2.000000e+00 2.000000e+00 1.400000e+01
      vertex   1.150000e+01 1.776071e+00 1.398742e+01
      vertex   1.625000e+01 1.776071e+00 1.398742e+01
    endloop
  endfacet
  facet normal 0.000000e+00 -1.675062e-01 9.858710e-01
    outer loop
      vertex   1.625000e+01 1.776071e+00 1.398742e+01
      vertex   1.150000e+01 1.776071e+00 1.398742e+01
      vertex   1.625000e+01 1.554958e+00 1.394986e+01
    endloop
  endfacet
  facet normal 2.639887e-20 -1.675062e-01 9.858710e-01
    outer loop
      vertex   1.625000e+01 1.776071e+00 1.398742e+01
      vertex   1.625000e+01 1.554958e+00 1.394986e+01
      vertex   2.100000e+01 1.554958e+00 1.394986e+01
    endloop
  endfacet
  facet normal 0.000000e+00 -2.768355e-01 9.609173e-01
    outer loop
      vertex   2.100000e+01 1.554958e+00 1.394986e+01
      vertex   1.625000e+01 1.554958e+00 1.394986e+01
      vertex   2.100000e+01 1.339441e+00 1.388777e+01
    endloop
  endfacet
  facet normal 6.154025e-19 -2.768355e-01 9.609173e-01
    outer loop
      vertex   2.100000e+01 1.554958e+00 1.394986e+01
      vertex   2.100000e+01 1.339441e+00 1.388777e+01
      vertex   2.575000e+01 1.339441e+00 1.388777e+01
    endloop
  endfacet
  facet normal 0.000000e+00 -3.826834e-01 9.238795e-01
    outer loop
      vertex   2.575000e+01 1.339441e+00 1.388777e+01
      vertex   2.100000e+01 1.339441e+00 1.388777e+01
      vertex   2.575000e+01 1.132232e+00 1.380194e+01
    endloop
  endfacet
  facet normal -7.447538e-16 -3.826834e-01 9.238795e-01
    outer loop
      vertex   2.575000e+01 1.339441e+00 1.388777e+01
      vertex   2.575000e+01 1.132232e+00 1.380194e+01
      vertex   3.050000e+01 1.132232e+00 1.380194e+01
    endloop
  endfacet
  facet normal -7.224505e-16 -4.837189e-01 8.752234e-01
    outer loop
      vertex   3.050000e+01 1.132232e+00 1.380194e+01
      vertex   2.575000e+01 1.132232e+00 1.380194e+01
      vertex   3.050000e+01 9.359354e-01 1.369345e+01
    endloop
  endfacet
  facet normal -3.951433e-16 -4.837189e-01 8.752234e-01
    outer loop
      vertex   3.050000e+01 9.359354e-01 1.369345e+01
      vertex   2.575000e+01 1.132232e+00 1.380194e+01
      vertex   2.575000e+01 9.359354e-01 1.369345e+01
    endloop
  endfacet
  facet normal -3.861473e-16 -5.786713e-01 8.155609e-01
    outer loop
      vertex   3.050000e+01 9.359354e-01 1.369345e+01
      vertex   2.575000e+01 9.359354e-01 1.369345e+01
      vertex   3.050000e+01 7.530199e-01 1.356366e+01
    endloop
  endfacet
  facet normal -4.402487e-16 -5.786713e-01 8.155609e-01
    outer loop
      vertex   3.050000e+01 7.530199e-01 1.356366e+01
      vertex   2.575000e+01 9.359354e-01 1.369345e+01
      vertex   2.575000e+01 7.530199e-01 1.356366e+01
    endloop
  endfacet
  facet normal -4.345937e-16 -6.663466e-01 7.456422e-01
    outer loop
      vertex   3.050000e+01 7.530199e-01 1.356366e+01
      vertex   2.575000e+01 7.530199e-01 1.356366e+01
      vertex   3.050000e+01 5.857860e-01 1.341421e+01
    endloop
  endfacet
  facet normal -7.601651e-16 -6.663466e-01 7.456422e-01
    outer loop
      vertex   3.050000e+01 5.857860e-01 1.341421e+01
      vertex   2.575000e+01 7.530199e-01 1.356366e+01
      vertex   2.575000e+01 5.857860e-01 1.341421e+01
    endloop
  endfacet
  facet normal -7.249508e-16 -7.456422e-01 6.663466e-01
    outer loop
      vertex   3.050000e+01 5.857860e-01 1.341421e+01
      vertex   2.575000e+01 5.857860e-01 1.341421e+01
      vertex   3.050000e+01 4.363366e-01 1.324698e+01
    endloop
  endfacet
  facet normal -2.178498e-16 -7.456422e-01 6.663466e-01
    outer loop
      vertex   3.050000e+01 4.363366e-01 1.324698e+01
      vertex   2.575000e+01 5.857860e-01 1.341421e+01
      vertex   2.575000e+01 4.363366e-01 1.324698e+01
    endloop
  endfacet
  facet normal -2.382775e-16 -8.155609e-01 5.786713e-01
    outer loop
      vertex   3.050000e+01 4.363366e-01 1.324698e+01
      vertex   2.575000e+01 4.363366e-01 1.324698e+01
      vertex   3.050000e+01 3.065511e-01 1.306406e+01
    endloop
  endfacet
  facet normal -5.023386e-16 -8.155609e-01 5.786713e-01
    outer loop
      vertex   3.050000e+01 3.065511e-01 1.306406e+01
      vertex   2.575000e+01 4.363366e-01 1.324698e+01
      vertex   2.575000e+01 3.065511e-01 1.306406e+01
    endloop
  endfacet
  facet normal -4.877468e-16 -8.752234e-01 4.837189e-01
    outer loop
      vertex   3.050000e+01 3.065511e-01 1.306406e+01
      vertex   2.575000e+01 3.065511e-01 1.306406e+01
      vertex   3.050000e+01 1.980618e-01 1.286777e+01
    endloop
  endfacet
  facet normal -3.068505e-16 -8.752234e-01 4.837189e-01
    outer loop
      vertex   3.050000e+01 1.980618e-01 1.286777e+01
      vertex   2.575000e+01 3.065511e-01 1.306406e+01
      vertex   2.575000e+01 1.980618e-01 1.286777e+01
    endloop
  endfacet
  facet normal -3.239092e-16 -9.238795e-01 3.826834e-01
    outer loop
      vertex   3.050000e+01 1.980618e-01 1.286777e+01
      vertex   2.575000e+01 1.980618e-01 1.286777e+01
      vertex   3.050000e+01 1.122329e-01 1.266056e+01
    endloop
  endfacet
  facet normal -3.778940e-16 -9.238795e-01 3.826834e-01
    outer loop
      vertex   3.050000e+01 1.122329e-01 1.266056e+01
      vertex   2.575000e+01 1.980618e-01 1.286777e+01
      vertex   2.575000e+01 1.122329e-01 1.266056e+01
    endloop
  endfacet
  facet normal -3.930436e-16 -9.609173e-01 2.768355e-01
    outer loop
      vertex   3.050000e+01 1.122329e-01 1.266056e+01
      vertex   2.575000e+01 1.122329e-01 1.266056e+01
      vertex   3.050000e+01 5.014370e-02 1.244504e+01
    endloop
  endfacet
  facet normal -3.930436e-16 -9.609173e-01 2.768355e-01
    outer loop
      vertex   3.050000e+01 5.014370e-02 1.244504e+01
      vertex   2.575000e+01 1.122329e-01 1.266056e+01
      vertex   2.575000e+01 5.014370e-02 1.244504e+01
    endloop
  endfacet
  facet normal -4.032504e-16 -9.858710e-01 1.675062e-01
    outer loop
      vertex   3.050000e+01 5.014370e-02 1.244504e+01
      vertex   2.575000e+01 5.014370e-02 1.244504e+01
      vertex   3.050000e+01 1.257510e-02 1.222393e+01
    endloop
  endfacet
  facet normal -4.608576e-16 -9.858710e-01 1.675062e-01
    outer loop
      vertex   3.050000e+01 1.257510e-02 1.222393e+01
      vertex   2.575000e+01 5.014370e-02 1.244504e+01
      vertex   2.575000e+01 1.257510e-02 1.222393e+01
    endloop
  endfacet
  facet normal -4.667269e-16 -9.984268e-01 5.607045e-02
    outer loop
      vertex   3.050000e+01 1.257510e-02 1.222393e+01
      vertex   2.575000e+01 1.257510e-02 1.222393e+01
      vertex   3.050000e+01 -4.768372e-07 1.200000e+01
    endloop
  endfacet
  facet normal 6.157122e-20 -9.984268e-01 5.607045e-02
    outer loop
      vertex   3.050000e+01 -4.768372e-07 1.200000e+01
      vertex   2.575000e+01 1.257510e-02 1.222393e+01
      vertex   2.100000e+01 1.257510e-02 1.222393e+01
    endloop
  endfacet
  facet normal 6.157122e-20 -9.984268e-01 5.607045e-02
    outer loop
      vertex   3.050000e+01 -4.768372e-07 1.200000e+01
      vertex   2.100000e+01 1.257510e-02 1.222393e+01
      vertex   1.625000e+01 1.257510e-02 1.222393e+01
    endloop
  endfacet
  facet normal 0.000000e+00 -9.858710e-01 1.675062e-01
    outer loop
      vertex   1.625000e+01 1.257510e-02 1.222393e+01
      vertex   2.100000e+01 1.257510e-02 1.222393e+01
      vertex   1.625000e+01 5.014370e-02 1.244504e+01
    endloop
  endfacet
  facet normal 1.057626e-19 -9.858710e-01 1.675062e-01
    outer loop
      vertex   1.625000e+01 1.257510e-02 1.222393e+01
      vertex   1.625000e+01 5.014370e-02 1.244504e+01
      vertex   1.150000e+01 5.014370e-02 1.244504e+01
    endloop
  endfacet
  facet normal 0.000000e+00 -9.609173e-01 2.768355e-01
    outer loop
      vertex   1.150000e+01 5.014370e-02 1.244504e+01
      vertex   1.625000e+01 5.014370e-02 1.244504e+01
      vertex   1.150000e+01 1.122329e-01 1.266056e+01
    endloop
  endfacet
  facet normal -3.652494e-19 -9.609173e-01 2.768355e-01
    outer loop
      vertex   1.150000e+01 5.014370e-02 1.244504e+01
      vertex   1.150000e+01 1.122329e-01 1.266056e+01
      vertex   6.750000e+00 1.122329e-01 1.266056e+01
    endloop
  endfacet
  facet normal 0.000000e+00 -9.238795e-01 3.826834e-01
    outer loop
      vertex   6.750000e+00 1.122329e-01 1.266056e+01
      vertex   1.150000e+01 1.122329e-01 1.266056e+01
      vertex   6.750000e+00 1.980618e-01 1.286777e+01
    endloop
  endfacet
  facet normal -5.418868e-17 -9.238795e-01 3.826834e-01
    outer loop
      vertex   6.750000e+00 1.122329e-01 1.266056e+01
      vertex   6.750000e+00 1.980618e-01 1.286777e+01
      vertex   2.000000e+00 1.980618e-01 1.286777e+01
    endloop
  endfacet
  facet normal -5.114175e-17 -8.752234e-01 4.837189e-01
    outer loop
      vertex   2.000000e+00 1.980618e-01 1.286777e+01
      vertex   6.750000e+00 1.980618e-01 1.286777e+01
      vertex   2.000000e+00 3.065511e-01 1.306406e+01
    endloop
  endfacet
  facet normal -1.022835e-16 -8.752234e-01 4.837189e-01
    outer loop
      vertex   2.000000e+00 3.065511e-01 1.306406e+01
      vertex   6.750000e+00 1.980618e-01 1.286777e+01
      vertex   6.750000e+00 3.065511e-01 1.306406e+01
    endloop
  endfacet
  facet normal -9.531100e-17 -8.155609e-01 5.786713e-01
    outer loop
      vertex   2.000000e+00 3.065511e-01 1.306406e+01
      vertex   6.750000e+00 3.065511e-01 1.306406e+01
      vertex   2.000000e+00 4.363366e-01 1.324698e+01
    endloop
  endfacet
  facet normal -1.429665e-16 -8.155609e-01 5.786713e-01
    outer loop
      vertex   2.000000e+00 4.363366e-01 1.324698e+01
      vertex   6.750000e+00 3.065511e-01 1.306406e+01
      vertex   6.750000e+00 4.363366e-01 1.324698e+01
    endloop
  endfacet
  facet normal -1.307099e-16 -7.456422e-01 6.663466e-01
    outer loop
      vertex   2.000000e+00 4.363366e-01 1.324698e+01
      vertex   6.750000e+00 4.363366e-01 1.324698e+01
      vertex   2.000000e+00 5.857860e-01 1.341421e+01
    endloop
  endfacet
  facet normal -8.713991e-17 -7.456422e-01 6.663466e-01
    outer loop
      vertex   2.000000e+00 5.857860e-01 1.341421e+01
      vertex   6.750000e+00 4.363366e-01 1.324698e+01
      vertex   6.750000e+00 5.857860e-01 1.341421e+01
    endloop
  endfacet
  facet normal -7.787298e-17 -6.663466e-01 7.456422e-01
    outer loop
      vertex   2.000000e+00 5.857860e-01 1.341421e+01
      vertex   6.750000e+00 5.857860e-01 1.341421e+01
      vertex   2.000000e+00 7.530199e-01 1.356366e+01
    endloop
  endfacet
  facet normal -7.787298e-17 -6.663466e-01 7.456422e-01
    outer loop
      vertex   2.000000e+00 7.530199e-01 1.356366e+01
      vertex   6.750000e+00 5.857860e-01 1.341421e+01
      vertex   6.750000e+00 7.530199e-01 1.356366e+01
    endloop
  endfacet
  facet normal -6.762676e-17 -5.786713e-01 8.155609e-01
    outer loop
      vertex   2.000000e+00 7.530199e-01 1.356366e+01
      vertex   6.750000e+00 7.530199e-01 1.356366e+01
      vertex   2.000000e+00 9.359354e-01 1.369345e+01
    endloop
  endfacet
  facet normal -9.467746e-17 -5.786713e-01 8.155609e-01
    outer loop
      vertex   2.000000e+00 9.359354e-01 1.369345e+01
      vertex   6.750000e+00 7.530199e-01 1.356366e+01
      vertex   6.750000e+00 9.359354e-01 1.369345e+01
    endloop
  endfacet
  facet normal -7.914212e-17 -4.837189e-01 8.752234e-01
    outer loop
      vertex   2.000000e+00 9.359354e-01 1.369345e+01
      vertex   6.750000e+00 9.359354e-01 1.369345e+01
      vertex   2.000000e+00 1.132232e+00 1.380194e+01
    endloop
  endfacet
  facet normal -4.522407e-17 -4.837189e-01 8.752234e-01
    outer loop
      vertex   2.000000e+00 1.132232e+00 1.380194e+01
      vertex   6.750000e+00 9.359354e-01 1.369345e+01
      vertex   6.750000e+00 1.132232e+00 1.380194e+01
    endloop
  endfacet
  facet normal -3.577802e-17 -3.826834e-01 9.238795e-01
    outer loop
      vertex   2.000000e+00 1.132232e+00 1.380194e+01
      vertex   6.750000e+00 1.132232e+00 1.380194e+01
      vertex   2.000000e+00 1.339441e+00 1.388777e+01
    endloop
  endfacet
  facet normal -3.633921e-16 -3.826834e-01 9.238795e-01
    outer loop
      vertex   2.000000e+00 1.339441e+00 1.388777e+01
      vertex   6.750000e+00 1.132232e+00 1.380194e+01
      vertex   6.750000e+00 1.339441e+00 1.388777e+01
    endloop
  endfacet
  facet normal -3.722951e-16 -2.768355e-01 9.609173e-01
    outer loop
      vertex   2.000000e+00 1.339441e+00 1.388777e+01
      vertex   6.750000e+00 1.339441e+00 1.388777e+01
      vertex   2.000000e+00 1.554958e+00 1.394986e+01
    endloop
  endfacet
  facet normal -1.294102e-17 -2.768355e-01 9.609173e-01
    outer loop
      vertex   2.000000e+00 1.554958e+00 1.394986e+01
      vertex   6.750000e+00 1.339441e+00 1.388777e+01
      vertex   6.750000e+00 1.554958e+00 1.394986e+01
    endloop
  endfacet
  facet normal -7.830285e-18 -1.675062e-01 9.858710e-01
    outer loop
      vertex   2.000000e+00 1.554958e+00 1.394986e+01
      vertex   6.750000e+00 1.554958e+00 1.394986e+01
      vertex   2.000000e+00 1.776071e+00 1.398742e+01
    endloop
  endfacet
  facet normal 0.000000e+00 -1.675062e-01 9.858710e-01
    outer loop
      vertex   2.000000e+00 1.776071e+00 1.398742e+01
      vertex   6.750000e+00 1.554958e+00 1.394986e+01
      vertex   6.750000e+00 1.776071e+00 1.398742e+01
    endloop
  endfacet
  facet normal -2.038255e-19 -9.238795e-01 3.826834e-01
    outer loop
      vertex   2.000000e+00 1.980618e-01 1.286777e+01
      vertex   2.000000e+00 1.122329e-01 1.266056e+01
      vertex   6.750000e+00 1.122329e-01 1.266056e+01
    endloop
  endfacet
  facet normal 0.000000e+00 -9.609173e-01 2.768355e-01
    outer loop
      vertex   6.750000e+00 1.122329e-01 1.266056e+01
      vertex   2.000000e+00 1.122329e-01 1.266056e+01
      vertex   6.750000e+00 5.014370e-02 1.244504e+01
    endloop
  endfacet
  facet normal -3.652494e-19 -9.609173e-01 2.768355e-01
    outer loop
      vertex   6.750000e+00 1.122329e-01 1.266056e+01
      vertex   6.750000e+00 5.014370e-02 1.244504e+01
      vertex   1.150000e+01 5.014370e-02 1.244504e+01
    endloop
  endfacet
  facet normal 0.000000e+00 -9.858710e-01 1.675062e-01
    outer loop
      vertex   1.150000e+01 5.014370e-02 1.244504e+01
      vertex   6.750000e+00 5.014370e-02 1.244504e+01
      vertex   1.150000e+01 1.257510e-02 1.222393e+01
    endloop
  endfacet
  facet normal 1.057626e-19 -9.858710e-01 1.675062e-01
    outer loop
      vertex   1.150000e+01 5.014370e-02 1.244504e+01
      vertex   1.150000e+01 1.257510e-02 1.222393e+01
      vertex   1.625000e+01 1.257510e-02 1.222393e+01
    endloop
  endfacet
  facet normal 0.000000e+00 -9.984268e-01 5.607045e-02
    outer loop
      vertex   1.625000e+01 1.257510e-02 1.222393e+01
      vertex   1.150000e+01 1.257510e-02 1.222393e+01
      vertex   2.000000e+00 -4.768372e-07 1.200000e+01
    endloop
  endfacet
  facet normal 1.026187e-20 -9.984268e-01 5.607045e-02
    outer loop
      vertex   1.625000e+01 1.257510e-02 1.222393e+01
      vertex   2.000000e+00 -4.768372e-07 1.200000e+01
      vertex   3.050000e+01 -4.768372e-07 1.200000e+01
    endloop
  endfacet
  facet normal -5.651433e-17 -9.609173e-01 2.768355e-01
    outer loop
      vertex   2.000000e+00 1.122329e-01 1.266056e+01
      vertex   2.000000e+00 5.014370e-02 1.244504e+01
      vertex   6.750000e+00 5.014370e-02 1.244504e+01
    endloop
  endfacet
  facet normal -5.760719e-17 -9.858710e-01 1.675062e-01
    outer loop
      vertex   6.750000e+00 5.014370e-02 1.244504e+01
      vertex   2.000000e+00 5.014370e-02 1.244504e+01
      vertex   6.750000e+00 1.257510e-02 1.222393e+01
    endloop
  endfacet
  facet normal 1.057626e-19 -9.858710e-01 1.675062e-01
    outer loop
      vertex   6.750000e+00 5.014370e-02 1.244504e+01
      vertex   6.750000e+00 1.257510e-02 1.222393e+01
      vertex   1.150000e+01 1.257510e-02 1.222393e+01
    endloop
  endfacet
  facet normal 0.000000e+00 -9.984268e-01 5.607045e-02
    outer loop
      vertex   1.150000e+01 1.257510e-02 1.222393e+01
      vertex   6.750000e+00 1.257510e-02 1.222393e+01
      vertex   2.000000e+00 -4.768372e-07 1.200000e+01
    endloop
  endfacet
  facet normal 7.213799e-19 -9.858710e-01 1.675062e-01
    outer loop
      vertex   2.000000e+00 5.014370e-02 1.244504e+01
      vertex   2.000000e+00 1.257510e-02 1.222393e+01
      vertex   6.750000e+00 1.257510e-02 1.222393e+01
    endloop
  endfacet
  facet normal 0.000000e+00 -9.984268e-01 5.607045e-02
    outer loop
      vertex   6.750000e+00 1.257510e-02 1.222393e+01
      vertex   2.000000e+00 1.257510e-02 1.222393e+01
      vertex   2.000000e+00 -4.768372e-07 1.200000e+01
    endloop
  endfacet
  facet normal -5.434150e-17 -3.826834e-01 9.238795e-01
    outer loop
      vertex   3.050000e+01 1.132232e+00 1.380194e+01
      vertex   3.050000e+01 1.339441e+00 1.388777e+01
      vertex   2.575000e+01 1.339441e+00 1.388777e+01
    endloop
  endfacet
  facet normal -3.882305e-17 -2.768355e-01 9.609173e-01
    outer loop
      vertex   2.575000e+01 1.339441e+00 1.388777e+01
      vertex   3.050000e+01 1.339441e+00 1.388777e+01
      vertex   2.575000e+01 1.554958e+00 1.394986e+01
    endloop
  endfacet
  facet normal 6.154025e-19 -2.768355e-01 9.609173e-01
    outer loop
      vertex   2.575000e+01 1.339441e+00 1.388777e+01
      vertex   2.575000e+01 1.554958e+00 1.394986e+01
      vertex   2.100000e+01 1.554958e+00 1.394986e+01
    endloop
  endfacet
  facet normal 0.000000e+00 -1.675062e-01 9.858710e-01
    outer loop
      vertex   2.100000e+01 1.554958e+00 1.394986e+01
      vertex   2.575000e+01 1.554958e+00 1.394986e+01
      vertex   2.100000e+01 1.776071e+00 1.398742e+01
    endloop
  endfacet
  facet normal 2.639887e-20 -1.675062e-01 9.858710e-01
    outer loop
      vertex   2.100000e+01 1.554958e+00 1.394986e+01
      vertex   2.100000e+01 1.776071e+00 1.398742e+01
      vertex   1.625000e+01 1.776071e+00 1.398742e+01
    endloop
  endfacet
  facet normal 0.000000e+00 -5.607045e-02 9.984268e-01
    outer loop
      vertex   1.625000e+01 1.776071e+00 1.398742e+01
      vertex   2.100000e+01 1.776071e+00 1.398742e+01
      vertex   3.050000e+01 2.000000e+00 1.400000e+01
    endloop
  endfacet
  facet normal -1.746954e-17 -5.607045e-02 9.984268e-01
    outer loop
      vertex   1.625000e+01 1.776071e+00 1.398742e+01
      vertex   3.050000e+01 2.000000e+00 1.400000e+01
      vertex   2.000000e+00 2.000000e+00 1.400000e+01
    endloop
  endfacet
  facet normal -3.983256e-16 -2.768355e-01 9.609173e-01
    outer loop
      vertex   3.050000e+01 1.339441e+00 1.388777e+01
      vertex   3.050000e+01 1.554958e+00 1.394986e+01
      vertex   2.575000e+01 1.554958e+00 1.394986e+01
    endloop
  endfacet
  facet normal -3.921769e-16 -1.675062e-01 9.858710e-01
    outer loop
      vertex   2.575000e+01 1.554958e+00 1.394986e+01
      vertex   3.050000e+01 1.554958e+00 1.394986e+01
      vertex   2.575000e+01 1.776071e+00 1.398742e+01
    endloop
  endfacet
  facet normal 2.639887e-20 -1.675062e-01 9.858710e-01
    outer loop
      vertex   2.575000e+01 1.554958e+00 1.394986e+01
      vertex   2.575000e+01 1.776071e+00 1.398742e+01
      vertex   2.100000e+01 1.776071e+00 1.398742e+01
    endloop
  endfacet
  facet normal 0.000000e+00 -5.607045e-02 9.984268e-01
    outer loop
      vertex   2.100000e+01 1.776071e+00 1.398742e+01
      vertex   2.575000e+01 1.776071e+00 1.398742e+01
      vertex   3.050000e+01 2.000000e+00 1.400000e+01
    endloop
  endfacet
  facet normal -3.757957e-16 -1.675062e-01 9.858710e-01
    outer loop
      vertex   3.050000e+01 1.554958e+00 1.394986e+01
      vertex   3.050000e+01 1.776071e+00 1.398742e+01
      vertex   2.575000e+01 1.776071e+00 1.398742e+01
    endloop
  endfacet
  facet normal -3.760026e-16 -5.607045e-02 9.984268e-01
    outer loop
      vertex   2.575000e+01 1.776071e+00 1.398742e+01
      vertex   3.050000e+01 1.776071e+00 1.398742e+01
      vertex   3.050000e+01 2.000000e+00 1.400000e+01
    endloop
  endfacet
  facet normal 0.000000e+00 -1.675062e-01 9.858710e-01
    outer loop
      vertex   1.150000e+01 1.776071e+00 1.398742e+01
      vertex   6.750000e+00 1.776071e+00 1.398742e+01
      vertex   1.150000e+01 1.554958e+00 1.394986e+01
    endloop
  endfacet
  facet normal 0.000000e+00 -1.675062e-01 9.858710e-01
    outer loop
      vertex   1.150000e+01 1.554958e+00 1.394986e+01
      vertex   6.750000e+00 1.776071e+00 1.398742e+01
      vertex   6.750000e+00 1.554958e+00 1.394986e+01
    endloop
  endfacet
  facet normal 0.000000e+00 -2.768355e-01 9.609173e-01
    outer loop
      vertex   1.150000e+01 1.554958e+00 1.394986e+01
      vertex   6.750000e+00 1.554958e+00 1.394986e+01
      vertex   1.150000e+01 1.339441e+00 1.388777e+01
    endloop
  endfacet
  facet normal 0.000000e+00 -2.768355e-01 9.609173e-01
    outer loop
      vertex   1.150000e+01 1.339441e+00 1.388777e+01
      vertex   6.750000e+00 1.554958e+00 1.394986e+01
      vertex   6.750000e+00 1.339441e+00 1.388777e+01
    endloop
  endfacet
  facet normal 0.000000e+00 -3.826834e-01 9.238795e-01
    outer loop
      vertex   1.150000e+01 1.339441e+00 1.388777e+01
      vertex   6.750000e+00 1.339441e+00 1.388777e+01
      vertex   1.150000e+01 1.132232e+00 1.380194e+01
    endloop
  endfacet
  facet normal 0.000000e+00 -3.826834e-01 9.238795e-01
    outer loop
      vertex   1.150000e+01 1.132232e+00 1.380194e+01
      vertex   6.750000e+00 1.339441e+00 1.388777e+01
      vertex   6.750000e+00 1.132232e+00 1.380194e+01
    endloop
  endfacet
  facet normal 0.000000e+00 -4.837189e-01 8.752234e-01
    outer loop
      vertex   1.150000e+01 1.132232e+00 1.380194e+01
      vertex   6.750000e+00 1.132232e+00 1.380194e+01
      vertex   1.150000e+01 9.359354e-01 1.369345e+01
    endloop
  endfacet
  facet normal 0.000000e+00 -4.837189e-01 8.752234e-01
    outer loop
      vertex   1.150000e+01 9.359354e-01 1.369345e+01
      vertex   6.750000e+00 1.132232e+00 1.380194e+01
      vertex   6.750000e+00 9.359354e-01 1.369345e+01
    endloop
  endfacet
  facet normal 0.000000e+00 -5.786713e-01 8.155609e-01
    outer loop
      vertex   1.150000e+01 9.359354e-01 1.369345e+01
      vertex   6.750000e+00 9.359354e-01 1.369345e+01
      vertex   1.150000e+01 7.530199e-01 1.356366e+01
    endloop
  endfacet
  facet normal 0.000000e+00 -5.786713e-01 8.155609e-01
    outer loop
      vertex   1.150000e+01 7.530199e-01 1.356366e+01
      vertex   6.750000e+00 9.359354e-01 1.369345e+01
      vertex   6.750000e+00 7.530199e-01 1.356366e+01
    endloop
  endfacet
  facet normal 0.000000e+00 -6.663466e-01 7.456422e-01
    outer loop
      vertex   1.150000e+01 7.530199e-01 1.356366e+01
      vertex   6.750000e+00 7.530199e-01 1.356366e+01
      vertex   1.150000e+01 5.857860e-01 1.341421e+01
    endloop
  endfacet
  facet normal 0.000000e+00 -6.663466e-01 7.456422e-01
    outer loop
      vertex   1.150000e+01 5.857860e-01 1.341421e+01
      vertex   6.750000e+00 7.530199e-01 1.356366e+01
      vertex   6.750000e+00 5.857860e-01 1.341421e+01
    endloop
  endfacet
  facet normal 0.000000e+00 -7.456422e-01 6.663466e-01
    outer loop
      vertex   1.150000e+01 5.857860e-01 1.341421e+01
      vertex   6.750000e+00 5.857860e-01 1.341421e+01
      vertex   1.150000e+01 4.363366e-01 1.324698e+01
    endloop
  endfacet
  facet normal 4.356995e-17 -7.456422e-01 6.663466e-01
    outer loop
      vertex   1.150000e+01 4.363366e-01 1.324698e+01
      vertex   6.750000e+00 5.857860e-01 1.341421e+01
      vertex   6.750000e+00 4.363366e-01 1.324698e+01
    endloop
  endfacet
  facet normal 4.765550e-17 -8.155609e-01 5.786713e-01
    outer loop
      vertex   1.150000e+01 4.363366e-01 1.324698e+01
      vertex   6.750000e+00 4.363366e-01 1.324698e+01
      vertex   1.150000e+01 3.065511e-01 1.306406e+01
    endloop
  endfacet
  facet normal 0.000000e+00 -8.155609e-01 5.786713e-01
    outer loop
      vertex   1.150000e+01 3.065511e-01 1.306406e+01
      vertex   6.750000e+00 4.363366e-01 1.324698e+01
      vertex   6.750000e+00 3.065511e-01 1.306406e+01
    endloop
  endfacet
  facet normal 0.000000e+00 -8.752234e-01 4.837189e-01
    outer loop
      vertex   1.150000e+01 3.065511e-01 1.306406e+01
      vertex   6.750000e+00 3.065511e-01 1.306406e+01
      vertex   1.150000e+01 1.980618e-01 1.286777e+01
    endloop
  endfacet
  facet normal 0.000000e+00 -8.752234e-01 4.837189e-01
    outer loop
      vertex   1.150000e+01 1.980618e-01 1.286777e+01
      vertex   6.750000e+00 3.065511e-01 1.306406e+01
      vertex   6.750000e+00 1.980618e-01 1.286777e+01
    endloop
  endfacet
  facet normal 0.000000e+00 -9.238795e-01 3.826834e-01
    outer loop
      vertex   1.150000e+01 1.980618e-01 1.286777e+01
      vertex   6.750000e+00 1.980618e-01 1.286777e+01
      vertex   1.150000e+01 1.122329e-01 1.266056e+01
    endloop
  endfacet
  facet normal 2.639887e-20 -1.675062e-01 9.858710e-01
    outer loop
      vertex   1.150000e+01 1.776071e+00 1.398742e+01
      vertex   1.150000e+01 1.554958e+00 1.394986e+01
      vertex   1.625000e+01 1.554958e+00 1.394986e+01
    endloop
  endfacet
  facet normal 0.000000e+00 -2.768355e-01 9.609173e-01
    outer loop
      vertex   1.625000e+01 1.554958e+00 1.394986e+01
      vertex   1.150000e+01 1.554958e+00 1.394986e+01
      vertex   1.625000e+01 1.339441e+00 1.388777e+01
    endloop
  endfacet
  facet normal 6.154025e-19 -2.768355e-01 9.609173e-01
    outer loop
      vertex   1.625000e+01 1.554958e+00 1.394986e+01
      vertex   1.625000e+01 1.339441e+00 1.388777e+01
      vertex   2.100000e+01 1.339441e+00 1.388777e+01
    endloop
  endfacet
  facet normal 0.000000e+00 -3.826834e-01 9.238795e-01
    outer loop
      vertex   2.100000e+01 1.339441e+00 1.388777e+01
      vertex   1.625000e+01 1.339441e+00 1.388777e+01
      vertex   2.100000e+01 1.132232e+00 1.380194e+01
    endloop
  endfacet
  facet normal 1.615696e-18 -3.826834e-01 9.238795e-01
    outer loop
      vertex   2.100000e+01 1.339441e+00 1.388777e+01
      vertex   2.100000e+01 1.132232e+00 1.380194e+01
      vertex   2.575000e+01 1.132232e+00 1.380194e+01
    endloop
  endfacet
  facet normal 0.000000e+00 -4.837189e-01 8.752234e-01
    outer loop
      vertex   2.575000e+01 1.132232e+00 1.380194e+01
      vertex   2.100000e+01 1.132232e+00 1.380194e+01
      vertex   2.575000e+01 9.359354e-01 1.369345e+01
    endloop
  endfacet
  facet normal 0.000000e+00 -2.768355e-01 9.609173e-01
    outer loop
      vertex   1.625000e+01 1.339441e+00 1.388777e+01
      vertex   1.150000e+01 1.554958e+00 1.394986e+01
      vertex   1.150000e+01 1.339441e+00 1.388777e+01
    endloop
  endfacet
  facet normal 0.000000e+00 -3.826834e-01 9.238795e-01
    outer loop
      vertex   1.625000e+01 1.339441e+00 1.388777e+01
      vertex   1.150000e+01 1.339441e+00 1.388777e+01
      vertex   1.625000e+01 1.132232e+00 1.380194e+01
    endloop
  endfacet
  facet normal 0.000000e+00 -3.826834e-01 9.238795e-01
    outer loop
      vertex   1.625000e+01 1.132232e+00 1.380194e+01
      vertex   1.150000e+01 1.339441e+00 1.388777e+01
      vertex   1.150000e+01 1.132232e+00 1.380194e+01
    endloop
  endfacet
  facet normal 0.000000e+00 -4.837189e-01 8.752234e-01
    outer loop
      vertex   1.625000e+01 1.132232e+00 1.380194e+01
      vertex   1.150000e+01 1.132232e+00 1.380194e+01
      vertex   1.625000e+01 9.359354e-01 1.369345e+01
    endloop
  endfacet
  facet normal 2.261204e-17 -4.837189e-01 8.752234e-01
    outer loop
      vertex   1.625000e+01 9.359354e-01 1.369345e+01
      vertex   1.150000e+01 1.132232e+00 1.380194e+01
      vertex   1.150000e+01 9.359354e-01 1.369345e+01
    endloop
  endfacet
  facet normal 2.705070e-17 -5.786713e-01 8.155609e-01
    outer loop
      vertex   1.625000e+01 9.359354e-01 1.369345e+01
      vertex   1.150000e+01 9.359354e-01 1.369345e+01
      vertex   1.625000e+01 7.530199e-01 1.356366e+01
    endloop
  endfacet
  facet normal 0.000000e+00 -5.786713e-01 8.155609e-01
    outer loop
      vertex   1.625000e+01 7.530199e-01 1.356366e+01
      vertex   1.150000e+01 9.359354e-01 1.369345e+01
      vertex   1.150000e+01 7.530199e-01 1.356366e+01
    endloop
  endfacet
  facet normal 0.000000e+00 -6.663466e-01 7.456422e-01
    outer loop
      vertex   1.625000e+01 7.530199e-01 1.356366e+01
      vertex   1.150000e+01 7.530199e-01 1.356366e+01
      vertex   1.625000e+01 5.857860e-01 1.341421e+01
    endloop
  endfacet
  facet normal 0.000000e+00 -6.663466e-01 7.456422e-01
    outer loop
      vertex   1.625000e+01 5.857860e-01 1.341421e+01
      vertex   1.150000e+01 7.530199e-01 1.356366e+01
      vertex   1.150000e+01 5.857860e-01 1.341421e+01
    endloop
  endfacet
  facet normal 0.000000e+00 -7.456422e-01 6.663466e-01
    outer loop
      vertex   1.625000e+01 5.857860e-01 1.341421e+01
      vertex   1.150000e+01 5.857860e-01 1.341421e+01
      vertex   1.625000e+01 4.363366e-01 1.324698e+01
    endloop
  endfacet
  facet normal 0.000000e+00 -7.456422e-01 6.663466e-01
    outer loop
      vertex   1.625000e+01 4.363366e-01 1.324698e+01
      vertex   1.150000e+01 5.857860e-01 1.341421e+01
      vertex   1.150000e+01 4.363366e-01 1.324698e+01
    endloop
  endfacet
  facet normal 0.000000e+00 -8.155609e-01 5.786713e-01
    outer loop
      vertex   1.625000e+01 4.363366e-01 1.324698e+01
      vertex   1.150000e+01 4.363366e-01 1.324698e+01
      vertex   1.625000e+01 3.065511e-01 1.306406e+01
    endloop
  endfacet
  facet normal 4.765550e-17 -8.155609e-01 5.786713e-01
    outer loop
      vertex   1.625000e+01 3.065511e-01 1.306406e+01
      vertex   1.150000e+01 4.363366e-01 1.324698e+01
      vertex   1.150000e+01 3.065511e-01 1.306406e+01
    endloop
  endfacet
  facet normal 5.114175e-17 -8.752234e-01 4.837189e-01
    outer loop
      vertex   1.625000e+01 3.065511e-01 1.306406e+01
      vertex   1.150000e+01 3.065511e-01 1.306406e+01
      vertex   1.625000e+01 1.980618e-01 1.286777e+01
    endloop
  endfacet
  facet normal 0.000000e+00 -8.752234e-01 4.837189e-01
    outer loop
      vertex   1.625000e+01 1.980618e-01 1.286777e+01
      vertex   1.150000e+01 3.065511e-01 1.306406e+01
      vertex   1.150000e+01 1.980618e-01 1.286777e+01
    endloop
  endfacet
  facet normal 0.000000e+00 -9.238795e-01 3.826834e-01
    outer loop
      vertex   1.625000e+01 1.980618e-01 1.286777e+01
      vertex   1.150000e+01 1.980618e-01 1.286777e+01
      vertex   1.625000e+01 1.122329e-01 1.266056e+01
    endloop
  endfacet
  facet normal 0.000000e+00 -9.238795e-01 3.826834e-01
    outer loop
      vertex   1.625000e+01 1.122329e-01 1.266056e+01
      vertex   1.150000e+01 1.980618e-01 1.286777e+01
      vertex   1.150000e+01 1.122329e-01 1.266056e+01
    endloop
  endfacet
  facet normal 0.000000e+00 -9.609173e-01 2.768355e-01
    outer loop
      vertex   1.625000e+01 1.122329e-01 1.266056e+01
      vertex   1.150000e+01 1.122329e-01 1.266056e+01
      vertex   1.625000e+01 5.014370e-02 1.244504e+01
    endloop
  endfacet
  facet normal 1.615696e-18 -3.826834e-01 9.238795e-01
    outer loop
      vertex   1.625000e+01 1.339441e+00 1.388777e+01
      vertex   1.625000e+01 1.132232e+00 1.380194e+01
      vertex   2.100000e+01 1.132232e+00 1.380194e+01
    endloop
  endfacet
  facet normal 0.000000e+00 -4.837189e-01 8.752234e-01
    outer loop
      vertex   2.100000e+01 1.132232e+00 1.380194e+01
      vertex   1.625000e+01 1.132232e+00 1.380194e+01
      vertex   2.100000e+01 9.359354e-01 1.369345e+01
    endloop
  endfacet
  facet normal 1.334493e-18 -4.837189e-01 8.752234e-01
    outer loop
      vertex   2.100000e+01 1.132232e+00 1.380194e+01
      vertex   2.100000e+01 9.359354e-01 1.369345e+01
      vertex   2.575000e+01 9.359354e-01 1.369345e+01
    endloop
  endfacet
  facet normal 0.000000e+00 -5.786713e-01 8.155609e-01
    outer loop
      vertex   2.575000e+01 9.359354e-01 1.369345e+01
      vertex   2.100000e+01 9.359354e-01 1.369345e+01
      vertex   2.575000e+01 7.530199e-01 1.356366e+01
    endloop
  endfacet
  facet normal 0.000000e+00 -4.837189e-01 8.752234e-01
    outer loop
      vertex   2.100000e+01 9.359354e-01 1.369345e+01
      vertex   1.625000e+01 1.132232e+00 1.380194e+01
      vertex   1.625000e+01 9.359354e-01 1.369345e+01
    endloop
  endfacet
  facet normal 0.000000e+00 -5.786713e-01 8.155609e-01
    outer loop
      vertex   2.100000e+01 9.359354e-01 1.369345e+01
      vertex   1.625000e+01 9.359354e-01 1.369345e+01
      vertex   2.100000e+01 7.530199e-01 1.356366e+01
    endloop
  endfacet
  facet normal 1.352535e-17 -5.786713e-01 8.155609e-01
    outer loop
      vertex   2.100000e+01 7.530199e-01 1.356366e+01
      vertex   1.625000e+01 9.359354e-01 1.369345e+01
      vertex   1.625000e+01 7.530199e-01 1.356366e+01
    endloop
  endfacet
  facet normal 1.557460e-17 -6.663466e-01 7.456422e-01
    outer loop
      vertex   2.100000e+01 7.530199e-01 1.356366e+01
      vertex   1.625000e+01 7.530199e-01 1.356366e+01
      vertex   2.100000e+01 5.857860e-01 1.341421e+01
    endloop
  endfacet
  facet normal 0.000000e+00 -6.663466e-01 7.456422e-01
    outer loop
      vertex   2.100000e+01 5.857860e-01 1.341421e+01
      vertex   1.625000e+01 7.530199e-01 1.356366e+01
      vertex   1.625000e+01 5.857860e-01 1.341421e+01
    endloop
  endfacet
  facet normal 0.000000e+00 -7.456422e-01 6.663466e-01
    outer loop
      vertex   2.100000e+01 5.857860e-01 1.341421e+01
      vertex   1.625000e+01 5.857860e-01 1.341421e+01
      vertex   2.100000e+01 4.363366e-01 1.324698e+01
    endloop
  endfacet
  facet normal 4.356995e-17 -7.456422e-01 6.663466e-01
    outer loop
      vertex   2.100000e+01 4.363366e-01 1.324698e+01
      vertex   1.625000e+01 5.857860e-01 1.341421e+01
      vertex   1.625000e+01 4.363366e-01 1.324698e+01
    endloop
  endfacet
  facet normal 4.765550e-17 -8.155609e-01 5.786713e-01
    outer loop
      vertex   2.100000e+01 4.363366e-01 1.324698e+01
      vertex   1.625000e+01 4.363366e-01 1.324698e+01
      vertex   2.100000e+01 3.065511e-01 1.306406e+01
    endloop
  endfacet
  facet normal 0.000000e+00 -8.155609e-01 5.786713e-01
    outer loop
      vertex   2.100000e+01 3.065511e-01 1.306406e+01
      vertex   1.625000e+01 4.363366e-01 1.324698e+01
      vertex   1.625000e+01 3.065511e-01 1.306406e+01
    endloop
  endfacet
  facet normal 0.000000e+00 -8.752234e-01 4.837189e-01
    outer loop
      vertex   2.100000e+01 3.065511e-01 1.306406e+01
      vertex   1.625000e+01 3.065511e-01 1.306406e+01
      vertex   2.100000e+01 1.980618e-01 1.286777e+01
    endloop
  endfacet
  facet normal 0.000000e+00 -8.752234e-01 4.837189e-01
    outer loop
      vertex   2.100000e+01 1.980618e-01 1.286777e+01
      vertex   1.625000e+01 3.065511e-01 1.306406e+01
      vertex   1.625000e+01 1.980618e-01 1.286777e+01
    endloop
  endfacet
  facet normal 0.000000e+00 -9.238795e-01 3.826834e-01
    outer loop
      vertex   2.100000e+01 1.980618e-01 1.286777e+01
      vertex   1.625000e+01 1.980618e-01 1.286777e+01
      vertex   2.100000e+01 1.122329e-01 1.266056e+01
    endloop
  endfacet
  facet normal 0.000000e+00 -9.238795e-01 3.826834e-01
    outer loop
      vertex   2.100000e+01 1.122329e-01 1.266056e+01
      vertex   1.625000e+01 1.980618e-01 1.286777e+01
      vertex   1.625000e+01 1.122329e-01 1.266056e+01
    endloop
  endfacet
  facet normal 0.000000e+00 -9.609173e-01 2.768355e-01
    outer loop
      vertex   2.100000e+01 1.122329e-01 1.266056e+01
      vertex   1.625000e+01 1.122329e-01 1.266056e+01
      vertex   2.100000e+01 5.014370e-02 1.244504e+01
    endloop
  endfacet
  facet normal -5.614908e-17 -9.609173e-01 2.768355e-01
    outer loop
      vertex   2.100000e+01 5.014370e-02 1.244504e+01
      vertex   1.625000e+01 1.122329e-01 1.266056e+01
      vertex   1.625000e+01 5.014370e-02 1.244504e+01
    endloop
  endfacet
  facet normal -5.760719e-17 -9.858710e-01 1.675062e-01
    outer loop
      vertex   2.100000e+01 5.014370e-02 1.244504e+01
      vertex   1.625000e+01 5.014370e-02 1.244504e+01
      vertex   2.100000e+01 1.257510e-02 1.222393e+01
    endloop
  endfacet
  facet normal -1.064426e-18 -6.663466e-01 7.456422e-01
    outer loop
      vertex   2.575000e+01 5.857860e-01 1.341421e+01
      vertex   2.575000e+01 7.530199e-01 1.356366e+01
      vertex   2.100000e+01 7.530199e-01 1.356366e+01
    endloop
  endfacet
  facet normal 0.000000e+00 -5.786713e-01 8.155609e-01
    outer loop
      vertex   2.100000e+01 7.530199e-01 1.356366e+01
      vertex   2.575000e+01 7.530199e-01 1.356366e+01
      vertex   2.100000e+01 9.359354e-01 1.369345e+01
    endloop
  endfacet
  facet normal 0.000000e+00 -6.663466e-01 7.456422e-01
    outer loop
      vertex   2.575000e+01 5.857860e-01 1.341421e+01
      vertex   2.100000e+01 7.530199e-01 1.356366e+01
      vertex   2.100000e+01 5.857860e-01 1.341421e+01
    endloop
  endfacet
  facet normal -5.301555e-19 -7.456422e-01 6.663466e-01
    outer loop
      vertex   2.575000e+01 4.363366e-01 1.324698e+01
      vertex   2.575000e+01 5.857860e-01 1.341421e+01
      vertex   2.100000e+01 5.857860e-01 1.341421e+01
    endloop
  endfacet
  facet normal -2.491935e-16 -7.456422e-01 6.663466e-01
    outer loop
      vertex   2.575000e+01 4.363366e-01 1.324698e+01
      vertex   2.100000e+01 5.857860e-01 1.341421e+01
      vertex   2.100000e+01 4.363366e-01 1.324698e+01
    endloop
  endfacet
  facet normal -2.162302e-16 -8.155609e-01 5.786713e-01
    outer loop
      vertex   2.575000e+01 3.065511e-01 1.306406e+01
      vertex   2.575000e+01 4.363366e-01 1.324698e+01
      vertex   2.100000e+01 4.363366e-01 1.324698e+01
    endloop
  endfacet
  facet normal 0.000000e+00 -8.155609e-01 5.786713e-01
    outer loop
      vertex   2.575000e+01 3.065511e-01 1.306406e+01
      vertex   2.100000e+01 4.363366e-01 1.324698e+01
      vertex   2.100000e+01 3.065511e-01 1.306406e+01
    endloop
  endfacet
  facet normal -4.051361e-19 -8.752234e-01 4.837189e-01
    outer loop
      vertex   2.575000e+01 1.980618e-01 1.286777e+01
      vertex   2.575000e+01 3.065511e-01 1.306406e+01
      vertex   2.100000e+01 3.065511e-01 1.306406e+01
    endloop
  endfacet
  facet normal -3.617926e-16 -8.752234e-01 4.837189e-01
    outer loop
      vertex   2.575000e+01 1.980618e-01 1.286777e+01
      vertex   2.100000e+01 3.065511e-01 1.306406e+01
      vertex   2.100000e+01 1.980618e-01 1.286777e+01
    endloop
  endfacet
  facet normal -2.854117e-16 -9.238795e-01 3.826834e-01
    outer loop
      vertex   2.575000e+01 1.122329e-01 1.266056e+01
      vertex   2.575000e+01 1.980618e-01 1.286777e+01
      vertex   2.100000e+01 1.980618e-01 1.286777e+01
    endloop
  endfacet
  facet normal 0.000000e+00 -9.238795e-01 3.826834e-01
    outer loop
      vertex   2.575000e+01 1.122329e-01 1.266056e+01
      vertex   2.100000e+01 1.980618e-01 1.286777e+01
      vertex   2.100000e+01 1.122329e-01 1.266056e+01
    endloop
  endfacet
  facet normal -6.235146e-19 -9.609173e-01 2.768355e-01
    outer loop
      vertex   2.575000e+01 5.014370e-02 1.244504e+01
      vertex   2.575000e+01 1.122329e-01 1.266056e+01
      vertex   2.100000e+01 1.122329e-01 1.266056e+01
    endloop
  endfacet
  facet normal -1.509072e-16 -9.609173e-01 2.768355e-01
    outer loop
      vertex   2.575000e+01 5.014370e-02 1.244504e+01
      vertex   2.100000e+01 1.122329e-01 1.266056e+01
      vertex   2.100000e+01 5.014370e-02 1.244504e+01
    endloop
  endfacet
  facet normal -6.828413e-17 -9.858710e-01 1.675062e-01
    outer loop
      vertex   2.575000e+01 1.257510e-02 1.222393e+01
      vertex   2.575000e+01 5.014370e-02 1.244504e+01
      vertex   2.100000e+01 5.014370e-02 1.244504e+01
    endloop
  endfacet
  facet normal 0.000000e+00 -9.858710e-01 1.675062e-01
    outer loop
      vertex   2.575000e+01 1.257510e-02 1.222393e+01
      vertex   2.100000e+01 5.014370e-02 1.244504e+01
      vertex   2.100000e+01 1.257510e-02 1.222393e+01
    endloop
  endfacet
  facet normal -5.607045e-02 0.000000e+00 9.984268e-01
    outer loop
      vertex   2.000000e+00 1.293762e+01 1.400000e+01
      vertex   2.000000e+00 2.102192e+01 1.400000e+01
      vertex   1.776071e+00 1.626644e+01 1.398742e+01
    endloop
  endfacet
  facet normal -5.607045e-02 0.000000e+00 9.984268e-01
    outer loop
      vertex   1.776071e+00 1.626644e+01 1.398742e+01
      vertex   2.000000e+00 2.102192e+01 1.400000e+01
      vertex   1.776071e+00 2.102192e+01 1.398742e+01
    endloop
  endfacet
  facet normal -1.675062e-01 0.000000e+00 9.858710e-01
    outer loop
      vertex   1.776071e+00 1.626644e+01 1.398742e+01
      vertex   1.776071e+00 2.102192e+01 1.398742e+01
      vertex   1.554958e+00 1.626644e+01 1.394986e+01
    endloop
  endfacet
  facet normal -1.675062e-01 -3.682611e-16 9.858710e-01
    outer loop
      vertex   1.554958e+00 1.626644e+01 1.394986e+01
      vertex   1.776071e+00 2.102192e+01 1.398742e+01
      vertex   1.554958e+00 2.102192e+01 1.394986e+01
    endloop
  endfacet
  facet normal -2.768355e-01 -3.589400e-16 9.609173e-01
    outer loop
      vertex   1.554958e+00 1.626644e+01 1.394986e+01
      vertex   1.554958e+00 2.102192e+01 1.394986e+01
      vertex   1.339442e+00 1.626644e+01 1.388777e+01
    endloop
  endfacet
  facet normal -2.768355e-01 1.292610e-17 9.609173e-01
    outer loop
      vertex   1.339442e+00 1.626644e+01 1.388777e+01
      vertex   1.554958e+00 2.102192e+01 1.394986e+01
      vertex   1.339442e+00 2.102192e+01 1.388777e+01
    endloop
  endfacet
  facet normal -3.826834e-01 1.786839e-17 9.238795e-01
    outer loop
      vertex   1.339442e+00 1.626644e+01 1.388777e+01
      vertex   1.339442e+00 2.102192e+01 1.388777e+01
      vertex   1.132233e+00 1.626644e+01 1.380194e+01
    endloop
  endfacet
  facet normal -3.826834e-01 7.147357e-17 9.238795e-01
    outer loop
      vertex   1.132233e+00 1.626644e+01 1.380194e+01
      vertex   1.339442e+00 2.102192e+01 1.388777e+01
      vertex   1.132233e+00 2.102192e+01 1.380194e+01
    endloop
  endfacet
  facet normal -4.837189e-01 9.034390e-17 8.752234e-01
    outer loop
      vertex   1.132233e+00 1.626644e+01 1.380194e+01
      vertex   1.132233e+00 2.102192e+01 1.380194e+01
      vertex   9.359358e-01 1.626644e+01 1.369345e+01
    endloop
  endfacet
  facet normal -4.837189e-01 6.775793e-17 8.752234e-01
    outer loop
      vertex   9.359358e-01 1.626644e+01 1.369345e+01
      vertex   1.132233e+00 2.102192e+01 1.380194e+01
      vertex   9.359358e-01 2.102192e+01 1.369345e+01
    endloop
  endfacet
  facet normal -5.786713e-01 8.105858e-17 8.155609e-01
    outer loop
      vertex   9.359358e-01 1.626644e+01 1.369345e+01
      vertex   9.359358e-01 2.102192e+01 1.369345e+01
      vertex   7.530204e-01 1.626644e+01 1.356366e+01
    endloop
  endfacet
  facet normal -5.786713e-01 -5.403905e-17 8.155609e-01
    outer loop
      vertex   7.530204e-01 1.626644e+01 1.356366e+01
      vertex   9.359358e-01 2.102192e+01 1.369345e+01
      vertex   7.530204e-01 2.102192e+01 1.356366e+01
    endloop
  endfacet
  facet normal -6.663466e-01 -6.222659e-17 7.456422e-01
    outer loop
      vertex   7.530204e-01 1.626644e+01 1.356366e+01
      vertex   7.530204e-01 2.102192e+01 1.356366e+01
      vertex   5.857864e-01 1.626644e+01 1.341421e+01
    endloop
  endfacet
  facet normal -6.663466e-01 -9.333988e-17 7.456422e-01
    outer loop
      vertex   5.857864e-01 1.626644e+01 1.341421e+01
      vertex   7.530204e-01 2.102192e+01 1.356366e+01
      vertex   5.857864e-01 2.102192e+01 1.341421e+01
    endloop
  endfacet
  facet normal -7.456422e-01 -1.044474e-16 6.663466e-01
    outer loop
      vertex   5.857864e-01 1.626644e+01 1.341421e+01
      vertex   5.857864e-01 2.102192e+01 1.341421e+01
      vertex   4.363370e-01 1.626644e+01 1.324698e+01
    endloop
  endfacet
  facet normal -7.456422e-01 1.740790e-17 6.663466e-01
    outer loop
      vertex   4.363370e-01 1.626644e+01 1.324698e+01
      vertex   5.857864e-01 2.102192e+01 1.341421e+01
      vertex   4.363370e-01 2.102192e+01 1.324698e+01
    endloop
  endfacet
  facet normal -8.155609e-01 1.904023e-17 5.786713e-01
    outer loop
      vertex   4.363370e-01 1.626644e+01 1.324698e+01
      vertex   4.363370e-01 2.102192e+01 1.324698e+01
      vertex   3.065516e-01 1.626644e+01 1.306406e+01
    endloop
  endfacet
  facet normal -8.155609e-01 1.904023e-17 5.786713e-01
    outer loop
      vertex   3.065516e-01 1.626644e+01 1.306406e+01
      vertex   4.363370e-01 2.102192e+01 1.324698e+01
      vertex   3.065516e-01 2.102192e+01 1.306406e+01
    endloop
  endfacet
  facet normal -8.752234e-01 2.043312e-17 4.837189e-01
    outer loop
      vertex   3.065516e-01 1.626644e+01 1.306406e+01
      vertex   3.065516e-01 2.102192e+01 1.306406e+01
      vertex   1.980623e-01 1.626644e+01 1.286777e+01
    endloop
  endfacet
  facet normal -8.752234e-01 1.277070e-16 4.837189e-01
    outer loop
      vertex   1.980623e-01 1.626644e+01 1.286777e+01
      vertex   3.065516e-01 2.102192e+01 1.306406e+01
      vertex   1.980623e-01 2.102192e+01 1.286777e+01
    endloop
  endfacet
  facet normal -9.238795e-01 1.348066e-16 3.826834e-01
    outer loop
      vertex   1.980623e-01 1.626644e+01 1.286777e+01
      vertex   1.980623e-01 2.102192e+01 1.286777e+01
      vertex   1.122333e-01 1.626644e+01 1.266056e+01
    endloop
  endfacet
  facet normal -9.238795e-01 0.000000e+00 3.826834e-01
    outer loop
      vertex   1.122333e-01 1.626644e+01 1.266056e+01
      vertex   1.980623e-01 2.102192e+01 1.286777e+01
      vertex   1.122333e-01 2.102192e+01 1.266056e+01
    endloop
  endfacet
  facet normal -9.609173e-01 0.000000e+00 2.768355e-01
    outer loop
      vertex   1.122333e-01 1.626644e+01 1.266056e+01
      vertex   1.122333e-01 2.102192e+01 1.266056e+01
      vertex   5.014418e-02 1.626644e+01 1.244504e+01
    endloop
  endfacet
  facet normal -9.609173e-01 2.804218e-17 2.768355e-01
    outer loop
      vertex   5.014418e-02 1.626644e+01 1.244504e+01
      vertex   1.122333e-01 2.102192e+01 1.266056e+01
      vertex   5.014418e-02 2.102192e+01 1.244504e+01
    endloop
  endfacet
  facet normal -9.858710e-01 2.877040e-17 1.675062e-01
    outer loop
      vertex   5.014418e-02 1.626644e+01 1.244504e+01
      vertex   5.014418e-02 2.102192e+01 1.244504e+01
      vertex   1.257558e-02 1.626644e+01 1.222393e+01
    endloop
  endfacet
  facet normal -9.858710e-01 2.877040e-17 1.675062e-01
    outer loop
      vertex   1.257558e-02 1.626644e+01 1.222393e+01
      vertex   5.014418e-02 2.102192e+01 1.244504e+01
      vertex   1.257558e-02 2.102192e+01 1.222393e+01
    endloop
  endfacet
  facet normal -9.984268e-01 2.913681e-17 5.607045e-02
    outer loop
      vertex   1.257558e-02 1.626644e+01 1.222393e+01
      vertex   1.257558e-02 2.102192e+01 1.222393e+01
      vertex   0.000000e+00 2.102192e+01 1.200000e+01
    endloop
  endfacet
  facet normal -9.984268e-01 0.000000e+00 5.607045e-02
    outer loop
      vertex   1.257558e-02 1.626644e+01 1.222393e+01
      vertex   0.000000e+00 2.102192e+01 1.200000e+01
      vertex   1.257558e-02 1.151096e+01 1.222393e+01
    endloop
  endfacet
  facet normal -9.984268e-01 4.662355e-16 5.607045e-02
    outer loop
      vertex   1.257558e-02 1.151096e+01 1.222393e+01
      vertex   0.000000e+00 2.102192e+01 1.200000e+01
      vertex   -8.881784e-15 2.000000e+00 1.200000e+01
    endloop
  endfacet
  facet normal -9.984268e-01 0.000000e+00 5.607045e-02
    outer loop
      vertex   1.257558e-02 1.151096e+01 1.222393e+01
      vertex   -8.881784e-15 2.000000e+00 1.200000e+01
      vertex   1.257558e-02 6.755480e+00 1.222393e+01
    endloop
  endfacet
  facet normal -9.984268e-01 3.496418e-16 5.607045e-02
    outer loop
      vertex   1.257558e-02 6.755480e+00 1.222393e+01
      vertex   -8.881784e-15 2.000000e+00 1.200000e+01
      vertex   1.257558e-02 2.000000e+00 1.222393e+01
    endloop
  endfacet
  facet normal -9.858710e-01 3.452448e-16 1.675062e-01
    outer loop
      vertex   1.257558e-02 6.755480e+00 1.222393e+01
      vertex   1.257558e-02 2.000000e+00 1.222393e+01
      vertex   5.014418e-02 6.755480e+00 1.244504e+01
    endloop
  endfacet
  facet normal -9.858710e-01 4.128442e-16 1.675062e-01
    outer loop
      vertex   5.014418e-02 6.755480e+00 1.244504e+01
      vertex   1.257558e-02 2.000000e+00 1.222393e+01
      vertex   5.014418e-02 2.000000e+00 1.244504e+01
    endloop
  endfacet
  facet normal -9.609173e-01 4.872395e-16 2.768355e-01
    outer loop
      vertex   5.014418e-02 6.755480e+00 1.244504e+01
      vertex   5.014418e-02 2.000000e+00 1.244504e+01
      vertex   1.122333e-01 6.755480e+00 1.266056e+01
    endloop
  endfacet
  facet normal -9.609173e-01 2.804218e-16 2.768355e-01
    outer loop
      vertex   1.122333e-01 6.755480e+00 1.266056e+01
      vertex   5.014418e-02 2.000000e+00 1.244504e+01
      vertex   1.122333e-01 2.000000e+00 1.266056e+01
    endloop
  endfacet
  facet normal -9.238795e-01 2.696132e-16 3.826834e-01
    outer loop
      vertex   1.122333e-01 6.755480e+00 1.266056e+01
      vertex   1.122333e-01 2.000000e+00 1.266056e+01
      vertex   1.980623e-01 6.755480e+00 1.286777e+01
    endloop
  endfacet
  facet normal -9.238795e-01 6.094301e-16 3.826834e-01
    outer loop
      vertex   1.980623e-01 6.755480e+00 1.286777e+01
      vertex   1.122333e-01 2.000000e+00 1.266056e+01
      vertex   1.980623e-01 2.000000e+00 1.286777e+01
    endloop
  endfacet
  facet normal -8.752234e-01 6.678724e-16 4.837189e-01
    outer loop
      vertex   1.980623e-01 6.755480e+00 1.286777e+01
      vertex   1.980623e-01 2.000000e+00 1.286777e+01
      vertex   3.065516e-01 6.755480e+00 1.306406e+01
    endloop
  endfacet
  facet normal -8.752234e-01 4.361018e-16 4.837189e-01
    outer loop
      vertex   3.065516e-01 6.755480e+00 1.306406e+01
      vertex   1.980623e-01 2.000000e+00 1.286777e+01
      vertex   3.065516e-01 2.000000e+00 1.306406e+01
    endloop
  endfacet
  facet normal -8.155609e-01 4.541591e-16 5.786713e-01
    outer loop
      vertex   3.065516e-01 6.755480e+00 1.306406e+01
      vertex   3.065516e-01 2.000000e+00 1.306406e+01
      vertex   4.363370e-01 6.755480e+00 1.324698e+01
    endloop
  endfacet
  facet normal -8.155609e-01 3.589579e-16 5.786713e-01
    outer loop
      vertex   4.363370e-01 6.755480e+00 1.324698e+01
      vertex   3.065516e-01 2.000000e+00 1.306406e+01
      vertex   4.363370e-01 2.000000e+00 1.324698e+01
    endloop
  endfacet
  facet normal -7.456422e-01 3.794656e-16 6.663466e-01
    outer loop
      vertex   4.363370e-01 6.755480e+00 1.324698e+01
      vertex   4.363370e-01 2.000000e+00 1.324698e+01
      vertex   5.857864e-01 6.755480e+00 1.341421e+01
    endloop
  endfacet
  facet normal -7.456422e-01 2.785263e-16 6.663466e-01
    outer loop
      vertex   5.857864e-01 6.755480e+00 1.341421e+01
      vertex   4.363370e-01 2.000000e+00 1.324698e+01
      vertex   5.857864e-01 2.000000e+00 1.341421e+01
    endloop
  endfacet
  facet normal -6.663466e-01 2.489063e-16 7.456422e-01
    outer loop
      vertex   5.857864e-01 6.755480e+00 1.341421e+01
      vertex   5.857864e-01 2.000000e+00 1.341421e+01
      vertex   7.530204e-01 6.755480e+00 1.356366e+01
    endloop
  endfacet
  facet normal -6.663466e-01 4.652061e-16 7.456422e-01
    outer loop
      vertex   7.530204e-01 6.755480e+00 1.356366e+01
      vertex   5.857864e-01 2.000000e+00 1.341421e+01
      vertex   7.530204e-01 2.000000e+00 1.356366e+01
    endloop
  endfacet
  facet normal -5.786713e-01 4.667608e-16 8.155609e-01
    outer loop
      vertex   7.530204e-01 6.755480e+00 1.356366e+01
      vertex   7.530204e-01 2.000000e+00 1.356366e+01
      vertex   9.359358e-01 6.755480e+00 1.369345e+01
    endloop
  endfacet
  facet normal -5.786713e-01 3.586827e-16 8.155609e-01
    outer loop
      vertex   9.359358e-01 6.755480e+00 1.369345e+01
      vertex   7.530204e-01 2.000000e+00 1.356366e+01
      vertex   9.359358e-01 2.000000e+00 1.369345e+01
    endloop
  endfacet
  facet normal -4.837189e-01 3.721019e-16 8.752234e-01
    outer loop
      vertex   9.359358e-01 6.755480e+00 1.369345e+01
      vertex   9.359358e-01 2.000000e+00 1.369345e+01
      vertex   1.132233e+00 6.755480e+00 1.380194e+01
    endloop
  endfacet
  facet normal -4.837189e-01 7.216178e-16 8.752234e-01
    outer loop
      vertex   1.132233e+00 6.755480e+00 1.380194e+01
      vertex   9.359358e-01 2.000000e+00 1.369345e+01
      vertex   1.132233e+00 2.000000e+00 1.380194e+01
    endloop
  endfacet
  facet normal -3.826834e-01 7.438150e-16 9.238795e-01
    outer loop
      vertex   1.132233e+00 6.755480e+00 1.380194e+01
      vertex   1.132233e+00 2.000000e+00 1.380194e+01
      vertex   1.339442e+00 6.755480e+00 1.388777e+01
    endloop
  endfacet
  facet normal -3.826834e-01 3.808417e-16 9.238795e-01
    outer loop
      vertex   1.339442e+00 6.755480e+00 1.388777e+01
      vertex   1.132233e+00 2.000000e+00 1.380194e+01
      vertex   1.339442e+00 2.000000e+00 1.388777e+01
    endloop
  endfacet
  facet normal -2.768355e-01 3.847922e-16 9.609173e-01
    outer loop
      vertex   1.339442e+00 6.755480e+00 1.388777e+01
      vertex   1.339442e+00 2.000000e+00 1.388777e+01
      vertex   1.554958e+00 6.755480e+00 1.394986e+01
    endloop
  endfacet
  facet normal -2.768355e-01 3.847922e-16 9.609173e-01
    outer loop
      vertex   1.554958e+00 6.755480e+00 1.394986e+01
      vertex   1.339442e+00 2.000000e+00 1.388777e+01
      vertex   1.554958e+00 2.000000e+00 1.394986e+01
    endloop
  endfacet
  facet normal -1.675062e-01 3.839037e-16 9.858710e-01
    outer loop
      vertex   1.554958e+00 6.755480e+00 1.394986e+01
      vertex   1.554958e+00 2.000000e+00 1.394986e+01
      vertex   1.776071e+00 6.755480e+00 1.398742e+01
    endloop
  endfacet
  facet normal -1.675062e-01 3.760824e-16 9.858710e-01
    outer loop
      vertex   1.776071e+00 6.755480e+00 1.398742e+01
      vertex   1.554958e+00 2.000000e+00 1.394986e+01
      vertex   1.776071e+00 2.000000e+00 1.398742e+01
    endloop
  endfacet
  facet normal -5.607044e-02 3.755693e-16 9.984268e-01
    outer loop
      vertex   1.776071e+00 6.755480e+00 1.398742e+01
      vertex   1.776071e+00 2.000000e+00 1.398742e+01
      vertex   2.000000e+00 3.721922e+00 1.400000e+01
    endloop
  endfacet
  facet normal -5.607045e-02 9.704442e-10 9.984268e-01
    outer loop
      vertex   2.000000e+00 3.721922e+00 1.400000e+01
      vertex   1.776071e+00 2.000000e+00 1.398742e+01
      vertex   2.000000e+00 2.000000e+00 1.400000e+01
    endloop
  endfacet
  facet normal -5.607044e-02 -1.813243e-10 9.984268e-01
    outer loop
      vertex   2.000000e+00 3.721922e+00 1.400000e+01
      vertex   2.000000e+00 1.293762e+01 1.400000e+01
      vertex   1.776071e+00 6.755480e+00 1.398742e+01
    endloop
  endfacet
  facet normal -5.607045e-02 0.000000e+00 9.984268e-01
    outer loop
      vertex   1.776071e+00 6.755480e+00 1.398742e+01
      vertex   2.000000e+00 1.293762e+01 1.400000e+01
      vertex   1.776071e+00 1.151096e+01 1.398742e+01
    endloop
  endfacet
  facet normal -1.675062e-01 0.000000e+00 9.858710e-01
    outer loop
      vertex   1.776071e+00 6.755480e+00 1.398742e+01
      vertex   1.776071e+00 1.151096e+01 1.398742e+01
      vertex   1.554958e+00 6.755480e+00 1.394986e+01
    endloop
  endfacet
  facet normal -1.675062e-01 7.821260e-18 9.858710e-01
    outer loop
      vertex   1.554958e+00 6.755480e+00 1.394986e+01
      vertex   1.776071e+00 1.151096e+01 1.398742e+01
      vertex   1.554958e+00 1.151096e+01 1.394986e+01
    endloop
  endfacet
  facet normal -2.768355e-01 1.292610e-17 9.609173e-01
    outer loop
      vertex   1.554958e+00 6.755480e+00 1.394986e+01
      vertex   1.554958e+00 1.151096e+01 1.394986e+01
      vertex   1.339442e+00 6.755480e+00 1.388777e+01
    endloop
  endfacet
  facet normal -2.768355e-01 0.000000e+00 9.609173e-01
    outer loop
      vertex   1.339442e+00 6.755480e+00 1.388777e+01
      vertex   1.554958e+00 1.151096e+01 1.394986e+01
      vertex   1.339442e+00 1.151096e+01 1.388777e+01
    endloop
  endfacet
  facet normal -3.826834e-01 0.000000e+00 9.238795e-01
    outer loop
      vertex   1.339442e+00 6.755480e+00 1.388777e+01
      vertex   1.339442e+00 1.151096e+01 1.388777e+01
      vertex   1.132233e+00 6.755480e+00 1.380194e+01
    endloop
  endfacet
  facet normal -3.826834e-01 0.000000e+00 9.238795e-01
    outer loop
      vertex   1.132233e+00 6.755480e+00 1.380194e+01
      vertex   1.339442e+00 1.151096e+01 1.388777e+01
      vertex   1.132233e+00 1.151096e+01 1.380194e+01
    endloop
  endfacet
  facet normal -4.837189e-01 0.000000e+00 8.752234e-01
    outer loop
      vertex   1.132233e+00 6.755480e+00 1.380194e+01
      vertex   1.132233e+00 1.151096e+01 1.380194e+01
      vertex   9.359358e-01 6.755480e+00 1.369345e+01
    endloop
  endfacet
  facet normal -4.837189e-01 -2.258598e-17 8.752234e-01
    outer loop
      vertex   9.359358e-01 6.755480e+00 1.369345e+01
      vertex   1.132233e+00 1.151096e+01 1.380194e+01
      vertex   9.359358e-01 1.151096e+01 1.369345e+01
    endloop
  endfacet
  facet normal -5.786713e-01 -2.701953e-17 8.155609e-01
    outer loop
      vertex   9.359358e-01 6.755480e+00 1.369345e+01
      vertex   9.359358e-01 1.151096e+01 1.369345e+01
      vertex   7.530204e-01 6.755480e+00 1.356366e+01
    endloop
  endfacet
  facet normal -5.786713e-01 1.350976e-17 8.155609e-01
    outer loop
      vertex   7.530204e-01 6.755480e+00 1.356366e+01
      vertex   9.359358e-01 1.151096e+01 1.369345e+01
      vertex   7.530204e-01 1.151096e+01 1.356366e+01
    endloop
  endfacet
  facet normal -6.663466e-01 1.555665e-17 7.456422e-01
    outer loop
      vertex   7.530204e-01 6.755480e+00 1.356366e+01
      vertex   7.530204e-01 1.151096e+01 1.356366e+01
      vertex   5.857864e-01 6.755480e+00 1.341421e+01
    endloop
  endfacet
  facet normal -6.663466e-01 0.000000e+00 7.456422e-01
    outer loop
      vertex   5.857864e-01 6.755480e+00 1.341421e+01
      vertex   7.530204e-01 1.151096e+01 1.356366e+01
      vertex   5.857864e-01 1.151096e+01 1.341421e+01
    endloop
  endfacet
  facet normal -7.456422e-01 0.000000e+00 6.663466e-01
    outer loop
      vertex   5.857864e-01 6.755480e+00 1.341421e+01
      vertex   5.857864e-01 1.151096e+01 1.341421e+01
      vertex   4.363370e-01 6.755480e+00 1.324698e+01
    endloop
  endfacet
  facet normal -7.456422e-01 4.351974e-17 6.663466e-01
    outer loop
      vertex   4.363370e-01 6.755480e+00 1.324698e+01
      vertex   5.857864e-01 1.151096e+01 1.341421e+01
      vertex   4.363370e-01 1.151096e+01 1.324698e+01
    endloop
  endfacet
  facet normal -8.155609e-01 4.760057e-17 5.786713e-01
    outer loop
      vertex   4.363370e-01 6.755480e+00 1.324698e+01
      vertex   4.363370e-01 1.151096e+01 1.324698e+01
      vertex   3.065516e-01 6.755480e+00 1.306406e+01
    endloop
  endfacet
  facet normal -8.155609e-01 0.000000e+00 5.786713e-01
    outer loop
      vertex   3.065516e-01 6.755480e+00 1.306406e+01
      vertex   4.363370e-01 1.151096e+01 1.324698e+01
      vertex   3.065516e-01 1.151096e+01 1.306406e+01
    endloop
  endfacet
  facet normal -8.752234e-01 0.000000e+00 4.837189e-01
    outer loop
      vertex   3.065516e-01 6.755480e+00 1.306406e+01
      vertex   3.065516e-01 1.151096e+01 1.306406e+01
      vertex   1.980623e-01 6.755480e+00 1.286777e+01
    endloop
  endfacet
  facet normal -8.752234e-01 -5.108281e-17 4.837189e-01
    outer loop
      vertex   1.980623e-01 6.755480e+00 1.286777e+01
      vertex   3.065516e-01 1.151096e+01 1.306406e+01
      vertex   1.980623e-01 1.151096e+01 1.286777e+01
    endloop
  endfacet
  facet normal -9.238795e-01 -5.392264e-17 3.826834e-01
    outer loop
      vertex   1.980623e-01 6.755480e+00 1.286777e+01
      vertex   1.980623e-01 1.151096e+01 1.286777e+01
      vertex   1.122333e-01 6.755480e+00 1.266056e+01
    endloop
  endfacet
  facet normal -9.238795e-01 2.858943e-16 3.826834e-01
    outer loop
      vertex   1.122333e-01 6.755480e+00 1.266056e+01
      vertex   1.980623e-01 1.151096e+01 1.286777e+01
      vertex   1.122333e-01 1.151096e+01 1.266056e+01
    endloop
  endfacet
  facet normal -9.609173e-01 2.068176e-16 2.768355e-01
    outer loop
      vertex   1.122333e-01 6.755480e+00 1.266056e+01
      vertex   1.122333e-01 1.151096e+01 1.266056e+01
      vertex   5.014418e-02 6.755480e+00 1.244504e+01
    endloop
  endfacet
  facet normal -9.609173e-01 5.608437e-17 2.768355e-01
    outer loop
      vertex   5.014418e-02 6.755480e+00 1.244504e+01
      vertex   1.122333e-01 1.151096e+01 1.266056e+01
      vertex   5.014418e-02 1.151096e+01 1.244504e+01
    endloop
  endfacet
  facet normal -9.858710e-01 5.754080e-17 1.675062e-01
    outer loop
      vertex   5.014418e-02 6.755480e+00 1.244504e+01
      vertex   5.014418e-02 1.151096e+01 1.244504e+01
      vertex   1.257558e-02 6.755480e+00 1.222393e+01
    endloop
  endfacet
  facet normal -9.858710e-01 0.000000e+00 1.675062e-01
    outer loop
      vertex   1.257558e-02 6.755480e+00 1.222393e+01
      vertex   5.014418e-02 1.151096e+01 1.244504e+01
      vertex   1.257558e-02 1.151096e+01 1.222393e+01
    endloop
  endfacet
  facet normal -5.607045e-02 0.000000e+00 9.984268e-01
    outer loop
      vertex   1.776071e+00 1.151096e+01 1.398742e+01
      vertex   2.000000e+00 1.293762e+01 1.400000e+01
      vertex   1.776071e+00 1.626644e+01 1.398742e+01
    endloop
  endfacet
  facet normal -1.675062e-01 2.636844e-20 9.858710e-01
    outer loop
      vertex   1.554958e+00 1.151096e+01 1.394986e+01
      vertex   1.776071e+00 1.151096e+01 1.398742e+01
      vertex   1.776071e+00 1.626644e+01 1.398742e+01
    endloop
  endfacet
  facet normal -1.675062e-01 0.000000e+00 9.858710e-01
    outer loop
      vertex   1.554958e+00 1.151096e+01 1.394986e+01
      vertex   1.776071e+00 1.626644e+01 1.398742e+01
      vertex   1.554958e+00 1.626644e+01 1.394986e+01
    endloop
  endfacet
  facet normal -2.768355e-01 2.276010e-20 9.609173e-01
    outer loop
      vertex   1.339442e+00 1.151096e+01 1.388777e+01
      vertex   1.554958e+00 1.151096e+01 1.394986e+01
      vertex   1.554958e+00 1.626644e+01 1.394986e+01
    endloop
  endfacet
  facet normal -2.768355e-01 0.000000e+00 9.609173e-01
    outer loop
      vertex   1.339442e+00 1.151096e+01 1.388777e+01
      vertex   1.554958e+00 1.626644e+01 1.394986e+01
      vertex   1.339442e+00 1.626644e+01 1.388777e+01
    endloop
  endfacet
  facet normal -3.826834e-01 -2.866469e-19 9.238795e-01
    outer loop
      vertex   1.132233e+00 1.151096e+01 1.380194e+01
      vertex   1.339442e+00 1.151096e+01 1.388777e+01
      vertex   1.339442e+00 1.626644e+01 1.388777e+01
    endloop
  endfacet
  facet normal -3.826834e-01 -3.573678e-17 9.238795e-01
    outer loop
      vertex   1.132233e+00 1.151096e+01 1.380194e+01
      vertex   1.339442e+00 1.626644e+01 1.388777e+01
      vertex   1.132233e+00 1.626644e+01 1.380194e+01
    endloop
  endfacet
  facet normal -4.837189e-01 -4.420776e-17 8.752234e-01
    outer loop
      vertex   9.359358e-01 1.151096e+01 1.369345e+01
      vertex   1.132233e+00 1.151096e+01 1.380194e+01
      vertex   1.132233e+00 1.626644e+01 1.380194e+01
    endloop
  endfacet
  facet normal -4.837189e-01 0.000000e+00 8.752234e-01
    outer loop
      vertex   9.359358e-01 1.151096e+01 1.369345e+01
      vertex   1.132233e+00 1.626644e+01 1.380194e+01
      vertex   9.359358e-01 1.626644e+01 1.369345e+01
    endloop
  endfacet
  facet normal -5.786713e-01 -1.326281e-18 8.155609e-01
    outer loop
      vertex   7.530204e-01 1.151096e+01 1.356366e+01
      vertex   9.359358e-01 1.151096e+01 1.369345e+01
      vertex   9.359358e-01 1.626644e+01 1.369345e+01
    endloop
  endfacet
  facet normal -5.786713e-01 -2.911339e-16 8.155609e-01
    outer loop
      vertex   7.530204e-01 1.151096e+01 1.356366e+01
      vertex   9.359358e-01 1.626644e+01 1.369345e+01
      vertex   7.530204e-01 1.626644e+01 1.356366e+01
    endloop
  endfacet
  facet normal -6.663466e-01 -2.628091e-16 7.456422e-01
    outer loop
      vertex   5.857864e-01 1.151096e+01 1.341421e+01
      vertex   7.530204e-01 1.151096e+01 1.356366e+01
      vertex   7.530204e-01 1.626644e+01 1.356366e+01
    endloop
  endfacet
  facet normal -6.663466e-01 3.111329e-17 7.456422e-01
    outer loop
      vertex   5.857864e-01 1.151096e+01 1.341421e+01
      vertex   7.530204e-01 1.626644e+01 1.356366e+01
      vertex   5.857864e-01 1.626644e+01 1.341421e+01
    endloop
  endfacet
  facet normal -7.456422e-01 3.424545e-17 6.663466e-01
    outer loop
      vertex   4.363370e-01 1.151096e+01 1.324698e+01
      vertex   5.857864e-01 1.151096e+01 1.341421e+01
      vertex   5.857864e-01 1.626644e+01 1.341421e+01
    endloop
  endfacet
  facet normal -7.456422e-01 -4.351974e-17 6.663466e-01
    outer loop
      vertex   4.363370e-01 1.151096e+01 1.324698e+01
      vertex   5.857864e-01 1.626644e+01 1.341421e+01
      vertex   4.363370e-01 1.626644e+01 1.324698e+01
    endloop
  endfacet
  facet normal -8.155609e-01 -4.888964e-17 5.786713e-01
    outer loop
      vertex   3.065516e-01 1.151096e+01 1.306406e+01
      vertex   4.363370e-01 1.151096e+01 1.324698e+01
      vertex   4.363370e-01 1.626644e+01 1.324698e+01
    endloop
  endfacet
  facet normal -8.155609e-01 0.000000e+00 5.786713e-01
    outer loop
      vertex   3.065516e-01 1.151096e+01 1.306406e+01
      vertex   4.363370e-01 1.626644e+01 1.324698e+01
      vertex   3.065516e-01 1.626644e+01 1.306406e+01
    endloop
  endfacet
  facet normal -8.752234e-01 -1.018838e-19 4.837189e-01
    outer loop
      vertex   1.980623e-01 1.151096e+01 1.286777e+01
      vertex   3.065516e-01 1.151096e+01 1.306406e+01
      vertex   3.065516e-01 1.626644e+01 1.306406e+01
    endloop
  endfacet
  facet normal -8.752234e-01 -5.108281e-17 4.837189e-01
    outer loop
      vertex   1.980623e-01 1.151096e+01 1.286777e+01
      vertex   3.065516e-01 1.626644e+01 1.306406e+01
      vertex   1.980623e-01 1.626644e+01 1.286777e+01
    endloop
  endfacet
  facet normal -9.238795e-01 -5.448789e-17 3.826834e-01
    outer loop
      vertex   1.122333e-01 1.151096e+01 1.266056e+01
      vertex   1.980623e-01 1.151096e+01 1.286777e+01
      vertex   1.980623e-01 1.626644e+01 1.286777e+01
    endloop
  endfacet
  facet normal -9.238795e-01 0.000000e+00 3.826834e-01
    outer loop
      vertex   1.122333e-01 1.151096e+01 1.266056e+01
      vertex   1.980623e-01 1.626644e+01 1.286777e+01
      vertex   1.122333e-01 1.626644e+01 1.266056e+01
    endloop
  endfacet
  facet normal -9.609173e-01 2.187298e-19 2.768355e-01
    outer loop
      vertex   5.014418e-02 1.151096e+01 1.244504e+01
      vertex   1.122333e-01 1.151096e+01 1.266056e+01
      vertex   1.122333e-01 1.626644e+01 1.266056e+01
    endloop
  endfacet
  facet normal -9.609173e-01 -5.608437e-17 2.768355e-01
    outer loop
      vertex   5.014418e-02 1.151096e+01 1.244504e+01
      vertex   1.122333e-01 1.626644e+01 1.266056e+01
      vertex   5.014418e-02 1.626644e+01 1.244504e+01
    endloop
  endfacet
  facet normal -9.858710e-01 -5.682025e-17 1.675062e-01
    outer loop
      vertex   1.257558e-02 1.151096e+01 1.222393e+01
      vertex   5.014418e-02 1.151096e+01 1.244504e+01
      vertex   5.014418e-02 1.626644e+01 1.244504e+01
    endloop
  endfacet
  facet normal -9.858710e-01 0.000000e+00 1.675062e-01
    outer loop
      vertex   1.257558e-02 1.151096e+01 1.222393e+01
      vertex   5.014418e-02 1.626644e+01 1.244504e+01
      vertex   1.257558e-02 1.626644e+01 1.222393e+01
    endloop
  endfacet
  facet normal -1.646064e-02 -5.606285e-02 9.982915e-01
    outer loop
      vertex   2.000000e+00 1.776071e+00 1.398742e+01
      vertex   2.000000e+00 2.000000e+00 1.400000e+01
      vertex   1.860056e+00 1.841473e+00 1.398879e+01
    endloop
  endfacet
  facet normal -5.605796e-02 -2.110108e-02 9.982045e-01
    outer loop
      vertex   1.860056e+00 1.841473e+00 1.398879e+01
      vertex   2.000000e+00 2.000000e+00 1.400000e+01
      vertex   1.776071e+00 2.000000e+00 1.398742e+01
    endloop
  endfacet
  facet normal -1.206252e-01 -5.536849e-02 9.911528e-01
    outer loop
      vertex   1.860056e+00 1.841473e+00 1.398879e+01
      vertex   1.776071e+00 2.000000e+00 1.398742e+01
      vertex   1.656706e+00 1.934036e+00 1.396921e+01
    endloop
  endfacet
  facet normal -1.674262e-01 3.090844e-02 9.854000e-01
    outer loop
      vertex   1.656706e+00 1.934036e+00 1.396921e+01
      vertex   1.776071e+00 2.000000e+00 1.398742e+01
      vertex   1.554958e+00 2.000000e+00 1.394986e+01
    endloop
  endfacet
  facet normal -2.275124e-01 -6.583849e-02 9.715469e-01
    outer loop
      vertex   1.656706e+00 1.934036e+00 1.396921e+01
      vertex   1.554958e+00 2.000000e+00 1.394986e+01
      vertex   1.575680e+00 1.739850e+00 1.393708e+01
    endloop
  endfacet
  facet normal -2.466287e-01 -6.712719e-02 9.667824e-01
    outer loop
      vertex   1.575680e+00 1.739850e+00 1.393708e+01
      vertex   1.554958e+00 2.000000e+00 1.394986e+01
      vertex   1.374559e+00 1.828238e+00 1.389191e+01
    endloop
  endfacet
  facet normal -2.816329e-01 -1.571045e-01 9.465733e-01
    outer loop
      vertex   1.575680e+00 1.739850e+00 1.393708e+01
      vertex   1.374559e+00 1.828238e+00 1.389191e+01
      vertex   1.302646e+00 1.630137e+00 1.383763e+01
    endloop
  endfacet
  facet normal -3.805380e-01 -1.133166e-01 9.177964e-01
    outer loop
      vertex   1.302646e+00 1.630137e+00 1.383763e+01
      vertex   1.374559e+00 1.828238e+00 1.389191e+01
      vertex   1.108554e+00 1.718395e+00 1.376806e+01
    endloop
  endfacet
  facet normal -4.140356e-01 -2.128109e-01 8.850345e-01
    outer loop
      vertex   1.302646e+00 1.630137e+00 1.383763e+01
      vertex   1.108554e+00 1.718395e+00 1.376806e+01
      vertex   1.047253e+00 1.519223e+00 1.369149e+01
    endloop
  endfacet
  facet normal -5.083639e-01 -1.682158e-01 8.445529e-01
    outer loop
      vertex   1.047253e+00 1.519223e+00 1.369149e+01
      vertex   1.108554e+00 1.718395e+00 1.376806e+01
      vertex   8.643173e-01 1.610865e+00 1.359962e+01
    endloop
  endfacet
  facet normal -5.358280e-01 -2.665468e-01 8.011499e-01
    outer loop
      vertex   1.047253e+00 1.519223e+00 1.369149e+01
      vertex   8.643173e-01 1.610865e+00 1.359962e+01
      vertex   9.990026e-01 1.326247e+00 1.359501e+01
    endloop
  endfacet
  facet normal -5.358280e-01 -2.665468e-01 8.011499e-01
    outer loop
      vertex   9.990026e-01 1.326247e+00 1.359501e+01
      vertex   8.643173e-01 1.610865e+00 1.359962e+01
      vertex   8.160757e-01 1.417924e+00 1.350317e+01
    endloop
  endfacet
  facet normal -5.566767e-01 -3.613926e-01 7.480016e-01
    outer loop
      vertex   9.990026e-01 1.326247e+00 1.359501e+01
      vertex   8.160757e-01 1.417924e+00 1.350317e+01
      vertex   9.641094e-01 1.140983e+00 1.347953e+01
    endloop
  endfacet
  facet normal -5.566767e-01 -3.613926e-01 7.480016e-01
    outer loop
      vertex   9.641094e-01 1.140983e+00 1.347953e+01
      vertex   8.160757e-01 1.417924e+00 1.350317e+01
      vertex   7.811888e-01 1.232694e+00 1.338771e+01
    endloop
  endfacet
  facet normal -5.707195e-01 -4.518014e-01 6.856783e-01
    outer loop
      vertex   9.641094e-01 1.140983e+00 1.347953e+01
      vertex   7.811888e-01 1.232694e+00 1.338771e+01
      vertex   9.430009e-01 9.657015e-01 1.334647e+01
    endloop
  endfacet
  facet normal -5.707195e-01 -4.518014e-01 6.856783e-01
    outer loop
      vertex   9.430009e-01 9.657015e-01 1.334647e+01
      vertex   7.811888e-01 1.232694e+00 1.338771e+01
      vertex   7.600841e-01 1.057444e+00 1.325467e+01
    endloop
  endfacet
  facet normal -5.777842e-01 -5.366651e-01 6.149439e-01
    outer loop
      vertex   9.430009e-01 9.657015e-01 1.334647e+01
      vertex   7.600841e-01 1.057444e+00 1.325467e+01
      vertex   9.359358e-01 8.025507e-01 1.319745e+01
    endloop
  endfacet
  facet normal -5.777842e-01 -5.366651e-01 6.149439e-01
    outer loop
      vertex   9.359358e-01 8.025507e-01 1.319745e+01
      vertex   7.600841e-01 1.057444e+00 1.325467e+01
      vertex   7.530204e-01 8.943228e-01 1.310568e+01
    endloop
  endfacet
  facet normal -5.777842e-01 -6.149439e-01 5.366651e-01
    outer loop
      vertex   9.359358e-01 8.025507e-01 1.319745e+01
      vertex   7.530204e-01 8.943228e-01 1.310568e+01
      vertex   9.430009e-01 6.535299e-01 1.303430e+01
    endloop
  endfacet
  facet normal -5.777842e-01 -6.149439e-01 5.366651e-01
    outer loop
      vertex   9.430009e-01 6.535299e-01 1.303430e+01
      vertex   7.530204e-01 8.943228e-01 1.310568e+01
      vertex   7.600841e-01 7.453292e-01 1.294256e+01
    endloop
  endfacet
  facet normal -5.707195e-01 -6.856783e-01 4.518014e-01
    outer loop
      vertex   9.430009e-01 6.535299e-01 1.303430e+01
      vertex   7.600841e-01 7.453292e-01 1.294256e+01
      vertex   9.641094e-01 5.204655e-01 1.285902e+01
    endloop
  endfacet
  facet normal -5.707195e-01 -6.856783e-01 4.518014e-01
    outer loop
      vertex   9.641094e-01 5.204655e-01 1.285902e+01
      vertex   7.600841e-01 7.453292e-01 1.294256e+01
      vertex   7.811888e-01 6.122889e-01 1.276731e+01
    endloop
  endfacet
  facet normal -5.566767e-01 -7.480016e-01 3.613926e-01
    outer loop
      vertex   9.641094e-01 5.204655e-01 1.285902e+01
      vertex   7.811888e-01 6.122889e-01 1.276731e+01
      vertex   9.990026e-01 4.049881e-01 1.267375e+01
    endloop
  endfacet
  facet normal -5.566767e-01 -7.480016e-01 3.613926e-01
    outer loop
      vertex   9.990026e-01 4.049881e-01 1.267375e+01
      vertex   7.811888e-01 6.122889e-01 1.276731e+01
      vertex   8.160757e-01 4.968325e-01 1.258208e+01
    endloop
  endfacet
  facet normal -5.358280e-01 -8.011499e-01 2.665468e-01
    outer loop
      vertex   9.990026e-01 4.049881e-01 1.267375e+01
      vertex   8.160757e-01 4.968325e-01 1.258208e+01
      vertex   1.047253e+00 3.085129e-01 1.248078e+01
    endloop
  endfacet
  facet normal -5.358280e-01 -8.011499e-01 2.665468e-01
    outer loop
      vertex   1.047253e+00 3.085129e-01 1.248078e+01
      vertex   8.160757e-01 4.968325e-01 1.258208e+01
      vertex   8.643173e-01 4.003749e-01 1.238913e+01
    endloop
  endfacet
  facet normal -5.083639e-01 -8.445529e-01 1.682158e-01
    outer loop
      vertex   1.047253e+00 3.085129e-01 1.248078e+01
      vertex   8.643173e-01 4.003749e-01 1.238913e+01
      vertex   1.108554e+00 2.319433e-01 1.228160e+01
    endloop
  endfacet
  facet normal -5.083927e-01 -8.445496e-01 1.681453e-01
    outer loop
      vertex   1.108554e+00 2.319433e-01 1.228160e+01
      vertex   8.643173e-01 4.003749e-01 1.238913e+01
      vertex   9.256730e-01 3.237549e-01 1.218980e+01
    endloop
  endfacet
  facet normal -4.746940e-01 -8.775169e-01 6.804176e-02
    outer loop
      vertex   1.108554e+00 2.319433e-01 1.228160e+01
      vertex   9.256730e-01 3.237549e-01 1.218980e+01
      vertex   1.181304e+00 1.770512e-01 1.208121e+01
    endloop
  endfacet
  facet normal -4.770499e-01 -8.767268e-01 6.142824e-02
    outer loop
      vertex   1.181304e+00 1.770512e-01 1.208121e+01
      vertex   9.256730e-01 3.237549e-01 1.218980e+01
      vertex   1.132233e+00 1.980618e-01 1.200000e+01
    endloop
  endfacet
  facet normal -3.826718e-01 -9.238515e-01 -7.788358e-03
    outer loop
      vertex   1.181304e+00 1.770512e-01 1.208121e+01
      vertex   1.132233e+00 1.980618e-01 1.200000e+01
      vertex   1.339442e+00 1.122329e-01 1.200000e+01
    endloop
  endfacet
  facet normal -2.766810e-01 -3.340415e-02 9.603811e-01
    outer loop
      vertex   1.554958e+00 2.000000e+00 1.394986e+01
      vertex   1.339442e+00 2.000000e+00 1.388777e+01
      vertex   1.374559e+00 1.828238e+00 1.389191e+01
    endloop
  endfacet
  facet normal -3.565153e-01 -5.038870e-02 9.329297e-01
    outer loop
      vertex   1.374559e+00 1.828238e+00 1.389191e+01
      vertex   1.339442e+00 2.000000e+00 1.388777e+01
      vertex   1.181304e+00 1.918786e+00 1.382295e+01
    endloop
  endfacet
  facet normal -3.805656e-01 -1.132467e-01 9.177936e-01
    outer loop
      vertex   1.374559e+00 1.828238e+00 1.389191e+01
      vertex   1.181304e+00 1.918786e+00 1.382295e+01
      vertex   1.108554e+00 1.718395e+00 1.376806e+01
    endloop
  endfacet
  facet normal -4.746940e-01 -6.804176e-02 8.775169e-01
    outer loop
      vertex   1.108554e+00 1.718395e+00 1.376806e+01
      vertex   1.181304e+00 1.918786e+00 1.382295e+01
      vertex   9.256730e-01 1.810196e+00 1.367624e+01
    endloop
  endfacet
  facet normal -5.083927e-01 -1.681453e-01 8.445496e-01
    outer loop
      vertex   1.108554e+00 1.718395e+00 1.376806e+01
      vertex   9.256730e-01 1.810196e+00 1.367624e+01
      vertex   8.643173e-01 1.610865e+00 1.359962e+01
    endloop
  endfacet
  facet normal -5.963495e-01 -1.214432e-01 7.934853e-01
    outer loop
      vertex   8.643173e-01 1.610865e+00 1.359962e+01
      vertex   9.256730e-01 1.810196e+00 1.367624e+01
      vertex   6.956635e-01 1.707400e+00 1.348765e+01
    endloop
  endfacet
  facet normal -6.236526e-01 -2.191876e-01 7.503427e-01
    outer loop
      vertex   8.643173e-01 1.610865e+00 1.359962e+01
      vertex   6.956635e-01 1.707400e+00 1.348765e+01
      vertex   8.160757e-01 1.417924e+00 1.350317e+01
    endloop
  endfacet
  facet normal -6.236526e-01 -2.191876e-01 7.503427e-01
    outer loop
      vertex   8.160757e-01 1.417924e+00 1.350317e+01
      vertex   6.956635e-01 1.707400e+00 1.348765e+01
      vertex   6.480373e-01 1.516921e+00 1.339242e+01
    endloop
  endfacet
  facet normal -6.443669e-01 -3.134217e-01 6.975372e-01
    outer loop
      vertex   8.160757e-01 1.417924e+00 1.350317e+01
      vertex   6.480373e-01 1.516921e+00 1.339242e+01
      vertex   7.811888e-01 1.232694e+00 1.338771e+01
    endloop
  endfacet
  facet normal -6.443669e-01 -3.134217e-01 6.975372e-01
    outer loop
      vertex   7.811888e-01 1.232694e+00 1.338771e+01
      vertex   6.480373e-01 1.516921e+00 1.339242e+01
      vertex   6.135955e-01 1.334053e+00 1.327844e+01
    endloop
  endfacet
  facet normal -6.583191e-01 -4.032473e-01 6.356159e-01
    outer loop
      vertex   7.811888e-01 1.232694e+00 1.338771e+01
      vertex   6.135955e-01 1.334053e+00 1.327844e+01
      vertex   7.600841e-01 1.057444e+00 1.325467e+01
    endloop
  endfacet
  facet normal -6.583191e-01 -4.032473e-01 6.356159e-01
    outer loop
      vertex   7.600841e-01 1.057444e+00 1.325467e+01
      vertex   6.135955e-01 1.334053e+00 1.327844e+01
      vertex   5.927601e-01 1.161040e+00 1.314709e+01
    endloop
  endfacet
  facet normal -6.653382e-01 -4.875638e-01 5.653377e-01
    outer loop
      vertex   7.600841e-01 1.057444e+00 1.325467e+01
      vertex   5.927601e-01 1.161040e+00 1.314709e+01
      vertex   7.530204e-01 8.943228e-01 1.310568e+01
    endloop
  endfacet
  facet normal -6.653382e-01 -4.875638e-01 5.653377e-01
    outer loop
      vertex   7.530204e-01 8.943228e-01 1.310568e+01
      vertex   5.927601e-01 1.161040e+00 1.314709e+01
      vertex   5.857864e-01 9.999995e-01 1.300000e+01
    endloop
  endfacet
  facet normal -6.653382e-01 -5.653377e-01 4.875638e-01
    outer loop
      vertex   7.530204e-01 8.943228e-01 1.310568e+01
      vertex   5.857864e-01 9.999995e-01 1.300000e+01
      vertex   7.600841e-01 7.453292e-01 1.294256e+01
    endloop
  endfacet
  facet normal -6.653382e-01 -5.653377e-01 4.875638e-01
    outer loop
      vertex   7.600841e-01 7.453292e-01 1.294256e+01
      vertex   5.857864e-01 9.999995e-01 1.300000e+01
      vertex   5.927601e-01 8.529066e-01 1.283896e+01
    endloop
  endfacet
  facet normal -6.583191e-01 -6.356159e-01 4.032473e-01
    outer loop
      vertex   7.600841e-01 7.453292e-01 1.294256e+01
      vertex   5.927601e-01 8.529066e-01 1.283896e+01
      vertex   7.811888e-01 6.122889e-01 1.276731e+01
    endloop
  endfacet
  facet normal -6.583191e-01 -6.356159e-01 4.032473e-01
    outer loop
      vertex   7.811888e-01 6.122889e-01 1.276731e+01
      vertex   5.927601e-01 8.529066e-01 1.283896e+01
      vertex   6.135955e-01 7.215636e-01 1.266595e+01
    endloop
  endfacet
  facet normal -6.443669e-01 -6.975372e-01 3.134217e-01
    outer loop
      vertex   7.811888e-01 6.122889e-01 1.276731e+01
      vertex   6.135955e-01 7.215636e-01 1.266595e+01
      vertex   8.160757e-01 4.968325e-01 1.258208e+01
    endloop
  endfacet
  facet normal -6.443669e-01 -6.975372e-01 3.134217e-01
    outer loop
      vertex   8.160757e-01 4.968325e-01 1.258208e+01
      vertex   6.135955e-01 7.215636e-01 1.266595e+01
      vertex   6.480373e-01 6.075802e-01 1.248308e+01
    endloop
  endfacet
  facet normal -6.236526e-01 -7.503427e-01 2.191876e-01
    outer loop
      vertex   8.160757e-01 4.968325e-01 1.258208e+01
      vertex   6.480373e-01 6.075802e-01 1.248308e+01
      vertex   8.643173e-01 4.003749e-01 1.238913e+01
    endloop
  endfacet
  facet normal -6.236526e-01 -7.503427e-01 2.191876e-01
    outer loop
      vertex   8.643173e-01 4.003749e-01 1.238913e+01
      vertex   6.480373e-01 6.075802e-01 1.248308e+01
      vertex   6.956635e-01 5.123531e-01 1.229260e+01
    endloop
  endfacet
  facet normal -5.963495e-01 -7.934853e-01 1.214432e-01
    outer loop
      vertex   8.643173e-01 4.003749e-01 1.238913e+01
      vertex   6.956635e-01 5.123531e-01 1.229260e+01
      vertex   9.256730e-01 3.237549e-01 1.218980e+01
    endloop
  endfacet
  facet normal -5.963745e-01 -7.934772e-01 1.213724e-01
    outer loop
      vertex   9.256730e-01 3.237549e-01 1.218980e+01
      vertex   6.956635e-01 5.123531e-01 1.229260e+01
      vertex   7.563014e-01 4.366471e-01 1.209562e+01
    endloop
  endfacet
  facet normal -5.707233e-01 -8.199914e-01 4.346431e-02
    outer loop
      vertex   9.256730e-01 3.237549e-01 1.218980e+01
      vertex   7.563014e-01 4.366471e-01 1.209562e+01
      vertex   9.359358e-01 3.065511e-01 1.200000e+01
    endloop
  endfacet
  facet normal -5.785248e-01 -8.153544e-01 2.249879e-02
    outer loop
      vertex   9.359358e-01 3.065511e-01 1.200000e+01
      vertex   7.563014e-01 4.366471e-01 1.209562e+01
      vertex   7.530204e-01 4.363366e-01 1.200000e+01
    endloop
  endfacet
  facet normal -6.661337e-01 -7.454039e-01 2.527778e-02
    outer loop
      vertex   7.530204e-01 4.363366e-01 1.200000e+01
      vertex   7.563014e-01 4.366471e-01 1.209562e+01
      vertex   5.857864e-01 5.857860e-01 1.200000e+01
    endloop
  endfacet
  facet normal -6.782510e-01 -7.316449e-01 6.834718e-02
    outer loop
      vertex   5.857864e-01 5.857860e-01 1.200000e+01
      vertex   7.563014e-01 4.366471e-01 1.209562e+01
      vertex   5.434125e-01 6.430393e-01 1.219238e+01
    endloop
  endfacet
  facet normal -7.452098e-01 -6.659602e-01 3.405138e-02
    outer loop
      vertex   5.857864e-01 5.857860e-01 1.200000e+01
      vertex   5.434125e-01 6.430393e-01 1.219238e+01
      vertex   4.363370e-01 7.530199e-01 1.200000e+01
    endloop
  endfacet
  facet normal -7.564512e-01 -6.522768e-01 4.813044e-02
    outer loop
      vertex   4.363370e-01 7.530199e-01 1.200000e+01
      vertex   5.434125e-01 6.430393e-01 1.219238e+01
      vertex   4.094789e-01 7.907901e-01 1.208975e+01
    endloop
  endfacet
  facet normal -8.155608e-01 -5.786712e-01 -5.343964e-04
    outer loop
      vertex   4.363370e-01 7.530199e-01 1.200000e+01
      vertex   4.094789e-01 7.907901e-01 1.208975e+01
      vertex   3.065516e-01 9.359354e-01 1.200000e+01
    endloop
  endfacet
  facet normal -8.328475e-01 -5.494966e-01 6.647219e-02
    outer loop
      vertex   3.065516e-01 9.359354e-01 1.200000e+01
      vertex   4.094789e-01 7.907901e-01 1.208975e+01
      vertex   3.648651e-01 8.799940e-01 1.226818e+01
    endloop
  endfacet
  facet normal -8.379859e-01 -5.412730e-01 6.930489e-02
    outer loop
      vertex   3.065516e-01 9.359354e-01 1.200000e+01
      vertex   3.648651e-01 8.799940e-01 1.226818e+01
      vertex   2.532923e-01 1.038234e+00 1.215498e+01
    endloop
  endfacet
  facet normal -8.551276e-01 -4.966840e-01 1.485318e-01
    outer loop
      vertex   2.532923e-01 1.038234e+00 1.215498e+01
      vertex   3.648651e-01 8.799940e-01 1.226818e+01
      vertex   2.227349e-01 1.139362e+00 1.231723e+01
    endloop
  endfacet
  facet normal -9.050037e-01 -4.160197e-01 8.885886e-02
    outer loop
      vertex   2.532923e-01 1.038234e+00 1.215498e+01
      vertex   2.227349e-01 1.139362e+00 1.231723e+01
      vertex   1.352182e-01 1.302780e+00 1.219098e+01
    endloop
  endfacet
  facet normal -9.168871e-01 -3.632798e-01 1.653656e-01
    outer loop
      vertex   1.352182e-01 1.302780e+00 1.219098e+01
      vertex   2.227349e-01 1.139362e+00 1.231723e+01
      vertex   1.179972e-01 1.411338e+00 1.233398e+01
    endloop
  endfacet
  facet normal -9.544988e-01 -2.814124e-01 9.868678e-02
    outer loop
      vertex   1.352182e-01 1.302780e+00 1.219098e+01
      vertex   1.179972e-01 1.411338e+00 1.233398e+01
      vertex   5.541234e-02 1.574187e+00 1.219304e+01
    endloop
  endfacet
  facet normal -9.600184e-01 -2.261483e-01 1.649900e-01
    outer loop
      vertex   5.541234e-02 1.574187e+00 1.219304e+01
      vertex   1.179972e-01 1.411338e+00 1.233398e+01
      vertex   5.014418e-02 1.685307e+00 1.231469e+01
    endloop
  endfacet
  facet normal -9.851169e-01 -1.460064e-01 9.070201e-02
    outer loop
      vertex   5.541234e-02 1.574187e+00 1.219304e+01
      vertex   5.014418e-02 1.685307e+00 1.231469e+01
      vertex   1.257558e-02 1.841658e+00 1.215834e+01
    endloop
  endfacet
  facet normal -9.851169e-01 -9.070201e-02 1.460064e-01
    outer loop
      vertex   1.257558e-02 1.841658e+00 1.215834e+01
      vertex   5.014418e-02 1.685307e+00 1.231469e+01
      vertex   1.728178e-02 1.950337e+00 1.225761e+01
    endloop
  endfacet
  facet normal -9.956206e-01 -3.577553e-02 8.636977e-02
    outer loop
      vertex   1.257558e-02 1.841658e+00 1.215834e+01
      vertex   1.728178e-02 1.950337e+00 1.225761e+01
      vertex   1.257558e-02 2.000000e+00 1.222393e+01
    endloop
  endfacet
  facet normal -9.856705e-01 2.016833e-02 1.674722e-01
    outer loop
      vertex   1.257558e-02 2.000000e+00 1.222393e+01
      vertex   1.728178e-02 1.950337e+00 1.225761e+01
      vertex   5.014418e-02 2.000000e+00 1.244504e+01
    endloop
  endfacet
  facet normal -9.818689e-01 -4.513670e-02 1.841089e-01
    outer loop
      vertex   5.014418e-02 2.000000e+00 1.244504e+01
      vertex   1.728178e-02 1.950337e+00 1.225761e+01
      vertex   5.541234e-02 1.806964e+00 1.242581e+01
    endloop
  endfacet
  facet normal -9.746827e-01 -4.834690e-02 2.183032e-01
    outer loop
      vertex   5.014418e-02 2.000000e+00 1.244504e+01
      vertex   5.541234e-02 1.806964e+00 1.242581e+01
      vertex   7.115228e-02 1.937666e+00 1.252503e+01
    endloop
  endfacet
  facet normal -9.544988e-01 -9.868678e-02 2.814124e-01
    outer loop
      vertex   7.115228e-02 1.937666e+00 1.252503e+01
      vertex   5.541234e-02 1.806964e+00 1.242581e+01
      vertex   1.179972e-01 1.666018e+00 1.258866e+01
    endloop
  endfacet
  facet normal -9.544988e-01 -9.868678e-02 2.814124e-01
    outer loop
      vertex   7.115228e-02 1.937666e+00 1.252503e+01
      vertex   1.179972e-01 1.666018e+00 1.258866e+01
      vertex   1.352182e-01 1.809019e+00 1.269722e+01
    endloop
  endfacet
  facet normal -9.168871e-01 -1.653656e-01 3.632798e-01
    outer loop
      vertex   1.352182e-01 1.809019e+00 1.269722e+01
      vertex   1.179972e-01 1.666018e+00 1.258866e+01
      vertex   2.042494e-01 1.529273e+00 1.274411e+01
    endloop
  endfacet
  facet normal -9.168871e-01 -1.653656e-01 3.632798e-01
    outer loop
      vertex   1.352182e-01 1.809019e+00 1.269722e+01
      vertex   2.042494e-01 1.529273e+00 1.274411e+01
      vertex   2.227349e-01 1.682773e+00 1.286064e+01
    endloop
  endfacet
  facet normal -8.677735e-01 -2.299474e-01 4.405602e-01
    outer loop
      vertex   2.227349e-01 1.682773e+00 1.286064e+01
      vertex   2.042494e-01 1.529273e+00 1.274411e+01
      vertex   3.130841e-01 1.398447e+00 1.289020e+01
    endloop
  endfacet
  facet normal -8.677735e-01 -2.299474e-01 4.405602e-01
    outer loop
      vertex   2.227349e-01 1.682773e+00 1.286064e+01
      vertex   3.130841e-01 1.398447e+00 1.289020e+01
      vertex   3.326017e-01 1.560517e+00 1.301323e+01
    endloop
  endfacet
  facet normal -8.077824e-01 -2.916261e-01 5.122908e-01
    outer loop
      vertex   3.326017e-01 1.560517e+00 1.301323e+01
      vertex   3.130841e-01 1.398447e+00 1.289020e+01
      vertex   4.431328e-01 1.275186e+00 1.302509e+01
    endloop
  endfacet
  facet normal -8.077824e-01 -2.916261e-01 5.122908e-01
    outer loop
      vertex   3.326017e-01 1.560517e+00 1.301323e+01
      vertex   4.431328e-01 1.275186e+00 1.302509e+01
      vertex   4.634370e-01 1.443788e+00 1.315308e+01
    endloop
  endfacet
  facet normal -7.376708e-01 -3.496333e-01 5.775797e-01
    outer loop
      vertex   4.634370e-01 1.443788e+00 1.315308e+01
      vertex   4.431328e-01 1.275186e+00 1.302509e+01
      vertex   5.927601e-01 1.161040e+00 1.314709e+01
    endloop
  endfacet
  facet normal -7.376708e-01 -3.496333e-01 5.775797e-01
    outer loop
      vertex   4.634370e-01 1.443788e+00 1.315308e+01
      vertex   5.927601e-01 1.161040e+00 1.314709e+01
      vertex   6.135955e-01 1.334053e+00 1.327844e+01
    endloop
  endfacet
  facet normal -3.826718e-01 7.788358e-03 9.238515e-01
    outer loop
      vertex   1.339442e+00 2.000000e+00 1.388777e+01
      vertex   1.132233e+00 2.000000e+00 1.380194e+01
      vertex   1.181304e+00 1.918786e+00 1.382295e+01
    endloop
  endfacet
  facet normal -4.826736e-01 -6.570443e-02 8.733322e-01
    outer loop
      vertex   1.181304e+00 1.918786e+00 1.382295e+01
      vertex   1.132233e+00 2.000000e+00 1.380194e+01
      vertex   9.359358e-01 2.000000e+00 1.369345e+01
    endloop
  endfacet
  facet normal -4.798667e-01 -5.342760e-02 8.757131e-01
    outer loop
      vertex   1.181304e+00 1.918786e+00 1.382295e+01
      vertex   9.359358e-01 2.000000e+00 1.369345e+01
      vertex   9.256730e-01 1.810196e+00 1.367624e+01
    endloop
  endfacet
  facet normal -5.707233e-01 -4.346431e-02 8.199914e-01
    outer loop
      vertex   9.256730e-01 1.810196e+00 1.367624e+01
      vertex   9.359358e-01 2.000000e+00 1.369345e+01
      vertex   7.563014e-01 1.904382e+00 1.356335e+01
    endloop
  endfacet
  facet normal -5.963745e-01 -1.213724e-01 7.934772e-01
    outer loop
      vertex   9.256730e-01 1.810196e+00 1.367624e+01
      vertex   7.563014e-01 1.904382e+00 1.356335e+01
      vertex   6.956635e-01 1.707400e+00 1.348765e+01
    endloop
  endfacet
  facet normal -6.768645e-01 -7.314577e-02 7.324645e-01
    outer loop
      vertex   6.956635e-01 1.707400e+00 1.348765e+01
      vertex   7.563014e-01 1.904382e+00 1.356335e+01
      vertex   5.434125e-01 1.807615e+00 1.335696e+01
    endloop
  endfacet
  facet normal -7.036641e-01 -1.690763e-01 6.901232e-01
    outer loop
      vertex   6.956635e-01 1.707400e+00 1.348765e+01
      vertex   5.434125e-01 1.807615e+00 1.335696e+01
      vertex   6.480373e-01 1.516921e+00 1.339242e+01
    endloop
  endfacet
  facet normal -7.036641e-01 -1.690763e-01 6.901232e-01
    outer loop
      vertex   6.480373e-01 1.516921e+00 1.339242e+01
      vertex   5.434125e-01 1.807615e+00 1.335696e+01
      vertex   4.970007e-01 1.621993e+00 1.326416e+01
    endloop
  endfacet
  facet normal -7.239841e-01 -2.615170e-01 6.383226e-01
    outer loop
      vertex   6.480373e-01 1.516921e+00 1.339242e+01
      vertex   4.970007e-01 1.621993e+00 1.326416e+01
      vertex   6.135955e-01 1.334053e+00 1.327844e+01
    endloop
  endfacet
  facet normal -7.239841e-01 -2.615170e-01 6.383226e-01
    outer loop
      vertex   6.135955e-01 1.334053e+00 1.327844e+01
      vertex   4.970007e-01 1.621993e+00 1.326416e+01
      vertex   4.634370e-01 1.443788e+00 1.315308e+01
    endloop
  endfacet
  facet normal -5.785248e-01 -2.249879e-02 8.153544e-01
    outer loop
      vertex   9.359358e-01 2.000000e+00 1.369345e+01
      vertex   7.530204e-01 2.000000e+00 1.356366e+01
      vertex   7.563014e-01 1.904382e+00 1.356335e+01
    endloop
  endfacet
  facet normal -6.661337e-01 -2.527778e-02 7.454039e-01
    outer loop
      vertex   7.563014e-01 1.904382e+00 1.356335e+01
      vertex   7.530204e-01 2.000000e+00 1.356366e+01
      vertex   5.857864e-01 2.000000e+00 1.341421e+01
    endloop
  endfacet
  facet normal -6.782510e-01 -6.834718e-02 7.316449e-01
    outer loop
      vertex   7.563014e-01 1.904382e+00 1.356335e+01
      vertex   5.857864e-01 2.000000e+00 1.341421e+01
      vertex   5.434125e-01 1.807615e+00 1.335696e+01
    endloop
  endfacet
  facet normal -7.452098e-01 -3.405138e-02 6.659602e-01
    outer loop
      vertex   5.434125e-01 1.807615e+00 1.335696e+01
      vertex   5.857864e-01 2.000000e+00 1.341421e+01
      vertex   4.363370e-01 2.000000e+00 1.324698e+01
    endloop
  endfacet
  facet normal -7.564512e-01 -4.813044e-02 6.522768e-01
    outer loop
      vertex   5.434125e-01 1.807615e+00 1.335696e+01
      vertex   4.363370e-01 2.000000e+00 1.324698e+01
      vertex   4.094789e-01 1.910250e+00 1.320921e+01
    endloop
  endfacet
  facet normal -8.155608e-01 5.343964e-04 5.786712e-01
    outer loop
      vertex   4.094789e-01 1.910250e+00 1.320921e+01
      vertex   4.363370e-01 2.000000e+00 1.324698e+01
      vertex   3.065516e-01 2.000000e+00 1.306406e+01
    endloop
  endfacet
  facet normal -8.328475e-01 -6.647219e-02 5.494966e-01
    outer loop
      vertex   4.094789e-01 1.910250e+00 1.320921e+01
      vertex   3.065516e-01 2.000000e+00 1.306406e+01
      vertex   3.648651e-01 1.731818e+00 1.312001e+01
    endloop
  endfacet
  facet normal -8.379859e-01 -6.930489e-02 5.412730e-01
    outer loop
      vertex   3.648651e-01 1.731818e+00 1.312001e+01
      vertex   3.065516e-01 2.000000e+00 1.306406e+01
      vertex   2.532923e-01 1.845016e+00 1.296177e+01
    endloop
  endfacet
  facet normal -8.551276e-01 -1.485318e-01 4.966840e-01
    outer loop
      vertex   3.648651e-01 1.731818e+00 1.312001e+01
      vertex   2.532923e-01 1.845016e+00 1.296177e+01
      vertex   3.326017e-01 1.560517e+00 1.301323e+01
    endloop
  endfacet
  facet normal -8.551276e-01 -1.485318e-01 4.966840e-01
    outer loop
      vertex   3.326017e-01 1.560517e+00 1.301323e+01
      vertex   2.532923e-01 1.845016e+00 1.296177e+01
      vertex   2.227349e-01 1.682773e+00 1.286064e+01
    endloop
  endfacet
  facet normal -8.750734e-01 -1.851578e-02 4.836360e-01
    outer loop
      vertex   3.065516e-01 2.000000e+00 1.306406e+01
      vertex   1.980623e-01 2.000000e+00 1.286777e+01
      vertex   2.532923e-01 1.845016e+00 1.296177e+01
    endloop
  endfacet
  facet normal -8.988976e-01 -5.683282e-02 4.344572e-01
    outer loop
      vertex   2.532923e-01 1.845016e+00 1.296177e+01
      vertex   1.980623e-01 2.000000e+00 1.286777e+01
      vertex   1.636853e-01 1.960163e+00 1.279143e+01
    endloop
  endfacet
  facet normal -9.050037e-01 -8.885886e-02 4.160197e-01
    outer loop
      vertex   2.532923e-01 1.845016e+00 1.296177e+01
      vertex   1.636853e-01 1.960163e+00 1.279143e+01
      vertex   2.227349e-01 1.682773e+00 1.286064e+01
    endloop
  endfacet
  facet normal -9.050037e-01 -8.885886e-02 4.160197e-01
    outer loop
      vertex   2.227349e-01 1.682773e+00 1.286064e+01
      vertex   1.636853e-01 1.960163e+00 1.279143e+01
      vertex   1.352182e-01 1.809019e+00 1.269722e+01
    endloop
  endfacet
  facet normal -9.219968e-01 6.380822e-02 3.819036e-01
    outer loop
      vertex   1.980623e-01 2.000000e+00 1.286777e+01
      vertex   1.122333e-01 2.000000e+00 1.266056e+01
      vertex   1.636853e-01 1.960163e+00 1.279143e+01
    endloop
  endfacet
  facet normal -9.342779e-01 -4.453391e-02 3.537535e-01
    outer loop
      vertex   1.636853e-01 1.960163e+00 1.279143e+01
      vertex   1.122333e-01 2.000000e+00 1.266056e+01
      vertex   1.352182e-01 1.809019e+00 1.269722e+01
    endloop
  endfacet
  facet normal -9.484036e-01 -5.417167e-02 3.124036e-01
    outer loop
      vertex   1.352182e-01 1.809019e+00 1.269722e+01
      vertex   1.122333e-01 2.000000e+00 1.266056e+01
      vertex   7.115228e-02 1.937666e+00 1.252503e+01
    endloop
  endfacet
  facet normal -9.604438e-01 3.139100e-02 2.766991e-01
    outer loop
      vertex   7.115228e-02 1.937666e+00 1.252503e+01
      vertex   1.122333e-01 2.000000e+00 1.266056e+01
      vertex   5.014418e-02 2.000000e+00 1.244504e+01
    endloop
  endfacet
  facet normal -9.981576e-01 -2.321888e-02 5.605533e-02
    outer loop
      vertex   1.257558e-02 2.000000e+00 1.222393e+01
      vertex   -8.881784e-15 2.000000e+00 1.200000e+01
      vertex   1.257558e-02 1.841658e+00 1.215834e+01
    endloop
  endfacet
  facet normal -9.981576e-01 -5.605533e-02 2.321888e-02
    outer loop
      vertex   1.257558e-02 1.841658e+00 1.215834e+01
      vertex   -8.881784e-15 2.000000e+00 1.200000e+01
      vertex   1.257558e-02 1.776071e+00 1.200000e+01
    endloop
  endfacet
  facet normal -9.956206e-01 -8.636977e-02 3.577553e-02
    outer loop
      vertex   1.257558e-02 1.841658e+00 1.215834e+01
      vertex   1.257558e-02 1.776071e+00 1.200000e+01
      vertex   1.728178e-02 1.742391e+00 1.204966e+01
    endloop
  endfacet
  facet normal -9.856705e-01 -1.674722e-01 -2.016833e-02
    outer loop
      vertex   1.728178e-02 1.742391e+00 1.204966e+01
      vertex   1.257558e-02 1.776071e+00 1.200000e+01
      vertex   5.014418e-02 1.554958e+00 1.200000e+01
    endloop
  endfacet
  facet normal -9.818689e-01 -1.841089e-01 4.513670e-02
    outer loop
      vertex   1.728178e-02 1.742391e+00 1.204966e+01
      vertex   5.014418e-02 1.554958e+00 1.200000e+01
      vertex   5.541234e-02 1.574187e+00 1.219304e+01
    endloop
  endfacet
  facet normal -9.746827e-01 -2.183032e-01 4.834690e-02
    outer loop
      vertex   5.541234e-02 1.574187e+00 1.219304e+01
      vertex   5.014418e-02 1.554958e+00 1.200000e+01
      vertex   7.115228e-02 1.474965e+00 1.206233e+01
    endloop
  endfacet
  facet normal -9.544988e-01 -2.814124e-01 9.868678e-02
    outer loop
      vertex   5.541234e-02 1.574187e+00 1.219304e+01
      vertex   7.115228e-02 1.474965e+00 1.206233e+01
      vertex   1.352182e-01 1.302780e+00 1.219098e+01
    endloop
  endfacet
  facet normal -9.484036e-01 -3.124036e-01 5.417167e-02
    outer loop
      vertex   1.352182e-01 1.302780e+00 1.219098e+01
      vertex   7.115228e-02 1.474965e+00 1.206233e+01
      vertex   1.122333e-01 1.339441e+00 1.200000e+01
    endloop
  endfacet
  facet normal -9.342779e-01 -3.537535e-01 4.453391e-02
    outer loop
      vertex   1.352182e-01 1.302780e+00 1.219098e+01
      vertex   1.122333e-01 1.339441e+00 1.200000e+01
      vertex   1.636853e-01 1.208570e+00 1.203984e+01
    endloop
  endfacet
  facet normal -9.219968e-01 -3.819036e-01 -6.380822e-02
    outer loop
      vertex   1.636853e-01 1.208570e+00 1.203984e+01
      vertex   1.122333e-01 1.339441e+00 1.200000e+01
      vertex   1.980623e-01 1.132232e+00 1.200000e+01
    endloop
  endfacet
  facet normal -8.988976e-01 -4.344572e-01 5.683282e-02
    outer loop
      vertex   1.636853e-01 1.208570e+00 1.203984e+01
      vertex   1.980623e-01 1.132232e+00 1.200000e+01
      vertex   2.532923e-01 1.038234e+00 1.215498e+01
    endloop
  endfacet
  facet normal -8.750734e-01 -4.836360e-01 1.851578e-02
    outer loop
      vertex   2.532923e-01 1.038234e+00 1.215498e+01
      vertex   1.980623e-01 1.132232e+00 1.200000e+01
      vertex   3.065516e-01 9.359354e-01 1.200000e+01
    endloop
  endfacet
  facet normal -9.604438e-01 -2.766991e-01 -3.139100e-02
    outer loop
      vertex   5.014418e-02 1.554958e+00 1.200000e+01
      vertex   1.122333e-01 1.339441e+00 1.200000e+01
      vertex   7.115228e-02 1.474965e+00 1.206233e+01
    endloop
  endfacet
  facet normal -4.830365e-01 -8.739887e-01 5.309991e-02
    outer loop
      vertex   9.359358e-01 3.065511e-01 1.200000e+01
      vertex   1.132233e+00 1.980618e-01 1.200000e+01
      vertex   9.256730e-01 3.237549e-01 1.218980e+01
    endloop
  endfacet
  facet normal -3.565153e-01 -9.329297e-01 5.038870e-02
    outer loop
      vertex   1.181304e+00 1.770512e-01 1.208121e+01
      vertex   1.339442e+00 1.122329e-01 1.200000e+01
      vertex   1.374559e+00 1.080900e-01 1.217176e+01
    endloop
  endfacet
  facet normal -2.766810e-01 -9.603811e-01 3.340415e-02
    outer loop
      vertex   1.374559e+00 1.080900e-01 1.217176e+01
      vertex   1.339442e+00 1.122329e-01 1.200000e+01
      vertex   1.554958e+00 5.014370e-02 1.200000e+01
    endloop
  endfacet
  facet normal -2.466287e-01 -9.667824e-01 6.712719e-02
    outer loop
      vertex   1.374559e+00 1.080900e-01 1.217176e+01
      vertex   1.554958e+00 5.014370e-02 1.200000e+01
      vertex   1.575680e+00 6.292059e-02 1.226015e+01
    endloop
  endfacet
  facet normal -2.275124e-01 -9.715469e-01 6.583849e-02
    outer loop
      vertex   1.575680e+00 6.292059e-02 1.226015e+01
      vertex   1.554958e+00 5.014370e-02 1.200000e+01
      vertex   1.656706e+00 3.078695e-02 1.206596e+01
    endloop
  endfacet
  facet normal -1.419627e-01 -9.844287e-01 1.036667e-01
    outer loop
      vertex   1.575680e+00 6.292059e-02 1.226015e+01
      vertex   1.656706e+00 3.078695e-02 1.206596e+01
      vertex   1.860056e+00 1.120971e-02 1.215853e+01
    endloop
  endfacet
  facet normal -1.206252e-01 -9.911528e-01 5.536849e-02
    outer loop
      vertex   1.860056e+00 1.120971e-02 1.215853e+01
      vertex   1.656706e+00 3.078695e-02 1.206596e+01
      vertex   1.776071e+00 1.257510e-02 1.200000e+01
    endloop
  endfacet
  facet normal -5.605796e-02 -9.982045e-01 2.110108e-02
    outer loop
      vertex   1.860056e+00 1.120971e-02 1.215853e+01
      vertex   1.776071e+00 1.257510e-02 1.200000e+01
      vertex   2.000000e+00 -4.768372e-07 1.200000e+01
    endloop
  endfacet
  facet normal -1.674262e-01 -9.854000e-01 -3.090844e-02
    outer loop
      vertex   1.554958e+00 5.014370e-02 1.200000e+01
      vertex   1.776071e+00 1.257510e-02 1.200000e+01
      vertex   1.656706e+00 3.078695e-02 1.206596e+01
    endloop
  endfacet
  facet normal -1.646064e-02 -9.982915e-01 5.606285e-02
    outer loop
      vertex   2.000000e+00 -4.768372e-07 1.200000e+01
      vertex   2.000000e+00 1.257510e-02 1.222393e+01
      vertex   1.860056e+00 1.120971e-02 1.215853e+01
    endloop
  endfacet
  facet normal -5.590288e-02 -9.885359e-01 1.402557e-01
    outer loop
      vertex   1.860056e+00 1.120971e-02 1.215853e+01
      vertex   2.000000e+00 1.257510e-02 1.222393e+01
      vertex   1.782137e+00 4.211109e-02 1.234527e+01
    endloop
  endfacet
  facet normal -1.419627e-01 -9.844287e-01 1.036667e-01
    outer loop
      vertex   1.860056e+00 1.120971e-02 1.215853e+01
      vertex   1.782137e+00 4.211109e-02 1.234527e+01
      vertex   1.575680e+00 6.292059e-02 1.226015e+01
    endloop
  endfacet
  facet normal -1.791532e-01 -9.634858e-01 1.989956e-01
    outer loop
      vertex   1.575680e+00 6.292059e-02 1.226015e+01
      vertex   1.782137e+00 4.211109e-02 1.234527e+01
      vertex   1.505511e+00 1.158941e-01 1.245346e+01
    endloop
  endfacet
  facet normal -2.816048e-01 -9.465705e-01 1.571720e-01
    outer loop
      vertex   1.575680e+00 6.292059e-02 1.226015e+01
      vertex   1.505511e+00 1.158941e-01 1.245346e+01
      vertex   1.302646e+00 1.623652e-01 1.236986e+01
    endloop
  endfacet
  facet normal -3.144778e-01 -9.144261e-01 2.548110e-01
    outer loop
      vertex   1.302646e+00 1.623652e-01 1.236986e+01
      vertex   1.505511e+00 1.158941e-01 1.245346e+01
      vertex   1.242170e+00 2.379224e-01 1.256637e+01
    endloop
  endfacet
  facet normal -4.140046e-01 -8.850325e-01 2.128797e-01
    outer loop
      vertex   1.302646e+00 1.623652e-01 1.236986e+01
      vertex   1.242170e+00 2.379224e-01 1.256637e+01
      vertex   1.047253e+00 3.085129e-01 1.248078e+01
    endloop
  endfacet
  facet normal -4.412856e-01 -8.419126e-01 3.105643e-01
    outer loop
      vertex   1.047253e+00 3.085129e-01 1.248078e+01
      vertex   1.242170e+00 2.379224e-01 1.256637e+01
      vertex   9.990026e-01 4.049881e-01 1.267375e+01
    endloop
  endfacet
  facet normal -4.411900e-02 -9.860010e-01 1.607968e-01
    outer loop
      vertex   1.782137e+00 4.211109e-02 1.234527e+01
      vertex   2.000000e+00 1.257510e-02 1.222393e+01
      vertex   1.991334e+00 4.592318e-02 1.242604e+01
    endloop
  endfacet
  facet normal 1.121470e-01 -9.796518e-01 1.664495e-01
    outer loop
      vertex   1.991334e+00 4.592318e-02 1.242604e+01
      vertex   2.000000e+00 1.257510e-02 1.222393e+01
      vertex   2.000000e+00 5.014370e-02 1.244504e+01
    endloop
  endfacet
  facet normal -6.148828e-02 -9.680590e-01 2.430659e-01
    outer loop
      vertex   1.991334e+00 4.592318e-02 1.242604e+01
      vertex   2.000000e+00 5.014370e-02 1.244504e+01
      vertex   1.927280e+00 9.430622e-02 1.260253e+01
    endloop
  endfacet
  facet normal 1.598146e-02 -9.607946e-01 2.768002e-01
    outer loop
      vertex   1.927280e+00 9.430622e-02 1.260253e+01
      vertex   2.000000e+00 5.014370e-02 1.244504e+01
      vertex   2.000000e+00 1.122329e-01 1.266056e+01
    endloop
  endfacet
  facet normal -4.545239e-02 -9.369734e-01 3.464318e-01
    outer loop
      vertex   1.927280e+00 9.430622e-02 1.260253e+01
      vertex   2.000000e+00 1.122329e-01 1.266056e+01
      vertex   1.873730e+00 1.612554e-01 1.277658e+01
    endloop
  endfacet
  facet normal -7.059191e-03 -9.238565e-01 3.826739e-01
    outer loop
      vertex   1.873730e+00 1.612554e-01 1.277658e+01
      vertex   2.000000e+00 1.122329e-01 1.266056e+01
      vertex   2.000000e+00 1.980618e-01 1.286777e+01
    endloop
  endfacet
  facet normal -5.292480e-02 -8.984274e-01 4.359210e-01
    outer loop
      vertex   1.873730e+00 1.612554e-01 1.277658e+01
      vertex   2.000000e+00 1.980618e-01 1.286777e+01
      vertex   1.831400e+00 2.458938e-01 1.294588e+01
    endloop
  endfacet
  facet normal -2.419022e-02 -8.749673e-01 4.835773e-01
    outer loop
      vertex   1.831400e+00 2.458938e-01 1.294588e+01
      vertex   2.000000e+00 1.980618e-01 1.286777e+01
      vertex   2.000000e+00 3.065511e-01 1.306406e+01
    endloop
  endfacet
  facet normal -5.807801e-02 -8.520824e-01 5.201754e-01
    outer loop
      vertex   1.831400e+00 2.458938e-01 1.294588e+01
      vertex   2.000000e+00 3.065511e-01 1.306406e+01
      vertex   1.800788e+00 3.472029e-01 1.310841e+01
    endloop
  endfacet
  facet normal -3.757653e-02 -8.149849e-01 5.782626e-01
    outer loop
      vertex   1.800788e+00 3.472029e-01 1.310841e+01
      vertex   2.000000e+00 3.065511e-01 1.306406e+01
      vertex   2.000000e+00 4.363366e-01 1.324698e+01
    endloop
  endfacet
  facet normal -5.939636e-02 -7.985148e-01 5.990377e-01
    outer loop
      vertex   1.800788e+00 3.472029e-01 1.310841e+01
      vertex   2.000000e+00 4.363366e-01 1.324698e+01
      vertex   1.782269e+00 4.639413e-01 1.326219e+01
    endloop
  endfacet
  facet normal -4.793632e-02 -7.447850e-01 6.655805e-01
    outer loop
      vertex   1.782269e+00 4.639413e-01 1.326219e+01
      vertex   2.000000e+00 4.363366e-01 1.324698e+01
      vertex   2.000000e+00 5.857860e-01 1.341421e+01
    endloop
  endfacet
  facet normal -5.600865e-02 -7.384046e-01 6.720280e-01
    outer loop
      vertex   1.782269e+00 4.639413e-01 1.326219e+01
      vertex   2.000000e+00 5.857860e-01 1.341421e+01
      vertex   1.776071e+00 5.946782e-01 1.340532e+01
    endloop
  endfacet
  facet normal -5.600865e-02 -6.720280e-01 7.384046e-01
    outer loop
      vertex   1.776071e+00 5.946782e-01 1.340532e+01
      vertex   2.000000e+00 5.857860e-01 1.341421e+01
      vertex   1.782269e+00 7.378116e-01 1.353606e+01
    endloop
  endfacet
  facet normal -1.672974e-01 -6.609459e-01 7.315478e-01
    outer loop
      vertex   1.776071e+00 5.946782e-01 1.340532e+01
      vertex   1.782269e+00 7.378116e-01 1.353606e+01
      vertex   1.561499e+00 7.722999e-01 1.351673e+01
    endloop
  endfacet
  facet normal -1.609255e-01 -5.844047e-01 7.953453e-01
    outer loop
      vertex   1.561499e+00 7.722999e-01 1.351673e+01
      vertex   1.782269e+00 7.378116e-01 1.353606e+01
      vertex   1.581043e+00 9.345880e-01 1.363993e+01
    endloop
  endfacet
  facet normal -2.697838e-01 -5.614116e-01 7.823258e-01
    outer loop
      vertex   1.561499e+00 7.722999e-01 1.351673e+01
      vertex   1.581043e+00 9.345880e-01 1.363993e+01
      vertex   1.366567e+00 9.909870e-01 1.360644e+01
    endloop
  endfacet
  facet normal -2.565194e-01 -4.760138e-01 8.411948e-01
    outer loop
      vertex   1.366567e+00 9.909870e-01 1.360644e+01
      vertex   1.581043e+00 9.345880e-01 1.363993e+01
      vertex   1.400162e+00 1.169358e+00 1.371762e+01
    endloop
  endfacet
  facet normal -3.615380e-01 -4.431997e-01 8.202831e-01
    outer loop
      vertex   1.366567e+00 9.909870e-01 1.360644e+01
      vertex   1.400162e+00 1.169358e+00 1.371762e+01
      vertex   1.194518e+00 1.243043e+00 1.366680e+01
    endloop
  endfacet
  facet normal -3.412029e-01 -3.506908e-01 8.721218e-01
    outer loop
      vertex   1.194518e+00 1.243043e+00 1.366680e+01
      vertex   1.400162e+00 1.169358e+00 1.371762e+01
      vertex   1.242170e+00 1.433627e+00 1.376208e+01
    endloop
  endfacet
  facet normal -4.412856e-01 -3.105643e-01 8.419126e-01
    outer loop
      vertex   1.194518e+00 1.243043e+00 1.366680e+01
      vertex   1.242170e+00 1.433627e+00 1.376208e+01
      vertex   1.047253e+00 1.519223e+00 1.369149e+01
    endloop
  endfacet
  facet normal -4.140046e-01 -2.128797e-01 8.850325e-01
    outer loop
      vertex   1.047253e+00 1.519223e+00 1.369149e+01
      vertex   1.242170e+00 1.433627e+00 1.376208e+01
      vertex   1.302646e+00 1.630137e+00 1.383763e+01
    endloop
  endfacet
  facet normal -4.793632e-02 -6.655805e-01 7.447850e-01
    outer loop
      vertex   2.000000e+00 5.857860e-01 1.341421e+01
      vertex   2.000000e+00 7.530199e-01 1.356366e+01
      vertex   1.782269e+00 7.378116e-01 1.353606e+01
    endloop
  endfacet
  facet normal -5.939636e-02 -5.990377e-01 7.985148e-01
    outer loop
      vertex   1.782269e+00 7.378116e-01 1.353606e+01
      vertex   2.000000e+00 7.530199e-01 1.356366e+01
      vertex   1.800788e+00 8.915872e-01 1.365280e+01
    endloop
  endfacet
  facet normal -1.609255e-01 -5.844047e-01 7.953453e-01
    outer loop
      vertex   1.782269e+00 7.378116e-01 1.353606e+01
      vertex   1.800788e+00 8.915872e-01 1.365280e+01
      vertex   1.581043e+00 9.345880e-01 1.363993e+01
    endloop
  endfacet
  facet normal -1.482600e-01 -5.028624e-01 8.515565e-01
    outer loop
      vertex   1.581043e+00 9.345880e-01 1.363993e+01
      vertex   1.800788e+00 8.915872e-01 1.365280e+01
      vertex   1.613350e+00 1.106119e+00 1.374685e+01
    endloop
  endfacet
  facet normal -2.565194e-01 -4.760138e-01 8.411948e-01
    outer loop
      vertex   1.581043e+00 9.345880e-01 1.363993e+01
      vertex   1.613350e+00 1.106119e+00 1.374685e+01
      vertex   1.400162e+00 1.169358e+00 1.371762e+01
    endloop
  endfacet
  facet normal -2.368262e-01 -3.864249e-01 8.913973e-01
    outer loop
      vertex   1.400162e+00 1.169358e+00 1.371762e+01
      vertex   1.613350e+00 1.106119e+00 1.374685e+01
      vertex   1.446617e+00 1.355154e+00 1.381051e+01
    endloop
  endfacet
  facet normal -3.412029e-01 -3.506908e-01 8.721218e-01
    outer loop
      vertex   1.400162e+00 1.169358e+00 1.371762e+01
      vertex   1.446617e+00 1.355154e+00 1.381051e+01
      vertex   1.242170e+00 1.433627e+00 1.376208e+01
    endloop
  endfacet
  facet normal -3.144461e-01 -2.548768e-01 9.144186e-01
    outer loop
      vertex   1.242170e+00 1.433627e+00 1.376208e+01
      vertex   1.446617e+00 1.355154e+00 1.381051e+01
      vertex   1.505511e+00 1.546538e+00 1.388411e+01
    endloop
  endfacet
  facet normal -3.144778e-01 -2.548110e-01 9.144261e-01
    outer loop
      vertex   1.242170e+00 1.433627e+00 1.376208e+01
      vertex   1.505511e+00 1.546538e+00 1.388411e+01
      vertex   1.302646e+00 1.630137e+00 1.383763e+01
    endloop
  endfacet
  facet normal -2.816048e-01 -1.571720e-01 9.465705e-01
    outer loop
      vertex   1.302646e+00 1.630137e+00 1.383763e+01
      vertex   1.505511e+00 1.546538e+00 1.388411e+01
      vertex   1.575680e+00 1.739850e+00 1.393708e+01
    endloop
  endfacet
  facet normal -3.757653e-02 -5.782626e-01 8.149849e-01
    outer loop
      vertex   2.000000e+00 7.530199e-01 1.356366e+01
      vertex   2.000000e+00 9.359354e-01 1.369345e+01
      vertex   1.800788e+00 8.915872e-01 1.365280e+01
    endloop
  endfacet
  facet normal -5.807801e-02 -5.201754e-01 8.520824e-01
    outer loop
      vertex   1.800788e+00 8.915872e-01 1.365280e+01
      vertex   2.000000e+00 9.359354e-01 1.369345e+01
      vertex   1.831400e+00 1.054121e+00 1.375411e+01
    endloop
  endfacet
  facet normal -1.482600e-01 -5.028624e-01 8.515565e-01
    outer loop
      vertex   1.800788e+00 8.915872e-01 1.365280e+01
      vertex   1.831400e+00 1.054121e+00 1.375411e+01
      vertex   1.613350e+00 1.106119e+00 1.374685e+01
    endloop
  endfacet
  facet normal -1.294559e-01 -4.173182e-01 8.994925e-01
    outer loop
      vertex   1.613350e+00 1.106119e+00 1.374685e+01
      vertex   1.831400e+00 1.054121e+00 1.375411e+01
      vertex   1.658024e+00 1.284790e+00 1.383617e+01
    endloop
  endfacet
  facet normal -2.368262e-01 -3.864249e-01 8.913973e-01
    outer loop
      vertex   1.613350e+00 1.106119e+00 1.374685e+01
      vertex   1.658024e+00 1.284790e+00 1.383617e+01
      vertex   1.446617e+00 1.355154e+00 1.381051e+01
    endloop
  endfacet
  facet normal -2.109279e-01 -2.936812e-01 9.323416e-01
    outer loop
      vertex   1.446617e+00 1.355154e+00 1.381051e+01
      vertex   1.658024e+00 1.284790e+00 1.383617e+01
      vertex   1.714598e+00 1.468653e+00 1.390689e+01
    endloop
  endfacet
  facet normal -2.109585e-01 -2.936196e-01 9.323540e-01
    outer loop
      vertex   1.446617e+00 1.355154e+00 1.381051e+01
      vertex   1.714598e+00 1.468653e+00 1.390689e+01
      vertex   1.505511e+00 1.546538e+00 1.388411e+01
    endloop
  endfacet
  facet normal -1.791261e-01 -1.990594e-01 9.634777e-01
    outer loop
      vertex   1.505511e+00 1.546538e+00 1.388411e+01
      vertex   1.714598e+00 1.468653e+00 1.390689e+01
      vertex   1.782137e+00 1.654733e+00 1.395789e+01
    endloop
  endfacet
  facet normal -1.791532e-01 -1.989956e-01 9.634858e-01
    outer loop
      vertex   1.505511e+00 1.546538e+00 1.388411e+01
      vertex   1.782137e+00 1.654733e+00 1.395789e+01
      vertex   1.575680e+00 1.739850e+00 1.393708e+01
    endloop
  endfacet
  facet normal -1.419627e-01 -1.036667e-01 9.844287e-01
    outer loop
      vertex   1.575680e+00 1.739850e+00 1.393708e+01
      vertex   1.782137e+00 1.654733e+00 1.395789e+01
      vertex   1.656706e+00 1.934036e+00 1.396921e+01
    endloop
  endfacet
  facet normal -2.419022e-02 -4.835773e-01 8.749673e-01
    outer loop
      vertex   2.000000e+00 9.359354e-01 1.369345e+01
      vertex   2.000000e+00 1.132232e+00 1.380194e+01
      vertex   1.831400e+00 1.054121e+00 1.375411e+01
    endloop
  endfacet
  facet normal -5.292480e-02 -4.359210e-01 8.984274e-01
    outer loop
      vertex   1.831400e+00 1.054121e+00 1.375411e+01
      vertex   2.000000e+00 1.132232e+00 1.380194e+01
      vertex   1.873730e+00 1.223420e+00 1.383874e+01
    endloop
  endfacet
  facet normal -1.294559e-01 -4.173182e-01 8.994925e-01
    outer loop
      vertex   1.831400e+00 1.054121e+00 1.375411e+01
      vertex   1.873730e+00 1.223420e+00 1.383874e+01
      vertex   1.658024e+00 1.284790e+00 1.383617e+01
    endloop
  endfacet
  facet normal -1.047395e-01 -3.288056e-01 9.385715e-01
    outer loop
      vertex   1.658024e+00 1.284790e+00 1.383617e+01
      vertex   1.873730e+00 1.223420e+00 1.383874e+01
      vertex   1.927280e+00 1.397468e+00 1.390569e+01
    endloop
  endfacet
  facet normal -1.047676e-01 -3.287490e-01 9.385882e-01
    outer loop
      vertex   1.658024e+00 1.284790e+00 1.383617e+01
      vertex   1.927280e+00 1.397468e+00 1.390569e+01
      vertex   1.714598e+00 1.468653e+00 1.390689e+01
    endloop
  endfacet
  facet normal -7.437860e-02 -2.384541e-01 9.683013e-01
    outer loop
      vertex   1.714598e+00 1.468653e+00 1.390689e+01
      vertex   1.927280e+00 1.397468e+00 1.390569e+01
      vertex   1.991334e+00 1.573959e+00 1.395408e+01
    endloop
  endfacet
  facet normal -7.440327e-02 -2.383949e-01 9.683140e-01
    outer loop
      vertex   1.714598e+00 1.468653e+00 1.390689e+01
      vertex   1.991334e+00 1.573959e+00 1.395408e+01
      vertex   1.782137e+00 1.654733e+00 1.395789e+01
    endloop
  endfacet
  facet normal -4.411900e-02 -1.607968e-01 9.860010e-01
    outer loop
      vertex   1.782137e+00 1.654733e+00 1.395789e+01
      vertex   1.991334e+00 1.573959e+00 1.395408e+01
      vertex   2.000000e+00 1.776071e+00 1.398742e+01
    endloop
  endfacet
  facet normal -5.590288e-02 -1.402557e-01 9.885359e-01
    outer loop
      vertex   1.782137e+00 1.654733e+00 1.395789e+01
      vertex   2.000000e+00 1.776071e+00 1.398742e+01
      vertex   1.860056e+00 1.841473e+00 1.398879e+01
    endloop
  endfacet
  facet normal -7.059191e-03 -3.826739e-01 9.238565e-01
    outer loop
      vertex   2.000000e+00 1.132232e+00 1.380194e+01
      vertex   2.000000e+00 1.339441e+00 1.388777e+01
      vertex   1.873730e+00 1.223420e+00 1.383874e+01
    endloop
  endfacet
  facet normal -4.545239e-02 -3.464318e-01 9.369734e-01
    outer loop
      vertex   1.873730e+00 1.223420e+00 1.383874e+01
      vertex   2.000000e+00 1.339441e+00 1.388777e+01
      vertex   1.927280e+00 1.397468e+00 1.390569e+01
    endloop
  endfacet
  facet normal 1.598146e-02 -2.768002e-01 9.607946e-01
    outer loop
      vertex   2.000000e+00 1.339441e+00 1.388777e+01
      vertex   2.000000e+00 1.554958e+00 1.394986e+01
      vertex   1.927280e+00 1.397468e+00 1.390569e+01
    endloop
  endfacet
  facet normal -6.148828e-02 -2.430659e-01 9.680590e-01
    outer loop
      vertex   1.927280e+00 1.397468e+00 1.390569e+01
      vertex   2.000000e+00 1.554958e+00 1.394986e+01
      vertex   1.991334e+00 1.573959e+00 1.395408e+01
    endloop
  endfacet
  facet normal 1.121470e-01 -1.664495e-01 9.796518e-01
    outer loop
      vertex   2.000000e+00 1.554958e+00 1.394986e+01
      vertex   2.000000e+00 1.776071e+00 1.398742e+01
      vertex   1.991334e+00 1.573959e+00 1.395408e+01
    endloop
  endfacet
  facet normal -1.419627e-01 -1.036667e-01 9.844287e-01
    outer loop
      vertex   1.782137e+00 1.654733e+00 1.395789e+01
      vertex   1.860056e+00 1.841473e+00 1.398879e+01
      vertex   1.656706e+00 1.934036e+00 1.396921e+01
    endloop
  endfacet
  facet normal -7.748620e-01 -1.168370e-01 6.212391e-01
    outer loop
      vertex   4.970007e-01 1.621993e+00 1.326416e+01
      vertex   5.434125e-01 1.807615e+00 1.335696e+01
      vertex   4.094789e-01 1.910250e+00 1.320921e+01
    endloop
  endfacet
  facet normal -4.412856e-01 -3.105643e-01 8.419126e-01
    outer loop
      vertex   1.194518e+00 1.243043e+00 1.366680e+01
      vertex   1.047253e+00 1.519223e+00 1.369149e+01
      vertex   9.990026e-01 1.326247e+00 1.359501e+01
    endloop
  endfacet
  facet normal -7.945329e-01 -2.063247e-01 5.710933e-01
    outer loop
      vertex   4.634370e-01 1.443788e+00 1.315308e+01
      vertex   4.970007e-01 1.621993e+00 1.326416e+01
      vertex   3.648651e-01 1.731818e+00 1.312001e+01
    endloop
  endfacet
  facet normal -7.748620e-01 -1.168370e-01 6.212391e-01
    outer loop
      vertex   3.648651e-01 1.731818e+00 1.312001e+01
      vertex   4.970007e-01 1.621993e+00 1.326416e+01
      vertex   4.094789e-01 1.910250e+00 1.320921e+01
    endloop
  endfacet
  facet normal -7.945329e-01 -2.063247e-01 5.710933e-01
    outer loop
      vertex   4.634370e-01 1.443788e+00 1.315308e+01
      vertex   3.648651e-01 1.731818e+00 1.312001e+01
      vertex   3.326017e-01 1.560517e+00 1.301323e+01
    endloop
  endfacet
  facet normal -4.620074e-01 -4.048326e-01 7.890879e-01
    outer loop
      vertex   1.194518e+00 1.243043e+00 1.366680e+01
      vertex   9.990026e-01 1.326247e+00 1.359501e+01
      vertex   1.160057e+00 1.060075e+00 1.355275e+01
    endloop
  endfacet
  facet normal -4.620074e-01 -4.048326e-01 7.890879e-01
    outer loop
      vertex   1.160057e+00 1.060075e+00 1.355275e+01
      vertex   9.990026e-01 1.326247e+00 1.359501e+01
      vertex   9.641094e-01 1.140983e+00 1.347953e+01
    endloop
  endfacet
  facet normal -4.759647e-01 -4.946909e-01 7.271441e-01
    outer loop
      vertex   1.160057e+00 1.060075e+00 1.355275e+01
      vertex   9.641094e-01 1.140983e+00 1.347953e+01
      vertex   1.139210e+00 8.869659e-01 1.342134e+01
    endloop
  endfacet
  facet normal -4.759647e-01 -4.946909e-01 7.271441e-01
    outer loop
      vertex   1.139210e+00 8.869659e-01 1.342134e+01
      vertex   9.641094e-01 1.140983e+00 1.347953e+01
      vertex   9.430009e-01 9.657015e-01 1.334647e+01
    endloop
  endfacet
  facet normal -4.829863e-01 -5.790381e-01 6.568403e-01
    outer loop
      vertex   1.139210e+00 8.869659e-01 1.342134e+01
      vertex   9.430009e-01 9.657015e-01 1.334647e+01
      vertex   1.132233e+00 7.258371e-01 1.327416e+01
    endloop
  endfacet
  facet normal -4.829863e-01 -5.790381e-01 6.568403e-01
    outer loop
      vertex   1.132233e+00 7.258371e-01 1.327416e+01
      vertex   9.430009e-01 9.657015e-01 1.334647e+01
      vertex   9.359358e-01 8.025507e-01 1.319745e+01
    endloop
  endfacet
  facet normal -4.829863e-01 -6.568403e-01 5.790381e-01
    outer loop
      vertex   1.132233e+00 7.258371e-01 1.327416e+01
      vertex   9.359358e-01 8.025507e-01 1.319745e+01
      vertex   1.139210e+00 5.786633e-01 1.311303e+01
    endloop
  endfacet
  facet normal -4.829863e-01 -6.568403e-01 5.790381e-01
    outer loop
      vertex   1.139210e+00 5.786633e-01 1.311303e+01
      vertex   9.359358e-01 8.025507e-01 1.319745e+01
      vertex   9.430009e-01 6.535299e-01 1.303430e+01
    endloop
  endfacet
  facet normal -4.759647e-01 -7.271441e-01 4.946909e-01
    outer loop
      vertex   1.139210e+00 5.786633e-01 1.311303e+01
      vertex   9.430009e-01 6.535299e-01 1.303430e+01
      vertex   1.160057e+00 4.472480e-01 1.293992e+01
    endloop
  endfacet
  facet normal -4.759647e-01 -7.271441e-01 4.946909e-01
    outer loop
      vertex   1.160057e+00 4.472480e-01 1.293992e+01
      vertex   9.430009e-01 6.535299e-01 1.303430e+01
      vertex   9.641094e-01 5.204655e-01 1.285902e+01
    endloop
  endfacet
  facet normal -4.620074e-01 -7.890879e-01 4.048326e-01
    outer loop
      vertex   1.160057e+00 4.472480e-01 1.293992e+01
      vertex   9.641094e-01 5.204655e-01 1.285902e+01
      vertex   1.194518e+00 3.332018e-01 1.275696e+01
    endloop
  endfacet
  facet normal -4.620074e-01 -7.890879e-01 4.048326e-01
    outer loop
      vertex   1.194518e+00 3.332018e-01 1.275696e+01
      vertex   9.641094e-01 5.204655e-01 1.285902e+01
      vertex   9.990026e-01 4.049881e-01 1.267375e+01
    endloop
  endfacet
  facet normal -4.412856e-01 -8.419126e-01 3.105643e-01
    outer loop
      vertex   1.194518e+00 3.332018e-01 1.275696e+01
      vertex   9.990026e-01 4.049881e-01 1.267375e+01
      vertex   1.242170e+00 2.379224e-01 1.256637e+01
    endloop
  endfacet
  facet normal -3.615380e-01 -4.431997e-01 8.202831e-01
    outer loop
      vertex   1.194518e+00 1.243043e+00 1.366680e+01
      vertex   1.160057e+00 1.060075e+00 1.355275e+01
      vertex   1.366567e+00 9.909870e-01 1.360644e+01
    endloop
  endfacet
  facet normal -3.752347e-01 -5.313809e-01 7.594954e-01
    outer loop
      vertex   1.366567e+00 9.909870e-01 1.360644e+01
      vertex   1.160057e+00 1.060075e+00 1.355275e+01
      vertex   1.346244e+00 8.222273e-01 1.347833e+01
    endloop
  endfacet
  facet normal -2.697838e-01 -5.614116e-01 7.823258e-01
    outer loop
      vertex   1.366567e+00 9.909870e-01 1.360644e+01
      vertex   1.346244e+00 8.222273e-01 1.347833e+01
      vertex   1.561499e+00 7.722999e-01 1.351673e+01
    endloop
  endfacet
  facet normal -2.764569e-01 -6.415718e-01 7.155119e-01
    outer loop
      vertex   1.561499e+00 7.722999e-01 1.351673e+01
      vertex   1.346244e+00 8.222273e-01 1.347833e+01
      vertex   1.554958e+00 6.212432e-01 1.337876e+01
    endloop
  endfacet
  facet normal -1.672974e-01 -6.609459e-01 7.315478e-01
    outer loop
      vertex   1.561499e+00 7.722999e-01 1.351673e+01
      vertex   1.554958e+00 6.212432e-01 1.337876e+01
      vertex   1.776071e+00 5.946782e-01 1.340532e+01
    endloop
  endfacet
  facet normal -1.672974e-01 -7.315478e-01 6.609459e-01
    outer loop
      vertex   1.776071e+00 5.946782e-01 1.340532e+01
      vertex   1.554958e+00 6.212432e-01 1.337876e+01
      vertex   1.782269e+00 4.639413e-01 1.326219e+01
    endloop
  endfacet
  facet normal -3.752347e-01 -5.313809e-01 7.594954e-01
    outer loop
      vertex   1.346244e+00 8.222273e-01 1.347833e+01
      vertex   1.160057e+00 1.060075e+00 1.355275e+01
      vertex   1.139210e+00 8.869659e-01 1.342134e+01
    endloop
  endfacet
  facet normal -9.851169e-01 -9.070201e-02 1.460064e-01
    outer loop
      vertex   1.728178e-02 1.950337e+00 1.225761e+01
      vertex   5.014418e-02 1.685307e+00 1.231469e+01
      vertex   5.541234e-02 1.806964e+00 1.242581e+01
    endloop
  endfacet
  facet normal -9.600184e-01 -1.649900e-01 2.261483e-01
    outer loop
      vertex   5.541234e-02 1.806964e+00 1.242581e+01
      vertex   5.014418e-02 1.685307e+00 1.231469e+01
      vertex   1.122333e-01 1.532914e+00 1.246709e+01
    endloop
  endfacet
  facet normal -9.600184e-01 -1.649900e-01 2.261483e-01
    outer loop
      vertex   5.541234e-02 1.806964e+00 1.242581e+01
      vertex   1.122333e-01 1.532914e+00 1.246709e+01
      vertex   1.179972e-01 1.666018e+00 1.258866e+01
    endloop
  endfacet
  facet normal -9.228655e-01 -2.371801e-01 3.034220e-01
    outer loop
      vertex   1.179972e-01 1.666018e+00 1.258866e+01
      vertex   1.122333e-01 1.532914e+00 1.246709e+01
      vertex   1.980623e-01 1.386395e+00 1.261360e+01
    endloop
  endfacet
  facet normal -9.228655e-01 -2.371801e-01 3.034220e-01
    outer loop
      vertex   1.179972e-01 1.666018e+00 1.258866e+01
      vertex   1.980623e-01 1.386395e+00 1.261360e+01
      vertex   2.042494e-01 1.529273e+00 1.274411e+01
    endloop
  endfacet
  facet normal -8.741355e-01 -3.063696e-01 3.768618e-01
    outer loop
      vertex   2.042494e-01 1.529273e+00 1.274411e+01
      vertex   1.980623e-01 1.386395e+00 1.261360e+01
      vertex   3.065516e-01 1.247593e+00 1.275241e+01
    endloop
  endfacet
  facet normal -8.741355e-01 -3.063696e-01 3.768618e-01
    outer loop
      vertex   2.042494e-01 1.529273e+00 1.274411e+01
      vertex   3.065516e-01 1.247593e+00 1.275241e+01
      vertex   3.130841e-01 1.398447e+00 1.289020e+01
    endloop
  endfacet
  facet normal -8.144479e-01 -3.716957e-01 4.455523e-01
    outer loop
      vertex   3.130841e-01 1.398447e+00 1.289020e+01
      vertex   3.065516e-01 1.247593e+00 1.275241e+01
      vertex   4.363370e-01 1.118252e+00 1.288175e+01
    endloop
  endfacet
  facet normal -8.144479e-01 -3.716957e-01 4.455523e-01
    outer loop
      vertex   3.130841e-01 1.398447e+00 1.289020e+01
      vertex   4.363370e-01 1.118252e+00 1.288175e+01
      vertex   4.431328e-01 1.275186e+00 1.302509e+01
    endloop
  endfacet
  facet normal -7.445563e-01 -4.323451e-01 5.086389e-01
    outer loop
      vertex   4.431328e-01 1.275186e+00 1.302509e+01
      vertex   4.363370e-01 1.118252e+00 1.288175e+01
      vertex   5.857864e-01 9.999995e-01 1.300000e+01
    endloop
  endfacet
  facet normal -7.445563e-01 -4.323451e-01 5.086389e-01
    outer loop
      vertex   4.431328e-01 1.275186e+00 1.302509e+01
      vertex   5.857864e-01 9.999995e-01 1.300000e+01
      vertex   5.927601e-01 1.161040e+00 1.314709e+01
    endloop
  endfacet
  facet normal -3.821253e-01 -6.141537e-01 6.905038e-01
    outer loop
      vertex   1.346244e+00 8.222273e-01 1.347833e+01
      vertex   1.139210e+00 8.869659e-01 1.342134e+01
      vertex   1.339442e+00 6.651469e-01 1.333485e+01
    endloop
  endfacet
  facet normal -3.821253e-01 -6.141537e-01 6.905038e-01
    outer loop
      vertex   1.339442e+00 6.651469e-01 1.333485e+01
      vertex   1.139210e+00 8.869659e-01 1.342134e+01
      vertex   1.132233e+00 7.258371e-01 1.327416e+01
    endloop
  endfacet
  facet normal -3.821253e-01 -6.905038e-01 6.141537e-01
    outer loop
      vertex   1.339442e+00 6.651469e-01 1.333485e+01
      vertex   1.132233e+00 7.258371e-01 1.327416e+01
      vertex   1.346244e+00 5.216708e-01 1.317777e+01
    endloop
  endfacet
  facet normal -3.821253e-01 -6.905038e-01 6.141537e-01
    outer loop
      vertex   1.346244e+00 5.216708e-01 1.317777e+01
      vertex   1.132233e+00 7.258371e-01 1.327416e+01
      vertex   1.139210e+00 5.786633e-01 1.311303e+01
    endloop
  endfacet
  facet normal -3.752347e-01 -7.594954e-01 5.313809e-01
    outer loop
      vertex   1.346244e+00 5.216708e-01 1.317777e+01
      vertex   1.139210e+00 5.786633e-01 1.311303e+01
      vertex   1.366567e+00 3.935573e-01 1.300901e+01
    endloop
  endfacet
  facet normal -3.752347e-01 -7.594954e-01 5.313809e-01
    outer loop
      vertex   1.366567e+00 3.935573e-01 1.300901e+01
      vertex   1.139210e+00 5.786633e-01 1.311303e+01
      vertex   1.160057e+00 4.472480e-01 1.293992e+01
    endloop
  endfacet
  facet normal -3.615380e-01 -8.202831e-01 4.431997e-01
    outer loop
      vertex   1.366567e+00 3.935573e-01 1.300901e+01
      vertex   1.160057e+00 4.472480e-01 1.293992e+01
      vertex   1.400162e+00 2.823765e-01 1.283064e+01
    endloop
  endfacet
  facet normal -3.615380e-01 -8.202831e-01 4.431997e-01
    outer loop
      vertex   1.400162e+00 2.823765e-01 1.283064e+01
      vertex   1.160057e+00 4.472480e-01 1.293992e+01
      vertex   1.194518e+00 3.332018e-01 1.275696e+01
    endloop
  endfacet
  facet normal -3.412029e-01 -8.721218e-01 3.506908e-01
    outer loop
      vertex   1.400162e+00 2.823765e-01 1.283064e+01
      vertex   1.194518e+00 3.332018e-01 1.275696e+01
      vertex   1.446617e+00 1.894909e-01 1.264485e+01
    endloop
  endfacet
  facet normal -3.412029e-01 -8.721218e-01 3.506908e-01
    outer loop
      vertex   1.446617e+00 1.894909e-01 1.264485e+01
      vertex   1.194518e+00 3.332018e-01 1.275696e+01
      vertex   1.242170e+00 2.379224e-01 1.256637e+01
    endloop
  endfacet
  facet normal -3.144461e-01 -9.144186e-01 2.548768e-01
    outer loop
      vertex   1.446617e+00 1.894909e-01 1.264485e+01
      vertex   1.242170e+00 2.379224e-01 1.256637e+01
      vertex   1.505511e+00 1.158941e-01 1.245346e+01
    endloop
  endfacet
  facet normal -2.764569e-01 -7.155119e-01 6.415718e-01
    outer loop
      vertex   1.554958e+00 6.212432e-01 1.337876e+01
      vertex   1.339442e+00 6.651469e-01 1.333485e+01
      vertex   1.561499e+00 4.832692e-01 1.322770e+01
    endloop
  endfacet
  facet normal -2.764569e-01 -7.155119e-01 6.415718e-01
    outer loop
      vertex   1.561499e+00 4.832692e-01 1.322770e+01
      vertex   1.339442e+00 6.651469e-01 1.333485e+01
      vertex   1.346244e+00 5.216708e-01 1.317777e+01
    endloop
  endfacet
  facet normal -2.697838e-01 -7.823258e-01 5.614116e-01
    outer loop
      vertex   1.561499e+00 4.832692e-01 1.322770e+01
      vertex   1.346244e+00 5.216708e-01 1.317777e+01
      vertex   1.581043e+00 3.600686e-01 1.306541e+01
    endloop
  endfacet
  facet normal -2.697838e-01 -7.823258e-01 5.614116e-01
    outer loop
      vertex   1.581043e+00 3.600686e-01 1.306541e+01
      vertex   1.346244e+00 5.216708e-01 1.317777e+01
      vertex   1.366567e+00 3.935573e-01 1.300901e+01
    endloop
  endfacet
  facet normal -2.565194e-01 -8.411948e-01 4.760138e-01
    outer loop
      vertex   1.581043e+00 3.600686e-01 1.306541e+01
      vertex   1.366567e+00 3.935573e-01 1.300901e+01
      vertex   1.613350e+00 2.531513e-01 1.289388e+01
    endloop
  endfacet
  facet normal -2.565194e-01 -8.411948e-01 4.760138e-01
    outer loop
      vertex   1.613350e+00 2.531513e-01 1.289388e+01
      vertex   1.366567e+00 3.935573e-01 1.300901e+01
      vertex   1.400162e+00 2.823765e-01 1.283064e+01
    endloop
  endfacet
  facet normal -2.368262e-01 -8.913973e-01 3.864249e-01
    outer loop
      vertex   1.613350e+00 2.531513e-01 1.289388e+01
      vertex   1.400162e+00 2.823765e-01 1.283064e+01
      vertex   1.658024e+00 1.638277e-01 1.271521e+01
    endloop
  endfacet
  facet normal -2.368262e-01 -8.913973e-01 3.864249e-01
    outer loop
      vertex   1.658024e+00 1.638277e-01 1.271521e+01
      vertex   1.400162e+00 2.823765e-01 1.283064e+01
      vertex   1.446617e+00 1.894909e-01 1.264485e+01
    endloop
  endfacet
  facet normal -2.109279e-01 -9.323416e-01 2.936812e-01
    outer loop
      vertex   1.658024e+00 1.638277e-01 1.271521e+01
      vertex   1.446617e+00 1.894909e-01 1.264485e+01
      vertex   1.714598e+00 9.311282e-02 1.253135e+01
    endloop
  endfacet
  facet normal -2.109585e-01 -9.323540e-01 2.936196e-01
    outer loop
      vertex   1.714598e+00 9.311282e-02 1.253135e+01
      vertex   1.446617e+00 1.894909e-01 1.264485e+01
      vertex   1.505511e+00 1.158941e-01 1.245346e+01
    endloop
  endfacet
  facet normal -1.791261e-01 -9.634777e-01 1.990594e-01
    outer loop
      vertex   1.714598e+00 9.311282e-02 1.253135e+01
      vertex   1.505511e+00 1.158941e-01 1.245346e+01
      vertex   1.782137e+00 4.211109e-02 1.234527e+01
    endloop
  endfacet
  facet normal -2.764569e-01 -6.415718e-01 7.155119e-01
    outer loop
      vertex   1.339442e+00 6.651469e-01 1.333485e+01
      vertex   1.554958e+00 6.212432e-01 1.337876e+01
      vertex   1.346244e+00 8.222273e-01 1.347833e+01
    endloop
  endfacet
  facet normal -7.445563e-01 -5.086389e-01 4.323451e-01
    outer loop
      vertex   5.857864e-01 9.999995e-01 1.300000e+01
      vertex   4.363370e-01 1.118252e+00 1.288175e+01
      vertex   5.927601e-01 8.529066e-01 1.283896e+01
    endloop
  endfacet
  facet normal -7.445563e-01 -5.086389e-01 4.323451e-01
    outer loop
      vertex   5.927601e-01 8.529066e-01 1.283896e+01
      vertex   4.363370e-01 1.118252e+00 1.288175e+01
      vertex   4.431328e-01 9.749094e-01 1.272481e+01
    endloop
  endfacet
  facet normal -7.376708e-01 -5.775797e-01 3.496333e-01
    outer loop
      vertex   5.927601e-01 8.529066e-01 1.283896e+01
      vertex   4.431328e-01 9.749094e-01 1.272481e+01
      vertex   6.135955e-01 7.215636e-01 1.266595e+01
    endloop
  endfacet
  facet normal -7.376708e-01 -5.775797e-01 3.496333e-01
    outer loop
      vertex   6.135955e-01 7.215636e-01 1.266595e+01
      vertex   4.431328e-01 9.749094e-01 1.272481e+01
      vertex   4.634370e-01 8.469154e-01 1.255621e+01
    endloop
  endfacet
  facet normal -7.239841e-01 -6.383226e-01 2.615170e-01
    outer loop
      vertex   6.135955e-01 7.215636e-01 1.266595e+01
      vertex   4.634370e-01 8.469154e-01 1.255621e+01
      vertex   6.480373e-01 6.075802e-01 1.248308e+01
    endloop
  endfacet
  facet normal -7.239841e-01 -6.383226e-01 2.615170e-01
    outer loop
      vertex   6.480373e-01 6.075802e-01 1.248308e+01
      vertex   4.634370e-01 8.469154e-01 1.255621e+01
      vertex   4.970007e-01 7.358383e-01 1.237801e+01
    endloop
  endfacet
  facet normal -7.036641e-01 -6.901232e-01 1.690763e-01
    outer loop
      vertex   6.480373e-01 6.075802e-01 1.248308e+01
      vertex   4.970007e-01 7.358383e-01 1.237801e+01
      vertex   6.956635e-01 5.123531e-01 1.229260e+01
    endloop
  endfacet
  facet normal -7.036641e-01 -6.901232e-01 1.690763e-01
    outer loop
      vertex   6.956635e-01 5.123531e-01 1.229260e+01
      vertex   4.970007e-01 7.358383e-01 1.237801e+01
      vertex   5.434125e-01 6.430393e-01 1.219238e+01
    endloop
  endfacet
  facet normal -6.768645e-01 -7.324645e-01 7.314577e-02
    outer loop
      vertex   6.956635e-01 5.123531e-01 1.229260e+01
      vertex   5.434125e-01 6.430393e-01 1.219238e+01
      vertex   7.563014e-01 4.366471e-01 1.209562e+01
    endloop
  endfacet
  facet normal -8.144479e-01 -4.455523e-01 3.716957e-01
    outer loop
      vertex   4.363370e-01 1.118252e+00 1.288175e+01
      vertex   3.065516e-01 1.247593e+00 1.275241e+01
      vertex   4.431328e-01 9.749094e-01 1.272481e+01
    endloop
  endfacet
  facet normal -8.144479e-01 -4.455523e-01 3.716957e-01
    outer loop
      vertex   4.431328e-01 9.749094e-01 1.272481e+01
      vertex   3.065516e-01 1.247593e+00 1.275241e+01
      vertex   3.130841e-01 1.109803e+00 1.260155e+01
    endloop
  endfacet
  facet normal -8.077824e-01 -5.122908e-01 2.916261e-01
    outer loop
      vertex   4.431328e-01 9.749094e-01 1.272481e+01
      vertex   3.130841e-01 1.109803e+00 1.260155e+01
      vertex   4.634370e-01 8.469154e-01 1.255621e+01
    endloop
  endfacet
  facet normal -8.077824e-01 -5.122908e-01 2.916261e-01
    outer loop
      vertex   4.634370e-01 8.469154e-01 1.255621e+01
      vertex   3.130841e-01 1.109803e+00 1.260155e+01
      vertex   3.326017e-01 9.867679e-01 1.243948e+01
    endloop
  endfacet
  facet normal -7.945329e-01 -5.710933e-01 2.063247e-01
    outer loop
      vertex   4.634370e-01 8.469154e-01 1.255621e+01
      vertex   3.326017e-01 9.867679e-01 1.243948e+01
      vertex   4.970007e-01 7.358383e-01 1.237801e+01
    endloop
  endfacet
  facet normal -7.945329e-01 -5.710933e-01 2.063247e-01
    outer loop
      vertex   4.970007e-01 7.358383e-01 1.237801e+01
      vertex   3.326017e-01 9.867679e-01 1.243948e+01
      vertex   3.648651e-01 8.799940e-01 1.226818e+01
    endloop
  endfacet
  facet normal -7.748620e-01 -6.212391e-01 1.168370e-01
    outer loop
      vertex   4.970007e-01 7.358383e-01 1.237801e+01
      vertex   3.648651e-01 8.799940e-01 1.226818e+01
      vertex   5.434125e-01 6.430393e-01 1.219238e+01
    endloop
  endfacet
  facet normal -7.748620e-01 -6.212391e-01 1.168370e-01
    outer loop
      vertex   5.434125e-01 6.430393e-01 1.219238e+01
      vertex   3.648651e-01 8.799940e-01 1.226818e+01
      vertex   4.094789e-01 7.907901e-01 1.208975e+01
    endloop
  endfacet
  facet normal -8.741355e-01 -3.768618e-01 3.063696e-01
    outer loop
      vertex   3.065516e-01 1.247593e+00 1.275241e+01
      vertex   1.980623e-01 1.386395e+00 1.261360e+01
      vertex   3.130841e-01 1.109803e+00 1.260155e+01
    endloop
  endfacet
  facet normal -8.741355e-01 -3.768618e-01 3.063696e-01
    outer loop
      vertex   3.130841e-01 1.109803e+00 1.260155e+01
      vertex   1.980623e-01 1.386395e+00 1.261360e+01
      vertex   2.042494e-01 1.255892e+00 1.247073e+01
    endloop
  endfacet
  facet normal -8.677735e-01 -4.405602e-01 2.299474e-01
    outer loop
      vertex   3.130841e-01 1.109803e+00 1.260155e+01
      vertex   2.042494e-01 1.255892e+00 1.247073e+01
      vertex   3.326017e-01 9.867679e-01 1.243948e+01
    endloop
  endfacet
  facet normal -8.677735e-01 -4.405602e-01 2.299474e-01
    outer loop
      vertex   3.326017e-01 9.867679e-01 1.243948e+01
      vertex   2.042494e-01 1.255892e+00 1.247073e+01
      vertex   2.227349e-01 1.139362e+00 1.231723e+01
    endloop
  endfacet
  facet normal -8.551276e-01 -4.966840e-01 1.485318e-01
    outer loop
      vertex   3.326017e-01 9.867679e-01 1.243948e+01
      vertex   2.227349e-01 1.139362e+00 1.231723e+01
      vertex   3.648651e-01 8.799940e-01 1.226818e+01
    endloop
  endfacet
  facet normal -9.228655e-01 -3.034220e-01 2.371801e-01
    outer loop
      vertex   1.980623e-01 1.386395e+00 1.261360e+01
      vertex   1.122333e-01 1.532914e+00 1.246709e+01
      vertex   2.042494e-01 1.255892e+00 1.247073e+01
    endloop
  endfacet
  facet normal -9.228655e-01 -3.034220e-01 2.371801e-01
    outer loop
      vertex   2.042494e-01 1.255892e+00 1.247073e+01
      vertex   1.122333e-01 1.532914e+00 1.246709e+01
      vertex   1.179972e-01 1.411338e+00 1.233398e+01
    endloop
  endfacet
  facet normal -9.168871e-01 -3.632798e-01 1.653656e-01
    outer loop
      vertex   2.042494e-01 1.255892e+00 1.247073e+01
      vertex   1.179972e-01 1.411338e+00 1.233398e+01
      vertex   2.227349e-01 1.139362e+00 1.231723e+01
    endloop
  endfacet
  facet normal -9.600184e-01 -2.261483e-01 1.649900e-01
    outer loop
      vertex   1.122333e-01 1.532914e+00 1.246709e+01
      vertex   5.014418e-02 1.685307e+00 1.231469e+01
      vertex   1.179972e-01 1.411338e+00 1.233398e+01
    endloop
  endfacet
  facet normal -9.851169e-01 -1.460064e-01 9.070201e-02
    outer loop
      vertex   1.728178e-02 1.742391e+00 1.204966e+01
      vertex   5.541234e-02 1.574187e+00 1.219304e+01
      vertex   1.257558e-02 1.841658e+00 1.215834e+01
    endloop
  endfacet
  facet normal -1.609255e-01 -7.953453e-01 5.844047e-01
    outer loop
      vertex   1.800788e+00 3.472029e-01 1.310841e+01
      vertex   1.782269e+00 4.639413e-01 1.326219e+01
      vertex   1.561499e+00 4.832692e-01 1.322770e+01
    endloop
  endfacet
  facet normal -1.672974e-01 -7.315478e-01 6.609459e-01
    outer loop
      vertex   1.561499e+00 4.832692e-01 1.322770e+01
      vertex   1.782269e+00 4.639413e-01 1.326219e+01
      vertex   1.554958e+00 6.212432e-01 1.337876e+01
    endloop
  endfacet
  facet normal -1.609255e-01 -7.953453e-01 5.844047e-01
    outer loop
      vertex   1.800788e+00 3.472029e-01 1.310841e+01
      vertex   1.561499e+00 4.832692e-01 1.322770e+01
      vertex   1.581043e+00 3.600686e-01 1.306541e+01
    endloop
  endfacet
  facet normal -9.050037e-01 -4.160197e-01 8.885886e-02
    outer loop
      vertex   1.636853e-01 1.208570e+00 1.203984e+01
      vertex   2.532923e-01 1.038234e+00 1.215498e+01
      vertex   1.352182e-01 1.302780e+00 1.219098e+01
    endloop
  endfacet
  facet normal -1.482600e-01 -8.515565e-01 5.028624e-01
    outer loop
      vertex   1.831400e+00 2.458938e-01 1.294588e+01
      vertex   1.800788e+00 3.472029e-01 1.310841e+01
      vertex   1.581043e+00 3.600686e-01 1.306541e+01
    endloop
  endfacet
  facet normal -1.482600e-01 -8.515565e-01 5.028624e-01
    outer loop
      vertex   1.831400e+00 2.458938e-01 1.294588e+01
      vertex   1.581043e+00 3.600686e-01 1.306541e+01
      vertex   1.613350e+00 2.531513e-01 1.289388e+01
    endloop
  endfacet
  facet normal -1.294559e-01 -8.994925e-01 4.173182e-01
    outer loop
      vertex   1.873730e+00 1.612554e-01 1.277658e+01
      vertex   1.831400e+00 2.458938e-01 1.294588e+01
      vertex   1.613350e+00 2.531513e-01 1.289388e+01
    endloop
  endfacet
  facet normal -1.294559e-01 -8.994925e-01 4.173182e-01
    outer loop
      vertex   1.873730e+00 1.612554e-01 1.277658e+01
      vertex   1.613350e+00 2.531513e-01 1.289388e+01
      vertex   1.658024e+00 1.638277e-01 1.271521e+01
    endloop
  endfacet
  facet normal -4.140356e-01 -8.850345e-01 2.128109e-01
    outer loop
      vertex   1.302646e+00 1.623652e-01 1.236986e+01
      vertex   1.047253e+00 3.085129e-01 1.248078e+01
      vertex   1.108554e+00 2.319433e-01 1.228160e+01
    endloop
  endfacet
  facet normal -1.047395e-01 -9.385715e-01 3.288056e-01
    outer loop
      vertex   1.927280e+00 9.430622e-02 1.260253e+01
      vertex   1.873730e+00 1.612554e-01 1.277658e+01
      vertex   1.658024e+00 1.638277e-01 1.271521e+01
    endloop
  endfacet
  facet normal -1.047676e-01 -9.385882e-01 3.287490e-01
    outer loop
      vertex   1.927280e+00 9.430622e-02 1.260253e+01
      vertex   1.658024e+00 1.638277e-01 1.271521e+01
      vertex   1.714598e+00 9.311282e-02 1.253135e+01
    endloop
  endfacet
  facet normal -3.805656e-01 -9.177936e-01 1.132467e-01
    outer loop
      vertex   1.181304e+00 1.770512e-01 1.208121e+01
      vertex   1.374559e+00 1.080900e-01 1.217176e+01
      vertex   1.108554e+00 2.319433e-01 1.228160e+01
    endloop
  endfacet
  facet normal -3.805380e-01 -9.177964e-01 1.133166e-01
    outer loop
      vertex   1.108554e+00 2.319433e-01 1.228160e+01
      vertex   1.374559e+00 1.080900e-01 1.217176e+01
      vertex   1.302646e+00 1.623652e-01 1.236986e+01
    endloop
  endfacet
  facet normal -2.816329e-01 -9.465733e-01 1.571045e-01
    outer loop
      vertex   1.374559e+00 1.080900e-01 1.217176e+01
      vertex   1.575680e+00 6.292059e-02 1.226015e+01
      vertex   1.302646e+00 1.623652e-01 1.236986e+01
    endloop
  endfacet
  facet normal -7.437860e-02 -9.683013e-01 2.384541e-01
    outer loop
      vertex   1.991334e+00 4.592318e-02 1.242604e+01
      vertex   1.927280e+00 9.430622e-02 1.260253e+01
      vertex   1.714598e+00 9.311282e-02 1.253135e+01
    endloop
  endfacet
  facet normal -7.440327e-02 -9.683140e-01 2.383949e-01
    outer loop
      vertex   1.991334e+00 4.592318e-02 1.242604e+01
      vertex   1.714598e+00 9.311282e-02 1.253135e+01
      vertex   1.782137e+00 4.211109e-02 1.234527e+01
    endloop
  endfacet
  facet normal 5.606285e-02 -1.646064e-02 9.982915e-01
    outer loop
      vertex   3.072393e+01 2.000000e+00 1.398742e+01
      vertex   3.050000e+01 2.000000e+00 1.400000e+01
      vertex   3.065853e+01 1.860056e+00 1.398879e+01
    endloop
  endfacet
  facet normal 2.110108e-02 -5.605796e-02 9.982045e-01
    outer loop
      vertex   3.065853e+01 1.860056e+00 1.398879e+01
      vertex   3.050000e+01 2.000000e+00 1.400000e+01
      vertex   3.050000e+01 1.776071e+00 1.398742e+01
    endloop
  endfacet
  facet normal 5.536849e-02 -1.206252e-01 9.911528e-01
    outer loop
      vertex   3.065853e+01 1.860056e+00 1.398879e+01
      vertex   3.050000e+01 1.776071e+00 1.398742e+01
      vertex   3.056596e+01 1.656706e+00 1.396921e+01
    endloop
  endfacet
  facet normal -3.090844e-02 -1.674262e-01 9.854000e-01
    outer loop
      vertex   3.056596e+01 1.656706e+00 1.396921e+01
      vertex   3.050000e+01 1.776071e+00 1.398742e+01
      vertex   3.050000e+01 1.554958e+00 1.394986e+01
    endloop
  endfacet
  facet normal 6.583849e-02 -2.275124e-01 9.715469e-01
    outer loop
      vertex   3.056596e+01 1.656706e+00 1.396921e+01
      vertex   3.050000e+01 1.554958e+00 1.394986e+01
      vertex   3.076015e+01 1.575680e+00 1.393708e+01
    endloop
  endfacet
  facet normal 6.712719e-02 -2.466287e-01 9.667824e-01
    outer loop
      vertex   3.076015e+01 1.575680e+00 1.393708e+01
      vertex   3.050000e+01 1.554958e+00 1.394986e+01
      vertex   3.067176e+01 1.374559e+00 1.389191e+01
    endloop
  endfacet
  facet normal 1.571045e-01 -2.816329e-01 9.465733e-01
    outer loop
      vertex   3.076015e+01 1.575680e+00 1.393708e+01
      vertex   3.067176e+01 1.374559e+00 1.389191e+01
      vertex   3.086986e+01 1.302646e+00 1.383763e+01
    endloop
  endfacet
  facet normal 1.133166e-01 -3.805380e-01 9.177964e-01
    outer loop
      vertex   3.086986e+01 1.302646e+00 1.383763e+01
      vertex   3.067176e+01 1.374559e+00 1.389191e+01
      vertex   3.078160e+01 1.108554e+00 1.376806e+01
    endloop
  endfacet
  facet normal 2.128109e-01 -4.140356e-01 8.850345e-01
    outer loop
      vertex   3.086986e+01 1.302646e+00 1.383763e+01
      vertex   3.078160e+01 1.108554e+00 1.376806e+01
      vertex   3.098078e+01 1.047253e+00 1.369149e+01
    endloop
  endfacet
  facet normal 1.682158e-01 -5.083639e-01 8.445529e-01
    outer loop
      vertex   3.098078e+01 1.047253e+00 1.369149e+01
      vertex   3.078160e+01 1.108554e+00 1.376806e+01
      vertex   3.088913e+01 8.643169e-01 1.359962e+01
    endloop
  endfacet
  facet normal 2.665468e-01 -5.358280e-01 8.011499e-01
    outer loop
      vertex   3.098078e+01 1.047253e+00 1.369149e+01
      vertex   3.088913e+01 8.643169e-01 1.359962e+01
      vertex   3.117375e+01 9.990021e-01 1.359501e+01
    endloop
  endfacet
  facet normal 2.665468e-01 -5.358280e-01 8.011499e-01
    outer loop
      vertex   3.117375e+01 9.990021e-01 1.359501e+01
      vertex   3.088913e+01 8.643169e-01 1.359962e+01
      vertex   3.108208e+01 8.160752e-01 1.350317e+01
    endloop
  endfacet
  facet normal 3.613926e-01 -5.566767e-01 7.480016e-01
    outer loop
      vertex   3.117375e+01 9.990021e-01 1.359501e+01
      vertex   3.108208e+01 8.160752e-01 1.350317e+01
      vertex   3.135902e+01 9.641089e-01 1.347953e+01
    endloop
  endfacet
  facet normal 3.613926e-01 -5.566767e-01 7.480016e-01
    outer loop
      vertex   3.135902e+01 9.641089e-01 1.347953e+01
      vertex   3.108208e+01 8.160752e-01 1.350317e+01
      vertex   3.126731e+01 7.811883e-01 1.338771e+01
    endloop
  endfacet
  facet normal 4.518014e-01 -5.707195e-01 6.856783e-01
    outer loop
      vertex   3.135902e+01 9.641089e-01 1.347953e+01
      vertex   3.126731e+01 7.811883e-01 1.338771e+01
      vertex   3.153430e+01 9.430004e-01 1.334647e+01
    endloop
  endfacet
  facet normal 4.518014e-01 -5.707195e-01 6.856783e-01
    outer loop
      vertex   3.153430e+01 9.430004e-01 1.334647e+01
      vertex   3.126731e+01 7.811883e-01 1.338771e+01
      vertex   3.144256e+01 7.600837e-01 1.325467e+01
    endloop
  endfacet
  facet normal 5.366651e-01 -5.777842e-01 6.149439e-01
    outer loop
      vertex   3.153430e+01 9.430004e-01 1.334647e+01
      vertex   3.144256e+01 7.600837e-01 1.325467e+01
      vertex   3.169745e+01 9.359354e-01 1.319745e+01
    endloop
  endfacet
  facet normal 5.366651e-01 -5.777842e-01 6.149439e-01
    outer loop
      vertex   3.169745e+01 9.359354e-01 1.319745e+01
      vertex   3.144256e+01 7.600837e-01 1.325467e+01
      vertex   3.160568e+01 7.530199e-01 1.310568e+01
    endloop
  endfacet
  facet normal 6.149439e-01 -5.777842e-01 5.366651e-01
    outer loop
      vertex   3.169745e+01 9.359354e-01 1.319745e+01
      vertex   3.160568e+01 7.530199e-01 1.310568e+01
      vertex   3.184647e+01 9.430004e-01 1.303430e+01
    endloop
  endfacet
  facet normal 6.149439e-01 -5.777842e-01 5.366651e-01
    outer loop
      vertex   3.184647e+01 9.430004e-01 1.303430e+01
      vertex   3.160568e+01 7.530199e-01 1.310568e+01
      vertex   3.175467e+01 7.600837e-01 1.294256e+01
    endloop
  endfacet
  facet normal 6.856783e-01 -5.707195e-01 4.518014e-01
    outer loop
      vertex   3.184647e+01 9.430004e-01 1.303430e+01
      vertex   3.175467e+01 7.600837e-01 1.294256e+01
      vertex   3.197953e+01 9.641089e-01 1.285902e+01
    endloop
  endfacet
  facet normal 6.856783e-01 -5.707195e-01 4.518014e-01
    outer loop
      vertex   3.197953e+01 9.641089e-01 1.285902e+01
      vertex   3.175467e+01 7.600837e-01 1.294256e+01
      vertex   3.188771e+01 7.811883e-01 1.276731e+01
    endloop
  endfacet
  facet normal 7.480016e-01 -5.566767e-01 3.613926e-01
    outer loop
      vertex   3.197953e+01 9.641089e-01 1.285902e+01
      vertex   3.188771e+01 7.811883e-01 1.276731e+01
      vertex   3.209501e+01 9.990021e-01 1.267375e+01
    endloop
  endfacet
  facet normal 7.480016e-01 -5.566767e-01 3.613926e-01
    outer loop
      vertex   3.209501e+01 9.990021e-01 1.267375e+01
      vertex   3.188771e+01 7.811883e-01 1.276731e+01
      vertex   3.200317e+01 8.160752e-01 1.258208e+01
    endloop
  endfacet
  facet normal 8.011499e-01 -5.358280e-01 2.665468e-01
    outer loop
      vertex   3.209501e+01 9.990021e-01 1.267375e+01
      vertex   3.200317e+01 8.160752e-01 1.258208e+01
      vertex   3.219149e+01 1.047253e+00 1.248078e+01
    endloop
  endfacet
  facet normal 8.011499e-01 -5.358280e-01 2.665468e-01
    outer loop
      vertex   3.219149e+01 1.047253e+00 1.248078e+01
      vertex   3.200317e+01 8.160752e-01 1.258208e+01
      vertex   3.209962e+01 8.643169e-01 1.238913e+01
    endloop
  endfacet
  facet normal 8.445529e-01 -5.083639e-01 1.682158e-01
    outer loop
      vertex   3.219149e+01 1.047253e+00 1.248078e+01
      vertex   3.209962e+01 8.643169e-01 1.238913e+01
      vertex   3.226806e+01 1.108554e+00 1.228160e+01
    endloop
  endfacet
  facet normal 8.445496e-01 -5.083927e-01 1.681453e-01
    outer loop
      vertex   3.226806e+01 1.108554e+00 1.228160e+01
      vertex   3.209962e+01 8.643169e-01 1.238913e+01
      vertex   3.217624e+01 9.256725e-01 1.218980e+01
    endloop
  endfacet
  facet normal 8.775169e-01 -4.746940e-01 6.804176e-02
    outer loop
      vertex   3.226806e+01 1.108554e+00 1.228160e+01
      vertex   3.217624e+01 9.256725e-01 1.218980e+01
      vertex   3.232295e+01 1.181303e+00 1.208121e+01
    endloop
  endfacet
  facet normal 8.767268e-01 -4.770499e-01 6.142824e-02
    outer loop
      vertex   3.232295e+01 1.181303e+00 1.208121e+01
      vertex   3.217624e+01 9.256725e-01 1.218980e+01
      vertex   3.230194e+01 1.132232e+00 1.200000e+01
    endloop
  endfacet
  facet normal 9.238515e-01 -3.826718e-01 -7.788358e-03
    outer loop
      vertex   3.232295e+01 1.181303e+00 1.208121e+01
      vertex   3.230194e+01 1.132232e+00 1.200000e+01
      vertex   3.238777e+01 1.339441e+00 1.200000e+01
    endloop
  endfacet
  facet normal 3.340415e-02 -2.766810e-01 9.603811e-01
    outer loop
      vertex   3.050000e+01 1.554958e+00 1.394986e+01
      vertex   3.050000e+01 1.339441e+00 1.388777e+01
      vertex   3.067176e+01 1.374559e+00 1.389191e+01
    endloop
  endfacet
  facet normal 5.038870e-02 -3.565153e-01 9.329297e-01
    outer loop
      vertex   3.067176e+01 1.374559e+00 1.389191e+01
      vertex   3.050000e+01 1.339441e+00 1.388777e+01
      vertex   3.058121e+01 1.181303e+00 1.382295e+01
    endloop
  endfacet
  facet normal 1.132467e-01 -3.805656e-01 9.177936e-01
    outer loop
      vertex   3.067176e+01 1.374559e+00 1.389191e+01
      vertex   3.058121e+01 1.181303e+00 1.382295e+01
      vertex   3.078160e+01 1.108554e+00 1.376806e+01
    endloop
  endfacet
  facet normal 6.804176e-02 -4.746940e-01 8.775169e-01
    outer loop
      vertex   3.078160e+01 1.108554e+00 1.376806e+01
      vertex   3.058121e+01 1.181303e+00 1.382295e+01
      vertex   3.068980e+01 9.256725e-01 1.367624e+01
    endloop
  endfacet
  facet normal 1.681453e-01 -5.083927e-01 8.445496e-01
    outer loop
      vertex   3.078160e+01 1.108554e+00 1.376806e+01
      vertex   3.068980e+01 9.256725e-01 1.367624e+01
      vertex   3.088913e+01 8.643169e-01 1.359962e+01
    endloop
  endfacet
  facet normal 1.214432e-01 -5.963495e-01 7.934853e-01
    outer loop
      vertex   3.088913e+01 8.643169e-01 1.359962e+01
      vertex   3.068980e+01 9.256725e-01 1.367624e+01
      vertex   3.079260e+01 6.956630e-01 1.348765e+01
    endloop
  endfacet
  facet normal 2.191876e-01 -6.236526e-01 7.503427e-01
    outer loop
      vertex   3.088913e+01 8.643169e-01 1.359962e+01
      vertex   3.079260e+01 6.956630e-01 1.348765e+01
      vertex   3.108208e+01 8.160752e-01 1.350317e+01
    endloop
  endfacet
  facet normal 2.191876e-01 -6.236526e-01 7.503427e-01
    outer loop
      vertex   3.108208e+01 8.160752e-01 1.350317e+01
      vertex   3.079260e+01 6.956630e-01 1.348765e+01
      vertex   3.098308e+01 6.480368e-01 1.339242e+01
    endloop
  endfacet
  facet normal 3.134217e-01 -6.443669e-01 6.975372e-01
    outer loop
      vertex   3.108208e+01 8.160752e-01 1.350317e+01
      vertex   3.098308e+01 6.480368e-01 1.339242e+01
      vertex   3.126731e+01 7.811883e-01 1.338771e+01
    endloop
  endfacet
  facet normal 3.134217e-01 -6.443669e-01 6.975372e-01
    outer loop
      vertex   3.126731e+01 7.811883e-01 1.338771e+01
      vertex   3.098308e+01 6.480368e-01 1.339242e+01
      vertex   3.116595e+01 6.135950e-01 1.327844e+01
    endloop
  endfacet
  facet normal 4.032473e-01 -6.583191e-01 6.356159e-01
    outer loop
      vertex   3.126731e+01 7.811883e-01 1.338771e+01
      vertex   3.116595e+01 6.135950e-01 1.327844e+01
      vertex   3.144256e+01 7.600837e-01 1.325467e+01
    endloop
  endfacet
  facet normal 4.032473e-01 -6.583191e-01 6.356159e-01
    outer loop
      vertex   3.144256e+01 7.600837e-01 1.325467e+01
      vertex   3.116595e+01 6.135950e-01 1.327844e+01
      vertex   3.133896e+01 5.927596e-01 1.314709e+01
    endloop
  endfacet
  facet normal 4.875638e-01 -6.653382e-01 5.653377e-01
    outer loop
      vertex   3.144256e+01 7.600837e-01 1.325467e+01
      vertex   3.133896e+01 5.927596e-01 1.314709e+01
      vertex   3.160568e+01 7.530199e-01 1.310568e+01
    endloop
  endfacet
  facet normal 4.875638e-01 -6.653382e-01 5.653377e-01
    outer loop
      vertex   3.160568e+01 7.530199e-01 1.310568e+01
      vertex   3.133896e+01 5.927596e-01 1.314709e+01
      vertex   3.150000e+01 5.857860e-01 1.300000e+01
    endloop
  endfacet
  facet normal 5.653377e-01 -6.653382e-01 4.875638e-01
    outer loop
      vertex   3.160568e+01 7.530199e-01 1.310568e+01
      vertex   3.150000e+01 5.857860e-01 1.300000e+01
      vertex   3.175467e+01 7.600837e-01 1.294256e+01
    endloop
  endfacet
  facet normal 5.653377e-01 -6.653382e-01 4.875638e-01
    outer loop
      vertex   3.175467e+01 7.600837e-01 1.294256e+01
      vertex   3.150000e+01 5.857860e-01 1.300000e+01
      vertex   3.164709e+01 5.927596e-01 1.283896e+01
    endloop
  endfacet
  facet normal 6.356159e-01 -6.583191e-01 4.032473e-01
    outer loop
      vertex   3.175467e+01 7.600837e-01 1.294256e+01
      vertex   3.164709e+01 5.927596e-01 1.283896e+01
      vertex   3.188771e+01 7.811883e-01 1.276731e+01
    endloop
  endfacet
  facet normal 6.356159e-01 -6.583191e-01 4.032473e-01
    outer loop
      vertex   3.188771e+01 7.811883e-01 1.276731e+01
      vertex   3.164709e+01 5.927596e-01 1.283896e+01
      vertex   3.177844e+01 6.135950e-01 1.266595e+01
    endloop
  endfacet
  facet normal 6.975372e-01 -6.443669e-01 3.134217e-01
    outer loop
      vertex   3.188771e+01 7.811883e-01 1.276731e+01
      vertex   3.177844e+01 6.135950e-01 1.266595e+01
      vertex   3.200317e+01 8.160752e-01 1.258208e+01
    endloop
  endfacet
  facet normal 6.975372e-01 -6.443669e-01 3.134217e-01
    outer loop
      vertex   3.200317e+01 8.160752e-01 1.258208e+01
      vertex   3.177844e+01 6.135950e-01 1.266595e+01
      vertex   3.189242e+01 6.480368e-01 1.248308e+01
    endloop
  endfacet
  facet normal 7.503427e-01 -6.236526e-01 2.191876e-01
    outer loop
      vertex   3.200317e+01 8.160752e-01 1.258208e+01
      vertex   3.189242e+01 6.480368e-01 1.248308e+01
      vertex   3.209962e+01 8.643169e-01 1.238913e+01
    endloop
  endfacet
  facet normal 7.503427e-01 -6.236526e-01 2.191876e-01
    outer loop
      vertex   3.209962e+01 8.643169e-01 1.238913e+01
      vertex   3.189242e+01 6.480368e-01 1.248308e+01
      vertex   3.198765e+01 6.956630e-01 1.229260e+01
    endloop
  endfacet
  facet normal 7.934853e-01 -5.963495e-01 1.214432e-01
    outer loop
      vertex   3.209962e+01 8.643169e-01 1.238913e+01
      vertex   3.198765e+01 6.956630e-01 1.229260e+01
      vertex   3.217624e+01 9.256725e-01 1.218980e+01
    endloop
  endfacet
  facet normal 7.934772e-01 -5.963745e-01 1.213724e-01
    outer loop
      vertex   3.217624e+01 9.256725e-01 1.218980e+01
      vertex   3.198765e+01 6.956630e-01 1.229260e+01
      vertex   3.206335e+01 7.563009e-01 1.209562e+01
    endloop
  endfacet
  facet normal 8.199914e-01 -5.707233e-01 4.346431e-02
    outer loop
      vertex   3.217624e+01 9.256725e-01 1.218980e+01
      vertex   3.206335e+01 7.563009e-01 1.209562e+01
      vertex   3.219345e+01 9.359354e-01 1.200000e+01
    endloop
  endfacet
  facet normal 8.153544e-01 -5.785248e-01 2.249879e-02
    outer loop
      vertex   3.219345e+01 9.359354e-01 1.200000e+01
      vertex   3.206335e+01 7.563009e-01 1.209562e+01
      vertex   3.206366e+01 7.530199e-01 1.200000e+01
    endloop
  endfacet
  facet normal 7.454039e-01 -6.661337e-01 2.527778e-02
    outer loop
      vertex   3.206366e+01 7.530199e-01 1.200000e+01
      vertex   3.206335e+01 7.563009e-01 1.209562e+01
      vertex   3.191421e+01 5.857860e-01 1.200000e+01
    endloop
  endfacet
  facet normal 7.316449e-01 -6.782510e-01 6.834718e-02
    outer loop
      vertex   3.191421e+01 5.857860e-01 1.200000e+01
      vertex   3.206335e+01 7.563009e-01 1.209562e+01
      vertex   3.185696e+01 5.434120e-01 1.219238e+01
    endloop
  endfacet
  facet normal 6.659602e-01 -7.452098e-01 3.405138e-02
    outer loop
      vertex   3.191421e+01 5.857860e-01 1.200000e+01
      vertex   3.185696e+01 5.434120e-01 1.219238e+01
      vertex   3.174698e+01 4.363366e-01 1.200000e+01
    endloop
  endfacet
  facet normal 6.522768e-01 -7.564512e-01 4.813044e-02
    outer loop
      vertex   3.174698e+01 4.363366e-01 1.200000e+01
      vertex   3.185696e+01 5.434120e-01 1.219238e+01
      vertex   3.170921e+01 4.094784e-01 1.208975e+01
    endloop
  endfacet
  facet normal 5.786712e-01 -8.155608e-01 -5.343964e-04
    outer loop
      vertex   3.174698e+01 4.363366e-01 1.200000e+01
      vertex   3.170921e+01 4.094784e-01 1.208975e+01
      vertex   3.156406e+01 3.065511e-01 1.200000e+01
    endloop
  endfacet
  facet normal 5.494966e-01 -8.328475e-01 6.647219e-02
    outer loop
      vertex   3.156406e+01 3.065511e-01 1.200000e+01
      vertex   3.170921e+01 4.094784e-01 1.208975e+01
      vertex   3.162001e+01 3.648646e-01 1.226818e+01
    endloop
  endfacet
  facet normal 5.412730e-01 -8.379859e-01 6.930489e-02
    outer loop
      vertex   3.156406e+01 3.065511e-01 1.200000e+01
      vertex   3.162001e+01 3.648646e-01 1.226818e+01
      vertex   3.146177e+01 2.532918e-01 1.215498e+01
    endloop
  endfacet
  facet normal 4.966840e-01 -8.551276e-01 1.485318e-01
    outer loop
      vertex   3.146177e+01 2.532918e-01 1.215498e+01
      vertex   3.162001e+01 3.648646e-01 1.226818e+01
      vertex   3.136064e+01 2.227344e-01 1.231723e+01
    endloop
  endfacet
  facet normal 4.160197e-01 -9.050037e-01 8.885886e-02
    outer loop
      vertex   3.146177e+01 2.532918e-01 1.215498e+01
      vertex   3.136064e+01 2.227344e-01 1.231723e+01
      vertex   3.119722e+01 1.352178e-01 1.219098e+01
    endloop
  endfacet
  facet normal 3.632798e-01 -9.168871e-01 1.653656e-01
    outer loop
      vertex   3.119722e+01 1.352178e-01 1.219098e+01
      vertex   3.136064e+01 2.227344e-01 1.231723e+01
      vertex   3.108866e+01 1.179967e-01 1.233398e+01
    endloop
  endfacet
  facet normal 2.814124e-01 -9.544988e-01 9.868678e-02
    outer loop
      vertex   3.119722e+01 1.352178e-01 1.219098e+01
      vertex   3.108866e+01 1.179967e-01 1.233398e+01
      vertex   3.092581e+01 5.541187e-02 1.219304e+01
    endloop
  endfacet
  facet normal 2.261483e-01 -9.600184e-01 1.649900e-01
    outer loop
      vertex   3.092581e+01 5.541187e-02 1.219304e+01
      vertex   3.108866e+01 1.179967e-01 1.233398e+01
      vertex   3.081469e+01 5.014370e-02 1.231469e+01
    endloop
  endfacet
  facet normal 1.460064e-01 -9.851169e-01 9.070201e-02
    outer loop
      vertex   3.092581e+01 5.541187e-02 1.219304e+01
      vertex   3.081469e+01 5.014370e-02 1.231469e+01
      vertex   3.065834e+01 1.257510e-02 1.215834e+01
    endloop
  endfacet
  facet normal 9.070201e-02 -9.851169e-01 1.460064e-01
    outer loop
      vertex   3.065834e+01 1.257510e-02 1.215834e+01
      vertex   3.081469e+01 5.014370e-02 1.231469e+01
      vertex   3.054966e+01 1.728131e-02 1.225761e+01
    endloop
  endfacet
  facet normal 3.577553e-02 -9.956206e-01 8.636977e-02
    outer loop
      vertex   3.065834e+01 1.257510e-02 1.215834e+01
      vertex   3.054966e+01 1.728131e-02 1.225761e+01
      vertex   3.050000e+01 1.257510e-02 1.222393e+01
    endloop
  endfacet
  facet normal -2.016833e-02 -9.856705e-01 1.674722e-01
    outer loop
      vertex   3.050000e+01 1.257510e-02 1.222393e+01
      vertex   3.054966e+01 1.728131e-02 1.225761e+01
      vertex   3.050000e+01 5.014370e-02 1.244504e+01
    endloop
  endfacet
  facet normal 4.513670e-02 -9.818689e-01 1.841089e-01
    outer loop
      vertex   3.050000e+01 5.014370e-02 1.244504e+01
      vertex   3.054966e+01 1.728131e-02 1.225761e+01
      vertex   3.069304e+01 5.541187e-02 1.242581e+01
    endloop
  endfacet
  facet normal 4.834690e-02 -9.746827e-01 2.183032e-01
    outer loop
      vertex   3.050000e+01 5.014370e-02 1.244504e+01
      vertex   3.069304e+01 5.541187e-02 1.242581e+01
      vertex   3.056233e+01 7.115181e-02 1.252503e+01
    endloop
  endfacet
  facet normal 9.868678e-02 -9.544988e-01 2.814124e-01
    outer loop
      vertex   3.056233e+01 7.115181e-02 1.252503e+01
      vertex   3.069304e+01 5.541187e-02 1.242581e+01
      vertex   3.083398e+01 1.179967e-01 1.258866e+01
    endloop
  endfacet
  facet normal 9.868678e-02 -9.544988e-01 2.814124e-01
    outer loop
      vertex   3.056233e+01 7.115181e-02 1.252503e+01
      vertex   3.083398e+01 1.179967e-01 1.258866e+01
      vertex   3.069098e+01 1.352178e-01 1.269722e+01
    endloop
  endfacet
  facet normal 1.653656e-01 -9.168871e-01 3.632798e-01
    outer loop
      vertex   3.069098e+01 1.352178e-01 1.269722e+01
      vertex   3.083398e+01 1.179967e-01 1.258866e+01
      vertex   3.097073e+01 2.042489e-01 1.274411e+01
    endloop
  endfacet
  facet normal 1.653656e-01 -9.168871e-01 3.632798e-01
    outer loop
      vertex   3.069098e+01 1.352178e-01 1.269722e+01
      vertex   3.097073e+01 2.042489e-01 1.274411e+01
      vertex   3.081723e+01 2.227344e-01 1.286064e+01
    endloop
  endfacet
  facet normal 2.299474e-01 -8.677735e-01 4.405602e-01
    outer loop
      vertex   3.081723e+01 2.227344e-01 1.286064e+01
      vertex   3.097073e+01 2.042489e-01 1.274411e+01
      vertex   3.110155e+01 3.130837e-01 1.289020e+01
    endloop
  endfacet
  facet normal 2.299474e-01 -8.677735e-01 4.405602e-01
    outer loop
      vertex   3.081723e+01 2.227344e-01 1.286064e+01
      vertex   3.110155e+01 3.130837e-01 1.289020e+01
      vertex   3.093948e+01 3.326012e-01 1.301323e+01
    endloop
  endfacet
  facet normal 2.916261e-01 -8.077824e-01 5.122908e-01
    outer loop
      vertex   3.093948e+01 3.326012e-01 1.301323e+01
      vertex   3.110155e+01 3.130837e-01 1.289020e+01
      vertex   3.122481e+01 4.431324e-01 1.302509e+01
    endloop
  endfacet
  facet normal 2.916261e-01 -8.077824e-01 5.122908e-01
    outer loop
      vertex   3.093948e+01 3.326012e-01 1.301323e+01
      vertex   3.122481e+01 4.431324e-01 1.302509e+01
      vertex   3.105621e+01 4.634365e-01 1.315308e+01
    endloop
  endfacet
  facet normal 3.496333e-01 -7.376708e-01 5.775797e-01
    outer loop
      vertex   3.105621e+01 4.634365e-01 1.315308e+01
      vertex   3.122481e+01 4.431324e-01 1.302509e+01
      vertex   3.133896e+01 5.927596e-01 1.314709e+01
    endloop
  endfacet
  facet normal 3.496333e-01 -7.376708e-01 5.775797e-01
    outer loop
      vertex   3.105621e+01 4.634365e-01 1.315308e+01
      vertex   3.133896e+01 5.927596e-01 1.314709e+01
      vertex   3.116595e+01 6.135950e-01 1.327844e+01
    endloop
  endfacet
  facet normal -7.788358e-03 -3.826718e-01 9.238515e-01
    outer loop
      vertex   3.050000e+01 1.339441e+00 1.388777e+01
      vertex   3.050000e+01 1.132232e+00 1.380194e+01
      vertex   3.058121e+01 1.181303e+00 1.382295e+01
    endloop
  endfacet
  facet normal 6.570443e-02 -4.826736e-01 8.733322e-01
    outer loop
      vertex   3.058121e+01 1.181303e+00 1.382295e+01
      vertex   3.050000e+01 1.132232e+00 1.380194e+01
      vertex   3.050000e+01 9.359354e-01 1.369345e+01
    endloop
  endfacet
  facet normal 5.342760e-02 -4.798667e-01 8.757131e-01
    outer loop
      vertex   3.058121e+01 1.181303e+00 1.382295e+01
      vertex   3.050000e+01 9.359354e-01 1.369345e+01
      vertex   3.068980e+01 9.256725e-01 1.367624e+01
    endloop
  endfacet
  facet normal 4.346431e-02 -5.707233e-01 8.199914e-01
    outer loop
      vertex   3.068980e+01 9.256725e-01 1.367624e+01
      vertex   3.050000e+01 9.359354e-01 1.369345e+01
      vertex   3.059562e+01 7.563009e-01 1.356335e+01
    endloop
  endfacet
  facet normal 1.213724e-01 -5.963745e-01 7.934772e-01
    outer loop
      vertex   3.068980e+01 9.256725e-01 1.367624e+01
      vertex   3.059562e+01 7.563009e-01 1.356335e+01
      vertex   3.079260e+01 6.956630e-01 1.348765e+01
    endloop
  endfacet
  facet normal 7.314577e-02 -6.768645e-01 7.324645e-01
    outer loop
      vertex   3.079260e+01 6.956630e-01 1.348765e+01
      vertex   3.059562e+01 7.563009e-01 1.356335e+01
      vertex   3.069238e+01 5.434120e-01 1.335696e+01
    endloop
  endfacet
  facet normal 1.690763e-01 -7.036641e-01 6.901232e-01
    outer loop
      vertex   3.079260e+01 6.956630e-01 1.348765e+01
      vertex   3.069238e+01 5.434120e-01 1.335696e+01
      vertex   3.098308e+01 6.480368e-01 1.339242e+01
    endloop
  endfacet
  facet normal 1.690763e-01 -7.036641e-01 6.901232e-01
    outer loop
      vertex   3.098308e+01 6.480368e-01 1.339242e+01
      vertex   3.069238e+01 5.434120e-01 1.335696e+01
      vertex   3.087801e+01 4.970002e-01 1.326416e+01
    endloop
  endfacet
  facet normal 2.615170e-01 -7.239841e-01 6.383226e-01
    outer loop
      vertex   3.098308e+01 6.480368e-01 1.339242e+01
      vertex   3.087801e+01 4.970002e-01 1.326416e+01
      vertex   3.116595e+01 6.135950e-01 1.327844e+01
    endloop
  endfacet
  facet normal 2.615170e-01 -7.239841e-01 6.383226e-01
    outer loop
      vertex   3.116595e+01 6.135950e-01 1.327844e+01
      vertex   3.087801e+01 4.970002e-01 1.326416e+01
      vertex   3.105621e+01 4.634365e-01 1.315308e+01
    endloop
  endfacet
  facet normal 2.249879e-02 -5.785248e-01 8.153544e-01
    outer loop
      vertex   3.050000e+01 9.359354e-01 1.369345e+01
      vertex   3.050000e+01 7.530199e-01 1.356366e+01
      vertex   3.059562e+01 7.563009e-01 1.356335e+01
    endloop
  endfacet
  facet normal 2.527778e-02 -6.661337e-01 7.454039e-01
    outer loop
      vertex   3.059562e+01 7.563009e-01 1.356335e+01
      vertex   3.050000e+01 7.530199e-01 1.356366e+01
      vertex   3.050000e+01 5.857860e-01 1.341421e+01
    endloop
  endfacet
  facet normal 6.834718e-02 -6.782510e-01 7.316449e-01
    outer loop
      vertex   3.059562e+01 7.563009e-01 1.356335e+01
      vertex   3.050000e+01 5.857860e-01 1.341421e+01
      vertex   3.069238e+01 5.434120e-01 1.335696e+01
    endloop
  endfacet
  facet normal 3.405138e-02 -7.452098e-01 6.659602e-01
    outer loop
      vertex   3.069238e+01 5.434120e-01 1.335696e+01
      vertex   3.050000e+01 5.857860e-01 1.341421e+01
      vertex   3.050000e+01 4.363366e-01 1.324698e+01
    endloop
  endfacet
  facet normal 4.813044e-02 -7.564512e-01 6.522768e-01
    outer loop
      vertex   3.069238e+01 5.434120e-01 1.335696e+01
      vertex   3.050000e+01 4.363366e-01 1.324698e+01
      vertex   3.058975e+01 4.094784e-01 1.320921e+01
    endloop
  endfacet
  facet normal -5.343964e-04 -8.155608e-01 5.786712e-01
    outer loop
      vertex   3.058975e+01 4.094784e-01 1.320921e+01
      vertex   3.050000e+01 4.363366e-01 1.324698e+01
      vertex   3.050000e+01 3.065511e-01 1.306406e+01
    endloop
  endfacet
  facet normal 6.647219e-02 -8.328475e-01 5.494966e-01
    outer loop
      vertex   3.058975e+01 4.094784e-01 1.320921e+01
      vertex   3.050000e+01 3.065511e-01 1.306406e+01
      vertex   3.076818e+01 3.648646e-01 1.312001e+01
    endloop
  endfacet
  facet normal 6.930489e-02 -8.379859e-01 5.412730e-01
    outer loop
      vertex   3.076818e+01 3.648646e-01 1.312001e+01
      vertex   3.050000e+01 3.065511e-01 1.306406e+01
      vertex   3.065498e+01 2.532918e-01 1.296177e+01
    endloop
  endfacet
  facet normal 1.485318e-01 -8.551276e-01 4.966840e-01
    outer loop
      vertex   3.076818e+01 3.648646e-01 1.312001e+01
      vertex   3.065498e+01 2.532918e-01 1.296177e+01
      vertex   3.093948e+01 3.326012e-01 1.301323e+01
    endloop
  endfacet
  facet normal 1.485318e-01 -8.551276e-01 4.966840e-01
    outer loop
      vertex   3.093948e+01 3.326012e-01 1.301323e+01
      vertex   3.065498e+01 2.532918e-01 1.296177e+01
      vertex   3.081723e+01 2.227344e-01 1.286064e+01
    endloop
  endfacet
  facet normal 1.851578e-02 -8.750734e-01 4.836360e-01
    outer loop
      vertex   3.050000e+01 3.065511e-01 1.306406e+01
      vertex   3.050000e+01 1.980618e-01 1.286777e+01
      vertex   3.065498e+01 2.532918e-01 1.296177e+01
    endloop
  endfacet
  facet normal 5.683282e-02 -8.988976e-01 4.344572e-01
    outer loop
      vertex   3.065498e+01 2.532918e-01 1.296177e+01
      vertex   3.050000e+01 1.980618e-01 1.286777e+01
      vertex   3.053984e+01 1.636848e-01 1.279143e+01
    endloop
  endfacet
  facet normal 8.885886e-02 -9.050037e-01 4.160197e-01
    outer loop
      vertex   3.065498e+01 2.532918e-01 1.296177e+01
      vertex   3.053984e+01 1.636848e-01 1.279143e+01
      vertex   3.081723e+01 2.227344e-01 1.286064e+01
    endloop
  endfacet
  facet normal 8.885886e-02 -9.050037e-01 4.160197e-01
    outer loop
      vertex   3.081723e+01 2.227344e-01 1.286064e+01
      vertex   3.053984e+01 1.636848e-01 1.279143e+01
      vertex   3.069098e+01 1.352178e-01 1.269722e+01
    endloop
  endfacet
  facet normal -6.380822e-02 -9.219968e-01 3.819036e-01
    outer loop
      vertex   3.050000e+01 1.980618e-01 1.286777e+01
      vertex   3.050000e+01 1.122329e-01 1.266056e+01
      vertex   3.053984e+01 1.636848e-01 1.279143e+01
    endloop
  endfacet
  facet normal 4.453391e-02 -9.342779e-01 3.537535e-01
    outer loop
      vertex   3.053984e+01 1.636848e-01 1.279143e+01
      vertex   3.050000e+01 1.122329e-01 1.266056e+01
      vertex   3.069098e+01 1.352178e-01 1.269722e+01
    endloop
  endfacet
  facet normal 5.417167e-02 -9.484036e-01 3.124036e-01
    outer loop
      vertex   3.069098e+01 1.352178e-01 1.269722e+01
      vertex   3.050000e+01 1.122329e-01 1.266056e+01
      vertex   3.056233e+01 7.115181e-02 1.252503e+01
    endloop
  endfacet
  facet normal -3.139100e-02 -9.604438e-01 2.766991e-01
    outer loop
      vertex   3.056233e+01 7.115181e-02 1.252503e+01
      vertex   3.050000e+01 1.122329e-01 1.266056e+01
      vertex   3.050000e+01 5.014370e-02 1.244504e+01
    endloop
  endfacet
  facet normal 2.321888e-02 -9.981576e-01 5.605533e-02
    outer loop
      vertex   3.050000e+01 1.257510e-02 1.222393e+01
      vertex   3.050000e+01 -4.768372e-07 1.200000e+01
      vertex   3.065834e+01 1.257510e-02 1.215834e+01
    endloop
  endfacet
  facet normal 5.605533e-02 -9.981576e-01 2.321888e-02
    outer loop
      vertex   3.065834e+01 1.257510e-02 1.215834e+01
      vertex   3.050000e+01 -4.768372e-07 1.200000e+01
      vertex   3.072393e+01 1.257510e-02 1.200000e+01
    endloop
  endfacet
  facet normal 8.636977e-02 -9.956206e-01 3.577553e-02
    outer loop
      vertex   3.065834e+01 1.257510e-02 1.215834e+01
      vertex   3.072393e+01 1.257510e-02 1.200000e+01
      vertex   3.075761e+01 1.728131e-02 1.204966e+01
    endloop
  endfacet
  facet normal 1.674722e-01 -9.856705e-01 -2.016833e-02
    outer loop
      vertex   3.075761e+01 1.728131e-02 1.204966e+01
      vertex   3.072393e+01 1.257510e-02 1.200000e+01
      vertex   3.094504e+01 5.014370e-02 1.200000e+01
    endloop
  endfacet
  facet normal 1.841089e-01 -9.818689e-01 4.513670e-02
    outer loop
      vertex   3.075761e+01 1.728131e-02 1.204966e+01
      vertex   3.094504e+01 5.014370e-02 1.200000e+01
      vertex   3.092581e+01 5.541187e-02 1.219304e+01
    endloop
  endfacet
  facet normal 2.183032e-01 -9.746827e-01 4.834690e-02
    outer loop
      vertex   3.092581e+01 5.541187e-02 1.219304e+01
      vertex   3.094504e+01 5.014370e-02 1.200000e+01
      vertex   3.102503e+01 7.115181e-02 1.206233e+01
    endloop
  endfacet
  facet normal 2.814124e-01 -9.544988e-01 9.868678e-02
    outer loop
      vertex   3.092581e+01 5.541187e-02 1.219304e+01
      vertex   3.102503e+01 7.115181e-02 1.206233e+01
      vertex   3.119722e+01 1.352178e-01 1.219098e+01
    endloop
  endfacet
  facet normal 3.124036e-01 -9.484036e-01 5.417167e-02
    outer loop
      vertex   3.119722e+01 1.352178e-01 1.219098e+01
      vertex   3.102503e+01 7.115181e-02 1.206233e+01
      vertex   3.116056e+01 1.122329e-01 1.200000e+01
    endloop
  endfacet
  facet normal 3.537535e-01 -9.342779e-01 4.453391e-02
    outer loop
      vertex   3.119722e+01 1.352178e-01 1.219098e+01
      vertex   3.116056e+01 1.122329e-01 1.200000e+01
      vertex   3.129143e+01 1.636848e-01 1.203984e+01
    endloop
  endfacet
  facet normal 3.819036e-01 -9.219968e-01 -6.380822e-02
    outer loop
      vertex   3.129143e+01 1.636848e-01 1.203984e+01
      vertex   3.116056e+01 1.122329e-01 1.200000e+01
      vertex   3.136777e+01 1.980618e-01 1.200000e+01
    endloop
  endfacet
  facet normal 4.344572e-01 -8.988976e-01 5.683282e-02
    outer loop
      vertex   3.129143e+01 1.636848e-01 1.203984e+01
      vertex   3.136777e+01 1.980618e-01 1.200000e+01
      vertex   3.146177e+01 2.532918e-01 1.215498e+01
    endloop
  endfacet
  facet normal 4.836360e-01 -8.750734e-01 1.851578e-02
    outer loop
      vertex   3.146177e+01 2.532918e-01 1.215498e+01
      vertex   3.136777e+01 1.980618e-01 1.200000e+01
      vertex   3.156406e+01 3.065511e-01 1.200000e+01
    endloop
  endfacet
  facet normal 2.766991e-01 -9.604438e-01 -3.139100e-02
    outer loop
      vertex   3.094504e+01 5.014370e-02 1.200000e+01
      vertex   3.116056e+01 1.122329e-01 1.200000e+01
      vertex   3.102503e+01 7.115181e-02 1.206233e+01
    endloop
  endfacet
  facet normal 8.739887e-01 -4.830365e-01 5.309991e-02
    outer loop
      vertex   3.219345e+01 9.359354e-01 1.200000e+01
      vertex   3.230194e+01 1.132232e+00 1.200000e+01
      vertex   3.217624e+01 9.256725e-01 1.218980e+01
    endloop
  endfacet
  facet normal 9.329297e-01 -3.565153e-01 5.038870e-02
    outer loop
      vertex   3.232295e+01 1.181303e+00 1.208121e+01
      vertex   3.238777e+01 1.339441e+00 1.200000e+01
      vertex   3.239191e+01 1.374559e+00 1.217176e+01
    endloop
  endfacet
  facet normal 9.603811e-01 -2.766810e-01 3.340415e-02
    outer loop
      vertex   3.239191e+01 1.374559e+00 1.217176e+01
      vertex   3.238777e+01 1.339441e+00 1.200000e+01
      vertex   3.244986e+01 1.554958e+00 1.200000e+01
    endloop
  endfacet
  facet normal 9.667824e-01 -2.466287e-01 6.712719e-02
    outer loop
      vertex   3.239191e+01 1.374559e+00 1.217176e+01
      vertex   3.244986e+01 1.554958e+00 1.200000e+01
      vertex   3.243708e+01 1.575680e+00 1.226015e+01
    endloop
  endfacet
  facet normal 9.715469e-01 -2.275124e-01 6.583849e-02
    outer loop
      vertex   3.243708e+01 1.575680e+00 1.226015e+01
      vertex   3.244986e+01 1.554958e+00 1.200000e+01
      vertex   3.246921e+01 1.656706e+00 1.206596e+01
    endloop
  endfacet
  facet normal 9.844287e-01 -1.419627e-01 1.036667e-01
    outer loop
      vertex   3.243708e+01 1.575680e+00 1.226015e+01
      vertex   3.246921e+01 1.656706e+00 1.206596e+01
      vertex   3.248879e+01 1.860056e+00 1.215853e+01
    endloop
  endfacet
  facet normal 9.911528e-01 -1.206252e-01 5.536849e-02
    outer loop
      vertex   3.248879e+01 1.860056e+00 1.215853e+01
      vertex   3.246921e+01 1.656706e+00 1.206596e+01
      vertex   3.248742e+01 1.776071e+00 1.200000e+01
    endloop
  endfacet
  facet normal 9.982045e-01 -5.605796e-02 2.110108e-02
    outer loop
      vertex   3.248879e+01 1.860056e+00 1.215853e+01
      vertex   3.248742e+01 1.776071e+00 1.200000e+01
      vertex   3.250000e+01 2.000000e+00 1.200000e+01
    endloop
  endfacet
  facet normal 9.854000e-01 -1.674262e-01 -3.090844e-02
    outer loop
      vertex   3.244986e+01 1.554958e+00 1.200000e+01
      vertex   3.248742e+01 1.776071e+00 1.200000e+01
      vertex   3.246921e+01 1.656706e+00 1.206596e+01
    endloop
  endfacet
  facet normal 9.982915e-01 -1.646064e-02 5.606285e-02
    outer loop
      vertex   3.250000e+01 2.000000e+00 1.200000e+01
      vertex   3.248742e+01 2.000000e+00 1.222393e+01
      vertex   3.248879e+01 1.860056e+00 1.215853e+01
    endloop
  endfacet
  facet normal 9.885359e-01 -5.590288e-02 1.402557e-01
    outer loop
      vertex   3.248879e+01 1.860056e+00 1.215853e+01
      vertex   3.248742e+01 2.000000e+00 1.222393e+01
      vertex   3.245789e+01 1.782137e+00 1.234527e+01
    endloop
  endfacet
  facet normal 9.844287e-01 -1.419627e-01 1.036667e-01
    outer loop
      vertex   3.248879e+01 1.860056e+00 1.215853e+01
      vertex   3.245789e+01 1.782137e+00 1.234527e+01
      vertex   3.243708e+01 1.575680e+00 1.226015e+01
    endloop
  endfacet
  facet normal 9.634858e-01 -1.791532e-01 1.989956e-01
    outer loop
      vertex   3.243708e+01 1.575680e+00 1.226015e+01
      vertex   3.245789e+01 1.782137e+00 1.234527e+01
      vertex   3.238411e+01 1.505510e+00 1.245346e+01
    endloop
  endfacet
  facet normal 9.465705e-01 -2.816048e-01 1.571720e-01
    outer loop
      vertex   3.243708e+01 1.575680e+00 1.226015e+01
      vertex   3.238411e+01 1.505510e+00 1.245346e+01
      vertex   3.233763e+01 1.302646e+00 1.236986e+01
    endloop
  endfacet
  facet normal 9.144261e-01 -3.144778e-01 2.548110e-01
    outer loop
      vertex   3.233763e+01 1.302646e+00 1.236986e+01
      vertex   3.238411e+01 1.505510e+00 1.245346e+01
      vertex   3.226208e+01 1.242170e+00 1.256637e+01
    endloop
  endfacet
  facet normal 8.850325e-01 -4.140046e-01 2.128797e-01
    outer loop
      vertex   3.233763e+01 1.302646e+00 1.236986e+01
      vertex   3.226208e+01 1.242170e+00 1.256637e+01
      vertex   3.219149e+01 1.047253e+00 1.248078e+01
    endloop
  endfacet
  facet normal 8.419126e-01 -4.412856e-01 3.105643e-01
    outer loop
      vertex   3.219149e+01 1.047253e+00 1.248078e+01
      vertex   3.226208e+01 1.242170e+00 1.256637e+01
      vertex   3.209501e+01 9.990021e-01 1.267375e+01
    endloop
  endfacet
  facet normal 9.860010e-01 -4.411900e-02 1.607968e-01
    outer loop
      vertex   3.245789e+01 1.782137e+00 1.234527e+01
      vertex   3.248742e+01 2.000000e+00 1.222393e+01
      vertex   3.245408e+01 1.991333e+00 1.242604e+01
    endloop
  endfacet
  facet normal 9.796518e-01 1.121470e-01 1.664495e-01
    outer loop
      vertex   3.245408e+01 1.991333e+00 1.242604e+01
      vertex   3.248742e+01 2.000000e+00 1.222393e+01
      vertex   3.244986e+01 2.000000e+00 1.244504e+01
    endloop
  endfacet
  facet normal 9.680590e-01 -6.148828e-02 2.430659e-01
    outer loop
      vertex   3.245408e+01 1.991333e+00 1.242604e+01
      vertex   3.244986e+01 2.000000e+00 1.244504e+01
      vertex   3.240569e+01 1.927279e+00 1.260253e+01
    endloop
  endfacet
  facet normal 9.607946e-01 1.598146e-02 2.768002e-01
    outer loop
      vertex   3.240569e+01 1.927279e+00 1.260253e+01
      vertex   3.244986e+01 2.000000e+00 1.244504e+01
      vertex   3.238777e+01 2.000000e+00 1.266056e+01
    endloop
  endfacet
  facet normal 9.369734e-01 -4.545239e-02 3.464318e-01
    outer loop
      vertex   3.240569e+01 1.927279e+00 1.260253e+01
      vertex   3.238777e+01 2.000000e+00 1.266056e+01
      vertex   3.233874e+01 1.873730e+00 1.277658e+01
    endloop
  endfacet
  facet normal 9.238565e-01 -7.059191e-03 3.826739e-01
    outer loop
      vertex   3.233874e+01 1.873730e+00 1.277658e+01
      vertex   3.238777e+01 2.000000e+00 1.266056e+01
      vertex   3.230194e+01 2.000000e+00 1.286777e+01
    endloop
  endfacet
  facet normal 8.984274e-01 -5.292480e-02 4.359210e-01
    outer loop
      vertex   3.233874e+01 1.873730e+00 1.277658e+01
      vertex   3.230194e+01 2.000000e+00 1.286777e+01
      vertex   3.225411e+01 1.831399e+00 1.294588e+01
    endloop
  endfacet
  facet normal 8.749673e-01 -2.419022e-02 4.835773e-01
    outer loop
      vertex   3.225411e+01 1.831399e+00 1.294588e+01
      vertex   3.230194e+01 2.000000e+00 1.286777e+01
      vertex   3.219345e+01 2.000000e+00 1.306406e+01
    endloop
  endfacet
  facet normal 8.520824e-01 -5.807801e-02 5.201754e-01
    outer loop
      vertex   3.225411e+01 1.831399e+00 1.294588e+01
      vertex   3.219345e+01 2.000000e+00 1.306406e+01
      vertex   3.215280e+01 1.800787e+00 1.310841e+01
    endloop
  endfacet
  facet normal 8.149849e-01 -3.757653e-02 5.782626e-01
    outer loop
      vertex   3.215280e+01 1.800787e+00 1.310841e+01
      vertex   3.219345e+01 2.000000e+00 1.306406e+01
      vertex   3.206366e+01 2.000000e+00 1.324698e+01
    endloop
  endfacet
  facet normal 7.985148e-01 -5.939636e-02 5.990377e-01
    outer loop
      vertex   3.215280e+01 1.800787e+00 1.310841e+01
      vertex   3.206366e+01 2.000000e+00 1.324698e+01
      vertex   3.203606e+01 1.782269e+00 1.326219e+01
    endloop
  endfacet
  facet normal 7.447850e-01 -4.793632e-02 6.655805e-01
    outer loop
      vertex   3.203606e+01 1.782269e+00 1.326219e+01
      vertex   3.206366e+01 2.000000e+00 1.324698e+01
      vertex   3.191421e+01 2.000000e+00 1.341421e+01
    endloop
  endfacet
  facet normal 7.384046e-01 -5.600865e-02 6.720280e-01
    outer loop
      vertex   3.203606e+01 1.782269e+00 1.326219e+01
      vertex   3.191421e+01 2.000000e+00 1.341421e+01
      vertex   3.190532e+01 1.776071e+00 1.340532e+01
    endloop
  endfacet
  facet normal 6.720280e-01 -5.600865e-02 7.384046e-01
    outer loop
      vertex   3.190532e+01 1.776071e+00 1.340532e+01
      vertex   3.191421e+01 2.000000e+00 1.341421e+01
      vertex   3.176219e+01 1.782269e+00 1.353606e+01
    endloop
  endfacet
  facet normal 6.609459e-01 -1.672974e-01 7.315478e-01
    outer loop
      vertex   3.190532e+01 1.776071e+00 1.340532e+01
      vertex   3.176219e+01 1.782269e+00 1.353606e+01
      vertex   3.172770e+01 1.561499e+00 1.351673e+01
    endloop
  endfacet
  facet normal 5.844047e-01 -1.609255e-01 7.953453e-01
    outer loop
      vertex   3.172770e+01 1.561499e+00 1.351673e+01
      vertex   3.176219e+01 1.782269e+00 1.353606e+01
      vertex   3.156541e+01 1.581043e+00 1.363993e+01
    endloop
  endfacet
  facet normal 5.614116e-01 -2.697838e-01 7.823258e-01
    outer loop
      vertex   3.172770e+01 1.561499e+00 1.351673e+01
      vertex   3.156541e+01 1.581043e+00 1.363993e+01
      vertex   3.150901e+01 1.366567e+00 1.360644e+01
    endloop
  endfacet
  facet normal 4.760138e-01 -2.565194e-01 8.411948e-01
    outer loop
      vertex   3.150901e+01 1.366567e+00 1.360644e+01
      vertex   3.156541e+01 1.581043e+00 1.363993e+01
      vertex   3.133064e+01 1.400162e+00 1.371762e+01
    endloop
  endfacet
  facet normal 4.431997e-01 -3.615380e-01 8.202831e-01
    outer loop
      vertex   3.150901e+01 1.366567e+00 1.360644e+01
      vertex   3.133064e+01 1.400162e+00 1.371762e+01
      vertex   3.125696e+01 1.194517e+00 1.366680e+01
    endloop
  endfacet
  facet normal 3.506908e-01 -3.412029e-01 8.721218e-01
    outer loop
      vertex   3.125696e+01 1.194517e+00 1.366680e+01
      vertex   3.133064e+01 1.400162e+00 1.371762e+01
      vertex   3.106637e+01 1.242170e+00 1.376208e+01
    endloop
  endfacet
  facet normal 3.105643e-01 -4.412856e-01 8.419126e-01
    outer loop
      vertex   3.125696e+01 1.194517e+00 1.366680e+01
      vertex   3.106637e+01 1.242170e+00 1.376208e+01
      vertex   3.098078e+01 1.047253e+00 1.369149e+01
    endloop
  endfacet
  facet normal 2.128797e-01 -4.140046e-01 8.850325e-01
    outer loop
      vertex   3.098078e+01 1.047253e+00 1.369149e+01
      vertex   3.106637e+01 1.242170e+00 1.376208e+01
      vertex   3.086986e+01 1.302646e+00 1.383763e+01
    endloop
  endfacet
  facet normal 6.655805e-01 -4.793632e-02 7.447850e-01
    outer loop
      vertex   3.191421e+01 2.000000e+00 1.341421e+01
      vertex   3.174698e+01 2.000000e+00 1.356366e+01
      vertex   3.176219e+01 1.782269e+00 1.353606e+01
    endloop
  endfacet
  facet normal 5.990377e-01 -5.939636e-02 7.985148e-01
    outer loop
      vertex   3.176219e+01 1.782269e+00 1.353606e+01
      vertex   3.174698e+01 2.000000e+00 1.356366e+01
      vertex   3.160841e+01 1.800787e+00 1.365280e+01
    endloop
  endfacet
  facet normal 5.844047e-01 -1.609255e-01 7.953453e-01
    outer loop
      vertex   3.176219e+01 1.782269e+00 1.353606e+01
      vertex   3.160841e+01 1.800787e+00 1.365280e+01
      vertex   3.156541e+01 1.581043e+00 1.363993e+01
    endloop
  endfacet
  facet normal 5.028624e-01 -1.482600e-01 8.515565e-01
    outer loop
      vertex   3.156541e+01 1.581043e+00 1.363993e+01
      vertex   3.160841e+01 1.800787e+00 1.365280e+01
      vertex   3.139388e+01 1.613349e+00 1.374685e+01
    endloop
  endfacet
  facet normal 4.760138e-01 -2.565194e-01 8.411948e-01
    outer loop
      vertex   3.156541e+01 1.581043e+00 1.363993e+01
      vertex   3.139388e+01 1.613349e+00 1.374685e+01
      vertex   3.133064e+01 1.400162e+00 1.371762e+01
    endloop
  endfacet
  facet normal 3.864249e-01 -2.368262e-01 8.913973e-01
    outer loop
      vertex   3.133064e+01 1.400162e+00 1.371762e+01
      vertex   3.139388e+01 1.613349e+00 1.374685e+01
      vertex   3.114485e+01 1.446617e+00 1.381051e+01
    endloop
  endfacet
  facet normal 3.506908e-01 -3.412029e-01 8.721218e-01
    outer loop
      vertex   3.133064e+01 1.400162e+00 1.371762e+01
      vertex   3.114485e+01 1.446617e+00 1.381051e+01
      vertex   3.106637e+01 1.242170e+00 1.376208e+01
    endloop
  endfacet
  facet normal 2.548768e-01 -3.144461e-01 9.144186e-01
    outer loop
      vertex   3.106637e+01 1.242170e+00 1.376208e+01
      vertex   3.114485e+01 1.446617e+00 1.381051e+01
      vertex   3.095346e+01 1.505510e+00 1.388411e+01
    endloop
  endfacet
  facet normal 2.548110e-01 -3.144778e-01 9.144261e-01
    outer loop
      vertex   3.106637e+01 1.242170e+00 1.376208e+01
      vertex   3.095346e+01 1.505510e+00 1.388411e+01
      vertex   3.086986e+01 1.302646e+00 1.383763e+01
    endloop
  endfacet
  facet normal 1.571720e-01 -2.816048e-01 9.465705e-01
    outer loop
      vertex   3.086986e+01 1.302646e+00 1.383763e+01
      vertex   3.095346e+01 1.505510e+00 1.388411e+01
      vertex   3.076015e+01 1.575680e+00 1.393708e+01
    endloop
  endfacet
  facet normal 5.782626e-01 -3.757653e-02 8.149849e-01
    outer loop
      vertex   3.174698e+01 2.000000e+00 1.356366e+01
      vertex   3.156406e+01 2.000000e+00 1.369345e+01
      vertex   3.160841e+01 1.800787e+00 1.365280e+01
    endloop
  endfacet
  facet normal 5.201754e-01 -5.807801e-02 8.520824e-01
    outer loop
      vertex   3.160841e+01 1.800787e+00 1.365280e+01
      vertex   3.156406e+01 2.000000e+00 1.369345e+01
      vertex   3.144588e+01 1.831399e+00 1.375411e+01
    endloop
  endfacet
  facet normal 5.028624e-01 -1.482600e-01 8.515565e-01
    outer loop
      vertex   3.160841e+01 1.800787e+00 1.365280e+01
      vertex   3.144588e+01 1.831399e+00 1.375411e+01
      vertex   3.139388e+01 1.613349e+00 1.374685e+01
    endloop
  endfacet
  facet normal 4.173182e-01 -1.294559e-01 8.994925e-01
    outer loop
      vertex   3.139388e+01 1.613349e+00 1.374685e+01
      vertex   3.144588e+01 1.831399e+00 1.375411e+01
      vertex   3.121521e+01 1.658023e+00 1.383617e+01
    endloop
  endfacet
  facet normal 3.864249e-01 -2.368262e-01 8.913973e-01
    outer loop
      vertex   3.139388e+01 1.613349e+00 1.374685e+01
      vertex   3.121521e+01 1.658023e+00 1.383617e+01
      vertex   3.114485e+01 1.446617e+00 1.381051e+01
    endloop
  endfacet
  facet normal 2.936812e-01 -2.109279e-01 9.323416e-01
    outer loop
      vertex   3.114485e+01 1.446617e+00 1.381051e+01
      vertex   3.121521e+01 1.658023e+00 1.383617e+01
      vertex   3.103135e+01 1.714597e+00 1.390689e+01
    endloop
  endfacet
  facet normal 2.936196e-01 -2.109585e-01 9.323540e-01
    outer loop
      vertex   3.114485e+01 1.446617e+00 1.381051e+01
      vertex   3.103135e+01 1.714597e+00 1.390689e+01
      vertex   3.095346e+01 1.505510e+00 1.388411e+01
    endloop
  endfacet
  facet normal 1.990594e-01 -1.791261e-01 9.634777e-01
    outer loop
      vertex   3.095346e+01 1.505510e+00 1.388411e+01
      vertex   3.103135e+01 1.714597e+00 1.390689e+01
      vertex   3.084527e+01 1.782137e+00 1.395789e+01
    endloop
  endfacet
  facet normal 1.989956e-01 -1.791532e-01 9.634858e-01
    outer loop
      vertex   3.095346e+01 1.505510e+00 1.388411e+01
      vertex   3.084527e+01 1.782137e+00 1.395789e+01
      vertex   3.076015e+01 1.575680e+00 1.393708e+01
    endloop
  endfacet
  facet normal 1.036667e-01 -1.419627e-01 9.844287e-01
    outer loop
      vertex   3.076015e+01 1.575680e+00 1.393708e+01
      vertex   3.084527e+01 1.782137e+00 1.395789e+01
      vertex   3.056596e+01 1.656706e+00 1.396921e+01
    endloop
  endfacet
  facet normal 4.835773e-01 -2.419022e-02 8.749673e-01
    outer loop
      vertex   3.156406e+01 2.000000e+00 1.369345e+01
      vertex   3.136777e+01 2.000000e+00 1.380194e+01
      vertex   3.144588e+01 1.831399e+00 1.375411e+01
    endloop
  endfacet
  facet normal 4.359210e-01 -5.292480e-02 8.984274e-01
    outer loop
      vertex   3.144588e+01 1.831399e+00 1.375411e+01
      vertex   3.136777e+01 2.000000e+00 1.380194e+01
      vertex   3.127658e+01 1.873730e+00 1.383874e+01
    endloop
  endfacet
  facet normal 4.173182e-01 -1.294559e-01 8.994925e-01
    outer loop
      vertex   3.144588e+01 1.831399e+00 1.375411e+01
      vertex   3.127658e+01 1.873730e+00 1.383874e+01
      vertex   3.121521e+01 1.658023e+00 1.383617e+01
    endloop
  endfacet
  facet normal 3.288056e-01 -1.047395e-01 9.385715e-01
    outer loop
      vertex   3.121521e+01 1.658023e+00 1.383617e+01
      vertex   3.127658e+01 1.873730e+00 1.383874e+01
      vertex   3.110253e+01 1.927279e+00 1.390569e+01
    endloop
  endfacet
  facet normal 3.287490e-01 -1.047676e-01 9.385882e-01
    outer loop
      vertex   3.121521e+01 1.658023e+00 1.383617e+01
      vertex   3.110253e+01 1.927279e+00 1.390569e+01
      vertex   3.103135e+01 1.714597e+00 1.390689e+01
    endloop
  endfacet
  facet normal 2.384541e-01 -7.437860e-02 9.683013e-01
    outer loop
      vertex   3.103135e+01 1.714597e+00 1.390689e+01
      vertex   3.110253e+01 1.927279e+00 1.390569e+01
      vertex   3.092604e+01 1.991333e+00 1.395408e+01
    endloop
  endfacet
  facet normal 2.383949e-01 -7.440327e-02 9.683140e-01
    outer loop
      vertex   3.103135e+01 1.714597e+00 1.390689e+01
      vertex   3.092604e+01 1.991333e+00 1.395408e+01
      vertex   3.084527e+01 1.782137e+00 1.395789e+01
    endloop
  endfacet
  facet normal 1.607968e-01 -4.411900e-02 9.860010e-01
    outer loop
      vertex   3.084527e+01 1.782137e+00 1.395789e+01
      vertex   3.092604e+01 1.991333e+00 1.395408e+01
      vertex   3.072393e+01 2.000000e+00 1.398742e+01
    endloop
  endfacet
  facet normal 1.402557e-01 -5.590288e-02 9.885359e-01
    outer loop
      vertex   3.084527e+01 1.782137e+00 1.395789e+01
      vertex   3.072393e+01 2.000000e+00 1.398742e+01
      vertex   3.065853e+01 1.860056e+00 1.398879e+01
    endloop
  endfacet
  facet normal 3.826739e-01 -7.059191e-03 9.238565e-01
    outer loop
      vertex   3.136777e+01 2.000000e+00 1.380194e+01
      vertex   3.116056e+01 2.000000e+00 1.388777e+01
      vertex   3.127658e+01 1.873730e+00 1.383874e+01
    endloop
  endfacet
  facet normal 3.464318e-01 -4.545239e-02 9.369734e-01
    outer loop
      vertex   3.127658e+01 1.873730e+00 1.383874e+01
      vertex   3.116056e+01 2.000000e+00 1.388777e+01
      vertex   3.110253e+01 1.927279e+00 1.390569e+01
    endloop
  endfacet
  facet normal 2.768002e-01 1.598146e-02 9.607946e-01
    outer loop
      vertex   3.116056e+01 2.000000e+00 1.388777e+01
      vertex   3.094504e+01 2.000000e+00 1.394986e+01
      vertex   3.110253e+01 1.927279e+00 1.390569e+01
    endloop
  endfacet
  facet normal 2.430659e-01 -6.148828e-02 9.680590e-01
    outer loop
      vertex   3.110253e+01 1.927279e+00 1.390569e+01
      vertex   3.094504e+01 2.000000e+00 1.394986e+01
      vertex   3.092604e+01 1.991333e+00 1.395408e+01
    endloop
  endfacet
  facet normal 1.664495e-01 1.121470e-01 9.796518e-01
    outer loop
      vertex   3.094504e+01 2.000000e+00 1.394986e+01
      vertex   3.072393e+01 2.000000e+00 1.398742e+01
      vertex   3.092604e+01 1.991333e+00 1.395408e+01
    endloop
  endfacet
  facet normal 1.036667e-01 -1.419627e-01 9.844287e-01
    outer loop
      vertex   3.084527e+01 1.782137e+00 1.395789e+01
      vertex   3.065853e+01 1.860056e+00 1.398879e+01
      vertex   3.056596e+01 1.656706e+00 1.396921e+01
    endloop
  endfacet
  facet normal 1.168370e-01 -7.748620e-01 6.212391e-01
    outer loop
      vertex   3.087801e+01 4.970002e-01 1.326416e+01
      vertex   3.069238e+01 5.434120e-01 1.335696e+01
      vertex   3.058975e+01 4.094784e-01 1.320921e+01
    endloop
  endfacet
  facet normal 3.105643e-01 -4.412856e-01 8.419126e-01
    outer loop
      vertex   3.125696e+01 1.194517e+00 1.366680e+01
      vertex   3.098078e+01 1.047253e+00 1.369149e+01
      vertex   3.117375e+01 9.990021e-01 1.359501e+01
    endloop
  endfacet
  facet normal 2.063247e-01 -7.945329e-01 5.710933e-01
    outer loop
      vertex   3.105621e+01 4.634365e-01 1.315308e+01
      vertex   3.087801e+01 4.970002e-01 1.326416e+01
      vertex   3.076818e+01 3.648646e-01 1.312001e+01
    endloop
  endfacet
  facet normal 1.168370e-01 -7.748620e-01 6.212391e-01
    outer loop
      vertex   3.076818e+01 3.648646e-01 1.312001e+01
      vertex   3.087801e+01 4.970002e-01 1.326416e+01
      vertex   3.058975e+01 4.094784e-01 1.320921e+01
    endloop
  endfacet
  facet normal 2.063247e-01 -7.945329e-01 5.710933e-01
    outer loop
      vertex   3.105621e+01 4.634365e-01 1.315308e+01
      vertex   3.076818e+01 3.648646e-01 1.312001e+01
      vertex   3.093948e+01 3.326012e-01 1.301323e+01
    endloop
  endfacet
  facet normal 4.048326e-01 -4.620074e-01 7.890879e-01
    outer loop
      vertex   3.125696e+01 1.194517e+00 1.366680e+01
      vertex   3.117375e+01 9.990021e-01 1.359501e+01
      vertex   3.143992e+01 1.160056e+00 1.355275e+01
    endloop
  endfacet
  facet normal 4.048326e-01 -4.620074e-01 7.890879e-01
    outer loop
      vertex   3.143992e+01 1.160056e+00 1.355275e+01
      vertex   3.117375e+01 9.990021e-01 1.359501e+01
      vertex   3.135902e+01 9.641089e-01 1.347953e+01
    endloop
  endfacet
  facet normal 4.946909e-01 -4.759647e-01 7.271441e-01
    outer loop
      vertex   3.143992e+01 1.160056e+00 1.355275e+01
      vertex   3.135902e+01 9.641089e-01 1.347953e+01
      vertex   3.161303e+01 1.139210e+00 1.342134e+01
    endloop
  endfacet
  facet normal 4.946909e-01 -4.759647e-01 7.271441e-01
    outer loop
      vertex   3.161303e+01 1.139210e+00 1.342134e+01
      vertex   3.135902e+01 9.641089e-01 1.347953e+01
      vertex   3.153430e+01 9.430004e-01 1.334647e+01
    endloop
  endfacet
  facet normal 5.790381e-01 -4.829863e-01 6.568403e-01
    outer loop
      vertex   3.161303e+01 1.139210e+00 1.342134e+01
      vertex   3.153430e+01 9.430004e-01 1.334647e+01
      vertex   3.177416e+01 1.132232e+00 1.327416e+01
    endloop
  endfacet
  facet normal 5.790381e-01 -4.829863e-01 6.568403e-01
    outer loop
      vertex   3.177416e+01 1.132232e+00 1.327416e+01
      vertex   3.153430e+01 9.430004e-01 1.334647e+01
      vertex   3.169745e+01 9.359354e-01 1.319745e+01
    endloop
  endfacet
  facet normal 6.568403e-01 -4.829863e-01 5.790381e-01
    outer loop
      vertex   3.177416e+01 1.132232e+00 1.327416e+01
      vertex   3.169745e+01 9.359354e-01 1.319745e+01
      vertex   3.192134e+01 1.139210e+00 1.311303e+01
    endloop
  endfacet
  facet normal 6.568403e-01 -4.829863e-01 5.790381e-01
    outer loop
      vertex   3.192134e+01 1.139210e+00 1.311303e+01
      vertex   3.169745e+01 9.359354e-01 1.319745e+01
      vertex   3.184647e+01 9.430004e-01 1.303430e+01
    endloop
  endfacet
  facet normal 7.271441e-01 -4.759647e-01 4.946909e-01
    outer loop
      vertex   3.192134e+01 1.139210e+00 1.311303e+01
      vertex   3.184647e+01 9.430004e-01 1.303430e+01
      vertex   3.205275e+01 1.160056e+00 1.293992e+01
    endloop
  endfacet
  facet normal 7.271441e-01 -4.759647e-01 4.946909e-01
    outer loop
      vertex   3.205275e+01 1.160056e+00 1.293992e+01
      vertex   3.184647e+01 9.430004e-01 1.303430e+01
      vertex   3.197953e+01 9.641089e-01 1.285902e+01
    endloop
  endfacet
  facet normal 7.890879e-01 -4.620074e-01 4.048326e-01
    outer loop
      vertex   3.205275e+01 1.160056e+00 1.293992e+01
      vertex   3.197953e+01 9.641089e-01 1.285902e+01
      vertex   3.216680e+01 1.194517e+00 1.275696e+01
    endloop
  endfacet
  facet normal 7.890879e-01 -4.620074e-01 4.048326e-01
    outer loop
      vertex   3.216680e+01 1.194517e+00 1.275696e+01
      vertex   3.197953e+01 9.641089e-01 1.285902e+01
      vertex   3.209501e+01 9.990021e-01 1.267375e+01
    endloop
  endfacet
  facet normal 8.419126e-01 -4.412856e-01 3.105643e-01
    outer loop
      vertex   3.216680e+01 1.194517e+00 1.275696e+01
      vertex   3.209501e+01 9.990021e-01 1.267375e+01
      vertex   3.226208e+01 1.242170e+00 1.256637e+01
    endloop
  endfacet
  facet normal 4.431997e-01 -3.615380e-01 8.202831e-01
    outer loop
      vertex   3.125696e+01 1.194517e+00 1.366680e+01
      vertex   3.143992e+01 1.160056e+00 1.355275e+01
      vertex   3.150901e+01 1.366567e+00 1.360644e+01
    endloop
  endfacet
  facet normal 5.313809e-01 -3.752347e-01 7.594954e-01
    outer loop
      vertex   3.150901e+01 1.366567e+00 1.360644e+01
      vertex   3.143992e+01 1.160056e+00 1.355275e+01
      vertex   3.167777e+01 1.346244e+00 1.347833e+01
    endloop
  endfacet
  facet normal 5.614116e-01 -2.697838e-01 7.823258e-01
    outer loop
      vertex   3.150901e+01 1.366567e+00 1.360644e+01
      vertex   3.167777e+01 1.346244e+00 1.347833e+01
      vertex   3.172770e+01 1.561499e+00 1.351673e+01
    endloop
  endfacet
  facet normal 6.415718e-01 -2.764569e-01 7.155119e-01
    outer loop
      vertex   3.172770e+01 1.561499e+00 1.351673e+01
      vertex   3.167777e+01 1.346244e+00 1.347833e+01
      vertex   3.187876e+01 1.554958e+00 1.337876e+01
    endloop
  endfacet
  facet normal 6.609459e-01 -1.672974e-01 7.315478e-01
    outer loop
      vertex   3.172770e+01 1.561499e+00 1.351673e+01
      vertex   3.187876e+01 1.554958e+00 1.337876e+01
      vertex   3.190532e+01 1.776071e+00 1.340532e+01
    endloop
  endfacet
  facet normal 7.315478e-01 -1.672974e-01 6.609459e-01
    outer loop
      vertex   3.190532e+01 1.776071e+00 1.340532e+01
      vertex   3.187876e+01 1.554958e+00 1.337876e+01
      vertex   3.203606e+01 1.782269e+00 1.326219e+01
    endloop
  endfacet
  facet normal 5.313809e-01 -3.752347e-01 7.594954e-01
    outer loop
      vertex   3.167777e+01 1.346244e+00 1.347833e+01
      vertex   3.143992e+01 1.160056e+00 1.355275e+01
      vertex   3.161303e+01 1.139210e+00 1.342134e+01
    endloop
  endfacet
  facet normal 9.070201e-02 -9.851169e-01 1.460064e-01
    outer loop
      vertex   3.054966e+01 1.728131e-02 1.225761e+01
      vertex   3.081469e+01 5.014370e-02 1.231469e+01
      vertex   3.069304e+01 5.541187e-02 1.242581e+01
    endloop
  endfacet
  facet normal 1.649900e-01 -9.600184e-01 2.261483e-01
    outer loop
      vertex   3.069304e+01 5.541187e-02 1.242581e+01
      vertex   3.081469e+01 5.014370e-02 1.231469e+01
      vertex   3.096709e+01 1.122329e-01 1.246709e+01
    endloop
  endfacet
  facet normal 1.649900e-01 -9.600184e-01 2.261483e-01
    outer loop
      vertex   3.069304e+01 5.541187e-02 1.242581e+01
      vertex   3.096709e+01 1.122329e-01 1.246709e+01
      vertex   3.083398e+01 1.179967e-01 1.258866e+01
    endloop
  endfacet
  facet normal 2.371801e-01 -9.228655e-01 3.034220e-01
    outer loop
      vertex   3.083398e+01 1.179967e-01 1.258866e+01
      vertex   3.096709e+01 1.122329e-01 1.246709e+01
      vertex   3.111360e+01 1.980618e-01 1.261360e+01
    endloop
  endfacet
  facet normal 2.371801e-01 -9.228655e-01 3.034220e-01
    outer loop
      vertex   3.083398e+01 1.179967e-01 1.258866e+01
      vertex   3.111360e+01 1.980618e-01 1.261360e+01
      vertex   3.097073e+01 2.042489e-01 1.274411e+01
    endloop
  endfacet
  facet normal 3.063696e-01 -8.741355e-01 3.768618e-01
    outer loop
      vertex   3.097073e+01 2.042489e-01 1.274411e+01
      vertex   3.111360e+01 1.980618e-01 1.261360e+01
      vertex   3.125241e+01 3.065511e-01 1.275241e+01
    endloop
  endfacet
  facet normal 3.063696e-01 -8.741355e-01 3.768618e-01
    outer loop
      vertex   3.097073e+01 2.042489e-01 1.274411e+01
      vertex   3.125241e+01 3.065511e-01 1.275241e+01
      vertex   3.110155e+01 3.130837e-01 1.289020e+01
    endloop
  endfacet
  facet normal 3.716957e-01 -8.144479e-01 4.455523e-01
    outer loop
      vertex   3.110155e+01 3.130837e-01 1.289020e+01
      vertex   3.125241e+01 3.065511e-01 1.275241e+01
      vertex   3.138175e+01 4.363366e-01 1.288175e+01
    endloop
  endfacet
  facet normal 3.716957e-01 -8.144479e-01 4.455523e-01
    outer loop
      vertex   3.110155e+01 3.130837e-01 1.289020e+01
      vertex   3.138175e+01 4.363366e-01 1.288175e+01
      vertex   3.122481e+01 4.431324e-01 1.302509e+01
    endloop
  endfacet
  facet normal 4.323451e-01 -7.445563e-01 5.086389e-01
    outer loop
      vertex   3.122481e+01 4.431324e-01 1.302509e+01
      vertex   3.138175e+01 4.363366e-01 1.288175e+01
      vertex   3.150000e+01 5.857860e-01 1.300000e+01
    endloop
  endfacet
  facet normal 4.323451e-01 -7.445563e-01 5.086389e-01
    outer loop
      vertex   3.122481e+01 4.431324e-01 1.302509e+01
      vertex   3.150000e+01 5.857860e-01 1.300000e+01
      vertex   3.133896e+01 5.927596e-01 1.314709e+01
    endloop
  endfacet
  facet normal 6.141537e-01 -3.821253e-01 6.905038e-01
    outer loop
      vertex   3.167777e+01 1.346244e+00 1.347833e+01
      vertex   3.161303e+01 1.139210e+00 1.342134e+01
      vertex   3.183485e+01 1.339441e+00 1.333485e+01
    endloop
  endfacet
  facet normal 6.141537e-01 -3.821253e-01 6.905038e-01
    outer loop
      vertex   3.183485e+01 1.339441e+00 1.333485e+01
      vertex   3.161303e+01 1.139210e+00 1.342134e+01
      vertex   3.177416e+01 1.132232e+00 1.327416e+01
    endloop
  endfacet
  facet normal 6.905038e-01 -3.821253e-01 6.141537e-01
    outer loop
      vertex   3.183485e+01 1.339441e+00 1.333485e+01
      vertex   3.177416e+01 1.132232e+00 1.327416e+01
      vertex   3.197833e+01 1.346244e+00 1.317777e+01
    endloop
  endfacet
  facet normal 6.905038e-01 -3.821253e-01 6.141537e-01
    outer loop
      vertex   3.197833e+01 1.346244e+00 1.317777e+01
      vertex   3.177416e+01 1.132232e+00 1.327416e+01
      vertex   3.192134e+01 1.139210e+00 1.311303e+01
    endloop
  endfacet
  facet normal 7.594954e-01 -3.752347e-01 5.313809e-01
    outer loop
      vertex   3.197833e+01 1.346244e+00 1.317777e+01
      vertex   3.192134e+01 1.139210e+00 1.311303e+01
      vertex   3.210644e+01 1.366567e+00 1.300901e+01
    endloop
  endfacet
  facet normal 7.594954e-01 -3.752347e-01 5.313809e-01
    outer loop
      vertex   3.210644e+01 1.366567e+00 1.300901e+01
      vertex   3.192134e+01 1.139210e+00 1.311303e+01
      vertex   3.205275e+01 1.160056e+00 1.293992e+01
    endloop
  endfacet
  facet normal 8.202831e-01 -3.615380e-01 4.431997e-01
    outer loop
      vertex   3.210644e+01 1.366567e+00 1.300901e+01
      vertex   3.205275e+01 1.160056e+00 1.293992e+01
      vertex   3.221762e+01 1.400162e+00 1.283064e+01
    endloop
  endfacet
  facet normal 8.202831e-01 -3.615380e-01 4.431997e-01
    outer loop
      vertex   3.221762e+01 1.400162e+00 1.283064e+01
      vertex   3.205275e+01 1.160056e+00 1.293992e+01
      vertex   3.216680e+01 1.194517e+00 1.275696e+01
    endloop
  endfacet
  facet normal 8.721218e-01 -3.412029e-01 3.506908e-01
    outer loop
      vertex   3.221762e+01 1.400162e+00 1.283064e+01
      vertex   3.216680e+01 1.194517e+00 1.275696e+01
      vertex   3.231051e+01 1.446617e+00 1.264485e+01
    endloop
  endfacet
  facet normal 8.721218e-01 -3.412029e-01 3.506908e-01
    outer loop
      vertex   3.231051e+01 1.446617e+00 1.264485e+01
      vertex   3.216680e+01 1.194517e+00 1.275696e+01
      vertex   3.226208e+01 1.242170e+00 1.256637e+01
    endloop
  endfacet
  facet normal 9.144186e-01 -3.144461e-01 2.548768e-01
    outer loop
      vertex   3.231051e+01 1.446617e+00 1.264485e+01
      vertex   3.226208e+01 1.242170e+00 1.256637e+01
      vertex   3.238411e+01 1.505510e+00 1.245346e+01
    endloop
  endfacet
  facet normal 7.155119e-01 -2.764569e-01 6.415718e-01
    outer loop
      vertex   3.187876e+01 1.554958e+00 1.337876e+01
      vertex   3.183485e+01 1.339441e+00 1.333485e+01
      vertex   3.201673e+01 1.561499e+00 1.322770e+01
    endloop
  endfacet
  facet normal 7.155119e-01 -2.764569e-01 6.415718e-01
    outer loop
      vertex   3.201673e+01 1.561499e+00 1.322770e+01
      vertex   3.183485e+01 1.339441e+00 1.333485e+01
      vertex   3.197833e+01 1.346244e+00 1.317777e+01
    endloop
  endfacet
  facet normal 7.823258e-01 -2.697838e-01 5.614116e-01
    outer loop
      vertex   3.201673e+01 1.561499e+00 1.322770e+01
      vertex   3.197833e+01 1.346244e+00 1.317777e+01
      vertex   3.213993e+01 1.581043e+00 1.306541e+01
    endloop
  endfacet
  facet normal 7.823258e-01 -2.697838e-01 5.614116e-01
    outer loop
      vertex   3.213993e+01 1.581043e+00 1.306541e+01
      vertex   3.197833e+01 1.346244e+00 1.317777e+01
      vertex   3.210644e+01 1.366567e+00 1.300901e+01
    endloop
  endfacet
  facet normal 8.411948e-01 -2.565194e-01 4.760138e-01
    outer loop
      vertex   3.213993e+01 1.581043e+00 1.306541e+01
      vertex   3.210644e+01 1.366567e+00 1.300901e+01
      vertex   3.224685e+01 1.613349e+00 1.289388e+01
    endloop
  endfacet
  facet normal 8.411948e-01 -2.565194e-01 4.760138e-01
    outer loop
      vertex   3.224685e+01 1.613349e+00 1.289388e+01
      vertex   3.210644e+01 1.366567e+00 1.300901e+01
      vertex   3.221762e+01 1.400162e+00 1.283064e+01
    endloop
  endfacet
  facet normal 8.913973e-01 -2.368262e-01 3.864249e-01
    outer loop
      vertex   3.224685e+01 1.613349e+00 1.289388e+01
      vertex   3.221762e+01 1.400162e+00 1.283064e+01
      vertex   3.233617e+01 1.658023e+00 1.271521e+01
    endloop
  endfacet
  facet normal 8.913973e-01 -2.368262e-01 3.864249e-01
    outer loop
      vertex   3.233617e+01 1.658023e+00 1.271521e+01
      vertex   3.221762e+01 1.400162e+00 1.283064e+01
      vertex   3.231051e+01 1.446617e+00 1.264485e+01
    endloop
  endfacet
  facet normal 9.323416e-01 -2.109279e-01 2.936812e-01
    outer loop
      vertex   3.233617e+01 1.658023e+00 1.271521e+01
      vertex   3.231051e+01 1.446617e+00 1.264485e+01
      vertex   3.240689e+01 1.714597e+00 1.253135e+01
    endloop
  endfacet
  facet normal 9.323540e-01 -2.109585e-01 2.936196e-01
    outer loop
      vertex   3.240689e+01 1.714597e+00 1.253135e+01
      vertex   3.231051e+01 1.446617e+00 1.264485e+01
      vertex   3.238411e+01 1.505510e+00 1.245346e+01
    endloop
  endfacet
  facet normal 9.634777e-01 -1.791261e-01 1.990594e-01
    outer loop
      vertex   3.240689e+01 1.714597e+00 1.253135e+01
      vertex   3.238411e+01 1.505510e+00 1.245346e+01
      vertex   3.245789e+01 1.782137e+00 1.234527e+01
    endloop
  endfacet
  facet normal 6.415718e-01 -2.764569e-01 7.155119e-01
    outer loop
      vertex   3.183485e+01 1.339441e+00 1.333485e+01
      vertex   3.187876e+01 1.554958e+00 1.337876e+01
      vertex   3.167777e+01 1.346244e+00 1.347833e+01
    endloop
  endfacet
  facet normal 5.086389e-01 -7.445563e-01 4.323451e-01
    outer loop
      vertex   3.150000e+01 5.857860e-01 1.300000e+01
      vertex   3.138175e+01 4.363366e-01 1.288175e+01
      vertex   3.164709e+01 5.927596e-01 1.283896e+01
    endloop
  endfacet
  facet normal 5.086389e-01 -7.445563e-01 4.323451e-01
    outer loop
      vertex   3.164709e+01 5.927596e-01 1.283896e+01
      vertex   3.138175e+01 4.363366e-01 1.288175e+01
      vertex   3.152509e+01 4.431324e-01 1.272481e+01
    endloop
  endfacet
  facet normal 5.775797e-01 -7.376708e-01 3.496333e-01
    outer loop
      vertex   3.164709e+01 5.927596e-01 1.283896e+01
      vertex   3.152509e+01 4.431324e-01 1.272481e+01
      vertex   3.177844e+01 6.135950e-01 1.266595e+01
    endloop
  endfacet
  facet normal 5.775797e-01 -7.376708e-01 3.496333e-01
    outer loop
      vertex   3.177844e+01 6.135950e-01 1.266595e+01
      vertex   3.152509e+01 4.431324e-01 1.272481e+01
      vertex   3.165308e+01 4.634365e-01 1.255621e+01
    endloop
  endfacet
  facet normal 6.383226e-01 -7.239841e-01 2.615170e-01
    outer loop
      vertex   3.177844e+01 6.135950e-01 1.266595e+01
      vertex   3.165308e+01 4.634365e-01 1.255621e+01
      vertex   3.189242e+01 6.480368e-01 1.248308e+01
    endloop
  endfacet
  facet normal 6.383226e-01 -7.239841e-01 2.615170e-01
    outer loop
      vertex   3.189242e+01 6.480368e-01 1.248308e+01
      vertex   3.165308e+01 4.634365e-01 1.255621e+01
      vertex   3.176416e+01 4.970002e-01 1.237801e+01
    endloop
  endfacet
  facet normal 6.901232e-01 -7.036641e-01 1.690763e-01
    outer loop
      vertex   3.189242e+01 6.480368e-01 1.248308e+01
      vertex   3.176416e+01 4.970002e-01 1.237801e+01
      vertex   3.198765e+01 6.956630e-01 1.229260e+01
    endloop
  endfacet
  facet normal 6.901232e-01 -7.036641e-01 1.690763e-01
    outer loop
      vertex   3.198765e+01 6.956630e-01 1.229260e+01
      vertex   3.176416e+01 4.970002e-01 1.237801e+01
      vertex   3.185696e+01 5.434120e-01 1.219238e+01
    endloop
  endfacet
  facet normal 7.324645e-01 -6.768645e-01 7.314577e-02
    outer loop
      vertex   3.198765e+01 6.956630e-01 1.229260e+01
      vertex   3.185696e+01 5.434120e-01 1.219238e+01
      vertex   3.206335e+01 7.563009e-01 1.209562e+01
    endloop
  endfacet
  facet normal 4.455523e-01 -8.144479e-01 3.716957e-01
    outer loop
      vertex   3.138175e+01 4.363366e-01 1.288175e+01
      vertex   3.125241e+01 3.065511e-01 1.275241e+01
      vertex   3.152509e+01 4.431324e-01 1.272481e+01
    endloop
  endfacet
  facet normal 4.455523e-01 -8.144479e-01 3.716957e-01
    outer loop
      vertex   3.152509e+01 4.431324e-01 1.272481e+01
      vertex   3.125241e+01 3.065511e-01 1.275241e+01
      vertex   3.139020e+01 3.130837e-01 1.260155e+01
    endloop
  endfacet
  facet normal 5.122908e-01 -8.077824e-01 2.916261e-01
    outer loop
      vertex   3.152509e+01 4.431324e-01 1.272481e+01
      vertex   3.139020e+01 3.130837e-01 1.260155e+01
      vertex   3.165308e+01 4.634365e-01 1.255621e+01
    endloop
  endfacet
  facet normal 5.122908e-01 -8.077824e-01 2.916261e-01
    outer loop
      vertex   3.165308e+01 4.634365e-01 1.255621e+01
      vertex   3.139020e+01 3.130837e-01 1.260155e+01
      vertex   3.151323e+01 3.326012e-01 1.243948e+01
    endloop
  endfacet
  facet normal 5.710933e-01 -7.945329e-01 2.063247e-01
    outer loop
      vertex   3.165308e+01 4.634365e-01 1.255621e+01
      vertex   3.151323e+01 3.326012e-01 1.243948e+01
      vertex   3.176416e+01 4.970002e-01 1.237801e+01
    endloop
  endfacet
  facet normal 5.710933e-01 -7.945329e-01 2.063247e-01
    outer loop
      vertex   3.176416e+01 4.970002e-01 1.237801e+01
      vertex   3.151323e+01 3.326012e-01 1.243948e+01
      vertex   3.162001e+01 3.648646e-01 1.226818e+01
    endloop
  endfacet
  facet normal 6.212391e-01 -7.748620e-01 1.168370e-01
    outer loop
      vertex   3.176416e+01 4.970002e-01 1.237801e+01
      vertex   3.162001e+01 3.648646e-01 1.226818e+01
      vertex   3.185696e+01 5.434120e-01 1.219238e+01
    endloop
  endfacet
  facet normal 6.212391e-01 -7.748620e-01 1.168370e-01
    outer loop
      vertex   3.185696e+01 5.434120e-01 1.219238e+01
      vertex   3.162001e+01 3.648646e-01 1.226818e+01
      vertex   3.170921e+01 4.094784e-01 1.208975e+01
    endloop
  endfacet
  facet normal 3.768618e-01 -8.741355e-01 3.063696e-01
    outer loop
      vertex   3.125241e+01 3.065511e-01 1.275241e+01
      vertex   3.111360e+01 1.980618e-01 1.261360e+01
      vertex   3.139020e+01 3.130837e-01 1.260155e+01
    endloop
  endfacet
  facet normal 3.768618e-01 -8.741355e-01 3.063696e-01
    outer loop
      vertex   3.139020e+01 3.130837e-01 1.260155e+01
      vertex   3.111360e+01 1.980618e-01 1.261360e+01
      vertex   3.124411e+01 2.042489e-01 1.247073e+01
    endloop
  endfacet
  facet normal 4.405602e-01 -8.677735e-01 2.299474e-01
    outer loop
      vertex   3.139020e+01 3.130837e-01 1.260155e+01
      vertex   3.124411e+01 2.042489e-01 1.247073e+01
      vertex   3.151323e+01 3.326012e-01 1.243948e+01
    endloop
  endfacet
  facet normal 4.405602e-01 -8.677735e-01 2.299474e-01
    outer loop
      vertex   3.151323e+01 3.326012e-01 1.243948e+01
      vertex   3.124411e+01 2.042489e-01 1.247073e+01
      vertex   3.136064e+01 2.227344e-01 1.231723e+01
    endloop
  endfacet
  facet normal 4.966840e-01 -8.551276e-01 1.485318e-01
    outer loop
      vertex   3.151323e+01 3.326012e-01 1.243948e+01
      vertex   3.136064e+01 2.227344e-01 1.231723e+01
      vertex   3.162001e+01 3.648646e-01 1.226818e+01
    endloop
  endfacet
  facet normal 3.034220e-01 -9.228655e-01 2.371801e-01
    outer loop
      vertex   3.111360e+01 1.980618e-01 1.261360e+01
      vertex   3.096709e+01 1.122329e-01 1.246709e+01
      vertex   3.124411e+01 2.042489e-01 1.247073e+01
    endloop
  endfacet
  facet normal 3.034220e-01 -9.228655e-01 2.371801e-01
    outer loop
      vertex   3.124411e+01 2.042489e-01 1.247073e+01
      vertex   3.096709e+01 1.122329e-01 1.246709e+01
      vertex   3.108866e+01 1.179967e-01 1.233398e+01
    endloop
  endfacet
  facet normal 3.632798e-01 -9.168871e-01 1.653656e-01
    outer loop
      vertex   3.124411e+01 2.042489e-01 1.247073e+01
      vertex   3.108866e+01 1.179967e-01 1.233398e+01
      vertex   3.136064e+01 2.227344e-01 1.231723e+01
    endloop
  endfacet
  facet normal 2.261483e-01 -9.600184e-01 1.649900e-01
    outer loop
      vertex   3.096709e+01 1.122329e-01 1.246709e+01
      vertex   3.081469e+01 5.014370e-02 1.231469e+01
      vertex   3.108866e+01 1.179967e-01 1.233398e+01
    endloop
  endfacet
  facet normal 1.460064e-01 -9.851169e-01 9.070201e-02
    outer loop
      vertex   3.075761e+01 1.728131e-02 1.204966e+01
      vertex   3.092581e+01 5.541187e-02 1.219304e+01
      vertex   3.065834e+01 1.257510e-02 1.215834e+01
    endloop
  endfacet
  facet normal 7.953453e-01 -1.609255e-01 5.844047e-01
    outer loop
      vertex   3.215280e+01 1.800787e+00 1.310841e+01
      vertex   3.203606e+01 1.782269e+00 1.326219e+01
      vertex   3.201673e+01 1.561499e+00 1.322770e+01
    endloop
  endfacet
  facet normal 7.315478e-01 -1.672974e-01 6.609459e-01
    outer loop
      vertex   3.201673e+01 1.561499e+00 1.322770e+01
      vertex   3.203606e+01 1.782269e+00 1.326219e+01
      vertex   3.187876e+01 1.554958e+00 1.337876e+01
    endloop
  endfacet
  facet normal 7.953453e-01 -1.609255e-01 5.844047e-01
    outer loop
      vertex   3.215280e+01 1.800787e+00 1.310841e+01
      vertex   3.201673e+01 1.561499e+00 1.322770e+01
      vertex   3.213993e+01 1.581043e+00 1.306541e+01
    endloop
  endfacet
  facet normal 4.160197e-01 -9.050037e-01 8.885886e-02
    outer loop
      vertex   3.129143e+01 1.636848e-01 1.203984e+01
      vertex   3.146177e+01 2.532918e-01 1.215498e+01
      vertex   3.119722e+01 1.352178e-01 1.219098e+01
    endloop
  endfacet
  facet normal 8.515565e-01 -1.482600e-01 5.028624e-01
    outer loop
      vertex   3.225411e+01 1.831399e+00 1.294588e+01
      vertex   3.215280e+01 1.800787e+00 1.310841e+01
      vertex   3.213993e+01 1.581043e+00 1.306541e+01
    endloop
  endfacet
  facet normal 8.515565e-01 -1.482600e-01 5.028624e-01
    outer loop
      vertex   3.225411e+01 1.831399e+00 1.294588e+01
      vertex   3.213993e+01 1.581043e+00 1.306541e+01
      vertex   3.224685e+01 1.613349e+00 1.289388e+01
    endloop
  endfacet
  facet normal 8.994925e-01 -1.294559e-01 4.173182e-01
    outer loop
      vertex   3.233874e+01 1.873730e+00 1.277658e+01
      vertex   3.225411e+01 1.831399e+00 1.294588e+01
      vertex   3.224685e+01 1.613349e+00 1.289388e+01
    endloop
  endfacet
  facet normal 8.994925e-01 -1.294559e-01 4.173182e-01
    outer loop
      vertex   3.233874e+01 1.873730e+00 1.277658e+01
      vertex   3.224685e+01 1.613349e+00 1.289388e+01
      vertex   3.233617e+01 1.658023e+00 1.271521e+01
    endloop
  endfacet
  facet normal 8.850345e-01 -4.140356e-01 2.128109e-01
    outer loop
      vertex   3.233763e+01 1.302646e+00 1.236986e+01
      vertex   3.219149e+01 1.047253e+00 1.248078e+01
      vertex   3.226806e+01 1.108554e+00 1.228160e+01
    endloop
  endfacet
  facet normal 9.385715e-01 -1.047395e-01 3.288056e-01
    outer loop
      vertex   3.240569e+01 1.927279e+00 1.260253e+01
      vertex   3.233874e+01 1.873730e+00 1.277658e+01
      vertex   3.233617e+01 1.658023e+00 1.271521e+01
    endloop
  endfacet
  facet normal 9.385882e-01 -1.047676e-01 3.287490e-01
    outer loop
      vertex   3.240569e+01 1.927279e+00 1.260253e+01
      vertex   3.233617e+01 1.658023e+00 1.271521e+01
      vertex   3.240689e+01 1.714597e+00 1.253135e+01
    endloop
  endfacet
  facet normal 9.177936e-01 -3.805656e-01 1.132467e-01
    outer loop
      vertex   3.232295e+01 1.181303e+00 1.208121e+01
      vertex   3.239191e+01 1.374559e+00 1.217176e+01
      vertex   3.226806e+01 1.108554e+00 1.228160e+01
    endloop
  endfacet
  facet normal 9.177964e-01 -3.805380e-01 1.133166e-01
    outer loop
      vertex   3.226806e+01 1.108554e+00 1.228160e+01
      vertex   3.239191e+01 1.374559e+00 1.217176e+01
      vertex   3.233763e+01 1.302646e+00 1.236986e+01
    endloop
  endfacet
  facet normal 9.465733e-01 -2.816329e-01 1.571045e-01
    outer loop
      vertex   3.239191e+01 1.374559e+00 1.217176e+01
      vertex   3.243708e+01 1.575680e+00 1.226015e+01
      vertex   3.233763e+01 1.302646e+00 1.236986e+01
    endloop
  endfacet
  facet normal 9.683013e-01 -7.437860e-02 2.384541e-01
    outer loop
      vertex   3.245408e+01 1.991333e+00 1.242604e+01
      vertex   3.240569e+01 1.927279e+00 1.260253e+01
      vertex   3.240689e+01 1.714597e+00 1.253135e+01
    endloop
  endfacet
  facet normal 9.683140e-01 -7.440327e-02 2.383949e-01
    outer loop
      vertex   3.245408e+01 1.991333e+00 1.242604e+01
      vertex   3.240689e+01 1.714597e+00 1.253135e+01
      vertex   3.245789e+01 1.782137e+00 1.234527e+01
    endloop
  endfacet
  facet normal 9.984268e-01 -5.607045e-02 -1.901760e-15
    outer loop
      vertex   3.248742e+01 1.776071e+00 1.200000e+01
      vertex   3.248742e+01 1.776071e+00 8.250000e+00
      vertex   3.250000e+01 2.000000e+00 1.200000e+01
    endloop
  endfacet
  facet normal 9.984268e-01 -5.607045e-02 -1.431109e-19
    outer loop
      vertex   3.250000e+01 2.000000e+00 1.200000e+01
      vertex   3.248742e+01 1.776071e+00 8.250000e+00
      vertex   3.248742e+01 1.776071e+00 4.500000e+00
    endloop
  endfacet
  facet normal 9.984268e-01 -5.607045e-02 0.000000e+00
    outer loop
      vertex   3.250000e+01 2.000000e+00 1.200000e+01
      vertex   3.248742e+01 1.776071e+00 4.500000e+00
      vertex   3.250000e+01 2.000000e+00 -3.000000e+00
    endloop
  endfacet
  facet normal 9.984268e-01 -5.607045e-02 -1.431109e-19
    outer loop
      vertex   3.250000e+01 2.000000e+00 -3.000000e+00
      vertex   3.248742e+01 1.776071e+00 4.500000e+00
      vertex   3.248742e+01 1.776071e+00 7.500000e-01
    endloop
  endfacet
  facet normal 9.984268e-01 -5.607045e-02 1.901693e-15
    outer loop
      vertex   3.250000e+01 2.000000e+00 -3.000000e+00
      vertex   3.248742e+01 1.776071e+00 7.500000e-01
      vertex   3.248742e+01 1.776071e+00 -3.000000e+00
    endloop
  endfacet
  facet normal 9.858710e-01 -1.675062e-01 1.897764e-15
    outer loop
      vertex   3.248742e+01 1.776071e+00 -3.000000e+00
      vertex   3.248742e+01 1.776071e+00 7.500000e-01
      vertex   3.244986e+01 1.554958e+00 -3.000000e+00
    endloop
  endfacet
  facet normal 9.858710e-01 -1.675062e-01 2.975508e-17
    outer loop
      vertex   3.244986e+01 1.554958e+00 -3.000000e+00
      vertex   3.248742e+01 1.776071e+00 7.500000e-01
      vertex   3.244986e+01 1.554958e+00 7.500000e-01
    endloop
  endfacet
  facet normal 9.609173e-01 -2.768355e-01 4.917587e-17
    outer loop
      vertex   3.244986e+01 1.554958e+00 -3.000000e+00
      vertex   3.244986e+01 1.554958e+00 7.500000e-01
      vertex   3.238777e+01 1.339441e+00 -3.000000e+00
    endloop
  endfacet
  facet normal 9.609173e-01 -2.768355e-01 1.639196e-17
    outer loop
      vertex   3.238777e+01 1.339441e+00 -3.000000e+00
      vertex   3.244986e+01 1.554958e+00 7.500000e-01
      vertex   3.238777e+01 1.339441e+00 7.500000e-01
    endloop
  endfacet
  facet normal 9.238795e-01 -3.826834e-01 2.265941e-17
    outer loop
      vertex   3.238777e+01 1.339441e+00 -3.000000e+00
      vertex   3.238777e+01 1.339441e+00 7.500000e-01
      vertex   3.230194e+01 1.132232e+00 -3.000000e+00
    endloop
  endfacet
  facet normal 9.238795e-01 -3.826834e-01 2.265941e-17
    outer loop
      vertex   3.230194e+01 1.132232e+00 -3.000000e+00
      vertex   3.238777e+01 1.339441e+00 7.500000e-01
      vertex   3.230194e+01 1.132232e+00 7.500000e-01
    endloop
  endfacet
  facet normal 8.752234e-01 -4.837189e-01 2.864191e-17
    outer loop
      vertex   3.230194e+01 1.132232e+00 -3.000000e+00
      vertex   3.230194e+01 1.132232e+00 7.500000e-01
      vertex   3.219345e+01 9.359354e-01 -3.000000e+00
    endloop
  endfacet
  facet normal 8.752234e-01 -4.837189e-01 4.296287e-17
    outer loop
      vertex   3.219345e+01 9.359354e-01 -3.000000e+00
      vertex   3.230194e+01 1.132232e+00 7.500000e-01
      vertex   3.219345e+01 9.359354e-01 7.500000e-01
    endloop
  endfacet
  facet normal 8.155609e-01 -5.786713e-01 5.139634e-17
    outer loop
      vertex   3.219345e+01 9.359354e-01 -3.000000e+00
      vertex   3.219345e+01 9.359354e-01 7.500000e-01
      vertex   3.206366e+01 7.530199e-01 -3.000000e+00
    endloop
  endfacet
  facet normal 8.155609e-01 -5.786713e-01 -6.852845e-17
    outer loop
      vertex   3.206366e+01 7.530199e-01 -3.000000e+00
      vertex   3.219345e+01 9.359354e-01 7.500000e-01
      vertex   3.206366e+01 7.530199e-01 7.500000e-01
    endloop
  endfacet
  facet normal 7.456422e-01 -6.663466e-01 -7.891129e-17
    outer loop
      vertex   3.206366e+01 7.530199e-01 -3.000000e+00
      vertex   3.206366e+01 7.530199e-01 7.500000e-01
      vertex   3.191421e+01 5.857860e-01 -3.000000e+00
    endloop
  endfacet
  facet normal 7.456422e-01 -6.663466e-01 9.863911e-17
    outer loop
      vertex   3.191421e+01 5.857860e-01 -3.000000e+00
      vertex   3.206366e+01 7.530199e-01 7.500000e-01
      vertex   3.191421e+01 5.857860e-01 7.500000e-01
    endloop
  endfacet
  facet normal 6.663466e-01 -7.456422e-01 1.103772e-16
    outer loop
      vertex   3.191421e+01 5.857860e-01 -3.000000e+00
      vertex   3.191421e+01 5.857860e-01 7.500000e-01
      vertex   3.174698e+01 4.363366e-01 -3.000000e+00
    endloop
  endfacet
  facet normal 6.663466e-01 -7.456422e-01 5.518861e-17
    outer loop
      vertex   3.174698e+01 4.363366e-01 -3.000000e+00
      vertex   3.191421e+01 5.857860e-01 7.500000e-01
      vertex   3.174698e+01 4.363366e-01 7.500000e-01
    endloop
  endfacet
  facet normal 5.786713e-01 -8.155609e-01 6.036363e-17
    outer loop
      vertex   3.174698e+01 4.363366e-01 -3.000000e+00
      vertex   3.174698e+01 4.363366e-01 7.500000e-01
      vertex   3.156406e+01 3.065511e-01 -3.000000e+00
    endloop
  endfacet
  facet normal 5.786713e-01 -8.155609e-01 -4.829090e-17
    outer loop
      vertex   3.156406e+01 3.065511e-01 -3.000000e+00
      vertex   3.174698e+01 4.363366e-01 7.500000e-01
      vertex   3.156406e+01 3.065511e-01 7.500000e-01
    endloop
  endfacet
  facet normal 4.837189e-01 -8.752234e-01 -5.182364e-17
    outer loop
      vertex   3.156406e+01 3.065511e-01 -3.000000e+00
      vertex   3.156406e+01 3.065511e-01 7.500000e-01
      vertex   3.136777e+01 1.980618e-01 -3.000000e+00
    endloop
  endfacet
  facet normal 4.837189e-01 -8.752234e-01 -1.619489e-16
    outer loop
      vertex   3.136777e+01 1.980618e-01 -3.000000e+00
      vertex   3.156406e+01 3.065511e-01 7.500000e-01
      vertex   3.136777e+01 1.980618e-01 7.500000e-01
    endloop
  endfacet
  facet normal 3.826834e-01 -9.238795e-01 -1.709521e-16
    outer loop
      vertex   3.136777e+01 1.980618e-01 -3.000000e+00
      vertex   3.136777e+01 1.980618e-01 7.500000e-01
      vertex   3.116056e+01 1.122329e-01 -3.000000e+00
    endloop
  endfacet
  facet normal 3.826834e-01 -9.238795e-01 -8.547603e-17
    outer loop
      vertex   3.116056e+01 1.122329e-01 -3.000000e+00
      vertex   3.136777e+01 1.980618e-01 7.500000e-01
      vertex   3.116056e+01 1.122329e-01 7.500000e-01
    endloop
  endfacet
  facet normal 2.768355e-01 -9.609173e-01 -8.890271e-17
    outer loop
      vertex   3.116056e+01 1.122329e-01 -3.000000e+00
      vertex   3.116056e+01 1.122329e-01 7.500000e-01
      vertex   3.094504e+01 5.014370e-02 -3.000000e+00
    endloop
  endfacet
  facet normal 2.768355e-01 -9.609173e-01 3.556108e-17
    outer loop
      vertex   3.094504e+01 5.014370e-02 -3.000000e+00
      vertex   3.116056e+01 1.122329e-01 7.500000e-01
      vertex   3.094504e+01 5.014370e-02 7.500000e-01
    endloop
  endfacet
  facet normal 1.675062e-01 -9.858710e-01 3.648456e-17
    outer loop
      vertex   3.094504e+01 5.014370e-02 -3.000000e+00
      vertex   3.094504e+01 5.014370e-02 7.500000e-01
      vertex   3.072393e+01 1.257510e-02 -3.000000e+00
    endloop
  endfacet
  facet normal 1.675062e-01 -9.858710e-01 0.000000e+00
    outer loop
      vertex   3.072393e+01 1.257510e-02 -3.000000e+00
      vertex   3.094504e+01 5.014370e-02 7.500000e-01
      vertex   3.072393e+01 1.257510e-02 7.500000e-01
    endloop
  endfacet
  facet normal 5.607045e-02 -9.984268e-01 0.000000e+00
    outer loop
      vertex   3.072393e+01 1.257510e-02 -3.000000e+00
      vertex   3.072393e+01 1.257510e-02 7.500000e-01
      vertex   3.050000e+01 -4.768372e-07 -3.000000e+00
    endloop
  endfacet
  facet normal 5.607045e-02 -9.984268e-01 -2.498100e-19
    outer loop
      vertex   3.050000e+01 -4.768372e-07 -3.000000e+00
      vertex   3.072393e+01 1.257510e-02 7.500000e-01
      vertex   3.072393e+01 1.257510e-02 4.500000e+00
    endloop
  endfacet
  facet normal 5.607045e-02 -9.984268e-01 0.000000e+00
    outer loop
      vertex   3.050000e+01 -4.768372e-07 -3.000000e+00
      vertex   3.072393e+01 1.257510e-02 4.500000e+00
      vertex   3.050000e+01 -4.768372e-07 1.200000e+01
    endloop
  endfacet
  facet normal 5.607045e-02 -9.984268e-01 -2.498100e-19
    outer loop
      vertex   3.050000e+01 -4.768372e-07 1.200000e+01
      vertex   3.072393e+01 1.257510e-02 4.500000e+00
      vertex   3.072393e+01 1.257510e-02 8.250000e+00
    endloop
  endfacet
  facet normal 5.607045e-02 -9.984268e-01 -6.283865e-16
    outer loop
      vertex   3.050000e+01 -4.768372e-07 1.200000e+01
      vertex   3.072393e+01 1.257510e-02 8.250000e+00
      vertex   3.072393e+01 1.257510e-02 1.200000e+01
    endloop
  endfacet
  facet normal 1.675062e-01 -9.858710e-01 -6.202375e-16
    outer loop
      vertex   3.072393e+01 1.257510e-02 1.200000e+01
      vertex   3.072393e+01 1.257510e-02 8.250000e+00
      vertex   3.094504e+01 5.014370e-02 1.200000e+01
    endloop
  endfacet
  facet normal 1.675062e-01 -9.858710e-01 -6.567220e-16
    outer loop
      vertex   3.094504e+01 5.014370e-02 1.200000e+01
      vertex   3.072393e+01 1.257510e-02 8.250000e+00
      vertex   3.094504e+01 5.014370e-02 8.250000e+00
    endloop
  endfacet
  facet normal 2.768355e-01 -9.609173e-01 -6.400995e-16
    outer loop
      vertex   3.094504e+01 5.014370e-02 1.200000e+01
      vertex   3.094504e+01 5.014370e-02 8.250000e+00
      vertex   3.116056e+01 1.122329e-01 1.200000e+01
    endloop
  endfacet
  facet normal 2.768355e-01 -9.609173e-01 -5.156357e-16
    outer loop
      vertex   3.116056e+01 1.122329e-01 1.200000e+01
      vertex   3.094504e+01 5.014370e-02 8.250000e+00
      vertex   3.116056e+01 1.122329e-01 8.250000e+00
    endloop
  endfacet
  facet normal 3.826834e-01 -9.238795e-01 -4.957610e-16
    outer loop
      vertex   3.116056e+01 1.122329e-01 1.200000e+01
      vertex   3.116056e+01 1.122329e-01 8.250000e+00
      vertex   3.136777e+01 1.980618e-01 1.200000e+01
    endloop
  endfacet
  facet normal 3.826834e-01 -9.238795e-01 -4.444753e-16
    outer loop
      vertex   3.136777e+01 1.980618e-01 1.200000e+01
      vertex   3.116056e+01 1.122329e-01 8.250000e+00
      vertex   3.136777e+01 1.980618e-01 8.250000e+00
    endloop
  endfacet
  facet normal 4.837189e-01 -8.752234e-01 -4.210671e-16
    outer loop
      vertex   3.136777e+01 1.980618e-01 1.200000e+01
      vertex   3.136777e+01 1.980618e-01 8.250000e+00
      vertex   3.156406e+01 3.065511e-01 1.200000e+01
    endloop
  endfacet
  facet normal 4.837189e-01 -8.752234e-01 -5.052805e-16
    outer loop
      vertex   3.156406e+01 3.065511e-01 1.200000e+01
      vertex   3.136777e+01 1.980618e-01 8.250000e+00
      vertex   3.156406e+01 3.065511e-01 8.250000e+00
    endloop
  endfacet
  facet normal 5.786713e-01 -8.155609e-01 -4.708363e-16
    outer loop
      vertex   3.156406e+01 3.065511e-01 1.200000e+01
      vertex   3.156406e+01 3.065511e-01 8.250000e+00
      vertex   3.174698e+01 4.363366e-01 1.200000e+01
    endloop
  endfacet
  facet normal 5.786713e-01 -8.155609e-01 -3.501091e-16
    outer loop
      vertex   3.174698e+01 4.363366e-01 1.200000e+01
      vertex   3.156406e+01 3.065511e-01 8.250000e+00
      vertex   3.174698e+01 4.363366e-01 8.250000e+00
    endloop
  endfacet
  facet normal 6.663466e-01 -7.456422e-01 -3.200939e-16
    outer loop
      vertex   3.174698e+01 4.363366e-01 1.200000e+01
      vertex   3.174698e+01 4.363366e-01 8.250000e+00
      vertex   3.191421e+01 5.857860e-01 1.200000e+01
    endloop
  endfacet
  facet normal 6.663466e-01 -7.456422e-01 -3.973580e-16
    outer loop
      vertex   3.191421e+01 5.857860e-01 1.200000e+01
      vertex   3.174698e+01 4.363366e-01 8.250000e+00
      vertex   3.191421e+01 5.857860e-01 8.250000e+00
    endloop
  endfacet
  facet normal 7.456422e-01 -6.663466e-01 -3.551008e-16
    outer loop
      vertex   3.191421e+01 5.857860e-01 1.200000e+01
      vertex   3.191421e+01 5.857860e-01 8.250000e+00
      vertex   3.206366e+01 7.530199e-01 1.200000e+01
    endloop
  endfacet
  facet normal 7.456422e-01 -6.663466e-01 -1.183669e-16
    outer loop
      vertex   3.206366e+01 7.530199e-01 1.200000e+01
      vertex   3.191421e+01 5.857860e-01 8.250000e+00
      vertex   3.206366e+01 7.530199e-01 8.250000e+00
    endloop
  endfacet
  facet normal 8.155609e-01 -5.786713e-01 -1.027927e-16
    outer loop
      vertex   3.206366e+01 7.530199e-01 1.200000e+01
      vertex   3.206366e+01 7.530199e-01 8.250000e+00
      vertex   3.219345e+01 9.359354e-01 1.200000e+01
    endloop
  endfacet
  facet normal 8.155609e-01 -5.786713e-01 -3.255101e-16
    outer loop
      vertex   3.219345e+01 9.359354e-01 1.200000e+01
      vertex   3.206366e+01 7.530199e-01 8.250000e+00
      vertex   3.219345e+01 9.359354e-01 8.250000e+00
    endloop
  endfacet
  facet normal 8.752234e-01 -4.837189e-01 -2.720982e-16
    outer loop
      vertex   3.219345e+01 9.359354e-01 1.200000e+01
      vertex   3.219345e+01 9.359354e-01 8.250000e+00
      vertex   3.230194e+01 1.132232e+00 1.200000e+01
    endloop
  endfacet
  facet normal 8.752234e-01 -4.837189e-01 -1.887492e-15
    outer loop
      vertex   3.230194e+01 1.132232e+00 1.200000e+01
      vertex   3.219345e+01 9.359354e-01 8.250000e+00
      vertex   3.230194e+01 1.132232e+00 8.250000e+00
    endloop
  endfacet
  facet normal 9.238795e-01 -3.826834e-01 -1.931824e-15
    outer loop
      vertex   3.230194e+01 1.132232e+00 1.200000e+01
      vertex   3.230194e+01 1.132232e+00 8.250000e+00
      vertex   3.238777e+01 1.339441e+00 1.200000e+01
    endloop
  endfacet
  facet normal 9.238795e-01 -3.826834e-01 -1.132971e-16
    outer loop
      vertex   3.238777e+01 1.339441e+00 1.200000e+01
      vertex   3.230194e+01 1.132232e+00 8.250000e+00
      vertex   3.238777e+01 1.339441e+00 8.250000e+00
    endloop
  endfacet
  facet normal 9.609173e-01 -2.768355e-01 -8.195978e-17
    outer loop
      vertex   3.238777e+01 1.339441e+00 1.200000e+01
      vertex   3.238777e+01 1.339441e+00 8.250000e+00
      vertex   3.244986e+01 1.554958e+00 1.200000e+01
    endloop
  endfacet
  facet normal 9.609173e-01 -2.768355e-01 -9.835173e-17
    outer loop
      vertex   3.244986e+01 1.554958e+00 1.200000e+01
      vertex   3.238777e+01 1.339441e+00 8.250000e+00
      vertex   3.244986e+01 1.554958e+00 8.250000e+00
    endloop
  endfacet
  facet normal 9.858710e-01 -1.675062e-01 -5.951017e-17
    outer loop
      vertex   3.244986e+01 1.554958e+00 1.200000e+01
      vertex   3.244986e+01 1.554958e+00 8.250000e+00
      vertex   3.248742e+01 1.776071e+00 1.200000e+01
    endloop
  endfacet
  facet normal 9.858710e-01 -1.675062e-01 -1.897764e-15
    outer loop
      vertex   3.248742e+01 1.776071e+00 1.200000e+01
      vertex   3.244986e+01 1.554958e+00 8.250000e+00
      vertex   3.248742e+01 1.776071e+00 8.250000e+00
    endloop
  endfacet
  facet normal 9.858710e-01 -1.675062e-01 -5.910571e-19
    outer loop
      vertex   3.244986e+01 1.554958e+00 7.500000e-01
      vertex   3.248742e+01 1.776071e+00 7.500000e-01
      vertex   3.248742e+01 1.776071e+00 4.500000e+00
    endloop
  endfacet
  facet normal 9.858710e-01 -1.675062e-01 0.000000e+00
    outer loop
      vertex   3.248742e+01 1.776071e+00 4.500000e+00
      vertex   3.248742e+01 1.776071e+00 8.250000e+00
      vertex   3.244986e+01 1.554958e+00 4.500000e+00
    endloop
  endfacet
  facet normal 9.858710e-01 -1.675062e-01 0.000000e+00
    outer loop
      vertex   3.244986e+01 1.554958e+00 4.500000e+00
      vertex   3.248742e+01 1.776071e+00 8.250000e+00
      vertex   3.244986e+01 1.554958e+00 8.250000e+00
    endloop
  endfacet
  facet normal 9.609173e-01 -2.768355e-01 0.000000e+00
    outer loop
      vertex   3.244986e+01 1.554958e+00 4.500000e+00
      vertex   3.244986e+01 1.554958e+00 8.250000e+00
      vertex   3.238777e+01 1.339441e+00 4.500000e+00
    endloop
  endfacet
  facet normal 9.609173e-01 -2.768355e-01 0.000000e+00
    outer loop
      vertex   3.238777e+01 1.339441e+00 4.500000e+00
      vertex   3.244986e+01 1.554958e+00 8.250000e+00
      vertex   3.238777e+01 1.339441e+00 8.250000e+00
    endloop
  endfacet
  facet normal 9.238795e-01 -3.826834e-01 0.000000e+00
    outer loop
      vertex   3.238777e+01 1.339441e+00 4.500000e+00
      vertex   3.238777e+01 1.339441e+00 8.250000e+00
      vertex   3.230194e+01 1.132232e+00 4.500000e+00
    endloop
  endfacet
  facet normal 9.238795e-01 -3.826834e-01 2.265941e-17
    outer loop
      vertex   3.230194e+01 1.132232e+00 4.500000e+00
      vertex   3.238777e+01 1.339441e+00 8.250000e+00
      vertex   3.230194e+01 1.132232e+00 8.250000e+00
    endloop
  endfacet
  facet normal 8.752234e-01 -4.837189e-01 2.864191e-17
    outer loop
      vertex   3.230194e+01 1.132232e+00 4.500000e+00
      vertex   3.230194e+01 1.132232e+00 8.250000e+00
      vertex   3.219345e+01 9.359354e-01 4.500000e+00
    endloop
  endfacet
  facet normal 8.752234e-01 -4.837189e-01 2.864191e-17
    outer loop
      vertex   3.219345e+01 9.359354e-01 4.500000e+00
      vertex   3.230194e+01 1.132232e+00 8.250000e+00
      vertex   3.219345e+01 9.359354e-01 8.250000e+00
    endloop
  endfacet
  facet normal 8.155609e-01 -5.786713e-01 3.426422e-17
    outer loop
      vertex   3.219345e+01 9.359354e-01 4.500000e+00
      vertex   3.219345e+01 9.359354e-01 8.250000e+00
      vertex   3.206366e+01 7.530199e-01 4.500000e+00
    endloop
  endfacet
  facet normal 8.155609e-01 -5.786713e-01 -1.713211e-17
    outer loop
      vertex   3.206366e+01 7.530199e-01 4.500000e+00
      vertex   3.219345e+01 9.359354e-01 8.250000e+00
      vertex   3.206366e+01 7.530199e-01 8.250000e+00
    endloop
  endfacet
  facet normal 7.456422e-01 -6.663466e-01 -1.972782e-17
    outer loop
      vertex   3.206366e+01 7.530199e-01 4.500000e+00
      vertex   3.206366e+01 7.530199e-01 8.250000e+00
      vertex   3.191421e+01 5.857860e-01 4.500000e+00
    endloop
  endfacet
  facet normal 7.456422e-01 -6.663466e-01 -3.945564e-17
    outer loop
      vertex   3.191421e+01 5.857860e-01 4.500000e+00
      vertex   3.206366e+01 7.530199e-01 8.250000e+00
      vertex   3.191421e+01 5.857860e-01 8.250000e+00
    endloop
  endfacet
  facet normal 6.663466e-01 -7.456422e-01 -4.415089e-17
    outer loop
      vertex   3.191421e+01 5.857860e-01 4.500000e+00
      vertex   3.191421e+01 5.857860e-01 8.250000e+00
      vertex   3.174698e+01 4.363366e-01 4.500000e+00
    endloop
  endfacet
  facet normal 6.663466e-01 -7.456422e-01 -5.518861e-17
    outer loop
      vertex   3.174698e+01 4.363366e-01 4.500000e+00
      vertex   3.191421e+01 5.857860e-01 8.250000e+00
      vertex   3.174698e+01 4.363366e-01 8.250000e+00
    endloop
  endfacet
  facet normal 5.786713e-01 -8.155609e-01 -6.036363e-17
    outer loop
      vertex   3.174698e+01 4.363366e-01 4.500000e+00
      vertex   3.174698e+01 4.363366e-01 8.250000e+00
      vertex   3.156406e+01 3.065511e-01 4.500000e+00
    endloop
  endfacet
  facet normal 5.786713e-01 -8.155609e-01 -1.096455e-15
    outer loop
      vertex   3.156406e+01 3.065511e-01 4.500000e+00
      vertex   3.174698e+01 4.363366e-01 8.250000e+00
      vertex   3.156406e+01 3.065511e-01 8.250000e+00
    endloop
  endfacet
  facet normal 4.837189e-01 -8.752234e-01 -9.165412e-16
    outer loop
      vertex   3.156406e+01 3.065511e-01 4.500000e+00
      vertex   3.156406e+01 3.065511e-01 8.250000e+00
      vertex   3.136777e+01 1.980618e-01 4.500000e+00
    endloop
  endfacet
  facet normal 4.837189e-01 -8.752234e-01 -3.934910e-16
    outer loop
      vertex   3.136777e+01 1.980618e-01 4.500000e+00
      vertex   3.156406e+01 3.065511e-01 8.250000e+00
      vertex   3.136777e+01 1.980618e-01 8.250000e+00
    endloop
  endfacet
  facet normal 3.826834e-01 -9.238795e-01 -2.941698e-16
    outer loop
      vertex   3.136777e+01 1.980618e-01 4.500000e+00
      vertex   3.136777e+01 1.980618e-01 8.250000e+00
      vertex   3.116056e+01 1.122329e-01 4.500000e+00
    endloop
  endfacet
  facet normal 3.826834e-01 -9.238795e-01 0.000000e+00
    outer loop
      vertex   3.116056e+01 1.122329e-01 4.500000e+00
      vertex   3.136777e+01 1.980618e-01 8.250000e+00
      vertex   3.116056e+01 1.122329e-01 8.250000e+00
    endloop
  endfacet
  facet normal 2.768355e-01 -9.609173e-01 0.000000e+00
    outer loop
      vertex   3.116056e+01 1.122329e-01 4.500000e+00
      vertex   3.116056e+01 1.122329e-01 8.250000e+00
      vertex   3.094504e+01 5.014370e-02 4.500000e+00
    endloop
  endfacet
  facet normal 2.768355e-01 -9.609173e-01 0.000000e+00
    outer loop
      vertex   3.094504e+01 5.014370e-02 4.500000e+00
      vertex   3.116056e+01 1.122329e-01 8.250000e+00
      vertex   3.094504e+01 5.014370e-02 8.250000e+00
    endloop
  endfacet
  facet normal 1.675062e-01 -9.858710e-01 0.000000e+00
    outer loop
      vertex   3.094504e+01 5.014370e-02 4.500000e+00
      vertex   3.094504e+01 5.014370e-02 8.250000e+00
      vertex   3.072393e+01 1.257510e-02 4.500000e+00
    endloop
  endfacet
  facet normal 1.675062e-01 -9.858710e-01 0.000000e+00
    outer loop
      vertex   3.072393e+01 1.257510e-02 4.500000e+00
      vertex   3.094504e+01 5.014370e-02 8.250000e+00
      vertex   3.072393e+01 1.257510e-02 8.250000e+00
    endloop
  endfacet
  facet normal 9.609173e-01 -2.768355e-01 8.879734e-19
    outer loop
      vertex   3.238777e+01 1.339441e+00 7.500000e-01
      vertex   3.244986e+01 1.554958e+00 7.500000e-01
      vertex   3.244986e+01 1.554958e+00 4.500000e+00
    endloop
  endfacet
  facet normal 9.858710e-01 -1.675062e-01 0.000000e+00
    outer loop
      vertex   3.244986e+01 1.554958e+00 4.500000e+00
      vertex   3.244986e+01 1.554958e+00 7.500000e-01
      vertex   3.248742e+01 1.776071e+00 4.500000e+00
    endloop
  endfacet
  facet normal 9.609173e-01 -2.768355e-01 -1.639196e-17
    outer loop
      vertex   3.238777e+01 1.339441e+00 7.500000e-01
      vertex   3.244986e+01 1.554958e+00 4.500000e+00
      vertex   3.238777e+01 1.339441e+00 4.500000e+00
    endloop
  endfacet
  facet normal 9.238795e-01 -3.826834e-01 -2.258942e-17
    outer loop
      vertex   3.230194e+01 1.132232e+00 7.500000e-01
      vertex   3.238777e+01 1.339441e+00 7.500000e-01
      vertex   3.238777e+01 1.339441e+00 4.500000e+00
    endloop
  endfacet
  facet normal 9.238795e-01 -3.826834e-01 4.531882e-17
    outer loop
      vertex   3.230194e+01 1.132232e+00 7.500000e-01
      vertex   3.238777e+01 1.339441e+00 4.500000e+00
      vertex   3.230194e+01 1.132232e+00 4.500000e+00
    endloop
  endfacet
  facet normal 8.752234e-01 -4.837189e-01 5.759701e-17
    outer loop
      vertex   3.219345e+01 9.359354e-01 7.500000e-01
      vertex   3.230194e+01 1.132232e+00 7.500000e-01
      vertex   3.230194e+01 1.132232e+00 4.500000e+00
    endloop
  endfacet
  facet normal 8.752234e-01 -4.837189e-01 5.728382e-17
    outer loop
      vertex   3.219345e+01 9.359354e-01 7.500000e-01
      vertex   3.230194e+01 1.132232e+00 4.500000e+00
      vertex   3.219345e+01 9.359354e-01 4.500000e+00
    endloop
  endfacet
  facet normal 8.155609e-01 -5.786713e-01 6.697408e-17
    outer loop
      vertex   3.206366e+01 7.530199e-01 7.500000e-01
      vertex   3.219345e+01 9.359354e-01 7.500000e-01
      vertex   3.219345e+01 9.359354e-01 4.500000e+00
    endloop
  endfacet
  facet normal 8.155609e-01 -5.786713e-01 -3.426422e-17
    outer loop
      vertex   3.206366e+01 7.530199e-01 7.500000e-01
      vertex   3.219345e+01 9.359354e-01 4.500000e+00
      vertex   3.206366e+01 7.530199e-01 4.500000e+00
    endloop
  endfacet
  facet normal 7.456422e-01 -6.663466e-01 -3.840527e-17
    outer loop
      vertex   3.191421e+01 5.857860e-01 7.500000e-01
      vertex   3.206366e+01 7.530199e-01 7.500000e-01
      vertex   3.206366e+01 7.530199e-01 4.500000e+00
    endloop
  endfacet
  facet normal 7.456422e-01 -6.663466e-01 0.000000e+00
    outer loop
      vertex   3.191421e+01 5.857860e-01 7.500000e-01
      vertex   3.206366e+01 7.530199e-01 4.500000e+00
      vertex   3.191421e+01 5.857860e-01 4.500000e+00
    endloop
  endfacet
  facet normal 6.663466e-01 -7.456422e-01 -5.222501e-19
    outer loop
      vertex   3.174698e+01 4.363366e-01 7.500000e-01
      vertex   3.191421e+01 5.857860e-01 7.500000e-01
      vertex   3.191421e+01 5.857860e-01 4.500000e+00
    endloop
  endfacet
  facet normal 6.663466e-01 -7.456422e-01 -5.518861e-17
    outer loop
      vertex   3.174698e+01 4.363366e-01 7.500000e-01
      vertex   3.191421e+01 5.857860e-01 4.500000e+00
      vertex   3.174698e+01 4.363366e-01 4.500000e+00
    endloop
  endfacet
  facet normal 5.786713e-01 -8.155609e-01 -6.014145e-17
    outer loop
      vertex   3.156406e+01 3.065511e-01 7.500000e-01
      vertex   3.174698e+01 4.363366e-01 7.500000e-01
      vertex   3.174698e+01 4.363366e-01 4.500000e+00
    endloop
  endfacet
  facet normal 5.786713e-01 -8.155609e-01 6.036363e-17
    outer loop
      vertex   3.156406e+01 3.065511e-01 7.500000e-01
      vertex   3.174698e+01 4.363366e-01 4.500000e+00
      vertex   3.156406e+01 3.065511e-01 4.500000e+00
    endloop
  endfacet
  facet normal 4.837189e-01 -8.752234e-01 6.426637e-17
    outer loop
      vertex   3.136777e+01 1.980618e-01 7.500000e-01
      vertex   3.156406e+01 3.065511e-01 7.500000e-01
      vertex   3.156406e+01 3.065511e-01 4.500000e+00
    endloop
  endfacet
  facet normal 4.837189e-01 -8.752234e-01 6.477955e-17
    outer loop
      vertex   3.136777e+01 1.980618e-01 7.500000e-01
      vertex   3.156406e+01 3.065511e-01 4.500000e+00
      vertex   3.136777e+01 1.980618e-01 4.500000e+00
    endloop
  endfacet
  facet normal 3.826834e-01 -9.238795e-01 6.703082e-17
    outer loop
      vertex   3.116056e+01 1.122329e-01 7.500000e-01
      vertex   3.136777e+01 1.980618e-01 7.500000e-01
      vertex   3.136777e+01 1.980618e-01 4.500000e+00
    endloop
  endfacet
  facet normal 3.826834e-01 -9.238795e-01 0.000000e+00
    outer loop
      vertex   3.116056e+01 1.122329e-01 7.500000e-01
      vertex   3.136777e+01 1.980618e-01 4.500000e+00
      vertex   3.116056e+01 1.122329e-01 4.500000e+00
    endloop
  endfacet
  facet normal 2.768355e-01 -9.609173e-01 2.201434e-20
    outer loop
      vertex   3.094504e+01 5.014370e-02 7.500000e-01
      vertex   3.116056e+01 1.122329e-01 7.500000e-01
      vertex   3.116056e+01 1.122329e-01 4.500000e+00
    endloop
  endfacet
  facet normal 2.768355e-01 -9.609173e-01 0.000000e+00
    outer loop
      vertex   3.094504e+01 5.014370e-02 7.500000e-01
      vertex   3.116056e+01 1.122329e-01 4.500000e+00
      vertex   3.094504e+01 5.014370e-02 4.500000e+00
    endloop
  endfacet
  facet normal 1.675062e-01 -9.858710e-01 1.339659e-19
    outer loop
      vertex   3.072393e+01 1.257510e-02 7.500000e-01
      vertex   3.094504e+01 5.014370e-02 7.500000e-01
      vertex   3.094504e+01 5.014370e-02 4.500000e+00
    endloop
  endfacet
  facet normal 1.675062e-01 -9.858710e-01 0.000000e+00
    outer loop
      vertex   3.072393e+01 1.257510e-02 7.500000e-01
      vertex   3.094504e+01 5.014370e-02 4.500000e+00
      vertex   3.072393e+01 1.257510e-02 4.500000e+00
    endloop
  endfacet
  facet normal 0.000000e+00 -1.000000e+00 0.000000e+00
    outer loop
      vertex   2.000000e+00 -4.768372e-07 1.200000e+01
      vertex   2.000000e+00 -4.768372e-07 -3.000000e+00
      vertex   3.050000e+01 -4.768372e-07 1.200000e+01
    endloop
  endfacet
  facet normal 0.000000e+00 -1.000000e+00 -0.000000e+00
    outer loop
      vertex   3.050000e+01 -4.768372e-07 1.200000e+01
      vertex   2.000000e+00 -4.768372e-07 -3.000000e+00
      vertex   3.050000e+01 -4.768372e-07 -3.000000e+00
    endloop
  endfacet
  facet normal -5.607045e-02 -9.984268e-01 2.955937e-16
    outer loop
      vertex   1.776071e+00 1.257510e-02 1.200000e+01
      vertex   1.776071e+00 1.257510e-02 8.250000e+00
      vertex   2.000000e+00 -4.768372e-07 1.200000e+01
    endloop
  endfacet
  facet normal -5.607045e-02 -9.984268e-01 -1.428211e-19
    outer loop
      vertex   2.000000e+00 -4.768372e-07 1.200000e+01
      vertex   1.776071e+00 1.257510e-02 8.250000e+00
      vertex   1.776071e+00 1.257510e-02 4.500000e+00
    endloop
  endfacet
  facet normal -5.607045e-02 -9.984268e-01 -0.000000e+00
    outer loop
      vertex   2.000000e+00 -4.768372e-07 1.200000e+01
      vertex   1.776071e+00 1.257510e-02 4.500000e+00
      vertex   2.000000e+00 -4.768372e-07 -3.000000e+00
    endloop
  endfacet
  facet normal -5.607045e-02 -9.984268e-01 -1.428211e-19
    outer loop
      vertex   2.000000e+00 -4.768372e-07 -3.000000e+00
      vertex   1.776071e+00 1.257510e-02 4.500000e+00
      vertex   1.776071e+00 1.257510e-02 7.500000e-01
    endloop
  endfacet
  facet normal -5.607045e-02 -9.984268e-01 3.680639e-17
    outer loop
      vertex   2.000000e+00 -4.768372e-07 -3.000000e+00
      vertex   1.776071e+00 1.257510e-02 7.500000e-01
      vertex   1.776071e+00 1.257510e-02 -3.000000e+00
    endloop
  endfacet
  facet normal -1.675062e-01 -9.858710e-01 3.648456e-17
    outer loop
      vertex   1.776071e+00 1.257510e-02 -3.000000e+00
      vertex   1.776071e+00 1.257510e-02 7.500000e-01
      vertex   1.554958e+00 5.014370e-02 -3.000000e+00
    endloop
  endfacet
  facet normal -1.675062e-01 -9.858710e-01 0.000000e+00
    outer loop
      vertex   1.554958e+00 5.014370e-02 -3.000000e+00
      vertex   1.776071e+00 1.257510e-02 7.500000e-01
      vertex   1.554958e+00 5.014370e-02 7.500000e-01
    endloop
  endfacet
  facet normal -2.768355e-01 -9.609173e-01 0.000000e+00
    outer loop
      vertex   1.554958e+00 5.014370e-02 -3.000000e+00
      vertex   1.554958e+00 5.014370e-02 7.500000e-01
      vertex   1.339442e+00 1.122329e-01 -3.000000e+00
    endloop
  endfacet
  facet normal -2.768355e-01 -9.609173e-01 -1.778054e-17
    outer loop
      vertex   1.339442e+00 1.122329e-01 -3.000000e+00
      vertex   1.554958e+00 5.014370e-02 7.500000e-01
      vertex   1.339442e+00 1.122329e-01 7.500000e-01
    endloop
  endfacet
  facet normal -3.826834e-01 -9.238795e-01 -1.709521e-17
    outer loop
      vertex   1.339442e+00 1.122329e-01 -3.000000e+00
      vertex   1.339442e+00 1.122329e-01 7.500000e-01
      vertex   1.132233e+00 1.980618e-01 -3.000000e+00
    endloop
  endfacet
  facet normal -3.826834e-01 -9.238795e-01 -1.367616e-17
    outer loop
      vertex   1.132233e+00 1.980618e-01 -3.000000e+00
      vertex   1.339442e+00 1.122329e-01 7.500000e-01
      vertex   1.132233e+00 1.980618e-01 7.500000e-01
    endloop
  endfacet
  facet normal -4.837189e-01 -8.752234e-01 -1.295591e-17
    outer loop
      vertex   1.132233e+00 1.980618e-01 -3.000000e+00
      vertex   1.132233e+00 1.980618e-01 7.500000e-01
      vertex   9.359358e-01 3.065511e-01 -3.000000e+00
    endloop
  endfacet
  facet normal -4.837189e-01 -8.752234e-01 1.159086e-17
    outer loop
      vertex   9.359358e-01 3.065511e-01 -3.000000e+00
      vertex   1.132233e+00 1.980618e-01 7.500000e-01
      vertex   9.359358e-01 3.065511e-01 7.500000e-01
    endloop
  endfacet
  facet normal -5.786713e-01 -8.155609e-01 7.013340e-18
    outer loop
      vertex   9.359358e-01 3.065511e-01 -3.000000e+00
      vertex   9.359358e-01 3.065511e-01 7.500000e-01
      vertex   7.530204e-01 4.363366e-01 -3.000000e+00
    endloop
  endfacet
  facet normal -5.786713e-01 -8.155609e-01 3.621818e-17
    outer loop
      vertex   7.530204e-01 4.363366e-01 -3.000000e+00
      vertex   9.359358e-01 3.065511e-01 7.500000e-01
      vertex   7.530204e-01 4.363366e-01 7.500000e-01
    endloop
  endfacet
  facet normal -6.663466e-01 -7.456422e-01 3.311316e-17
    outer loop
      vertex   7.530204e-01 4.363366e-01 -3.000000e+00
      vertex   7.530204e-01 4.363366e-01 7.500000e-01
      vertex   5.857864e-01 5.857860e-01 -3.000000e+00
    endloop
  endfacet
  facet normal -6.663466e-01 -7.456422e-01 -2.347621e-18
    outer loop
      vertex   5.857864e-01 5.857860e-01 -3.000000e+00
      vertex   7.530204e-01 4.363366e-01 7.500000e-01
      vertex   5.857864e-01 5.857860e-01 7.500000e-01
    endloop
  endfacet
  facet normal -7.456422e-01 -6.663466e-01 2.347621e-18
    outer loop
      vertex   5.857864e-01 5.857860e-01 -3.000000e+00
      vertex   5.857864e-01 5.857860e-01 7.500000e-01
      vertex   4.363370e-01 7.530199e-01 -3.000000e+00
    endloop
  endfacet
  facet normal -7.456422e-01 -6.663466e-01 7.256881e-17
    outer loop
      vertex   4.363370e-01 7.530199e-01 -3.000000e+00
      vertex   5.857864e-01 5.857860e-01 7.500000e-01
      vertex   4.363370e-01 7.530199e-01 7.500000e-01
    endloop
  endfacet
  facet normal -8.155609e-01 -5.786713e-01 7.048240e-17
    outer loop
      vertex   4.363370e-01 7.530199e-01 -3.000000e+00
      vertex   4.363370e-01 7.530199e-01 7.500000e-01
      vertex   3.065516e-01 9.359354e-01 -3.000000e+00
    endloop
  endfacet
  facet normal -8.155609e-01 -5.786713e-01 1.011877e-17
    outer loop
      vertex   3.065516e-01 9.359354e-01 -3.000000e+00
      vertex   4.363370e-01 7.530199e-01 7.500000e-01
      vertex   3.065516e-01 9.359354e-01 7.500000e-01
    endloop
  endfacet
  facet normal -8.752234e-01 -4.837189e-01 2.730093e-18
    outer loop
      vertex   3.065516e-01 9.359354e-01 -3.000000e+00
      vertex   3.065516e-01 9.359354e-01 7.500000e-01
      vertex   1.980623e-01 1.132232e+00 -3.000000e+00
    endloop
  endfacet
  facet normal -8.752234e-01 -4.837189e-01 -3.238977e-17
    outer loop
      vertex   1.980623e-01 1.132232e+00 -3.000000e+00
      vertex   3.065516e-01 9.359354e-01 7.500000e-01
      vertex   1.980623e-01 1.132232e+00 7.500000e-01
    endloop
  endfacet
  facet normal -9.238795e-01 -3.826834e-01 -3.419041e-17
    outer loop
      vertex   1.980623e-01 1.132232e+00 -3.000000e+00
      vertex   1.980623e-01 1.132232e+00 7.500000e-01
      vertex   1.122333e-01 1.339441e+00 -3.000000e+00
    endloop
  endfacet
  facet normal -9.238795e-01 -3.826834e-01 0.000000e+00
    outer loop
      vertex   1.122333e-01 1.339441e+00 -3.000000e+00
      vertex   1.980623e-01 1.132232e+00 7.500000e-01
      vertex   1.122333e-01 1.339441e+00 7.500000e-01
    endloop
  endfacet
  facet normal -9.609173e-01 -2.768355e-01 0.000000e+00
    outer loop
      vertex   1.122333e-01 1.339441e+00 -3.000000e+00
      vertex   1.122333e-01 1.339441e+00 7.500000e-01
      vertex   5.014418e-02 1.554958e+00 -3.000000e+00
    endloop
  endfacet
  facet normal -9.609173e-01 -2.768355e-01 5.195304e-17
    outer loop
      vertex   5.014418e-02 1.554958e+00 -3.000000e+00
      vertex   1.122333e-01 1.339441e+00 7.500000e-01
      vertex   5.014418e-02 1.554958e+00 7.500000e-01
    endloop
  endfacet
  facet normal -9.858710e-01 -1.675062e-01 4.640292e-17
    outer loop
      vertex   5.014418e-02 1.554958e+00 -3.000000e+00
      vertex   5.014418e-02 1.554958e+00 7.500000e-01
      vertex   1.257558e-02 1.776071e+00 -3.000000e+00
    endloop
  endfacet
  facet normal -9.858710e-01 -1.675062e-01 -3.648456e-17
    outer loop
      vertex   1.257558e-02 1.776071e+00 -3.000000e+00
      vertex   5.014418e-02 1.554958e+00 7.500000e-01
      vertex   1.257558e-02 1.776071e+00 7.500000e-01
    endloop
  endfacet
  facet normal -9.984268e-01 -5.607045e-02 -3.694921e-17
    outer loop
      vertex   1.257558e-02 1.776071e+00 -3.000000e+00
      vertex   1.257558e-02 1.776071e+00 7.500000e-01
      vertex   -8.881784e-15 2.000000e+00 -3.000000e+00
    endloop
  endfacet
  facet normal -9.984268e-01 -5.607045e-02 -1.428211e-19
    outer loop
      vertex   -8.881784e-15 2.000000e+00 -3.000000e+00
      vertex   1.257558e-02 1.776071e+00 7.500000e-01
      vertex   1.257558e-02 1.776071e+00 4.500000e+00
    endloop
  endfacet
  facet normal -9.984268e-01 -5.607045e-02 0.000000e+00
    outer loop
      vertex   -8.881784e-15 2.000000e+00 -3.000000e+00
      vertex   1.257558e-02 1.776071e+00 4.500000e+00
      vertex   -8.881784e-15 2.000000e+00 1.200000e+01
    endloop
  endfacet
  facet normal -9.984268e-01 -5.607045e-02 -1.428211e-19
    outer loop
      vertex   -8.881784e-15 2.000000e+00 1.200000e+01
      vertex   1.257558e-02 1.776071e+00 4.500000e+00
      vertex   1.257558e-02 1.776071e+00 8.250000e+00
    endloop
  endfacet
  facet normal -9.984268e-01 -5.607045e-02 2.958334e-16
    outer loop
      vertex   -8.881784e-15 2.000000e+00 1.200000e+01
      vertex   1.257558e-02 1.776071e+00 8.250000e+00
      vertex   1.257558e-02 1.776071e+00 1.200000e+01
    endloop
  endfacet
  facet normal -9.858710e-01 -1.675062e-01 2.918765e-16
    outer loop
      vertex   1.257558e-02 1.776071e+00 1.200000e+01
      vertex   1.257558e-02 1.776071e+00 8.250000e+00
      vertex   5.014418e-02 1.554958e+00 1.200000e+01
    endloop
  endfacet
  facet normal -9.858710e-01 -1.675062e-01 3.117132e-16
    outer loop
      vertex   5.014418e-02 1.554958e+00 1.200000e+01
      vertex   1.257558e-02 1.776071e+00 8.250000e+00
      vertex   5.014418e-02 1.554958e+00 8.250000e+00
    endloop
  endfacet
  facet normal -9.609173e-01 -2.768355e-01 3.172726e-16
    outer loop
      vertex   5.014418e-02 1.554958e+00 1.200000e+01
      vertex   5.014418e-02 1.554958e+00 8.250000e+00
      vertex   1.122333e-01 1.339441e+00 1.200000e+01
    endloop
  endfacet
  facet normal -9.609173e-01 -2.768355e-01 2.639310e-16
    outer loop
      vertex   1.122333e-01 1.339441e+00 1.200000e+01
      vertex   5.014418e-02 1.554958e+00 8.250000e+00
      vertex   1.122333e-01 1.339441e+00 8.250000e+00
    endloop
  endfacet
  facet normal -9.238795e-01 -3.826834e-01 2.675565e-16
    outer loop
      vertex   1.122333e-01 1.339441e+00 1.200000e+01
      vertex   1.122333e-01 1.339441e+00 8.250000e+00
      vertex   1.980623e-01 1.132232e+00 1.200000e+01
    endloop
  endfacet
  facet normal -9.238795e-01 -3.826834e-01 2.504613e-16
    outer loop
      vertex   1.980623e-01 1.132232e+00 1.200000e+01
      vertex   1.122333e-01 1.339441e+00 8.250000e+00
      vertex   1.980623e-01 1.132232e+00 8.250000e+00
    endloop
  endfacet
  facet normal -8.752234e-01 -4.837189e-01 2.516225e-16
    outer loop
      vertex   1.980623e-01 1.132232e+00 1.200000e+01
      vertex   1.980623e-01 1.132232e+00 8.250000e+00
      vertex   3.065516e-01 9.359354e-01 1.200000e+01
    endloop
  endfacet
  facet normal -8.752234e-01 -4.837189e-01 1.841128e-16
    outer loop
      vertex   3.065516e-01 9.359354e-01 1.200000e+01
      vertex   1.980623e-01 1.132232e+00 8.250000e+00
      vertex   3.065516e-01 9.359354e-01 8.250000e+00
    endloop
  endfacet
  facet normal -8.155609e-01 -5.786713e-01 1.791369e-16
    outer loop
      vertex   3.065516e-01 9.359354e-01 1.200000e+01
      vertex   3.065516e-01 9.359354e-01 8.250000e+00
      vertex   4.363370e-01 7.530199e-01 1.200000e+01
    endloop
  endfacet
  facet normal -8.155609e-01 -5.786713e-01 2.063878e-16
    outer loop
      vertex   4.363370e-01 7.530199e-01 1.200000e+01
      vertex   3.065516e-01 9.359354e-01 8.250000e+00
      vertex   4.363370e-01 7.530199e-01 8.250000e+00
    endloop
  endfacet
  facet normal -7.456422e-01 -6.663466e-01 2.090163e-16
    outer loop
      vertex   4.363370e-01 7.530199e-01 1.200000e+01
      vertex   4.363370e-01 7.530199e-01 8.250000e+00
      vertex   5.857864e-01 5.857860e-01 1.200000e+01
    endloop
  endfacet
  facet normal -7.456422e-01 -6.663466e-01 2.728950e-16
    outer loop
      vertex   5.857864e-01 5.857860e-01 1.200000e+01
      vertex   4.363370e-01 7.530199e-01 8.250000e+00
      vertex   5.857864e-01 5.857860e-01 8.250000e+00
    endloop
  endfacet
  facet normal -6.663466e-01 -7.456422e-01 2.705474e-16
    outer loop
      vertex   5.857864e-01 5.857860e-01 1.200000e+01
      vertex   5.857864e-01 5.857860e-01 8.250000e+00
      vertex   7.530204e-01 4.363366e-01 1.200000e+01
    endloop
  endfacet
  facet normal -6.663466e-01 -7.456422e-01 3.675393e-16
    outer loop
      vertex   7.530204e-01 4.363366e-01 1.200000e+01
      vertex   5.857864e-01 5.857860e-01 8.250000e+00
      vertex   7.530204e-01 4.363366e-01 8.250000e+00
    endloop
  endfacet
  facet normal -5.786713e-01 -8.155609e-01 3.664387e-16
    outer loop
      vertex   7.530204e-01 4.363366e-01 1.200000e+01
      vertex   7.530204e-01 4.363366e-01 8.250000e+00
      vertex   9.359358e-01 3.065511e-01 1.200000e+01
    endloop
  endfacet
  facet normal -5.786713e-01 -8.155609e-01 3.543660e-16
    outer loop
      vertex   9.359358e-01 3.065511e-01 1.200000e+01
      vertex   7.530204e-01 4.363366e-01 8.250000e+00
      vertex   9.359358e-01 3.065511e-01 8.250000e+00
    endloop
  endfacet
  facet normal -4.837189e-01 -8.752234e-01 3.477740e-16
    outer loop
      vertex   9.359358e-01 3.065511e-01 1.200000e+01
      vertex   9.359358e-01 3.065511e-01 8.250000e+00
      vertex   1.132233e+00 1.980618e-01 1.200000e+01
    endloop
  endfacet
  facet normal -4.837189e-01 -8.752234e-01 2.359365e-16
    outer loop
      vertex   1.132233e+00 1.980618e-01 1.200000e+01
      vertex   9.359358e-01 3.065511e-01 8.250000e+00
      vertex   1.132233e+00 1.980618e-01 8.250000e+00
    endloop
  endfacet
  facet normal -3.826834e-01 -9.238795e-01 2.414780e-16
    outer loop
      vertex   1.132233e+00 1.980618e-01 1.200000e+01
      vertex   1.132233e+00 1.980618e-01 8.250000e+00
      vertex   1.339442e+00 1.122329e-01 1.200000e+01
    endloop
  endfacet
  facet normal -3.826834e-01 -9.238795e-01 2.619923e-16
    outer loop
      vertex   1.339442e+00 1.122329e-01 1.200000e+01
      vertex   1.132233e+00 1.980618e-01 8.250000e+00
      vertex   1.339442e+00 1.122329e-01 8.250000e+00
    endloop
  endfacet
  facet normal -2.768355e-01 -9.609173e-01 2.653195e-16
    outer loop
      vertex   1.339442e+00 1.122329e-01 1.200000e+01
      vertex   1.339442e+00 1.122329e-01 8.250000e+00
      vertex   1.554958e+00 5.014370e-02 1.200000e+01
    endloop
  endfacet
  facet normal -2.768355e-01 -9.609173e-01 2.297585e-16
    outer loop
      vertex   1.554958e+00 5.014370e-02 1.200000e+01
      vertex   1.339442e+00 1.122329e-01 8.250000e+00
      vertex   1.554958e+00 5.014370e-02 8.250000e+00
    endloop
  endfacet
  facet normal -1.675062e-01 -9.858710e-01 2.288257e-16
    outer loop
      vertex   1.554958e+00 5.014370e-02 1.200000e+01
      vertex   1.554958e+00 5.014370e-02 8.250000e+00
      vertex   1.776071e+00 1.257510e-02 1.200000e+01
    endloop
  endfacet
  facet normal -1.675062e-01 -9.858710e-01 2.918765e-16
    outer loop
      vertex   1.776071e+00 1.257510e-02 1.200000e+01
      vertex   1.554958e+00 5.014370e-02 8.250000e+00
      vertex   1.776071e+00 1.257510e-02 8.250000e+00
    endloop
  endfacet
  facet normal -1.675062e-01 -9.858710e-01 -1.004296e-18
    outer loop
      vertex   1.554958e+00 5.014370e-02 7.500000e-01
      vertex   1.776071e+00 1.257510e-02 7.500000e-01
      vertex   1.776071e+00 1.257510e-02 4.500000e+00
    endloop
  endfacet
  facet normal -1.675062e-01 -9.858710e-01 0.000000e+00
    outer loop
      vertex   1.776071e+00 1.257510e-02 4.500000e+00
      vertex   1.776071e+00 1.257510e-02 8.250000e+00
      vertex   1.554958e+00 5.014370e-02 4.500000e+00
    endloop
  endfacet
  facet normal -1.675062e-01 -9.858710e-01 6.305075e-17
    outer loop
      vertex   1.554958e+00 5.014370e-02 4.500000e+00
      vertex   1.776071e+00 1.257510e-02 8.250000e+00
      vertex   1.554958e+00 5.014370e-02 8.250000e+00
    endloop
  endfacet
  facet normal -2.768355e-01 -9.609173e-01 5.473021e-17
    outer loop
      vertex   1.554958e+00 5.014370e-02 4.500000e+00
      vertex   1.554958e+00 5.014370e-02 8.250000e+00
      vertex   1.339442e+00 1.122329e-01 4.500000e+00
    endloop
  endfacet
  facet normal -2.768355e-01 -9.609173e-01 0.000000e+00
    outer loop
      vertex   1.339442e+00 1.122329e-01 4.500000e+00
      vertex   1.554958e+00 5.014370e-02 8.250000e+00
      vertex   1.339442e+00 1.122329e-01 8.250000e+00
    endloop
  endfacet
  facet normal -3.826834e-01 -9.238795e-01 0.000000e+00
    outer loop
      vertex   1.339442e+00 1.122329e-01 4.500000e+00
      vertex   1.339442e+00 1.122329e-01 8.250000e+00
      vertex   1.132233e+00 1.980618e-01 4.500000e+00
    endloop
  endfacet
  facet normal -3.826834e-01 -9.238795e-01 4.572141e-17
    outer loop
      vertex   1.132233e+00 1.980618e-01 4.500000e+00
      vertex   1.339442e+00 1.122329e-01 8.250000e+00
      vertex   1.132233e+00 1.980618e-01 8.250000e+00
    endloop
  endfacet
  facet normal -4.837189e-01 -8.752234e-01 3.613763e-17
    outer loop
      vertex   1.132233e+00 1.980618e-01 4.500000e+00
      vertex   1.132233e+00 1.980618e-01 8.250000e+00
      vertex   9.359358e-01 3.065511e-01 4.500000e+00
    endloop
  endfacet
  facet normal -4.837189e-01 -8.752234e-01 0.000000e+00
    outer loop
      vertex   9.359358e-01 3.065511e-01 4.500000e+00
      vertex   1.132233e+00 1.980618e-01 8.250000e+00
      vertex   9.359358e-01 3.065511e-01 8.250000e+00
    endloop
  endfacet
  facet normal -5.786713e-01 -8.155609e-01 0.000000e+00
    outer loop
      vertex   9.359358e-01 3.065511e-01 4.500000e+00
      vertex   9.359358e-01 3.065511e-01 8.250000e+00
      vertex   7.530204e-01 4.363366e-01 4.500000e+00
    endloop
  endfacet
  facet normal -5.786713e-01 -8.155609e-01 -1.713211e-17
    outer loop
      vertex   7.530204e-01 4.363366e-01 4.500000e+00
      vertex   9.359358e-01 3.065511e-01 8.250000e+00
      vertex   7.530204e-01 4.363366e-01 8.250000e+00
    endloop
  endfacet
  facet normal -6.663466e-01 -7.456422e-01 -1.972782e-17
    outer loop
      vertex   7.530204e-01 4.363366e-01 4.500000e+00
      vertex   7.530204e-01 4.363366e-01 8.250000e+00
      vertex   5.857864e-01 5.857860e-01 4.500000e+00
    endloop
  endfacet
  facet normal -6.663466e-01 -7.456422e-01 7.042863e-18
    outer loop
      vertex   5.857864e-01 5.857860e-01 4.500000e+00
      vertex   7.530204e-01 4.363366e-01 8.250000e+00
      vertex   5.857864e-01 5.857860e-01 8.250000e+00
    endloop
  endfacet
  facet normal -7.456422e-01 -6.663466e-01 -7.042863e-18
    outer loop
      vertex   5.857864e-01 5.857860e-01 4.500000e+00
      vertex   5.857864e-01 5.857860e-01 8.250000e+00
      vertex   4.363370e-01 7.530199e-01 4.500000e+00
    endloop
  endfacet
  facet normal -7.456422e-01 -6.663466e-01 0.000000e+00
    outer loop
      vertex   4.363370e-01 7.530199e-01 4.500000e+00
      vertex   5.857864e-01 5.857860e-01 8.250000e+00
      vertex   4.363370e-01 7.530199e-01 8.250000e+00
    endloop
  endfacet
  facet normal -8.155609e-01 -5.786713e-01 0.000000e+00
    outer loop
      vertex   4.363370e-01 7.530199e-01 4.500000e+00
      vertex   4.363370e-01 7.530199e-01 8.250000e+00
      vertex   3.065516e-01 9.359354e-01 4.500000e+00
    endloop
  endfacet
  facet normal -8.155609e-01 -5.786713e-01 0.000000e+00
    outer loop
      vertex   3.065516e-01 9.359354e-01 4.500000e+00
      vertex   4.363370e-01 7.530199e-01 8.250000e+00
      vertex   3.065516e-01 9.359354e-01 8.250000e+00
    endloop
  endfacet
  facet normal -8.752234e-01 -4.837189e-01 0.000000e+00
    outer loop
      vertex   3.065516e-01 9.359354e-01 4.500000e+00
      vertex   3.065516e-01 9.359354e-01 8.250000e+00
      vertex   1.980623e-01 1.132232e+00 4.500000e+00
    endloop
  endfacet
  facet normal -8.752234e-01 -4.837189e-01 2.864191e-17
    outer loop
      vertex   1.980623e-01 1.132232e+00 4.500000e+00
      vertex   3.065516e-01 9.359354e-01 8.250000e+00
      vertex   1.980623e-01 1.132232e+00 8.250000e+00
    endloop
  endfacet
  facet normal -9.238795e-01 -3.826834e-01 2.265941e-17
    outer loop
      vertex   1.980623e-01 1.132232e+00 4.500000e+00
      vertex   1.980623e-01 1.132232e+00 8.250000e+00
      vertex   1.122333e-01 1.339441e+00 4.500000e+00
    endloop
  endfacet
  facet normal -9.238795e-01 -3.826834e-01 2.265941e-17
    outer loop
      vertex   1.122333e-01 1.339441e+00 4.500000e+00
      vertex   1.980623e-01 1.132232e+00 8.250000e+00
      vertex   1.122333e-01 1.339441e+00 8.250000e+00
    endloop
  endfacet
  facet normal -9.609173e-01 -2.768355e-01 1.639196e-17
    outer loop
      vertex   1.122333e-01 1.339441e+00 4.500000e+00
      vertex   1.122333e-01 1.339441e+00 8.250000e+00
      vertex   5.014418e-02 1.554958e+00 4.500000e+00
    endloop
  endfacet
  facet normal -9.609173e-01 -2.768355e-01 0.000000e+00
    outer loop
      vertex   5.014418e-02 1.554958e+00 4.500000e+00
      vertex   1.122333e-01 1.339441e+00 8.250000e+00
      vertex   5.014418e-02 1.554958e+00 8.250000e+00
    endloop
  endfacet
  facet normal -9.858710e-01 -1.675062e-01 0.000000e+00
    outer loop
      vertex   5.014418e-02 1.554958e+00 4.500000e+00
      vertex   5.014418e-02 1.554958e+00 8.250000e+00
      vertex   1.257558e-02 1.776071e+00 4.500000e+00
    endloop
  endfacet
  facet normal -9.858710e-01 -1.675062e-01 0.000000e+00
    outer loop
      vertex   1.257558e-02 1.776071e+00 4.500000e+00
      vertex   5.014418e-02 1.554958e+00 8.250000e+00
      vertex   1.257558e-02 1.776071e+00 8.250000e+00
    endloop
  endfacet
  facet normal -2.768355e-01 -9.609173e-01 -4.943045e-19
    outer loop
      vertex   1.339442e+00 1.122329e-01 7.500000e-01
      vertex   1.554958e+00 5.014370e-02 7.500000e-01
      vertex   1.554958e+00 5.014370e-02 4.500000e+00
    endloop
  endfacet
  facet normal -1.675062e-01 -9.858710e-01 -0.000000e+00
    outer loop
      vertex   1.554958e+00 5.014370e-02 4.500000e+00
      vertex   1.554958e+00 5.014370e-02 7.500000e-01
      vertex   1.776071e+00 1.257510e-02 4.500000e+00
    endloop
  endfacet
  facet normal -2.768355e-01 -9.609173e-01 5.473021e-17
    outer loop
      vertex   1.339442e+00 1.122329e-01 7.500000e-01
      vertex   1.554958e+00 5.014370e-02 4.500000e+00
      vertex   1.339442e+00 1.122329e-01 4.500000e+00
    endloop
  endfacet
  facet normal -3.826834e-01 -9.238795e-01 4.643822e-17
    outer loop
      vertex   1.132233e+00 1.980618e-01 7.500000e-01
      vertex   1.339442e+00 1.122329e-01 7.500000e-01
      vertex   1.339442e+00 1.122329e-01 4.500000e+00
    endloop
  endfacet
  facet normal -3.826834e-01 -9.238795e-01 0.000000e+00
    outer loop
      vertex   1.132233e+00 1.980618e-01 7.500000e-01
      vertex   1.339442e+00 1.122329e-01 4.500000e+00
      vertex   1.132233e+00 1.980618e-01 4.500000e+00
    endloop
  endfacet
  facet normal -4.837189e-01 -8.752234e-01 9.057393e-19
    outer loop
      vertex   9.359358e-01 3.065511e-01 7.500000e-01
      vertex   1.132233e+00 1.980618e-01 7.500000e-01
      vertex   1.132233e+00 1.980618e-01 4.500000e+00
    endloop
  endfacet
  facet normal -4.837189e-01 -8.752234e-01 -4.296287e-17
    outer loop
      vertex   9.359358e-01 3.065511e-01 7.500000e-01
      vertex   1.132233e+00 1.980618e-01 4.500000e+00
      vertex   9.359358e-01 3.065511e-01 4.500000e+00
    endloop
  endfacet
  facet normal -5.786713e-01 -8.155609e-01 -5.135997e-17
    outer loop
      vertex   7.530204e-01 4.363366e-01 7.500000e-01
      vertex   9.359358e-01 3.065511e-01 7.500000e-01
      vertex   9.359358e-01 3.065511e-01 4.500000e+00
    endloop
  endfacet
  facet normal -5.786713e-01 -8.155609e-01 -1.713211e-17
    outer loop
      vertex   7.530204e-01 4.363366e-01 7.500000e-01
      vertex   9.359358e-01 3.065511e-01 4.500000e+00
      vertex   7.530204e-01 4.363366e-01 4.500000e+00
    endloop
  endfacet
  facet normal -6.663466e-01 -7.456422e-01 -1.894027e-17
    outer loop
      vertex   5.857864e-01 5.857860e-01 7.500000e-01
      vertex   7.530204e-01 4.363366e-01 7.500000e-01
      vertex   7.530204e-01 4.363366e-01 4.500000e+00
    endloop
  endfacet
  facet normal -6.663466e-01 -7.456422e-01 0.000000e+00
    outer loop
      vertex   5.857864e-01 5.857860e-01 7.500000e-01
      vertex   7.530204e-01 4.363366e-01 4.500000e+00
      vertex   5.857864e-01 5.857860e-01 4.500000e+00
    endloop
  endfacet
  facet normal -7.456422e-01 -6.663466e-01 1.824004e-18
    outer loop
      vertex   4.363370e-01 7.530199e-01 7.500000e-01
      vertex   5.857864e-01 5.857860e-01 7.500000e-01
      vertex   5.857864e-01 5.857860e-01 4.500000e+00
    endloop
  endfacet
  facet normal -7.456422e-01 -6.663466e-01 1.972782e-17
    outer loop
      vertex   4.363370e-01 7.530199e-01 7.500000e-01
      vertex   5.857864e-01 5.857860e-01 4.500000e+00
      vertex   4.363370e-01 7.530199e-01 4.500000e+00
    endloop
  endfacet
  facet normal -8.155609e-01 -5.786713e-01 1.876681e-17
    outer loop
      vertex   3.065516e-01 9.359354e-01 7.500000e-01
      vertex   4.363370e-01 7.530199e-01 7.500000e-01
      vertex   4.363370e-01 7.530199e-01 4.500000e+00
    endloop
  endfacet
  facet normal -8.155609e-01 -5.786713e-01 0.000000e+00
    outer loop
      vertex   3.065516e-01 9.359354e-01 7.500000e-01
      vertex   4.363370e-01 7.530199e-01 4.500000e+00
      vertex   3.065516e-01 9.359354e-01 4.500000e+00
    endloop
  endfacet
  facet normal -8.752234e-01 -4.837189e-01 1.161611e-18
    outer loop
      vertex   1.980623e-01 1.132232e+00 7.500000e-01
      vertex   3.065516e-01 9.359354e-01 7.500000e-01
      vertex   3.065516e-01 9.359354e-01 4.500000e+00
    endloop
  endfacet
  facet normal -8.752234e-01 -4.837189e-01 0.000000e+00
    outer loop
      vertex   1.980623e-01 1.132232e+00 7.500000e-01
      vertex   3.065516e-01 9.359354e-01 4.500000e+00
      vertex   1.980623e-01 1.132232e+00 4.500000e+00
    endloop
  endfacet
  facet normal -9.238795e-01 -3.826834e-01 -1.605006e-18
    outer loop
      vertex   1.122333e-01 1.339441e+00 7.500000e-01
      vertex   1.980623e-01 1.132232e+00 7.500000e-01
      vertex   1.980623e-01 1.132232e+00 4.500000e+00
    endloop
  endfacet
  facet normal -9.238795e-01 -3.826834e-01 0.000000e+00
    outer loop
      vertex   1.122333e-01 1.339441e+00 7.500000e-01
      vertex   1.980623e-01 1.132232e+00 4.500000e+00
      vertex   1.122333e-01 1.339441e+00 4.500000e+00
    endloop
  endfacet
  facet normal -9.609173e-01 -2.768355e-01 -3.858410e-19
    outer loop
      vertex   5.014418e-02 1.554958e+00 7.500000e-01
      vertex   1.122333e-01 1.339441e+00 7.500000e-01
      vertex   1.122333e-01 1.339441e+00 4.500000e+00
    endloop
  endfacet
  facet normal -9.609173e-01 -2.768355e-01 0.000000e+00
    outer loop
      vertex   5.014418e-02 1.554958e+00 7.500000e-01
      vertex   1.122333e-01 1.339441e+00 4.500000e+00
      vertex   5.014418e-02 1.554958e+00 4.500000e+00
    endloop
  endfacet
  facet normal -9.858710e-01 -1.675062e-01 6.638554e-19
    outer loop
      vertex   1.257558e-02 1.776071e+00 7.500000e-01
      vertex   5.014418e-02 1.554958e+00 7.500000e-01
      vertex   5.014418e-02 1.554958e+00 4.500000e+00
    endloop
  endfacet
  facet normal -9.858710e-01 -1.675062e-01 0.000000e+00
    outer loop
      vertex   1.257558e-02 1.776071e+00 7.500000e-01
      vertex   5.014418e-02 1.554958e+00 4.500000e+00
      vertex   1.257558e-02 1.776071e+00 4.500000e+00
    endloop
  endfacet
  facet normal -2.542014e-14 1.000000e+00 2.223974e-15
    outer loop
      vertex   1.512154e+00 2.102192e+01 8.516997e+00
      vertex   1.500000e+00 2.102192e+01 8.378078e+00
      vertex   0.000000e+00 2.102192e+01 1.200000e+01
    endloop
  endfacet
  facet normal -3.903675e-14 1.000000e+00 -3.415273e-15
    outer loop
      vertex   0.000000e+00 2.102192e+01 1.200000e+01
      vertex   1.500000e+00 2.102192e+01 8.378078e+00
      vertex   1.512154e+00 2.102192e+01 8.239160e+00
    endloop
  endfacet
  facet normal -2.612478e-14 1.000000e+00 1.776357e-15
    outer loop
      vertex   0.000000e+00 2.102192e+01 1.200000e+01
      vertex   1.512154e+00 2.102192e+01 8.239160e+00
      vertex   8.881784e-15 2.102192e+01 2.000000e+00
    endloop
  endfacet
  facet normal -8.926608e-15 1.000000e+00 -2.391877e-15
    outer loop
      vertex   8.881784e-15 2.102192e+01 2.000000e+00
      vertex   1.512154e+00 2.102192e+01 8.239160e+00
      vertex   1.548246e+00 2.102192e+01 8.104462e+00
    endloop
  endfacet
  facet normal -6.467118e-15 1.000000e+00 -3.015666e-15
    outer loop
      vertex   8.881784e-15 2.102192e+01 2.000000e+00
      vertex   1.548246e+00 2.102192e+01 8.104462e+00
      vertex   1.607180e+00 2.102192e+01 7.978078e+00
    endloop
  endfacet
  facet normal -4.906152e-15 1.000000e+00 -3.435325e-15
    outer loop
      vertex   1.607180e+00 2.102192e+01 7.978078e+00
      vertex   1.687164e+00 2.102192e+01 7.863848e+00
      vertex   8.881784e-15 2.102192e+01 2.000000e+00
    endloop
  endfacet
  facet normal -3.763960e-15 1.000000e+00 -3.763960e-15
    outer loop
      vertex   8.881784e-15 2.102192e+01 2.000000e+00
      vertex   1.687164e+00 2.102192e+01 7.863848e+00
      vertex   1.785770e+00 2.102192e+01 7.765243e+00
    endloop
  endfacet
  facet normal -2.836671e-15 1.000000e+00 -4.051186e-15
    outer loop
      vertex   8.881784e-15 2.102192e+01 2.000000e+00
      vertex   1.785770e+00 2.102192e+01 7.765243e+00
      vertex   1.900000e+00 2.102192e+01 7.685258e+00
    endloop
  endfacet
  facet normal -2.016858e-15 1.000000e+00 -4.325165e-15
    outer loop
      vertex   1.900000e+00 2.102192e+01 7.685258e+00
      vertex   2.026384e+00 2.102192e+01 7.626324e+00
      vertex   8.881784e-15 2.102192e+01 2.000000e+00
    endloop
  endfacet
  facet normal -1.234432e-15 1.000000e+00 -4.606965e-15
    outer loop
      vertex   8.881784e-15 2.102192e+01 2.000000e+00
      vertex   2.026384e+00 2.102192e+01 7.626324e+00
      vertex   2.161081e+00 2.102192e+01 7.590232e+00
    endloop
  endfacet
  facet normal 0.000000e+00 1.000000e+00 -5.084174e-15
    outer loop
      vertex   8.881784e-15 2.102192e+01 2.000000e+00
      vertex   2.161081e+00 2.102192e+01 7.590232e+00
      vertex   4.200000e+00 2.102192e+01 2.000000e+00
    endloop
  endfacet
  facet normal -4.594690e-16 1.000000e+00 -5.251755e-15
    outer loop
      vertex   4.200000e+00 2.102192e+01 2.000000e+00
      vertex   2.161081e+00 2.102192e+01 7.590232e+00
      vertex   2.300000e+00 2.102192e+01 7.578078e+00
    endloop
  endfacet
  facet normal 4.328769e-16 1.000000e+00 -4.947805e-15
    outer loop
      vertex   4.200000e+00 2.102192e+01 2.000000e+00
      vertex   2.300000e+00 2.102192e+01 7.578078e+00
      vertex   2.438919e+00 2.102192e+01 7.590232e+00
    endloop
  endfacet
  facet normal 1.256258e-15 1.000000e+00 -4.688417e-15
    outer loop
      vertex   2.438919e+00 2.102192e+01 7.590232e+00
      vertex   2.573616e+00 2.102192e+01 7.626324e+00
      vertex   4.200000e+00 2.102192e+01 2.000000e+00
    endloop
  endfacet
  facet normal 2.075778e-15 1.000000e+00 -4.451521e-15
    outer loop
      vertex   4.200000e+00 2.102192e+01 2.000000e+00
      vertex   2.573616e+00 2.102192e+01 7.626324e+00
      vertex   2.700000e+00 2.102192e+01 7.685258e+00
    endloop
  endfacet
  facet normal 2.954627e-15 1.000000e+00 -4.219645e-15
    outer loop
      vertex   4.200000e+00 2.102192e+01 2.000000e+00
      vertex   2.700000e+00 2.102192e+01 7.685258e+00
      vertex   2.814230e+00 2.102192e+01 7.765243e+00
    endloop
  endfacet
  facet normal 3.974501e-15 1.000000e+00 -3.974501e-15
    outer loop
      vertex   2.814230e+00 2.102192e+01 7.765243e+00
      vertex   2.912836e+00 2.102192e+01 7.863848e+00
      vertex   4.200000e+00 2.102192e+01 2.000000e+00
    endloop
  endfacet
  facet normal 5.270038e-15 1.000000e+00 -3.690120e-15
    outer loop
      vertex   4.200000e+00 2.102192e+01 2.000000e+00
      vertex   2.912836e+00 2.102192e+01 7.863848e+00
      vertex   2.992820e+00 2.102192e+01 7.978078e+00
    endloop
  endfacet
  facet normal 7.114671e-15 1.000000e+00 -3.317625e-15
    outer loop
      vertex   4.200000e+00 2.102192e+01 2.000000e+00
      vertex   2.992820e+00 2.102192e+01 7.978078e+00
      vertex   3.051754e+00 2.102192e+01 8.104462e+00
    endloop
  endfacet
  facet normal 1.020920e-14 1.000000e+00 -2.735546e-15
    outer loop
      vertex   3.051754e+00 2.102192e+01 8.104462e+00
      vertex   3.087846e+00 2.102192e+01 8.239160e+00
      vertex   4.200000e+00 2.102192e+01 2.000000e+00
    endloop
  endfacet
  facet normal 1.714207e-14 1.000000e+00 -1.499736e-15
    outer loop
      vertex   4.200000e+00 2.102192e+01 2.000000e+00
      vertex   3.087846e+00 2.102192e+01 8.239160e+00
      vertex   3.100000e+00 2.102192e+01 8.378078e+00
    endloop
  endfacet
  facet normal 3.442106e-14 1.000000e+00 1.480297e-15
    outer loop
      vertex   4.200000e+00 2.102192e+01 2.000000e+00
      vertex   3.100000e+00 2.102192e+01 8.378078e+00
      vertex   4.200000e+00 2.102192e+01 1.400000e+01
    endloop
  endfacet
  facet normal 2.901351e-14 1.000000e+00 2.538353e-15
    outer loop
      vertex   4.200000e+00 2.102192e+01 1.400000e+01
      vertex   3.100000e+00 2.102192e+01 8.378078e+00
      vertex   3.087846e+00 2.102192e+01 8.516997e+00
    endloop
  endfacet
  facet normal 1.789212e-14 1.000000e+00 4.794178e-15
    outer loop
      vertex   4.200000e+00 2.102192e+01 1.400000e+01
      vertex   3.087846e+00 2.102192e+01 8.516997e+00
      vertex   3.051754e+00 2.102192e+01 8.651694e+00
    endloop
  endfacet
  facet normal 1.268059e-14 1.000000e+00 5.913057e-15
    outer loop
      vertex   3.051754e+00 2.102192e+01 8.651694e+00
      vertex   2.992820e+00 2.102192e+01 8.778078e+00
      vertex   4.200000e+00 2.102192e+01 1.400000e+01
    endloop
  endfacet
  facet normal 9.496092e-15 1.000000e+00 6.649235e-15
    outer loop
      vertex   4.200000e+00 2.102192e+01 1.400000e+01
      vertex   2.992820e+00 2.102192e+01 8.778078e+00
      vertex   2.912836e+00 2.102192e+01 8.892308e+00
    endloop
  endfacet
  facet normal 7.222254e-15 1.000000e+00 7.222254e-15
    outer loop
      vertex   4.200000e+00 2.102192e+01 1.400000e+01
      vertex   2.912836e+00 2.102192e+01 8.892308e+00
      vertex   2.814230e+00 2.102192e+01 8.990914e+00
    endloop
  endfacet
  facet normal 0.000000e+00 1.000000e+00 9.220300e-15
    outer loop
      vertex   4.200000e+00 2.102192e+01 1.400000e+01
      vertex   2.814230e+00 2.102192e+01 8.990914e+00
      vertex   2.000000e+00 2.102192e+01 1.400000e+01
    endloop
  endfacet
  facet normal 7.285334e-15 1.000000e+00 1.040454e-14
    outer loop
      vertex   2.000000e+00 2.102192e+01 1.400000e+01
      vertex   2.814230e+00 2.102192e+01 8.990914e+00
      vertex   2.700000e+00 2.102192e+01 9.070898e+00
    endloop
  endfacet
  facet normal 4.679126e-15 1.000000e+00 1.003442e-14
    outer loop
      vertex   2.000000e+00 2.102192e+01 1.400000e+01
      vertex   2.700000e+00 2.102192e+01 9.070898e+00
      vertex   2.573616e+00 2.102192e+01 9.129832e+00
    endloop
  endfacet
  facet normal 2.623851e-15 1.000000e+00 9.792345e-15
    outer loop
      vertex   2.573616e+00 2.102192e+01 9.129832e+00
      vertex   2.438919e+00 2.102192e+01 9.165924e+00
      vertex   2.000000e+00 2.102192e+01 1.400000e+01
    endloop
  endfacet
  facet normal 8.425692e-16 1.000000e+00 9.630610e-15
    outer loop
      vertex   2.000000e+00 2.102192e+01 1.400000e+01
      vertex   2.438919e+00 2.102192e+01 9.165924e+00
      vertex   2.300000e+00 2.102192e+01 9.178078e+00
    endloop
  endfacet
  facet normal -8.334463e-16 1.000000e+00 9.526335e-15
    outer loop
      vertex   2.000000e+00 2.102192e+01 1.400000e+01
      vertex   2.300000e+00 2.102192e+01 9.178078e+00
      vertex   2.161081e+00 2.102192e+01 9.165924e+00
    endloop
  endfacet
  facet normal -2.537360e-15 1.000000e+00 9.469557e-15
    outer loop
      vertex   2.161081e+00 2.102192e+01 9.165924e+00
      vertex   2.026384e+00 2.102192e+01 9.129832e+00
      vertex   2.000000e+00 2.102192e+01 1.400000e+01
    endloop
  endfacet
  facet normal -5.324089e-16 1.000000e+00 9.480419e-15
    outer loop
      vertex   2.000000e+00 2.102192e+01 1.400000e+01
      vertex   2.026384e+00 2.102192e+01 9.129832e+00
      vertex   1.776071e+00 2.102192e+01 1.398742e+01
    endloop
  endfacet
  facet normal -4.329551e-15 1.000000e+00 9.284751e-15
    outer loop
      vertex   1.776071e+00 2.102192e+01 1.398742e+01
      vertex   2.026384e+00 2.102192e+01 9.129832e+00
      vertex   1.900000e+00 2.102192e+01 9.070898e+00
    endloop
  endfacet
  facet normal -1.589279e-15 1.000000e+00 9.353824e-15
    outer loop
      vertex   1.776071e+00 2.102192e+01 1.398742e+01
      vertex   1.900000e+00 2.102192e+01 9.070898e+00
      vertex   1.554958e+00 2.102192e+01 1.394986e+01
    endloop
  endfacet
  facet normal -6.315577e-15 1.000000e+00 9.019579e-15
    outer loop
      vertex   1.554958e+00 2.102192e+01 1.394986e+01
      vertex   1.900000e+00 2.102192e+01 9.070898e+00
      vertex   1.785770e+00 2.102192e+01 8.990914e+00
    endloop
  endfacet
  facet normal -2.647680e-15 1.000000e+00 9.190299e-15
    outer loop
      vertex   1.554958e+00 2.102192e+01 1.394986e+01
      vertex   1.785770e+00 2.102192e+01 8.990914e+00
      vertex   1.339442e+00 2.102192e+01 1.388777e+01
    endloop
  endfacet
  facet normal -8.643779e-15 1.000000e+00 8.643779e-15
    outer loop
      vertex   1.339442e+00 2.102192e+01 1.388777e+01
      vertex   1.785770e+00 2.102192e+01 8.990914e+00
      vertex   1.687164e+00 2.102192e+01 8.892308e+00
    endloop
  endfacet
  facet normal -3.722270e-15 1.000000e+00 8.986354e-15
    outer loop
      vertex   1.339442e+00 2.102192e+01 1.388777e+01
      vertex   1.687164e+00 2.102192e+01 8.892308e+00
      vertex   1.132233e+00 2.102192e+01 1.380194e+01
    endloop
  endfacet
  facet normal -1.156745e-14 1.000000e+00 8.099619e-15
    outer loop
      vertex   1.132233e+00 2.102192e+01 1.380194e+01
      vertex   1.687164e+00 2.102192e+01 8.892308e+00
      vertex   1.607180e+00 2.102192e+01 8.778078e+00
    endloop
  endfacet
  facet normal -4.828603e-15 1.000000e+00 8.736698e-15
    outer loop
      vertex   1.132233e+00 2.102192e+01 1.380194e+01
      vertex   1.607180e+00 2.102192e+01 8.778078e+00
      vertex   9.359358e-01 2.102192e+01 1.369345e+01
    endloop
  endfacet
  facet normal -6.077962e-15 1.000000e+00 8.566086e-15
    outer loop
      vertex   9.359358e-01 2.102192e+01 1.369345e+01
      vertex   1.607180e+00 2.102192e+01 8.778078e+00
      vertex   7.530204e-01 2.102192e+01 1.356366e+01
    endloop
  endfacet
  facet normal -1.496745e-14 1.000000e+00 6.979437e-15
    outer loop
      vertex   7.530204e-01 2.102192e+01 1.356366e+01
      vertex   1.607180e+00 2.102192e+01 8.778078e+00
      vertex   1.548246e+00 2.102192e+01 8.651694e+00
    endloop
  endfacet
  facet normal -7.340643e-15 1.000000e+00 8.214183e-15
    outer loop
      vertex   7.530204e-01 2.102192e+01 1.356366e+01
      vertex   1.548246e+00 2.102192e+01 8.651694e+00
      vertex   5.857864e-01 2.102192e+01 1.341421e+01
    endloop
  endfacet
  facet normal -8.850286e-15 1.000000e+00 7.909099e-15
    outer loop
      vertex   5.857864e-01 2.102192e+01 1.341421e+01
      vertex   1.548246e+00 2.102192e+01 8.651694e+00
      vertex   4.363370e-01 2.102192e+01 1.324698e+01
    endloop
  endfacet
  facet normal -1.698070e-14 1.000000e+00 5.941804e-15
    outer loop
      vertex   4.363370e-01 2.102192e+01 1.324698e+01
      vertex   1.548246e+00 2.102192e+01 8.651694e+00
      vertex   0.000000e+00 2.102192e+01 1.200000e+01
    endloop
  endfacet
  facet normal 0.000000e+00 1.000000e+00 0.000000e+00
    outer loop
      vertex   4.363370e-01 2.102192e+01 1.324698e+01
      vertex   0.000000e+00 2.102192e+01 1.200000e+01
      vertex   3.065516e-01 2.102192e+01 1.306406e+01
    endloop
  endfacet
  facet normal 0.000000e+00 1.000000e+00 0.000000e+00
    outer loop
      vertex   3.065516e-01 2.102192e+01 1.306406e+01
      vertex   0.000000e+00 2.102192e+01 1.200000e+01
      vertex   1.980623e-01 2.102192e+01 1.286777e+01
    endloop
  endfacet
  facet normal 0.000000e+00 1.000000e+00 0.000000e+00
    outer loop
      vertex   1.980623e-01 2.102192e+01 1.286777e+01
      vertex   0.000000e+00 2.102192e+01 1.200000e+01
      vertex   1.122333e-01 2.102192e+01 1.266056e+01
    endloop
  endfacet
  facet normal 0.000000e+00 1.000000e+00 0.000000e+00
    outer loop
      vertex   1.122333e-01 2.102192e+01 1.266056e+01
      vertex   0.000000e+00 2.102192e+01 1.200000e+01
      vertex   5.014418e-02 2.102192e+01 1.244504e+01
    endloop
  endfacet
  facet normal 0.000000e+00 1.000000e+00 0.000000e+00
    outer loop
      vertex   5.014418e-02 2.102192e+01 1.244504e+01
      vertex   0.000000e+00 2.102192e+01 1.200000e+01
      vertex   1.257558e-02 2.102192e+01 1.222393e+01
    endloop
  endfacet
  facet normal -1.888643e-14 1.000000e+00 5.060603e-15
    outer loop
      vertex   1.548246e+00 2.102192e+01 8.651694e+00
      vertex   1.512154e+00 2.102192e+01 8.516997e+00
      vertex   0.000000e+00 2.102192e+01 1.200000e+01
    endloop
  endfacet
  facet normal 0.000000e+00 0.000000e+00 1.000000e+00
    outer loop
      vertex   2.820000e+01 1.293762e+01 1.400000e+01
      vertex   3.050000e+01 1.293762e+01 1.400000e+01
      vertex   2.820000e+01 2.102192e+01 1.400000e+01
    endloop
  endfacet
  facet normal -0.000000e+00 0.000000e+00 1.000000e+00
    outer loop
      vertex   2.820000e+01 2.102192e+01 1.400000e+01
      vertex   3.050000e+01 1.293762e+01 1.400000e+01
      vertex   3.050000e+01 2.102192e+01 1.400000e+01
    endloop
  endfacet
  facet normal 2.571310e-14 1.000000e+00 2.249605e-15
    outer loop
      vertex   2.931215e+01 2.102192e+01 8.239160e+00
      vertex   2.820000e+01 2.102192e+01 2.000000e+00
      vertex   2.930000e+01 2.102192e+01 8.378078e+00
    endloop
  endfacet
  facet normal 3.017374e-14 1.000000e+00 1.480297e-15
    outer loop
      vertex   2.930000e+01 2.102192e+01 8.378078e+00
      vertex   2.820000e+01 2.102192e+01 2.000000e+00
      vertex   2.820000e+01 2.102192e+01 1.400000e+01
    endloop
  endfacet
  facet normal 1.562266e-14 1.000000e+00 -1.366805e-15
    outer loop
      vertex   2.930000e+01 2.102192e+01 8.378078e+00
      vertex   2.820000e+01 2.102192e+01 1.400000e+01
      vertex   2.931215e+01 2.102192e+01 8.516997e+00
    endloop
  endfacet
  facet normal 9.634216e-15 1.000000e+00 -2.581480e-15
    outer loop
      vertex   2.931215e+01 2.102192e+01 8.516997e+00
      vertex   2.820000e+01 2.102192e+01 1.400000e+01
      vertex   2.934825e+01 2.102192e+01 8.651694e+00
    endloop
  endfacet
  facet normal 6.828011e-15 1.000000e+00 -3.183954e-15
    outer loop
      vertex   2.934825e+01 2.102192e+01 8.651694e+00
      vertex   2.820000e+01 2.102192e+01 1.400000e+01
      vertex   2.940718e+01 2.102192e+01 8.778078e+00
    endloop
  endfacet
  facet normal 5.113280e-15 1.000000e+00 -3.580358e-15
    outer loop
      vertex   2.940718e+01 2.102192e+01 8.778078e+00
      vertex   2.820000e+01 2.102192e+01 1.400000e+01
      vertex   2.948716e+01 2.102192e+01 8.892308e+00
    endloop
  endfacet
  facet normal 3.888906e-15 1.000000e+00 -3.888906e-15
    outer loop
      vertex   2.948716e+01 2.102192e+01 8.892308e+00
      vertex   2.820000e+01 2.102192e+01 1.400000e+01
      vertex   2.958577e+01 2.102192e+01 8.990914e+00
    endloop
  endfacet
  facet normal 2.912235e-15 1.000000e+00 -4.159103e-15
    outer loop
      vertex   2.958577e+01 2.102192e+01 8.990914e+00
      vertex   2.820000e+01 2.102192e+01 1.400000e+01
      vertex   2.970000e+01 2.102192e+01 9.070898e+00
    endloop
  endfacet
  facet normal 5.566662e-31 1.000000e+00 -5.045340e-15
    outer loop
      vertex   2.970000e+01 2.102192e+01 9.070898e+00
      vertex   2.820000e+01 2.102192e+01 1.400000e+01
      vertex   3.050000e+01 2.102192e+01 1.400000e+01
    endloop
  endfacet
  facet normal 2.545317e-15 1.000000e+00 -5.458449e-15
    outer loop
      vertex   2.970000e+01 2.102192e+01 9.070898e+00
      vertex   3.050000e+01 2.102192e+01 1.400000e+01
      vertex   2.982638e+01 2.102192e+01 9.129832e+00
    endloop
  endfacet
  facet normal 1.420915e-15 1.000000e+00 -5.302928e-15
    outer loop
      vertex   2.982638e+01 2.102192e+01 9.129832e+00
      vertex   3.050000e+01 2.102192e+01 1.400000e+01
      vertex   2.996108e+01 2.102192e+01 9.165924e+00
    endloop
  endfacet
  facet normal 4.545203e-16 1.000000e+00 -5.195191e-15
    outer loop
      vertex   2.996108e+01 2.102192e+01 9.165924e+00
      vertex   3.050000e+01 2.102192e+01 1.400000e+01
      vertex   3.010000e+01 2.102192e+01 9.178078e+00
    endloop
  endfacet
  facet normal -4.479704e-16 1.000000e+00 -5.120325e-15
    outer loop
      vertex   3.010000e+01 2.102192e+01 9.178078e+00
      vertex   3.050000e+01 2.102192e+01 1.400000e+01
      vertex   3.023892e+01 2.102192e+01 9.165924e+00
    endloop
  endfacet
  facet normal -1.358806e-15 1.000000e+00 -5.071132e-15
    outer loop
      vertex   3.023892e+01 2.102192e+01 9.165924e+00
      vertex   3.050000e+01 2.102192e+01 1.400000e+01
      vertex   3.037362e+01 2.102192e+01 9.129832e+00
    endloop
  endfacet
  facet normal -2.352681e-15 1.000000e+00 -5.045340e-15
    outer loop
      vertex   3.037362e+01 2.102192e+01 9.129832e+00
      vertex   3.050000e+01 2.102192e+01 1.400000e+01
      vertex   3.050000e+01 2.102192e+01 9.070898e+00
    endloop
  endfacet
  facet normal -9.547551e-14 1.000000e+00 -5.045341e-15
    outer loop
      vertex   3.050000e+01 2.102192e+01 9.070898e+00
      vertex   3.050000e+01 2.102192e+01 1.400000e+01
      vertex   3.072393e+01 2.102192e+01 1.398742e+01
    endloop
  endfacet
  facet normal -6.374379e-15 1.000000e+00 -9.103556e-15
    outer loop
      vertex   3.050000e+01 2.102192e+01 9.070898e+00
      vertex   3.072393e+01 2.102192e+01 1.398742e+01
      vertex   3.061423e+01 2.102192e+01 8.990914e+00
    endloop
  endfacet
  facet normal -1.564698e-15 1.000000e+00 -9.209153e-15
    outer loop
      vertex   3.061423e+01 2.102192e+01 8.990914e+00
      vertex   3.072393e+01 2.102192e+01 1.398742e+01
      vertex   3.094504e+01 2.102192e+01 1.394986e+01
    endloop
  endfacet
  facet normal -2.632588e-15 1.000000e+00 -9.137914e-15
    outer loop
      vertex   3.061423e+01 2.102192e+01 8.990914e+00
      vertex   3.094504e+01 2.102192e+01 1.394986e+01
      vertex   3.116056e+01 2.102192e+01 1.388777e+01
    endloop
  endfacet
  facet normal 1.531380e-14 1.000000e+00 4.103320e-15
    outer loop
      vertex   2.931215e+01 2.102192e+01 8.239160e+00
      vertex   2.934825e+01 2.102192e+01 8.104462e+00
      vertex   2.820000e+01 2.102192e+01 2.000000e+00
    endloop
  endfacet
  facet normal 1.067201e-14 1.000000e+00 4.976438e-15
    outer loop
      vertex   2.820000e+01 2.102192e+01 2.000000e+00
      vertex   2.934825e+01 2.102192e+01 8.104462e+00
      vertex   2.940718e+01 2.102192e+01 7.978078e+00
    endloop
  endfacet
  facet normal 7.905057e-15 1.000000e+00 5.535180e-15
    outer loop
      vertex   2.820000e+01 2.102192e+01 2.000000e+00
      vertex   2.940718e+01 2.102192e+01 7.978078e+00
      vertex   2.948716e+01 2.102192e+01 7.863848e+00
    endloop
  endfacet
  facet normal 5.961752e-15 1.000000e+00 5.961752e-15
    outer loop
      vertex   2.948716e+01 2.102192e+01 7.863848e+00
      vertex   2.958577e+01 2.102192e+01 7.765243e+00
      vertex   2.820000e+01 2.102192e+01 2.000000e+00
    endloop
  endfacet
  facet normal 4.431941e-15 1.000000e+00 6.329467e-15
    outer loop
      vertex   2.820000e+01 2.102192e+01 2.000000e+00
      vertex   2.958577e+01 2.102192e+01 7.765243e+00
      vertex   2.970000e+01 2.102192e+01 7.685258e+00
    endloop
  endfacet
  facet normal 3.113667e-15 1.000000e+00 6.677281e-15
    outer loop
      vertex   2.820000e+01 2.102192e+01 2.000000e+00
      vertex   2.970000e+01 2.102192e+01 7.685258e+00
      vertex   2.982638e+01 2.102192e+01 7.626324e+00
    endloop
  endfacet
  facet normal 1.884386e-15 1.000000e+00 7.032625e-15
    outer loop
      vertex   2.982638e+01 2.102192e+01 7.626324e+00
      vertex   2.996108e+01 2.102192e+01 7.590232e+00
      vertex   2.820000e+01 2.102192e+01 2.000000e+00
    endloop
  endfacet
  facet normal 6.493153e-16 1.000000e+00 7.421708e-15
    outer loop
      vertex   2.820000e+01 2.102192e+01 2.000000e+00
      vertex   2.996108e+01 2.102192e+01 7.590232e+00
      vertex   3.010000e+01 2.102192e+01 7.578078e+00
    endloop
  endfacet
  facet normal -6.892036e-16 1.000000e+00 7.877633e-15
    outer loop
      vertex   2.820000e+01 2.102192e+01 2.000000e+00
      vertex   3.010000e+01 2.102192e+01 7.578078e+00
      vertex   3.023892e+01 2.102192e+01 7.590232e+00
    endloop
  endfacet
  facet normal 4.131062e-15 1.000000e+00 6.119543e-15
    outer loop
      vertex   2.820000e+01 2.102192e+01 2.000000e+00
      vertex   3.023892e+01 2.102192e+01 7.590232e+00
      vertex   3.250000e+01 2.102192e+01 2.000000e+00
    endloop
  endfacet
  facet normal -1.075457e-15 1.000000e+00 4.013662e-15
    outer loop
      vertex   3.250000e+01 2.102192e+01 2.000000e+00
      vertex   3.023892e+01 2.102192e+01 7.590232e+00
      vertex   3.037362e+01 2.102192e+01 7.626324e+00
    endloop
  endfacet
  facet normal -1.752316e-15 1.000000e+00 3.757853e-15
    outer loop
      vertex   3.250000e+01 2.102192e+01 2.000000e+00
      vertex   3.037362e+01 2.102192e+01 7.626324e+00
      vertex   3.050000e+01 2.102192e+01 7.685258e+00
    endloop
  endfacet
  facet normal -2.457559e-15 1.000000e+00 3.509758e-15
    outer loop
      vertex   3.050000e+01 2.102192e+01 7.685258e+00
      vertex   3.061423e+01 2.102192e+01 7.765243e+00
      vertex   3.250000e+01 2.102192e+01 2.000000e+00
    endloop
  endfacet
  facet normal -3.250419e-15 1.000000e+00 3.250419e-15
    outer loop
      vertex   3.250000e+01 2.102192e+01 2.000000e+00
      vertex   3.061423e+01 2.102192e+01 7.765243e+00
      vertex   3.071284e+01 2.102192e+01 7.863848e+00
    endloop
  endfacet
  facet normal -4.220037e-15 1.000000e+00 2.954902e-15
    outer loop
      vertex   3.250000e+01 2.102192e+01 2.000000e+00
      vertex   3.071284e+01 2.102192e+01 7.863848e+00
      vertex   3.079282e+01 2.102192e+01 7.978078e+00
    endloop
  endfacet
  facet normal -5.532833e-15 1.000000e+00 2.580002e-15
    outer loop
      vertex   3.079282e+01 2.102192e+01 7.978078e+00
      vertex   3.085175e+01 2.102192e+01 8.104462e+00
      vertex   3.250000e+01 2.102192e+01 2.000000e+00
    endloop
  endfacet
  facet normal -7.572934e-15 1.000000e+00 2.029161e-15
    outer loop
      vertex   3.250000e+01 2.102192e+01 2.000000e+00
      vertex   3.085175e+01 2.102192e+01 8.104462e+00
      vertex   3.088785e+01 2.102192e+01 8.239160e+00
    endloop
  endfacet
  facet normal -1.542594e-14 1.000000e+00 -3.288238e-29
    outer loop
      vertex   3.250000e+01 2.102192e+01 2.000000e+00
      vertex   3.088785e+01 2.102192e+01 8.239160e+00
      vertex   3.250000e+01 2.102192e+01 1.200000e+01
    endloop
  endfacet
  facet normal -1.938162e-14 1.000000e+00 1.695672e-15
    outer loop
      vertex   3.250000e+01 2.102192e+01 1.200000e+01
      vertex   3.088785e+01 2.102192e+01 8.239160e+00
      vertex   3.090000e+01 2.102192e+01 8.378078e+00
    endloop
  endfacet
  facet normal -1.297370e-14 1.000000e+00 -1.135052e-15
    outer loop
      vertex   3.250000e+01 2.102192e+01 1.200000e+01
      vertex   3.090000e+01 2.102192e+01 8.378078e+00
      vertex   3.088785e+01 2.102192e+01 8.516997e+00
    endloop
  endfacet
  facet normal -9.770089e-15 1.000000e+00 -2.617887e-15
    outer loop
      vertex   3.088785e+01 2.102192e+01 8.516997e+00
      vertex   3.085175e+01 2.102192e+01 8.651694e+00
      vertex   3.250000e+01 2.102192e+01 1.200000e+01
    endloop
  endfacet
  facet normal 8.434364e-15 1.000000e+00 -1.157926e-14
    outer loop
      vertex   3.250000e+01 2.102192e+01 1.200000e+01
      vertex   3.085175e+01 2.102192e+01 8.651694e+00
      vertex   3.191421e+01 2.102192e+01 1.341421e+01
    endloop
  endfacet
  facet normal -3.143846e-14 1.000000e+00 -2.809512e-14
    outer loop
      vertex   3.250000e+01 2.102192e+01 1.200000e+01
      vertex   3.191421e+01 2.102192e+01 1.341421e+01
      vertex   3.206366e+01 2.102192e+01 1.324698e+01
    endloop
  endfacet
  facet normal -7.225797e-15 1.000000e+00 -8.085670e-15
    outer loop
      vertex   3.191421e+01 2.102192e+01 1.341421e+01
      vertex   3.085175e+01 2.102192e+01 8.651694e+00
      vertex   3.174698e+01 2.102192e+01 1.356366e+01
    endloop
  endfacet
  facet normal -1.449762e-14 1.000000e+00 -6.760352e-15
    outer loop
      vertex   3.174698e+01 2.102192e+01 1.356366e+01
      vertex   3.085175e+01 2.102192e+01 8.651694e+00
      vertex   3.079282e+01 2.102192e+01 8.778078e+00
    endloop
  endfacet
  facet normal -5.999015e-15 1.000000e+00 -8.454821e-15
    outer loop
      vertex   3.174698e+01 2.102192e+01 1.356366e+01
      vertex   3.079282e+01 2.102192e+01 8.778078e+00
      vertex   3.156406e+01 2.102192e+01 1.369345e+01
    endloop
  endfacet
  facet normal -4.778643e-15 1.000000e+00 -8.646303e-15
    outer loop
      vertex   3.156406e+01 2.102192e+01 1.369345e+01
      vertex   3.079282e+01 2.102192e+01 8.778078e+00
      vertex   3.136777e+01 2.102192e+01 1.380194e+01
    endloop
  endfacet
  facet normal -1.128482e-14 1.000000e+00 -7.901714e-15
    outer loop
      vertex   3.136777e+01 2.102192e+01 1.380194e+01
      vertex   3.079282e+01 2.102192e+01 8.778078e+00
      vertex   3.071284e+01 2.102192e+01 8.892308e+00
    endloop
  endfacet
  facet normal -3.692510e-15 1.000000e+00 -8.914509e-15
    outer loop
      vertex   3.136777e+01 2.102192e+01 1.380194e+01
      vertex   3.071284e+01 2.102192e+01 8.892308e+00
      vertex   3.116056e+01 2.102192e+01 1.388777e+01
    endloop
  endfacet
  facet normal -8.484979e-15 1.000000e+00 -8.484979e-15
    outer loop
      vertex   3.116056e+01 2.102192e+01 1.388777e+01
      vertex   3.071284e+01 2.102192e+01 8.892308e+00
      vertex   3.061423e+01 2.102192e+01 8.990914e+00
    endloop
  endfacet
  facet normal -4.753407e-14 1.000000e+00 -3.372722e-14
    outer loop
      vertex   3.206366e+01 2.102192e+01 1.324698e+01
      vertex   3.219345e+01 2.102192e+01 1.306406e+01
      vertex   3.250000e+01 2.102192e+01 1.200000e+01
    endloop
  endfacet
  facet normal -7.571427e-14 1.000000e+00 -4.184580e-14
    outer loop
      vertex   3.250000e+01 2.102192e+01 1.200000e+01
      vertex   3.219345e+01 2.102192e+01 1.306406e+01
      vertex   3.230194e+01 2.102192e+01 1.286777e+01
    endloop
  endfacet
  facet normal -1.320885e-13 1.000000e+00 -5.471285e-14
    outer loop
      vertex   3.250000e+01 2.102192e+01 1.200000e+01
      vertex   3.230194e+01 2.102192e+01 1.286777e+01
      vertex   3.238777e+01 2.102192e+01 1.266056e+01
    endloop
  endfacet
  facet normal -2.730400e-13 1.000000e+00 -7.866147e-14
    outer loop
      vertex   3.238777e+01 2.102192e+01 1.266056e+01
      vertex   3.244986e+01 2.102192e+01 1.244504e+01
      vertex   3.250000e+01 2.102192e+01 1.200000e+01
    endloop
  endfacet
  facet normal -8.368686e-13 1.000000e+00 -1.421897e-13
    outer loop
      vertex   3.250000e+01 2.102192e+01 1.200000e+01
      vertex   3.244986e+01 2.102192e+01 1.244504e+01
      vertex   3.248742e+01 2.102192e+01 1.222393e+01
    endloop
  endfacet
endsolid
