solid ASCII
  facet normal 1.000000e+00 -0.000000e+00 5.296773e-13
    outer loop
      vertex   -2.163095e+01 -2.260217e+01 -2.760023e+01
      vertex   -2.163095e+01 -1.070217e+01 -2.760023e+01
      vertex   -2.163095e+01 -2.260217e+01 -2.705023e+01
    endloop
  endfacet
  facet normal 1.000000e+00 -0.000000e+00 5.296773e-13
    outer loop
      vertex   -2.163095e+01 -2.260217e+01 -2.705023e+01
      vertex   -2.163095e+01 -1.070217e+01 -2.760023e+01
      vertex   -2.163095e+01 -1.070217e+01 -2.705023e+01
    endloop
  endfacet
  facet normal 1.462078e-12 0.000000e+00 1.000000e+00
    outer loop
      vertex   -2.163095e+01 -1.070217e+01 -2.705023e+01
      vertex   -2.293095e+01 -1.070217e+01 -2.705023e+01
      vertex   -2.163095e+01 -2.260217e+01 -2.705023e+01
    endloop
  endfacet
  facet normal 2.156224e-12 7.583103e-14 1.000000e+00
    outer loop
      vertex   -2.163095e+01 -2.260217e+01 -2.705023e+01
      vertex   -2.293095e+01 -1.070217e+01 -2.705023e+01
      vertex   -2.293095e+01 -2.260217e+01 -2.705023e+01
    endloop
  endfacet
  facet normal 1.000000e+00 1.349434e-13 1.952123e-13
    outer loop
      vertex   -2.293095e+01 -1.070217e+01 -2.705023e+01
      vertex   -2.293095e+01 -1.070217e+01 -2.230023e+01
      vertex   -2.293095e+01 -2.260217e+01 -2.705023e+01
    endloop
  endfacet
  facet normal 1.000000e+00 1.492737e-15 5.295413e-13
    outer loop
      vertex   -2.293095e+01 -2.260217e+01 -2.705023e+01
      vertex   -2.293095e+01 -1.070217e+01 -2.230023e+01
      vertex   -2.293095e+01 -2.260217e+01 -2.230023e+01
    endloop
  endfacet
  facet normal -1.000000e+00 2.985474e-16 -5.102989e-13
    outer loop
      vertex   1.611705e+01 -1.070217e+01 -2.760023e+01
      vertex   1.611705e+01 -2.260217e+01 -2.760023e+01
      vertex   1.611705e+01 -1.070217e+01 -2.705023e+01
    endloop
  endfacet
  facet normal -1.000000e+00 2.985474e-16 -5.102989e-13
    outer loop
      vertex   1.611705e+01 -1.070217e+01 -2.705023e+01
      vertex   1.611705e+01 -2.260217e+01 -2.760023e+01
      vertex   1.611705e+01 -2.260217e+01 -2.705023e+01
    endloop
  endfacet
  facet normal -7.843299e-13 5.970947e-16 1.000000e+00
    outer loop
      vertex   1.611705e+01 -2.260217e+01 -2.705023e+01
      vertex   1.741705e+01 -2.260217e+01 -2.705023e+01
      vertex   1.611705e+01 -1.070217e+01 -2.705023e+01
    endloop
  endfacet
  facet normal -3.232969e-12 -2.669013e-13 1.000000e+00
    outer loop
      vertex   1.611705e+01 -1.070217e+01 -2.705023e+01
      vertex   1.741705e+01 -2.260217e+01 -2.705023e+01
      vertex   1.741705e+01 -1.070217e+01 -2.705023e+01
    endloop
  endfacet
  facet normal -1.000000e+00 -1.304652e-13 -5.115908e-13
    outer loop
      vertex   1.741705e+01 -2.260217e+01 -2.705023e+01
      vertex   1.741705e+01 -2.260217e+01 -2.230023e+01
      vertex   1.741705e+01 -1.070217e+01 -2.705023e+01
    endloop
  endfacet
  facet normal -1.000000e+00 -1.492737e-15 -1.884808e-13
    outer loop
      vertex   1.741705e+01 -1.070217e+01 -2.705023e+01
      vertex   1.741705e+01 -2.260217e+01 -2.230023e+01
      vertex   1.741705e+01 -1.070217e+01 -2.230023e+01
    endloop
  endfacet
  facet normal 6.146949e-02 0.000000e+00 -9.981090e-01
    outer loop
      vertex   -2.312628e+01 -1.070217e+01 -2.959267e+01
      vertex   -2.312628e+01 -1.308217e+01 -2.959267e+01
      vertex   -2.324899e+01 -1.070217e+01 -2.960023e+01
    endloop
  endfacet
  facet normal 6.146949e-02 1.426830e-19 -9.981090e-01
    outer loop
      vertex   -2.324899e+01 -1.070217e+01 -2.960023e+01
      vertex   -2.312628e+01 -1.308217e+01 -2.959267e+01
      vertex   -2.312628e+01 -1.546217e+01 -2.959267e+01
    endloop
  endfacet
  facet normal 6.146949e-02 1.426830e-19 -9.981090e-01
    outer loop
      vertex   -2.324899e+01 -1.070217e+01 -2.960023e+01
      vertex   -2.312628e+01 -1.546217e+01 -2.959267e+01
      vertex   -2.312628e+01 -1.784217e+01 -2.959267e+01
    endloop
  endfacet
  facet normal 1.834794e-01 0.000000e+00 -9.830236e-01
    outer loop
      vertex   -2.312628e+01 -1.784217e+01 -2.959267e+01
      vertex   -2.312628e+01 -1.546217e+01 -2.959267e+01
      vertex   -2.300543e+01 -1.784217e+01 -2.957012e+01
    endloop
  endfacet
  facet normal 1.834794e-01 -4.636984e-19 -9.830236e-01
    outer loop
      vertex   -2.312628e+01 -1.784217e+01 -2.959267e+01
      vertex   -2.300543e+01 -1.784217e+01 -2.957012e+01
      vertex   -2.300543e+01 -2.022217e+01 -2.957012e+01
    endloop
  endfacet
  facet normal 3.027162e-01 0.000000e+00 -9.530807e-01
    outer loop
      vertex   -2.300543e+01 -2.022217e+01 -2.957012e+01
      vertex   -2.300543e+01 -1.784217e+01 -2.957012e+01
      vertex   -2.288826e+01 -2.022217e+01 -2.953290e+01
    endloop
  endfacet
  facet normal 3.027162e-01 1.062036e-18 -9.530807e-01
    outer loop
      vertex   -2.300543e+01 -2.022217e+01 -2.957012e+01
      vertex   -2.288826e+01 -2.022217e+01 -2.953290e+01
      vertex   -2.288826e+01 -2.260217e+01 -2.953290e+01
    endloop
  endfacet
  facet normal 4.173778e-01 0.000000e+00 -9.087331e-01
    outer loop
      vertex   -2.288826e+01 -2.260217e+01 -2.953290e+01
      vertex   -2.288826e+01 -2.022217e+01 -2.953290e+01
      vertex   -2.277654e+01 -2.260217e+01 -2.948159e+01
    endloop
  endfacet
  facet normal 4.173778e-01 0.000000e+00 -9.087331e-01
    outer loop
      vertex   -2.277654e+01 -2.260217e+01 -2.948159e+01
      vertex   -2.288826e+01 -2.022217e+01 -2.953290e+01
      vertex   -2.277654e+01 -2.022217e+01 -2.948159e+01
    endloop
  endfacet
  facet normal 5.257311e-01 0.000000e+00 -8.506508e-01
    outer loop
      vertex   -2.277654e+01 -2.260217e+01 -2.948159e+01
      vertex   -2.277654e+01 -2.022217e+01 -2.948159e+01
      vertex   -2.267196e+01 -2.260217e+01 -2.941696e+01
    endloop
  endfacet
  facet normal 5.257311e-01 0.000000e+00 -8.506508e-01
    outer loop
      vertex   -2.267196e+01 -2.260217e+01 -2.941696e+01
      vertex   -2.277654e+01 -2.022217e+01 -2.948159e+01
      vertex   -2.267196e+01 -2.022217e+01 -2.941696e+01
    endloop
  endfacet
  facet normal 6.261385e-01 0.000000e+00 -7.797118e-01
    outer loop
      vertex   -2.267196e+01 -2.260217e+01 -2.941696e+01
      vertex   -2.267196e+01 -2.022217e+01 -2.941696e+01
      vertex   -2.257610e+01 -2.260217e+01 -2.933998e+01
    endloop
  endfacet
  facet normal 6.261385e-01 0.000000e+00 -7.797118e-01
    outer loop
      vertex   -2.257610e+01 -2.260217e+01 -2.933998e+01
      vertex   -2.267196e+01 -2.022217e+01 -2.941696e+01
      vertex   -2.257610e+01 -2.022217e+01 -2.933998e+01
    endloop
  endfacet
  facet normal 7.170825e-01 0.000000e+00 -6.969883e-01
    outer loop
      vertex   -2.257610e+01 -2.260217e+01 -2.933998e+01
      vertex   -2.257610e+01 -2.022217e+01 -2.933998e+01
      vertex   -2.249042e+01 -2.260217e+01 -2.925182e+01
    endloop
  endfacet
  facet normal 7.170825e-01 0.000000e+00 -6.969883e-01
    outer loop
      vertex   -2.249042e+01 -2.260217e+01 -2.925182e+01
      vertex   -2.257610e+01 -2.022217e+01 -2.933998e+01
      vertex   -2.249042e+01 -2.022217e+01 -2.925182e+01
    endloop
  endfacet
  facet normal 7.971885e-01 0.000000e+00 -6.037305e-01
    outer loop
      vertex   -2.249042e+01 -2.260217e+01 -2.925182e+01
      vertex   -2.249042e+01 -2.022217e+01 -2.925182e+01
      vertex   -2.241619e+01 -2.260217e+01 -2.915382e+01
    endloop
  endfacet
  facet normal 7.971885e-01 0.000000e+00 -6.037305e-01
    outer loop
      vertex   -2.241619e+01 -2.260217e+01 -2.915382e+01
      vertex   -2.249042e+01 -2.022217e+01 -2.925182e+01
      vertex   -2.241619e+01 -2.022217e+01 -2.915382e+01
    endloop
  endfacet
  facet normal 8.652458e-01 0.000000e+00 -5.013479e-01
    outer loop
      vertex   -2.241619e+01 -2.260217e+01 -2.915382e+01
      vertex   -2.241619e+01 -2.022217e+01 -2.915382e+01
      vertex   -2.235456e+01 -2.260217e+01 -2.904744e+01
    endloop
  endfacet
  facet normal 8.652458e-01 -1.040743e-20 -5.013479e-01
    outer loop
      vertex   -2.235456e+01 -2.260217e+01 -2.904744e+01
      vertex   -2.241619e+01 -2.022217e+01 -2.915382e+01
      vertex   -2.241619e+01 -1.784217e+01 -2.915382e+01
    endloop
  endfacet
  facet normal 8.652458e-01 -1.040743e-20 -5.013479e-01
    outer loop
      vertex   -2.235456e+01 -2.260217e+01 -2.904744e+01
      vertex   -2.241619e+01 -1.784217e+01 -2.915382e+01
      vertex   -2.241619e+01 -1.546217e+01 -2.915382e+01
    endloop
  endfacet
  facet normal 7.971885e-01 0.000000e+00 -6.037305e-01
    outer loop
      vertex   -2.241619e+01 -1.546217e+01 -2.915382e+01
      vertex   -2.241619e+01 -1.784217e+01 -2.915382e+01
      vertex   -2.249042e+01 -1.546217e+01 -2.925182e+01
    endloop
  endfacet
  facet normal 7.971885e-01 9.005183e-16 -6.037305e-01
    outer loop
      vertex   -2.241619e+01 -1.546217e+01 -2.915382e+01
      vertex   -2.249042e+01 -1.546217e+01 -2.925182e+01
      vertex   -2.249042e+01 -1.308217e+01 -2.925182e+01
    endloop
  endfacet
  facet normal 7.170825e-01 1.040420e-15 -6.969883e-01
    outer loop
      vertex   -2.249042e+01 -1.308217e+01 -2.925182e+01
      vertex   -2.249042e+01 -1.546217e+01 -2.925182e+01
      vertex   -2.257610e+01 -1.308217e+01 -2.933998e+01
    endloop
  endfacet
  facet normal 7.170825e-01 -6.143777e-19 -6.969883e-01
    outer loop
      vertex   -2.249042e+01 -1.308217e+01 -2.925182e+01
      vertex   -2.257610e+01 -1.308217e+01 -2.933998e+01
      vertex   -2.257610e+01 -1.070217e+01 -2.933998e+01
    endloop
  endfacet
  facet normal 6.261385e-01 0.000000e+00 -7.797118e-01
    outer loop
      vertex   -2.257610e+01 -1.070217e+01 -2.933998e+01
      vertex   -2.257610e+01 -1.308217e+01 -2.933998e+01
      vertex   -2.267196e+01 -1.070217e+01 -2.941696e+01
    endloop
  endfacet
  facet normal 6.261385e-01 0.000000e+00 -7.797118e-01
    outer loop
      vertex   -2.267196e+01 -1.070217e+01 -2.941696e+01
      vertex   -2.257610e+01 -1.308217e+01 -2.933998e+01
      vertex   -2.267196e+01 -1.308217e+01 -2.941696e+01
    endloop
  endfacet
  facet normal 5.257311e-01 0.000000e+00 -8.506508e-01
    outer loop
      vertex   -2.267196e+01 -1.070217e+01 -2.941696e+01
      vertex   -2.267196e+01 -1.308217e+01 -2.941696e+01
      vertex   -2.277654e+01 -1.070217e+01 -2.948159e+01
    endloop
  endfacet
  facet normal 5.257311e-01 0.000000e+00 -8.506508e-01
    outer loop
      vertex   -2.277654e+01 -1.070217e+01 -2.948159e+01
      vertex   -2.267196e+01 -1.308217e+01 -2.941696e+01
      vertex   -2.277654e+01 -1.308217e+01 -2.948159e+01
    endloop
  endfacet
  facet normal 4.173778e-01 0.000000e+00 -9.087331e-01
    outer loop
      vertex   -2.277654e+01 -1.070217e+01 -2.948159e+01
      vertex   -2.277654e+01 -1.308217e+01 -2.948159e+01
      vertex   -2.288826e+01 -1.070217e+01 -2.953290e+01
    endloop
  endfacet
  facet normal 4.173778e-01 0.000000e+00 -9.087331e-01
    outer loop
      vertex   -2.288826e+01 -1.070217e+01 -2.953290e+01
      vertex   -2.277654e+01 -1.308217e+01 -2.948159e+01
      vertex   -2.288826e+01 -1.308217e+01 -2.953290e+01
    endloop
  endfacet
  facet normal 3.027162e-01 0.000000e+00 -9.530807e-01
    outer loop
      vertex   -2.288826e+01 -1.070217e+01 -2.953290e+01
      vertex   -2.288826e+01 -1.308217e+01 -2.953290e+01
      vertex   -2.300543e+01 -1.070217e+01 -2.957012e+01
    endloop
  endfacet
  facet normal 3.027162e-01 1.422699e-15 -9.530807e-01
    outer loop
      vertex   -2.300543e+01 -1.070217e+01 -2.957012e+01
      vertex   -2.288826e+01 -1.308217e+01 -2.953290e+01
      vertex   -2.300543e+01 -1.308217e+01 -2.957012e+01
    endloop
  endfacet
  facet normal 1.834794e-01 1.467395e-15 -9.830236e-01
    outer loop
      vertex   -2.300543e+01 -1.070217e+01 -2.957012e+01
      vertex   -2.300543e+01 -1.308217e+01 -2.957012e+01
      vertex   -2.312628e+01 -1.070217e+01 -2.959267e+01
    endloop
  endfacet
  facet normal 1.834794e-01 0.000000e+00 -9.830236e-01
    outer loop
      vertex   -2.312628e+01 -1.070217e+01 -2.959267e+01
      vertex   -2.300543e+01 -1.308217e+01 -2.957012e+01
      vertex   -2.312628e+01 -1.308217e+01 -2.959267e+01
    endloop
  endfacet
  facet normal 7.170825e-01 -6.143777e-19 -6.969883e-01
    outer loop
      vertex   -2.257610e+01 -1.070217e+01 -2.933998e+01
      vertex   -2.249042e+01 -1.070217e+01 -2.925182e+01
      vertex   -2.249042e+01 -1.308217e+01 -2.925182e+01
    endloop
  endfacet
  facet normal 7.971885e-01 0.000000e+00 -6.037305e-01
    outer loop
      vertex   -2.249042e+01 -1.308217e+01 -2.925182e+01
      vertex   -2.249042e+01 -1.070217e+01 -2.925182e+01
      vertex   -2.241619e+01 -1.308217e+01 -2.915382e+01
    endloop
  endfacet
  facet normal 7.971885e-01 -6.924188e-19 -6.037305e-01
    outer loop
      vertex   -2.249042e+01 -1.308217e+01 -2.925182e+01
      vertex   -2.241619e+01 -1.308217e+01 -2.915382e+01
      vertex   -2.241619e+01 -1.546217e+01 -2.915382e+01
    endloop
  endfacet
  facet normal 8.652458e-01 0.000000e+00 -5.013479e-01
    outer loop
      vertex   -2.241619e+01 -1.546217e+01 -2.915382e+01
      vertex   -2.241619e+01 -1.308217e+01 -2.915382e+01
      vertex   -2.235456e+01 -1.070217e+01 -2.904744e+01
    endloop
  endfacet
  facet normal 8.652458e-01 1.496740e-16 -5.013479e-01
    outer loop
      vertex   -2.241619e+01 -1.546217e+01 -2.915382e+01
      vertex   -2.235456e+01 -1.070217e+01 -2.904744e+01
      vertex   -2.235456e+01 -2.260217e+01 -2.904744e+01
    endloop
  endfacet
  facet normal 7.971885e-01 -1.189408e-15 -6.037305e-01
    outer loop
      vertex   -2.249042e+01 -1.070217e+01 -2.925182e+01
      vertex   -2.241619e+01 -1.070217e+01 -2.915382e+01
      vertex   -2.241619e+01 -1.308217e+01 -2.915382e+01
    endloop
  endfacet
  facet normal 8.652458e-01 -1.291584e-15 -5.013479e-01
    outer loop
      vertex   -2.241619e+01 -1.308217e+01 -2.915382e+01
      vertex   -2.241619e+01 -1.070217e+01 -2.915382e+01
      vertex   -2.235456e+01 -1.070217e+01 -2.904744e+01
    endloop
  endfacet
  facet normal 3.027162e-01 -1.421637e-15 -9.530807e-01
    outer loop
      vertex   -2.288826e+01 -2.260217e+01 -2.953290e+01
      vertex   -2.300543e+01 -2.260217e+01 -2.957012e+01
      vertex   -2.300543e+01 -2.022217e+01 -2.957012e+01
    endloop
  endfacet
  facet normal 1.834794e-01 -1.467395e-15 -9.830236e-01
    outer loop
      vertex   -2.300543e+01 -2.022217e+01 -2.957012e+01
      vertex   -2.300543e+01 -2.260217e+01 -2.957012e+01
      vertex   -2.312628e+01 -2.022217e+01 -2.959267e+01
    endloop
  endfacet
  facet normal 1.834794e-01 -4.636984e-19 -9.830236e-01
    outer loop
      vertex   -2.300543e+01 -2.022217e+01 -2.957012e+01
      vertex   -2.312628e+01 -2.022217e+01 -2.959267e+01
      vertex   -2.312628e+01 -1.784217e+01 -2.959267e+01
    endloop
  endfacet
  facet normal 6.146949e-02 0.000000e+00 -9.981090e-01
    outer loop
      vertex   -2.312628e+01 -1.784217e+01 -2.959267e+01
      vertex   -2.312628e+01 -2.022217e+01 -2.959267e+01
      vertex   -2.324899e+01 -2.260217e+01 -2.960023e+01
    endloop
  endfacet
  facet normal 6.146949e-02 -2.780179e-13 -9.981090e-01
    outer loop
      vertex   -2.312628e+01 -1.784217e+01 -2.959267e+01
      vertex   -2.324899e+01 -2.260217e+01 -2.960023e+01
      vertex   -2.324899e+01 -1.070217e+01 -2.960023e+01
    endloop
  endfacet
  facet normal 1.834794e-01 -4.358293e-19 -9.830236e-01
    outer loop
      vertex   -2.300543e+01 -2.260217e+01 -2.957012e+01
      vertex   -2.312628e+01 -2.260217e+01 -2.959267e+01
      vertex   -2.312628e+01 -2.022217e+01 -2.959267e+01
    endloop
  endfacet
  facet normal 6.146949e-02 0.000000e+00 -9.981090e-01
    outer loop
      vertex   -2.312628e+01 -2.022217e+01 -2.959267e+01
      vertex   -2.312628e+01 -2.260217e+01 -2.959267e+01
      vertex   -2.324899e+01 -2.260217e+01 -2.960023e+01
    endloop
  endfacet
  facet normal 1.834794e-01 0.000000e+00 -9.830236e-01
    outer loop
      vertex   -2.312628e+01 -1.546217e+01 -2.959267e+01
      vertex   -2.312628e+01 -1.308217e+01 -2.959267e+01
      vertex   -2.300543e+01 -1.546217e+01 -2.957012e+01
    endloop
  endfacet
  facet normal 1.834794e-01 0.000000e+00 -9.830236e-01
    outer loop
      vertex   -2.300543e+01 -1.546217e+01 -2.957012e+01
      vertex   -2.312628e+01 -1.308217e+01 -2.959267e+01
      vertex   -2.300543e+01 -1.308217e+01 -2.957012e+01
    endloop
  endfacet
  facet normal 3.027162e-01 0.000000e+00 -9.530807e-01
    outer loop
      vertex   -2.300543e+01 -1.546217e+01 -2.957012e+01
      vertex   -2.300543e+01 -1.308217e+01 -2.957012e+01
      vertex   -2.288826e+01 -1.546217e+01 -2.953290e+01
    endloop
  endfacet
  facet normal 3.027162e-01 0.000000e+00 -9.530807e-01
    outer loop
      vertex   -2.288826e+01 -1.546217e+01 -2.953290e+01
      vertex   -2.300543e+01 -1.308217e+01 -2.957012e+01
      vertex   -2.288826e+01 -1.308217e+01 -2.953290e+01
    endloop
  endfacet
  facet normal 4.173778e-01 0.000000e+00 -9.087331e-01
    outer loop
      vertex   -2.288826e+01 -1.546217e+01 -2.953290e+01
      vertex   -2.288826e+01 -1.308217e+01 -2.953290e+01
      vertex   -2.277654e+01 -1.546217e+01 -2.948159e+01
    endloop
  endfacet
  facet normal 4.173778e-01 0.000000e+00 -9.087331e-01
    outer loop
      vertex   -2.277654e+01 -1.546217e+01 -2.948159e+01
      vertex   -2.288826e+01 -1.308217e+01 -2.953290e+01
      vertex   -2.277654e+01 -1.308217e+01 -2.948159e+01
    endloop
  endfacet
  facet normal 5.257311e-01 0.000000e+00 -8.506508e-01
    outer loop
      vertex   -2.277654e+01 -1.546217e+01 -2.948159e+01
      vertex   -2.277654e+01 -1.308217e+01 -2.948159e+01
      vertex   -2.267196e+01 -1.546217e+01 -2.941696e+01
    endloop
  endfacet
  facet normal 5.257311e-01 0.000000e+00 -8.506508e-01
    outer loop
      vertex   -2.267196e+01 -1.546217e+01 -2.941696e+01
      vertex   -2.277654e+01 -1.308217e+01 -2.948159e+01
      vertex   -2.267196e+01 -1.308217e+01 -2.941696e+01
    endloop
  endfacet
  facet normal 6.261385e-01 0.000000e+00 -7.797118e-01
    outer loop
      vertex   -2.267196e+01 -1.546217e+01 -2.941696e+01
      vertex   -2.267196e+01 -1.308217e+01 -2.941696e+01
      vertex   -2.257610e+01 -1.546217e+01 -2.933998e+01
    endloop
  endfacet
  facet normal 6.261385e-01 0.000000e+00 -7.797118e-01
    outer loop
      vertex   -2.257610e+01 -1.546217e+01 -2.933998e+01
      vertex   -2.267196e+01 -1.308217e+01 -2.941696e+01
      vertex   -2.257610e+01 -1.308217e+01 -2.933998e+01
    endloop
  endfacet
  facet normal 7.170825e-01 0.000000e+00 -6.969883e-01
    outer loop
      vertex   -2.257610e+01 -1.546217e+01 -2.933998e+01
      vertex   -2.257610e+01 -1.308217e+01 -2.933998e+01
      vertex   -2.249042e+01 -1.546217e+01 -2.925182e+01
    endloop
  endfacet
  facet normal 1.834794e-01 -4.636984e-19 -9.830236e-01
    outer loop
      vertex   -2.312628e+01 -1.546217e+01 -2.959267e+01
      vertex   -2.300543e+01 -1.546217e+01 -2.957012e+01
      vertex   -2.300543e+01 -1.784217e+01 -2.957012e+01
    endloop
  endfacet
  facet normal 3.027162e-01 0.000000e+00 -9.530807e-01
    outer loop
      vertex   -2.300543e+01 -1.784217e+01 -2.957012e+01
      vertex   -2.300543e+01 -1.546217e+01 -2.957012e+01
      vertex   -2.288826e+01 -1.784217e+01 -2.953290e+01
    endloop
  endfacet
  facet normal 3.027162e-01 1.062036e-18 -9.530807e-01
    outer loop
      vertex   -2.300543e+01 -1.784217e+01 -2.957012e+01
      vertex   -2.288826e+01 -1.784217e+01 -2.953290e+01
      vertex   -2.288826e+01 -2.022217e+01 -2.953290e+01
    endloop
  endfacet
  facet normal 4.173778e-01 0.000000e+00 -9.087331e-01
    outer loop
      vertex   -2.288826e+01 -2.022217e+01 -2.953290e+01
      vertex   -2.288826e+01 -1.784217e+01 -2.953290e+01
      vertex   -2.277654e+01 -2.022217e+01 -2.948159e+01
    endloop
  endfacet
  facet normal 3.027162e-01 -4.518757e-16 -9.530807e-01
    outer loop
      vertex   -2.288826e+01 -1.784217e+01 -2.953290e+01
      vertex   -2.300543e+01 -1.546217e+01 -2.957012e+01
      vertex   -2.288826e+01 -1.546217e+01 -2.953290e+01
    endloop
  endfacet
  facet normal 4.173778e-01 -6.230352e-16 -9.087331e-01
    outer loop
      vertex   -2.288826e+01 -1.784217e+01 -2.953290e+01
      vertex   -2.288826e+01 -1.546217e+01 -2.953290e+01
      vertex   -2.277654e+01 -1.784217e+01 -2.948159e+01
    endloop
  endfacet
  facet normal 4.173778e-01 0.000000e+00 -9.087331e-01
    outer loop
      vertex   -2.277654e+01 -1.784217e+01 -2.948159e+01
      vertex   -2.288826e+01 -1.546217e+01 -2.953290e+01
      vertex   -2.277654e+01 -1.546217e+01 -2.948159e+01
    endloop
  endfacet
  facet normal 5.257311e-01 0.000000e+00 -8.506508e-01
    outer loop
      vertex   -2.277654e+01 -1.784217e+01 -2.948159e+01
      vertex   -2.277654e+01 -1.546217e+01 -2.948159e+01
      vertex   -2.267196e+01 -1.784217e+01 -2.941696e+01
    endloop
  endfacet
  facet normal 5.257311e-01 0.000000e+00 -8.506508e-01
    outer loop
      vertex   -2.267196e+01 -1.784217e+01 -2.941696e+01
      vertex   -2.277654e+01 -1.546217e+01 -2.948159e+01
      vertex   -2.267196e+01 -1.546217e+01 -2.941696e+01
    endloop
  endfacet
  facet normal 6.261385e-01 0.000000e+00 -7.797118e-01
    outer loop
      vertex   -2.267196e+01 -1.784217e+01 -2.941696e+01
      vertex   -2.267196e+01 -1.546217e+01 -2.941696e+01
      vertex   -2.257610e+01 -1.784217e+01 -2.933998e+01
    endloop
  endfacet
  facet normal 6.261385e-01 0.000000e+00 -7.797118e-01
    outer loop
      vertex   -2.257610e+01 -1.784217e+01 -2.933998e+01
      vertex   -2.267196e+01 -1.546217e+01 -2.941696e+01
      vertex   -2.257610e+01 -1.546217e+01 -2.933998e+01
    endloop
  endfacet
  facet normal 7.170825e-01 0.000000e+00 -6.969883e-01
    outer loop
      vertex   -2.257610e+01 -1.784217e+01 -2.933998e+01
      vertex   -2.257610e+01 -1.546217e+01 -2.933998e+01
      vertex   -2.249042e+01 -1.784217e+01 -2.925182e+01
    endloop
  endfacet
  facet normal 7.170825e-01 0.000000e+00 -6.969883e-01
    outer loop
      vertex   -2.249042e+01 -1.784217e+01 -2.925182e+01
      vertex   -2.257610e+01 -1.546217e+01 -2.933998e+01
      vertex   -2.249042e+01 -1.546217e+01 -2.925182e+01
    endloop
  endfacet
  facet normal 7.971885e-01 0.000000e+00 -6.037305e-01
    outer loop
      vertex   -2.249042e+01 -1.784217e+01 -2.925182e+01
      vertex   -2.249042e+01 -1.546217e+01 -2.925182e+01
      vertex   -2.241619e+01 -1.784217e+01 -2.915382e+01
    endloop
  endfacet
  facet normal 5.257311e-01 -1.366500e-19 -8.506508e-01
    outer loop
      vertex   -2.267196e+01 -2.022217e+01 -2.941696e+01
      vertex   -2.277654e+01 -2.022217e+01 -2.948159e+01
      vertex   -2.277654e+01 -1.784217e+01 -2.948159e+01
    endloop
  endfacet
  facet normal 4.173778e-01 0.000000e+00 -9.087331e-01
    outer loop
      vertex   -2.277654e+01 -1.784217e+01 -2.948159e+01
      vertex   -2.277654e+01 -2.022217e+01 -2.948159e+01
      vertex   -2.288826e+01 -1.784217e+01 -2.953290e+01
    endloop
  endfacet
  facet normal 5.257311e-01 0.000000e+00 -8.506508e-01
    outer loop
      vertex   -2.267196e+01 -2.022217e+01 -2.941696e+01
      vertex   -2.277654e+01 -1.784217e+01 -2.948159e+01
      vertex   -2.267196e+01 -1.784217e+01 -2.941696e+01
    endloop
  endfacet
  facet normal 6.261385e-01 1.098535e-18 -7.797118e-01
    outer loop
      vertex   -2.257610e+01 -2.022217e+01 -2.933998e+01
      vertex   -2.267196e+01 -2.022217e+01 -2.941696e+01
      vertex   -2.267196e+01 -1.784217e+01 -2.941696e+01
    endloop
  endfacet
  facet normal 6.261385e-01 0.000000e+00 -7.797118e-01
    outer loop
      vertex   -2.257610e+01 -2.022217e+01 -2.933998e+01
      vertex   -2.267196e+01 -1.784217e+01 -2.941696e+01
      vertex   -2.257610e+01 -1.784217e+01 -2.933998e+01
    endloop
  endfacet
  facet normal 7.170825e-01 -1.086773e-18 -6.969883e-01
    outer loop
      vertex   -2.249042e+01 -2.022217e+01 -2.925182e+01
      vertex   -2.257610e+01 -2.022217e+01 -2.933998e+01
      vertex   -2.257610e+01 -1.784217e+01 -2.933998e+01
    endloop
  endfacet
  facet normal 7.170825e-01 -2.140831e-15 -6.969883e-01
    outer loop
      vertex   -2.249042e+01 -2.022217e+01 -2.925182e+01
      vertex   -2.257610e+01 -1.784217e+01 -2.933998e+01
      vertex   -2.249042e+01 -1.784217e+01 -2.925182e+01
    endloop
  endfacet
  facet normal 7.971885e-01 -2.381049e-15 -6.037305e-01
    outer loop
      vertex   -2.241619e+01 -2.022217e+01 -2.915382e+01
      vertex   -2.249042e+01 -2.022217e+01 -2.925182e+01
      vertex   -2.249042e+01 -1.784217e+01 -2.925182e+01
    endloop
  endfacet
  facet normal 7.971885e-01 0.000000e+00 -6.037305e-01
    outer loop
      vertex   -2.241619e+01 -2.022217e+01 -2.915382e+01
      vertex   -2.249042e+01 -1.784217e+01 -2.925182e+01
      vertex   -2.241619e+01 -1.784217e+01 -2.915382e+01
    endloop
  endfacet
  facet normal 0.000000e+00 1.000000e+00 -0.000000e+00
    outer loop
      vertex   -2.241619e+01 -1.070217e+01 -2.915382e+01
      vertex   -2.324899e+01 -1.070217e+01 -2.960023e+01
      vertex   -2.235456e+01 -1.070217e+01 -2.904744e+01
    endloop
  endfacet
  facet normal 0.000000e+00 1.000000e+00 0.000000e+00
    outer loop
      vertex   -2.235456e+01 -1.070217e+01 -2.904744e+01
      vertex   -2.324899e+01 -1.070217e+01 -2.960023e+01
      vertex   -2.293095e+01 -1.070217e+01 -2.705023e+01
    endloop
  endfacet
  facet normal 0.000000e+00 1.000000e+00 -0.000000e+00
    outer loop
      vertex   -2.235456e+01 -1.070217e+01 -2.904744e+01
      vertex   -2.293095e+01 -1.070217e+01 -2.705023e+01
      vertex   -2.163095e+01 -1.070217e+01 -2.760023e+01
    endloop
  endfacet
  facet normal 0.000000e+00 1.000000e+00 0.000000e+00
    outer loop
      vertex   -2.163095e+01 -1.070217e+01 -2.760023e+01
      vertex   -2.293095e+01 -1.070217e+01 -2.705023e+01
      vertex   -2.163095e+01 -1.070217e+01 -2.705023e+01
    endloop
  endfacet
  facet normal 0.000000e+00 1.000000e+00 0.000000e+00
    outer loop
      vertex   -2.241619e+01 -1.070217e+01 -2.915382e+01
      vertex   -2.249042e+01 -1.070217e+01 -2.925182e+01
      vertex   -2.324899e+01 -1.070217e+01 -2.960023e+01
    endloop
  endfacet
  facet normal 0.000000e+00 1.000000e+00 0.000000e+00
    outer loop
      vertex   -2.324899e+01 -1.070217e+01 -2.960023e+01
      vertex   -2.249042e+01 -1.070217e+01 -2.925182e+01
      vertex   -2.257610e+01 -1.070217e+01 -2.933998e+01
    endloop
  endfacet
  facet normal 0.000000e+00 1.000000e+00 0.000000e+00
    outer loop
      vertex   -2.324899e+01 -1.070217e+01 -2.960023e+01
      vertex   -2.257610e+01 -1.070217e+01 -2.933998e+01
      vertex   -2.267196e+01 -1.070217e+01 -2.941696e+01
    endloop
  endfacet
  facet normal 0.000000e+00 1.000000e+00 0.000000e+00
    outer loop
      vertex   -2.267196e+01 -1.070217e+01 -2.941696e+01
      vertex   -2.277654e+01 -1.070217e+01 -2.948159e+01
      vertex   -2.324899e+01 -1.070217e+01 -2.960023e+01
    endloop
  endfacet
  facet normal 0.000000e+00 1.000000e+00 0.000000e+00
    outer loop
      vertex   -2.324899e+01 -1.070217e+01 -2.960023e+01
      vertex   -2.277654e+01 -1.070217e+01 -2.948159e+01
      vertex   -2.288826e+01 -1.070217e+01 -2.953290e+01
    endloop
  endfacet
  facet normal 0.000000e+00 1.000000e+00 0.000000e+00
    outer loop
      vertex   -2.324899e+01 -1.070217e+01 -2.960023e+01
      vertex   -2.288826e+01 -1.070217e+01 -2.953290e+01
      vertex   -2.300543e+01 -1.070217e+01 -2.957012e+01
    endloop
  endfacet
  facet normal 0.000000e+00 1.000000e+00 0.000000e+00
    outer loop
      vertex   -2.300543e+01 -1.070217e+01 -2.957012e+01
      vertex   -2.312628e+01 -1.070217e+01 -2.959267e+01
      vertex   -2.324899e+01 -1.070217e+01 -2.960023e+01
    endloop
  endfacet
  facet normal 0.000000e+00 1.000000e+00 -0.000000e+00
    outer loop
      vertex   -2.324899e+01 -1.070217e+01 -2.960023e+01
      vertex   -2.393095e+01 -1.070217e+01 -2.960023e+01
      vertex   -2.293095e+01 -1.070217e+01 -2.705023e+01
    endloop
  endfacet
  facet normal 0.000000e+00 1.000000e+00 0.000000e+00
    outer loop
      vertex   -2.293095e+01 -1.070217e+01 -2.705023e+01
      vertex   -2.393095e+01 -1.070217e+01 -2.960023e+01
      vertex   -2.393095e+01 -1.070217e+01 -2.080023e+01
    endloop
  endfacet
  facet normal 0.000000e+00 1.000000e+00 0.000000e+00
    outer loop
      vertex   -2.293095e+01 -1.070217e+01 -2.705023e+01
      vertex   -2.393095e+01 -1.070217e+01 -2.080023e+01
      vertex   -2.293095e+01 -1.070217e+01 -2.230023e+01
    endloop
  endfacet
  facet normal 0.000000e+00 1.000000e+00 0.000000e+00
    outer loop
      vertex   -2.293095e+01 -1.070217e+01 -2.230023e+01
      vertex   -2.393095e+01 -1.070217e+01 -2.080023e+01
      vertex   -2.392242e+01 -1.070217e+01 -2.061569e+01
    endloop
  endfacet
  facet normal 0.000000e+00 1.000000e+00 0.000000e+00
    outer loop
      vertex   -2.293095e+01 -1.070217e+01 -2.230023e+01
      vertex   -2.392242e+01 -1.070217e+01 -2.061569e+01
      vertex   -2.389690e+01 -1.070217e+01 -2.043273e+01
    endloop
  endfacet
  facet normal -0.000000e+00 1.000000e+00 0.000000e+00
    outer loop
      vertex   -2.389690e+01 -1.070217e+01 -2.043273e+01
      vertex   -2.385460e+01 -1.070217e+01 -2.025290e+01
      vertex   -2.293095e+01 -1.070217e+01 -2.230023e+01
    endloop
  endfacet
  facet normal 0.000000e+00 1.000000e+00 0.000000e+00
    outer loop
      vertex   -2.293095e+01 -1.070217e+01 -2.230023e+01
      vertex   -2.385460e+01 -1.070217e+01 -2.025290e+01
      vertex   -2.379590e+01 -1.070217e+01 -2.007775e+01
    endloop
  endfacet
  facet normal 0.000000e+00 1.000000e+00 0.000000e+00
    outer loop
      vertex   -2.293095e+01 -1.070217e+01 -2.230023e+01
      vertex   -2.379590e+01 -1.070217e+01 -2.007775e+01
      vertex   -2.372128e+01 -1.070217e+01 -1.990875e+01
    endloop
  endfacet
  facet normal -0.000000e+00 1.000000e+00 0.000000e+00
    outer loop
      vertex   -2.372128e+01 -1.070217e+01 -1.990875e+01
      vertex   -2.363139e+01 -1.070217e+01 -1.974737e+01
      vertex   -2.293095e+01 -1.070217e+01 -2.230023e+01
    endloop
  endfacet
  facet normal 0.000000e+00 1.000000e+00 0.000000e+00
    outer loop
      vertex   -2.293095e+01 -1.070217e+01 -2.230023e+01
      vertex   -2.363139e+01 -1.070217e+01 -1.974737e+01
      vertex   -2.352699e+01 -1.070217e+01 -1.959496e+01
    endloop
  endfacet
  facet normal 0.000000e+00 1.000000e+00 0.000000e+00
    outer loop
      vertex   -2.293095e+01 -1.070217e+01 -2.230023e+01
      vertex   -2.352699e+01 -1.070217e+01 -1.959496e+01
      vertex   -2.340897e+01 -1.070217e+01 -1.945284e+01
    endloop
  endfacet
  facet normal -0.000000e+00 1.000000e+00 0.000000e+00
    outer loop
      vertex   -2.340897e+01 -1.070217e+01 -1.945284e+01
      vertex   -2.327834e+01 -1.070217e+01 -1.932221e+01
      vertex   -2.293095e+01 -1.070217e+01 -2.230023e+01
    endloop
  endfacet
  facet normal 0.000000e+00 1.000000e+00 0.000000e+00
    outer loop
      vertex   -2.293095e+01 -1.070217e+01 -2.230023e+01
      vertex   -2.327834e+01 -1.070217e+01 -1.932221e+01
      vertex   -2.313622e+01 -1.070217e+01 -1.920420e+01
    endloop
  endfacet
  facet normal 0.000000e+00 1.000000e+00 0.000000e+00
    outer loop
      vertex   -2.293095e+01 -1.070217e+01 -2.230023e+01
      vertex   -2.313622e+01 -1.070217e+01 -1.920420e+01
      vertex   -2.298382e+01 -1.070217e+01 -1.909980e+01
    endloop
  endfacet
  facet normal -0.000000e+00 1.000000e+00 0.000000e+00
    outer loop
      vertex   -2.298382e+01 -1.070217e+01 -1.909980e+01
      vertex   -2.282243e+01 -1.070217e+01 -1.900990e+01
      vertex   -2.293095e+01 -1.070217e+01 -2.230023e+01
    endloop
  endfacet
  facet normal 0.000000e+00 1.000000e+00 0.000000e+00
    outer loop
      vertex   -2.293095e+01 -1.070217e+01 -2.230023e+01
      vertex   -2.282243e+01 -1.070217e+01 -1.900990e+01
      vertex   -2.265344e+01 -1.070217e+01 -1.893529e+01
    endloop
  endfacet
  facet normal 0.000000e+00 1.000000e+00 0.000000e+00
    outer loop
      vertex   -2.293095e+01 -1.070217e+01 -2.230023e+01
      vertex   -2.265344e+01 -1.070217e+01 -1.893529e+01
      vertex   -2.247828e+01 -1.070217e+01 -1.887658e+01
    endloop
  endfacet
  facet normal -0.000000e+00 1.000000e+00 0.000000e+00
    outer loop
      vertex   -2.247828e+01 -1.070217e+01 -1.887658e+01
      vertex   -2.229845e+01 -1.070217e+01 -1.883428e+01
      vertex   -2.293095e+01 -1.070217e+01 -2.230023e+01
    endloop
  endfacet
  facet normal 0.000000e+00 1.000000e+00 0.000000e+00
    outer loop
      vertex   -2.293095e+01 -1.070217e+01 -2.230023e+01
      vertex   -2.229845e+01 -1.070217e+01 -1.883428e+01
      vertex   -2.211549e+01 -1.070217e+01 -1.880876e+01
    endloop
  endfacet
  facet normal 1.946222e-14 1.000000e+00 -4.545574e-15
    outer loop
      vertex   -2.293095e+01 -1.070217e+01 -2.230023e+01
      vertex   -2.211549e+01 -1.070217e+01 -1.880876e+01
      vertex   -2.193095e+01 -1.070217e+01 -1.880023e+01
    endloop
  endfacet
  facet normal 0.000000e+00 1.000000e+00 0.000000e+00
    outer loop
      vertex   -1.133095e+01 -1.070217e+01 -1.880023e+01
      vertex   -1.133095e+01 -1.070217e+01 -2.230023e+01
      vertex   -2.193095e+01 -1.070217e+01 -1.880023e+01
    endloop
  endfacet
  facet normal 3.062684e-16 1.000000e+00 9.275558e-16
    outer loop
      vertex   -2.193095e+01 -1.070217e+01 -1.880023e+01
      vertex   -1.133095e+01 -1.070217e+01 -2.230023e+01
      vertex   -2.293095e+01 -1.070217e+01 -2.230023e+01
    endloop
  endfacet
  facet normal 4.860480e-12 -2.785447e-13 -1.000000e+00
    outer loop
      vertex   -2.324899e+01 -2.260217e+01 -2.960023e+01
      vertex   -2.393095e+01 -2.260217e+01 -2.960023e+01
      vertex   -2.324899e+01 -1.070217e+01 -2.960023e+01
    endloop
  endfacet
  facet normal -0.000000e+00 0.000000e+00 -1.000000e+00
    outer loop
      vertex   -2.324899e+01 -1.070217e+01 -2.960023e+01
      vertex   -2.393095e+01 -2.260217e+01 -2.960023e+01
      vertex   -2.393095e+01 -1.070217e+01 -2.960023e+01
    endloop
  endfacet
  facet normal 8.944272e-01 1.335144e-16 -4.472136e-01
    outer loop
      vertex   -2.235456e+01 -1.070217e+01 -2.904744e+01
      vertex   -2.163095e+01 -1.070217e+01 -2.760023e+01
      vertex   -2.235456e+01 -2.260217e+01 -2.904744e+01
    endloop
  endfacet
  facet normal 8.944272e-01 8.398965e-19 -4.472136e-01
    outer loop
      vertex   -2.235456e+01 -2.260217e+01 -2.904744e+01
      vertex   -2.163095e+01 -1.070217e+01 -2.760023e+01
      vertex   -2.163095e+01 -2.260217e+01 -2.760023e+01
    endloop
  endfacet
  facet normal 2.535169e-12 -1.000000e+00 -1.389762e-11
    outer loop
      vertex   -2.312628e+01 -2.260217e+01 -2.959267e+01
      vertex   -2.300543e+01 -2.260217e+01 -2.957012e+01
      vertex   -2.324899e+01 -2.260217e+01 -2.960023e+01
    endloop
  endfacet
  facet normal 1.337516e-12 -1.000000e+00 -4.211076e-12
    outer loop
      vertex   -2.324899e+01 -2.260217e+01 -2.960023e+01
      vertex   -2.300543e+01 -2.260217e+01 -2.957012e+01
      vertex   -2.288826e+01 -2.260217e+01 -2.953290e+01
    endloop
  endfacet
  facet normal -1.436226e-23 -1.000000e+00 2.954905e-12
    outer loop
      vertex   -2.324899e+01 -2.260217e+01 -2.960023e+01
      vertex   -2.288826e+01 -2.260217e+01 -2.953290e+01
      vertex   -2.393095e+01 -2.260217e+01 -2.960023e+01
    endloop
  endfacet
  facet normal 2.220192e-13 -1.000000e+00 -4.833898e-13
    outer loop
      vertex   -2.393095e+01 -2.260217e+01 -2.960023e+01
      vertex   -2.288826e+01 -2.260217e+01 -2.953290e+01
      vertex   -2.277654e+01 -2.260217e+01 -2.948159e+01
    endloop
  endfacet
  facet normal 2.067145e-13 -1.000000e+00 -3.344711e-13
    outer loop
      vertex   -2.393095e+01 -2.260217e+01 -2.960023e+01
      vertex   -2.277654e+01 -2.260217e+01 -2.948159e+01
      vertex   -2.267196e+01 -2.260217e+01 -2.941696e+01
    endloop
  endfacet
  facet normal 1.930137e-13 -1.000000e+00 -2.403543e-13
    outer loop
      vertex   -2.267196e+01 -2.260217e+01 -2.941696e+01
      vertex   -2.257610e+01 -2.260217e+01 -2.933998e+01
      vertex   -2.393095e+01 -2.260217e+01 -2.960023e+01
    endloop
  endfacet
  facet normal 1.805551e-13 -1.000000e+00 -1.754955e-13
    outer loop
      vertex   -2.393095e+01 -2.260217e+01 -2.960023e+01
      vertex   -2.257610e+01 -2.260217e+01 -2.933998e+01
      vertex   -2.249042e+01 -2.260217e+01 -2.925182e+01
    endloop
  endfacet
  facet normal 1.798129e-13 -1.000000e+00 -1.724269e-13
    outer loop
      vertex   -2.393095e+01 -2.260217e+01 -2.960023e+01
      vertex   -2.249042e+01 -2.260217e+01 -2.925182e+01
      vertex   -2.241619e+01 -2.260217e+01 -2.915382e+01
    endloop
  endfacet
  facet normal 2.267805e-13 -1.000000e+00 -3.317960e-13
    outer loop
      vertex   -2.241619e+01 -2.260217e+01 -2.915382e+01
      vertex   -2.235456e+01 -2.260217e+01 -2.904744e+01
      vertex   -2.393095e+01 -2.260217e+01 -2.960023e+01
    endloop
  endfacet
  facet normal 1.280385e-13 -1.000000e+00 -5.021118e-14
    outer loop
      vertex   -2.393095e+01 -2.260217e+01 -2.960023e+01
      vertex   -2.235456e+01 -2.260217e+01 -2.904744e+01
      vertex   -2.293095e+01 -2.260217e+01 -2.705023e+01
    endloop
  endfacet
  facet normal -5.250346e-14 -1.000000e+00 2.058959e-14
    outer loop
      vertex   -2.393095e+01 -2.260217e+01 -2.960023e+01
      vertex   -2.293095e+01 -2.260217e+01 -2.705023e+01
      vertex   -2.393095e+01 -2.260217e+01 -2.080023e+01
    endloop
  endfacet
  facet normal -1.811884e-13 -1.000000e+00 -9.594674e-26
    outer loop
      vertex   -2.393095e+01 -2.260217e+01 -2.080023e+01
      vertex   -2.293095e+01 -2.260217e+01 -2.705023e+01
      vertex   -2.293095e+01 -2.260217e+01 -2.230023e+01
    endloop
  endfacet
  facet normal -1.193292e-14 -1.000000e+00 1.128370e-13
    outer loop
      vertex   -2.393095e+01 -2.260217e+01 -2.080023e+01
      vertex   -2.293095e+01 -2.260217e+01 -2.230023e+01
      vertex   1.641705e+01 -2.260217e+01 -1.880023e+01
    endloop
  endfacet
  facet normal -1.272799e-14 -1.000000e+00 1.217754e-13
    outer loop
      vertex   1.641705e+01 -2.260217e+01 -1.880023e+01
      vertex   -2.293095e+01 -2.260217e+01 -2.230023e+01
      vertex   1.838299e+01 -2.260217e+01 -2.043273e+01
    endloop
  endfacet
  facet normal -1.414810e-13 -1.000000e+00 -3.327604e-14
    outer loop
      vertex   1.641705e+01 -2.260217e+01 -1.880023e+01
      vertex   1.838299e+01 -2.260217e+01 -2.043273e+01
      vertex   1.834070e+01 -2.260217e+01 -2.025290e+01
    endloop
  endfacet
  facet normal -4.200546e-14 -1.000000e+00 -9.928564e-14
    outer loop
      vertex   -2.235456e+01 -2.260217e+01 -2.904744e+01
      vertex   -2.163095e+01 -2.260217e+01 -2.760023e+01
      vertex   -2.293095e+01 -2.260217e+01 -2.705023e+01
    endloop
  endfacet
  facet normal 0.000000e+00 -1.000000e+00 0.000000e+00
    outer loop
      vertex   -2.293095e+01 -2.260217e+01 -2.705023e+01
      vertex   -2.163095e+01 -2.260217e+01 -2.760023e+01
      vertex   -2.163095e+01 -2.260217e+01 -2.705023e+01
    endloop
  endfacet
  facet normal -1.937139e-15 -1.000000e+00 -1.169463e-13
    outer loop
      vertex   -2.293095e+01 -2.260217e+01 -2.230023e+01
      vertex   1.741705e+01 -2.260217e+01 -2.230023e+01
      vertex   1.838299e+01 -2.260217e+01 -2.043273e+01
    endloop
  endfacet
  facet normal -1.795981e-13 -1.000000e+00 -2.505286e-14
    outer loop
      vertex   1.838299e+01 -2.260217e+01 -2.043273e+01
      vertex   1.741705e+01 -2.260217e+01 -2.230023e+01
      vertex   1.840852e+01 -2.260217e+01 -2.061569e+01
    endloop
  endfacet
  facet normal 1.613674e-12 -1.000000e+00 -1.080520e-12
    outer loop
      vertex   1.840852e+01 -2.260217e+01 -2.061569e+01
      vertex   1.741705e+01 -2.260217e+01 -2.230023e+01
      vertex   1.841705e+01 -2.260217e+01 -2.080023e+01
    endloop
  endfacet
  facet normal -7.105427e-15 -1.000000e+00 -3.635071e-27
    outer loop
      vertex   1.841705e+01 -2.260217e+01 -2.080023e+01
      vertex   1.741705e+01 -2.260217e+01 -2.230023e+01
      vertex   1.741705e+01 -2.260217e+01 -2.705023e+01
    endloop
  endfacet
  facet normal 1.812691e-14 -1.000000e+00 -4.037175e-15
    outer loop
      vertex   1.841705e+01 -2.260217e+01 -2.080023e+01
      vertex   1.741705e+01 -2.260217e+01 -2.705023e+01
      vertex   1.841705e+01 -2.260217e+01 -2.960023e+01
    endloop
  endfacet
  facet normal 1.375961e-14 -1.000000e+00 -5.749841e-15
    outer loop
      vertex   1.841705e+01 -2.260217e+01 -2.960023e+01
      vertex   1.741705e+01 -2.260217e+01 -2.705023e+01
      vertex   1.684065e+01 -2.260217e+01 -2.904744e+01
    endloop
  endfacet
  facet normal -1.141366e-12 -1.000000e+00 -3.299846e-12
    outer loop
      vertex   1.841705e+01 -2.260217e+01 -2.960023e+01
      vertex   1.684065e+01 -2.260217e+01 -2.904744e+01
      vertex   1.690229e+01 -2.260217e+01 -2.915382e+01
    endloop
  endfacet
  facet normal 1.257114e-13 -1.000000e+00 6.415039e-26
    outer loop
      vertex   1.611705e+01 -2.260217e+01 -2.705023e+01
      vertex   1.611705e+01 -2.260217e+01 -2.760023e+01
      vertex   1.741705e+01 -2.260217e+01 -2.705023e+01
    endloop
  endfacet
  facet normal 1.440528e-13 -1.000000e+00 -4.335227e-14
    outer loop
      vertex   1.741705e+01 -2.260217e+01 -2.705023e+01
      vertex   1.611705e+01 -2.260217e+01 -2.760023e+01
      vertex   1.684065e+01 -2.260217e+01 -2.904744e+01
    endloop
  endfacet
  facet normal -1.898823e-13 -1.000000e+00 -7.130226e-14
    outer loop
      vertex   1.690229e+01 -2.260217e+01 -2.915382e+01
      vertex   1.697651e+01 -2.260217e+01 -2.925182e+01
      vertex   1.841705e+01 -2.260217e+01 -2.960023e+01
    endloop
  endfacet
  facet normal -2.256938e-13 -1.000000e+00 -2.193694e-13
    outer loop
      vertex   1.841705e+01 -2.260217e+01 -2.960023e+01
      vertex   1.697651e+01 -2.260217e+01 -2.925182e+01
      vertex   1.706220e+01 -2.260217e+01 -2.933998e+01
    endloop
  endfacet
  facet normal -2.412671e-13 -1.000000e+00 -3.004428e-13
    outer loop
      vertex   1.841705e+01 -2.260217e+01 -2.960023e+01
      vertex   1.706220e+01 -2.260217e+01 -2.933998e+01
      vertex   1.715806e+01 -2.260217e+01 -2.941696e+01
    endloop
  endfacet
  facet normal -2.583931e-13 -1.000000e+00 -4.180888e-13
    outer loop
      vertex   1.715806e+01 -2.260217e+01 -2.941696e+01
      vertex   1.726263e+01 -2.260217e+01 -2.948159e+01
      vertex   1.841705e+01 -2.260217e+01 -2.960023e+01
    endloop
  endfacet
  facet normal -2.775239e-13 -1.000000e+00 -6.042372e-13
    outer loop
      vertex   1.841705e+01 -2.260217e+01 -2.960023e+01
      vertex   1.726263e+01 -2.260217e+01 -2.948159e+01
      vertex   1.737435e+01 -2.260217e+01 -2.953290e+01
    endloop
  endfacet
  facet normal 2.813139e-13 -1.000000e+00 8.050194e-12
    outer loop
      vertex   1.841705e+01 -2.260217e+01 -2.960023e+01
      vertex   1.737435e+01 -2.260217e+01 -2.953290e+01
      vertex   1.773508e+01 -2.260217e+01 -2.960023e+01
    endloop
  endfacet
  facet normal -2.961643e-12 -1.000000e+00 -9.324525e-12
    outer loop
      vertex   1.773508e+01 -2.260217e+01 -2.960023e+01
      vertex   1.737435e+01 -2.260217e+01 -2.953290e+01
      vertex   1.749152e+01 -2.260217e+01 -2.957012e+01
    endloop
  endfacet
  facet normal -5.300429e-12 -1.000000e+00 -2.824049e-11
    outer loop
      vertex   1.773508e+01 -2.260217e+01 -2.960023e+01
      vertex   1.749152e+01 -2.260217e+01 -2.957012e+01
      vertex   1.761238e+01 -2.260217e+01 -2.959267e+01
    endloop
  endfacet
  facet normal -1.557813e-13 -1.000000e+00 -5.221263e-14
    outer loop
      vertex   1.834070e+01 -2.260217e+01 -2.025290e+01
      vertex   1.828199e+01 -2.260217e+01 -2.007775e+01
      vertex   1.641705e+01 -2.260217e+01 -1.880023e+01
    endloop
  endfacet
  facet normal -1.720554e-13 -1.000000e+00 -7.596989e-14
    outer loop
      vertex   1.641705e+01 -2.260217e+01 -1.880023e+01
      vertex   1.828199e+01 -2.260217e+01 -2.007775e+01
      vertex   1.820737e+01 -2.260217e+01 -1.990875e+01
    endloop
  endfacet
  facet normal -1.492185e-13 -1.000000e+00 -3.908709e-14
    outer loop
      vertex   1.641705e+01 -2.260217e+01 -1.880023e+01
      vertex   1.820737e+01 -2.260217e+01 -1.990875e+01
      vertex   1.811748e+01 -2.260217e+01 -1.974737e+01
    endloop
  endfacet
  facet normal -2.480650e-13 -1.000000e+00 -2.165505e-13
    outer loop
      vertex   1.811748e+01 -2.260217e+01 -1.974737e+01
      vertex   1.801308e+01 -2.260217e+01 -1.959496e+01
      vertex   1.641705e+01 -2.260217e+01 -1.880023e+01
    endloop
  endfacet
  facet normal -2.390998e-13 -1.000000e+00 -1.985460e-13
    outer loop
      vertex   1.641705e+01 -2.260217e+01 -1.880023e+01
      vertex   1.801308e+01 -2.260217e+01 -1.959496e+01
      vertex   1.789507e+01 -2.260217e+01 -1.945284e+01
    endloop
  endfacet
  facet normal -2.711637e-13 -1.000000e+00 -2.711637e-13
    outer loop
      vertex   1.641705e+01 -2.260217e+01 -1.880023e+01
      vertex   1.789507e+01 -2.260217e+01 -1.945284e+01
      vertex   1.776444e+01 -2.260217e+01 -1.932221e+01
    endloop
  endfacet
  facet normal -3.113849e-13 -1.000000e+00 -3.749865e-13
    outer loop
      vertex   1.776444e+01 -2.260217e+01 -1.932221e+01
      vertex   1.762232e+01 -2.260217e+01 -1.920420e+01
      vertex   1.641705e+01 -2.260217e+01 -1.880023e+01
    endloop
  endfacet
  facet normal -3.189447e-13 -1.000000e+00 -3.975422e-13
    outer loop
      vertex   1.641705e+01 -2.260217e+01 -1.880023e+01
      vertex   1.762232e+01 -2.260217e+01 -1.920420e+01
      vertex   1.746991e+01 -2.260217e+01 -1.909980e+01
    endloop
  endfacet
  facet normal -3.977862e-13 -1.000000e+00 -6.746412e-13
    outer loop
      vertex   1.641705e+01 -2.260217e+01 -1.880023e+01
      vertex   1.746991e+01 -2.260217e+01 -1.909980e+01
      vertex   1.730852e+01 -2.260217e+01 -1.900990e+01
    endloop
  endfacet
  facet normal -5.116583e-13 -1.000000e+00 -1.158796e-12
    outer loop
      vertex   1.730852e+01 -2.260217e+01 -1.900990e+01
      vertex   1.713953e+01 -2.260217e+01 -1.893529e+01
      vertex   1.641705e+01 -2.260217e+01 -1.880023e+01
    endloop
  endfacet
  facet normal -6.671086e-13 -1.000000e+00 -1.990381e-12
    outer loop
      vertex   1.641705e+01 -2.260217e+01 -1.880023e+01
      vertex   1.713953e+01 -2.260217e+01 -1.893529e+01
      vertex   1.696437e+01 -2.260217e+01 -1.887658e+01
    endloop
  endfacet
  facet normal -9.571268e-13 -1.000000e+00 -4.069454e-12
    outer loop
      vertex   1.641705e+01 -2.260217e+01 -1.880023e+01
      vertex   1.696437e+01 -2.260217e+01 -1.887658e+01
      vertex   1.678455e+01 -2.260217e+01 -1.883428e+01
    endloop
  endfacet
  facet normal -1.727759e-12 -1.000000e+00 -1.238590e-11
    outer loop
      vertex   1.678455e+01 -2.260217e+01 -1.883428e+01
      vertex   1.660158e+01 -2.260217e+01 -1.880876e+01
      vertex   1.641705e+01 -2.260217e+01 -1.880023e+01
    endloop
  endfacet
  facet normal -6.392439e-15 -1.000000e+00 1.063368e-15
    outer loop
      vertex   1.641705e+01 -2.260217e+01 -1.880023e+01
      vertex   -2.193095e+01 -2.260217e+01 -1.880023e+01
      vertex   -2.393095e+01 -2.260217e+01 -2.080023e+01
    endloop
  endfacet
  facet normal -1.468844e-13 -1.000000e+00 1.415554e-13
    outer loop
      vertex   -2.393095e+01 -2.260217e+01 -2.080023e+01
      vertex   -2.193095e+01 -2.260217e+01 -1.880023e+01
      vertex   -2.392242e+01 -2.260217e+01 -2.061569e+01
    endloop
  endfacet
  facet normal -2.043878e-14 -1.000000e+00 2.851088e-15
    outer loop
      vertex   -2.392242e+01 -2.260217e+01 -2.061569e+01
      vertex   -2.193095e+01 -2.260217e+01 -1.880023e+01
      vertex   -2.389690e+01 -2.260217e+01 -2.043273e+01
    endloop
  endfacet
  facet normal -2.245731e-14 -1.000000e+00 5.281911e-15
    outer loop
      vertex   -2.389690e+01 -2.260217e+01 -2.043273e+01
      vertex   -2.193095e+01 -2.260217e+01 -1.880023e+01
      vertex   -2.385460e+01 -2.260217e+01 -2.025290e+01
    endloop
  endfacet
  facet normal -2.472719e-14 -1.000000e+00 8.287719e-15
    outer loop
      vertex   -2.385460e+01 -2.260217e+01 -2.025290e+01
      vertex   -2.193095e+01 -2.260217e+01 -1.880023e+01
      vertex   -2.379590e+01 -2.260217e+01 -2.007775e+01
    endloop
  endfacet
  facet normal -2.731038e-14 -1.000000e+00 1.205871e-14
    outer loop
      vertex   -2.379590e+01 -2.260217e+01 -2.007775e+01
      vertex   -2.193095e+01 -2.260217e+01 -1.880023e+01
      vertex   -2.372128e+01 -2.260217e+01 -1.990875e+01
    endloop
  endfacet
  facet normal 1.132075e-14 -1.000000e+00 -5.033271e-14
    outer loop
      vertex   -2.372128e+01 -2.260217e+01 -1.990875e+01
      vertex   -2.193095e+01 -2.260217e+01 -1.880023e+01
      vertex   -2.363139e+01 -2.260217e+01 -1.974737e+01
    endloop
  endfacet
  facet normal -2.702631e-14 -1.000000e+00 1.851345e-14
    outer loop
      vertex   -2.363139e+01 -2.260217e+01 -1.974737e+01
      vertex   -2.193095e+01 -2.260217e+01 -1.880023e+01
      vertex   -2.352699e+01 -2.260217e+01 -1.959496e+01
    endloop
  endfacet
  facet normal -3.036188e-14 -1.000000e+00 2.521219e-14
    outer loop
      vertex   -2.352699e+01 -2.260217e+01 -1.959496e+01
      vertex   -2.193095e+01 -2.260217e+01 -1.880023e+01
      vertex   -2.340897e+01 -2.260217e+01 -1.945284e+01
    endloop
  endfacet
  facet normal -3.443348e-14 -1.000000e+00 3.443348e-14
    outer loop
      vertex   -2.340897e+01 -2.260217e+01 -1.945284e+01
      vertex   -2.193095e+01 -2.260217e+01 -1.880023e+01
      vertex   -2.327834e+01 -2.260217e+01 -1.932221e+01
    endloop
  endfacet
  facet normal -3.954093e-14 -1.000000e+00 4.761734e-14
    outer loop
      vertex   -2.327834e+01 -2.260217e+01 -1.932221e+01
      vertex   -2.193095e+01 -2.260217e+01 -1.880023e+01
      vertex   -2.313622e+01 -2.260217e+01 -1.920420e+01
    endloop
  endfacet
  facet normal -4.617270e-14 -1.000000e+00 6.740383e-14
    outer loop
      vertex   -2.313622e+01 -2.260217e+01 -1.920420e+01
      vertex   -2.193095e+01 -2.260217e+01 -1.880023e+01
      vertex   -2.298382e+01 -2.260217e+01 -1.909980e+01
    endloop
  endfacet
  facet normal -3.219610e-14 -1.000000e+00 1.828119e-14
    outer loop
      vertex   -2.298382e+01 -2.260217e+01 -1.909980e+01
      vertex   -2.193095e+01 -2.260217e+01 -1.880023e+01
      vertex   -2.282243e+01 -2.260217e+01 -1.900990e+01
    endloop
  endfacet
  facet normal -5.969347e-14 -1.000000e+00 1.351928e-13
    outer loop
      vertex   -2.282243e+01 -2.260217e+01 -1.900990e+01
      vertex   -2.193095e+01 -2.260217e+01 -1.880023e+01
      vertex   -2.265344e+01 -2.260217e+01 -1.893529e+01
    endloop
  endfacet
  facet normal -7.782934e-14 -1.000000e+00 2.322112e-13
    outer loop
      vertex   -2.265344e+01 -2.260217e+01 -1.893529e+01
      vertex   -2.193095e+01 -2.260217e+01 -1.880023e+01
      vertex   -2.247828e+01 -2.260217e+01 -1.887658e+01
    endloop
  endfacet
  facet normal -1.116648e-13 -1.000000e+00 4.747696e-13
    outer loop
      vertex   -2.247828e+01 -2.260217e+01 -1.887658e+01
      vertex   -2.193095e+01 -2.260217e+01 -1.880023e+01
      vertex   -2.229845e+01 -2.260217e+01 -1.883428e+01
    endloop
  endfacet
  facet normal -2.015718e-13 -1.000000e+00 1.445021e-12
    outer loop
      vertex   -2.229845e+01 -2.260217e+01 -1.883428e+01
      vertex   -2.193095e+01 -2.260217e+01 -1.880023e+01
      vertex   -2.211549e+01 -2.260217e+01 -1.880876e+01
    endloop
  endfacet
  facet normal -6.146949e-02 1.489914e-15 -9.981090e-01
    outer loop
      vertex   1.761238e+01 -2.260217e+01 -2.959267e+01
      vertex   1.761238e+01 -2.022217e+01 -2.959267e+01
      vertex   1.773508e+01 -2.260217e+01 -2.960023e+01
    endloop
  endfacet
  facet normal -6.146949e-02 1.119446e-19 -9.981090e-01
    outer loop
      vertex   1.773508e+01 -2.260217e+01 -2.960023e+01
      vertex   1.761238e+01 -2.022217e+01 -2.959267e+01
      vertex   1.761238e+01 -1.784217e+01 -2.959267e+01
    endloop
  endfacet
  facet normal -6.146949e-02 1.119446e-19 -9.981090e-01
    outer loop
      vertex   1.773508e+01 -2.260217e+01 -2.960023e+01
      vertex   1.761238e+01 -1.784217e+01 -2.959267e+01
      vertex   1.761238e+01 -1.546217e+01 -2.959267e+01
    endloop
  endfacet
  facet normal -1.834794e-01 -0.000000e+00 -9.830236e-01
    outer loop
      vertex   1.761238e+01 -1.546217e+01 -2.959267e+01
      vertex   1.761238e+01 -1.784217e+01 -2.959267e+01
      vertex   1.749152e+01 -1.546217e+01 -2.957012e+01
    endloop
  endfacet
  facet normal -1.834794e-01 -5.451972e-19 -9.830236e-01
    outer loop
      vertex   1.761238e+01 -1.546217e+01 -2.959267e+01
      vertex   1.749152e+01 -1.546217e+01 -2.957012e+01
      vertex   1.749152e+01 -1.308217e+01 -2.957012e+01
    endloop
  endfacet
  facet normal -3.027162e-01 -0.000000e+00 -9.530807e-01
    outer loop
      vertex   1.749152e+01 -1.308217e+01 -2.957012e+01
      vertex   1.749152e+01 -1.546217e+01 -2.957012e+01
      vertex   1.737435e+01 -1.308217e+01 -2.953290e+01
    endloop
  endfacet
  facet normal -3.027162e-01 -1.183202e-18 -9.530807e-01
    outer loop
      vertex   1.749152e+01 -1.308217e+01 -2.957012e+01
      vertex   1.737435e+01 -1.308217e+01 -2.953290e+01
      vertex   1.737435e+01 -1.070217e+01 -2.953290e+01
    endloop
  endfacet
  facet normal -4.173778e-01 -0.000000e+00 -9.087331e-01
    outer loop
      vertex   1.737435e+01 -1.070217e+01 -2.953290e+01
      vertex   1.737435e+01 -1.308217e+01 -2.953290e+01
      vertex   1.726263e+01 -1.070217e+01 -2.948159e+01
    endloop
  endfacet
  facet normal -4.173778e-01 -0.000000e+00 -9.087331e-01
    outer loop
      vertex   1.726263e+01 -1.070217e+01 -2.948159e+01
      vertex   1.737435e+01 -1.308217e+01 -2.953290e+01
      vertex   1.726263e+01 -1.308217e+01 -2.948159e+01
    endloop
  endfacet
  facet normal -5.257311e-01 -0.000000e+00 -8.506508e-01
    outer loop
      vertex   1.726263e+01 -1.070217e+01 -2.948159e+01
      vertex   1.726263e+01 -1.308217e+01 -2.948159e+01
      vertex   1.715806e+01 -1.070217e+01 -2.941696e+01
    endloop
  endfacet
  facet normal -5.257311e-01 3.324374e-15 -8.506508e-01
    outer loop
      vertex   1.715806e+01 -1.070217e+01 -2.941696e+01
      vertex   1.726263e+01 -1.308217e+01 -2.948159e+01
      vertex   1.715806e+01 -1.308217e+01 -2.941696e+01
    endloop
  endfacet
  facet normal -6.261385e-01 3.262469e-15 -7.797118e-01
    outer loop
      vertex   1.715806e+01 -1.070217e+01 -2.941696e+01
      vertex   1.715806e+01 -1.308217e+01 -2.941696e+01
      vertex   1.706220e+01 -1.070217e+01 -2.933998e+01
    endloop
  endfacet
  facet normal -6.261385e-01 -9.346601e-16 -7.797118e-01
    outer loop
      vertex   1.706220e+01 -1.070217e+01 -2.933998e+01
      vertex   1.715806e+01 -1.308217e+01 -2.941696e+01
      vertex   1.706220e+01 -1.308217e+01 -2.933998e+01
    endloop
  endfacet
  facet normal -7.170825e-01 -1.070415e-15 -6.969883e-01
    outer loop
      vertex   1.706220e+01 -1.070217e+01 -2.933998e+01
      vertex   1.706220e+01 -1.308217e+01 -2.933998e+01
      vertex   1.697651e+01 -1.070217e+01 -2.925182e+01
    endloop
  endfacet
  facet normal -7.170825e-01 -0.000000e+00 -6.969883e-01
    outer loop
      vertex   1.697651e+01 -1.070217e+01 -2.925182e+01
      vertex   1.706220e+01 -1.308217e+01 -2.933998e+01
      vertex   1.697651e+01 -1.308217e+01 -2.925182e+01
    endloop
  endfacet
  facet normal -7.971885e-01 -0.000000e+00 -6.037305e-01
    outer loop
      vertex   1.697651e+01 -1.070217e+01 -2.925182e+01
      vertex   1.697651e+01 -1.308217e+01 -2.925182e+01
      vertex   1.690229e+01 -1.070217e+01 -2.915382e+01
    endloop
  endfacet
  facet normal -7.971885e-01 -0.000000e+00 -6.037305e-01
    outer loop
      vertex   1.690229e+01 -1.070217e+01 -2.915382e+01
      vertex   1.697651e+01 -1.308217e+01 -2.925182e+01
      vertex   1.690229e+01 -1.308217e+01 -2.915382e+01
    endloop
  endfacet
  facet normal -8.652458e-01 -0.000000e+00 -5.013479e-01
    outer loop
      vertex   1.690229e+01 -1.070217e+01 -2.915382e+01
      vertex   1.690229e+01 -1.308217e+01 -2.915382e+01
      vertex   1.684065e+01 -1.070217e+01 -2.904744e+01
    endloop
  endfacet
  facet normal -8.652458e-01 4.630147e-19 -5.013479e-01
    outer loop
      vertex   1.684065e+01 -1.070217e+01 -2.904744e+01
      vertex   1.690229e+01 -1.308217e+01 -2.915382e+01
      vertex   1.690229e+01 -1.546217e+01 -2.915382e+01
    endloop
  endfacet
  facet normal -8.652458e-01 4.630147e-19 -5.013479e-01
    outer loop
      vertex   1.684065e+01 -1.070217e+01 -2.904744e+01
      vertex   1.690229e+01 -1.546217e+01 -2.915382e+01
      vertex   1.690229e+01 -1.784217e+01 -2.915382e+01
    endloop
  endfacet
  facet normal -7.971885e-01 0.000000e+00 -6.037305e-01
    outer loop
      vertex   1.690229e+01 -1.784217e+01 -2.915382e+01
      vertex   1.690229e+01 -1.546217e+01 -2.915382e+01
      vertex   1.697651e+01 -1.784217e+01 -2.925182e+01
    endloop
  endfacet
  facet normal -7.971885e-01 -6.863182e-19 -6.037305e-01
    outer loop
      vertex   1.690229e+01 -1.784217e+01 -2.915382e+01
      vertex   1.697651e+01 -1.784217e+01 -2.925182e+01
      vertex   1.697651e+01 -2.022217e+01 -2.925182e+01
    endloop
  endfacet
  facet normal -7.170825e-01 0.000000e+00 -6.969883e-01
    outer loop
      vertex   1.697651e+01 -2.022217e+01 -2.925182e+01
      vertex   1.697651e+01 -1.784217e+01 -2.925182e+01
      vertex   1.706220e+01 -2.022217e+01 -2.933998e+01
    endloop
  endfacet
  facet normal -7.170825e-01 1.071258e-15 -6.969883e-01
    outer loop
      vertex   1.697651e+01 -2.022217e+01 -2.925182e+01
      vertex   1.706220e+01 -2.022217e+01 -2.933998e+01
      vertex   1.706220e+01 -2.260217e+01 -2.933998e+01
    endloop
  endfacet
  facet normal -6.261385e-01 9.346601e-16 -7.797118e-01
    outer loop
      vertex   1.706220e+01 -2.260217e+01 -2.933998e+01
      vertex   1.706220e+01 -2.022217e+01 -2.933998e+01
      vertex   1.715806e+01 -2.260217e+01 -2.941696e+01
    endloop
  endfacet
  facet normal -6.261385e-01 -3.262469e-15 -7.797118e-01
    outer loop
      vertex   1.715806e+01 -2.260217e+01 -2.941696e+01
      vertex   1.706220e+01 -2.022217e+01 -2.933998e+01
      vertex   1.715806e+01 -2.022217e+01 -2.941696e+01
    endloop
  endfacet
  facet normal -5.257311e-01 -3.324374e-15 -8.506508e-01
    outer loop
      vertex   1.715806e+01 -2.260217e+01 -2.941696e+01
      vertex   1.715806e+01 -2.022217e+01 -2.941696e+01
      vertex   1.726263e+01 -2.260217e+01 -2.948159e+01
    endloop
  endfacet
  facet normal -5.257311e-01 0.000000e+00 -8.506508e-01
    outer loop
      vertex   1.726263e+01 -2.260217e+01 -2.948159e+01
      vertex   1.715806e+01 -2.022217e+01 -2.941696e+01
      vertex   1.726263e+01 -2.022217e+01 -2.948159e+01
    endloop
  endfacet
  facet normal -4.173778e-01 0.000000e+00 -9.087331e-01
    outer loop
      vertex   1.726263e+01 -2.260217e+01 -2.948159e+01
      vertex   1.726263e+01 -2.022217e+01 -2.948159e+01
      vertex   1.737435e+01 -2.260217e+01 -2.953290e+01
    endloop
  endfacet
  facet normal -4.173778e-01 0.000000e+00 -9.087331e-01
    outer loop
      vertex   1.737435e+01 -2.260217e+01 -2.953290e+01
      vertex   1.726263e+01 -2.022217e+01 -2.948159e+01
      vertex   1.737435e+01 -2.022217e+01 -2.953290e+01
    endloop
  endfacet
  facet normal -3.027162e-01 0.000000e+00 -9.530807e-01
    outer loop
      vertex   1.737435e+01 -2.260217e+01 -2.953290e+01
      vertex   1.737435e+01 -2.022217e+01 -2.953290e+01
      vertex   1.749152e+01 -2.260217e+01 -2.957012e+01
    endloop
  endfacet
  facet normal -3.027162e-01 0.000000e+00 -9.530807e-01
    outer loop
      vertex   1.749152e+01 -2.260217e+01 -2.957012e+01
      vertex   1.737435e+01 -2.022217e+01 -2.953290e+01
      vertex   1.749152e+01 -2.022217e+01 -2.957012e+01
    endloop
  endfacet
  facet normal -1.834794e-01 0.000000e+00 -9.830236e-01
    outer loop
      vertex   1.749152e+01 -2.260217e+01 -2.957012e+01
      vertex   1.749152e+01 -2.022217e+01 -2.957012e+01
      vertex   1.761238e+01 -2.260217e+01 -2.959267e+01
    endloop
  endfacet
  facet normal -1.834794e-01 1.467395e-15 -9.830236e-01
    outer loop
      vertex   1.761238e+01 -2.260217e+01 -2.959267e+01
      vertex   1.749152e+01 -2.022217e+01 -2.957012e+01
      vertex   1.761238e+01 -2.022217e+01 -2.959267e+01
    endloop
  endfacet
  facet normal -7.170825e-01 1.116769e-18 -6.969883e-01
    outer loop
      vertex   1.706220e+01 -2.260217e+01 -2.933998e+01
      vertex   1.697651e+01 -2.260217e+01 -2.925182e+01
      vertex   1.697651e+01 -2.022217e+01 -2.925182e+01
    endloop
  endfacet
  facet normal -7.971885e-01 -0.000000e+00 -6.037305e-01
    outer loop
      vertex   1.697651e+01 -2.022217e+01 -2.925182e+01
      vertex   1.697651e+01 -2.260217e+01 -2.925182e+01
      vertex   1.690229e+01 -2.022217e+01 -2.915382e+01
    endloop
  endfacet
  facet normal -7.971885e-01 -6.863182e-19 -6.037305e-01
    outer loop
      vertex   1.697651e+01 -2.022217e+01 -2.925182e+01
      vertex   1.690229e+01 -2.022217e+01 -2.915382e+01
      vertex   1.690229e+01 -1.784217e+01 -2.915382e+01
    endloop
  endfacet
  facet normal -8.652458e-01 -0.000000e+00 -5.013479e-01
    outer loop
      vertex   1.690229e+01 -1.784217e+01 -2.915382e+01
      vertex   1.690229e+01 -2.022217e+01 -2.915382e+01
      vertex   1.684065e+01 -2.260217e+01 -2.904744e+01
    endloop
  endfacet
  facet normal -8.652458e-01 9.260294e-20 -5.013479e-01
    outer loop
      vertex   1.690229e+01 -1.784217e+01 -2.915382e+01
      vertex   1.684065e+01 -2.260217e+01 -2.904744e+01
      vertex   1.684065e+01 -1.070217e+01 -2.904744e+01
    endloop
  endfacet
  facet normal -7.971885e-01 -6.863182e-19 -6.037305e-01
    outer loop
      vertex   1.697651e+01 -2.260217e+01 -2.925182e+01
      vertex   1.690229e+01 -2.260217e+01 -2.915382e+01
      vertex   1.690229e+01 -2.022217e+01 -2.915382e+01
    endloop
  endfacet
  facet normal -8.652458e-01 -0.000000e+00 -5.013479e-01
    outer loop
      vertex   1.690229e+01 -2.022217e+01 -2.915382e+01
      vertex   1.690229e+01 -2.260217e+01 -2.915382e+01
      vertex   1.684065e+01 -2.260217e+01 -2.904744e+01
    endloop
  endfacet
  facet normal -3.027162e-01 -1.183202e-18 -9.530807e-01
    outer loop
      vertex   1.737435e+01 -1.070217e+01 -2.953290e+01
      vertex   1.749152e+01 -1.070217e+01 -2.957012e+01
      vertex   1.749152e+01 -1.308217e+01 -2.957012e+01
    endloop
  endfacet
  facet normal -1.834794e-01 0.000000e+00 -9.830236e-01
    outer loop
      vertex   1.749152e+01 -1.308217e+01 -2.957012e+01
      vertex   1.749152e+01 -1.070217e+01 -2.957012e+01
      vertex   1.761238e+01 -1.308217e+01 -2.959267e+01
    endloop
  endfacet
  facet normal -1.834794e-01 -5.451972e-19 -9.830236e-01
    outer loop
      vertex   1.749152e+01 -1.308217e+01 -2.957012e+01
      vertex   1.761238e+01 -1.308217e+01 -2.959267e+01
      vertex   1.761238e+01 -1.546217e+01 -2.959267e+01
    endloop
  endfacet
  facet normal -6.146949e-02 0.000000e+00 -9.981090e-01
    outer loop
      vertex   1.761238e+01 -1.546217e+01 -2.959267e+01
      vertex   1.761238e+01 -1.308217e+01 -2.959267e+01
      vertex   1.773508e+01 -1.070217e+01 -2.960023e+01
    endloop
  endfacet
  facet normal -6.146949e-02 4.222417e-13 -9.981090e-01
    outer loop
      vertex   1.761238e+01 -1.546217e+01 -2.959267e+01
      vertex   1.773508e+01 -1.070217e+01 -2.960023e+01
      vertex   1.773508e+01 -2.260217e+01 -2.960023e+01
    endloop
  endfacet
  facet normal -1.834794e-01 -1.467941e-15 -9.830236e-01
    outer loop
      vertex   1.749152e+01 -1.070217e+01 -2.957012e+01
      vertex   1.761238e+01 -1.070217e+01 -2.959267e+01
      vertex   1.761238e+01 -1.308217e+01 -2.959267e+01
    endloop
  endfacet
  facet normal -6.146949e-02 -1.489914e-15 -9.981090e-01
    outer loop
      vertex   1.761238e+01 -1.308217e+01 -2.959267e+01
      vertex   1.761238e+01 -1.070217e+01 -2.959267e+01
      vertex   1.773508e+01 -1.070217e+01 -2.960023e+01
    endloop
  endfacet
  facet normal -1.834794e-01 -0.000000e+00 -9.830236e-01
    outer loop
      vertex   1.761238e+01 -1.784217e+01 -2.959267e+01
      vertex   1.761238e+01 -2.022217e+01 -2.959267e+01
      vertex   1.749152e+01 -1.784217e+01 -2.957012e+01
    endloop
  endfacet
  facet normal -1.834794e-01 -0.000000e+00 -9.830236e-01
    outer loop
      vertex   1.749152e+01 -1.784217e+01 -2.957012e+01
      vertex   1.761238e+01 -2.022217e+01 -2.959267e+01
      vertex   1.749152e+01 -2.022217e+01 -2.957012e+01
    endloop
  endfacet
  facet normal -3.027162e-01 -0.000000e+00 -9.530807e-01
    outer loop
      vertex   1.749152e+01 -1.784217e+01 -2.957012e+01
      vertex   1.749152e+01 -2.022217e+01 -2.957012e+01
      vertex   1.737435e+01 -1.784217e+01 -2.953290e+01
    endloop
  endfacet
  facet normal -3.027162e-01 -0.000000e+00 -9.530807e-01
    outer loop
      vertex   1.737435e+01 -1.784217e+01 -2.953290e+01
      vertex   1.749152e+01 -2.022217e+01 -2.957012e+01
      vertex   1.737435e+01 -2.022217e+01 -2.953290e+01
    endloop
  endfacet
  facet normal -4.173778e-01 -0.000000e+00 -9.087331e-01
    outer loop
      vertex   1.737435e+01 -1.784217e+01 -2.953290e+01
      vertex   1.737435e+01 -2.022217e+01 -2.953290e+01
      vertex   1.726263e+01 -1.784217e+01 -2.948159e+01
    endloop
  endfacet
  facet normal -4.173778e-01 -0.000000e+00 -9.087331e-01
    outer loop
      vertex   1.726263e+01 -1.784217e+01 -2.948159e+01
      vertex   1.737435e+01 -2.022217e+01 -2.953290e+01
      vertex   1.726263e+01 -2.022217e+01 -2.948159e+01
    endloop
  endfacet
  facet normal -5.257311e-01 -0.000000e+00 -8.506508e-01
    outer loop
      vertex   1.726263e+01 -1.784217e+01 -2.948159e+01
      vertex   1.726263e+01 -2.022217e+01 -2.948159e+01
      vertex   1.715806e+01 -1.784217e+01 -2.941696e+01
    endloop
  endfacet
  facet normal -5.257311e-01 -0.000000e+00 -8.506508e-01
    outer loop
      vertex   1.715806e+01 -1.784217e+01 -2.941696e+01
      vertex   1.726263e+01 -2.022217e+01 -2.948159e+01
      vertex   1.715806e+01 -2.022217e+01 -2.941696e+01
    endloop
  endfacet
  facet normal -6.261385e-01 -0.000000e+00 -7.797118e-01
    outer loop
      vertex   1.715806e+01 -1.784217e+01 -2.941696e+01
      vertex   1.715806e+01 -2.022217e+01 -2.941696e+01
      vertex   1.706220e+01 -1.784217e+01 -2.933998e+01
    endloop
  endfacet
  facet normal -6.261385e-01 -0.000000e+00 -7.797118e-01
    outer loop
      vertex   1.706220e+01 -1.784217e+01 -2.933998e+01
      vertex   1.715806e+01 -2.022217e+01 -2.941696e+01
      vertex   1.706220e+01 -2.022217e+01 -2.933998e+01
    endloop
  endfacet
  facet normal -7.170825e-01 -0.000000e+00 -6.969883e-01
    outer loop
      vertex   1.706220e+01 -1.784217e+01 -2.933998e+01
      vertex   1.706220e+01 -2.022217e+01 -2.933998e+01
      vertex   1.697651e+01 -1.784217e+01 -2.925182e+01
    endloop
  endfacet
  facet normal -1.834794e-01 -5.451972e-19 -9.830236e-01
    outer loop
      vertex   1.761238e+01 -1.784217e+01 -2.959267e+01
      vertex   1.749152e+01 -1.784217e+01 -2.957012e+01
      vertex   1.749152e+01 -1.546217e+01 -2.957012e+01
    endloop
  endfacet
  facet normal -3.027162e-01 -0.000000e+00 -9.530807e-01
    outer loop
      vertex   1.749152e+01 -1.546217e+01 -2.957012e+01
      vertex   1.749152e+01 -1.784217e+01 -2.957012e+01
      vertex   1.737435e+01 -1.546217e+01 -2.953290e+01
    endloop
  endfacet
  facet normal -3.027162e-01 -1.183202e-18 -9.530807e-01
    outer loop
      vertex   1.749152e+01 -1.546217e+01 -2.957012e+01
      vertex   1.737435e+01 -1.546217e+01 -2.953290e+01
      vertex   1.737435e+01 -1.308217e+01 -2.953290e+01
    endloop
  endfacet
  facet normal -4.173778e-01 -0.000000e+00 -9.087331e-01
    outer loop
      vertex   1.737435e+01 -1.308217e+01 -2.953290e+01
      vertex   1.737435e+01 -1.546217e+01 -2.953290e+01
      vertex   1.726263e+01 -1.308217e+01 -2.948159e+01
    endloop
  endfacet
  facet normal -3.027162e-01 -0.000000e+00 -9.530807e-01
    outer loop
      vertex   1.737435e+01 -1.546217e+01 -2.953290e+01
      vertex   1.749152e+01 -1.784217e+01 -2.957012e+01
      vertex   1.737435e+01 -1.784217e+01 -2.953290e+01
    endloop
  endfacet
  facet normal -4.173778e-01 -0.000000e+00 -9.087331e-01
    outer loop
      vertex   1.737435e+01 -1.546217e+01 -2.953290e+01
      vertex   1.737435e+01 -1.784217e+01 -2.953290e+01
      vertex   1.726263e+01 -1.546217e+01 -2.948159e+01
    endloop
  endfacet
  facet normal -4.173778e-01 -0.000000e+00 -9.087331e-01
    outer loop
      vertex   1.726263e+01 -1.546217e+01 -2.948159e+01
      vertex   1.737435e+01 -1.784217e+01 -2.953290e+01
      vertex   1.726263e+01 -1.784217e+01 -2.948159e+01
    endloop
  endfacet
  facet normal -5.257311e-01 -0.000000e+00 -8.506508e-01
    outer loop
      vertex   1.726263e+01 -1.546217e+01 -2.948159e+01
      vertex   1.726263e+01 -1.784217e+01 -2.948159e+01
      vertex   1.715806e+01 -1.546217e+01 -2.941696e+01
    endloop
  endfacet
  facet normal -5.257311e-01 -0.000000e+00 -8.506508e-01
    outer loop
      vertex   1.715806e+01 -1.546217e+01 -2.941696e+01
      vertex   1.726263e+01 -1.784217e+01 -2.948159e+01
      vertex   1.715806e+01 -1.784217e+01 -2.941696e+01
    endloop
  endfacet
  facet normal -6.261385e-01 -0.000000e+00 -7.797118e-01
    outer loop
      vertex   1.715806e+01 -1.546217e+01 -2.941696e+01
      vertex   1.715806e+01 -1.784217e+01 -2.941696e+01
      vertex   1.706220e+01 -1.546217e+01 -2.933998e+01
    endloop
  endfacet
  facet normal -6.261385e-01 -0.000000e+00 -7.797118e-01
    outer loop
      vertex   1.706220e+01 -1.546217e+01 -2.933998e+01
      vertex   1.715806e+01 -1.784217e+01 -2.941696e+01
      vertex   1.706220e+01 -1.784217e+01 -2.933998e+01
    endloop
  endfacet
  facet normal -7.170825e-01 -0.000000e+00 -6.969883e-01
    outer loop
      vertex   1.706220e+01 -1.546217e+01 -2.933998e+01
      vertex   1.706220e+01 -1.784217e+01 -2.933998e+01
      vertex   1.697651e+01 -1.546217e+01 -2.925182e+01
    endloop
  endfacet
  facet normal -7.170825e-01 -0.000000e+00 -6.969883e-01
    outer loop
      vertex   1.697651e+01 -1.546217e+01 -2.925182e+01
      vertex   1.706220e+01 -1.784217e+01 -2.933998e+01
      vertex   1.697651e+01 -1.784217e+01 -2.925182e+01
    endloop
  endfacet
  facet normal -7.971885e-01 -0.000000e+00 -6.037305e-01
    outer loop
      vertex   1.697651e+01 -1.546217e+01 -2.925182e+01
      vertex   1.697651e+01 -1.784217e+01 -2.925182e+01
      vertex   1.690229e+01 -1.546217e+01 -2.915382e+01
    endloop
  endfacet
  facet normal -5.257311e-01 7.585832e-19 -8.506508e-01
    outer loop
      vertex   1.715806e+01 -1.308217e+01 -2.941696e+01
      vertex   1.726263e+01 -1.308217e+01 -2.948159e+01
      vertex   1.726263e+01 -1.546217e+01 -2.948159e+01
    endloop
  endfacet
  facet normal -4.173778e-01 0.000000e+00 -9.087331e-01
    outer loop
      vertex   1.726263e+01 -1.546217e+01 -2.948159e+01
      vertex   1.726263e+01 -1.308217e+01 -2.948159e+01
      vertex   1.737435e+01 -1.546217e+01 -2.953290e+01
    endloop
  endfacet
  facet normal -5.257311e-01 -0.000000e+00 -8.506508e-01
    outer loop
      vertex   1.715806e+01 -1.308217e+01 -2.941696e+01
      vertex   1.726263e+01 -1.546217e+01 -2.948159e+01
      vertex   1.715806e+01 -1.546217e+01 -2.941696e+01
    endloop
  endfacet
  facet normal -6.261385e-01 1.182360e-18 -7.797118e-01
    outer loop
      vertex   1.706220e+01 -1.308217e+01 -2.933998e+01
      vertex   1.715806e+01 -1.308217e+01 -2.941696e+01
      vertex   1.715806e+01 -1.546217e+01 -2.941696e+01
    endloop
  endfacet
  facet normal -6.261385e-01 -0.000000e+00 -7.797118e-01
    outer loop
      vertex   1.706220e+01 -1.308217e+01 -2.933998e+01
      vertex   1.715806e+01 -1.546217e+01 -2.941696e+01
      vertex   1.706220e+01 -1.546217e+01 -2.933998e+01
    endloop
  endfacet
  facet normal -7.170825e-01 8.421019e-19 -6.969883e-01
    outer loop
      vertex   1.697651e+01 -1.308217e+01 -2.925182e+01
      vertex   1.706220e+01 -1.308217e+01 -2.933998e+01
      vertex   1.706220e+01 -1.546217e+01 -2.933998e+01
    endloop
  endfacet
  facet normal -7.170825e-01 -0.000000e+00 -6.969883e-01
    outer loop
      vertex   1.697651e+01 -1.308217e+01 -2.925182e+01
      vertex   1.706220e+01 -1.546217e+01 -2.933998e+01
      vertex   1.697651e+01 -1.546217e+01 -2.925182e+01
    endloop
  endfacet
  facet normal -7.971885e-01 -6.863182e-19 -6.037305e-01
    outer loop
      vertex   1.690229e+01 -1.308217e+01 -2.915382e+01
      vertex   1.697651e+01 -1.308217e+01 -2.925182e+01
      vertex   1.697651e+01 -1.546217e+01 -2.925182e+01
    endloop
  endfacet
  facet normal -7.971885e-01 -0.000000e+00 -6.037305e-01
    outer loop
      vertex   1.690229e+01 -1.308217e+01 -2.915382e+01
      vertex   1.697651e+01 -1.546217e+01 -2.925182e+01
      vertex   1.690229e+01 -1.546217e+01 -2.915382e+01
    endloop
  endfacet
  facet normal -8.960370e-12 4.230416e-13 -1.000000e+00
    outer loop
      vertex   1.773508e+01 -1.070217e+01 -2.960023e+01
      vertex   1.841705e+01 -1.070217e+01 -2.960023e+01
      vertex   1.773508e+01 -2.260217e+01 -2.960023e+01
    endloop
  endfacet
  facet normal -1.578484e-12 -1.883453e-27 -1.000000e+00
    outer loop
      vertex   1.773508e+01 -2.260217e+01 -2.960023e+01
      vertex   1.841705e+01 -1.070217e+01 -2.960023e+01
      vertex   1.841705e+01 -2.260217e+01 -2.960023e+01
    endloop
  endfacet
  facet normal -8.944272e-01 0.000000e+00 -4.472136e-01
    outer loop
      vertex   1.684065e+01 -2.260217e+01 -2.904744e+01
      vertex   1.611705e+01 -2.260217e+01 -2.760023e+01
      vertex   1.684065e+01 -1.070217e+01 -2.904744e+01
    endloop
  endfacet
  facet normal -8.944272e-01 1.309897e-16 -4.472136e-01
    outer loop
      vertex   1.684065e+01 -1.070217e+01 -2.904744e+01
      vertex   1.611705e+01 -2.260217e+01 -2.760023e+01
      vertex   1.611705e+01 -1.070217e+01 -2.760023e+01
    endloop
  endfacet
  facet normal -4.949041e-14 1.000000e+00 -6.172405e-15
    outer loop
      vertex   1.841705e+01 -1.070217e+01 -2.960023e+01
      vertex   1.773508e+01 -1.070217e+01 -2.960023e+01
      vertex   1.741705e+01 -1.070217e+01 -2.705023e+01
    endloop
  endfacet
  facet normal 0.000000e+00 1.000000e+00 0.000000e+00
    outer loop
      vertex   1.741705e+01 -1.070217e+01 -2.705023e+01
      vertex   1.773508e+01 -1.070217e+01 -2.960023e+01
      vertex   1.761238e+01 -1.070217e+01 -2.959267e+01
    endloop
  endfacet
  facet normal 0.000000e+00 1.000000e+00 0.000000e+00
    outer loop
      vertex   1.741705e+01 -1.070217e+01 -2.705023e+01
      vertex   1.761238e+01 -1.070217e+01 -2.959267e+01
      vertex   1.749152e+01 -1.070217e+01 -2.957012e+01
    endloop
  endfacet
  facet normal 0.000000e+00 1.000000e+00 0.000000e+00
    outer loop
      vertex   1.749152e+01 -1.070217e+01 -2.957012e+01
      vertex   1.737435e+01 -1.070217e+01 -2.953290e+01
      vertex   1.741705e+01 -1.070217e+01 -2.705023e+01
    endloop
  endfacet
  facet normal 0.000000e+00 1.000000e+00 0.000000e+00
    outer loop
      vertex   1.741705e+01 -1.070217e+01 -2.705023e+01
      vertex   1.737435e+01 -1.070217e+01 -2.953290e+01
      vertex   1.726263e+01 -1.070217e+01 -2.948159e+01
    endloop
  endfacet
  facet normal 0.000000e+00 1.000000e+00 0.000000e+00
    outer loop
      vertex   1.741705e+01 -1.070217e+01 -2.705023e+01
      vertex   1.726263e+01 -1.070217e+01 -2.948159e+01
      vertex   1.715806e+01 -1.070217e+01 -2.941696e+01
    endloop
  endfacet
  facet normal 0.000000e+00 1.000000e+00 -0.000000e+00
    outer loop
      vertex   1.715806e+01 -1.070217e+01 -2.941696e+01
      vertex   1.706220e+01 -1.070217e+01 -2.933998e+01
      vertex   1.741705e+01 -1.070217e+01 -2.705023e+01
    endloop
  endfacet
  facet normal 0.000000e+00 1.000000e+00 0.000000e+00
    outer loop
      vertex   1.741705e+01 -1.070217e+01 -2.705023e+01
      vertex   1.706220e+01 -1.070217e+01 -2.933998e+01
      vertex   1.697651e+01 -1.070217e+01 -2.925182e+01
    endloop
  endfacet
  facet normal 0.000000e+00 1.000000e+00 0.000000e+00
    outer loop
      vertex   1.741705e+01 -1.070217e+01 -2.705023e+01
      vertex   1.697651e+01 -1.070217e+01 -2.925182e+01
      vertex   1.690229e+01 -1.070217e+01 -2.915382e+01
    endloop
  endfacet
  facet normal 0.000000e+00 1.000000e+00 -0.000000e+00
    outer loop
      vertex   1.690229e+01 -1.070217e+01 -2.915382e+01
      vertex   1.684065e+01 -1.070217e+01 -2.904744e+01
      vertex   1.741705e+01 -1.070217e+01 -2.705023e+01
    endloop
  endfacet
  facet normal 0.000000e+00 1.000000e+00 0.000000e+00
    outer loop
      vertex   1.741705e+01 -1.070217e+01 -2.705023e+01
      vertex   1.684065e+01 -1.070217e+01 -2.904744e+01
      vertex   1.611705e+01 -1.070217e+01 -2.760023e+01
    endloop
  endfacet
  facet normal 0.000000e+00 1.000000e+00 0.000000e+00
    outer loop
      vertex   1.741705e+01 -1.070217e+01 -2.705023e+01
      vertex   1.611705e+01 -1.070217e+01 -2.760023e+01
      vertex   1.611705e+01 -1.070217e+01 -2.705023e+01
    endloop
  endfacet
  facet normal -2.397072e-14 1.000000e+00 3.835316e-15
    outer loop
      vertex   1.841705e+01 -1.070217e+01 -2.960023e+01
      vertex   1.741705e+01 -1.070217e+01 -2.705023e+01
      vertex   1.841705e+01 -1.070217e+01 -2.080023e+01
    endloop
  endfacet
  facet normal 0.000000e+00 1.000000e+00 0.000000e+00
    outer loop
      vertex   1.841705e+01 -1.070217e+01 -2.080023e+01
      vertex   1.741705e+01 -1.070217e+01 -2.705023e+01
      vertex   1.741705e+01 -1.070217e+01 -2.230023e+01
    endloop
  endfacet
  facet normal 2.430478e-13 1.000000e+00 -1.620318e-13
    outer loop
      vertex   1.841705e+01 -1.070217e+01 -2.080023e+01
      vertex   1.741705e+01 -1.070217e+01 -2.230023e+01
      vertex   1.840852e+01 -1.070217e+01 -2.061569e+01
    endloop
  endfacet
  facet normal -5.274104e-14 1.000000e+00 1.206067e-14
    outer loop
      vertex   1.840852e+01 -1.070217e+01 -2.061569e+01
      vertex   1.741705e+01 -1.070217e+01 -2.230023e+01
      vertex   1.838299e+01 -1.070217e+01 -2.043273e+01
    endloop
  endfacet
  facet normal -2.022641e-14 1.000000e+00 -4.757209e-15
    outer loop
      vertex   1.838299e+01 -1.070217e+01 -2.043273e+01
      vertex   1.741705e+01 -1.070217e+01 -2.230023e+01
      vertex   1.834070e+01 -1.070217e+01 -2.025290e+01
    endloop
  endfacet
  facet normal -1.765493e-14 1.000000e+00 -5.917335e-15
    outer loop
      vertex   1.834070e+01 -1.070217e+01 -2.025290e+01
      vertex   1.741705e+01 -1.070217e+01 -2.230023e+01
      vertex   1.828199e+01 -1.070217e+01 -2.007775e+01
    endloop
  endfacet
  facet normal -2.804747e-14 1.000000e+00 -1.872772e-15
    outer loop
      vertex   1.828199e+01 -1.070217e+01 -2.007775e+01
      vertex   1.741705e+01 -1.070217e+01 -2.230023e+01
      vertex   1.820737e+01 -1.070217e+01 -1.990875e+01
    endloop
  endfacet
  facet normal -1.255453e-14 1.000000e+00 -6.992825e-15
    outer loop
      vertex   1.820737e+01 -1.070217e+01 -1.990875e+01
      vertex   1.741705e+01 -1.070217e+01 -2.230023e+01
      vertex   1.811748e+01 -1.070217e+01 -1.974737e+01
    endloop
  endfacet
  facet normal -1.087926e-14 1.000000e+00 -7.452469e-15
    outer loop
      vertex   1.811748e+01 -1.070217e+01 -1.974737e+01
      vertex   1.741705e+01 -1.070217e+01 -2.230023e+01
      vertex   1.801308e+01 -1.070217e+01 -1.959496e+01
    endloop
  endfacet
  facet normal -9.374042e-15 1.000000e+00 -7.784105e-15
    outer loop
      vertex   1.801308e+01 -1.070217e+01 -1.959496e+01
      vertex   1.741705e+01 -1.070217e+01 -2.230023e+01
      vertex   1.789507e+01 -1.070217e+01 -1.945284e+01
    endloop
  endfacet
  facet normal -8.012654e-15 1.000000e+00 -8.012654e-15
    outer loop
      vertex   1.789507e+01 -1.070217e+01 -1.945284e+01
      vertex   1.741705e+01 -1.070217e+01 -2.230023e+01
      vertex   1.776444e+01 -1.070217e+01 -1.932221e+01
    endloop
  endfacet
  facet normal -6.773642e-15 1.000000e+00 -8.157187e-15
    outer loop
      vertex   1.776444e+01 -1.070217e+01 -1.932221e+01
      vertex   1.741705e+01 -1.070217e+01 -2.230023e+01
      vertex   1.762232e+01 -1.070217e+01 -1.920420e+01
    endloop
  endfacet
  facet normal -5.639321e-15 1.000000e+00 -8.232393e-15
    outer loop
      vertex   1.762232e+01 -1.070217e+01 -1.920420e+01
      vertex   1.741705e+01 -1.070217e+01 -2.230023e+01
      vertex   1.746991e+01 -1.070217e+01 -1.909980e+01
    endloop
  endfacet
  facet normal -4.595021e-15 1.000000e+00 -8.249643e-15
    outer loop
      vertex   1.746991e+01 -1.070217e+01 -1.909980e+01
      vertex   1.741705e+01 -1.070217e+01 -2.230023e+01
      vertex   1.730852e+01 -1.070217e+01 -1.900990e+01
    endloop
  endfacet
  facet normal 7.038243e-15 1.000000e+00 -7.865948e-15
    outer loop
      vertex   1.730852e+01 -1.070217e+01 -1.900990e+01
      vertex   1.741705e+01 -1.070217e+01 -2.230023e+01
      vertex   1.713953e+01 -1.070217e+01 -1.893529e+01
    endloop
  endfacet
  facet normal -2.911430e-15 1.000000e+00 -8.686527e-15
    outer loop
      vertex   1.713953e+01 -1.070217e+01 -1.893529e+01
      vertex   1.741705e+01 -1.070217e+01 -2.230023e+01
      vertex   1.696437e+01 -1.070217e+01 -1.887658e+01
    endloop
  endfacet
  facet normal -2.015181e-15 1.000000e+00 -8.568025e-15
    outer loop
      vertex   1.696437e+01 -1.070217e+01 -1.887658e+01
      vertex   1.741705e+01 -1.070217e+01 -2.230023e+01
      vertex   1.678455e+01 -1.070217e+01 -1.883428e+01
    endloop
  endfacet
  facet normal 1.875118e-14 1.000000e+00 -4.778369e-15
    outer loop
      vertex   1.678455e+01 -1.070217e+01 -1.883428e+01
      vertex   1.741705e+01 -1.070217e+01 -2.230023e+01
      vertex   1.660158e+01 -1.070217e+01 -1.880876e+01
    endloop
  endfacet
  facet normal -1.755880e-13 1.000000e+00 -5.016801e-14
    outer loop
      vertex   1.660158e+01 -1.070217e+01 -1.880876e+01
      vertex   1.741705e+01 -1.070217e+01 -2.230023e+01
      vertex   1.641705e+01 -1.070217e+01 -1.880023e+01
    endloop
  endfacet
  facet normal 0.000000e+00 1.000000e+00 0.000000e+00
    outer loop
      vertex   1.641705e+01 -1.070217e+01 -1.880023e+01
      vertex   1.741705e+01 -1.070217e+01 -2.230023e+01
      vertex   1.031705e+01 -1.070217e+01 -2.230023e+01
    endloop
  endfacet
  facet normal 0.000000e+00 1.000000e+00 0.000000e+00
    outer loop
      vertex   1.641705e+01 -1.070217e+01 -1.880023e+01
      vertex   1.031705e+01 -1.070217e+01 -2.230023e+01
      vertex   1.031705e+01 -1.070217e+01 -1.880023e+01
    endloop
  endfacet
  facet normal -9.989330e-01 0.000000e+00 4.618346e-02
    outer loop
      vertex   -2.392242e+01 -2.260217e+01 -2.061569e+01
      vertex   -2.392242e+01 -1.863550e+01 -2.061569e+01
      vertex   -2.393095e+01 -2.260217e+01 -2.080023e+01
    endloop
  endfacet
  facet normal -9.989330e-01 4.917931e-20 4.618346e-02
    outer loop
      vertex   -2.393095e+01 -2.260217e+01 -2.080023e+01
      vertex   -2.392242e+01 -1.863550e+01 -2.061569e+01
      vertex   -2.392242e+01 -1.466884e+01 -2.061569e+01
    endloop
  endfacet
  facet normal -9.989330e-01 5.964576e-16 4.618346e-02
    outer loop
      vertex   -2.393095e+01 -2.260217e+01 -2.080023e+01
      vertex   -2.392242e+01 -1.466884e+01 -2.061569e+01
      vertex   -2.393095e+01 -1.070217e+01 -2.080023e+01
    endloop
  endfacet
  facet normal -9.989330e-01 7.900590e-20 4.618346e-02
    outer loop
      vertex   -2.393095e+01 -1.070217e+01 -2.080023e+01
      vertex   -2.392242e+01 -1.466884e+01 -2.061569e+01
      vertex   -2.392242e+01 -1.070217e+01 -2.061569e+01
    endloop
  endfacet
  facet normal -9.904104e-01 0.000000e+00 1.381564e-01
    outer loop
      vertex   -2.392242e+01 -1.070217e+01 -2.061569e+01
      vertex   -2.392242e+01 -1.466884e+01 -2.061569e+01
      vertex   -2.389690e+01 -1.070217e+01 -2.043273e+01
    endloop
  endfacet
  facet normal -9.904104e-01 0.000000e+00 1.381564e-01
    outer loop
      vertex   -2.389690e+01 -1.070217e+01 -2.043273e+01
      vertex   -2.392242e+01 -1.466884e+01 -2.061569e+01
      vertex   -2.389690e+01 -1.466884e+01 -2.043273e+01
    endloop
  endfacet
  facet normal -9.734381e-01 0.000000e+00 2.289505e-01
    outer loop
      vertex   -2.389690e+01 -1.070217e+01 -2.043273e+01
      vertex   -2.389690e+01 -1.466884e+01 -2.043273e+01
      vertex   -2.385460e+01 -1.070217e+01 -2.025290e+01
    endloop
  endfacet
  facet normal -9.734381e-01 0.000000e+00 2.289505e-01
    outer loop
      vertex   -2.385460e+01 -1.070217e+01 -2.025290e+01
      vertex   -2.389690e+01 -1.466884e+01 -2.043273e+01
      vertex   -2.385460e+01 -1.466884e+01 -2.025290e+01
    endloop
  endfacet
  facet normal -9.481606e-01 0.000000e+00 3.177914e-01
    outer loop
      vertex   -2.385460e+01 -1.070217e+01 -2.025290e+01
      vertex   -2.385460e+01 -1.466884e+01 -2.025290e+01
      vertex   -2.379590e+01 -1.070217e+01 -2.007775e+01
    endloop
  endfacet
  facet normal -9.481606e-01 0.000000e+00 3.177914e-01
    outer loop
      vertex   -2.379590e+01 -1.070217e+01 -2.007775e+01
      vertex   -2.385460e+01 -1.466884e+01 -2.025290e+01
      vertex   -2.379590e+01 -1.466884e+01 -2.007775e+01
    endloop
  endfacet
  facet normal -9.147939e-01 0.000000e+00 4.039210e-01
    outer loop
      vertex   -2.379590e+01 -1.070217e+01 -2.007775e+01
      vertex   -2.379590e+01 -1.466884e+01 -2.007775e+01
      vertex   -2.372128e+01 -1.070217e+01 -1.990875e+01
    endloop
  endfacet
  facet normal -9.147939e-01 0.000000e+00 4.039210e-01
    outer loop
      vertex   -2.372128e+01 -1.070217e+01 -1.990875e+01
      vertex   -2.379590e+01 -1.466884e+01 -2.007775e+01
      vertex   -2.372128e+01 -1.466884e+01 -1.990875e+01
    endloop
  endfacet
  facet normal -8.736224e-01 0.000000e+00 4.866045e-01
    outer loop
      vertex   -2.372128e+01 -1.070217e+01 -1.990875e+01
      vertex   -2.372128e+01 -1.466884e+01 -1.990875e+01
      vertex   -2.363139e+01 -1.070217e+01 -1.974737e+01
    endloop
  endfacet
  facet normal -8.736224e-01 4.358235e-16 4.866045e-01
    outer loop
      vertex   -2.363139e+01 -1.070217e+01 -1.974737e+01
      vertex   -2.372128e+01 -1.466884e+01 -1.990875e+01
      vertex   -2.363139e+01 -1.466884e+01 -1.974737e+01
    endloop
  endfacet
  facet normal -8.249975e-01 5.061600e-16 5.651364e-01
    outer loop
      vertex   -2.363139e+01 -1.070217e+01 -1.974737e+01
      vertex   -2.363139e+01 -1.466884e+01 -1.974737e+01
      vertex   -2.352699e+01 -1.070217e+01 -1.959496e+01
    endloop
  endfacet
  facet normal -8.249975e-01 -5.061600e-16 5.651364e-01
    outer loop
      vertex   -2.352699e+01 -1.070217e+01 -1.959496e+01
      vertex   -2.363139e+01 -1.466884e+01 -1.974737e+01
      vertex   -2.352699e+01 -1.466884e+01 -1.959496e+01
    endloop
  endfacet
  facet normal -7.693340e-01 -5.721781e-16 6.388468e-01
    outer loop
      vertex   -2.352699e+01 -1.070217e+01 -1.959496e+01
      vertex   -2.352699e+01 -1.466884e+01 -1.959496e+01
      vertex   -2.340897e+01 -1.070217e+01 -1.945284e+01
    endloop
  endfacet
  facet normal -7.693340e-01 0.000000e+00 6.388468e-01
    outer loop
      vertex   -2.340897e+01 -1.070217e+01 -1.945284e+01
      vertex   -2.352699e+01 -1.466884e+01 -1.959496e+01
      vertex   -2.340897e+01 -1.466884e+01 -1.945284e+01
    endloop
  endfacet
  facet normal -7.071068e-01 0.000000e+00 7.071068e-01
    outer loop
      vertex   -2.340897e+01 -1.070217e+01 -1.945284e+01
      vertex   -2.340897e+01 -1.466884e+01 -1.945284e+01
      vertex   -2.327834e+01 -1.070217e+01 -1.932221e+01
    endloop
  endfacet
  facet normal -7.071068e-01 0.000000e+00 7.071068e-01
    outer loop
      vertex   -2.327834e+01 -1.070217e+01 -1.932221e+01
      vertex   -2.340897e+01 -1.466884e+01 -1.945284e+01
      vertex   -2.327834e+01 -1.466884e+01 -1.932221e+01
    endloop
  endfacet
  facet normal -6.388468e-01 0.000000e+00 7.693340e-01
    outer loop
      vertex   -2.327834e+01 -1.070217e+01 -1.932221e+01
      vertex   -2.327834e+01 -1.466884e+01 -1.932221e+01
      vertex   -2.313622e+01 -1.070217e+01 -1.920420e+01
    endloop
  endfacet
  facet normal -6.388468e-01 0.000000e+00 7.693340e-01
    outer loop
      vertex   -2.313622e+01 -1.070217e+01 -1.920420e+01
      vertex   -2.327834e+01 -1.466884e+01 -1.932221e+01
      vertex   -2.313622e+01 -1.466884e+01 -1.920420e+01
    endloop
  endfacet
  facet normal -5.651364e-01 0.000000e+00 8.249975e-01
    outer loop
      vertex   -2.313622e+01 -1.070217e+01 -1.920420e+01
      vertex   -2.313622e+01 -1.466884e+01 -1.920420e+01
      vertex   -2.298382e+01 -1.070217e+01 -1.909980e+01
    endloop
  endfacet
  facet normal -5.651364e-01 0.000000e+00 8.249975e-01
    outer loop
      vertex   -2.298382e+01 -1.070217e+01 -1.909980e+01
      vertex   -2.313622e+01 -1.466884e+01 -1.920420e+01
      vertex   -2.298382e+01 -1.466884e+01 -1.909980e+01
    endloop
  endfacet
  facet normal -4.866045e-01 0.000000e+00 8.736224e-01
    outer loop
      vertex   -2.298382e+01 -1.070217e+01 -1.909980e+01
      vertex   -2.298382e+01 -1.466884e+01 -1.909980e+01
      vertex   -2.282243e+01 -1.070217e+01 -1.900990e+01
    endloop
  endfacet
  facet normal -4.866045e-01 7.824530e-16 8.736224e-01
    outer loop
      vertex   -2.282243e+01 -1.070217e+01 -1.900990e+01
      vertex   -2.298382e+01 -1.466884e+01 -1.909980e+01
      vertex   -2.282243e+01 -1.466884e+01 -1.900990e+01
    endloop
  endfacet
  facet normal -4.039210e-01 8.193279e-16 9.147939e-01
    outer loop
      vertex   -2.282243e+01 -1.070217e+01 -1.900990e+01
      vertex   -2.282243e+01 -1.466884e+01 -1.900990e+01
      vertex   -2.265344e+01 -1.070217e+01 -1.893529e+01
    endloop
  endfacet
  facet normal -4.039210e-01 0.000000e+00 9.147939e-01
    outer loop
      vertex   -2.265344e+01 -1.070217e+01 -1.893529e+01
      vertex   -2.282243e+01 -1.466884e+01 -1.900990e+01
      vertex   -2.265344e+01 -1.466884e+01 -1.893529e+01
    endloop
  endfacet
  facet normal -3.177914e-01 0.000000e+00 9.481606e-01
    outer loop
      vertex   -2.265344e+01 -1.070217e+01 -1.893529e+01
      vertex   -2.265344e+01 -1.466884e+01 -1.893529e+01
      vertex   -2.247828e+01 -1.070217e+01 -1.887658e+01
    endloop
  endfacet
  facet normal -3.177914e-01 0.000000e+00 9.481606e-01
    outer loop
      vertex   -2.247828e+01 -1.070217e+01 -1.887658e+01
      vertex   -2.265344e+01 -1.466884e+01 -1.893529e+01
      vertex   -2.247828e+01 -1.466884e+01 -1.887658e+01
    endloop
  endfacet
  facet normal -2.289505e-01 0.000000e+00 9.734381e-01
    outer loop
      vertex   -2.247828e+01 -1.070217e+01 -1.887658e+01
      vertex   -2.247828e+01 -1.466884e+01 -1.887658e+01
      vertex   -2.229845e+01 -1.070217e+01 -1.883428e+01
    endloop
  endfacet
  facet normal -2.289505e-01 -8.718521e-16 9.734381e-01
    outer loop
      vertex   -2.229845e+01 -1.070217e+01 -1.883428e+01
      vertex   -2.247828e+01 -1.466884e+01 -1.887658e+01
      vertex   -2.229845e+01 -1.466884e+01 -1.883428e+01
    endloop
  endfacet
  facet normal -1.381564e-01 -8.870533e-16 9.904104e-01
    outer loop
      vertex   -2.229845e+01 -1.070217e+01 -1.883428e+01
      vertex   -2.229845e+01 -1.466884e+01 -1.883428e+01
      vertex   -2.211549e+01 -1.070217e+01 -1.880876e+01
    endloop
  endfacet
  facet normal -1.381564e-01 0.000000e+00 9.904104e-01
    outer loop
      vertex   -2.211549e+01 -1.070217e+01 -1.880876e+01
      vertex   -2.229845e+01 -1.466884e+01 -1.883428e+01
      vertex   -2.211549e+01 -1.466884e+01 -1.880876e+01
    endloop
  endfacet
  facet normal -4.618346e-02 0.000000e+00 9.989330e-01
    outer loop
      vertex   -2.211549e+01 -1.070217e+01 -1.880876e+01
      vertex   -2.211549e+01 -1.466884e+01 -1.880876e+01
      vertex   -2.193095e+01 -1.070217e+01 -1.880023e+01
    endloop
  endfacet
  facet normal -4.618346e-02 -1.344807e-19 9.989330e-01
    outer loop
      vertex   -2.193095e+01 -1.070217e+01 -1.880023e+01
      vertex   -2.211549e+01 -1.466884e+01 -1.880876e+01
      vertex   -2.211549e+01 -1.863550e+01 -1.880876e+01
    endloop
  endfacet
  facet normal -4.618346e-02 0.000000e+00 9.989330e-01
    outer loop
      vertex   -2.193095e+01 -1.070217e+01 -1.880023e+01
      vertex   -2.211549e+01 -1.863550e+01 -1.880876e+01
      vertex   -2.193095e+01 -2.260217e+01 -1.880023e+01
    endloop
  endfacet
  facet normal -4.618346e-02 -1.344807e-19 9.989330e-01
    outer loop
      vertex   -2.193095e+01 -2.260217e+01 -1.880023e+01
      vertex   -2.211549e+01 -1.863550e+01 -1.880876e+01
      vertex   -2.211549e+01 -2.260217e+01 -1.880876e+01
    endloop
  endfacet
  facet normal -1.381564e-01 0.000000e+00 9.904104e-01
    outer loop
      vertex   -2.211549e+01 -2.260217e+01 -1.880876e+01
      vertex   -2.211549e+01 -1.863550e+01 -1.880876e+01
      vertex   -2.229845e+01 -2.260217e+01 -1.883428e+01
    endloop
  endfacet
  facet normal -1.381564e-01 8.870533e-16 9.904104e-01
    outer loop
      vertex   -2.229845e+01 -2.260217e+01 -1.883428e+01
      vertex   -2.211549e+01 -1.863550e+01 -1.880876e+01
      vertex   -2.229845e+01 -1.863550e+01 -1.883428e+01
    endloop
  endfacet
  facet normal -2.289505e-01 8.718521e-16 9.734381e-01
    outer loop
      vertex   -2.229845e+01 -2.260217e+01 -1.883428e+01
      vertex   -2.229845e+01 -1.863550e+01 -1.883428e+01
      vertex   -2.247828e+01 -2.260217e+01 -1.887658e+01
    endloop
  endfacet
  facet normal -2.289505e-01 0.000000e+00 9.734381e-01
    outer loop
      vertex   -2.247828e+01 -2.260217e+01 -1.887658e+01
      vertex   -2.229845e+01 -1.863550e+01 -1.883428e+01
      vertex   -2.247828e+01 -1.863550e+01 -1.887658e+01
    endloop
  endfacet
  facet normal -3.177914e-01 0.000000e+00 9.481606e-01
    outer loop
      vertex   -2.247828e+01 -2.260217e+01 -1.887658e+01
      vertex   -2.247828e+01 -1.863550e+01 -1.887658e+01
      vertex   -2.265344e+01 -2.260217e+01 -1.893529e+01
    endloop
  endfacet
  facet normal -3.177914e-01 0.000000e+00 9.481606e-01
    outer loop
      vertex   -2.265344e+01 -2.260217e+01 -1.893529e+01
      vertex   -2.247828e+01 -1.863550e+01 -1.887658e+01
      vertex   -2.265344e+01 -1.863550e+01 -1.893529e+01
    endloop
  endfacet
  facet normal -4.039210e-01 0.000000e+00 9.147939e-01
    outer loop
      vertex   -2.265344e+01 -2.260217e+01 -1.893529e+01
      vertex   -2.265344e+01 -1.863550e+01 -1.893529e+01
      vertex   -2.282243e+01 -2.260217e+01 -1.900990e+01
    endloop
  endfacet
  facet normal -4.039210e-01 -8.193279e-16 9.147939e-01
    outer loop
      vertex   -2.282243e+01 -2.260217e+01 -1.900990e+01
      vertex   -2.265344e+01 -1.863550e+01 -1.893529e+01
      vertex   -2.282243e+01 -1.863550e+01 -1.900990e+01
    endloop
  endfacet
  facet normal -4.866045e-01 -7.824530e-16 8.736224e-01
    outer loop
      vertex   -2.282243e+01 -2.260217e+01 -1.900990e+01
      vertex   -2.282243e+01 -1.863550e+01 -1.900990e+01
      vertex   -2.298382e+01 -2.260217e+01 -1.909980e+01
    endloop
  endfacet
  facet normal -4.866045e-01 0.000000e+00 8.736224e-01
    outer loop
      vertex   -2.298382e+01 -2.260217e+01 -1.909980e+01
      vertex   -2.282243e+01 -1.863550e+01 -1.900990e+01
      vertex   -2.298382e+01 -1.863550e+01 -1.909980e+01
    endloop
  endfacet
  facet normal -5.651364e-01 0.000000e+00 8.249975e-01
    outer loop
      vertex   -2.298382e+01 -2.260217e+01 -1.909980e+01
      vertex   -2.298382e+01 -1.863550e+01 -1.909980e+01
      vertex   -2.313622e+01 -2.260217e+01 -1.920420e+01
    endloop
  endfacet
  facet normal -5.651364e-01 0.000000e+00 8.249975e-01
    outer loop
      vertex   -2.313622e+01 -2.260217e+01 -1.920420e+01
      vertex   -2.298382e+01 -1.863550e+01 -1.909980e+01
      vertex   -2.313622e+01 -1.863550e+01 -1.920420e+01
    endloop
  endfacet
  facet normal -6.388468e-01 0.000000e+00 7.693340e-01
    outer loop
      vertex   -2.313622e+01 -2.260217e+01 -1.920420e+01
      vertex   -2.313622e+01 -1.863550e+01 -1.920420e+01
      vertex   -2.327834e+01 -2.260217e+01 -1.932221e+01
    endloop
  endfacet
  facet normal -6.388468e-01 0.000000e+00 7.693340e-01
    outer loop
      vertex   -2.327834e+01 -2.260217e+01 -1.932221e+01
      vertex   -2.313622e+01 -1.863550e+01 -1.920420e+01
      vertex   -2.327834e+01 -1.863550e+01 -1.932221e+01
    endloop
  endfacet
  facet normal -7.071068e-01 0.000000e+00 7.071068e-01
    outer loop
      vertex   -2.327834e+01 -2.260217e+01 -1.932221e+01
      vertex   -2.327834e+01 -1.863550e+01 -1.932221e+01
      vertex   -2.340897e+01 -2.260217e+01 -1.945284e+01
    endloop
  endfacet
  facet normal -7.071068e-01 0.000000e+00 7.071068e-01
    outer loop
      vertex   -2.340897e+01 -2.260217e+01 -1.945284e+01
      vertex   -2.327834e+01 -1.863550e+01 -1.932221e+01
      vertex   -2.340897e+01 -1.863550e+01 -1.945284e+01
    endloop
  endfacet
  facet normal -7.693340e-01 0.000000e+00 6.388468e-01
    outer loop
      vertex   -2.340897e+01 -2.260217e+01 -1.945284e+01
      vertex   -2.340897e+01 -1.863550e+01 -1.945284e+01
      vertex   -2.352699e+01 -2.260217e+01 -1.959496e+01
    endloop
  endfacet
  facet normal -7.693340e-01 5.721781e-16 6.388468e-01
    outer loop
      vertex   -2.352699e+01 -2.260217e+01 -1.959496e+01
      vertex   -2.340897e+01 -1.863550e+01 -1.945284e+01
      vertex   -2.352699e+01 -1.863550e+01 -1.959496e+01
    endloop
  endfacet
  facet normal -8.249975e-01 5.061600e-16 5.651364e-01
    outer loop
      vertex   -2.352699e+01 -2.260217e+01 -1.959496e+01
      vertex   -2.352699e+01 -1.863550e+01 -1.959496e+01
      vertex   -2.363139e+01 -2.260217e+01 -1.974737e+01
    endloop
  endfacet
  facet normal -8.249975e-01 -5.061600e-16 5.651364e-01
    outer loop
      vertex   -2.363139e+01 -2.260217e+01 -1.974737e+01
      vertex   -2.352699e+01 -1.863550e+01 -1.959496e+01
      vertex   -2.363139e+01 -1.863550e+01 -1.974737e+01
    endloop
  endfacet
  facet normal -8.736224e-01 -4.358235e-16 4.866045e-01
    outer loop
      vertex   -2.363139e+01 -2.260217e+01 -1.974737e+01
      vertex   -2.363139e+01 -1.863550e+01 -1.974737e+01
      vertex   -2.372128e+01 -2.260217e+01 -1.990875e+01
    endloop
  endfacet
  facet normal -8.736224e-01 0.000000e+00 4.866045e-01
    outer loop
      vertex   -2.372128e+01 -2.260217e+01 -1.990875e+01
      vertex   -2.363139e+01 -1.863550e+01 -1.974737e+01
      vertex   -2.372128e+01 -1.863550e+01 -1.990875e+01
    endloop
  endfacet
  facet normal -9.147939e-01 0.000000e+00 4.039210e-01
    outer loop
      vertex   -2.372128e+01 -2.260217e+01 -1.990875e+01
      vertex   -2.372128e+01 -1.863550e+01 -1.990875e+01
      vertex   -2.379590e+01 -2.260217e+01 -2.007775e+01
    endloop
  endfacet
  facet normal -9.147939e-01 0.000000e+00 4.039210e-01
    outer loop
      vertex   -2.379590e+01 -2.260217e+01 -2.007775e+01
      vertex   -2.372128e+01 -1.863550e+01 -1.990875e+01
      vertex   -2.379590e+01 -1.863550e+01 -2.007775e+01
    endloop
  endfacet
  facet normal -9.481606e-01 0.000000e+00 3.177914e-01
    outer loop
      vertex   -2.379590e+01 -2.260217e+01 -2.007775e+01
      vertex   -2.379590e+01 -1.863550e+01 -2.007775e+01
      vertex   -2.385460e+01 -2.260217e+01 -2.025290e+01
    endloop
  endfacet
  facet normal -9.481606e-01 0.000000e+00 3.177914e-01
    outer loop
      vertex   -2.385460e+01 -2.260217e+01 -2.025290e+01
      vertex   -2.379590e+01 -1.863550e+01 -2.007775e+01
      vertex   -2.385460e+01 -1.863550e+01 -2.025290e+01
    endloop
  endfacet
  facet normal -9.734381e-01 0.000000e+00 2.289505e-01
    outer loop
      vertex   -2.385460e+01 -2.260217e+01 -2.025290e+01
      vertex   -2.385460e+01 -1.863550e+01 -2.025290e+01
      vertex   -2.389690e+01 -2.260217e+01 -2.043273e+01
    endloop
  endfacet
  facet normal -9.734381e-01 0.000000e+00 2.289505e-01
    outer loop
      vertex   -2.389690e+01 -2.260217e+01 -2.043273e+01
      vertex   -2.385460e+01 -1.863550e+01 -2.025290e+01
      vertex   -2.389690e+01 -1.863550e+01 -2.043273e+01
    endloop
  endfacet
  facet normal -9.904104e-01 0.000000e+00 1.381564e-01
    outer loop
      vertex   -2.389690e+01 -2.260217e+01 -2.043273e+01
      vertex   -2.389690e+01 -1.863550e+01 -2.043273e+01
      vertex   -2.392242e+01 -2.260217e+01 -2.061569e+01
    endloop
  endfacet
  facet normal -9.904104e-01 0.000000e+00 1.381564e-01
    outer loop
      vertex   -2.392242e+01 -2.260217e+01 -2.061569e+01
      vertex   -2.389690e+01 -1.863550e+01 -2.043273e+01
      vertex   -2.392242e+01 -1.863550e+01 -2.061569e+01
    endloop
  endfacet
  facet normal -9.904104e-01 3.488021e-19 1.381564e-01
    outer loop
      vertex   -2.389690e+01 -1.466884e+01 -2.043273e+01
      vertex   -2.392242e+01 -1.466884e+01 -2.061569e+01
      vertex   -2.392242e+01 -1.863550e+01 -2.061569e+01
    endloop
  endfacet
  facet normal -9.904104e-01 -1.237386e-16 1.381564e-01
    outer loop
      vertex   -2.389690e+01 -1.466884e+01 -2.043273e+01
      vertex   -2.392242e+01 -1.863550e+01 -2.061569e+01
      vertex   -2.389690e+01 -1.863550e+01 -2.043273e+01
    endloop
  endfacet
  facet normal -9.734381e-01 -2.053613e-16 2.289505e-01
    outer loop
      vertex   -2.385460e+01 -1.466884e+01 -2.025290e+01
      vertex   -2.389690e+01 -1.466884e+01 -2.043273e+01
      vertex   -2.389690e+01 -1.863550e+01 -2.043273e+01
    endloop
  endfacet
  facet normal -9.734381e-01 0.000000e+00 2.289505e-01
    outer loop
      vertex   -2.385460e+01 -1.466884e+01 -2.025290e+01
      vertex   -2.389690e+01 -1.863550e+01 -2.043273e+01
      vertex   -2.385460e+01 -1.863550e+01 -2.025290e+01
    endloop
  endfacet
  facet normal -9.481606e-01 6.011591e-20 3.177914e-01
    outer loop
      vertex   -2.379590e+01 -1.466884e+01 -2.007775e+01
      vertex   -2.385460e+01 -1.466884e+01 -2.025290e+01
      vertex   -2.385460e+01 -1.863550e+01 -2.025290e+01
    endloop
  endfacet
  facet normal -9.481606e-01 0.000000e+00 3.177914e-01
    outer loop
      vertex   -2.379590e+01 -1.466884e+01 -2.007775e+01
      vertex   -2.385460e+01 -1.863550e+01 -2.025290e+01
      vertex   -2.379590e+01 -1.863550e+01 -2.007775e+01
    endloop
  endfacet
  facet normal -9.147939e-01 -9.541008e-19 4.039210e-01
    outer loop
      vertex   -2.372128e+01 -1.466884e+01 -1.990875e+01
      vertex   -2.379590e+01 -1.466884e+01 -2.007775e+01
      vertex   -2.379590e+01 -1.863550e+01 -2.007775e+01
    endloop
  endfacet
  facet normal -9.147939e-01 0.000000e+00 4.039210e-01
    outer loop
      vertex   -2.372128e+01 -1.466884e+01 -1.990875e+01
      vertex   -2.379590e+01 -1.863550e+01 -2.007775e+01
      vertex   -2.372128e+01 -1.863550e+01 -1.990875e+01
    endloop
  endfacet
  facet normal -8.736224e-01 1.126840e-18 4.866045e-01
    outer loop
      vertex   -2.363139e+01 -1.466884e+01 -1.974737e+01
      vertex   -2.372128e+01 -1.466884e+01 -1.990875e+01
      vertex   -2.372128e+01 -1.863550e+01 -1.990875e+01
    endloop
  endfacet
  facet normal -8.736224e-01 0.000000e+00 4.866045e-01
    outer loop
      vertex   -2.363139e+01 -1.466884e+01 -1.974737e+01
      vertex   -2.372128e+01 -1.863550e+01 -1.990875e+01
      vertex   -2.363139e+01 -1.863550e+01 -1.974737e+01
    endloop
  endfacet
  facet normal -8.249975e-01 -1.770533e-18 5.651364e-01
    outer loop
      vertex   -2.352699e+01 -1.466884e+01 -1.959496e+01
      vertex   -2.363139e+01 -1.466884e+01 -1.974737e+01
      vertex   -2.363139e+01 -1.863550e+01 -1.974737e+01
    endloop
  endfacet
  facet normal -8.249975e-01 0.000000e+00 5.651364e-01
    outer loop
      vertex   -2.352699e+01 -1.466884e+01 -1.959496e+01
      vertex   -2.363139e+01 -1.863550e+01 -1.974737e+01
      vertex   -2.352699e+01 -1.863550e+01 -1.959496e+01
    endloop
  endfacet
  facet normal -7.693340e-01 -8.657835e-19 6.388468e-01
    outer loop
      vertex   -2.340897e+01 -1.466884e+01 -1.945284e+01
      vertex   -2.352699e+01 -1.466884e+01 -1.959496e+01
      vertex   -2.352699e+01 -1.863550e+01 -1.959496e+01
    endloop
  endfacet
  facet normal -7.693340e-01 0.000000e+00 6.388468e-01
    outer loop
      vertex   -2.340897e+01 -1.466884e+01 -1.945284e+01
      vertex   -2.352699e+01 -1.863550e+01 -1.959496e+01
      vertex   -2.340897e+01 -1.863550e+01 -1.945284e+01
    endloop
  endfacet
  facet normal -7.071068e-01 1.181100e-18 7.071068e-01
    outer loop
      vertex   -2.327834e+01 -1.466884e+01 -1.932221e+01
      vertex   -2.340897e+01 -1.466884e+01 -1.945284e+01
      vertex   -2.340897e+01 -1.863550e+01 -1.945284e+01
    endloop
  endfacet
  facet normal -7.071068e-01 -6.333146e-16 7.071068e-01
    outer loop
      vertex   -2.327834e+01 -1.466884e+01 -1.932221e+01
      vertex   -2.340897e+01 -1.863550e+01 -1.945284e+01
      vertex   -2.327834e+01 -1.863550e+01 -1.932221e+01
    endloop
  endfacet
  facet normal -6.388468e-01 -6.892745e-16 7.693340e-01
    outer loop
      vertex   -2.313622e+01 -1.466884e+01 -1.920420e+01
      vertex   -2.327834e+01 -1.466884e+01 -1.932221e+01
      vertex   -2.327834e+01 -1.863550e+01 -1.932221e+01
    endloop
  endfacet
  facet normal -6.388468e-01 0.000000e+00 7.693340e-01
    outer loop
      vertex   -2.313622e+01 -1.466884e+01 -1.920420e+01
      vertex   -2.327834e+01 -1.863550e+01 -1.932221e+01
      vertex   -2.313622e+01 -1.863550e+01 -1.920420e+01
    endloop
  endfacet
  facet normal -5.651364e-01 8.950537e-19 8.249975e-01
    outer loop
      vertex   -2.298382e+01 -1.466884e+01 -1.909980e+01
      vertex   -2.313622e+01 -1.466884e+01 -1.920420e+01
      vertex   -2.313622e+01 -1.863550e+01 -1.920420e+01
    endloop
  endfacet
  facet normal -5.651364e-01 0.000000e+00 8.249975e-01
    outer loop
      vertex   -2.298382e+01 -1.466884e+01 -1.909980e+01
      vertex   -2.313622e+01 -1.863550e+01 -1.920420e+01
      vertex   -2.298382e+01 -1.863550e+01 -1.909980e+01
    endloop
  endfacet
  facet normal -4.866045e-01 7.503164e-19 8.736224e-01
    outer loop
      vertex   -2.282243e+01 -1.466884e+01 -1.900990e+01
      vertex   -2.298382e+01 -1.466884e+01 -1.909980e+01
      vertex   -2.298382e+01 -1.863550e+01 -1.909980e+01
    endloop
  endfacet
  facet normal -4.866045e-01 0.000000e+00 8.736224e-01
    outer loop
      vertex   -2.282243e+01 -1.466884e+01 -1.900990e+01
      vertex   -2.298382e+01 -1.863550e+01 -1.909980e+01
      vertex   -2.282243e+01 -1.863550e+01 -1.900990e+01
    endloop
  endfacet
  facet normal -4.039210e-01 -1.132334e-18 9.147939e-01
    outer loop
      vertex   -2.265344e+01 -1.466884e+01 -1.893529e+01
      vertex   -2.282243e+01 -1.466884e+01 -1.900990e+01
      vertex   -2.282243e+01 -1.863550e+01 -1.900990e+01
    endloop
  endfacet
  facet normal -4.039210e-01 0.000000e+00 9.147939e-01
    outer loop
      vertex   -2.265344e+01 -1.466884e+01 -1.893529e+01
      vertex   -2.282243e+01 -1.863550e+01 -1.900990e+01
      vertex   -2.265344e+01 -1.863550e+01 -1.893529e+01
    endloop
  endfacet
  facet normal -3.177914e-01 -8.383422e-19 9.481606e-01
    outer loop
      vertex   -2.247828e+01 -1.466884e+01 -1.887658e+01
      vertex   -2.265344e+01 -1.466884e+01 -1.893529e+01
      vertex   -2.265344e+01 -1.863550e+01 -1.893529e+01
    endloop
  endfacet
  facet normal -3.177914e-01 0.000000e+00 9.481606e-01
    outer loop
      vertex   -2.247828e+01 -1.466884e+01 -1.887658e+01
      vertex   -2.265344e+01 -1.863550e+01 -1.893529e+01
      vertex   -2.247828e+01 -1.863550e+01 -1.887658e+01
    endloop
  endfacet
  facet normal -2.289505e-01 -7.876295e-21 9.734381e-01
    outer loop
      vertex   -2.229845e+01 -1.466884e+01 -1.883428e+01
      vertex   -2.247828e+01 -1.466884e+01 -1.887658e+01
      vertex   -2.247828e+01 -1.863550e+01 -1.887658e+01
    endloop
  endfacet
  facet normal -2.289505e-01 0.000000e+00 9.734381e-01
    outer loop
      vertex   -2.229845e+01 -1.466884e+01 -1.883428e+01
      vertex   -2.247828e+01 -1.863550e+01 -1.887658e+01
      vertex   -2.229845e+01 -1.863550e+01 -1.883428e+01
    endloop
  endfacet
  facet normal -1.381564e-01 -2.567575e-19 9.904104e-01
    outer loop
      vertex   -2.211549e+01 -1.466884e+01 -1.880876e+01
      vertex   -2.229845e+01 -1.466884e+01 -1.883428e+01
      vertex   -2.229845e+01 -1.863550e+01 -1.883428e+01
    endloop
  endfacet
  facet normal -1.381564e-01 0.000000e+00 9.904104e-01
    outer loop
      vertex   -2.211549e+01 -1.466884e+01 -1.880876e+01
      vertex   -2.229845e+01 -1.863550e+01 -1.883428e+01
      vertex   -2.211549e+01 -1.863550e+01 -1.880876e+01
    endloop
  endfacet
  facet normal -1.000000e+00 -1.791284e-15 -5.417888e-13
    outer loop
      vertex   -2.393095e+01 -2.260217e+01 -2.960023e+01
      vertex   -2.393095e+01 -2.260217e+01 -2.080023e+01
      vertex   -2.393095e+01 -1.070217e+01 -2.960023e+01
    endloop
  endfacet
  facet normal -1.000000e+00 5.970947e-16 -5.385591e-13
    outer loop
      vertex   -2.393095e+01 -1.070217e+01 -2.960023e+01
      vertex   -2.393095e+01 -2.260217e+01 -2.080023e+01
      vertex   -2.393095e+01 -1.070217e+01 -2.080023e+01
    endloop
  endfacet
  facet normal 1.659252e-13 -0.000000e+00 1.000000e+00
    outer loop
      vertex   -2.193095e+01 -2.260217e+01 -1.880023e+01
      vertex   -7.092757e+00 -1.464595e+01 -1.880023e+01
      vertex   -2.193095e+01 -1.070217e+01 -1.880023e+01
    endloop
  endfacet
  facet normal 2.159002e-13 1.880276e-13 1.000000e+00
    outer loop
      vertex   -2.193095e+01 -1.070217e+01 -1.880023e+01
      vertex   -7.092757e+00 -1.464595e+01 -1.880023e+01
      vertex   -7.201294e+00 -1.452132e+01 -1.880023e+01
    endloop
  endfacet
  facet normal 2.037848e-13 1.413013e-13 1.000000e+00
    outer loop
      vertex   -2.193095e+01 -1.070217e+01 -1.880023e+01
      vertex   -7.201294e+00 -1.452132e+01 -1.880023e+01
      vertex   -7.295463e+00 -1.438551e+01 -1.880023e+01
    endloop
  endfacet
  facet normal -5.180655e-13 1.434654e-12 1.000000e+00
    outer loop
      vertex   1.641705e+01 -2.260217e+01 -1.880023e+01
      vertex   -5.893715e+00 -1.509488e+01 -1.880023e+01
      vertex   -2.193095e+01 -2.260217e+01 -1.880023e+01
    endloop
  endfacet
  facet normal -9.605546e-15 3.484714e-13 1.000000e+00
    outer loop
      vertex   -2.193095e+01 -2.260217e+01 -1.880023e+01
      vertex   -5.893715e+00 -1.509488e+01 -1.880023e+01
      vertex   -6.058915e+00 -1.509943e+01 -1.880023e+01
    endloop
  endfacet
  facet normal 2.313577e-14 2.792072e-13 1.000000e+00
    outer loop
      vertex   -2.193095e+01 -2.260217e+01 -1.880023e+01
      vertex   -6.058915e+00 -1.509943e+01 -1.880023e+01
      vertex   -6.223614e+00 -1.508578e+01 -1.880023e+01
    endloop
  endfacet
  facet normal -2.322179e-12 2.634465e-26 1.000000e+00
    outer loop
      vertex   1.641705e+01 -1.070217e+01 -1.880023e+01
      vertex   7.034139e+00 -1.467517e+01 -1.880023e+01
      vertex   1.641705e+01 -2.260217e+01 -1.880023e+01
    endloop
  endfacet
  facet normal -1.431395e-12 1.054390e-12 1.000000e+00
    outer loop
      vertex   1.641705e+01 -2.260217e+01 -1.880023e+01
      vertex   7.034139e+00 -1.467517e+01 -1.880023e+01
      vertex   6.909513e+00 -1.478371e+01 -1.880023e+01
    endloop
  endfacet
  facet normal -1.335307e-12 1.171236e-12 1.000000e+00
    outer loop
      vertex   1.641705e+01 -2.260217e+01 -1.880023e+01
      vertex   6.909513e+00 -1.478371e+01 -1.880023e+01
      vertex   6.773703e+00 -1.487788e+01 -1.880023e+01
    endloop
  endfacet
  facet normal -5.183467e-13 -7.880018e-12 1.000000e+00
    outer loop
      vertex   1.031705e+01 -1.070217e+01 -1.880023e+01
      vertex   7.287232e+00 -1.285000e+01 -1.880023e+01
      vertex   1.641705e+01 -1.070217e+01 -1.880023e+01
    endloop
  endfacet
  facet normal -2.180569e-12 -8.143781e-13 1.000000e+00
    outer loop
      vertex   1.641705e+01 -1.070217e+01 -1.880023e+01
      vertex   7.287232e+00 -1.285000e+01 -1.880023e+01
      vertex   7.361853e+00 -1.299746e+01 -1.880023e+01
    endloop
  endfacet
  facet normal -2.222609e-12 -6.485260e-13 1.000000e+00
    outer loop
      vertex   1.641705e+01 -1.070217e+01 -1.880023e+01
      vertex   7.361853e+00 -1.299746e+01 -1.880023e+01
      vertex   7.419801e+00 -1.315223e+01 -1.880023e+01
    endloop
  endfacet
  facet normal -4.354434e-12 0.000000e+00 1.000000e+00
    outer loop
      vertex   1.031705e+01 -9.702171e+00 -1.880023e+01
      vertex   5.905562e+00 -1.210228e+01 -1.880023e+01
      vertex   1.031705e+01 -1.070217e+01 -1.880023e+01
    endloop
  endfacet
  facet normal -5.159351e-13 -1.209442e-11 1.000000e+00
    outer loop
      vertex   1.031705e+01 -1.070217e+01 -1.880023e+01
      vertex   5.905562e+00 -1.210228e+01 -1.880023e+01
      vertex   6.070825e+00 -1.210228e+01 -1.880023e+01
    endloop
  endfacet
  facet normal -1.520496e-12 -9.047803e-12 1.000000e+00
    outer loop
      vertex   1.031705e+01 -1.070217e+01 -1.880023e+01
      vertex   6.070825e+00 -1.210228e+01 -1.880023e+01
      vertex   6.235085e+00 -1.212046e+01 -1.880023e+01
    endloop
  endfacet
  facet normal -5.181041e-13 -4.474195e-12 1.000000e+00
    outer loop
      vertex   -1.133095e+01 -9.702171e+00 -1.880023e+01
      vertex   -5.730018e+00 -1.212782e+01 -1.880023e+01
      vertex   1.031705e+01 -9.702171e+00 -1.880023e+01
    endloop
  endfacet
  facet normal 1.629155e-14 -8.009526e-12 1.000000e+00
    outer loop
      vertex   1.031705e+01 -9.702171e+00 -1.880023e+01
      vertex   -5.730018e+00 -1.212782e+01 -1.880023e+01
      vertex   5.741302e+00 -1.212046e+01 -1.880023e+01
    endloop
  endfacet
  facet normal 4.604186e-13 -8.849878e-12 1.000000e+00
    outer loop
      vertex   1.031705e+01 -9.702171e+00 -1.880023e+01
      vertex   5.741302e+00 -1.212046e+01 -1.880023e+01
      vertex   5.905562e+00 -1.210228e+01 -1.880023e+01
    endloop
  endfacet
  facet normal 1.509757e-12 3.552714e-15 1.000000e+00
    outer loop
      vertex   -1.133095e+01 -1.070217e+01 -1.880023e+01
      vertex   -6.058915e+00 -1.210057e+01 -1.880023e+01
      vertex   -1.133095e+01 -9.702171e+00 -1.880023e+01
    endloop
  endfacet
  facet normal -9.727459e-14 -3.528941e-12 1.000000e+00
    outer loop
      vertex   -1.133095e+01 -9.702171e+00 -1.880023e+01
      vertex   -6.058915e+00 -1.210057e+01 -1.880023e+01
      vertex   -5.893715e+00 -1.210512e+01 -1.880023e+01
    endloop
  endfacet
  facet normal -6.686210e-13 -4.821745e-12 1.000000e+00
    outer loop
      vertex   -1.133095e+01 -9.702171e+00 -1.880023e+01
      vertex   -5.893715e+00 -1.210512e+01 -1.880023e+01
      vertex   -5.730018e+00 -1.212782e+01 -1.880023e+01
    endloop
  endfacet
  facet normal -5.181599e-13 -3.635508e-12 1.000000e+00
    outer loop
      vertex   -2.193095e+01 -1.070217e+01 -1.880023e+01
      vertex   -7.508480e+00 -1.343499e+01 -1.880023e+01
      vertex   -1.133095e+01 -1.070217e+01 -1.880023e+01
    endloop
  endfacet
  facet normal 1.859186e-12 -3.102433e-13 1.000000e+00
    outer loop
      vertex   -1.133095e+01 -1.070217e+01 -1.880023e+01
      vertex   -7.508480e+00 -1.343499e+01 -1.880023e+01
      vertex   -7.481278e+00 -1.327198e+01 -1.880023e+01
    endloop
  endfacet
  facet normal 1.738183e-12 -4.915112e-13 1.000000e+00
    outer loop
      vertex   -1.133095e+01 -1.070217e+01 -1.880023e+01
      vertex   -7.481278e+00 -1.327198e+01 -1.880023e+01
      vertex   -7.436310e+00 -1.311295e+01 -1.880023e+01
    endloop
  endfacet
  facet normal -6.324240e-13 2.097173e-12 1.000000e+00
    outer loop
      vertex   6.153206e+00 -1.509090e+01 -1.880023e+01
      vertex   5.988193e+00 -1.510000e+01 -1.880023e+01
      vertex   1.641705e+01 -2.260217e+01 -1.880023e+01
    endloop
  endfacet
  facet normal -4.051119e-13 2.413162e-12 1.000000e+00
    outer loop
      vertex   1.641705e+01 -2.260217e+01 -1.880023e+01
      vertex   5.988193e+00 -1.510000e+01 -1.880023e+01
      vertex   5.823181e+00 -1.509090e+01 -1.880023e+01
    endloop
  endfacet
  facet normal 6.563206e-15 2.993786e-12 1.000000e+00
    outer loop
      vertex   1.641705e+01 -2.260217e+01 -1.880023e+01
      vertex   5.823181e+00 -1.509090e+01 -1.880023e+01
      vertex   -5.893715e+00 -1.509488e+01 -1.880023e+01
    endloop
  endfacet
  facet normal 7.598940e-15 -5.479958e-14 1.000000e+00
    outer loop
      vertex   -5.893715e+00 -1.509488e+01 -1.880023e+01
      vertex   5.823181e+00 -1.509090e+01 -1.880023e+01
      vertex   -5.730018e+00 -1.507218e+01 -1.880023e+01
    endloop
  endfacet
  facet normal 1.267794e-14 3.079948e-12 1.000000e+00
    outer loop
      vertex   -5.730018e+00 -1.507218e+01 -1.880023e+01
      vertex   5.823181e+00 -1.509090e+01 -1.880023e+01
      vertex   5.660172e+00 -1.506369e+01 -1.880023e+01
    endloop
  endfacet
  facet normal 1.501584e-14 -5.929621e-14 1.000000e+00
    outer loop
      vertex   -5.730018e+00 -1.507218e+01 -1.880023e+01
      vertex   5.660172e+00 -1.506369e+01 -1.880023e+01
      vertex   -5.569811e+00 -1.503161e+01 -1.880023e+01
    endloop
  endfacet
  facet normal 2.058519e-14 1.889892e-12 1.000000e+00
    outer loop
      vertex   -5.569811e+00 -1.503161e+01 -1.880023e+01
      vertex   5.660172e+00 -1.506369e+01 -1.880023e+01
      vertex   5.501144e+00 -1.501873e+01 -1.880023e+01
    endloop
  endfacet
  facet normal 2.285521e-14 -6.104355e-14 1.000000e+00
    outer loop
      vertex   -5.569811e+00 -1.503161e+01 -1.880023e+01
      vertex   5.501144e+00 -1.501873e+01 -1.880023e+01
      vertex   -5.415041e+00 -1.497366e+01 -1.880023e+01
    endloop
  endfacet
  facet normal 2.858623e-14 1.327167e-12 1.000000e+00
    outer loop
      vertex   -5.415041e+00 -1.497366e+01 -1.880023e+01
      vertex   5.501144e+00 -1.501873e+01 -1.880023e+01
      vertex   5.348029e+00 -1.495654e+01 -1.880023e+01
    endloop
  endfacet
  facet normal 3.079460e-14 -6.085179e-14 1.000000e+00
    outer loop
      vertex   -5.415041e+00 -1.497366e+01 -1.880023e+01
      vertex   5.348029e+00 -1.495654e+01 -1.880023e+01
      vertex   -5.267584e+00 -1.489904e+01 -1.880023e+01
    endloop
  endfacet
  facet normal 3.687537e-14 1.061822e-12 1.000000e+00
    outer loop
      vertex   -5.267584e+00 -1.489904e+01 -1.880023e+01
      vertex   5.348029e+00 -1.495654e+01 -1.880023e+01
      vertex   5.202684e+00 -1.487788e+01 -1.880023e+01
    endloop
  endfacet
  facet normal 3.914224e-14 -5.991166e-14 1.000000e+00
    outer loop
      vertex   -5.267584e+00 -1.489904e+01 -1.880023e+01
      vertex   5.202684e+00 -1.487788e+01 -1.880023e+01
      vertex   -5.129231e+00 -1.480865e+01 -1.880023e+01
    endloop
  endfacet
  facet normal 4.503491e-14 8.194946e-13 1.000000e+00
    outer loop
      vertex   -5.129231e+00 -1.480865e+01 -1.880023e+01
      vertex   5.202684e+00 -1.487788e+01 -1.880023e+01
      vertex   5.066874e+00 -1.478371e+01 -1.880023e+01
    endloop
  endfacet
  facet normal 4.717928e-14 -5.728663e-14 1.000000e+00
    outer loop
      vertex   -5.129231e+00 -1.480865e+01 -1.880023e+01
      vertex   5.066874e+00 -1.478371e+01 -1.880023e+01
      vertex   -5.001661e+00 -1.470359e+01 -1.880023e+01
    endloop
  endfacet
  facet normal 5.280643e-14 6.498237e-13 1.000000e+00
    outer loop
      vertex   -5.001661e+00 -1.470359e+01 -1.880023e+01
      vertex   5.066874e+00 -1.478371e+01 -1.880023e+01
      vertex   4.942248e+00 -1.467517e+01 -1.880023e+01
    endloop
  endfacet
  facet normal 5.481549e-14 -5.332533e-14 1.000000e+00
    outer loop
      vertex   -5.001661e+00 -1.470359e+01 -1.880023e+01
      vertex   4.942248e+00 -1.467517e+01 -1.880023e+01
      vertex   -4.886424e+00 -1.458513e+01 -1.880023e+01
    endloop
  endfacet
  facet normal 6.009394e-14 5.228283e-13 1.000000e+00
    outer loop
      vertex   -4.886424e+00 -1.458513e+01 -1.880023e+01
      vertex   4.942248e+00 -1.467517e+01 -1.880023e+01
      vertex   4.830318e+00 -1.455359e+01 -1.880023e+01
    endloop
  endfacet
  facet normal 6.194766e-14 -4.821580e-14 1.000000e+00
    outer loop
      vertex   -4.886424e+00 -1.458513e+01 -1.880023e+01
      vertex   4.830318e+00 -1.455359e+01 -1.880023e+01
      vertex   -4.784917e+00 -1.445471e+01 -1.880023e+01
    endloop
  endfacet
  facet normal 6.678907e-14 4.226008e-13 1.000000e+00
    outer loop
      vertex   -4.784917e+00 -1.445471e+01 -1.880023e+01
      vertex   4.830318e+00 -1.455359e+01 -1.880023e+01
      vertex   4.732444e+00 -1.442042e+01 -1.880023e+01
    endloop
  endfacet
  facet normal 6.846327e-14 -4.208422e-14 1.000000e+00
    outer loop
      vertex   -4.784917e+00 -1.445471e+01 -1.880023e+01
      vertex   4.732444e+00 -1.442042e+01 -1.880023e+01
      vertex   -4.698373e+00 -1.431392e+01 -1.880023e+01
    endloop
  endfacet
  facet normal 7.277690e-14 3.398930e-13 1.000000e+00
    outer loop
      vertex   -4.698373e+00 -1.431392e+01 -1.880023e+01
      vertex   4.732444e+00 -1.442042e+01 -1.880023e+01
      vertex   4.649812e+00 -1.427730e+01 -1.880023e+01
    endloop
  endfacet
  facet normal 7.424567e-14 -3.503738e-14 1.000000e+00
    outer loop
      vertex   -4.698373e+00 -1.431392e+01 -1.880023e+01
      vertex   4.649812e+00 -1.427730e+01 -1.880023e+01
      vertex   -4.627843e+00 -1.416446e+01 -1.880023e+01
    endloop
  endfacet
  facet normal 7.794260e-14 2.689335e-13 1.000000e+00
    outer loop
      vertex   -4.627843e+00 -1.416446e+01 -1.880023e+01
      vertex   4.649812e+00 -1.427730e+01 -1.880023e+01
      vertex   4.583427e+00 -1.412596e+01 -1.880023e+01
    endloop
  endfacet
  facet normal 7.918052e-14 -2.718271e-14 1.000000e+00
    outer loop
      vertex   -4.627843e+00 -1.416446e+01 -1.880023e+01
      vertex   4.583427e+00 -1.412596e+01 -1.880023e+01
      vertex   -4.574182e+00 -1.400816e+01 -1.880023e+01
    endloop
  endfacet
  facet normal 8.188789e-14 1.832826e-13 1.000000e+00
    outer loop
      vertex   -4.574182e+00 -1.400816e+01 -1.880023e+01
      vertex   4.583427e+00 -1.412596e+01 -1.880023e+01
      vertex   4.534093e+00 -1.396823e+01 -1.880023e+01
    endloop
  endfacet
  facet normal 8.277264e-14 -1.854978e-14 1.000000e+00
    outer loop
      vertex   -4.574182e+00 -1.400816e+01 -1.880023e+01
      vertex   4.534093e+00 -1.396823e+01 -1.880023e+01
      vertex   -4.538042e+00 -1.384689e+01 -1.880023e+01
    endloop
  endfacet
  facet normal 8.470679e-14 1.260640e-13 1.000000e+00
    outer loop
      vertex   -4.538042e+00 -1.384689e+01 -1.880023e+01
      vertex   4.534093e+00 -1.396823e+01 -1.880023e+01
      vertex   4.502410e+00 -1.380603e+01 -1.880023e+01
    endloop
  endfacet
  facet normal 8.531927e-14 -9.443134e-15 1.000000e+00
    outer loop
      vertex   -4.538042e+00 -1.384689e+01 -1.880023e+01
      vertex   4.502410e+00 -1.380603e+01 -1.880023e+01
      vertex   -4.519861e+00 -1.368263e+01 -1.880023e+01
    endloop
  endfacet
  facet normal 8.613610e-14 5.027938e-14 1.000000e+00
    outer loop
      vertex   -4.519861e+00 -1.368263e+01 -1.880023e+01
      vertex   4.502410e+00 -1.380603e+01 -1.880023e+01
      vertex   4.488763e+00 -1.364133e+01 -1.880023e+01
    endloop
  endfacet
  facet normal 8.636660e-14 -0.000000e+00 1.000000e+00
    outer loop
      vertex   -4.519861e+00 -1.368263e+01 -1.880023e+01
      vertex   4.488763e+00 -1.364133e+01 -1.880023e+01
      vertex   -4.519861e+00 -1.351737e+01 -1.880023e+01
    endloop
  endfacet
  facet normal 8.603804e-14 -2.387708e-14 1.000000e+00
    outer loop
      vertex   -4.519861e+00 -1.351737e+01 -1.880023e+01
      vertex   4.488763e+00 -1.364133e+01 -1.880023e+01
      vertex   4.493317e+00 -1.347613e+01 -1.880023e+01
    endloop
  endfacet
  facet normal 8.588531e-14 9.505784e-15 1.000000e+00
    outer loop
      vertex   -4.519861e+00 -1.351737e+01 -1.880023e+01
      vertex   4.493317e+00 -1.347613e+01 -1.880023e+01
      vertex   -4.538042e+00 -1.335311e+01 -1.880023e+01
    endloop
  endfacet
  facet normal 8.470892e-14 -7.685539e-14 1.000000e+00
    outer loop
      vertex   -4.538042e+00 -1.335311e+01 -1.880023e+01
      vertex   4.493317e+00 -1.347613e+01 -1.880023e+01
      vertex   4.516016e+00 -1.331243e+01 -1.880023e+01
    endloop
  endfacet
  facet normal 8.427881e-14 1.888732e-14 1.000000e+00
    outer loop
      vertex   -4.538042e+00 -1.335311e+01 -1.880023e+01
      vertex   4.516016e+00 -1.331243e+01 -1.880023e+01
      vertex   -4.574182e+00 -1.319184e+01 -1.880023e+01
    endloop
  endfacet
  facet normal 8.198773e-14 -1.538173e-13 1.000000e+00
    outer loop
      vertex   -4.574182e+00 -1.319184e+01 -1.880023e+01
      vertex   4.516016e+00 -1.331243e+01 -1.880023e+01
      vertex   4.556586e+00 -1.315223e+01 -1.880023e+01
    endloop
  endfacet
  facet normal 8.119939e-14 2.787579e-14 1.000000e+00
    outer loop
      vertex   -4.574182e+00 -1.319184e+01 -1.880023e+01
      vertex   4.556586e+00 -1.315223e+01 -1.880023e+01
      vertex   -4.627843e+00 -1.303554e+01 -1.880023e+01
    endloop
  endfacet
  facet normal 7.814032e-14 -2.128937e-13 1.000000e+00
    outer loop
      vertex   -4.627843e+00 -1.303554e+01 -1.880023e+01
      vertex   4.556586e+00 -1.315223e+01 -1.880023e+01
      vertex   4.614533e+00 -1.299746e+01 -1.880023e+01
    endloop
  endfacet
  facet normal 7.711326e-14 3.639062e-14 1.000000e+00
    outer loop
      vertex   -4.627843e+00 -1.303554e+01 -1.880023e+01
      vertex   4.614533e+00 -1.299746e+01 -1.880023e+01
      vertex   -4.698373e+00 -1.288608e+01 -1.880023e+01
    endloop
  endfacet
  facet normal 7.277984e-14 -3.259498e-13 1.000000e+00
    outer loop
      vertex   -4.698373e+00 -1.288608e+01 -1.880023e+01
      vertex   4.614533e+00 -1.299746e+01 -1.880023e+01
      vertex   4.689155e+00 -1.285000e+01 -1.880023e+01
    endloop
  endfacet
  facet normal 7.135854e-14 4.386393e-14 1.000000e+00
    outer loop
      vertex   -4.698373e+00 -1.288608e+01 -1.880023e+01
      vertex   4.689155e+00 -1.285000e+01 -1.880023e+01
      vertex   -4.784917e+00 -1.274529e+01 -1.880023e+01
    endloop
  endfacet
  facet normal 6.670251e-14 -3.774012e-13 1.000000e+00
    outer loop
      vertex   -4.784917e+00 -1.274529e+01 -1.880023e+01
      vertex   4.689155e+00 -1.285000e+01 -1.880023e+01
      vertex   4.779546e+00 -1.271165e+01 -1.880023e+01
    endloop
  endfacet
  facet normal 6.519661e-14 5.074456e-14 1.000000e+00
    outer loop
      vertex   -4.784917e+00 -1.274529e+01 -1.880023e+01
      vertex   4.779546e+00 -1.271165e+01 -1.880023e+01
      vertex   -4.886424e+00 -1.261487e+01 -1.880023e+01
    endloop
  endfacet
  facet normal 6.001136e-14 -4.671619e-13 1.000000e+00
    outer loop
      vertex   -4.886424e+00 -1.261487e+01 -1.880023e+01
      vertex   4.779546e+00 -1.271165e+01 -1.880023e+01
      vertex   4.884608e+00 -1.258408e+01 -1.880023e+01
    endloop
  endfacet
  facet normal 5.836012e-14 5.677361e-14 1.000000e+00
    outer loop
      vertex   -4.886424e+00 -1.261487e+01 -1.880023e+01
      vertex   4.884608e+00 -1.258408e+01 -1.880023e+01
      vertex   -5.001661e+00 -1.249641e+01 -1.880023e+01
    endloop
  endfacet
  facet normal 5.272877e-14 -5.783034e-13 1.000000e+00
    outer loop
      vertex   -5.001661e+00 -1.249641e+01 -1.880023e+01
      vertex   4.884608e+00 -1.258408e+01 -1.880023e+01
      vertex   5.003065e+00 -1.246884e+01 -1.880023e+01
    endloop
  endfacet
  facet normal 5.096435e-14 6.188259e-14 1.000000e+00
    outer loop
      vertex   -5.001661e+00 -1.249641e+01 -1.880023e+01
      vertex   5.003065e+00 -1.246884e+01 -1.880023e+01
      vertex   -5.129231e+00 -1.239135e+01 -1.880023e+01
    endloop
  endfacet
  facet normal 4.496368e-14 -7.227647e-13 1.000000e+00
    outer loop
      vertex   -5.129231e+00 -1.239135e+01 -1.880023e+01
      vertex   5.003065e+00 -1.246884e+01 -1.880023e+01
      vertex   5.133481e+00 -1.236733e+01 -1.880023e+01
    endloop
  endfacet
  facet normal 4.311765e-14 6.599648e-14 1.000000e+00
    outer loop
      vertex   -5.129231e+00 -1.239135e+01 -1.880023e+01
      vertex   5.133481e+00 -1.236733e+01 -1.880023e+01
      vertex   -5.267584e+00 -1.230096e+01 -1.880023e+01
    endloop
  endfacet
  facet normal 3.707256e-14 -8.813302e-13 1.000000e+00
    outer loop
      vertex   -5.267584e+00 -1.230096e+01 -1.880023e+01
      vertex   5.133481e+00 -1.236733e+01 -1.880023e+01
      vertex   5.274272e+00 -1.228079e+01 -1.880023e+01
    endloop
  endfacet
  facet normal 3.525278e-14 6.966138e-14 1.000000e+00
    outer loop
      vertex   -5.267584e+00 -1.230096e+01 -1.880023e+01
      vertex   5.274272e+00 -1.228079e+01 -1.880023e+01
      vertex   -5.415041e+00 -1.222634e+01 -1.880023e+01
    endloop
  endfacet
  facet normal 2.894074e-14 -1.169496e-12 1.000000e+00
    outer loop
      vertex   -5.415041e+00 -1.222634e+01 -1.880023e+01
      vertex   5.274272e+00 -1.228079e+01 -1.880023e+01
      vertex   5.423729e+00 -1.221026e+01 -1.880023e+01
    endloop
  endfacet
  facet normal 2.709822e-14 7.237612e-14 1.000000e+00
    outer loop
      vertex   -5.415041e+00 -1.222634e+01 -1.880023e+01
      vertex   5.423729e+00 -1.221026e+01 -1.880023e+01
      vertex   -5.569811e+00 -1.216839e+01 -1.880023e+01
    endloop
  endfacet
  facet normal 2.054350e-14 -1.648803e-12 1.000000e+00
    outer loop
      vertex   -5.569811e+00 -1.216839e+01 -1.880023e+01
      vertex   5.423729e+00 -1.221026e+01 -1.880023e+01
      vertex   5.580038e+00 -1.215660e+01 -1.880023e+01
    endloop
  endfacet
  facet normal 1.872116e-14 7.392820e-14 1.000000e+00
    outer loop
      vertex   -5.569811e+00 -1.216839e+01 -1.880023e+01
      vertex   5.580038e+00 -1.215660e+01 -1.880023e+01
      vertex   -5.730018e+00 -1.212782e+01 -1.880023e+01
    endloop
  endfacet
  facet normal 1.263713e-14 -2.317389e-12 1.000000e+00
    outer loop
      vertex   -5.730018e+00 -1.212782e+01 -1.880023e+01
      vertex   5.580038e+00 -1.215660e+01 -1.880023e+01
      vertex   5.741302e+00 -1.212046e+01 -1.880023e+01
    endloop
  endfacet
  facet normal -2.136830e-12 -7.273939e-12 1.000000e+00
    outer loop
      vertex   6.235085e+00 -1.212046e+01 -1.880023e+01
      vertex   6.396349e+00 -1.215660e+01 -1.880023e+01
      vertex   1.031705e+01 -1.070217e+01 -1.880023e+01
    endloop
  endfacet
  facet normal -2.595468e-12 -6.037586e-12 1.000000e+00
    outer loop
      vertex   1.031705e+01 -1.070217e+01 -1.880023e+01
      vertex   6.396349e+00 -1.215660e+01 -1.880023e+01
      vertex   6.552658e+00 -1.221026e+01 -1.880023e+01
    endloop
  endfacet
  facet normal -2.952085e-12 -5.147423e-12 1.000000e+00
    outer loop
      vertex   1.031705e+01 -1.070217e+01 -1.880023e+01
      vertex   6.552658e+00 -1.221026e+01 -1.880023e+01
      vertex   6.702115e+00 -1.228079e+01 -1.880023e+01
    endloop
  endfacet
  facet normal -3.249767e-12 -4.465752e-12 1.000000e+00
    outer loop
      vertex   6.702115e+00 -1.228079e+01 -1.880023e+01
      vertex   6.842906e+00 -1.236733e+01 -1.880023e+01
      vertex   1.031705e+01 -1.070217e+01 -1.880023e+01
    endloop
  endfacet
  facet normal -3.543566e-12 -3.852778e-12 1.000000e+00
    outer loop
      vertex   1.031705e+01 -1.070217e+01 -1.880023e+01
      vertex   6.842906e+00 -1.236733e+01 -1.880023e+01
      vertex   6.973321e+00 -1.246884e+01 -1.880023e+01
    endloop
  endfacet
  facet normal -3.794982e-12 -3.376930e-12 1.000000e+00
    outer loop
      vertex   1.031705e+01 -1.070217e+01 -1.880023e+01
      vertex   6.973321e+00 -1.246884e+01 -1.880023e+01
      vertex   7.091779e+00 -1.258408e+01 -1.880023e+01
    endloop
  endfacet
  facet normal -4.058738e-12 -2.924897e-12 1.000000e+00
    outer loop
      vertex   7.091779e+00 -1.258408e+01 -1.880023e+01
      vertex   7.196841e+00 -1.271165e+01 -1.880023e+01
      vertex   1.031705e+01 -1.070217e+01 -1.880023e+01
    endloop
  endfacet
  facet normal -4.333893e-12 -2.497651e-12 1.000000e+00
    outer loop
      vertex   1.031705e+01 -1.070217e+01 -1.880023e+01
      vertex   7.196841e+00 -1.271165e+01 -1.880023e+01
      vertex   7.287232e+00 -1.285000e+01 -1.880023e+01
    endloop
  endfacet
  facet normal -2.278332e-12 -4.438968e-13 1.000000e+00
    outer loop
      vertex   7.419801e+00 -1.315223e+01 -1.880023e+01
      vertex   7.460371e+00 -1.331243e+01 -1.880023e+01
      vertex   1.641705e+01 -1.070217e+01 -1.880023e+01
    endloop
  endfacet
  facet normal -2.332415e-12 -2.583219e-13 1.000000e+00
    outer loop
      vertex   1.641705e+01 -1.070217e+01 -1.880023e+01
      vertex   7.460371e+00 -1.331243e+01 -1.880023e+01
      vertex   7.483070e+00 -1.347613e+01 -1.880023e+01
    endloop
  endfacet
  facet normal -2.398769e-12 -4.461615e-14 1.000000e+00
    outer loop
      vertex   1.641705e+01 -1.070217e+01 -1.880023e+01
      vertex   7.483070e+00 -1.347613e+01 -1.880023e+01
      vertex   7.487624e+00 -1.364133e+01 -1.880023e+01
    endloop
  endfacet
  facet normal -2.466528e-12 1.612404e-13 1.000000e+00
    outer loop
      vertex   7.487624e+00 -1.364133e+01 -1.880023e+01
      vertex   7.473977e+00 -1.380603e+01 -1.880023e+01
      vertex   1.641705e+01 -1.070217e+01 -1.880023e+01
    endloop
  endfacet
  facet normal -2.545099e-12 3.876260e-13 1.000000e+00
    outer loop
      vertex   1.641705e+01 -1.070217e+01 -1.880023e+01
      vertex   7.473977e+00 -1.380603e+01 -1.880023e+01
      vertex   7.442294e+00 -1.396823e+01 -1.880023e+01
    endloop
  endfacet
  facet normal -2.648072e-12 6.705828e-13 1.000000e+00
    outer loop
      vertex   1.641705e+01 -1.070217e+01 -1.880023e+01
      vertex   7.442294e+00 -1.396823e+01 -1.880023e+01
      vertex   7.392960e+00 -1.412596e+01 -1.880023e+01
    endloop
  endfacet
  facet normal -2.764693e-12 9.779621e-13 1.000000e+00
    outer loop
      vertex   7.392960e+00 -1.412596e+01 -1.880023e+01
      vertex   7.326575e+00 -1.427730e+01 -1.880023e+01
      vertex   1.641705e+01 -1.070217e+01 -1.880023e+01
    endloop
  endfacet
  facet normal -2.927697e-12 1.392431e-12 1.000000e+00
    outer loop
      vertex   1.641705e+01 -1.070217e+01 -1.880023e+01
      vertex   7.326575e+00 -1.427730e+01 -1.880023e+01
      vertex   7.243943e+00 -1.442042e+01 -1.880023e+01
    endloop
  endfacet
  facet normal -3.150500e-12 1.942099e-12 1.000000e+00
    outer loop
      vertex   1.641705e+01 -1.070217e+01 -1.880023e+01
      vertex   7.243943e+00 -1.442042e+01 -1.880023e+01
      vertex   7.146068e+00 -1.455359e+01 -1.880023e+01
    endloop
  endfacet
  facet normal -3.460883e-12 2.689240e-12 1.000000e+00
    outer loop
      vertex   7.146068e+00 -1.455359e+01 -1.880023e+01
      vertex   7.034139e+00 -1.467517e+01 -1.880023e+01
      vertex   1.641705e+01 -1.070217e+01 -1.880023e+01
    endloop
  endfacet
  facet normal -1.223017e-12 1.311423e-12 1.000000e+00
    outer loop
      vertex   6.773703e+00 -1.487788e+01 -1.880023e+01
      vertex   6.628358e+00 -1.495654e+01 -1.880023e+01
      vertex   1.641705e+01 -2.260217e+01 -1.880023e+01
    endloop
  endfacet
  facet normal -1.104663e-12 1.462953e-12 1.000000e+00
    outer loop
      vertex   1.641705e+01 -2.260217e+01 -1.880023e+01
      vertex   6.628358e+00 -1.495654e+01 -1.880023e+01
      vertex   6.475243e+00 -1.501873e+01 -1.880023e+01
    endloop
  endfacet
  facet normal -9.754207e-13 1.632387e-12 1.000000e+00
    outer loop
      vertex   1.641705e+01 -2.260217e+01 -1.880023e+01
      vertex   6.475243e+00 -1.501873e+01 -1.880023e+01
      vertex   6.316215e+00 -1.506369e+01 -1.880023e+01
    endloop
  endfacet
  facet normal -8.283500e-13 1.829448e-12 1.000000e+00
    outer loop
      vertex   6.316215e+00 -1.506369e+01 -1.880023e+01
      vertex   6.153206e+00 -1.509090e+01 -1.880023e+01
      vertex   1.641705e+01 -2.260217e+01 -1.880023e+01
    endloop
  endfacet
  facet normal 1.727318e-13 9.529877e-15 1.000000e+00
    outer loop
      vertex   -7.508480e+00 -1.376501e+01 -1.880023e+01
      vertex   -7.517584e+00 -1.360000e+01 -1.880023e+01
      vertex   -2.193095e+01 -1.070217e+01 -1.880023e+01
    endloop
  endfacet
  facet normal 1.689418e-13 -9.320779e-15 1.000000e+00
    outer loop
      vertex   -2.193095e+01 -1.070217e+01 -1.880023e+01
      vertex   -7.517584e+00 -1.360000e+01 -1.880023e+01
      vertex   -7.508480e+00 -1.343499e+01 -1.880023e+01
    endloop
  endfacet
  facet normal 1.632094e-12 -6.628992e-13 1.000000e+00
    outer loop
      vertex   -7.436310e+00 -1.311295e+01 -1.880023e+01
      vertex   -7.374119e+00 -1.295984e+01 -1.880023e+01
      vertex   -1.133095e+01 -1.070217e+01 -1.880023e+01
    endloop
  endfacet
  facet normal 1.536032e-12 -8.312590e-13 1.000000e+00
    outer loop
      vertex   -1.133095e+01 -1.070217e+01 -1.880023e+01
      vertex   -7.374119e+00 -1.295984e+01 -1.880023e+01
      vertex   -7.295463e+00 -1.281449e+01 -1.880023e+01
    endloop
  endfacet
  facet normal 1.446241e-12 -1.002801e-12 1.000000e+00
    outer loop
      vertex   -1.133095e+01 -1.070217e+01 -1.880023e+01
      vertex   -7.295463e+00 -1.281449e+01 -1.880023e+01
      vertex   -7.201294e+00 -1.267868e+01 -1.880023e+01
    endloop
  endfacet
  facet normal 1.359515e-12 -1.184003e-12 1.000000e+00
    outer loop
      vertex   -7.201294e+00 -1.267868e+01 -1.880023e+01
      vertex   -7.092757e+00 -1.255405e+01 -1.880023e+01
      vertex   -1.133095e+01 -1.070217e+01 -1.880023e+01
    endloop
  endfacet
  facet normal 1.272749e-12 -1.382574e-12 1.000000e+00
    outer loop
      vertex   -1.133095e+01 -1.070217e+01 -1.880023e+01
      vertex   -7.092757e+00 -1.255405e+01 -1.880023e+01
      vertex   -6.971169e+00 -1.244213e+01 -1.880023e+01
    endloop
  endfacet
  facet normal 1.182464e-12 -1.608800e-12 1.000000e+00
    outer loop
      vertex   -1.133095e+01 -1.070217e+01 -1.880023e+01
      vertex   -6.971169e+00 -1.244213e+01 -1.880023e+01
      vertex   -6.838006e+00 -1.234425e+01 -1.880023e+01
    endloop
  endfacet
  facet normal 1.084150e-12 -1.877802e-12 1.000000e+00
    outer loop
      vertex   -6.838006e+00 -1.234425e+01 -1.880023e+01
      vertex   -6.694884e+00 -1.226162e+01 -1.880023e+01
      vertex   -1.133095e+01 -1.070217e+01 -1.880023e+01
    endloop
  endfacet
  facet normal 9.711002e-13 -2.213885e-12 1.000000e+00
    outer loop
      vertex   -1.133095e+01 -1.070217e+01 -1.880023e+01
      vertex   -6.694884e+00 -1.226162e+01 -1.880023e+01
      vertex   -6.543540e+00 -1.219523e+01 -1.880023e+01
    endloop
  endfacet
  facet normal 8.319765e-13 -2.659977e-12 1.000000e+00
    outer loop
      vertex   -1.133095e+01 -1.070217e+01 -1.880023e+01
      vertex   -6.543540e+00 -1.219523e+01 -1.880023e+01
      vertex   -6.385812e+00 -1.214590e+01 -1.880023e+01
    endloop
  endfacet
  facet normal 6.448103e-13 -3.301069e-12 1.000000e+00
    outer loop
      vertex   -6.385812e+00 -1.214590e+01 -1.880023e+01
      vertex   -6.223614e+00 -1.211422e+01 -1.880023e+01
      vertex   -1.133095e+01 -1.070217e+01 -1.880023e+01
    endloop
  endfacet
  facet normal 3.591500e-13 -4.334296e-12 1.000000e+00
    outer loop
      vertex   -1.133095e+01 -1.070217e+01 -1.880023e+01
      vertex   -6.223614e+00 -1.211422e+01 -1.880023e+01
      vertex   -6.058915e+00 -1.210057e+01 -1.880023e+01
    endloop
  endfacet
  facet normal 4.543577e-14 2.326058e-13 1.000000e+00
    outer loop
      vertex   -6.223614e+00 -1.508578e+01 -1.880023e+01
      vertex   -6.385812e+00 -1.505410e+01 -1.880023e+01
      vertex   -2.193095e+01 -2.260217e+01 -1.880023e+01
    endloop
  endfacet
  facet normal 6.205079e-14 1.983874e-13 1.000000e+00
    outer loop
      vertex   -2.193095e+01 -2.260217e+01 -1.880023e+01
      vertex   -6.385812e+00 -1.505410e+01 -1.880023e+01
      vertex   -6.543540e+00 -1.500477e+01 -1.880023e+01
    endloop
  endfacet
  facet normal 7.527362e-14 1.716066e-13 1.000000e+00
    outer loop
      vertex   -2.193095e+01 -2.260217e+01 -1.880023e+01
      vertex   -6.543540e+00 -1.500477e+01 -1.880023e+01
      vertex   -6.694884e+00 -1.493838e+01 -1.880023e+01
    endloop
  endfacet
  facet normal 8.635631e-14 1.495735e-13 1.000000e+00
    outer loop
      vertex   -6.694884e+00 -1.493838e+01 -1.880023e+01
      vertex   -6.838006e+00 -1.485575e+01 -1.880023e+01
      vertex   -2.193095e+01 -2.260217e+01 -1.880023e+01
    endloop
  endfacet
  facet normal 9.605176e-14 1.306831e-13 1.000000e+00
    outer loop
      vertex   -2.193095e+01 -2.260217e+01 -1.880023e+01
      vertex   -6.838006e+00 -1.485575e+01 -1.880023e+01
      vertex   -6.971169e+00 -1.475788e+01 -1.880023e+01
    endloop
  endfacet
  facet normal 1.048522e-13 1.138999e-13 1.000000e+00
    outer loop
      vertex   -2.193095e+01 -2.260217e+01 -1.880023e+01
      vertex   -6.971169e+00 -1.475788e+01 -1.880023e+01
      vertex   -7.092757e+00 -1.464595e+01 -1.880023e+01
    endloop
  endfacet
  facet normal 1.947475e-13 1.053921e-13 1.000000e+00
    outer loop
      vertex   -7.295463e+00 -1.438551e+01 -1.880023e+01
      vertex   -7.374119e+00 -1.424016e+01 -1.880023e+01
      vertex   -2.193095e+01 -1.070217e+01 -1.880023e+01
    endloop
  endfacet
  facet normal 1.876573e-13 7.621980e-14 1.000000e+00
    outer loop
      vertex   -2.193095e+01 -1.070217e+01 -1.880023e+01
      vertex   -7.374119e+00 -1.424016e+01 -1.880023e+01
      vertex   -7.436310e+00 -1.408705e+01 -1.880023e+01
    endloop
  endfacet
  facet normal 1.818676e-13 5.142725e-14 1.000000e+00
    outer loop
      vertex   -2.193095e+01 -1.070217e+01 -1.880023e+01
      vertex   -7.436310e+00 -1.408705e+01 -1.880023e+01
      vertex   -7.481278e+00 -1.392802e+01 -1.880023e+01
    endloop
  endfacet
  facet normal 1.769797e-13 2.953268e-14 1.000000e+00
    outer loop
      vertex   -7.481278e+00 -1.392802e+01 -1.880023e+01
      vertex   -7.508480e+00 -1.376501e+01 -1.880023e+01
      vertex   -2.193095e+01 -1.070217e+01 -1.880023e+01
    endloop
  endfacet
  facet normal 9.989330e-01 -9.841551e-15 4.618346e-02
    outer loop
      vertex   1.840852e+01 -1.070217e+01 -2.061569e+01
      vertex   1.840852e+01 -1.466884e+01 -2.061569e+01
      vertex   1.841705e+01 -1.070217e+01 -2.080023e+01
    endloop
  endfacet
  facet normal 9.989330e-01 -1.158944e-14 4.618346e-02
    outer loop
      vertex   1.841705e+01 -1.070217e+01 -2.080023e+01
      vertex   1.840852e+01 -1.466884e+01 -2.061569e+01
      vertex   1.840852e+01 -1.863550e+01 -2.061569e+01
    endloop
  endfacet
  facet normal 9.989330e-01 -1.133269e-14 4.618346e-02
    outer loop
      vertex   1.841705e+01 -1.070217e+01 -2.080023e+01
      vertex   1.840852e+01 -1.863550e+01 -2.061569e+01
      vertex   1.841705e+01 -2.260217e+01 -2.080023e+01
    endloop
  endfacet
  facet normal 9.989330e-01 -1.163103e-14 4.618346e-02
    outer loop
      vertex   1.841705e+01 -2.260217e+01 -2.080023e+01
      vertex   1.840852e+01 -1.863550e+01 -2.061569e+01
      vertex   1.840852e+01 -2.260217e+01 -2.061569e+01
    endloop
  endfacet
  facet normal 9.904104e-01 -1.153169e-14 1.381564e-01
    outer loop
      vertex   1.840852e+01 -2.260217e+01 -2.061569e+01
      vertex   1.840852e+01 -1.863550e+01 -2.061569e+01
      vertex   1.838299e+01 -2.260217e+01 -2.043273e+01
    endloop
  endfacet
  facet normal 9.904104e-01 -1.064464e-14 1.381564e-01
    outer loop
      vertex   1.838299e+01 -2.260217e+01 -2.043273e+01
      vertex   1.840852e+01 -1.863550e+01 -2.061569e+01
      vertex   1.838299e+01 -1.863550e+01 -2.043273e+01
    endloop
  endfacet
  facet normal 9.734381e-01 -1.046223e-14 2.289505e-01
    outer loop
      vertex   1.838299e+01 -2.260217e+01 -2.043273e+01
      vertex   1.838299e+01 -1.863550e+01 -2.043273e+01
      vertex   1.834070e+01 -2.260217e+01 -2.025290e+01
    endloop
  endfacet
  facet normal 9.734381e-01 -1.133408e-14 2.289505e-01
    outer loop
      vertex   1.834070e+01 -2.260217e+01 -2.025290e+01
      vertex   1.838299e+01 -1.863550e+01 -2.043273e+01
      vertex   1.834070e+01 -1.863550e+01 -2.025290e+01
    endloop
  endfacet
  facet normal 9.481606e-01 -1.103976e-14 3.177914e-01
    outer loop
      vertex   1.834070e+01 -2.260217e+01 -2.025290e+01
      vertex   1.834070e+01 -1.863550e+01 -2.025290e+01
      vertex   1.828199e+01 -2.260217e+01 -2.007775e+01
    endloop
  endfacet
  facet normal 9.481606e-01 -1.019055e-14 3.177914e-01
    outer loop
      vertex   1.828199e+01 -2.260217e+01 -2.007775e+01
      vertex   1.834070e+01 -1.863550e+01 -2.025290e+01
      vertex   1.828199e+01 -1.863550e+01 -2.007775e+01
    endloop
  endfacet
  facet normal 9.147939e-01 -9.831935e-15 4.039210e-01
    outer loop
      vertex   1.828199e+01 -2.260217e+01 -2.007775e+01
      vertex   1.828199e+01 -1.863550e+01 -2.007775e+01
      vertex   1.820737e+01 -2.260217e+01 -1.990875e+01
    endloop
  endfacet
  facet normal 9.147939e-01 -1.065126e-14 4.039210e-01
    outer loop
      vertex   1.820737e+01 -2.260217e+01 -1.990875e+01
      vertex   1.828199e+01 -1.863550e+01 -2.007775e+01
      vertex   1.820737e+01 -1.863550e+01 -1.990875e+01
    endloop
  endfacet
  facet normal 8.736224e-01 -1.017189e-14 4.866045e-01
    outer loop
      vertex   1.820737e+01 -2.260217e+01 -1.990875e+01
      vertex   1.820737e+01 -1.863550e+01 -1.990875e+01
      vertex   1.811748e+01 -2.260217e+01 -1.974737e+01
    endloop
  endfacet
  facet normal 8.736224e-01 -9.389436e-15 4.866045e-01
    outer loop
      vertex   1.811748e+01 -2.260217e+01 -1.974737e+01
      vertex   1.820737e+01 -1.863550e+01 -1.990875e+01
      vertex   1.811748e+01 -1.863550e+01 -1.974737e+01
    endloop
  endfacet
  facet normal 8.249975e-01 -8.866830e-15 5.651364e-01
    outer loop
      vertex   1.811748e+01 -2.260217e+01 -1.974737e+01
      vertex   1.811748e+01 -1.863550e+01 -1.974737e+01
      vertex   1.801308e+01 -2.260217e+01 -1.959496e+01
    endloop
  endfacet
  facet normal 8.249975e-01 -1.034463e-14 5.651364e-01
    outer loop
      vertex   1.801308e+01 -2.260217e+01 -1.959496e+01
      vertex   1.811748e+01 -1.863550e+01 -1.974737e+01
      vertex   1.801308e+01 -1.863550e+01 -1.959496e+01
    endloop
  endfacet
  facet normal 7.693340e-01 -9.646671e-15 6.388468e-01
    outer loop
      vertex   1.801308e+01 -2.260217e+01 -1.959496e+01
      vertex   1.801308e+01 -1.863550e+01 -1.959496e+01
      vertex   1.789507e+01 -2.260217e+01 -1.945284e+01
    endloop
  endfacet
  facet normal 7.693340e-01 -8.957623e-15 6.388468e-01
    outer loop
      vertex   1.789507e+01 -2.260217e+01 -1.945284e+01
      vertex   1.801308e+01 -1.863550e+01 -1.959496e+01
      vertex   1.789507e+01 -1.863550e+01 -1.945284e+01
    endloop
  endfacet
  facet normal 7.071068e-01 -8.233090e-15 7.071068e-01
    outer loop
      vertex   1.789507e+01 -2.260217e+01 -1.945284e+01
      vertex   1.789507e+01 -1.863550e+01 -1.945284e+01
      vertex   1.776444e+01 -2.260217e+01 -1.932221e+01
    endloop
  endfacet
  facet normal 7.071068e-01 -7.599775e-15 7.071068e-01
    outer loop
      vertex   1.776444e+01 -2.260217e+01 -1.932221e+01
      vertex   1.789507e+01 -1.863550e+01 -1.945284e+01
      vertex   1.776444e+01 -1.863550e+01 -1.932221e+01
    endloop
  endfacet
  facet normal 6.388468e-01 -6.866137e-15 7.693340e-01
    outer loop
      vertex   1.776444e+01 -2.260217e+01 -1.932221e+01
      vertex   1.776444e+01 -1.863550e+01 -1.932221e+01
      vertex   1.762232e+01 -2.260217e+01 -1.920420e+01
    endloop
  endfacet
  facet normal 6.388468e-01 -6.866137e-15 7.693340e-01
    outer loop
      vertex   1.762232e+01 -2.260217e+01 -1.920420e+01
      vertex   1.776444e+01 -1.863550e+01 -1.932221e+01
      vertex   1.762232e+01 -1.863550e+01 -1.920420e+01
    endloop
  endfacet
  facet normal 5.651364e-01 -6.073920e-15 8.249975e-01
    outer loop
      vertex   1.762232e+01 -2.260217e+01 -1.920420e+01
      vertex   1.762232e+01 -1.863550e+01 -1.920420e+01
      vertex   1.746991e+01 -2.260217e+01 -1.909980e+01
    endloop
  endfacet
  facet normal 5.651364e-01 -6.580080e-15 8.249975e-01
    outer loop
      vertex   1.746991e+01 -2.260217e+01 -1.909980e+01
      vertex   1.762232e+01 -1.863550e+01 -1.920420e+01
      vertex   1.746991e+01 -1.863550e+01 -1.909980e+01
    endloop
  endfacet
  facet normal 4.866045e-01 -5.665705e-15 8.736224e-01
    outer loop
      vertex   1.746991e+01 -2.260217e+01 -1.909980e+01
      vertex   1.746991e+01 -1.863550e+01 -1.909980e+01
      vertex   1.730852e+01 -2.260217e+01 -1.900990e+01
    endloop
  endfacet
  facet normal 4.866045e-01 -5.665705e-15 8.736224e-01
    outer loop
      vertex   1.730852e+01 -2.260217e+01 -1.900990e+01
      vertex   1.746991e+01 -1.863550e+01 -1.909980e+01
      vertex   1.730852e+01 -1.863550e+01 -1.900990e+01
    endloop
  endfacet
  facet normal 4.039210e-01 -4.702993e-15 9.147939e-01
    outer loop
      vertex   1.730852e+01 -2.260217e+01 -1.900990e+01
      vertex   1.730852e+01 -1.863550e+01 -1.900990e+01
      vertex   1.713953e+01 -2.260217e+01 -1.893529e+01
    endloop
  endfacet
  facet normal 4.039210e-01 -4.702993e-15 9.147939e-01
    outer loop
      vertex   1.713953e+01 -2.260217e+01 -1.893529e+01
      vertex   1.730852e+01 -1.863550e+01 -1.900990e+01
      vertex   1.713953e+01 -1.863550e+01 -1.893529e+01
    endloop
  endfacet
  facet normal 3.177914e-01 -3.700156e-15 9.481606e-01
    outer loop
      vertex   1.713953e+01 -2.260217e+01 -1.893529e+01
      vertex   1.713953e+01 -1.863550e+01 -1.893529e+01
      vertex   1.696437e+01 -2.260217e+01 -1.887658e+01
    endloop
  endfacet
  facet normal 3.177914e-01 -3.415529e-15 9.481606e-01
    outer loop
      vertex   1.696437e+01 -2.260217e+01 -1.887658e+01
      vertex   1.713953e+01 -1.863550e+01 -1.893529e+01
      vertex   1.696437e+01 -1.863550e+01 -1.887658e+01
    endloop
  endfacet
  facet normal 2.289505e-01 -2.460693e-15 9.734381e-01
    outer loop
      vertex   1.696437e+01 -2.260217e+01 -1.887658e+01
      vertex   1.696437e+01 -1.863550e+01 -1.887658e+01
      vertex   1.678455e+01 -2.260217e+01 -1.883428e+01
    endloop
  endfacet
  facet normal 2.289505e-01 -2.665751e-15 9.734381e-01
    outer loop
      vertex   1.678455e+01 -2.260217e+01 -1.883428e+01
      vertex   1.696437e+01 -1.863550e+01 -1.887658e+01
      vertex   1.678455e+01 -1.863550e+01 -1.883428e+01
    endloop
  endfacet
  facet normal 1.381564e-01 -1.608602e-15 9.904104e-01
    outer loop
      vertex   1.678455e+01 -2.260217e+01 -1.883428e+01
      vertex   1.678455e+01 -1.863550e+01 -1.883428e+01
      vertex   1.660158e+01 -2.260217e+01 -1.880876e+01
    endloop
  endfacet
  facet normal 1.381564e-01 -1.608602e-15 9.904104e-01
    outer loop
      vertex   1.660158e+01 -2.260217e+01 -1.880876e+01
      vertex   1.678455e+01 -1.863550e+01 -1.883428e+01
      vertex   1.660158e+01 -1.863550e+01 -1.880876e+01
    endloop
  endfacet
  facet normal 4.618346e-02 -5.377301e-16 9.989330e-01
    outer loop
      vertex   1.660158e+01 -2.260217e+01 -1.880876e+01
      vertex   1.660158e+01 -1.863550e+01 -1.880876e+01
      vertex   1.641705e+01 -2.260217e+01 -1.880023e+01
    endloop
  endfacet
  facet normal 4.618346e-02 -4.962691e-16 9.989330e-01
    outer loop
      vertex   1.641705e+01 -2.260217e+01 -1.880023e+01
      vertex   1.660158e+01 -1.863550e+01 -1.880876e+01
      vertex   1.660158e+01 -1.466884e+01 -1.880876e+01
    endloop
  endfacet
  facet normal 4.618346e-02 -5.239421e-16 9.989330e-01
    outer loop
      vertex   1.641705e+01 -2.260217e+01 -1.880023e+01
      vertex   1.660158e+01 -1.466884e+01 -1.880876e+01
      vertex   1.641705e+01 -1.070217e+01 -1.880023e+01
    endloop
  endfacet
  facet normal 4.618346e-02 -5.378267e-16 9.989330e-01
    outer loop
      vertex   1.641705e+01 -1.070217e+01 -1.880023e+01
      vertex   1.660158e+01 -1.466884e+01 -1.880876e+01
      vertex   1.660158e+01 -1.070217e+01 -1.880876e+01
    endloop
  endfacet
  facet normal 1.381564e-01 -1.608602e-15 9.904104e-01
    outer loop
      vertex   1.660158e+01 -1.070217e+01 -1.880876e+01
      vertex   1.660158e+01 -1.466884e+01 -1.880876e+01
      vertex   1.678455e+01 -1.070217e+01 -1.883428e+01
    endloop
  endfacet
  facet normal 1.381564e-01 -1.608602e-15 9.904104e-01
    outer loop
      vertex   1.678455e+01 -1.070217e+01 -1.883428e+01
      vertex   1.660158e+01 -1.466884e+01 -1.880876e+01
      vertex   1.678455e+01 -1.466884e+01 -1.883428e+01
    endloop
  endfacet
  facet normal 2.289505e-01 -2.665751e-15 9.734381e-01
    outer loop
      vertex   1.678455e+01 -1.070217e+01 -1.883428e+01
      vertex   1.678455e+01 -1.466884e+01 -1.883428e+01
      vertex   1.696437e+01 -1.070217e+01 -1.887658e+01
    endloop
  endfacet
  facet normal 2.289505e-01 -2.460693e-15 9.734381e-01
    outer loop
      vertex   1.696437e+01 -1.070217e+01 -1.887658e+01
      vertex   1.678455e+01 -1.466884e+01 -1.883428e+01
      vertex   1.696437e+01 -1.466884e+01 -1.887658e+01
    endloop
  endfacet
  facet normal 3.177914e-01 -3.415529e-15 9.481606e-01
    outer loop
      vertex   1.696437e+01 -1.070217e+01 -1.887658e+01
      vertex   1.696437e+01 -1.466884e+01 -1.887658e+01
      vertex   1.713953e+01 -1.070217e+01 -1.893529e+01
    endloop
  endfacet
  facet normal 3.177914e-01 -3.700156e-15 9.481606e-01
    outer loop
      vertex   1.713953e+01 -1.070217e+01 -1.893529e+01
      vertex   1.696437e+01 -1.466884e+01 -1.887658e+01
      vertex   1.713953e+01 -1.466884e+01 -1.893529e+01
    endloop
  endfacet
  facet normal 4.039210e-01 -4.702993e-15 9.147939e-01
    outer loop
      vertex   1.713953e+01 -1.070217e+01 -1.893529e+01
      vertex   1.713953e+01 -1.466884e+01 -1.893529e+01
      vertex   1.730852e+01 -1.070217e+01 -1.900990e+01
    endloop
  endfacet
  facet normal 4.039210e-01 -4.341224e-15 9.147939e-01
    outer loop
      vertex   1.730852e+01 -1.070217e+01 -1.900990e+01
      vertex   1.713953e+01 -1.466884e+01 -1.893529e+01
      vertex   1.730852e+01 -1.466884e+01 -1.900990e+01
    endloop
  endfacet
  facet normal 4.866045e-01 -5.229882e-15 8.736224e-01
    outer loop
      vertex   1.730852e+01 -1.070217e+01 -1.900990e+01
      vertex   1.730852e+01 -1.466884e+01 -1.900990e+01
      vertex   1.746991e+01 -1.070217e+01 -1.909980e+01
    endloop
  endfacet
  facet normal 4.866045e-01 -5.229882e-15 8.736224e-01
    outer loop
      vertex   1.746991e+01 -1.070217e+01 -1.909980e+01
      vertex   1.730852e+01 -1.466884e+01 -1.900990e+01
      vertex   1.746991e+01 -1.466884e+01 -1.909980e+01
    endloop
  endfacet
  facet normal 5.651364e-01 -6.073920e-15 8.249975e-01
    outer loop
      vertex   1.746991e+01 -1.070217e+01 -1.909980e+01
      vertex   1.746991e+01 -1.466884e+01 -1.909980e+01
      vertex   1.762232e+01 -1.070217e+01 -1.920420e+01
    endloop
  endfacet
  facet normal 5.651364e-01 -6.073920e-15 8.249975e-01
    outer loop
      vertex   1.762232e+01 -1.070217e+01 -1.920420e+01
      vertex   1.746991e+01 -1.466884e+01 -1.909980e+01
      vertex   1.762232e+01 -1.466884e+01 -1.920420e+01
    endloop
  endfacet
  facet normal 6.388468e-01 -6.866137e-15 7.693340e-01
    outer loop
      vertex   1.762232e+01 -1.070217e+01 -1.920420e+01
      vertex   1.762232e+01 -1.466884e+01 -1.920420e+01
      vertex   1.776444e+01 -1.070217e+01 -1.932221e+01
    endloop
  endfacet
  facet normal 6.388468e-01 -7.438315e-15 7.693340e-01
    outer loop
      vertex   1.776444e+01 -1.070217e+01 -1.932221e+01
      vertex   1.762232e+01 -1.466884e+01 -1.920420e+01
      vertex   1.776444e+01 -1.466884e+01 -1.932221e+01
    endloop
  endfacet
  facet normal 7.071068e-01 -8.233090e-15 7.071068e-01
    outer loop
      vertex   1.776444e+01 -1.070217e+01 -1.932221e+01
      vertex   1.776444e+01 -1.466884e+01 -1.932221e+01
      vertex   1.789507e+01 -1.070217e+01 -1.945284e+01
    endloop
  endfacet
  facet normal 7.071068e-01 -7.599775e-15 7.071068e-01
    outer loop
      vertex   1.789507e+01 -1.070217e+01 -1.945284e+01
      vertex   1.776444e+01 -1.466884e+01 -1.932221e+01
      vertex   1.789507e+01 -1.466884e+01 -1.945284e+01
    endloop
  endfacet
  facet normal 7.693340e-01 -8.268575e-15 6.388468e-01
    outer loop
      vertex   1.789507e+01 -1.070217e+01 -1.945284e+01
      vertex   1.789507e+01 -1.466884e+01 -1.945284e+01
      vertex   1.801308e+01 -1.070217e+01 -1.959496e+01
    endloop
  endfacet
  facet normal 7.693340e-01 -8.957623e-15 6.388468e-01
    outer loop
      vertex   1.801308e+01 -1.070217e+01 -1.959496e+01
      vertex   1.789507e+01 -1.466884e+01 -1.945284e+01
      vertex   1.801308e+01 -1.466884e+01 -1.959496e+01
    endloop
  endfacet
  facet normal 8.249975e-01 -9.605732e-15 5.651364e-01
    outer loop
      vertex   1.801308e+01 -1.070217e+01 -1.959496e+01
      vertex   1.801308e+01 -1.466884e+01 -1.959496e+01
      vertex   1.811748e+01 -1.070217e+01 -1.974737e+01
    endloop
  endfacet
  facet normal 8.249975e-01 -9.605732e-15 5.651364e-01
    outer loop
      vertex   1.811748e+01 -1.070217e+01 -1.974737e+01
      vertex   1.801308e+01 -1.466884e+01 -1.959496e+01
      vertex   1.811748e+01 -1.466884e+01 -1.974737e+01
    endloop
  endfacet
  facet normal 8.736224e-01 -1.017189e-14 4.866045e-01
    outer loop
      vertex   1.811748e+01 -1.070217e+01 -1.974737e+01
      vertex   1.811748e+01 -1.466884e+01 -1.974737e+01
      vertex   1.820737e+01 -1.070217e+01 -1.990875e+01
    endloop
  endfacet
  facet normal 8.736224e-01 -1.017189e-14 4.866045e-01
    outer loop
      vertex   1.820737e+01 -1.070217e+01 -1.990875e+01
      vertex   1.811748e+01 -1.466884e+01 -1.974737e+01
      vertex   1.820737e+01 -1.466884e+01 -1.990875e+01
    endloop
  endfacet
  facet normal 9.147939e-01 -1.065126e-14 4.039210e-01
    outer loop
      vertex   1.820737e+01 -1.070217e+01 -1.990875e+01
      vertex   1.820737e+01 -1.466884e+01 -1.990875e+01
      vertex   1.828199e+01 -1.070217e+01 -2.007775e+01
    endloop
  endfacet
  facet normal 9.147939e-01 -1.065126e-14 4.039210e-01
    outer loop
      vertex   1.828199e+01 -1.070217e+01 -2.007775e+01
      vertex   1.820737e+01 -1.466884e+01 -1.990875e+01
      vertex   1.828199e+01 -1.466884e+01 -2.007775e+01
    endloop
  endfacet
  facet normal 9.481606e-01 -1.103976e-14 3.177914e-01
    outer loop
      vertex   1.828199e+01 -1.070217e+01 -2.007775e+01
      vertex   1.828199e+01 -1.466884e+01 -2.007775e+01
      vertex   1.834070e+01 -1.070217e+01 -2.025290e+01
    endloop
  endfacet
  facet normal 9.481606e-01 -1.103976e-14 3.177914e-01
    outer loop
      vertex   1.834070e+01 -1.070217e+01 -2.025290e+01
      vertex   1.828199e+01 -1.466884e+01 -2.007775e+01
      vertex   1.834070e+01 -1.466884e+01 -2.025290e+01
    endloop
  endfacet
  facet normal 9.734381e-01 -1.133408e-14 2.289505e-01
    outer loop
      vertex   1.834070e+01 -1.070217e+01 -2.025290e+01
      vertex   1.834070e+01 -1.466884e+01 -2.025290e+01
      vertex   1.838299e+01 -1.070217e+01 -2.043273e+01
    endloop
  endfacet
  facet normal 9.734381e-01 -1.046223e-14 2.289505e-01
    outer loop
      vertex   1.838299e+01 -1.070217e+01 -2.043273e+01
      vertex   1.834070e+01 -1.466884e+01 -2.025290e+01
      vertex   1.838299e+01 -1.466884e+01 -2.043273e+01
    endloop
  endfacet
  facet normal 9.904104e-01 -1.064464e-14 1.381564e-01
    outer loop
      vertex   1.838299e+01 -1.070217e+01 -2.043273e+01
      vertex   1.838299e+01 -1.466884e+01 -2.043273e+01
      vertex   1.840852e+01 -1.070217e+01 -2.061569e+01
    endloop
  endfacet
  facet normal 9.904104e-01 -9.757586e-15 1.381564e-01
    outer loop
      vertex   1.840852e+01 -1.070217e+01 -2.061569e+01
      vertex   1.838299e+01 -1.466884e+01 -2.043273e+01
      vertex   1.840852e+01 -1.466884e+01 -2.061569e+01
    endloop
  endfacet
  facet normal 9.904104e-01 -1.140833e-14 1.381564e-01
    outer loop
      vertex   1.838299e+01 -1.863550e+01 -2.043273e+01
      vertex   1.840852e+01 -1.863550e+01 -2.061569e+01
      vertex   1.840852e+01 -1.466884e+01 -2.061569e+01
    endloop
  endfacet
  facet normal 9.904104e-01 -1.153169e-14 1.381564e-01
    outer loop
      vertex   1.838299e+01 -1.863550e+01 -2.043273e+01
      vertex   1.840852e+01 -1.466884e+01 -2.061569e+01
      vertex   1.838299e+01 -1.466884e+01 -2.043273e+01
    endloop
  endfacet
  facet normal 9.734381e-01 -1.133407e-14 2.289505e-01
    outer loop
      vertex   1.834070e+01 -1.863550e+01 -2.025290e+01
      vertex   1.838299e+01 -1.863550e+01 -2.043273e+01
      vertex   1.838299e+01 -1.466884e+01 -2.043273e+01
    endloop
  endfacet
  facet normal 9.734381e-01 -1.025717e-14 2.289505e-01
    outer loop
      vertex   1.834070e+01 -1.863550e+01 -2.025290e+01
      vertex   1.838299e+01 -1.466884e+01 -2.043273e+01
      vertex   1.834070e+01 -1.466884e+01 -2.025290e+01
    endloop
  endfacet
  facet normal 9.481606e-01 -9.905634e-15 3.177914e-01
    outer loop
      vertex   1.828199e+01 -1.863550e+01 -2.007775e+01
      vertex   1.834070e+01 -1.863550e+01 -2.025290e+01
      vertex   1.834070e+01 -1.466884e+01 -2.025290e+01
    endloop
  endfacet
  facet normal 9.481606e-01 -1.019055e-14 3.177914e-01
    outer loop
      vertex   1.828199e+01 -1.863550e+01 -2.007775e+01
      vertex   1.834070e+01 -1.466884e+01 -2.025290e+01
      vertex   1.828199e+01 -1.466884e+01 -2.007775e+01
    endloop
  endfacet
  facet normal 9.147939e-01 -9.832971e-15 4.039210e-01
    outer loop
      vertex   1.820737e+01 -1.863550e+01 -1.990875e+01
      vertex   1.828199e+01 -1.863550e+01 -2.007775e+01
      vertex   1.828199e+01 -1.466884e+01 -2.007775e+01
    endloop
  endfacet
  facet normal 9.147939e-01 -9.831935e-15 4.039210e-01
    outer loop
      vertex   1.820737e+01 -1.863550e+01 -1.990875e+01
      vertex   1.828199e+01 -1.466884e+01 -2.007775e+01
      vertex   1.820737e+01 -1.466884e+01 -1.990875e+01
    endloop
  endfacet
  facet normal 8.736224e-01 -9.390186e-15 4.866045e-01
    outer loop
      vertex   1.811748e+01 -1.863550e+01 -1.974737e+01
      vertex   1.820737e+01 -1.863550e+01 -1.990875e+01
      vertex   1.820737e+01 -1.466884e+01 -1.990875e+01
    endloop
  endfacet
  facet normal 8.736224e-01 -9.389436e-15 4.866045e-01
    outer loop
      vertex   1.811748e+01 -1.863550e+01 -1.974737e+01
      vertex   1.820737e+01 -1.466884e+01 -1.990875e+01
      vertex   1.811748e+01 -1.466884e+01 -1.974737e+01
    endloop
  endfacet
  facet normal 8.249975e-01 -8.868173e-15 5.651364e-01
    outer loop
      vertex   1.801308e+01 -1.863550e+01 -1.959496e+01
      vertex   1.811748e+01 -1.863550e+01 -1.974737e+01
      vertex   1.811748e+01 -1.466884e+01 -1.974737e+01
    endloop
  endfacet
  facet normal 8.249975e-01 -8.866830e-15 5.651364e-01
    outer loop
      vertex   1.801308e+01 -1.863550e+01 -1.959496e+01
      vertex   1.811748e+01 -1.466884e+01 -1.974737e+01
      vertex   1.801308e+01 -1.466884e+01 -1.959496e+01
    endloop
  endfacet
  facet normal 7.693340e-01 -8.268348e-15 6.388468e-01
    outer loop
      vertex   1.789507e+01 -1.863550e+01 -1.945284e+01
      vertex   1.801308e+01 -1.863550e+01 -1.959496e+01
      vertex   1.801308e+01 -1.466884e+01 -1.959496e+01
    endloop
  endfacet
  facet normal 7.693340e-01 -8.268575e-15 6.388468e-01
    outer loop
      vertex   1.789507e+01 -1.863550e+01 -1.945284e+01
      vertex   1.801308e+01 -1.466884e+01 -1.959496e+01
      vertex   1.789507e+01 -1.466884e+01 -1.945284e+01
    endloop
  endfacet
  facet normal 7.071068e-01 -7.600956e-15 7.071068e-01
    outer loop
      vertex   1.776444e+01 -1.863550e+01 -1.932221e+01
      vertex   1.789507e+01 -1.863550e+01 -1.945284e+01
      vertex   1.789507e+01 -1.466884e+01 -1.945284e+01
    endloop
  endfacet
  facet normal 7.071068e-01 -7.599775e-15 7.071068e-01
    outer loop
      vertex   1.776444e+01 -1.863550e+01 -1.932221e+01
      vertex   1.789507e+01 -1.466884e+01 -1.945284e+01
      vertex   1.776444e+01 -1.466884e+01 -1.932221e+01
    endloop
  endfacet
  facet normal 6.388468e-01 -6.867483e-15 7.693340e-01
    outer loop
      vertex   1.762232e+01 -1.863550e+01 -1.920420e+01
      vertex   1.776444e+01 -1.863550e+01 -1.932221e+01
      vertex   1.776444e+01 -1.466884e+01 -1.932221e+01
    endloop
  endfacet
  facet normal 6.388468e-01 -7.438315e-15 7.693340e-01
    outer loop
      vertex   1.762232e+01 -1.863550e+01 -1.920420e+01
      vertex   1.776444e+01 -1.466884e+01 -1.932221e+01
      vertex   1.762232e+01 -1.466884e+01 -1.920420e+01
    endloop
  endfacet
  facet normal 5.651364e-01 -6.578606e-15 8.249975e-01
    outer loop
      vertex   1.746991e+01 -1.863550e+01 -1.909980e+01
      vertex   1.762232e+01 -1.863550e+01 -1.920420e+01
      vertex   1.762232e+01 -1.466884e+01 -1.920420e+01
    endloop
  endfacet
  facet normal 5.651364e-01 -6.580080e-15 8.249975e-01
    outer loop
      vertex   1.746991e+01 -1.863550e+01 -1.909980e+01
      vertex   1.762232e+01 -1.466884e+01 -1.920420e+01
      vertex   1.746991e+01 -1.466884e+01 -1.909980e+01
    endloop
  endfacet
  facet normal 4.866045e-01 -5.665596e-15 8.736224e-01
    outer loop
      vertex   1.730852e+01 -1.863550e+01 -1.900990e+01
      vertex   1.746991e+01 -1.863550e+01 -1.909980e+01
      vertex   1.746991e+01 -1.466884e+01 -1.909980e+01
    endloop
  endfacet
  facet normal 4.866045e-01 -5.665705e-15 8.736224e-01
    outer loop
      vertex   1.730852e+01 -1.863550e+01 -1.900990e+01
      vertex   1.746991e+01 -1.466884e+01 -1.909980e+01
      vertex   1.730852e+01 -1.466884e+01 -1.900990e+01
    endloop
  endfacet
  facet normal 4.039210e-01 -4.702471e-15 9.147939e-01
    outer loop
      vertex   1.713953e+01 -1.863550e+01 -1.893529e+01
      vertex   1.730852e+01 -1.863550e+01 -1.900990e+01
      vertex   1.730852e+01 -1.466884e+01 -1.900990e+01
    endloop
  endfacet
  facet normal 4.039210e-01 -4.341224e-15 9.147939e-01
    outer loop
      vertex   1.713953e+01 -1.863550e+01 -1.893529e+01
      vertex   1.730852e+01 -1.466884e+01 -1.900990e+01
      vertex   1.713953e+01 -1.466884e+01 -1.893529e+01
    endloop
  endfacet
  facet normal 3.177914e-01 -3.416137e-15 9.481606e-01
    outer loop
      vertex   1.696437e+01 -1.863550e+01 -1.887658e+01
      vertex   1.713953e+01 -1.863550e+01 -1.893529e+01
      vertex   1.713953e+01 -1.466884e+01 -1.893529e+01
    endloop
  endfacet
  facet normal 3.177914e-01 -3.700156e-15 9.481606e-01
    outer loop
      vertex   1.696437e+01 -1.863550e+01 -1.887658e+01
      vertex   1.713953e+01 -1.466884e+01 -1.893529e+01
      vertex   1.696437e+01 -1.466884e+01 -1.887658e+01
    endloop
  endfacet
  facet normal 2.289505e-01 -2.665955e-15 9.734381e-01
    outer loop
      vertex   1.678455e+01 -1.863550e+01 -1.883428e+01
      vertex   1.696437e+01 -1.863550e+01 -1.887658e+01
      vertex   1.696437e+01 -1.466884e+01 -1.887658e+01
    endloop
  endfacet
  facet normal 2.289505e-01 -2.460693e-15 9.734381e-01
    outer loop
      vertex   1.678455e+01 -1.863550e+01 -1.883428e+01
      vertex   1.696437e+01 -1.466884e+01 -1.887658e+01
      vertex   1.678455e+01 -1.466884e+01 -1.883428e+01
    endloop
  endfacet
  facet normal 1.381564e-01 -1.484575e-15 9.904104e-01
    outer loop
      vertex   1.660158e+01 -1.863550e+01 -1.880876e+01
      vertex   1.678455e+01 -1.863550e+01 -1.883428e+01
      vertex   1.678455e+01 -1.466884e+01 -1.883428e+01
    endloop
  endfacet
  facet normal 1.381564e-01 -1.484864e-15 9.904104e-01
    outer loop
      vertex   1.660158e+01 -1.863550e+01 -1.880876e+01
      vertex   1.678455e+01 -1.466884e+01 -1.883428e+01
      vertex   1.660158e+01 -1.466884e+01 -1.880876e+01
    endloop
  endfacet
  facet normal 1.000000e+00 -1.134480e-14 5.207955e-13
    outer loop
      vertex   1.841705e+01 -2.260217e+01 -2.080023e+01
      vertex   1.841705e+01 -2.260217e+01 -2.960023e+01
      vertex   1.841705e+01 -1.070217e+01 -2.080023e+01
    endloop
  endfacet
  facet normal 1.000000e+00 1.194189e-15 5.038394e-13
    outer loop
      vertex   1.841705e+01 -1.070217e+01 -2.080023e+01
      vertex   1.841705e+01 -2.260217e+01 -2.960023e+01
      vertex   1.841705e+01 -1.070217e+01 -2.960023e+01
    endloop
  endfacet
  facet normal 1.000000e+00 0.000000e+00 0.000000e+00
    outer loop
      vertex   1.031705e+01 -9.702171e+00 -1.880023e+01
      vertex   1.031705e+01 -1.070217e+01 -1.880023e+01
      vertex   1.031705e+01 -9.702171e+00 -2.230023e+01
    endloop
  endfacet
  facet normal 1.000000e+00 0.000000e+00 0.000000e+00
    outer loop
      vertex   1.031705e+01 -9.702171e+00 -2.230023e+01
      vertex   1.031705e+01 -1.070217e+01 -1.880023e+01
      vertex   1.031705e+01 -1.070217e+01 -2.230023e+01
    endloop
  endfacet
  facet normal 1.074939e-14 1.000000e+00 -0.000000e+00
    outer loop
      vertex   1.031705e+01 -9.702171e+00 -2.230023e+01
      vertex   -1.133095e+01 -9.702171e+00 -2.230023e+01
      vertex   1.031705e+01 -9.702171e+00 -1.880023e+01
    endloop
  endfacet
  facet normal 1.074939e-14 1.000000e+00 3.081813e-30
    outer loop
      vertex   1.031705e+01 -9.702171e+00 -1.880023e+01
      vertex   -1.133095e+01 -9.702171e+00 -2.230023e+01
      vertex   -1.133095e+01 -9.702171e+00 -1.880023e+01
    endloop
  endfacet
  facet normal 2.670943e-12 -1.076353e-13 -1.000000e+00
    outer loop
      vertex   8.729276e+00 -1.382128e+01 -2.230023e+01
      vertex   8.738193e+00 -1.360000e+01 -2.230023e+01
      vertex   1.741705e+01 -1.070217e+01 -2.230023e+01
    endloop
  endfacet
  facet normal 2.600020e-12 1.047772e-13 -1.000000e+00
    outer loop
      vertex   1.741705e+01 -1.070217e+01 -2.230023e+01
      vertex   8.738193e+00 -1.360000e+01 -2.230023e+01
      vertex   8.729276e+00 -1.337872e+01 -2.230023e+01
    endloop
  endfacet
  facet normal 2.537381e-12 3.080939e-13 -1.000000e+00
    outer loop
      vertex   1.741705e+01 -1.070217e+01 -2.230023e+01
      vertex   8.729276e+00 -1.337872e+01 -2.230023e+01
      vertex   8.702582e+00 -1.315887e+01 -2.230023e+01
    endloop
  endfacet
  facet normal 2.481424e-12 5.065864e-13 -1.000000e+00
    outer loop
      vertex   8.702582e+00 -1.315887e+01 -2.230023e+01
      vertex   8.658283e+00 -1.294188e+01 -2.230023e+01
      vertex   1.741705e+01 -1.070217e+01 -2.230023e+01
    endloop
  endfacet
  facet normal 2.430912e-12 7.041223e-13 -1.000000e+00
    outer loop
      vertex   1.741705e+01 -1.070217e+01 -2.230023e+01
      vertex   8.658283e+00 -1.294188e+01 -2.230023e+01
      vertex   8.596669e+00 -1.272916e+01 -2.230023e+01
    endloop
  endfacet
  facet normal 2.384872e-12 9.044628e-13 -1.000000e+00
    outer loop
      vertex   1.741705e+01 -1.070217e+01 -2.230023e+01
      vertex   8.596669e+00 -1.272916e+01 -2.230023e+01
      vertex   8.518137e+00 -1.252209e+01 -2.230023e+01
    endloop
  endfacet
  facet normal 2.342523e-12 1.111541e-12 -1.000000e+00
    outer loop
      vertex   8.518137e+00 -1.252209e+01 -2.230023e+01
      vertex   8.423198e+00 -1.232201e+01 -2.230023e+01
      vertex   1.741705e+01 -1.070217e+01 -2.230023e+01
    endloop
  endfacet
  facet normal 2.151643e-14 1.399848e-11 -1.000000e+00
    outer loop
      vertex   1.741705e+01 -1.070217e+01 -2.230023e+01
      vertex   8.423198e+00 -1.232201e+01 -2.230023e+01
      vertex   1.031705e+01 -1.070217e+01 -2.230023e+01
    endloop
  endfacet
  facet normal 8.029525e-12 4.635848e-12 -1.000000e+00
    outer loop
      vertex   1.031705e+01 -1.070217e+01 -2.230023e+01
      vertex   8.423198e+00 -1.232201e+01 -2.230023e+01
      vertex   8.312466e+00 -1.213022e+01 -2.230023e+01
    endloop
  endfacet
  facet normal 7.596600e-12 5.243554e-12 -1.000000e+00
    outer loop
      vertex   1.031705e+01 -1.070217e+01 -2.230023e+01
      vertex   8.312466e+00 -1.213022e+01 -2.230023e+01
      vertex   8.186661e+00 -1.194796e+01 -2.230023e+01
    endloop
  endfacet
  facet normal 7.217079e-12 5.892562e-12 -1.000000e+00
    outer loop
      vertex   8.186661e+00 -1.194796e+01 -2.230023e+01
      vertex   8.046598e+00 -1.177641e+01 -2.230023e+01
      vertex   1.031705e+01 -1.070217e+01 -2.230023e+01
    endloop
  endfacet
  facet normal 6.878914e-12 6.607286e-12 -1.000000e+00
    outer loop
      vertex   1.031705e+01 -1.070217e+01 -2.230023e+01
      vertex   8.046598e+00 -1.177641e+01 -2.230023e+01
      vertex   7.893185e+00 -1.161669e+01 -2.230023e+01
    endloop
  endfacet
  facet normal 6.572656e-12 7.418995e-12 -1.000000e+00
    outer loop
      vertex   1.031705e+01 -1.070217e+01 -2.230023e+01
      vertex   7.893185e+00 -1.161669e+01 -2.230023e+01
      vertex   7.727418e+00 -1.146984e+01 -2.230023e+01
    endloop
  endfacet
  facet normal 6.290432e-12 8.371045e-12 -1.000000e+00
    outer loop
      vertex   7.727418e+00 -1.146984e+01 -2.230023e+01
      vertex   7.550372e+00 -1.133679e+01 -2.230023e+01
      vertex   1.031705e+01 -1.070217e+01 -2.230023e+01
    endloop
  endfacet
  facet normal 6.025073e-12 9.527891e-12 -1.000000e+00
    outer loop
      vertex   1.031705e+01 -1.070217e+01 -2.230023e+01
      vertex   7.550372e+00 -1.133679e+01 -2.230023e+01
      vertex   7.363193e+00 -1.121843e+01 -2.230023e+01
    endloop
  endfacet
  facet normal 5.769150e-12 1.099220e-11 -1.000000e+00
    outer loop
      vertex   1.031705e+01 -1.070217e+01 -2.230023e+01
      vertex   7.363193e+00 -1.121843e+01 -2.230023e+01
      vertex   7.167098e+00 -1.111551e+01 -2.230023e+01
    endloop
  endfacet
  facet normal 5.513477e-12 1.294061e-11 -1.000000e+00
    outer loop
      vertex   7.167098e+00 -1.111551e+01 -2.230023e+01
      vertex   6.963357e+00 -1.102871e+01 -2.230023e+01
      vertex   1.031705e+01 -1.070217e+01 -2.230023e+01
    endloop
  endfacet
  facet normal 5.244044e-12 1.570783e-11 -1.000000e+00
    outer loop
      vertex   1.031705e+01 -1.070217e+01 -2.230023e+01
      vertex   6.963357e+00 -1.102871e+01 -2.230023e+01
      vertex   6.753291e+00 -1.095858e+01 -2.230023e+01
    endloop
  endfacet
  facet normal 4.933950e-12 2.001782e-11 -1.000000e+00
    outer loop
      vertex   1.031705e+01 -1.070217e+01 -2.230023e+01
      vertex   6.753291e+00 -1.095858e+01 -2.230023e+01
      vertex   6.538264e+00 -1.090558e+01 -2.230023e+01
    endloop
  endfacet
  facet normal 6.011472e-12 0.000000e+00 -1.000000e+00
    outer loop
      vertex   1.031705e+01 -1.070217e+01 -2.230023e+01
      vertex   6.538264e+00 -1.090558e+01 -2.230023e+01
      vertex   1.031705e+01 -9.702171e+00 -2.230023e+01
    endloop
  endfacet
  facet normal 2.031187e-12 1.249840e-11 -1.000000e+00
    outer loop
      vertex   1.031705e+01 -9.702171e+00 -2.230023e+01
      vertex   6.538264e+00 -1.090558e+01 -2.230023e+01
      vertex   6.319669e+00 -1.087005e+01 -2.230023e+01
    endloop
  endfacet
  facet normal 1.230278e-12 1.523972e-11 -1.000000e+00
    outer loop
      vertex   1.031705e+01 -9.702171e+00 -2.230023e+01
      vertex   6.319669e+00 -1.087005e+01 -2.230023e+01
      vertex   6.098925e+00 -1.085223e+01 -2.230023e+01
    endloop
  endfacet
  facet normal 0.000000e+00 1.975207e-11 -1.000000e+00
    outer loop
      vertex   6.098925e+00 -1.085223e+01 -2.230023e+01
      vertex   5.877462e+00 -1.085223e+01 -2.230023e+01
      vertex   1.031705e+01 -9.702171e+00 -2.230023e+01
    endloop
  endfacet
  facet normal -2.316438e-12 2.869424e-11 -1.000000e+00
    outer loop
      vertex   1.031705e+01 -9.702171e+00 -2.230023e+01
      vertex   5.877462e+00 -1.085223e+01 -2.230023e+01
      vertex   5.656718e+00 -1.087005e+01 -2.230023e+01
    endloop
  endfacet
  facet normal -3.166149e-27 1.945068e-11 -1.000000e+00
    outer loop
      vertex   1.031705e+01 -9.702171e+00 -2.230023e+01
      vertex   5.656718e+00 -1.087005e+01 -2.230023e+01
      vertex   -5.686108e+00 -1.087005e+01 -2.230023e+01
    endloop
  endfacet
  facet normal 0.000000e+00 0.000000e+00 -1.000000e+00
    outer loop
      vertex   -5.686108e+00 -1.087005e+01 -2.230023e+01
      vertex   5.656718e+00 -1.087005e+01 -2.230023e+01
      vertex   -5.467513e+00 -1.090558e+01 -2.230023e+01
    endloop
  endfacet
  facet normal 0.000000e+00 0.000000e+00 -1.000000e+00
    outer loop
      vertex   -5.467513e+00 -1.090558e+01 -2.230023e+01
      vertex   5.656718e+00 -1.087005e+01 -2.230023e+01
      vertex   5.438123e+00 -1.090558e+01 -2.230023e+01
    endloop
  endfacet
  facet normal 0.000000e+00 0.000000e+00 -1.000000e+00
    outer loop
      vertex   -5.467513e+00 -1.090558e+01 -2.230023e+01
      vertex   5.438123e+00 -1.090558e+01 -2.230023e+01
      vertex   -5.252486e+00 -1.095858e+01 -2.230023e+01
    endloop
  endfacet
  facet normal 0.000000e+00 0.000000e+00 -1.000000e+00
    outer loop
      vertex   -5.252486e+00 -1.095858e+01 -2.230023e+01
      vertex   5.438123e+00 -1.090558e+01 -2.230023e+01
      vertex   5.223095e+00 -1.095858e+01 -2.230023e+01
    endloop
  endfacet
  facet normal 0.000000e+00 0.000000e+00 -1.000000e+00
    outer loop
      vertex   -5.252486e+00 -1.095858e+01 -2.230023e+01
      vertex   5.223095e+00 -1.095858e+01 -2.230023e+01
      vertex   -5.042420e+00 -1.102871e+01 -2.230023e+01
    endloop
  endfacet
  facet normal 0.000000e+00 0.000000e+00 -1.000000e+00
    outer loop
      vertex   -5.042420e+00 -1.102871e+01 -2.230023e+01
      vertex   5.223095e+00 -1.095858e+01 -2.230023e+01
      vertex   5.013030e+00 -1.102871e+01 -2.230023e+01
    endloop
  endfacet
  facet normal 0.000000e+00 0.000000e+00 -1.000000e+00
    outer loop
      vertex   -5.042420e+00 -1.102871e+01 -2.230023e+01
      vertex   5.013030e+00 -1.102871e+01 -2.230023e+01
      vertex   -4.838679e+00 -1.111551e+01 -2.230023e+01
    endloop
  endfacet
  facet normal 0.000000e+00 0.000000e+00 -1.000000e+00
    outer loop
      vertex   -4.838679e+00 -1.111551e+01 -2.230023e+01
      vertex   5.013030e+00 -1.102871e+01 -2.230023e+01
      vertex   4.809289e+00 -1.111551e+01 -2.230023e+01
    endloop
  endfacet
  facet normal 0.000000e+00 0.000000e+00 -1.000000e+00
    outer loop
      vertex   -4.838679e+00 -1.111551e+01 -2.230023e+01
      vertex   4.809289e+00 -1.111551e+01 -2.230023e+01
      vertex   -4.642584e+00 -1.121843e+01 -2.230023e+01
    endloop
  endfacet
  facet normal 0.000000e+00 0.000000e+00 -1.000000e+00
    outer loop
      vertex   -4.642584e+00 -1.121843e+01 -2.230023e+01
      vertex   4.809289e+00 -1.111551e+01 -2.230023e+01
      vertex   4.613193e+00 -1.121843e+01 -2.230023e+01
    endloop
  endfacet
  facet normal 0.000000e+00 0.000000e+00 -1.000000e+00
    outer loop
      vertex   -4.642584e+00 -1.121843e+01 -2.230023e+01
      vertex   4.613193e+00 -1.121843e+01 -2.230023e+01
      vertex   -4.455406e+00 -1.133679e+01 -2.230023e+01
    endloop
  endfacet
  facet normal 0.000000e+00 0.000000e+00 -1.000000e+00
    outer loop
      vertex   -4.455406e+00 -1.133679e+01 -2.230023e+01
      vertex   4.613193e+00 -1.121843e+01 -2.230023e+01
      vertex   4.426015e+00 -1.133679e+01 -2.230023e+01
    endloop
  endfacet
  facet normal 0.000000e+00 0.000000e+00 -1.000000e+00
    outer loop
      vertex   -4.455406e+00 -1.133679e+01 -2.230023e+01
      vertex   4.426015e+00 -1.133679e+01 -2.230023e+01
      vertex   -4.278359e+00 -1.146984e+01 -2.230023e+01
    endloop
  endfacet
  facet normal 0.000000e+00 0.000000e+00 -1.000000e+00
    outer loop
      vertex   -4.278359e+00 -1.146984e+01 -2.230023e+01
      vertex   4.426015e+00 -1.133679e+01 -2.230023e+01
      vertex   4.248969e+00 -1.146984e+01 -2.230023e+01
    endloop
  endfacet
  facet normal 0.000000e+00 0.000000e+00 -1.000000e+00
    outer loop
      vertex   -4.278359e+00 -1.146984e+01 -2.230023e+01
      vertex   4.248969e+00 -1.146984e+01 -2.230023e+01
      vertex   -4.112592e+00 -1.161669e+01 -2.230023e+01
    endloop
  endfacet
  facet normal 0.000000e+00 0.000000e+00 -1.000000e+00
    outer loop
      vertex   -4.112592e+00 -1.161669e+01 -2.230023e+01
      vertex   4.248969e+00 -1.146984e+01 -2.230023e+01
      vertex   4.083201e+00 -1.161669e+01 -2.230023e+01
    endloop
  endfacet
  facet normal 0.000000e+00 0.000000e+00 -1.000000e+00
    outer loop
      vertex   -4.112592e+00 -1.161669e+01 -2.230023e+01
      vertex   4.083201e+00 -1.161669e+01 -2.230023e+01
      vertex   -3.959179e+00 -1.177641e+01 -2.230023e+01
    endloop
  endfacet
  facet normal 0.000000e+00 0.000000e+00 -1.000000e+00
    outer loop
      vertex   -3.959179e+00 -1.177641e+01 -2.230023e+01
      vertex   4.083201e+00 -1.161669e+01 -2.230023e+01
      vertex   3.929789e+00 -1.177641e+01 -2.230023e+01
    endloop
  endfacet
  facet normal 0.000000e+00 0.000000e+00 -1.000000e+00
    outer loop
      vertex   -3.959179e+00 -1.177641e+01 -2.230023e+01
      vertex   3.929789e+00 -1.177641e+01 -2.230023e+01
      vertex   -3.819116e+00 -1.194796e+01 -2.230023e+01
    endloop
  endfacet
  facet normal 0.000000e+00 0.000000e+00 -1.000000e+00
    outer loop
      vertex   -3.819116e+00 -1.194796e+01 -2.230023e+01
      vertex   3.929789e+00 -1.177641e+01 -2.230023e+01
      vertex   3.789726e+00 -1.194796e+01 -2.230023e+01
    endloop
  endfacet
  facet normal 0.000000e+00 0.000000e+00 -1.000000e+00
    outer loop
      vertex   -3.819116e+00 -1.194796e+01 -2.230023e+01
      vertex   3.789726e+00 -1.194796e+01 -2.230023e+01
      vertex   -3.693311e+00 -1.213022e+01 -2.230023e+01
    endloop
  endfacet
  facet normal 0.000000e+00 0.000000e+00 -1.000000e+00
    outer loop
      vertex   -3.693311e+00 -1.213022e+01 -2.230023e+01
      vertex   3.789726e+00 -1.194796e+01 -2.230023e+01
      vertex   3.663921e+00 -1.213022e+01 -2.230023e+01
    endloop
  endfacet
  facet normal 0.000000e+00 0.000000e+00 -1.000000e+00
    outer loop
      vertex   -3.693311e+00 -1.213022e+01 -2.230023e+01
      vertex   3.663921e+00 -1.213022e+01 -2.230023e+01
      vertex   -3.582580e+00 -1.232201e+01 -2.230023e+01
    endloop
  endfacet
  facet normal 0.000000e+00 0.000000e+00 -1.000000e+00
    outer loop
      vertex   -3.582580e+00 -1.232201e+01 -2.230023e+01
      vertex   3.663921e+00 -1.213022e+01 -2.230023e+01
      vertex   3.553189e+00 -1.232201e+01 -2.230023e+01
    endloop
  endfacet
  facet normal 0.000000e+00 0.000000e+00 -1.000000e+00
    outer loop
      vertex   -3.582580e+00 -1.232201e+01 -2.230023e+01
      vertex   3.553189e+00 -1.232201e+01 -2.230023e+01
      vertex   -3.487640e+00 -1.252209e+01 -2.230023e+01
    endloop
  endfacet
  facet normal 0.000000e+00 0.000000e+00 -1.000000e+00
    outer loop
      vertex   -3.487640e+00 -1.252209e+01 -2.230023e+01
      vertex   3.553189e+00 -1.232201e+01 -2.230023e+01
      vertex   3.458250e+00 -1.252209e+01 -2.230023e+01
    endloop
  endfacet
  facet normal 0.000000e+00 0.000000e+00 -1.000000e+00
    outer loop
      vertex   -3.487640e+00 -1.252209e+01 -2.230023e+01
      vertex   3.458250e+00 -1.252209e+01 -2.230023e+01
      vertex   -3.409108e+00 -1.272916e+01 -2.230023e+01
    endloop
  endfacet
  facet normal 0.000000e+00 0.000000e+00 -1.000000e+00
    outer loop
      vertex   -3.409108e+00 -1.272916e+01 -2.230023e+01
      vertex   3.458250e+00 -1.252209e+01 -2.230023e+01
      vertex   3.379718e+00 -1.272916e+01 -2.230023e+01
    endloop
  endfacet
  facet normal 0.000000e+00 0.000000e+00 -1.000000e+00
    outer loop
      vertex   -3.409108e+00 -1.272916e+01 -2.230023e+01
      vertex   3.379718e+00 -1.272916e+01 -2.230023e+01
      vertex   -3.347494e+00 -1.294188e+01 -2.230023e+01
    endloop
  endfacet
  facet normal 0.000000e+00 0.000000e+00 -1.000000e+00
    outer loop
      vertex   -3.347494e+00 -1.294188e+01 -2.230023e+01
      vertex   3.379718e+00 -1.272916e+01 -2.230023e+01
      vertex   3.318103e+00 -1.294188e+01 -2.230023e+01
    endloop
  endfacet
  facet normal 0.000000e+00 0.000000e+00 -1.000000e+00
    outer loop
      vertex   -3.347494e+00 -1.294188e+01 -2.230023e+01
      vertex   3.318103e+00 -1.294188e+01 -2.230023e+01
      vertex   -3.303195e+00 -1.315887e+01 -2.230023e+01
    endloop
  endfacet
  facet normal 0.000000e+00 0.000000e+00 -1.000000e+00
    outer loop
      vertex   -3.303195e+00 -1.315887e+01 -2.230023e+01
      vertex   3.318103e+00 -1.294188e+01 -2.230023e+01
      vertex   3.273805e+00 -1.315887e+01 -2.230023e+01
    endloop
  endfacet
  facet normal 0.000000e+00 0.000000e+00 -1.000000e+00
    outer loop
      vertex   -3.303195e+00 -1.315887e+01 -2.230023e+01
      vertex   3.273805e+00 -1.315887e+01 -2.230023e+01
      vertex   -3.276501e+00 -1.337872e+01 -2.230023e+01
    endloop
  endfacet
  facet normal 0.000000e+00 0.000000e+00 -1.000000e+00
    outer loop
      vertex   -3.276501e+00 -1.337872e+01 -2.230023e+01
      vertex   3.273805e+00 -1.315887e+01 -2.230023e+01
      vertex   3.247111e+00 -1.337872e+01 -2.230023e+01
    endloop
  endfacet
  facet normal 0.000000e+00 0.000000e+00 -1.000000e+00
    outer loop
      vertex   -3.276501e+00 -1.337872e+01 -2.230023e+01
      vertex   3.247111e+00 -1.337872e+01 -2.230023e+01
      vertex   -3.267584e+00 -1.360000e+01 -2.230023e+01
    endloop
  endfacet
  facet normal 0.000000e+00 0.000000e+00 -1.000000e+00
    outer loop
      vertex   -3.267584e+00 -1.360000e+01 -2.230023e+01
      vertex   3.247111e+00 -1.337872e+01 -2.230023e+01
      vertex   3.238193e+00 -1.360000e+01 -2.230023e+01
    endloop
  endfacet
  facet normal 0.000000e+00 -0.000000e+00 -1.000000e+00
    outer loop
      vertex   -3.267584e+00 -1.360000e+01 -2.230023e+01
      vertex   3.238193e+00 -1.360000e+01 -2.230023e+01
      vertex   -3.276501e+00 -1.382128e+01 -2.230023e+01
    endloop
  endfacet
  facet normal 0.000000e+00 0.000000e+00 -1.000000e+00
    outer loop
      vertex   -3.276501e+00 -1.382128e+01 -2.230023e+01
      vertex   3.238193e+00 -1.360000e+01 -2.230023e+01
      vertex   3.247111e+00 -1.382128e+01 -2.230023e+01
    endloop
  endfacet
  facet normal 0.000000e+00 -0.000000e+00 -1.000000e+00
    outer loop
      vertex   -3.276501e+00 -1.382128e+01 -2.230023e+01
      vertex   3.247111e+00 -1.382128e+01 -2.230023e+01
      vertex   -3.303195e+00 -1.404113e+01 -2.230023e+01
    endloop
  endfacet
  facet normal 0.000000e+00 0.000000e+00 -1.000000e+00
    outer loop
      vertex   -3.303195e+00 -1.404113e+01 -2.230023e+01
      vertex   3.247111e+00 -1.382128e+01 -2.230023e+01
      vertex   3.273805e+00 -1.404113e+01 -2.230023e+01
    endloop
  endfacet
  facet normal 0.000000e+00 -0.000000e+00 -1.000000e+00
    outer loop
      vertex   -3.303195e+00 -1.404113e+01 -2.230023e+01
      vertex   3.273805e+00 -1.404113e+01 -2.230023e+01
      vertex   -3.347494e+00 -1.425812e+01 -2.230023e+01
    endloop
  endfacet
  facet normal 0.000000e+00 0.000000e+00 -1.000000e+00
    outer loop
      vertex   -3.347494e+00 -1.425812e+01 -2.230023e+01
      vertex   3.273805e+00 -1.404113e+01 -2.230023e+01
      vertex   3.318103e+00 -1.425812e+01 -2.230023e+01
    endloop
  endfacet
  facet normal 0.000000e+00 -0.000000e+00 -1.000000e+00
    outer loop
      vertex   -3.347494e+00 -1.425812e+01 -2.230023e+01
      vertex   3.318103e+00 -1.425812e+01 -2.230023e+01
      vertex   -3.409108e+00 -1.447084e+01 -2.230023e+01
    endloop
  endfacet
  facet normal 0.000000e+00 0.000000e+00 -1.000000e+00
    outer loop
      vertex   -3.409108e+00 -1.447084e+01 -2.230023e+01
      vertex   3.318103e+00 -1.425812e+01 -2.230023e+01
      vertex   3.379718e+00 -1.447084e+01 -2.230023e+01
    endloop
  endfacet
  facet normal 0.000000e+00 -0.000000e+00 -1.000000e+00
    outer loop
      vertex   -3.409108e+00 -1.447084e+01 -2.230023e+01
      vertex   3.379718e+00 -1.447084e+01 -2.230023e+01
      vertex   -3.487640e+00 -1.467791e+01 -2.230023e+01
    endloop
  endfacet
  facet normal 0.000000e+00 0.000000e+00 -1.000000e+00
    outer loop
      vertex   -3.487640e+00 -1.467791e+01 -2.230023e+01
      vertex   3.379718e+00 -1.447084e+01 -2.230023e+01
      vertex   3.458250e+00 -1.467791e+01 -2.230023e+01
    endloop
  endfacet
  facet normal 0.000000e+00 -0.000000e+00 -1.000000e+00
    outer loop
      vertex   -3.487640e+00 -1.467791e+01 -2.230023e+01
      vertex   3.458250e+00 -1.467791e+01 -2.230023e+01
      vertex   -3.582580e+00 -1.487799e+01 -2.230023e+01
    endloop
  endfacet
  facet normal 0.000000e+00 0.000000e+00 -1.000000e+00
    outer loop
      vertex   -3.582580e+00 -1.487799e+01 -2.230023e+01
      vertex   3.458250e+00 -1.467791e+01 -2.230023e+01
      vertex   3.553189e+00 -1.487799e+01 -2.230023e+01
    endloop
  endfacet
  facet normal 0.000000e+00 -0.000000e+00 -1.000000e+00
    outer loop
      vertex   -3.582580e+00 -1.487799e+01 -2.230023e+01
      vertex   3.553189e+00 -1.487799e+01 -2.230023e+01
      vertex   -3.693311e+00 -1.506978e+01 -2.230023e+01
    endloop
  endfacet
  facet normal 0.000000e+00 0.000000e+00 -1.000000e+00
    outer loop
      vertex   -3.693311e+00 -1.506978e+01 -2.230023e+01
      vertex   3.553189e+00 -1.487799e+01 -2.230023e+01
      vertex   3.663921e+00 -1.506978e+01 -2.230023e+01
    endloop
  endfacet
  facet normal 0.000000e+00 -0.000000e+00 -1.000000e+00
    outer loop
      vertex   -3.693311e+00 -1.506978e+01 -2.230023e+01
      vertex   3.663921e+00 -1.506978e+01 -2.230023e+01
      vertex   -3.819116e+00 -1.525204e+01 -2.230023e+01
    endloop
  endfacet
  facet normal 0.000000e+00 0.000000e+00 -1.000000e+00
    outer loop
      vertex   -3.819116e+00 -1.525204e+01 -2.230023e+01
      vertex   3.663921e+00 -1.506978e+01 -2.230023e+01
      vertex   3.789726e+00 -1.525204e+01 -2.230023e+01
    endloop
  endfacet
  facet normal 0.000000e+00 -0.000000e+00 -1.000000e+00
    outer loop
      vertex   -3.819116e+00 -1.525204e+01 -2.230023e+01
      vertex   3.789726e+00 -1.525204e+01 -2.230023e+01
      vertex   -3.959179e+00 -1.542359e+01 -2.230023e+01
    endloop
  endfacet
  facet normal 0.000000e+00 0.000000e+00 -1.000000e+00
    outer loop
      vertex   -3.959179e+00 -1.542359e+01 -2.230023e+01
      vertex   3.789726e+00 -1.525204e+01 -2.230023e+01
      vertex   3.929789e+00 -1.542359e+01 -2.230023e+01
    endloop
  endfacet
  facet normal 0.000000e+00 -0.000000e+00 -1.000000e+00
    outer loop
      vertex   -3.959179e+00 -1.542359e+01 -2.230023e+01
      vertex   3.929789e+00 -1.542359e+01 -2.230023e+01
      vertex   -4.112592e+00 -1.558331e+01 -2.230023e+01
    endloop
  endfacet
  facet normal 0.000000e+00 0.000000e+00 -1.000000e+00
    outer loop
      vertex   -4.112592e+00 -1.558331e+01 -2.230023e+01
      vertex   3.929789e+00 -1.542359e+01 -2.230023e+01
      vertex   4.083201e+00 -1.558331e+01 -2.230023e+01
    endloop
  endfacet
  facet normal 0.000000e+00 -0.000000e+00 -1.000000e+00
    outer loop
      vertex   -4.112592e+00 -1.558331e+01 -2.230023e+01
      vertex   4.083201e+00 -1.558331e+01 -2.230023e+01
      vertex   -4.278359e+00 -1.573016e+01 -2.230023e+01
    endloop
  endfacet
  facet normal 0.000000e+00 0.000000e+00 -1.000000e+00
    outer loop
      vertex   -4.278359e+00 -1.573016e+01 -2.230023e+01
      vertex   4.083201e+00 -1.558331e+01 -2.230023e+01
      vertex   4.248969e+00 -1.573016e+01 -2.230023e+01
    endloop
  endfacet
  facet normal 0.000000e+00 -0.000000e+00 -1.000000e+00
    outer loop
      vertex   -4.278359e+00 -1.573016e+01 -2.230023e+01
      vertex   4.248969e+00 -1.573016e+01 -2.230023e+01
      vertex   -4.455406e+00 -1.586321e+01 -2.230023e+01
    endloop
  endfacet
  facet normal 0.000000e+00 0.000000e+00 -1.000000e+00
    outer loop
      vertex   -4.455406e+00 -1.586321e+01 -2.230023e+01
      vertex   4.248969e+00 -1.573016e+01 -2.230023e+01
      vertex   4.426015e+00 -1.586321e+01 -2.230023e+01
    endloop
  endfacet
  facet normal 0.000000e+00 -0.000000e+00 -1.000000e+00
    outer loop
      vertex   -4.455406e+00 -1.586321e+01 -2.230023e+01
      vertex   4.426015e+00 -1.586321e+01 -2.230023e+01
      vertex   -4.642584e+00 -1.598157e+01 -2.230023e+01
    endloop
  endfacet
  facet normal 0.000000e+00 0.000000e+00 -1.000000e+00
    outer loop
      vertex   -4.642584e+00 -1.598157e+01 -2.230023e+01
      vertex   4.426015e+00 -1.586321e+01 -2.230023e+01
      vertex   4.613193e+00 -1.598157e+01 -2.230023e+01
    endloop
  endfacet
  facet normal 0.000000e+00 -0.000000e+00 -1.000000e+00
    outer loop
      vertex   -4.642584e+00 -1.598157e+01 -2.230023e+01
      vertex   4.613193e+00 -1.598157e+01 -2.230023e+01
      vertex   -4.838679e+00 -1.608449e+01 -2.230023e+01
    endloop
  endfacet
  facet normal 0.000000e+00 0.000000e+00 -1.000000e+00
    outer loop
      vertex   -4.838679e+00 -1.608449e+01 -2.230023e+01
      vertex   4.613193e+00 -1.598157e+01 -2.230023e+01
      vertex   4.809289e+00 -1.608449e+01 -2.230023e+01
    endloop
  endfacet
  facet normal 0.000000e+00 -0.000000e+00 -1.000000e+00
    outer loop
      vertex   -4.838679e+00 -1.608449e+01 -2.230023e+01
      vertex   4.809289e+00 -1.608449e+01 -2.230023e+01
      vertex   -5.042420e+00 -1.617129e+01 -2.230023e+01
    endloop
  endfacet
  facet normal 0.000000e+00 0.000000e+00 -1.000000e+00
    outer loop
      vertex   -5.042420e+00 -1.617129e+01 -2.230023e+01
      vertex   4.809289e+00 -1.608449e+01 -2.230023e+01
      vertex   5.013030e+00 -1.617129e+01 -2.230023e+01
    endloop
  endfacet
  facet normal 0.000000e+00 -0.000000e+00 -1.000000e+00
    outer loop
      vertex   -5.042420e+00 -1.617129e+01 -2.230023e+01
      vertex   5.013030e+00 -1.617129e+01 -2.230023e+01
      vertex   -5.252486e+00 -1.624142e+01 -2.230023e+01
    endloop
  endfacet
  facet normal 0.000000e+00 0.000000e+00 -1.000000e+00
    outer loop
      vertex   -5.252486e+00 -1.624142e+01 -2.230023e+01
      vertex   5.013030e+00 -1.617129e+01 -2.230023e+01
      vertex   5.223095e+00 -1.624142e+01 -2.230023e+01
    endloop
  endfacet
  facet normal 0.000000e+00 -0.000000e+00 -1.000000e+00
    outer loop
      vertex   -5.252486e+00 -1.624142e+01 -2.230023e+01
      vertex   5.223095e+00 -1.624142e+01 -2.230023e+01
      vertex   -5.467513e+00 -1.629442e+01 -2.230023e+01
    endloop
  endfacet
  facet normal 0.000000e+00 0.000000e+00 -1.000000e+00
    outer loop
      vertex   -5.467513e+00 -1.629442e+01 -2.230023e+01
      vertex   5.223095e+00 -1.624142e+01 -2.230023e+01
      vertex   5.438123e+00 -1.629442e+01 -2.230023e+01
    endloop
  endfacet
  facet normal 0.000000e+00 -0.000000e+00 -1.000000e+00
    outer loop
      vertex   -5.467513e+00 -1.629442e+01 -2.230023e+01
      vertex   5.438123e+00 -1.629442e+01 -2.230023e+01
      vertex   -5.686108e+00 -1.632995e+01 -2.230023e+01
    endloop
  endfacet
  facet normal 0.000000e+00 0.000000e+00 -1.000000e+00
    outer loop
      vertex   -5.686108e+00 -1.632995e+01 -2.230023e+01
      vertex   5.438123e+00 -1.629442e+01 -2.230023e+01
      vertex   5.656718e+00 -1.632995e+01 -2.230023e+01
    endloop
  endfacet
  facet normal 0.000000e+00 -3.644915e-12 -1.000000e+00
    outer loop
      vertex   -5.686108e+00 -1.632995e+01 -2.230023e+01
      vertex   5.656718e+00 -1.632995e+01 -2.230023e+01
      vertex   1.741705e+01 -2.260217e+01 -2.230023e+01
    endloop
  endfacet
  facet normal -3.467307e-13 -4.295030e-12 -1.000000e+00
    outer loop
      vertex   1.741705e+01 -2.260217e+01 -2.230023e+01
      vertex   5.656718e+00 -1.632995e+01 -2.230023e+01
      vertex   5.877462e+00 -1.634777e+01 -2.230023e+01
    endloop
  endfacet
  facet normal 7.390180e-27 -3.655300e-12 -1.000000e+00
    outer loop
      vertex   1.741705e+01 -2.260217e+01 -2.230023e+01
      vertex   5.877462e+00 -1.634777e+01 -2.230023e+01
      vertex   6.098925e+00 -1.634777e+01 -2.230023e+01
    endloop
  endfacet
  facet normal 2.574726e-13 -3.189371e-12 -1.000000e+00
    outer loop
      vertex   6.098925e+00 -1.634777e+01 -2.230023e+01
      vertex   6.319669e+00 -1.632995e+01 -2.230023e+01
      vertex   1.741705e+01 -2.260217e+01 -2.230023e+01
    endloop
  endfacet
  facet normal 4.600691e-13 -2.830919e-12 -1.000000e+00
    outer loop
      vertex   1.741705e+01 -2.260217e+01 -2.230023e+01
      vertex   6.319669e+00 -1.632995e+01 -2.230023e+01
      vertex   6.538264e+00 -1.629442e+01 -2.230023e+01
    endloop
  endfacet
  facet normal 6.268581e-13 -2.543263e-12 -1.000000e+00
    outer loop
      vertex   1.741705e+01 -2.260217e+01 -2.230023e+01
      vertex   6.538264e+00 -1.629442e+01 -2.230023e+01
      vertex   6.753291e+00 -1.624142e+01 -2.230023e+01
    endloop
  endfacet
  facet normal 7.693268e-13 -2.304415e-12 -1.000000e+00
    outer loop
      vertex   6.753291e+00 -1.624142e+01 -2.230023e+01
      vertex   6.963357e+00 -1.617129e+01 -2.230023e+01
      vertex   1.741705e+01 -2.260217e+01 -2.230023e+01
    endloop
  endfacet
  facet normal 8.948704e-13 -2.100338e-12 -1.000000e+00
    outer loop
      vertex   1.741705e+01 -2.260217e+01 -2.230023e+01
      vertex   6.963357e+00 -1.617129e+01 -2.230023e+01
      vertex   7.167098e+00 -1.608449e+01 -2.230023e+01
    endloop
  endfacet
  facet normal 1.008530e-12 -1.921593e-12 -1.000000e+00
    outer loop
      vertex   1.741705e+01 -2.260217e+01 -2.230023e+01
      vertex   7.167098e+00 -1.608449e+01 -2.230023e+01
      vertex   7.363193e+00 -1.598157e+01 -2.230023e+01
    endloop
  endfacet
  facet normal 1.113929e-12 -1.761537e-12 -1.000000e+00
    outer loop
      vertex   7.363193e+00 -1.598157e+01 -2.230023e+01
      vertex   7.550372e+00 -1.586321e+01 -2.230023e+01
      vertex   1.741705e+01 -2.260217e+01 -2.230023e+01
    endloop
  endfacet
  facet normal 1.213814e-12 -1.615293e-12 -1.000000e+00
    outer loop
      vertex   1.741705e+01 -2.260217e+01 -2.230023e+01
      vertex   7.550372e+00 -1.586321e+01 -2.230023e+01
      vertex   7.727418e+00 -1.573016e+01 -2.230023e+01
    endloop
  endfacet
  facet normal 1.310388e-12 -1.479122e-12 -1.000000e+00
    outer loop
      vertex   1.741705e+01 -2.260217e+01 -2.230023e+01
      vertex   7.727418e+00 -1.573016e+01 -2.230023e+01
      vertex   7.893185e+00 -1.558331e+01 -2.230023e+01
    endloop
  endfacet
  facet normal 1.405528e-12 -1.350028e-12 -1.000000e+00
    outer loop
      vertex   7.893185e+00 -1.558331e+01 -2.230023e+01
      vertex   8.046598e+00 -1.542359e+01 -2.230023e+01
      vertex   1.741705e+01 -2.260217e+01 -2.230023e+01
    endloop
  endfacet
  facet normal 1.500941e-12 -1.225481e-12 -1.000000e+00
    outer loop
      vertex   1.741705e+01 -2.260217e+01 -2.230023e+01
      vertex   8.046598e+00 -1.542359e+01 -2.230023e+01
      vertex   8.186661e+00 -1.525204e+01 -2.230023e+01
    endloop
  endfacet
  facet normal 1.598295e-12 -1.103223e-12 -1.000000e+00
    outer loop
      vertex   1.741705e+01 -2.260217e+01 -2.230023e+01
      vertex   8.186661e+00 -1.525204e+01 -2.230023e+01
      vertex   8.312466e+00 -1.506978e+01 -2.230023e+01
    endloop
  endfacet
  facet normal 2.511506e-12 5.970947e-16 -1.000000e+00
    outer loop
      vertex   1.741705e+01 -2.260217e+01 -2.230023e+01
      vertex   8.312466e+00 -1.506978e+01 -2.230023e+01
      vertex   1.741705e+01 -1.070217e+01 -2.230023e+01
    endloop
  endfacet
  facet normal 3.473952e-12 -2.005687e-12 -1.000000e+00
    outer loop
      vertex   1.741705e+01 -1.070217e+01 -2.230023e+01
      vertex   8.312466e+00 -1.506978e+01 -2.230023e+01
      vertex   8.423198e+00 -1.487799e+01 -2.230023e+01
    endloop
  endfacet
  facet normal 3.261197e-12 -1.547457e-12 -1.000000e+00
    outer loop
      vertex   1.741705e+01 -1.070217e+01 -2.230023e+01
      vertex   8.423198e+00 -1.487799e+01 -2.230023e+01
      vertex   8.518137e+00 -1.467791e+01 -2.230023e+01
    endloop
  endfacet
  facet normal 3.094097e-12 -1.173436e-12 -1.000000e+00
    outer loop
      vertex   8.518137e+00 -1.467791e+01 -2.230023e+01
      vertex   8.596669e+00 -1.447084e+01 -2.230023e+01
      vertex   1.741705e+01 -1.070217e+01 -2.230023e+01
    endloop
  endfacet
  facet normal 2.958920e-12 -8.570617e-13 -1.000000e+00
    outer loop
      vertex   1.741705e+01 -1.070217e+01 -2.230023e+01
      vertex   8.596669e+00 -1.447084e+01 -2.230023e+01
      vertex   8.658283e+00 -1.425812e+01 -2.230023e+01
    endloop
  endfacet
  facet normal 2.846925e-12 -5.812040e-13 -1.000000e+00
    outer loop
      vertex   1.741705e+01 -1.070217e+01 -2.230023e+01
      vertex   8.658283e+00 -1.425812e+01 -2.230023e+01
      vertex   8.702582e+00 -1.404113e+01 -2.230023e+01
    endloop
  endfacet
  facet normal 2.752281e-12 -3.341874e-13 -1.000000e+00
    outer loop
      vertex   8.702582e+00 -1.404113e+01 -2.230023e+01
      vertex   8.729276e+00 -1.382128e+01 -2.230023e+01
      vertex   1.741705e+01 -1.070217e+01 -2.230023e+01
    endloop
  endfacet
  facet normal 9.511977e-13 6.416659e-12 -1.000000e+00
    outer loop
      vertex   1.031705e+01 -9.702171e+00 -2.230023e+01
      vertex   -5.686108e+00 -1.087005e+01 -2.230023e+01
      vertex   -1.133095e+01 -9.702171e+00 -2.230023e+01
    endloop
  endfacet
  facet normal 2.408226e-13 2.983123e-12 -1.000000e+00
    outer loop
      vertex   -1.133095e+01 -9.702171e+00 -2.230023e+01
      vertex   -5.686108e+00 -1.087005e+01 -2.230023e+01
      vertex   -5.906852e+00 -1.085223e+01 -2.230023e+01
    endloop
  endfacet
  facet normal -4.955638e-29 1.847316e-12 -1.000000e+00
    outer loop
      vertex   -1.133095e+01 -9.702171e+00 -2.230023e+01
      vertex   -5.906852e+00 -1.085223e+01 -2.230023e+01
      vertex   -6.128315e+00 -1.085223e+01 -2.230023e+01
    endloop
  endfacet
  facet normal -1.092374e-13 1.353148e-12 -1.000000e+00
    outer loop
      vertex   -6.128315e+00 -1.085223e+01 -2.230023e+01
      vertex   -6.349060e+00 -1.087005e+01 -2.230023e+01
      vertex   -1.133095e+01 -9.702171e+00 -2.230023e+01
    endloop
  endfacet
  facet normal -1.745971e-13 1.074339e-12 -1.000000e+00
    outer loop
      vertex   -1.133095e+01 -9.702171e+00 -2.230023e+01
      vertex   -6.349060e+00 -1.087005e+01 -2.230023e+01
      vertex   -6.567654e+00 -1.090558e+01 -2.230023e+01
    endloop
  endfacet
  facet normal -2.202559e-13 8.936132e-13 -1.000000e+00
    outer loop
      vertex   -1.133095e+01 -9.702171e+00 -2.230023e+01
      vertex   -6.567654e+00 -1.090558e+01 -2.230023e+01
      vertex   -6.782682e+00 -1.095858e+01 -2.230023e+01
    endloop
  endfacet
  facet normal -4.671056e-13 -0.000000e+00 -1.000000e+00
    outer loop
      vertex   -1.133095e+01 -9.702171e+00 -2.230023e+01
      vertex   -6.782682e+00 -1.095858e+01 -2.230023e+01
      vertex   -1.133095e+01 -1.070217e+01 -2.230023e+01
    endloop
  endfacet
  facet normal -3.996247e-13 1.197022e-12 -1.000000e+00
    outer loop
      vertex   -1.133095e+01 -1.070217e+01 -2.230023e+01
      vertex   -6.782682e+00 -1.095858e+01 -2.230023e+01
      vertex   -6.992747e+00 -1.102871e+01 -2.230023e+01
    endloop
  endfacet
  facet normal -4.161969e-13 9.768500e-13 -1.000000e+00
    outer loop
      vertex   -1.133095e+01 -1.070217e+01 -2.230023e+01
      vertex   -6.992747e+00 -1.102871e+01 -2.230023e+01
      vertex   -7.196488e+00 -1.111551e+01 -2.230023e+01
    endloop
  endfacet
  facet normal -4.316365e-13 8.224146e-13 -1.000000e+00
    outer loop
      vertex   -7.196488e+00 -1.111551e+01 -2.230023e+01
      vertex   -7.392584e+00 -1.121843e+01 -2.230023e+01
      vertex   -1.133095e+01 -1.070217e+01 -2.230023e+01
    endloop
  endfacet
  facet normal -4.468195e-13 7.065885e-13 -1.000000e+00
    outer loop
      vertex   -1.133095e+01 -1.070217e+01 -2.230023e+01
      vertex   -7.392584e+00 -1.121843e+01 -2.230023e+01
      vertex   -7.579762e+00 -1.133679e+01 -2.230023e+01
    endloop
  endfacet
  facet normal -4.622828e-13 6.151867e-13 -1.000000e+00
    outer loop
      vertex   -1.133095e+01 -1.070217e+01 -2.230023e+01
      vertex   -7.579762e+00 -1.133679e+01 -2.230023e+01
      vertex   -7.756808e+00 -1.146984e+01 -2.230023e+01
    endloop
  endfacet
  facet normal -4.784251e-13 5.400303e-13 -1.000000e+00
    outer loop
      vertex   -7.756808e+00 -1.146984e+01 -2.230023e+01
      vertex   -7.922576e+00 -1.161669e+01 -2.230023e+01
      vertex   -1.133095e+01 -1.070217e+01 -2.230023e+01
    endloop
  endfacet
  facet normal -4.955979e-13 4.760282e-13 -1.000000e+00
    outer loop
      vertex   -1.133095e+01 -1.070217e+01 -2.230023e+01
      vertex   -7.922576e+00 -1.161669e+01 -2.230023e+01
      vertex   -8.075988e+00 -1.177641e+01 -2.230023e+01
    endloop
  endfacet
  facet normal -5.141564e-13 4.197957e-13 -1.000000e+00
    outer loop
      vertex   -1.133095e+01 -1.070217e+01 -2.230023e+01
      vertex   -8.075988e+00 -1.177641e+01 -2.230023e+01
      vertex   -8.216051e+00 -1.194796e+01 -2.230023e+01
    endloop
  endfacet
  facet normal -5.344972e-13 3.689368e-13 -1.000000e+00
    outer loop
      vertex   -8.216051e+00 -1.194796e+01 -2.230023e+01
      vertex   -8.341856e+00 -1.213022e+01 -2.230023e+01
      vertex   -1.133095e+01 -1.070217e+01 -2.230023e+01
    endloop
  endfacet
  facet normal -5.570941e-13 3.216384e-13 -1.000000e+00
    outer loop
      vertex   -1.133095e+01 -1.070217e+01 -2.230023e+01
      vertex   -8.341856e+00 -1.213022e+01 -2.230023e+01
      vertex   -8.452588e+00 -1.232201e+01 -2.230023e+01
    endloop
  endfacet
  facet normal -5.825417e-13 2.764195e-13 -1.000000e+00
    outer loop
      vertex   -1.133095e+01 -1.070217e+01 -2.230023e+01
      vertex   -8.452588e+00 -1.232201e+01 -2.230023e+01
      vertex   -8.547527e+00 -1.252209e+01 -2.230023e+01
    endloop
  endfacet
  facet normal -6.116145e-13 2.319548e-13 -1.000000e+00
    outer loop
      vertex   -8.547527e+00 -1.252209e+01 -2.230023e+01
      vertex   -8.626059e+00 -1.272916e+01 -2.230023e+01
      vertex   -1.133095e+01 -1.070217e+01 -2.230023e+01
    endloop
  endfacet
  facet normal -6.453556e-13 1.869295e-13 -1.000000e+00
    outer loop
      vertex   -1.133095e+01 -1.070217e+01 -2.230023e+01
      vertex   -8.626059e+00 -1.272916e+01 -2.230023e+01
      vertex   -8.687674e+00 -1.294188e+01 -2.230023e+01
    endloop
  endfacet
  facet normal 1.378208e-14 9.648354e-13 -1.000000e+00
    outer loop
      vertex   -1.133095e+01 -1.070217e+01 -2.230023e+01
      vertex   -8.687674e+00 -1.294188e+01 -2.230023e+01
      vertex   -2.293095e+01 -1.070217e+01 -2.230023e+01
    endloop
  endfacet
  facet normal -1.336450e-13 2.728382e-14 -1.000000e+00
    outer loop
      vertex   -2.293095e+01 -1.070217e+01 -2.230023e+01
      vertex   -8.687674e+00 -1.294188e+01 -2.230023e+01
      vertex   -8.731972e+00 -1.315887e+01 -2.230023e+01
    endloop
  endfacet
  facet normal -1.355186e-13 1.645494e-14 -1.000000e+00
    outer loop
      vertex   -2.293095e+01 -1.070217e+01 -2.230023e+01
      vertex   -8.731972e+00 -1.315887e+01 -2.230023e+01
      vertex   -8.758666e+00 -1.337872e+01 -2.230023e+01
    endloop
  endfacet
  facet normal -1.375792e-13 5.544251e-15 -1.000000e+00
    outer loop
      vertex   -8.758666e+00 -1.337872e+01 -2.230023e+01
      vertex   -8.767584e+00 -1.360000e+01 -2.230023e+01
      vertex   -2.293095e+01 -1.070217e+01 -2.230023e+01
    endloop
  endfacet
  facet normal -1.398667e-13 -5.636437e-15 -1.000000e+00
    outer loop
      vertex   -2.293095e+01 -1.070217e+01 -2.230023e+01
      vertex   -8.767584e+00 -1.360000e+01 -2.230023e+01
      vertex   -8.758666e+00 -1.382128e+01 -2.230023e+01
    endloop
  endfacet
  facet normal -1.424325e-13 -1.729443e-14 -1.000000e+00
    outer loop
      vertex   -2.293095e+01 -1.070217e+01 -2.230023e+01
      vertex   -8.758666e+00 -1.382128e+01 -2.230023e+01
      vertex   -8.731972e+00 -1.404113e+01 -2.230023e+01
    endloop
  endfacet
  facet normal -1.453431e-13 -2.967201e-14 -1.000000e+00
    outer loop
      vertex   -8.731972e+00 -1.404113e+01 -2.230023e+01
      vertex   -8.687674e+00 -1.425812e+01 -2.230023e+01
      vertex   -2.293095e+01 -1.070217e+01 -2.230023e+01
    endloop
  endfacet
  facet normal -1.486875e-13 -4.306786e-14 -1.000000e+00
    outer loop
      vertex   -2.293095e+01 -1.070217e+01 -2.230023e+01
      vertex   -8.687674e+00 -1.425812e+01 -2.230023e+01
      vertex   -8.626059e+00 -1.447084e+01 -2.230023e+01
    endloop
  endfacet
  facet normal -1.525868e-13 -5.786854e-14 -1.000000e+00
    outer loop
      vertex   -2.293095e+01 -1.070217e+01 -2.230023e+01
      vertex   -8.626059e+00 -1.447084e+01 -2.230023e+01
      vertex   -8.547527e+00 -1.467791e+01 -2.230023e+01
    endloop
  endfacet
  facet normal -1.572109e-13 -7.459748e-14 -1.000000e+00
    outer loop
      vertex   -8.547527e+00 -1.467791e+01 -2.230023e+01
      vertex   -8.452588e+00 -1.487799e+01 -2.230023e+01
      vertex   -2.293095e+01 -1.070217e+01 -2.230023e+01
    endloop
  endfacet
  facet normal -1.628057e-13 -9.399592e-14 -1.000000e+00
    outer loop
      vertex   -2.293095e+01 -1.070217e+01 -2.230023e+01
      vertex   -8.452588e+00 -1.487799e+01 -2.230023e+01
      vertex   -8.341856e+00 -1.506978e+01 -2.230023e+01
    endloop
  endfacet
  facet normal -1.697417e-13 -1.171643e-13 -1.000000e+00
    outer loop
      vertex   -2.293095e+01 -1.070217e+01 -2.230023e+01
      vertex   -8.341856e+00 -1.506978e+01 -2.230023e+01
      vertex   -8.216051e+00 -1.525204e+01 -2.230023e+01
    endloop
  endfacet
  facet normal -1.335144e-13 -1.993018e-28 -1.000000e+00
    outer loop
      vertex   -2.293095e+01 -1.070217e+01 -2.230023e+01
      vertex   -8.216051e+00 -1.525204e+01 -2.230023e+01
      vertex   -2.293095e+01 -2.260217e+01 -2.230023e+01
    endloop
  endfacet
  facet normal -9.483692e-14 -7.743195e-14 -1.000000e+00
    outer loop
      vertex   -2.293095e+01 -2.260217e+01 -2.230023e+01
      vertex   -8.216051e+00 -1.525204e+01 -2.230023e+01
      vertex   -8.075988e+00 -1.542359e+01 -2.230023e+01
    endloop
  endfacet
  facet normal -9.032840e-14 -8.676161e-14 -1.000000e+00
    outer loop
      vertex   -2.293095e+01 -2.260217e+01 -2.230023e+01
      vertex   -8.075988e+00 -1.542359e+01 -2.230023e+01
      vertex   -7.922576e+00 -1.558331e+01 -2.230023e+01
    endloop
  endfacet
  facet normal -8.567649e-14 -9.670876e-14 -1.000000e+00
    outer loop
      vertex   -7.922576e+00 -1.558331e+01 -2.230023e+01
      vertex   -7.756808e+00 -1.573016e+01 -2.230023e+01
      vertex   -2.293095e+01 -2.260217e+01 -2.230023e+01
    endloop
  endfacet
  facet normal -8.078624e-14 -1.075070e-13 -1.000000e+00
    outer loop
      vertex   -2.293095e+01 -2.260217e+01 -2.230023e+01
      vertex   -7.756808e+00 -1.573016e+01 -2.230023e+01
      vertex   -7.579762e+00 -1.586321e+01 -2.230023e+01
    endloop
  endfacet
  facet normal -7.554021e-14 -1.194573e-13 -1.000000e+00
    outer loop
      vertex   -2.293095e+01 -2.260217e+01 -2.230023e+01
      vertex   -7.579762e+00 -1.586321e+01 -2.230023e+01
      vertex   -7.392584e+00 -1.598157e+01 -2.230023e+01
    endloop
  endfacet
  facet normal -6.978509e-14 -1.329644e-13 -1.000000e+00
    outer loop
      vertex   -7.392584e+00 -1.598157e+01 -2.230023e+01
      vertex   -7.196488e+00 -1.608449e+01 -2.230023e+01
      vertex   -2.293095e+01 -2.260217e+01 -2.230023e+01
    endloop
  endfacet
  facet normal -6.331042e-14 -1.485950e-13 -1.000000e+00
    outer loop
      vertex   -2.293095e+01 -2.260217e+01 -2.230023e+01
      vertex   -7.196488e+00 -1.608449e+01 -2.230023e+01
      vertex   -6.992747e+00 -1.617129e+01 -2.230023e+01
    endloop
  endfacet
  facet normal -5.581230e-14 -1.671783e-13 -1.000000e+00
    outer loop
      vertex   -2.293095e+01 -2.260217e+01 -2.230023e+01
      vertex   -6.992747e+00 -1.617129e+01 -2.230023e+01
      vertex   -6.782682e+00 -1.624142e+01 -2.230023e+01
    endloop
  endfacet
  facet normal -4.682776e-14 -1.899877e-13 -1.000000e+00
    outer loop
      vertex   -6.782682e+00 -1.624142e+01 -2.230023e+01
      vertex   -6.567654e+00 -1.629442e+01 -2.230023e+01
      vertex   -2.293095e+01 -2.260217e+01 -2.230023e+01
    endloop
  endfacet
  facet normal -3.560671e-14 -2.190969e-13 -1.000000e+00
    outer loop
      vertex   -2.293095e+01 -2.260217e+01 -2.230023e+01
      vertex   -6.567654e+00 -1.629442e+01 -2.230023e+01
      vertex   -6.349060e+00 -1.632995e+01 -2.230023e+01
    endloop
  endfacet
  facet normal -2.083906e-14 -2.581381e-13 -1.000000e+00
    outer loop
      vertex   -2.293095e+01 -2.260217e+01 -2.230023e+01
      vertex   -6.349060e+00 -1.632995e+01 -2.230023e+01
      vertex   -6.128315e+00 -1.634777e+01 -2.230023e+01
    endloop
  endfacet
  facet normal 0.000000e+00 -3.141229e-13 -1.000000e+00
    outer loop
      vertex   -6.128315e+00 -1.634777e+01 -2.230023e+01
      vertex   -5.906852e+00 -1.634777e+01 -2.230023e+01
      vertex   -2.293095e+01 -2.260217e+01 -2.230023e+01
    endloop
  endfacet
  facet normal 5.179206e-13 -1.723871e-12 -1.000000e+00
    outer loop
      vertex   -2.293095e+01 -2.260217e+01 -2.230023e+01
      vertex   -5.906852e+00 -1.634777e+01 -2.230023e+01
      vertex   1.741705e+01 -2.260217e+01 -2.230023e+01
    endloop
  endfacet
  facet normal 2.268059e-13 -2.809496e-12 -1.000000e+00
    outer loop
      vertex   1.741705e+01 -2.260217e+01 -2.230023e+01
      vertex   -5.906852e+00 -1.634777e+01 -2.230023e+01
      vertex   -5.686108e+00 -1.632995e+01 -2.230023e+01
    endloop
  endfacet
  facet normal -1.000000e+00 0.000000e+00 0.000000e+00
    outer loop
      vertex   -1.133095e+01 -1.070217e+01 -1.880023e+01
      vertex   -1.133095e+01 -9.702171e+00 -1.880023e+01
      vertex   -1.133095e+01 -1.070217e+01 -2.230023e+01
    endloop
  endfacet
  facet normal -1.000000e+00 0.000000e+00 0.000000e+00
    outer loop
      vertex   -1.133095e+01 -1.070217e+01 -2.230023e+01
      vertex   -1.133095e+01 -9.702171e+00 -1.880023e+01
      vertex   -1.133095e+01 -9.702171e+00 -2.230023e+01
    endloop
  endfacet
  facet normal -9.991890e-01 4.026594e-02 -2.693090e-19
    outer loop
      vertex   -3.276501e+00 -1.382128e+01 -2.230023e+01
      vertex   -3.267584e+00 -1.360000e+01 -1.980023e+01
      vertex   -3.267584e+00 -1.360000e+01 -2.230023e+01
    endloop
  endfacet
  facet normal -9.991890e-01 -4.026594e-02 0.000000e+00
    outer loop
      vertex   -3.267584e+00 -1.360000e+01 -2.230023e+01
      vertex   -3.267584e+00 -1.360000e+01 -1.980023e+01
      vertex   -3.276501e+00 -1.337872e+01 -1.980023e+01
    endloop
  endfacet
  facet normal -9.991890e-01 -4.026594e-02 2.693090e-19
    outer loop
      vertex   -3.267584e+00 -1.360000e+01 -2.230023e+01
      vertex   -3.276501e+00 -1.337872e+01 -1.980023e+01
      vertex   -3.276501e+00 -1.337872e+01 -2.230023e+01
    endloop
  endfacet
  facet normal -9.927089e-01 -1.205367e-01 0.000000e+00
    outer loop
      vertex   -3.276501e+00 -1.337872e+01 -2.230023e+01
      vertex   -3.276501e+00 -1.337872e+01 -1.980023e+01
      vertex   -3.303195e+00 -1.315887e+01 -1.980023e+01
    endloop
  endfacet
  facet normal -9.927089e-01 -1.205367e-01 -4.408317e-19
    outer loop
      vertex   -3.276501e+00 -1.337872e+01 -2.230023e+01
      vertex   -3.303195e+00 -1.315887e+01 -1.980023e+01
      vertex   -3.303195e+00 -1.315887e+01 -2.230023e+01
    endloop
  endfacet
  facet normal -9.797907e-01 -2.000257e-01 0.000000e+00
    outer loop
      vertex   -3.303195e+00 -1.315887e+01 -2.230023e+01
      vertex   -3.303195e+00 -1.315887e+01 -1.980023e+01
      vertex   -3.347494e+00 -1.294188e+01 -1.980023e+01
    endloop
  endfacet
  facet normal -9.797907e-01 -2.000257e-01 6.906359e-20
    outer loop
      vertex   -3.303195e+00 -1.315887e+01 -2.230023e+01
      vertex   -3.347494e+00 -1.294188e+01 -1.980023e+01
      vertex   -3.347494e+00 -1.294188e+01 -2.230023e+01
    endloop
  endfacet
  facet normal -9.605181e-01 -2.782175e-01 0.000000e+00
    outer loop
      vertex   -3.347494e+00 -1.294188e+01 -2.230023e+01
      vertex   -3.347494e+00 -1.294188e+01 -1.980023e+01
      vertex   -3.409108e+00 -1.272916e+01 -1.980023e+01
    endloop
  endfacet
  facet normal -9.605181e-01 -2.782175e-01 5.907800e-19
    outer loop
      vertex   -3.347494e+00 -1.294188e+01 -2.230023e+01
      vertex   -3.409108e+00 -1.272916e+01 -1.980023e+01
      vertex   -3.409108e+00 -1.272916e+01 -2.230023e+01
    endloop
  endfacet
  facet normal -9.350162e-01 -3.546049e-01 0.000000e+00
    outer loop
      vertex   -3.409108e+00 -1.272916e+01 -2.230023e+01
      vertex   -3.409108e+00 -1.272916e+01 -1.980023e+01
      vertex   -3.487640e+00 -1.252209e+01 -1.980023e+01
    endloop
  endfacet
  facet normal -9.350162e-01 -3.546049e-01 6.483604e-19
    outer loop
      vertex   -3.409108e+00 -1.272916e+01 -2.230023e+01
      vertex   -3.487640e+00 -1.252209e+01 -1.980023e+01
      vertex   -3.487640e+00 -1.252209e+01 -2.230023e+01
    endloop
  endfacet
  facet normal -9.034504e-01 -4.286926e-01 0.000000e+00
    outer loop
      vertex   -3.487640e+00 -1.252209e+01 -2.230023e+01
      vertex   -3.487640e+00 -1.252209e+01 -1.980023e+01
      vertex   -3.582580e+00 -1.232201e+01 -1.980023e+01
    endloop
  endfacet
  facet normal -9.034504e-01 -4.286926e-01 -1.829614e-18
    outer loop
      vertex   -3.487640e+00 -1.252209e+01 -2.230023e+01
      vertex   -3.582580e+00 -1.232201e+01 -1.980023e+01
      vertex   -3.582580e+00 -1.232201e+01 -2.230023e+01
    endloop
  endfacet
  facet normal -8.660254e-01 -5.000000e-01 0.000000e+00
    outer loop
      vertex   -3.582580e+00 -1.232201e+01 -2.230023e+01
      vertex   -3.582580e+00 -1.232201e+01 -1.980023e+01
      vertex   -3.693311e+00 -1.213022e+01 -1.980023e+01
    endloop
  endfacet
  facet normal -8.660254e-01 -5.000000e-01 -1.688061e-18
    outer loop
      vertex   -3.582580e+00 -1.232201e+01 -2.230023e+01
      vertex   -3.693311e+00 -1.213022e+01 -1.980023e+01
      vertex   -3.693311e+00 -1.213022e+01 -2.230023e+01
    endloop
  endfacet
  facet normal -8.229839e-01 -5.680647e-01 0.000000e+00
    outer loop
      vertex   -3.693311e+00 -1.213022e+01 -2.230023e+01
      vertex   -3.693311e+00 -1.213022e+01 -1.980023e+01
      vertex   -3.819116e+00 -1.194796e+01 -1.980023e+01
    endloop
  endfacet
  facet normal -8.229839e-01 -5.680647e-01 -1.227208e-18
    outer loop
      vertex   -3.693311e+00 -1.213022e+01 -2.230023e+01
      vertex   -3.819116e+00 -1.194796e+01 -1.980023e+01
      vertex   -3.819116e+00 -1.194796e+01 -2.230023e+01
    endloop
  endfacet
  facet normal -7.746050e-01 -6.324454e-01 0.000000e+00
    outer loop
      vertex   -3.819116e+00 -1.194796e+01 -2.230023e+01
      vertex   -3.819116e+00 -1.194796e+01 -1.980023e+01
      vertex   -3.959179e+00 -1.177641e+01 -1.980023e+01
    endloop
  endfacet
  facet normal -7.746050e-01 -6.324454e-01 -2.632605e-18
    outer loop
      vertex   -3.819116e+00 -1.194796e+01 -2.230023e+01
      vertex   -3.959179e+00 -1.177641e+01 -1.980023e+01
      vertex   -3.959179e+00 -1.177641e+01 -2.230023e+01
    endloop
  endfacet
  facet normal -7.212024e-01 -6.927244e-01 0.000000e+00
    outer loop
      vertex   -3.959179e+00 -1.177641e+01 -2.230023e+01
      vertex   -3.959179e+00 -1.177641e+01 -1.980023e+01
      vertex   -4.112592e+00 -1.161669e+01 -1.980023e+01
    endloop
  endfacet
  facet normal -7.212024e-01 -6.927244e-01 2.442442e-18
    outer loop
      vertex   -3.959179e+00 -1.177641e+01 -2.230023e+01
      vertex   -4.112592e+00 -1.161669e+01 -1.980023e+01
      vertex   -4.112592e+00 -1.161669e+01 -2.230023e+01
    endloop
  endfacet
  facet normal -6.631227e-01 -7.485107e-01 0.000000e+00
    outer loop
      vertex   -4.112592e+00 -1.161669e+01 -2.230023e+01
      vertex   -4.112592e+00 -1.161669e+01 -1.980023e+01
      vertex   -4.278359e+00 -1.146984e+01 -1.980023e+01
    endloop
  endfacet
  facet normal -6.631227e-01 -7.485107e-01 2.616513e-20
    outer loop
      vertex   -4.112592e+00 -1.161669e+01 -2.230023e+01
      vertex   -4.278359e+00 -1.146984e+01 -1.980023e+01
      vertex   -4.278359e+00 -1.146984e+01 -2.230023e+01
    endloop
  endfacet
  facet normal -6.007423e-01 -7.994428e-01 0.000000e+00
    outer loop
      vertex   -4.278359e+00 -1.146984e+01 -2.230023e+01
      vertex   -4.278359e+00 -1.146984e+01 -1.980023e+01
      vertex   -4.455406e+00 -1.133679e+01 -1.980023e+01
    endloop
  endfacet
  facet normal -6.007423e-01 -7.994428e-01 5.353009e-19
    outer loop
      vertex   -4.278359e+00 -1.146984e+01 -2.230023e+01
      vertex   -4.455406e+00 -1.133679e+01 -1.980023e+01
      vertex   -4.455406e+00 -1.133679e+01 -2.230023e+01
    endloop
  endfacet
  facet normal -5.344658e-01 -8.451901e-01 0.000000e+00
    outer loop
      vertex   -4.455406e+00 -1.133679e+01 -2.230023e+01
      vertex   -4.455406e+00 -1.133679e+01 -1.980023e+01
      vertex   -4.642584e+00 -1.121843e+01 -1.980023e+01
    endloop
  endfacet
  facet normal -5.344658e-01 -8.451901e-01 3.068111e-18
    outer loop
      vertex   -4.455406e+00 -1.133679e+01 -2.230023e+01
      vertex   -4.642584e+00 -1.121843e+01 -1.980023e+01
      vertex   -4.642584e+00 -1.121843e+01 -2.230023e+01
    endloop
  endfacet
  facet normal -4.647232e-01 -8.854560e-01 0.000000e+00
    outer loop
      vertex   -4.642584e+00 -1.121843e+01 -2.230023e+01
      vertex   -4.642584e+00 -1.121843e+01 -1.980023e+01
      vertex   -4.838679e+00 -1.111551e+01 -1.980023e+01
    endloop
  endfacet
  facet normal -4.647232e-01 -8.854560e-01 2.473140e-18
    outer loop
      vertex   -4.642584e+00 -1.121843e+01 -2.230023e+01
      vertex   -4.838679e+00 -1.111551e+01 -1.980023e+01
      vertex   -4.838679e+00 -1.111551e+01 -2.230023e+01
    endloop
  endfacet
  facet normal -3.919666e-01 -9.199794e-01 0.000000e+00
    outer loop
      vertex   -4.838679e+00 -1.111551e+01 -2.230023e+01
      vertex   -4.838679e+00 -1.111551e+01 -1.980023e+01
      vertex   -5.042420e+00 -1.102871e+01 -1.980023e+01
    endloop
  endfacet
  facet normal -3.919666e-01 -9.199794e-01 1.851194e-18
    outer loop
      vertex   -4.838679e+00 -1.111551e+01 -2.230023e+01
      vertex   -5.042420e+00 -1.102871e+01 -1.980023e+01
      vertex   -5.042420e+00 -1.102871e+01 -2.230023e+01
    endloop
  endfacet
  facet normal -3.166680e-01 -9.485364e-01 0.000000e+00
    outer loop
      vertex   -5.042420e+00 -1.102871e+01 -2.230023e+01
      vertex   -5.042420e+00 -1.102871e+01 -1.980023e+01
      vertex   -5.252486e+00 -1.095858e+01 -1.980023e+01
    endloop
  endfacet
  facet normal -3.166680e-01 -9.485364e-01 -8.288260e-19
    outer loop
      vertex   -5.042420e+00 -1.102871e+01 -2.230023e+01
      vertex   -5.252486e+00 -1.095858e+01 -1.980023e+01
      vertex   -5.252486e+00 -1.095858e+01 -2.230023e+01
    endloop
  endfacet
  facet normal -2.393157e-01 -9.709418e-01 0.000000e+00
    outer loop
      vertex   -5.252486e+00 -1.095858e+01 -2.230023e+01
      vertex   -5.252486e+00 -1.095858e+01 -1.980023e+01
      vertex   -5.467513e+00 -1.090558e+01 -1.980023e+01
    endloop
  endfacet
  facet normal -2.393157e-01 -9.709418e-01 -1.096938e-18
    outer loop
      vertex   -5.252486e+00 -1.095858e+01 -2.230023e+01
      vertex   -5.467513e+00 -1.090558e+01 -1.980023e+01
      vertex   -5.467513e+00 -1.090558e+01 -2.230023e+01
    endloop
  endfacet
  facet normal -1.604113e-01 -9.870503e-01 0.000000e+00
    outer loop
      vertex   -5.467513e+00 -1.090558e+01 -2.230023e+01
      vertex   -5.467513e+00 -1.090558e+01 -1.980023e+01
      vertex   -5.686108e+00 -1.087005e+01 -1.980023e+01
    endloop
  endfacet
  facet normal -1.604113e-01 -9.870503e-01 -7.603654e-19
    outer loop
      vertex   -5.467513e+00 -1.090558e+01 -2.230023e+01
      vertex   -5.686108e+00 -1.087005e+01 -1.980023e+01
      vertex   -5.686108e+00 -1.087005e+01 -2.230023e+01
    endloop
  endfacet
  facet normal -8.046657e-02 -9.967573e-01 0.000000e+00
    outer loop
      vertex   -5.686108e+00 -1.087005e+01 -2.230023e+01
      vertex   -5.686108e+00 -1.087005e+01 -1.980023e+01
      vertex   -5.906852e+00 -1.085223e+01 -1.980023e+01
    endloop
  endfacet
  facet normal -8.046657e-02 -9.967573e-01 6.226533e-19
    outer loop
      vertex   -5.686108e+00 -1.087005e+01 -2.230023e+01
      vertex   -5.906852e+00 -1.085223e+01 -1.980023e+01
      vertex   -5.906852e+00 -1.085223e+01 -2.230023e+01
    endloop
  endfacet
  facet normal 0.000000e+00 -1.000000e+00 0.000000e+00
    outer loop
      vertex   -5.906852e+00 -1.085223e+01 -2.230023e+01
      vertex   -5.906852e+00 -1.085223e+01 -1.980023e+01
      vertex   -6.128315e+00 -1.085223e+01 -1.980023e+01
    endloop
  endfacet
  facet normal 0.000000e+00 -1.000000e+00 0.000000e+00
    outer loop
      vertex   -5.906852e+00 -1.085223e+01 -2.230023e+01
      vertex   -6.128315e+00 -1.085223e+01 -1.980023e+01
      vertex   -6.128315e+00 -1.085223e+01 -2.230023e+01
    endloop
  endfacet
  facet normal 8.046657e-02 -9.967573e-01 0.000000e+00
    outer loop
      vertex   -6.128315e+00 -1.085223e+01 -2.230023e+01
      vertex   -6.128315e+00 -1.085223e+01 -1.980023e+01
      vertex   -6.349060e+00 -1.087005e+01 -1.980023e+01
    endloop
  endfacet
  facet normal 8.046657e-02 -9.967573e-01 -6.226533e-19
    outer loop
      vertex   -6.128315e+00 -1.085223e+01 -2.230023e+01
      vertex   -6.349060e+00 -1.087005e+01 -1.980023e+01
      vertex   -6.349060e+00 -1.087005e+01 -2.230023e+01
    endloop
  endfacet
  facet normal 1.604113e-01 -9.870503e-01 0.000000e+00
    outer loop
      vertex   -6.349060e+00 -1.087005e+01 -2.230023e+01
      vertex   -6.349060e+00 -1.087005e+01 -1.980023e+01
      vertex   -6.567654e+00 -1.090558e+01 -1.980023e+01
    endloop
  endfacet
  facet normal 1.604113e-01 -9.870503e-01 -2.145125e-19
    outer loop
      vertex   -6.349060e+00 -1.087005e+01 -2.230023e+01
      vertex   -6.567654e+00 -1.090558e+01 -1.980023e+01
      vertex   -6.567654e+00 -1.090558e+01 -2.230023e+01
    endloop
  endfacet
  facet normal 2.393157e-01 -9.709418e-01 0.000000e+00
    outer loop
      vertex   -6.567654e+00 -1.090558e+01 -2.230023e+01
      vertex   -6.567654e+00 -1.090558e+01 -1.980023e+01
      vertex   -6.782682e+00 -1.095858e+01 -1.980023e+01
    endloop
  endfacet
  facet normal 2.393157e-01 -9.709418e-01 6.716452e-19
    outer loop
      vertex   -6.567654e+00 -1.090558e+01 -2.230023e+01
      vertex   -6.782682e+00 -1.095858e+01 -1.980023e+01
      vertex   -6.782682e+00 -1.095858e+01 -2.230023e+01
    endloop
  endfacet
  facet normal 3.166680e-01 -9.485364e-01 0.000000e+00
    outer loop
      vertex   -6.782682e+00 -1.095858e+01 -2.230023e+01
      vertex   -6.782682e+00 -1.095858e+01 -1.980023e+01
      vertex   -6.992747e+00 -1.102871e+01 -1.980023e+01
    endloop
  endfacet
  facet normal 3.166680e-01 -9.485364e-01 5.362827e-19
    outer loop
      vertex   -6.782682e+00 -1.095858e+01 -2.230023e+01
      vertex   -6.992747e+00 -1.102871e+01 -1.980023e+01
      vertex   -6.992747e+00 -1.102871e+01 -2.230023e+01
    endloop
  endfacet
  facet normal 3.919666e-01 -9.199794e-01 0.000000e+00
    outer loop
      vertex   -6.992747e+00 -1.102871e+01 -2.230023e+01
      vertex   -6.992747e+00 -1.102871e+01 -1.980023e+01
      vertex   -7.196488e+00 -1.111551e+01 -1.980023e+01
    endloop
  endfacet
  facet normal 3.919666e-01 -9.199794e-01 3.022022e-18
    outer loop
      vertex   -6.992747e+00 -1.102871e+01 -2.230023e+01
      vertex   -7.196488e+00 -1.111551e+01 -1.980023e+01
      vertex   -7.196488e+00 -1.111551e+01 -2.230023e+01
    endloop
  endfacet
  facet normal 4.647232e-01 -8.854560e-01 0.000000e+00
    outer loop
      vertex   -7.196488e+00 -1.111551e+01 -2.230023e+01
      vertex   -7.196488e+00 -1.111551e+01 -1.980023e+01
      vertex   -7.392584e+00 -1.121843e+01 -1.980023e+01
    endloop
  endfacet
  facet normal 4.647232e-01 -8.854560e-01 -2.473140e-18
    outer loop
      vertex   -7.196488e+00 -1.111551e+01 -2.230023e+01
      vertex   -7.392584e+00 -1.121843e+01 -1.980023e+01
      vertex   -7.392584e+00 -1.121843e+01 -2.230023e+01
    endloop
  endfacet
  facet normal 5.344658e-01 -8.451901e-01 0.000000e+00
    outer loop
      vertex   -7.392584e+00 -1.121843e+01 -2.230023e+01
      vertex   -7.392584e+00 -1.121843e+01 -1.980023e+01
      vertex   -7.579762e+00 -1.133679e+01 -1.980023e+01
    endloop
  endfacet
  facet normal 5.344658e-01 -8.451901e-01 -1.180397e-18
    outer loop
      vertex   -7.392584e+00 -1.121843e+01 -2.230023e+01
      vertex   -7.579762e+00 -1.133679e+01 -1.980023e+01
      vertex   -7.579762e+00 -1.133679e+01 -2.230023e+01
    endloop
  endfacet
  facet normal 6.007423e-01 -7.994428e-01 0.000000e+00
    outer loop
      vertex   -7.579762e+00 -1.133679e+01 -2.230023e+01
      vertex   -7.579762e+00 -1.133679e+01 -1.980023e+01
      vertex   -7.756808e+00 -1.146984e+01 -1.980023e+01
    endloop
  endfacet
  facet normal 6.007423e-01 -7.994428e-01 -5.353009e-19
    outer loop
      vertex   -7.579762e+00 -1.133679e+01 -2.230023e+01
      vertex   -7.756808e+00 -1.146984e+01 -1.980023e+01
      vertex   -7.756808e+00 -1.146984e+01 -2.230023e+01
    endloop
  endfacet
  facet normal 6.631227e-01 -7.485107e-01 0.000000e+00
    outer loop
      vertex   -7.756808e+00 -1.146984e+01 -2.230023e+01
      vertex   -7.756808e+00 -1.146984e+01 -1.980023e+01
      vertex   -7.922576e+00 -1.161669e+01 -1.980023e+01
    endloop
  endfacet
  facet normal 6.631227e-01 -7.485107e-01 -2.959923e-18
    outer loop
      vertex   -7.756808e+00 -1.146984e+01 -2.230023e+01
      vertex   -7.922576e+00 -1.161669e+01 -1.980023e+01
      vertex   -7.922576e+00 -1.161669e+01 -2.230023e+01
    endloop
  endfacet
  facet normal 7.212024e-01 -6.927244e-01 0.000000e+00
    outer loop
      vertex   -7.922576e+00 -1.161669e+01 -2.230023e+01
      vertex   -7.922576e+00 -1.161669e+01 -1.980023e+01
      vertex   -8.075988e+00 -1.177641e+01 -1.980023e+01
    endloop
  endfacet
  facet normal 7.212024e-01 -6.927244e-01 9.868183e-19
    outer loop
      vertex   -7.922576e+00 -1.161669e+01 -2.230023e+01
      vertex   -8.075988e+00 -1.177641e+01 -1.980023e+01
      vertex   -8.075988e+00 -1.177641e+01 -2.230023e+01
    endloop
  endfacet
  facet normal 7.746050e-01 -6.324454e-01 0.000000e+00
    outer loop
      vertex   -8.075988e+00 -1.177641e+01 -2.230023e+01
      vertex   -8.075988e+00 -1.177641e+01 -1.980023e+01
      vertex   -8.216051e+00 -1.194796e+01 -1.980023e+01
    endloop
  endfacet
  facet normal 7.746050e-01 -6.324454e-01 2.896430e-18
    outer loop
      vertex   -8.075988e+00 -1.177641e+01 -2.230023e+01
      vertex   -8.216051e+00 -1.194796e+01 -1.980023e+01
      vertex   -8.216051e+00 -1.194796e+01 -2.230023e+01
    endloop
  endfacet
  facet normal 8.229839e-01 -5.680647e-01 0.000000e+00
    outer loop
      vertex   -8.216051e+00 -1.194796e+01 -2.230023e+01
      vertex   -8.216051e+00 -1.194796e+01 -1.980023e+01
      vertex   -8.341856e+00 -1.213022e+01 -1.980023e+01
    endloop
  endfacet
  facet normal 8.229839e-01 -5.680647e-01 -9.877777e-19
    outer loop
      vertex   -8.216051e+00 -1.194796e+01 -2.230023e+01
      vertex   -8.341856e+00 -1.213022e+01 -1.980023e+01
      vertex   -8.341856e+00 -1.213022e+01 -2.230023e+01
    endloop
  endfacet
  facet normal 8.660254e-01 -5.000000e-01 0.000000e+00
    outer loop
      vertex   -8.341856e+00 -1.213022e+01 -2.230023e+01
      vertex   -8.341856e+00 -1.213022e+01 -1.980023e+01
      vertex   -8.452588e+00 -1.232201e+01 -1.980023e+01
    endloop
  endfacet
  facet normal 8.660254e-01 -5.000000e-01 -7.488717e-19
    outer loop
      vertex   -8.341856e+00 -1.213022e+01 -2.230023e+01
      vertex   -8.452588e+00 -1.232201e+01 -1.980023e+01
      vertex   -8.452588e+00 -1.232201e+01 -2.230023e+01
    endloop
  endfacet
  facet normal 9.034504e-01 -4.286926e-01 0.000000e+00
    outer loop
      vertex   -8.452588e+00 -1.232201e+01 -2.230023e+01
      vertex   -8.452588e+00 -1.232201e+01 -1.980023e+01
      vertex   -8.547527e+00 -1.252209e+01 -1.980023e+01
    endloop
  endfacet
  facet normal 9.034504e-01 -4.286926e-01 -2.011607e-18
    outer loop
      vertex   -8.452588e+00 -1.232201e+01 -2.230023e+01
      vertex   -8.547527e+00 -1.252209e+01 -1.980023e+01
      vertex   -8.547527e+00 -1.252209e+01 -2.230023e+01
    endloop
  endfacet
  facet normal 9.350162e-01 -3.546049e-01 0.000000e+00
    outer loop
      vertex   -8.547527e+00 -1.252209e+01 -2.230023e+01
      vertex   -8.547527e+00 -1.252209e+01 -1.980023e+01
      vertex   -8.626059e+00 -1.272916e+01 -1.980023e+01
    endloop
  endfacet
  facet normal 9.350162e-01 -3.546049e-01 1.147807e-18
    outer loop
      vertex   -8.547527e+00 -1.252209e+01 -2.230023e+01
      vertex   -8.626059e+00 -1.272916e+01 -1.980023e+01
      vertex   -8.626059e+00 -1.272916e+01 -2.230023e+01
    endloop
  endfacet
  facet normal 9.605181e-01 -2.782175e-01 0.000000e+00
    outer loop
      vertex   -8.626059e+00 -1.272916e+01 -2.230023e+01
      vertex   -8.626059e+00 -1.272916e+01 -1.980023e+01
      vertex   -8.687674e+00 -1.294188e+01 -1.980023e+01
    endloop
  endfacet
  facet normal 9.605181e-01 -2.782175e-01 2.871455e-19
    outer loop
      vertex   -8.626059e+00 -1.272916e+01 -2.230023e+01
      vertex   -8.687674e+00 -1.294188e+01 -1.980023e+01
      vertex   -8.687674e+00 -1.294188e+01 -2.230023e+01
    endloop
  endfacet
  facet normal 9.797907e-01 -2.000257e-01 0.000000e+00
    outer loop
      vertex   -8.687674e+00 -1.294188e+01 -2.230023e+01
      vertex   -8.687674e+00 -1.294188e+01 -1.980023e+01
      vertex   -8.731972e+00 -1.315887e+01 -1.980023e+01
    endloop
  endfacet
  facet normal 9.797907e-01 -2.000257e-01 -9.610140e-19
    outer loop
      vertex   -8.687674e+00 -1.294188e+01 -2.230023e+01
      vertex   -8.731972e+00 -1.315887e+01 -1.980023e+01
      vertex   -8.731972e+00 -1.315887e+01 -2.230023e+01
    endloop
  endfacet
  facet normal 9.927089e-01 -1.205367e-01 0.000000e+00
    outer loop
      vertex   -8.731972e+00 -1.315887e+01 -2.230023e+01
      vertex   -8.731972e+00 -1.315887e+01 -1.980023e+01
      vertex   -8.758666e+00 -1.337872e+01 -1.980023e+01
    endloop
  endfacet
  facet normal 9.927089e-01 -1.205367e-01 6.355755e-19
    outer loop
      vertex   -8.731972e+00 -1.315887e+01 -2.230023e+01
      vertex   -8.758666e+00 -1.337872e+01 -1.980023e+01
      vertex   -8.758666e+00 -1.337872e+01 -2.230023e+01
    endloop
  endfacet
  facet normal 9.991890e-01 -4.026594e-02 0.000000e+00
    outer loop
      vertex   -8.758666e+00 -1.337872e+01 -2.230023e+01
      vertex   -8.758666e+00 -1.337872e+01 -1.980023e+01
      vertex   -8.767584e+00 -1.360000e+01 -2.230023e+01
    endloop
  endfacet
  facet normal 9.991890e-01 -4.026594e-02 0.000000e+00
    outer loop
      vertex   -8.767584e+00 -1.360000e+01 -2.230023e+01
      vertex   -8.758666e+00 -1.337872e+01 -1.980023e+01
      vertex   -8.767584e+00 -1.360000e+01 -1.980023e+01
    endloop
  endfacet
  facet normal 9.991890e-01 4.026594e-02 -0.000000e+00
    outer loop
      vertex   -8.767584e+00 -1.360000e+01 -2.230023e+01
      vertex   -8.767584e+00 -1.360000e+01 -1.980023e+01
      vertex   -8.758666e+00 -1.382128e+01 -2.230023e+01
    endloop
  endfacet
  facet normal 9.991890e-01 4.026594e-02 -0.000000e+00
    outer loop
      vertex   -8.758666e+00 -1.382128e+01 -2.230023e+01
      vertex   -8.767584e+00 -1.360000e+01 -1.980023e+01
      vertex   -8.758666e+00 -1.382128e+01 -1.980023e+01
    endloop
  endfacet
  facet normal 9.927089e-01 1.205367e-01 -0.000000e+00
    outer loop
      vertex   -8.758666e+00 -1.382128e+01 -2.230023e+01
      vertex   -8.758666e+00 -1.382128e+01 -1.980023e+01
      vertex   -8.731972e+00 -1.404113e+01 -1.980023e+01
    endloop
  endfacet
  facet normal -9.991890e-01 4.026594e-02 -2.693090e-19
    outer loop
      vertex   -3.267584e+00 -1.360000e+01 -1.980023e+01
      vertex   -3.276501e+00 -1.382128e+01 -2.230023e+01
      vertex   -3.276501e+00 -1.382128e+01 -1.980023e+01
    endloop
  endfacet
  facet normal -9.927089e-01 1.205367e-01 0.000000e+00
    outer loop
      vertex   -3.276501e+00 -1.382128e+01 -1.980023e+01
      vertex   -3.276501e+00 -1.382128e+01 -2.230023e+01
      vertex   -3.303195e+00 -1.404113e+01 -2.230023e+01
    endloop
  endfacet
  facet normal -9.927089e-01 1.205367e-01 -7.602252e-20
    outer loop
      vertex   -3.276501e+00 -1.382128e+01 -1.980023e+01
      vertex   -3.303195e+00 -1.404113e+01 -2.230023e+01
      vertex   -3.303195e+00 -1.404113e+01 -1.980023e+01
    endloop
  endfacet
  facet normal -9.797907e-01 2.000257e-01 0.000000e+00
    outer loop
      vertex   -3.303195e+00 -1.404113e+01 -1.980023e+01
      vertex   -3.303195e+00 -1.404113e+01 -2.230023e+01
      vertex   -3.347494e+00 -1.425812e+01 -2.230023e+01
    endloop
  endfacet
  facet normal -9.797907e-01 2.000257e-01 -1.483126e-18
    outer loop
      vertex   -3.303195e+00 -1.404113e+01 -1.980023e+01
      vertex   -3.347494e+00 -1.425812e+01 -2.230023e+01
      vertex   -3.347494e+00 -1.425812e+01 -1.980023e+01
    endloop
  endfacet
  facet normal -9.605181e-01 2.782175e-01 0.000000e+00
    outer loop
      vertex   -3.347494e+00 -1.425812e+01 -1.980023e+01
      vertex   -3.347494e+00 -1.425812e+01 -2.230023e+01
      vertex   -3.409108e+00 -1.447084e+01 -2.230023e+01
    endloop
  endfacet
  facet normal -9.605181e-01 2.782175e-01 5.450174e-19
    outer loop
      vertex   -3.347494e+00 -1.425812e+01 -1.980023e+01
      vertex   -3.409108e+00 -1.447084e+01 -2.230023e+01
      vertex   -3.409108e+00 -1.447084e+01 -1.980023e+01
    endloop
  endfacet
  facet normal -9.350162e-01 3.546049e-01 0.000000e+00
    outer loop
      vertex   -3.409108e+00 -1.447084e+01 -1.980023e+01
      vertex   -3.409108e+00 -1.447084e+01 -2.230023e+01
      vertex   -3.487640e+00 -1.467791e+01 -2.230023e+01
    endloop
  endfacet
  facet normal -9.350162e-01 3.546049e-01 5.925661e-19
    outer loop
      vertex   -3.409108e+00 -1.447084e+01 -1.980023e+01
      vertex   -3.487640e+00 -1.467791e+01 -2.230023e+01
      vertex   -3.487640e+00 -1.467791e+01 -1.980023e+01
    endloop
  endfacet
  facet normal -9.034504e-01 4.286926e-01 0.000000e+00
    outer loop
      vertex   -3.487640e+00 -1.467791e+01 -1.980023e+01
      vertex   -3.487640e+00 -1.467791e+01 -2.230023e+01
      vertex   -3.582580e+00 -1.487799e+01 -2.230023e+01
    endloop
  endfacet
  facet normal -9.034504e-01 4.286926e-01 -3.054313e-18
    outer loop
      vertex   -3.487640e+00 -1.467791e+01 -1.980023e+01
      vertex   -3.582580e+00 -1.487799e+01 -2.230023e+01
      vertex   -3.582580e+00 -1.487799e+01 -1.980023e+01
    endloop
  endfacet
  facet normal -8.660254e-01 5.000000e-01 0.000000e+00
    outer loop
      vertex   -3.582580e+00 -1.487799e+01 -1.980023e+01
      vertex   -3.582580e+00 -1.487799e+01 -2.230023e+01
      vertex   -3.693311e+00 -1.506978e+01 -2.230023e+01
    endloop
  endfacet
  facet normal -8.660254e-01 5.000000e-01 2.983505e-18
    outer loop
      vertex   -3.582580e+00 -1.487799e+01 -1.980023e+01
      vertex   -3.693311e+00 -1.506978e+01 -2.230023e+01
      vertex   -3.693311e+00 -1.506978e+01 -1.980023e+01
    endloop
  endfacet
  facet normal -8.229839e-01 5.680647e-01 0.000000e+00
    outer loop
      vertex   -3.693311e+00 -1.506978e+01 -1.980023e+01
      vertex   -3.693311e+00 -1.506978e+01 -2.230023e+01
      vertex   -3.819116e+00 -1.525204e+01 -2.230023e+01
    endloop
  endfacet
  facet normal -8.229839e-01 5.680647e-01 -4.681449e-19
    outer loop
      vertex   -3.693311e+00 -1.506978e+01 -1.980023e+01
      vertex   -3.819116e+00 -1.525204e+01 -2.230023e+01
      vertex   -3.819116e+00 -1.525204e+01 -1.980023e+01
    endloop
  endfacet
  facet normal -7.746050e-01 6.324454e-01 0.000000e+00
    outer loop
      vertex   -3.819116e+00 -1.525204e+01 -1.980023e+01
      vertex   -3.819116e+00 -1.525204e+01 -2.230023e+01
      vertex   -3.959179e+00 -1.542359e+01 -2.230023e+01
    endloop
  endfacet
  facet normal -7.746050e-01 6.324454e-01 4.998140e-19
    outer loop
      vertex   -3.819116e+00 -1.525204e+01 -1.980023e+01
      vertex   -3.959179e+00 -1.542359e+01 -2.230023e+01
      vertex   -3.959179e+00 -1.542359e+01 -1.980023e+01
    endloop
  endfacet
  facet normal -7.212024e-01 6.927244e-01 0.000000e+00
    outer loop
      vertex   -3.959179e+00 -1.542359e+01 -1.980023e+01
      vertex   -3.959179e+00 -1.542359e+01 -2.230023e+01
      vertex   -4.112592e+00 -1.558331e+01 -2.230023e+01
    endloop
  endfacet
  facet normal -7.212024e-01 6.927244e-01 -1.850344e-18
    outer loop
      vertex   -3.959179e+00 -1.542359e+01 -1.980023e+01
      vertex   -4.112592e+00 -1.558331e+01 -2.230023e+01
      vertex   -4.112592e+00 -1.558331e+01 -1.980023e+01
    endloop
  endfacet
  facet normal -6.631227e-01 7.485107e-01 0.000000e+00
    outer loop
      vertex   -4.112592e+00 -1.558331e+01 -1.980023e+01
      vertex   -4.112592e+00 -1.558331e+01 -2.230023e+01
      vertex   -4.278359e+00 -1.573016e+01 -2.230023e+01
    endloop
  endfacet
  facet normal -6.631227e-01 7.485107e-01 -9.675800e-19
    outer loop
      vertex   -4.112592e+00 -1.558331e+01 -1.980023e+01
      vertex   -4.278359e+00 -1.573016e+01 -2.230023e+01
      vertex   -4.278359e+00 -1.573016e+01 -1.980023e+01
    endloop
  endfacet
  facet normal -6.007423e-01 7.994428e-01 0.000000e+00
    outer loop
      vertex   -4.278359e+00 -1.573016e+01 -1.980023e+01
      vertex   -4.278359e+00 -1.573016e+01 -2.230023e+01
      vertex   -4.455406e+00 -1.586321e+01 -2.230023e+01
    endloop
  endfacet
  facet normal -6.007423e-01 7.994428e-01 2.788589e-18
    outer loop
      vertex   -4.278359e+00 -1.573016e+01 -1.980023e+01
      vertex   -4.455406e+00 -1.586321e+01 -2.230023e+01
      vertex   -4.455406e+00 -1.586321e+01 -1.980023e+01
    endloop
  endfacet
  facet normal -5.344658e-01 8.451901e-01 0.000000e+00
    outer loop
      vertex   -4.455406e+00 -1.586321e+01 -1.980023e+01
      vertex   -4.455406e+00 -1.586321e+01 -2.230023e+01
      vertex   -4.642584e+00 -1.598157e+01 -2.230023e+01
    endloop
  endfacet
  facet normal -5.344658e-01 8.451901e-01 1.740253e-18
    outer loop
      vertex   -4.455406e+00 -1.586321e+01 -1.980023e+01
      vertex   -4.642584e+00 -1.598157e+01 -2.230023e+01
      vertex   -4.642584e+00 -1.598157e+01 -1.980023e+01
    endloop
  endfacet
  facet normal -4.647232e-01 8.854560e-01 0.000000e+00
    outer loop
      vertex   -4.642584e+00 -1.598157e+01 -1.980023e+01
      vertex   -4.642584e+00 -1.598157e+01 -2.230023e+01
      vertex   -4.838679e+00 -1.608449e+01 -2.230023e+01
    endloop
  endfacet
  facet normal -4.647232e-01 8.854560e-01 -8.945981e-19
    outer loop
      vertex   -4.642584e+00 -1.598157e+01 -1.980023e+01
      vertex   -4.838679e+00 -1.608449e+01 -2.230023e+01
      vertex   -4.838679e+00 -1.608449e+01 -1.980023e+01
    endloop
  endfacet
  facet normal -3.919666e-01 9.199794e-01 0.000000e+00
    outer loop
      vertex   -4.838679e+00 -1.608449e+01 -1.980023e+01
      vertex   -4.838679e+00 -1.608449e+01 -2.230023e+01
      vertex   -5.042420e+00 -1.617129e+01 -2.230023e+01
    endloop
  endfacet
  facet normal -3.919666e-01 9.199794e-01 7.090291e-19
    outer loop
      vertex   -4.838679e+00 -1.608449e+01 -1.980023e+01
      vertex   -5.042420e+00 -1.617129e+01 -2.230023e+01
      vertex   -5.042420e+00 -1.617129e+01 -1.980023e+01
    endloop
  endfacet
  facet normal -3.166680e-01 9.485364e-01 0.000000e+00
    outer loop
      vertex   -5.042420e+00 -1.617129e+01 -1.980023e+01
      vertex   -5.042420e+00 -1.617129e+01 -2.230023e+01
      vertex   -5.252486e+00 -1.624142e+01 -2.230023e+01
    endloop
  endfacet
  facet normal -3.166680e-01 9.485364e-01 -4.266646e-19
    outer loop
      vertex   -5.042420e+00 -1.617129e+01 -1.980023e+01
      vertex   -5.252486e+00 -1.624142e+01 -2.230023e+01
      vertex   -5.252486e+00 -1.624142e+01 -1.980023e+01
    endloop
  endfacet
  facet normal -2.393157e-01 9.709418e-01 0.000000e+00
    outer loop
      vertex   -5.252486e+00 -1.624142e+01 -1.980023e+01
      vertex   -5.252486e+00 -1.624142e+01 -2.230023e+01
      vertex   -5.467513e+00 -1.629442e+01 -2.230023e+01
    endloop
  endfacet
  facet normal -2.393157e-01 9.709418e-01 1.424595e-18
    outer loop
      vertex   -5.252486e+00 -1.624142e+01 -1.980023e+01
      vertex   -5.467513e+00 -1.629442e+01 -2.230023e+01
      vertex   -5.467513e+00 -1.629442e+01 -1.980023e+01
    endloop
  endfacet
  facet normal -1.604113e-01 9.870503e-01 0.000000e+00
    outer loop
      vertex   -5.467513e+00 -1.629442e+01 -1.980023e+01
      vertex   -5.467513e+00 -1.629442e+01 -2.230023e+01
      vertex   -5.686108e+00 -1.632995e+01 -2.230023e+01
    endloop
  endfacet
  facet normal -1.604113e-01 9.870503e-01 -5.976626e-19
    outer loop
      vertex   -5.467513e+00 -1.629442e+01 -1.980023e+01
      vertex   -5.686108e+00 -1.632995e+01 -2.230023e+01
      vertex   -5.686108e+00 -1.632995e+01 -1.980023e+01
    endloop
  endfacet
  facet normal -8.046657e-02 9.967573e-01 0.000000e+00
    outer loop
      vertex   -5.686108e+00 -1.632995e+01 -1.980023e+01
      vertex   -5.686108e+00 -1.632995e+01 -2.230023e+01
      vertex   -5.906852e+00 -1.634777e+01 -2.230023e+01
    endloop
  endfacet
  facet normal -8.046657e-02 9.967573e-01 1.668240e-19
    outer loop
      vertex   -5.686108e+00 -1.632995e+01 -1.980023e+01
      vertex   -5.906852e+00 -1.634777e+01 -2.230023e+01
      vertex   -5.906852e+00 -1.634777e+01 -1.980023e+01
    endloop
  endfacet
  facet normal 0.000000e+00 1.000000e+00 0.000000e+00
    outer loop
      vertex   -5.906852e+00 -1.634777e+01 -1.980023e+01
      vertex   -5.906852e+00 -1.634777e+01 -2.230023e+01
      vertex   -6.128315e+00 -1.634777e+01 -2.230023e+01
    endloop
  endfacet
  facet normal 0.000000e+00 1.000000e+00 0.000000e+00
    outer loop
      vertex   -5.906852e+00 -1.634777e+01 -1.980023e+01
      vertex   -6.128315e+00 -1.634777e+01 -2.230023e+01
      vertex   -6.128315e+00 -1.634777e+01 -1.980023e+01
    endloop
  endfacet
  facet normal 8.046657e-02 9.967573e-01 0.000000e+00
    outer loop
      vertex   -6.128315e+00 -1.634777e+01 -1.980023e+01
      vertex   -6.128315e+00 -1.634777e+01 -2.230023e+01
      vertex   -6.349060e+00 -1.632995e+01 -2.230023e+01
    endloop
  endfacet
  facet normal 8.046657e-02 9.967573e-01 -3.163399e-20
    outer loop
      vertex   -6.128315e+00 -1.634777e+01 -1.980023e+01
      vertex   -6.349060e+00 -1.632995e+01 -2.230023e+01
      vertex   -6.349060e+00 -1.632995e+01 -1.980023e+01
    endloop
  endfacet
  facet normal 1.604113e-01 9.870503e-01 0.000000e+00
    outer loop
      vertex   -6.349060e+00 -1.632995e+01 -1.980023e+01
      vertex   -6.349060e+00 -1.632995e+01 -2.230023e+01
      vertex   -6.567654e+00 -1.629442e+01 -2.230023e+01
    endloop
  endfacet
  facet normal 1.604113e-01 9.870503e-01 -1.897319e-19
    outer loop
      vertex   -6.349060e+00 -1.632995e+01 -1.980023e+01
      vertex   -6.567654e+00 -1.629442e+01 -2.230023e+01
      vertex   -6.567654e+00 -1.629442e+01 -1.980023e+01
    endloop
  endfacet
  facet normal 2.393157e-01 9.709418e-01 0.000000e+00
    outer loop
      vertex   -6.567654e+00 -1.629442e+01 -1.980023e+01
      vertex   -6.567654e+00 -1.629442e+01 -2.230023e+01
      vertex   -6.782682e+00 -1.624142e+01 -2.230023e+01
    endloop
  endfacet
  facet normal 2.393157e-01 9.709418e-01 8.580315e-19
    outer loop
      vertex   -6.567654e+00 -1.629442e+01 -1.980023e+01
      vertex   -6.782682e+00 -1.624142e+01 -2.230023e+01
      vertex   -6.782682e+00 -1.624142e+01 -1.980023e+01
    endloop
  endfacet
  facet normal 3.166680e-01 9.485364e-01 0.000000e+00
    outer loop
      vertex   -6.782682e+00 -1.624142e+01 -1.980023e+01
      vertex   -6.782682e+00 -1.624142e+01 -2.230023e+01
      vertex   -6.992747e+00 -1.617129e+01 -2.230023e+01
    endloop
  endfacet
  facet normal 3.166680e-01 9.485364e-01 1.341213e-19
    outer loop
      vertex   -6.782682e+00 -1.624142e+01 -1.980023e+01
      vertex   -6.992747e+00 -1.617129e+01 -2.230023e+01
      vertex   -6.992747e+00 -1.617129e+01 -1.980023e+01
    endloop
  endfacet
  facet normal 3.919666e-01 9.199794e-01 0.000000e+00
    outer loop
      vertex   -6.992747e+00 -1.617129e+01 -1.980023e+01
      vertex   -6.992747e+00 -1.617129e+01 -2.230023e+01
      vertex   -7.196488e+00 -1.608449e+01 -2.230023e+01
    endloop
  endfacet
  facet normal 3.919666e-01 9.199794e-01 6.841777e-19
    outer loop
      vertex   -6.992747e+00 -1.617129e+01 -1.980023e+01
      vertex   -7.196488e+00 -1.608449e+01 -2.230023e+01
      vertex   -7.196488e+00 -1.608449e+01 -1.980023e+01
    endloop
  endfacet
  facet normal 4.647232e-01 8.854560e-01 0.000000e+00
    outer loop
      vertex   -7.196488e+00 -1.608449e+01 -1.980023e+01
      vertex   -7.196488e+00 -1.608449e+01 -2.230023e+01
      vertex   -7.392584e+00 -1.598157e+01 -2.230023e+01
    endloop
  endfacet
  facet normal 4.647232e-01 8.854560e-01 2.973018e-19
    outer loop
      vertex   -7.196488e+00 -1.608449e+01 -1.980023e+01
      vertex   -7.392584e+00 -1.598157e+01 -2.230023e+01
      vertex   -7.392584e+00 -1.598157e+01 -1.980023e+01
    endloop
  endfacet
  facet normal 5.344658e-01 8.451901e-01 0.000000e+00
    outer loop
      vertex   -7.392584e+00 -1.598157e+01 -1.980023e+01
      vertex   -7.392584e+00 -1.598157e+01 -2.230023e+01
      vertex   -7.579762e+00 -1.586321e+01 -2.230023e+01
    endloop
  endfacet
  facet normal 5.344658e-01 8.451901e-01 1.002239e-18
    outer loop
      vertex   -7.392584e+00 -1.598157e+01 -1.980023e+01
      vertex   -7.579762e+00 -1.586321e+01 -2.230023e+01
      vertex   -7.579762e+00 -1.586321e+01 -1.980023e+01
    endloop
  endfacet
  facet normal 6.007423e-01 7.994428e-01 0.000000e+00
    outer loop
      vertex   -7.579762e+00 -1.586321e+01 -1.980023e+01
      vertex   -7.579762e+00 -1.586321e+01 -2.230023e+01
      vertex   -7.756808e+00 -1.573016e+01 -2.230023e+01
    endloop
  endfacet
  facet normal 6.007423e-01 7.994428e-01 -1.318626e-18
    outer loop
      vertex   -7.579762e+00 -1.586321e+01 -1.980023e+01
      vertex   -7.756808e+00 -1.573016e+01 -2.230023e+01
      vertex   -7.756808e+00 -1.573016e+01 -1.980023e+01
    endloop
  endfacet
  facet normal 6.631227e-01 7.485107e-01 0.000000e+00
    outer loop
      vertex   -7.756808e+00 -1.573016e+01 -1.980023e+01
      vertex   -7.756808e+00 -1.573016e+01 -2.230023e+01
      vertex   -7.922576e+00 -1.558331e+01 -2.230023e+01
    endloop
  endfacet
  facet normal 6.631227e-01 7.485107e-01 2.162840e-18
    outer loop
      vertex   -7.756808e+00 -1.573016e+01 -1.980023e+01
      vertex   -7.922576e+00 -1.558331e+01 -2.230023e+01
      vertex   -7.922576e+00 -1.558331e+01 -1.980023e+01
    endloop
  endfacet
  facet normal 7.212024e-01 6.927244e-01 0.000000e+00
    outer loop
      vertex   -7.922576e+00 -1.558331e+01 -1.980023e+01
      vertex   -7.922576e+00 -1.558331e+01 -2.230023e+01
      vertex   -8.075988e+00 -1.542359e+01 -2.230023e+01
    endloop
  endfacet
  facet normal 7.212024e-01 6.927244e-01 -2.860538e-19
    outer loop
      vertex   -7.922576e+00 -1.558331e+01 -1.980023e+01
      vertex   -8.075988e+00 -1.542359e+01 -2.230023e+01
      vertex   -8.075988e+00 -1.542359e+01 -1.980023e+01
    endloop
  endfacet
  facet normal 7.746050e-01 6.324454e-01 0.000000e+00
    outer loop
      vertex   -8.075988e+00 -1.542359e+01 -1.980023e+01
      vertex   -8.075988e+00 -1.542359e+01 -2.230023e+01
      vertex   -8.216051e+00 -1.525204e+01 -2.230023e+01
    endloop
  endfacet
  facet normal 7.746050e-01 6.324454e-01 1.567002e-18
    outer loop
      vertex   -8.075988e+00 -1.542359e+01 -1.980023e+01
      vertex   -8.216051e+00 -1.525204e+01 -2.230023e+01
      vertex   -8.216051e+00 -1.525204e+01 -1.980023e+01
    endloop
  endfacet
  facet normal 8.229839e-01 5.680647e-01 0.000000e+00
    outer loop
      vertex   -8.216051e+00 -1.525204e+01 -1.980023e+01
      vertex   -8.216051e+00 -1.525204e+01 -2.230023e+01
      vertex   -8.341856e+00 -1.506978e+01 -2.230023e+01
    endloop
  endfacet
  facet normal 8.229839e-01 5.680647e-01 2.975643e-18
    outer loop
      vertex   -8.216051e+00 -1.525204e+01 -1.980023e+01
      vertex   -8.341856e+00 -1.506978e+01 -2.230023e+01
      vertex   -8.341856e+00 -1.506978e+01 -1.980023e+01
    endloop
  endfacet
  facet normal 8.660254e-01 5.000000e-01 0.000000e+00
    outer loop
      vertex   -8.341856e+00 -1.506978e+01 -1.980023e+01
      vertex   -8.341856e+00 -1.506978e+01 -2.230023e+01
      vertex   -8.452588e+00 -1.487799e+01 -2.230023e+01
    endloop
  endfacet
  facet normal 8.660254e-01 5.000000e-01 -1.688061e-18
    outer loop
      vertex   -8.341856e+00 -1.506978e+01 -1.980023e+01
      vertex   -8.452588e+00 -1.487799e+01 -2.230023e+01
      vertex   -8.452588e+00 -1.487799e+01 -1.980023e+01
    endloop
  endfacet
  facet normal 9.034504e-01 4.286926e-01 0.000000e+00
    outer loop
      vertex   -8.452588e+00 -1.487799e+01 -1.980023e+01
      vertex   -8.452588e+00 -1.487799e+01 -2.230023e+01
      vertex   -8.547527e+00 -1.467791e+01 -2.230023e+01
    endloop
  endfacet
  facet normal 9.034504e-01 4.286926e-01 -2.889080e-18
    outer loop
      vertex   -8.452588e+00 -1.487799e+01 -1.980023e+01
      vertex   -8.547527e+00 -1.467791e+01 -2.230023e+01
      vertex   -8.547527e+00 -1.467791e+01 -1.980023e+01
    endloop
  endfacet
  facet normal 9.350162e-01 3.546049e-01 0.000000e+00
    outer loop
      vertex   -8.547527e+00 -1.467791e+01 -1.980023e+01
      vertex   -8.547527e+00 -1.467791e+01 -2.230023e+01
      vertex   -8.626059e+00 -1.447084e+01 -2.230023e+01
    endloop
  endfacet
  facet normal 9.350162e-01 3.546049e-01 2.380449e-18
    outer loop
      vertex   -8.547527e+00 -1.467791e+01 -1.980023e+01
      vertex   -8.626059e+00 -1.447084e+01 -2.230023e+01
      vertex   -8.626059e+00 -1.447084e+01 -1.980023e+01
    endloop
  endfacet
  facet normal 9.605181e-01 2.782175e-01 0.000000e+00
    outer loop
      vertex   -8.626059e+00 -1.447084e+01 -1.980023e+01
      vertex   -8.626059e+00 -1.447084e+01 -2.230023e+01
      vertex   -8.687674e+00 -1.425812e+01 -2.230023e+01
    endloop
  endfacet
  facet normal 9.605181e-01 2.782175e-01 -5.450174e-19
    outer loop
      vertex   -8.626059e+00 -1.447084e+01 -1.980023e+01
      vertex   -8.687674e+00 -1.425812e+01 -2.230023e+01
      vertex   -8.687674e+00 -1.425812e+01 -1.980023e+01
    endloop
  endfacet
  facet normal 9.797907e-01 2.000257e-01 0.000000e+00
    outer loop
      vertex   -8.687674e+00 -1.425812e+01 -1.980023e+01
      vertex   -8.687674e+00 -1.425812e+01 -2.230023e+01
      vertex   -8.731972e+00 -1.404113e+01 -2.230023e+01
    endloop
  endfacet
  facet normal 9.797907e-01 2.000257e-01 -1.039912e-18
    outer loop
      vertex   -8.687674e+00 -1.425812e+01 -1.980023e+01
      vertex   -8.731972e+00 -1.404113e+01 -2.230023e+01
      vertex   -8.731972e+00 -1.404113e+01 -1.980023e+01
    endloop
  endfacet
  facet normal 9.927089e-01 1.205367e-01 0.000000e+00
    outer loop
      vertex   -8.731972e+00 -1.404113e+01 -1.980023e+01
      vertex   -8.731972e+00 -1.404113e+01 -2.230023e+01
      vertex   -8.758666e+00 -1.382128e+01 -2.230023e+01
    endloop
  endfacet
  facet normal -0.000000e+00 0.000000e+00 -1.000000e+00
    outer loop
      vertex   -7.508480e+00 -1.376501e+01 -1.980023e+01
      vertex   -8.758666e+00 -1.382128e+01 -1.980023e+01
      vertex   -7.517584e+00 -1.360000e+01 -1.980023e+01
    endloop
  endfacet
  facet normal -0.000000e+00 0.000000e+00 -1.000000e+00
    outer loop
      vertex   -7.517584e+00 -1.360000e+01 -1.980023e+01
      vertex   -8.758666e+00 -1.382128e+01 -1.980023e+01
      vertex   -8.767584e+00 -1.360000e+01 -1.980023e+01
    endloop
  endfacet
  facet normal 0.000000e+00 0.000000e+00 -1.000000e+00
    outer loop
      vertex   -7.517584e+00 -1.360000e+01 -1.980023e+01
      vertex   -8.767584e+00 -1.360000e+01 -1.980023e+01
      vertex   -8.758666e+00 -1.337872e+01 -1.980023e+01
    endloop
  endfacet
  facet normal 0.000000e+00 0.000000e+00 -1.000000e+00
    outer loop
      vertex   -8.758666e+00 -1.382128e+01 -1.980023e+01
      vertex   -7.508480e+00 -1.376501e+01 -1.980023e+01
      vertex   -8.731972e+00 -1.404113e+01 -1.980023e+01
    endloop
  endfacet
  facet normal 0.000000e+00 0.000000e+00 -1.000000e+00
    outer loop
      vertex   -8.731972e+00 -1.404113e+01 -1.980023e+01
      vertex   -7.508480e+00 -1.376501e+01 -1.980023e+01
      vertex   -7.481278e+00 -1.392802e+01 -1.980023e+01
    endloop
  endfacet
  facet normal 0.000000e+00 0.000000e+00 -1.000000e+00
    outer loop
      vertex   -8.731972e+00 -1.404113e+01 -1.980023e+01
      vertex   -7.481278e+00 -1.392802e+01 -1.980023e+01
      vertex   -8.687674e+00 -1.425812e+01 -1.980023e+01
    endloop
  endfacet
  facet normal 0.000000e+00 0.000000e+00 -1.000000e+00
    outer loop
      vertex   -8.687674e+00 -1.425812e+01 -1.980023e+01
      vertex   -7.481278e+00 -1.392802e+01 -1.980023e+01
      vertex   -7.436310e+00 -1.408705e+01 -1.980023e+01
    endloop
  endfacet
  facet normal 0.000000e+00 0.000000e+00 -1.000000e+00
    outer loop
      vertex   -8.687674e+00 -1.425812e+01 -1.980023e+01
      vertex   -7.436310e+00 -1.408705e+01 -1.980023e+01
      vertex   -8.626059e+00 -1.447084e+01 -1.980023e+01
    endloop
  endfacet
  facet normal 0.000000e+00 0.000000e+00 -1.000000e+00
    outer loop
      vertex   -8.626059e+00 -1.447084e+01 -1.980023e+01
      vertex   -7.436310e+00 -1.408705e+01 -1.980023e+01
      vertex   -8.547527e+00 -1.467791e+01 -1.980023e+01
    endloop
  endfacet
  facet normal 0.000000e+00 0.000000e+00 -1.000000e+00
    outer loop
      vertex   -8.547527e+00 -1.467791e+01 -1.980023e+01
      vertex   -7.436310e+00 -1.408705e+01 -1.980023e+01
      vertex   -7.374119e+00 -1.424016e+01 -1.980023e+01
    endloop
  endfacet
  facet normal 0.000000e+00 0.000000e+00 -1.000000e+00
    outer loop
      vertex   -8.547527e+00 -1.467791e+01 -1.980023e+01
      vertex   -7.374119e+00 -1.424016e+01 -1.980023e+01
      vertex   -8.452588e+00 -1.487799e+01 -1.980023e+01
    endloop
  endfacet
  facet normal 0.000000e+00 0.000000e+00 -1.000000e+00
    outer loop
      vertex   -8.452588e+00 -1.487799e+01 -1.980023e+01
      vertex   -7.374119e+00 -1.424016e+01 -1.980023e+01
      vertex   -7.295463e+00 -1.438551e+01 -1.980023e+01
    endloop
  endfacet
  facet normal 0.000000e+00 0.000000e+00 -1.000000e+00
    outer loop
      vertex   -8.452588e+00 -1.487799e+01 -1.980023e+01
      vertex   -7.295463e+00 -1.438551e+01 -1.980023e+01
      vertex   -8.341856e+00 -1.506978e+01 -1.980023e+01
    endloop
  endfacet
  facet normal 0.000000e+00 0.000000e+00 -1.000000e+00
    outer loop
      vertex   -8.341856e+00 -1.506978e+01 -1.980023e+01
      vertex   -7.295463e+00 -1.438551e+01 -1.980023e+01
      vertex   -8.216051e+00 -1.525204e+01 -1.980023e+01
    endloop
  endfacet
  facet normal 0.000000e+00 0.000000e+00 -1.000000e+00
    outer loop
      vertex   -8.216051e+00 -1.525204e+01 -1.980023e+01
      vertex   -7.295463e+00 -1.438551e+01 -1.980023e+01
      vertex   -7.201294e+00 -1.452132e+01 -1.980023e+01
    endloop
  endfacet
  facet normal 0.000000e+00 0.000000e+00 -1.000000e+00
    outer loop
      vertex   -8.216051e+00 -1.525204e+01 -1.980023e+01
      vertex   -7.201294e+00 -1.452132e+01 -1.980023e+01
      vertex   -8.075988e+00 -1.542359e+01 -1.980023e+01
    endloop
  endfacet
  facet normal 0.000000e+00 0.000000e+00 -1.000000e+00
    outer loop
      vertex   -8.075988e+00 -1.542359e+01 -1.980023e+01
      vertex   -7.201294e+00 -1.452132e+01 -1.980023e+01
      vertex   -7.092757e+00 -1.464595e+01 -1.980023e+01
    endloop
  endfacet
  facet normal 0.000000e+00 0.000000e+00 -1.000000e+00
    outer loop
      vertex   -8.075988e+00 -1.542359e+01 -1.980023e+01
      vertex   -7.092757e+00 -1.464595e+01 -1.980023e+01
      vertex   -7.922576e+00 -1.558331e+01 -1.980023e+01
    endloop
  endfacet
  facet normal 0.000000e+00 0.000000e+00 -1.000000e+00
    outer loop
      vertex   -7.922576e+00 -1.558331e+01 -1.980023e+01
      vertex   -7.092757e+00 -1.464595e+01 -1.980023e+01
      vertex   -6.971169e+00 -1.475788e+01 -1.980023e+01
    endloop
  endfacet
  facet normal 0.000000e+00 0.000000e+00 -1.000000e+00
    outer loop
      vertex   -7.922576e+00 -1.558331e+01 -1.980023e+01
      vertex   -6.971169e+00 -1.475788e+01 -1.980023e+01
      vertex   -7.756808e+00 -1.573016e+01 -1.980023e+01
    endloop
  endfacet
  facet normal 0.000000e+00 0.000000e+00 -1.000000e+00
    outer loop
      vertex   -7.756808e+00 -1.573016e+01 -1.980023e+01
      vertex   -6.971169e+00 -1.475788e+01 -1.980023e+01
      vertex   -7.579762e+00 -1.586321e+01 -1.980023e+01
    endloop
  endfacet
  facet normal 0.000000e+00 0.000000e+00 -1.000000e+00
    outer loop
      vertex   -7.579762e+00 -1.586321e+01 -1.980023e+01
      vertex   -6.971169e+00 -1.475788e+01 -1.980023e+01
      vertex   -6.838006e+00 -1.485575e+01 -1.980023e+01
    endloop
  endfacet
  facet normal 0.000000e+00 0.000000e+00 -1.000000e+00
    outer loop
      vertex   -7.579762e+00 -1.586321e+01 -1.980023e+01
      vertex   -6.838006e+00 -1.485575e+01 -1.980023e+01
      vertex   -7.392584e+00 -1.598157e+01 -1.980023e+01
    endloop
  endfacet
  facet normal 0.000000e+00 0.000000e+00 -1.000000e+00
    outer loop
      vertex   -7.392584e+00 -1.598157e+01 -1.980023e+01
      vertex   -6.838006e+00 -1.485575e+01 -1.980023e+01
      vertex   -6.694884e+00 -1.493838e+01 -1.980023e+01
    endloop
  endfacet
  facet normal 0.000000e+00 0.000000e+00 -1.000000e+00
    outer loop
      vertex   -7.392584e+00 -1.598157e+01 -1.980023e+01
      vertex   -6.694884e+00 -1.493838e+01 -1.980023e+01
      vertex   -7.196488e+00 -1.608449e+01 -1.980023e+01
    endloop
  endfacet
  facet normal 0.000000e+00 0.000000e+00 -1.000000e+00
    outer loop
      vertex   -7.196488e+00 -1.608449e+01 -1.980023e+01
      vertex   -6.694884e+00 -1.493838e+01 -1.980023e+01
      vertex   -6.543540e+00 -1.500477e+01 -1.980023e+01
    endloop
  endfacet
  facet normal 0.000000e+00 0.000000e+00 -1.000000e+00
    outer loop
      vertex   -7.196488e+00 -1.608449e+01 -1.980023e+01
      vertex   -6.543540e+00 -1.500477e+01 -1.980023e+01
      vertex   -6.992747e+00 -1.617129e+01 -1.980023e+01
    endloop
  endfacet
  facet normal 0.000000e+00 0.000000e+00 -1.000000e+00
    outer loop
      vertex   -6.992747e+00 -1.617129e+01 -1.980023e+01
      vertex   -6.543540e+00 -1.500477e+01 -1.980023e+01
      vertex   -6.782682e+00 -1.624142e+01 -1.980023e+01
    endloop
  endfacet
  facet normal 0.000000e+00 0.000000e+00 -1.000000e+00
    outer loop
      vertex   -6.782682e+00 -1.624142e+01 -1.980023e+01
      vertex   -6.543540e+00 -1.500477e+01 -1.980023e+01
      vertex   -6.385812e+00 -1.505410e+01 -1.980023e+01
    endloop
  endfacet
  facet normal 0.000000e+00 0.000000e+00 -1.000000e+00
    outer loop
      vertex   -6.782682e+00 -1.624142e+01 -1.980023e+01
      vertex   -6.385812e+00 -1.505410e+01 -1.980023e+01
      vertex   -6.567654e+00 -1.629442e+01 -1.980023e+01
    endloop
  endfacet
  facet normal 0.000000e+00 0.000000e+00 -1.000000e+00
    outer loop
      vertex   -6.567654e+00 -1.629442e+01 -1.980023e+01
      vertex   -6.385812e+00 -1.505410e+01 -1.980023e+01
      vertex   -6.223614e+00 -1.508578e+01 -1.980023e+01
    endloop
  endfacet
  facet normal 0.000000e+00 0.000000e+00 -1.000000e+00
    outer loop
      vertex   -6.567654e+00 -1.629442e+01 -1.980023e+01
      vertex   -6.223614e+00 -1.508578e+01 -1.980023e+01
      vertex   -6.349060e+00 -1.632995e+01 -1.980023e+01
    endloop
  endfacet
  facet normal 0.000000e+00 0.000000e+00 -1.000000e+00
    outer loop
      vertex   -6.349060e+00 -1.632995e+01 -1.980023e+01
      vertex   -6.223614e+00 -1.508578e+01 -1.980023e+01
      vertex   -6.058915e+00 -1.509943e+01 -1.980023e+01
    endloop
  endfacet
  facet normal 0.000000e+00 0.000000e+00 -1.000000e+00
    outer loop
      vertex   -6.349060e+00 -1.632995e+01 -1.980023e+01
      vertex   -6.058915e+00 -1.509943e+01 -1.980023e+01
      vertex   -6.128315e+00 -1.634777e+01 -1.980023e+01
    endloop
  endfacet
  facet normal 0.000000e+00 0.000000e+00 -1.000000e+00
    outer loop
      vertex   -6.128315e+00 -1.634777e+01 -1.980023e+01
      vertex   -6.058915e+00 -1.509943e+01 -1.980023e+01
      vertex   -5.906852e+00 -1.634777e+01 -1.980023e+01
    endloop
  endfacet
  facet normal 0.000000e+00 0.000000e+00 -1.000000e+00
    outer loop
      vertex   -5.906852e+00 -1.634777e+01 -1.980023e+01
      vertex   -6.058915e+00 -1.509943e+01 -1.980023e+01
      vertex   -5.893715e+00 -1.509488e+01 -1.980023e+01
    endloop
  endfacet
  facet normal 0.000000e+00 0.000000e+00 -1.000000e+00
    outer loop
      vertex   -5.906852e+00 -1.634777e+01 -1.980023e+01
      vertex   -5.893715e+00 -1.509488e+01 -1.980023e+01
      vertex   -5.686108e+00 -1.632995e+01 -1.980023e+01
    endloop
  endfacet
  facet normal 0.000000e+00 0.000000e+00 -1.000000e+00
    outer loop
      vertex   -5.686108e+00 -1.632995e+01 -1.980023e+01
      vertex   -5.893715e+00 -1.509488e+01 -1.980023e+01
      vertex   -5.730018e+00 -1.507218e+01 -1.980023e+01
    endloop
  endfacet
  facet normal 0.000000e+00 0.000000e+00 -1.000000e+00
    outer loop
      vertex   -5.686108e+00 -1.632995e+01 -1.980023e+01
      vertex   -5.730018e+00 -1.507218e+01 -1.980023e+01
      vertex   -5.467513e+00 -1.629442e+01 -1.980023e+01
    endloop
  endfacet
  facet normal 0.000000e+00 0.000000e+00 -1.000000e+00
    outer loop
      vertex   -5.467513e+00 -1.629442e+01 -1.980023e+01
      vertex   -5.730018e+00 -1.507218e+01 -1.980023e+01
      vertex   -5.252486e+00 -1.624142e+01 -1.980023e+01
    endloop
  endfacet
  facet normal 0.000000e+00 0.000000e+00 -1.000000e+00
    outer loop
      vertex   -5.252486e+00 -1.624142e+01 -1.980023e+01
      vertex   -5.730018e+00 -1.507218e+01 -1.980023e+01
      vertex   -5.569811e+00 -1.503161e+01 -1.980023e+01
    endloop
  endfacet
  facet normal 0.000000e+00 0.000000e+00 -1.000000e+00
    outer loop
      vertex   -5.252486e+00 -1.624142e+01 -1.980023e+01
      vertex   -5.569811e+00 -1.503161e+01 -1.980023e+01
      vertex   -5.042420e+00 -1.617129e+01 -1.980023e+01
    endloop
  endfacet
  facet normal 0.000000e+00 0.000000e+00 -1.000000e+00
    outer loop
      vertex   -5.042420e+00 -1.617129e+01 -1.980023e+01
      vertex   -5.569811e+00 -1.503161e+01 -1.980023e+01
      vertex   -5.415041e+00 -1.497366e+01 -1.980023e+01
    endloop
  endfacet
  facet normal 0.000000e+00 0.000000e+00 -1.000000e+00
    outer loop
      vertex   -5.042420e+00 -1.617129e+01 -1.980023e+01
      vertex   -5.415041e+00 -1.497366e+01 -1.980023e+01
      vertex   -4.838679e+00 -1.608449e+01 -1.980023e+01
    endloop
  endfacet
  facet normal 0.000000e+00 0.000000e+00 -1.000000e+00
    outer loop
      vertex   -4.838679e+00 -1.608449e+01 -1.980023e+01
      vertex   -5.415041e+00 -1.497366e+01 -1.980023e+01
      vertex   -5.267584e+00 -1.489904e+01 -1.980023e+01
    endloop
  endfacet
  facet normal 0.000000e+00 0.000000e+00 -1.000000e+00
    outer loop
      vertex   -4.838679e+00 -1.608449e+01 -1.980023e+01
      vertex   -5.267584e+00 -1.489904e+01 -1.980023e+01
      vertex   -4.642584e+00 -1.598157e+01 -1.980023e+01
    endloop
  endfacet
  facet normal 0.000000e+00 0.000000e+00 -1.000000e+00
    outer loop
      vertex   -4.642584e+00 -1.598157e+01 -1.980023e+01
      vertex   -5.267584e+00 -1.489904e+01 -1.980023e+01
      vertex   -4.455406e+00 -1.586321e+01 -1.980023e+01
    endloop
  endfacet
  facet normal 0.000000e+00 0.000000e+00 -1.000000e+00
    outer loop
      vertex   -4.455406e+00 -1.586321e+01 -1.980023e+01
      vertex   -5.267584e+00 -1.489904e+01 -1.980023e+01
      vertex   -5.129231e+00 -1.480865e+01 -1.980023e+01
    endloop
  endfacet
  facet normal 0.000000e+00 0.000000e+00 -1.000000e+00
    outer loop
      vertex   -4.455406e+00 -1.586321e+01 -1.980023e+01
      vertex   -5.129231e+00 -1.480865e+01 -1.980023e+01
      vertex   -4.278359e+00 -1.573016e+01 -1.980023e+01
    endloop
  endfacet
  facet normal 0.000000e+00 0.000000e+00 -1.000000e+00
    outer loop
      vertex   -4.278359e+00 -1.573016e+01 -1.980023e+01
      vertex   -5.129231e+00 -1.480865e+01 -1.980023e+01
      vertex   -5.001661e+00 -1.470359e+01 -1.980023e+01
    endloop
  endfacet
  facet normal 0.000000e+00 0.000000e+00 -1.000000e+00
    outer loop
      vertex   -4.278359e+00 -1.573016e+01 -1.980023e+01
      vertex   -5.001661e+00 -1.470359e+01 -1.980023e+01
      vertex   -4.112592e+00 -1.558331e+01 -1.980023e+01
    endloop
  endfacet
  facet normal 0.000000e+00 0.000000e+00 -1.000000e+00
    outer loop
      vertex   -4.112592e+00 -1.558331e+01 -1.980023e+01
      vertex   -5.001661e+00 -1.470359e+01 -1.980023e+01
      vertex   -4.886424e+00 -1.458513e+01 -1.980023e+01
    endloop
  endfacet
  facet normal 0.000000e+00 0.000000e+00 -1.000000e+00
    outer loop
      vertex   -4.112592e+00 -1.558331e+01 -1.980023e+01
      vertex   -4.886424e+00 -1.458513e+01 -1.980023e+01
      vertex   -3.959179e+00 -1.542359e+01 -1.980023e+01
    endloop
  endfacet
  facet normal 0.000000e+00 0.000000e+00 -1.000000e+00
    outer loop
      vertex   -3.959179e+00 -1.542359e+01 -1.980023e+01
      vertex   -4.886424e+00 -1.458513e+01 -1.980023e+01
      vertex   -3.819116e+00 -1.525204e+01 -1.980023e+01
    endloop
  endfacet
  facet normal 0.000000e+00 0.000000e+00 -1.000000e+00
    outer loop
      vertex   -3.819116e+00 -1.525204e+01 -1.980023e+01
      vertex   -4.886424e+00 -1.458513e+01 -1.980023e+01
      vertex   -4.784917e+00 -1.445471e+01 -1.980023e+01
    endloop
  endfacet
  facet normal 0.000000e+00 0.000000e+00 -1.000000e+00
    outer loop
      vertex   -3.819116e+00 -1.525204e+01 -1.980023e+01
      vertex   -4.784917e+00 -1.445471e+01 -1.980023e+01
      vertex   -3.693311e+00 -1.506978e+01 -1.980023e+01
    endloop
  endfacet
  facet normal 0.000000e+00 0.000000e+00 -1.000000e+00
    outer loop
      vertex   -3.693311e+00 -1.506978e+01 -1.980023e+01
      vertex   -4.784917e+00 -1.445471e+01 -1.980023e+01
      vertex   -4.698373e+00 -1.431392e+01 -1.980023e+01
    endloop
  endfacet
  facet normal 0.000000e+00 0.000000e+00 -1.000000e+00
    outer loop
      vertex   -3.693311e+00 -1.506978e+01 -1.980023e+01
      vertex   -4.698373e+00 -1.431392e+01 -1.980023e+01
      vertex   -3.582580e+00 -1.487799e+01 -1.980023e+01
    endloop
  endfacet
  facet normal 0.000000e+00 0.000000e+00 -1.000000e+00
    outer loop
      vertex   -3.582580e+00 -1.487799e+01 -1.980023e+01
      vertex   -4.698373e+00 -1.431392e+01 -1.980023e+01
      vertex   -3.487640e+00 -1.467791e+01 -1.980023e+01
    endloop
  endfacet
  facet normal 0.000000e+00 0.000000e+00 -1.000000e+00
    outer loop
      vertex   -3.487640e+00 -1.467791e+01 -1.980023e+01
      vertex   -4.698373e+00 -1.431392e+01 -1.980023e+01
      vertex   -4.627843e+00 -1.416446e+01 -1.980023e+01
    endloop
  endfacet
  facet normal 0.000000e+00 0.000000e+00 -1.000000e+00
    outer loop
      vertex   -3.487640e+00 -1.467791e+01 -1.980023e+01
      vertex   -4.627843e+00 -1.416446e+01 -1.980023e+01
      vertex   -3.409108e+00 -1.447084e+01 -1.980023e+01
    endloop
  endfacet
  facet normal 0.000000e+00 0.000000e+00 -1.000000e+00
    outer loop
      vertex   -3.409108e+00 -1.447084e+01 -1.980023e+01
      vertex   -4.627843e+00 -1.416446e+01 -1.980023e+01
      vertex   -4.574182e+00 -1.400816e+01 -1.980023e+01
    endloop
  endfacet
  facet normal 0.000000e+00 0.000000e+00 -1.000000e+00
    outer loop
      vertex   -3.409108e+00 -1.447084e+01 -1.980023e+01
      vertex   -4.574182e+00 -1.400816e+01 -1.980023e+01
      vertex   -3.347494e+00 -1.425812e+01 -1.980023e+01
    endloop
  endfacet
  facet normal 0.000000e+00 0.000000e+00 -1.000000e+00
    outer loop
      vertex   -3.347494e+00 -1.425812e+01 -1.980023e+01
      vertex   -4.574182e+00 -1.400816e+01 -1.980023e+01
      vertex   -4.538042e+00 -1.384689e+01 -1.980023e+01
    endloop
  endfacet
  facet normal 0.000000e+00 0.000000e+00 -1.000000e+00
    outer loop
      vertex   -3.347494e+00 -1.425812e+01 -1.980023e+01
      vertex   -4.538042e+00 -1.384689e+01 -1.980023e+01
      vertex   -3.303195e+00 -1.404113e+01 -1.980023e+01
    endloop
  endfacet
  facet normal 0.000000e+00 0.000000e+00 -1.000000e+00
    outer loop
      vertex   -3.303195e+00 -1.404113e+01 -1.980023e+01
      vertex   -4.538042e+00 -1.384689e+01 -1.980023e+01
      vertex   -3.276501e+00 -1.382128e+01 -1.980023e+01
    endloop
  endfacet
  facet normal -0.000000e+00 0.000000e+00 -1.000000e+00
    outer loop
      vertex   -3.276501e+00 -1.382128e+01 -1.980023e+01
      vertex   -4.538042e+00 -1.384689e+01 -1.980023e+01
      vertex   -4.519861e+00 -1.368263e+01 -1.980023e+01
    endloop
  endfacet
  facet normal 0.000000e+00 0.000000e+00 -1.000000e+00
    outer loop
      vertex   -3.276501e+00 -1.382128e+01 -1.980023e+01
      vertex   -4.519861e+00 -1.368263e+01 -1.980023e+01
      vertex   -3.267584e+00 -1.360000e+01 -1.980023e+01
    endloop
  endfacet
  facet normal -0.000000e+00 0.000000e+00 -1.000000e+00
    outer loop
      vertex   -3.267584e+00 -1.360000e+01 -1.980023e+01
      vertex   -4.519861e+00 -1.368263e+01 -1.980023e+01
      vertex   -4.519861e+00 -1.351737e+01 -1.980023e+01
    endloop
  endfacet
  facet normal 0.000000e+00 0.000000e+00 -1.000000e+00
    outer loop
      vertex   -3.267584e+00 -1.360000e+01 -1.980023e+01
      vertex   -4.519861e+00 -1.351737e+01 -1.980023e+01
      vertex   -3.276501e+00 -1.337872e+01 -1.980023e+01
    endloop
  endfacet
  facet normal -0.000000e+00 0.000000e+00 -1.000000e+00
    outer loop
      vertex   -3.276501e+00 -1.337872e+01 -1.980023e+01
      vertex   -4.519861e+00 -1.351737e+01 -1.980023e+01
      vertex   -4.538042e+00 -1.335311e+01 -1.980023e+01
    endloop
  endfacet
  facet normal 0.000000e+00 0.000000e+00 -1.000000e+00
    outer loop
      vertex   -3.276501e+00 -1.337872e+01 -1.980023e+01
      vertex   -4.538042e+00 -1.335311e+01 -1.980023e+01
      vertex   -3.303195e+00 -1.315887e+01 -1.980023e+01
    endloop
  endfacet
  facet normal -0.000000e+00 0.000000e+00 -1.000000e+00
    outer loop
      vertex   -3.303195e+00 -1.315887e+01 -1.980023e+01
      vertex   -4.538042e+00 -1.335311e+01 -1.980023e+01
      vertex   -3.347494e+00 -1.294188e+01 -1.980023e+01
    endloop
  endfacet
  facet normal 0.000000e+00 0.000000e+00 -1.000000e+00
    outer loop
      vertex   -3.347494e+00 -1.294188e+01 -1.980023e+01
      vertex   -4.538042e+00 -1.335311e+01 -1.980023e+01
      vertex   -4.574182e+00 -1.319184e+01 -1.980023e+01
    endloop
  endfacet
  facet normal -0.000000e+00 0.000000e+00 -1.000000e+00
    outer loop
      vertex   -3.347494e+00 -1.294188e+01 -1.980023e+01
      vertex   -4.574182e+00 -1.319184e+01 -1.980023e+01
      vertex   -3.409108e+00 -1.272916e+01 -1.980023e+01
    endloop
  endfacet
  facet normal 0.000000e+00 0.000000e+00 -1.000000e+00
    outer loop
      vertex   -3.409108e+00 -1.272916e+01 -1.980023e+01
      vertex   -4.574182e+00 -1.319184e+01 -1.980023e+01
      vertex   -4.627843e+00 -1.303554e+01 -1.980023e+01
    endloop
  endfacet
  facet normal -0.000000e+00 0.000000e+00 -1.000000e+00
    outer loop
      vertex   -3.409108e+00 -1.272916e+01 -1.980023e+01
      vertex   -4.627843e+00 -1.303554e+01 -1.980023e+01
      vertex   -3.487640e+00 -1.252209e+01 -1.980023e+01
    endloop
  endfacet
  facet normal 0.000000e+00 0.000000e+00 -1.000000e+00
    outer loop
      vertex   -3.487640e+00 -1.252209e+01 -1.980023e+01
      vertex   -4.627843e+00 -1.303554e+01 -1.980023e+01
      vertex   -4.698373e+00 -1.288608e+01 -1.980023e+01
    endloop
  endfacet
  facet normal -0.000000e+00 0.000000e+00 -1.000000e+00
    outer loop
      vertex   -3.487640e+00 -1.252209e+01 -1.980023e+01
      vertex   -4.698373e+00 -1.288608e+01 -1.980023e+01
      vertex   -3.582580e+00 -1.232201e+01 -1.980023e+01
    endloop
  endfacet
  facet normal -0.000000e+00 0.000000e+00 -1.000000e+00
    outer loop
      vertex   -3.582580e+00 -1.232201e+01 -1.980023e+01
      vertex   -4.698373e+00 -1.288608e+01 -1.980023e+01
      vertex   -3.693311e+00 -1.213022e+01 -1.980023e+01
    endloop
  endfacet
  facet normal 0.000000e+00 0.000000e+00 -1.000000e+00
    outer loop
      vertex   -3.693311e+00 -1.213022e+01 -1.980023e+01
      vertex   -4.698373e+00 -1.288608e+01 -1.980023e+01
      vertex   -4.784917e+00 -1.274529e+01 -1.980023e+01
    endloop
  endfacet
  facet normal -0.000000e+00 0.000000e+00 -1.000000e+00
    outer loop
      vertex   -3.693311e+00 -1.213022e+01 -1.980023e+01
      vertex   -4.784917e+00 -1.274529e+01 -1.980023e+01
      vertex   -3.819116e+00 -1.194796e+01 -1.980023e+01
    endloop
  endfacet
  facet normal 0.000000e+00 0.000000e+00 -1.000000e+00
    outer loop
      vertex   -3.819116e+00 -1.194796e+01 -1.980023e+01
      vertex   -4.784917e+00 -1.274529e+01 -1.980023e+01
      vertex   -4.886424e+00 -1.261487e+01 -1.980023e+01
    endloop
  endfacet
  facet normal -0.000000e+00 0.000000e+00 -1.000000e+00
    outer loop
      vertex   -3.819116e+00 -1.194796e+01 -1.980023e+01
      vertex   -4.886424e+00 -1.261487e+01 -1.980023e+01
      vertex   -3.959179e+00 -1.177641e+01 -1.980023e+01
    endloop
  endfacet
  facet normal -0.000000e+00 0.000000e+00 -1.000000e+00
    outer loop
      vertex   -3.959179e+00 -1.177641e+01 -1.980023e+01
      vertex   -4.886424e+00 -1.261487e+01 -1.980023e+01
      vertex   -4.112592e+00 -1.161669e+01 -1.980023e+01
    endloop
  endfacet
  facet normal 0.000000e+00 0.000000e+00 -1.000000e+00
    outer loop
      vertex   -4.112592e+00 -1.161669e+01 -1.980023e+01
      vertex   -4.886424e+00 -1.261487e+01 -1.980023e+01
      vertex   -5.001661e+00 -1.249641e+01 -1.980023e+01
    endloop
  endfacet
  facet normal -0.000000e+00 0.000000e+00 -1.000000e+00
    outer loop
      vertex   -4.112592e+00 -1.161669e+01 -1.980023e+01
      vertex   -5.001661e+00 -1.249641e+01 -1.980023e+01
      vertex   -4.278359e+00 -1.146984e+01 -1.980023e+01
    endloop
  endfacet
  facet normal 0.000000e+00 0.000000e+00 -1.000000e+00
    outer loop
      vertex   -4.278359e+00 -1.146984e+01 -1.980023e+01
      vertex   -5.001661e+00 -1.249641e+01 -1.980023e+01
      vertex   -5.129231e+00 -1.239135e+01 -1.980023e+01
    endloop
  endfacet
  facet normal -0.000000e+00 0.000000e+00 -1.000000e+00
    outer loop
      vertex   -4.278359e+00 -1.146984e+01 -1.980023e+01
      vertex   -5.129231e+00 -1.239135e+01 -1.980023e+01
      vertex   -4.455406e+00 -1.133679e+01 -1.980023e+01
    endloop
  endfacet
  facet normal 0.000000e+00 0.000000e+00 -1.000000e+00
    outer loop
      vertex   -4.455406e+00 -1.133679e+01 -1.980023e+01
      vertex   -5.129231e+00 -1.239135e+01 -1.980023e+01
      vertex   -5.267584e+00 -1.230096e+01 -1.980023e+01
    endloop
  endfacet
  facet normal -0.000000e+00 0.000000e+00 -1.000000e+00
    outer loop
      vertex   -4.455406e+00 -1.133679e+01 -1.980023e+01
      vertex   -5.267584e+00 -1.230096e+01 -1.980023e+01
      vertex   -4.642584e+00 -1.121843e+01 -1.980023e+01
    endloop
  endfacet
  facet normal -0.000000e+00 0.000000e+00 -1.000000e+00
    outer loop
      vertex   -4.642584e+00 -1.121843e+01 -1.980023e+01
      vertex   -5.267584e+00 -1.230096e+01 -1.980023e+01
      vertex   -4.838679e+00 -1.111551e+01 -1.980023e+01
    endloop
  endfacet
  facet normal 0.000000e+00 0.000000e+00 -1.000000e+00
    outer loop
      vertex   -4.838679e+00 -1.111551e+01 -1.980023e+01
      vertex   -5.267584e+00 -1.230096e+01 -1.980023e+01
      vertex   -5.415041e+00 -1.222634e+01 -1.980023e+01
    endloop
  endfacet
  facet normal -0.000000e+00 0.000000e+00 -1.000000e+00
    outer loop
      vertex   -4.838679e+00 -1.111551e+01 -1.980023e+01
      vertex   -5.415041e+00 -1.222634e+01 -1.980023e+01
      vertex   -5.042420e+00 -1.102871e+01 -1.980023e+01
    endloop
  endfacet
  facet normal 0.000000e+00 0.000000e+00 -1.000000e+00
    outer loop
      vertex   -5.042420e+00 -1.102871e+01 -1.980023e+01
      vertex   -5.415041e+00 -1.222634e+01 -1.980023e+01
      vertex   -5.569811e+00 -1.216839e+01 -1.980023e+01
    endloop
  endfacet
  facet normal -0.000000e+00 0.000000e+00 -1.000000e+00
    outer loop
      vertex   -5.042420e+00 -1.102871e+01 -1.980023e+01
      vertex   -5.569811e+00 -1.216839e+01 -1.980023e+01
      vertex   -5.252486e+00 -1.095858e+01 -1.980023e+01
    endloop
  endfacet
  facet normal 0.000000e+00 0.000000e+00 -1.000000e+00
    outer loop
      vertex   -5.252486e+00 -1.095858e+01 -1.980023e+01
      vertex   -5.569811e+00 -1.216839e+01 -1.980023e+01
      vertex   -5.730018e+00 -1.212782e+01 -1.980023e+01
    endloop
  endfacet
  facet normal -0.000000e+00 0.000000e+00 -1.000000e+00
    outer loop
      vertex   -5.252486e+00 -1.095858e+01 -1.980023e+01
      vertex   -5.730018e+00 -1.212782e+01 -1.980023e+01
      vertex   -5.467513e+00 -1.090558e+01 -1.980023e+01
    endloop
  endfacet
  facet normal -0.000000e+00 0.000000e+00 -1.000000e+00
    outer loop
      vertex   -5.467513e+00 -1.090558e+01 -1.980023e+01
      vertex   -5.730018e+00 -1.212782e+01 -1.980023e+01
      vertex   -5.686108e+00 -1.087005e+01 -1.980023e+01
    endloop
  endfacet
  facet normal 0.000000e+00 0.000000e+00 -1.000000e+00
    outer loop
      vertex   -5.686108e+00 -1.087005e+01 -1.980023e+01
      vertex   -5.730018e+00 -1.212782e+01 -1.980023e+01
      vertex   -5.893715e+00 -1.210512e+01 -1.980023e+01
    endloop
  endfacet
  facet normal -0.000000e+00 0.000000e+00 -1.000000e+00
    outer loop
      vertex   -5.686108e+00 -1.087005e+01 -1.980023e+01
      vertex   -5.893715e+00 -1.210512e+01 -1.980023e+01
      vertex   -5.906852e+00 -1.085223e+01 -1.980023e+01
    endloop
  endfacet
  facet normal 0.000000e+00 -0.000000e+00 -1.000000e+00
    outer loop
      vertex   -5.906852e+00 -1.085223e+01 -1.980023e+01
      vertex   -5.893715e+00 -1.210512e+01 -1.980023e+01
      vertex   -6.058915e+00 -1.210057e+01 -1.980023e+01
    endloop
  endfacet
  facet normal -0.000000e+00 0.000000e+00 -1.000000e+00
    outer loop
      vertex   -5.906852e+00 -1.085223e+01 -1.980023e+01
      vertex   -6.058915e+00 -1.210057e+01 -1.980023e+01
      vertex   -6.128315e+00 -1.085223e+01 -1.980023e+01
    endloop
  endfacet
  facet normal 0.000000e+00 -0.000000e+00 -1.000000e+00
    outer loop
      vertex   -6.128315e+00 -1.085223e+01 -1.980023e+01
      vertex   -6.058915e+00 -1.210057e+01 -1.980023e+01
      vertex   -6.349060e+00 -1.087005e+01 -1.980023e+01
    endloop
  endfacet
  facet normal 0.000000e+00 0.000000e+00 -1.000000e+00
    outer loop
      vertex   -6.349060e+00 -1.087005e+01 -1.980023e+01
      vertex   -6.058915e+00 -1.210057e+01 -1.980023e+01
      vertex   -6.223614e+00 -1.211422e+01 -1.980023e+01
    endloop
  endfacet
  facet normal 0.000000e+00 -0.000000e+00 -1.000000e+00
    outer loop
      vertex   -6.349060e+00 -1.087005e+01 -1.980023e+01
      vertex   -6.223614e+00 -1.211422e+01 -1.980023e+01
      vertex   -6.567654e+00 -1.090558e+01 -1.980023e+01
    endloop
  endfacet
  facet normal 0.000000e+00 0.000000e+00 -1.000000e+00
    outer loop
      vertex   -6.567654e+00 -1.090558e+01 -1.980023e+01
      vertex   -6.223614e+00 -1.211422e+01 -1.980023e+01
      vertex   -6.385812e+00 -1.214590e+01 -1.980023e+01
    endloop
  endfacet
  facet normal 0.000000e+00 -0.000000e+00 -1.000000e+00
    outer loop
      vertex   -6.567654e+00 -1.090558e+01 -1.980023e+01
      vertex   -6.385812e+00 -1.214590e+01 -1.980023e+01
      vertex   -6.782682e+00 -1.095858e+01 -1.980023e+01
    endloop
  endfacet
  facet normal 0.000000e+00 0.000000e+00 -1.000000e+00
    outer loop
      vertex   -6.782682e+00 -1.095858e+01 -1.980023e+01
      vertex   -6.385812e+00 -1.214590e+01 -1.980023e+01
      vertex   -6.543540e+00 -1.219523e+01 -1.980023e+01
    endloop
  endfacet
  facet normal 0.000000e+00 -0.000000e+00 -1.000000e+00
    outer loop
      vertex   -6.782682e+00 -1.095858e+01 -1.980023e+01
      vertex   -6.543540e+00 -1.219523e+01 -1.980023e+01
      vertex   -6.992747e+00 -1.102871e+01 -1.980023e+01
    endloop
  endfacet
  facet normal 0.000000e+00 -0.000000e+00 -1.000000e+00
    outer loop
      vertex   -6.992747e+00 -1.102871e+01 -1.980023e+01
      vertex   -6.543540e+00 -1.219523e+01 -1.980023e+01
      vertex   -7.196488e+00 -1.111551e+01 -1.980023e+01
    endloop
  endfacet
  facet normal 0.000000e+00 0.000000e+00 -1.000000e+00
    outer loop
      vertex   -7.196488e+00 -1.111551e+01 -1.980023e+01
      vertex   -6.543540e+00 -1.219523e+01 -1.980023e+01
      vertex   -6.694884e+00 -1.226162e+01 -1.980023e+01
    endloop
  endfacet
  facet normal 0.000000e+00 -0.000000e+00 -1.000000e+00
    outer loop
      vertex   -7.196488e+00 -1.111551e+01 -1.980023e+01
      vertex   -6.694884e+00 -1.226162e+01 -1.980023e+01
      vertex   -7.392584e+00 -1.121843e+01 -1.980023e+01
    endloop
  endfacet
  facet normal 0.000000e+00 0.000000e+00 -1.000000e+00
    outer loop
      vertex   -7.392584e+00 -1.121843e+01 -1.980023e+01
      vertex   -6.694884e+00 -1.226162e+01 -1.980023e+01
      vertex   -6.838006e+00 -1.234425e+01 -1.980023e+01
    endloop
  endfacet
  facet normal 0.000000e+00 -0.000000e+00 -1.000000e+00
    outer loop
      vertex   -7.392584e+00 -1.121843e+01 -1.980023e+01
      vertex   -6.838006e+00 -1.234425e+01 -1.980023e+01
      vertex   -7.579762e+00 -1.133679e+01 -1.980023e+01
    endloop
  endfacet
  facet normal 0.000000e+00 0.000000e+00 -1.000000e+00
    outer loop
      vertex   -7.579762e+00 -1.133679e+01 -1.980023e+01
      vertex   -6.838006e+00 -1.234425e+01 -1.980023e+01
      vertex   -6.971169e+00 -1.244213e+01 -1.980023e+01
    endloop
  endfacet
  facet normal 0.000000e+00 -0.000000e+00 -1.000000e+00
    outer loop
      vertex   -7.579762e+00 -1.133679e+01 -1.980023e+01
      vertex   -6.971169e+00 -1.244213e+01 -1.980023e+01
      vertex   -7.756808e+00 -1.146984e+01 -1.980023e+01
    endloop
  endfacet
  facet normal 0.000000e+00 -0.000000e+00 -1.000000e+00
    outer loop
      vertex   -7.756808e+00 -1.146984e+01 -1.980023e+01
      vertex   -6.971169e+00 -1.244213e+01 -1.980023e+01
      vertex   -7.922576e+00 -1.161669e+01 -1.980023e+01
    endloop
  endfacet
  facet normal 0.000000e+00 0.000000e+00 -1.000000e+00
    outer loop
      vertex   -7.922576e+00 -1.161669e+01 -1.980023e+01
      vertex   -6.971169e+00 -1.244213e+01 -1.980023e+01
      vertex   -7.092757e+00 -1.255405e+01 -1.980023e+01
    endloop
  endfacet
  facet normal 0.000000e+00 -0.000000e+00 -1.000000e+00
    outer loop
      vertex   -7.922576e+00 -1.161669e+01 -1.980023e+01
      vertex   -7.092757e+00 -1.255405e+01 -1.980023e+01
      vertex   -8.075988e+00 -1.177641e+01 -1.980023e+01
    endloop
  endfacet
  facet normal 0.000000e+00 0.000000e+00 -1.000000e+00
    outer loop
      vertex   -8.075988e+00 -1.177641e+01 -1.980023e+01
      vertex   -7.092757e+00 -1.255405e+01 -1.980023e+01
      vertex   -7.201294e+00 -1.267868e+01 -1.980023e+01
    endloop
  endfacet
  facet normal 0.000000e+00 -0.000000e+00 -1.000000e+00
    outer loop
      vertex   -8.075988e+00 -1.177641e+01 -1.980023e+01
      vertex   -7.201294e+00 -1.267868e+01 -1.980023e+01
      vertex   -8.216051e+00 -1.194796e+01 -1.980023e+01
    endloop
  endfacet
  facet normal 0.000000e+00 0.000000e+00 -1.000000e+00
    outer loop
      vertex   -8.216051e+00 -1.194796e+01 -1.980023e+01
      vertex   -7.201294e+00 -1.267868e+01 -1.980023e+01
      vertex   -7.295463e+00 -1.281449e+01 -1.980023e+01
    endloop
  endfacet
  facet normal 0.000000e+00 -0.000000e+00 -1.000000e+00
    outer loop
      vertex   -8.216051e+00 -1.194796e+01 -1.980023e+01
      vertex   -7.295463e+00 -1.281449e+01 -1.980023e+01
      vertex   -8.341856e+00 -1.213022e+01 -1.980023e+01
    endloop
  endfacet
  facet normal 0.000000e+00 -0.000000e+00 -1.000000e+00
    outer loop
      vertex   -8.341856e+00 -1.213022e+01 -1.980023e+01
      vertex   -7.295463e+00 -1.281449e+01 -1.980023e+01
      vertex   -8.452588e+00 -1.232201e+01 -1.980023e+01
    endloop
  endfacet
  facet normal 0.000000e+00 0.000000e+00 -1.000000e+00
    outer loop
      vertex   -8.452588e+00 -1.232201e+01 -1.980023e+01
      vertex   -7.295463e+00 -1.281449e+01 -1.980023e+01
      vertex   -7.374119e+00 -1.295984e+01 -1.980023e+01
    endloop
  endfacet
  facet normal 0.000000e+00 -0.000000e+00 -1.000000e+00
    outer loop
      vertex   -8.452588e+00 -1.232201e+01 -1.980023e+01
      vertex   -7.374119e+00 -1.295984e+01 -1.980023e+01
      vertex   -8.547527e+00 -1.252209e+01 -1.980023e+01
    endloop
  endfacet
  facet normal 0.000000e+00 0.000000e+00 -1.000000e+00
    outer loop
      vertex   -8.547527e+00 -1.252209e+01 -1.980023e+01
      vertex   -7.374119e+00 -1.295984e+01 -1.980023e+01
      vertex   -7.436310e+00 -1.311295e+01 -1.980023e+01
    endloop
  endfacet
  facet normal 0.000000e+00 -0.000000e+00 -1.000000e+00
    outer loop
      vertex   -8.547527e+00 -1.252209e+01 -1.980023e+01
      vertex   -7.436310e+00 -1.311295e+01 -1.980023e+01
      vertex   -8.626059e+00 -1.272916e+01 -1.980023e+01
    endloop
  endfacet
  facet normal 0.000000e+00 -0.000000e+00 -1.000000e+00
    outer loop
      vertex   -8.626059e+00 -1.272916e+01 -1.980023e+01
      vertex   -7.436310e+00 -1.311295e+01 -1.980023e+01
      vertex   -8.687674e+00 -1.294188e+01 -1.980023e+01
    endloop
  endfacet
  facet normal 0.000000e+00 0.000000e+00 -1.000000e+00
    outer loop
      vertex   -8.687674e+00 -1.294188e+01 -1.980023e+01
      vertex   -7.436310e+00 -1.311295e+01 -1.980023e+01
      vertex   -7.481278e+00 -1.327198e+01 -1.980023e+01
    endloop
  endfacet
  facet normal 0.000000e+00 -0.000000e+00 -1.000000e+00
    outer loop
      vertex   -8.687674e+00 -1.294188e+01 -1.980023e+01
      vertex   -7.481278e+00 -1.327198e+01 -1.980023e+01
      vertex   -8.731972e+00 -1.315887e+01 -1.980023e+01
    endloop
  endfacet
  facet normal 0.000000e+00 0.000000e+00 -1.000000e+00
    outer loop
      vertex   -8.731972e+00 -1.315887e+01 -1.980023e+01
      vertex   -7.481278e+00 -1.327198e+01 -1.980023e+01
      vertex   -7.508480e+00 -1.343499e+01 -1.980023e+01
    endloop
  endfacet
  facet normal 0.000000e+00 -0.000000e+00 -1.000000e+00
    outer loop
      vertex   -8.731972e+00 -1.315887e+01 -1.980023e+01
      vertex   -7.508480e+00 -1.343499e+01 -1.980023e+01
      vertex   -8.758666e+00 -1.337872e+01 -1.980023e+01
    endloop
  endfacet
  facet normal 0.000000e+00 0.000000e+00 -1.000000e+00
    outer loop
      vertex   -8.758666e+00 -1.337872e+01 -1.980023e+01
      vertex   -7.508480e+00 -1.343499e+01 -1.980023e+01
      vertex   -7.517584e+00 -1.360000e+01 -1.980023e+01
    endloop
  endfacet
  facet normal -9.991890e-01 4.026594e-02 1.958612e-19
    outer loop
      vertex   8.729276e+00 -1.382128e+01 -2.230023e+01
      vertex   8.738193e+00 -1.360000e+01 -1.980023e+01
      vertex   8.738193e+00 -1.360000e+01 -2.230023e+01
    endloop
  endfacet
  facet normal -9.991890e-01 -4.026594e-02 0.000000e+00
    outer loop
      vertex   8.738193e+00 -1.360000e+01 -2.230023e+01
      vertex   8.738193e+00 -1.360000e+01 -1.980023e+01
      vertex   8.729276e+00 -1.337872e+01 -1.980023e+01
    endloop
  endfacet
  facet normal -9.991890e-01 -4.026594e-02 -1.958612e-19
    outer loop
      vertex   8.738193e+00 -1.360000e+01 -2.230023e+01
      vertex   8.729276e+00 -1.337872e+01 -1.980023e+01
      vertex   8.729276e+00 -1.337872e+01 -2.230023e+01
    endloop
  endfacet
  facet normal -9.927089e-01 -1.205367e-01 0.000000e+00
    outer loop
      vertex   8.729276e+00 -1.337872e+01 -2.230023e+01
      vertex   8.729276e+00 -1.337872e+01 -1.980023e+01
      vertex   8.702582e+00 -1.315887e+01 -1.980023e+01
    endloop
  endfacet
  facet normal -9.927089e-01 -1.205367e-01 -6.355755e-19
    outer loop
      vertex   8.729276e+00 -1.337872e+01 -2.230023e+01
      vertex   8.702582e+00 -1.315887e+01 -1.980023e+01
      vertex   8.702582e+00 -1.315887e+01 -2.230023e+01
    endloop
  endfacet
  facet normal -9.797907e-01 -2.000257e-01 0.000000e+00
    outer loop
      vertex   8.702582e+00 -1.315887e+01 -2.230023e+01
      vertex   8.702582e+00 -1.315887e+01 -1.980023e+01
      vertex   8.658283e+00 -1.294188e+01 -1.980023e+01
    endloop
  endfacet
  facet normal -9.797907e-01 -2.000257e-01 1.483126e-18
    outer loop
      vertex   8.702582e+00 -1.315887e+01 -2.230023e+01
      vertex   8.658283e+00 -1.294188e+01 -1.980023e+01
      vertex   8.658283e+00 -1.294188e+01 -2.230023e+01
    endloop
  endfacet
  facet normal -9.605181e-01 -2.782175e-01 0.000000e+00
    outer loop
      vertex   8.658283e+00 -1.294188e+01 -2.230023e+01
      vertex   8.658283e+00 -1.294188e+01 -1.980023e+01
      vertex   8.596669e+00 -1.272916e+01 -1.980023e+01
    endloop
  endfacet
  facet normal -9.605181e-01 -2.782175e-01 -1.389034e-18
    outer loop
      vertex   8.658283e+00 -1.294188e+01 -2.230023e+01
      vertex   8.596669e+00 -1.272916e+01 -1.980023e+01
      vertex   8.596669e+00 -1.272916e+01 -2.230023e+01
    endloop
  endfacet
  facet normal -9.350162e-01 -3.546049e-01 0.000000e+00
    outer loop
      vertex   8.596669e+00 -1.272916e+01 -2.230023e+01
      vertex   8.596669e+00 -1.272916e+01 -1.980023e+01
      vertex   8.518137e+00 -1.252209e+01 -1.980023e+01
    endloop
  endfacet
  facet normal -9.350162e-01 -3.546049e-01 -2.452812e-18
    outer loop
      vertex   8.596669e+00 -1.272916e+01 -2.230023e+01
      vertex   8.518137e+00 -1.252209e+01 -1.980023e+01
      vertex   8.518137e+00 -1.252209e+01 -2.230023e+01
    endloop
  endfacet
  facet normal -9.034504e-01 -4.286926e-01 0.000000e+00
    outer loop
      vertex   8.518137e+00 -1.252209e+01 -2.230023e+01
      vertex   8.518137e+00 -1.252209e+01 -1.980023e+01
      vertex   8.423198e+00 -1.232201e+01 -1.980023e+01
    endloop
  endfacet
  facet normal -9.034504e-01 -4.286926e-01 -7.533867e-19
    outer loop
      vertex   8.518137e+00 -1.252209e+01 -2.230023e+01
      vertex   8.423198e+00 -1.232201e+01 -1.980023e+01
      vertex   8.423198e+00 -1.232201e+01 -2.230023e+01
    endloop
  endfacet
  facet normal -8.660254e-01 -5.000000e-01 0.000000e+00
    outer loop
      vertex   8.423198e+00 -1.232201e+01 -2.230023e+01
      vertex   8.423198e+00 -1.232201e+01 -1.980023e+01
      vertex   8.312466e+00 -1.213022e+01 -1.980023e+01
    endloop
  endfacet
  facet normal -8.660254e-01 -5.000000e-01 7.488717e-19
    outer loop
      vertex   8.423198e+00 -1.232201e+01 -2.230023e+01
      vertex   8.312466e+00 -1.213022e+01 -1.980023e+01
      vertex   8.312466e+00 -1.213022e+01 -2.230023e+01
    endloop
  endfacet
  facet normal -8.229839e-01 -5.680647e-01 0.000000e+00
    outer loop
      vertex   8.312466e+00 -1.213022e+01 -2.230023e+01
      vertex   8.312466e+00 -1.213022e+01 -1.980023e+01
      vertex   8.186661e+00 -1.194796e+01 -1.980023e+01
    endloop
  endfacet
  facet normal -8.229839e-01 -5.680647e-01 2.975643e-18
    outer loop
      vertex   8.312466e+00 -1.213022e+01 -2.230023e+01
      vertex   8.186661e+00 -1.194796e+01 -1.980023e+01
      vertex   8.186661e+00 -1.194796e+01 -2.230023e+01
    endloop
  endfacet
  facet normal -7.746050e-01 -6.324454e-01 0.000000e+00
    outer loop
      vertex   8.186661e+00 -1.194796e+01 -2.230023e+01
      vertex   8.186661e+00 -1.194796e+01 -1.980023e+01
      vertex   8.046598e+00 -1.177641e+01 -1.980023e+01
    endloop
  endfacet
  facet normal -7.746050e-01 -6.324454e-01 -2.896430e-18
    outer loop
      vertex   8.186661e+00 -1.194796e+01 -2.230023e+01
      vertex   8.046598e+00 -1.177641e+01 -1.980023e+01
      vertex   8.046598e+00 -1.177641e+01 -2.230023e+01
    endloop
  endfacet
  facet normal -7.212024e-01 -6.927244e-01 0.000000e+00
    outer loop
      vertex   8.046598e+00 -1.177641e+01 -2.230023e+01
      vertex   8.046598e+00 -1.177641e+01 -1.980023e+01
      vertex   7.893185e+00 -1.161669e+01 -1.980023e+01
    endloop
  endfacet
  facet normal -7.212024e-01 -6.927244e-01 -9.868183e-19
    outer loop
      vertex   8.046598e+00 -1.177641e+01 -2.230023e+01
      vertex   7.893185e+00 -1.161669e+01 -1.980023e+01
      vertex   7.893185e+00 -1.161669e+01 -2.230023e+01
    endloop
  endfacet
  facet normal -6.631227e-01 -7.485107e-01 0.000000e+00
    outer loop
      vertex   7.893185e+00 -1.161669e+01 -2.230023e+01
      vertex   7.893185e+00 -1.161669e+01 -1.980023e+01
      vertex   7.727418e+00 -1.146984e+01 -1.980023e+01
    endloop
  endfacet
  facet normal -6.631227e-01 -7.485107e-01 1.764663e-18
    outer loop
      vertex   7.893185e+00 -1.161669e+01 -2.230023e+01
      vertex   7.727418e+00 -1.146984e+01 -1.980023e+01
      vertex   7.727418e+00 -1.146984e+01 -2.230023e+01
    endloop
  endfacet
  facet normal -6.007423e-01 -7.994428e-01 0.000000e+00
    outer loop
      vertex   7.727418e+00 -1.146984e+01 -2.230023e+01
      vertex   7.727418e+00 -1.146984e+01 -1.980023e+01
      vertex   7.550372e+00 -1.133679e+01 -1.980023e+01
    endloop
  endfacet
  facet normal -6.007423e-01 -7.994428e-01 3.109692e-18
    outer loop
      vertex   7.727418e+00 -1.146984e+01 -2.230023e+01
      vertex   7.550372e+00 -1.133679e+01 -1.980023e+01
      vertex   7.550372e+00 -1.133679e+01 -2.230023e+01
    endloop
  endfacet
  facet normal -5.344658e-01 -8.451901e-01 0.000000e+00
    outer loop
      vertex   7.550372e+00 -1.133679e+01 -2.230023e+01
      vertex   7.550372e+00 -1.133679e+01 -1.980023e+01
      vertex   7.363193e+00 -1.121843e+01 -1.980023e+01
    endloop
  endfacet
  facet normal -5.344658e-01 -8.451901e-01 2.035175e-18
    outer loop
      vertex   7.550372e+00 -1.133679e+01 -2.230023e+01
      vertex   7.363193e+00 -1.121843e+01 -1.980023e+01
      vertex   7.363193e+00 -1.121843e+01 -2.230023e+01
    endloop
  endfacet
  facet normal -4.647232e-01 -8.854560e-01 0.000000e+00
    outer loop
      vertex   7.363193e+00 -1.121843e+01 -2.230023e+01
      vertex   7.363193e+00 -1.121843e+01 -1.980023e+01
      vertex   7.167098e+00 -1.111551e+01 -1.980023e+01
    endloop
  endfacet
  facet normal -4.647232e-01 -8.854560e-01 -2.214741e-18
    outer loop
      vertex   7.363193e+00 -1.121843e+01 -2.230023e+01
      vertex   7.167098e+00 -1.111551e+01 -1.980023e+01
      vertex   7.167098e+00 -1.111551e+01 -2.230023e+01
    endloop
  endfacet
  facet normal -3.919666e-01 -9.199794e-01 0.000000e+00
    outer loop
      vertex   7.167098e+00 -1.111551e+01 -2.230023e+01
      vertex   7.167098e+00 -1.111551e+01 -1.980023e+01
      vertex   6.963357e+00 -1.102871e+01 -1.980023e+01
    endloop
  endfacet
  facet normal -3.919666e-01 -9.199794e-01 -1.628815e-18
    outer loop
      vertex   7.167098e+00 -1.111551e+01 -2.230023e+01
      vertex   6.963357e+00 -1.102871e+01 -1.980023e+01
      vertex   6.963357e+00 -1.102871e+01 -2.230023e+01
    endloop
  endfacet
  facet normal -3.166680e-01 -9.485364e-01 0.000000e+00
    outer loop
      vertex   6.963357e+00 -1.102871e+01 -2.230023e+01
      vertex   6.963357e+00 -1.102871e+01 -1.980023e+01
      vertex   6.753291e+00 -1.095858e+01 -1.980023e+01
    endloop
  endfacet
  facet normal -3.166680e-01 -9.485364e-01 9.146264e-20
    outer loop
      vertex   6.963357e+00 -1.102871e+01 -2.230023e+01
      vertex   6.753291e+00 -1.095858e+01 -1.980023e+01
      vertex   6.753291e+00 -1.095858e+01 -2.230023e+01
    endloop
  endfacet
  facet normal -2.393157e-01 -9.709418e-01 0.000000e+00
    outer loop
      vertex   6.753291e+00 -1.095858e+01 -2.230023e+01
      vertex   6.753291e+00 -1.095858e+01 -1.980023e+01
      vertex   6.538264e+00 -1.090558e+01 -1.980023e+01
    endloop
  endfacet
  facet normal -2.393157e-01 -9.709418e-01 8.580315e-19
    outer loop
      vertex   6.753291e+00 -1.095858e+01 -2.230023e+01
      vertex   6.538264e+00 -1.090558e+01 -1.980023e+01
      vertex   6.538264e+00 -1.090558e+01 -2.230023e+01
    endloop
  endfacet
  facet normal -1.604113e-01 -9.870503e-01 0.000000e+00
    outer loop
      vertex   6.538264e+00 -1.090558e+01 -2.230023e+01
      vertex   6.538264e+00 -1.090558e+01 -1.980023e+01
      vertex   6.319669e+00 -1.087005e+01 -1.980023e+01
    endloop
  endfacet
  facet normal -1.604113e-01 -9.870503e-01 3.082542e-19
    outer loop
      vertex   6.538264e+00 -1.090558e+01 -2.230023e+01
      vertex   6.319669e+00 -1.087005e+01 -1.980023e+01
      vertex   6.319669e+00 -1.087005e+01 -2.230023e+01
    endloop
  endfacet
  facet normal -8.046657e-02 -9.967573e-01 0.000000e+00
    outer loop
      vertex   6.319669e+00 -1.087005e+01 -2.230023e+01
      vertex   6.319669e+00 -1.087005e+01 -1.980023e+01
      vertex   6.098925e+00 -1.085223e+01 -1.980023e+01
    endloop
  endfacet
  facet normal -8.046657e-02 -9.967573e-01 6.226533e-19
    outer loop
      vertex   6.319669e+00 -1.087005e+01 -2.230023e+01
      vertex   6.098925e+00 -1.085223e+01 -1.980023e+01
      vertex   6.098925e+00 -1.085223e+01 -2.230023e+01
    endloop
  endfacet
  facet normal 0.000000e+00 -1.000000e+00 0.000000e+00
    outer loop
      vertex   6.098925e+00 -1.085223e+01 -2.230023e+01
      vertex   6.098925e+00 -1.085223e+01 -1.980023e+01
      vertex   5.877462e+00 -1.085223e+01 -1.980023e+01
    endloop
  endfacet
  facet normal 0.000000e+00 -1.000000e+00 0.000000e+00
    outer loop
      vertex   6.098925e+00 -1.085223e+01 -2.230023e+01
      vertex   5.877462e+00 -1.085223e+01 -1.980023e+01
      vertex   5.877462e+00 -1.085223e+01 -2.230023e+01
    endloop
  endfacet
  facet normal 8.046657e-02 -9.967573e-01 0.000000e+00
    outer loop
      vertex   5.877462e+00 -1.085223e+01 -2.230023e+01
      vertex   5.877462e+00 -1.085223e+01 -1.980023e+01
      vertex   5.656718e+00 -1.087005e+01 -1.980023e+01
    endloop
  endfacet
  facet normal 8.046657e-02 -9.967573e-01 -6.226533e-19
    outer loop
      vertex   5.877462e+00 -1.085223e+01 -2.230023e+01
      vertex   5.656718e+00 -1.087005e+01 -1.980023e+01
      vertex   5.656718e+00 -1.087005e+01 -2.230023e+01
    endloop
  endfacet
  facet normal 1.604113e-01 -9.870503e-01 0.000000e+00
    outer loop
      vertex   5.656718e+00 -1.087005e+01 -2.230023e+01
      vertex   5.656718e+00 -1.087005e+01 -1.980023e+01
      vertex   5.438123e+00 -1.090558e+01 -1.980023e+01
    endloop
  endfacet
  facet normal 1.604113e-01 -9.870503e-01 2.834736e-19
    outer loop
      vertex   5.656718e+00 -1.087005e+01 -2.230023e+01
      vertex   5.438123e+00 -1.090558e+01 -1.980023e+01
      vertex   5.438123e+00 -1.090558e+01 -2.230023e+01
    endloop
  endfacet
  facet normal 2.393157e-01 -9.709418e-01 0.000000e+00
    outer loop
      vertex   5.438123e+00 -1.090558e+01 -2.230023e+01
      vertex   5.438123e+00 -1.090558e+01 -1.980023e+01
      vertex   5.223095e+00 -1.095858e+01 -1.980023e+01
    endloop
  endfacet
  facet normal 2.393157e-01 -9.709418e-01 -1.283324e-18
    outer loop
      vertex   5.438123e+00 -1.090558e+01 -2.230023e+01
      vertex   5.223095e+00 -1.095858e+01 -1.980023e+01
      vertex   5.223095e+00 -1.095858e+01 -2.230023e+01
    endloop
  endfacet
  facet normal 3.166680e-01 -9.485364e-01 0.000000e+00
    outer loop
      vertex   5.223095e+00 -1.095858e+01 -2.230023e+01
      vertex   5.223095e+00 -1.095858e+01 -1.980023e+01
      vertex   5.013030e+00 -1.102871e+01 -1.980023e+01
    endloop
  endfacet
  facet normal 3.166680e-01 -9.485364e-01 2.010807e-19
    outer loop
      vertex   5.223095e+00 -1.095858e+01 -2.230023e+01
      vertex   5.013030e+00 -1.102871e+01 -1.980023e+01
      vertex   5.013030e+00 -1.102871e+01 -2.230023e+01
    endloop
  endfacet
  facet normal 3.919666e-01 -9.199794e-01 0.000000e+00
    outer loop
      vertex   5.013030e+00 -1.102871e+01 -2.230023e+01
      vertex   5.013030e+00 -1.102871e+01 -1.980023e+01
      vertex   4.809289e+00 -1.111551e+01 -1.980023e+01
    endloop
  endfacet
  facet normal 3.919666e-01 -9.199794e-01 -1.851194e-18
    outer loop
      vertex   5.013030e+00 -1.102871e+01 -2.230023e+01
      vertex   4.809289e+00 -1.111551e+01 -1.980023e+01
      vertex   4.809289e+00 -1.111551e+01 -2.230023e+01
    endloop
  endfacet
  facet normal 4.647232e-01 -8.854560e-01 0.000000e+00
    outer loop
      vertex   4.809289e+00 -1.111551e+01 -2.230023e+01
      vertex   4.809289e+00 -1.111551e+01 -1.980023e+01
      vertex   4.613193e+00 -1.121843e+01 -1.980023e+01
    endloop
  endfacet
  facet normal 4.647232e-01 -8.854560e-01 -2.136935e-18
    outer loop
      vertex   4.809289e+00 -1.111551e+01 -2.230023e+01
      vertex   4.613193e+00 -1.121843e+01 -1.980023e+01
      vertex   4.613193e+00 -1.121843e+01 -2.230023e+01
    endloop
  endfacet
  facet normal 5.344658e-01 -8.451901e-01 0.000000e+00
    outer loop
      vertex   4.613193e+00 -1.121843e+01 -2.230023e+01
      vertex   4.613193e+00 -1.121843e+01 -1.980023e+01
      vertex   4.426015e+00 -1.133679e+01 -1.980023e+01
    endloop
  endfacet
  facet normal 5.344658e-01 -8.451901e-01 1.740253e-18
    outer loop
      vertex   4.613193e+00 -1.121843e+01 -2.230023e+01
      vertex   4.426015e+00 -1.133679e+01 -1.980023e+01
      vertex   4.426015e+00 -1.133679e+01 -2.230023e+01
    endloop
  endfacet
  facet normal 6.007423e-01 -7.994428e-01 0.000000e+00
    outer loop
      vertex   4.426015e+00 -1.133679e+01 -2.230023e+01
      vertex   4.426015e+00 -1.133679e+01 -1.980023e+01
      vertex   4.248969e+00 -1.146984e+01 -1.980023e+01
    endloop
  endfacet
  facet normal 6.007423e-01 -7.994428e-01 -3.109692e-18
    outer loop
      vertex   4.426015e+00 -1.133679e+01 -2.230023e+01
      vertex   4.248969e+00 -1.146984e+01 -1.980023e+01
      vertex   4.248969e+00 -1.146984e+01 -2.230023e+01
    endloop
  endfacet
  facet normal 6.631227e-01 -7.485107e-01 0.000000e+00
    outer loop
      vertex   4.248969e+00 -1.146984e+01 -2.230023e+01
      vertex   4.248969e+00 -1.146984e+01 -1.980023e+01
      vertex   4.083201e+00 -1.161669e+01 -1.980023e+01
    endloop
  endfacet
  facet normal 6.631227e-01 -7.485107e-01 7.709182e-19
    outer loop
      vertex   4.248969e+00 -1.146984e+01 -2.230023e+01
      vertex   4.083201e+00 -1.161669e+01 -1.980023e+01
      vertex   4.083201e+00 -1.161669e+01 -2.230023e+01
    endloop
  endfacet
  facet normal 7.212024e-01 -6.927244e-01 0.000000e+00
    outer loop
      vertex   4.083201e+00 -1.161669e+01 -2.230023e+01
      vertex   4.083201e+00 -1.161669e+01 -1.980023e+01
      vertex   3.929789e+00 -1.177641e+01 -1.980023e+01
    endloop
  endfacet
  facet normal 7.212024e-01 -6.927244e-01 -2.442442e-18
    outer loop
      vertex   4.083201e+00 -1.161669e+01 -2.230023e+01
      vertex   3.929789e+00 -1.177641e+01 -1.980023e+01
      vertex   3.929789e+00 -1.177641e+01 -2.230023e+01
    endloop
  endfacet
  facet normal 7.746050e-01 -6.324454e-01 0.000000e+00
    outer loop
      vertex   3.929789e+00 -1.177641e+01 -2.230023e+01
      vertex   3.929789e+00 -1.177641e+01 -1.980023e+01
      vertex   3.789726e+00 -1.194796e+01 -1.980023e+01
    endloop
  endfacet
  facet normal 7.746050e-01 -6.324454e-01 2.632605e-18
    outer loop
      vertex   3.929789e+00 -1.177641e+01 -2.230023e+01
      vertex   3.789726e+00 -1.194796e+01 -1.980023e+01
      vertex   3.789726e+00 -1.194796e+01 -2.230023e+01
    endloop
  endfacet
  facet normal 8.229839e-01 -5.680647e-01 0.000000e+00
    outer loop
      vertex   3.789726e+00 -1.194796e+01 -2.230023e+01
      vertex   3.789726e+00 -1.194796e+01 -1.980023e+01
      vertex   3.663921e+00 -1.213022e+01 -1.980023e+01
    endloop
  endfacet
  facet normal 8.229839e-01 -5.680647e-01 -2.531717e-18
    outer loop
      vertex   3.789726e+00 -1.194796e+01 -2.230023e+01
      vertex   3.663921e+00 -1.213022e+01 -1.980023e+01
      vertex   3.663921e+00 -1.213022e+01 -2.230023e+01
    endloop
  endfacet
  facet normal 8.660254e-01 -5.000000e-01 0.000000e+00
    outer loop
      vertex   3.663921e+00 -1.213022e+01 -2.230023e+01
      vertex   3.663921e+00 -1.213022e+01 -1.980023e+01
      vertex   3.553189e+00 -1.232201e+01 -1.980023e+01
    endloop
  endfacet
  facet normal 8.660254e-01 -5.000000e-01 -1.368173e-18
    outer loop
      vertex   3.663921e+00 -1.213022e+01 -2.230023e+01
      vertex   3.553189e+00 -1.232201e+01 -1.980023e+01
      vertex   3.553189e+00 -1.232201e+01 -2.230023e+01
    endloop
  endfacet
  facet normal 9.034504e-01 -4.286926e-01 0.000000e+00
    outer loop
      vertex   3.553189e+00 -1.232201e+01 -2.230023e+01
      vertex   3.553189e+00 -1.232201e+01 -1.980023e+01
      vertex   3.458250e+00 -1.252209e+01 -1.980023e+01
    endloop
  endfacet
  facet normal 9.034504e-01 -4.286926e-01 -3.054313e-18
    outer loop
      vertex   3.553189e+00 -1.232201e+01 -2.230023e+01
      vertex   3.458250e+00 -1.252209e+01 -1.980023e+01
      vertex   3.458250e+00 -1.252209e+01 -2.230023e+01
    endloop
  endfacet
  facet normal 9.350162e-01 -3.546049e-01 0.000000e+00
    outer loop
      vertex   3.458250e+00 -1.252209e+01 -2.230023e+01
      vertex   3.458250e+00 -1.252209e+01 -1.980023e+01
      vertex   3.379718e+00 -1.272916e+01 -1.980023e+01
    endloop
  endfacet
  facet normal 9.350162e-01 -3.546049e-01 5.925661e-19
    outer loop
      vertex   3.458250e+00 -1.252209e+01 -2.230023e+01
      vertex   3.379718e+00 -1.272916e+01 -1.980023e+01
      vertex   3.379718e+00 -1.272916e+01 -2.230023e+01
    endloop
  endfacet
  facet normal 9.605181e-01 -2.782175e-01 0.000000e+00
    outer loop
      vertex   3.379718e+00 -1.272916e+01 -2.230023e+01
      vertex   3.379718e+00 -1.272916e+01 -1.980023e+01
      vertex   3.318103e+00 -1.294188e+01 -1.980023e+01
    endloop
  endfacet
  facet normal 9.605181e-01 -2.782175e-01 8.380897e-19
    outer loop
      vertex   3.379718e+00 -1.272916e+01 -2.230023e+01
      vertex   3.318103e+00 -1.294188e+01 -1.980023e+01
      vertex   3.318103e+00 -1.294188e+01 -2.230023e+01
    endloop
  endfacet
  facet normal 9.797907e-01 -2.000257e-01 0.000000e+00
    outer loop
      vertex   3.318103e+00 -1.294188e+01 -2.230023e+01
      vertex   3.318103e+00 -1.294188e+01 -1.980023e+01
      vertex   3.273805e+00 -1.315887e+01 -1.980023e+01
    endloop
  endfacet
  facet normal 9.797907e-01 -2.000257e-01 1.063222e-18
    outer loop
      vertex   3.318103e+00 -1.294188e+01 -2.230023e+01
      vertex   3.273805e+00 -1.315887e+01 -1.980023e+01
      vertex   3.273805e+00 -1.315887e+01 -2.230023e+01
    endloop
  endfacet
  facet normal 9.927089e-01 -1.205367e-01 0.000000e+00
    outer loop
      vertex   3.273805e+00 -1.315887e+01 -2.230023e+01
      vertex   3.273805e+00 -1.315887e+01 -1.980023e+01
      vertex   3.247111e+00 -1.337872e+01 -1.980023e+01
    endloop
  endfacet
  facet normal 9.927089e-01 -1.205367e-01 4.408317e-19
    outer loop
      vertex   3.273805e+00 -1.315887e+01 -2.230023e+01
      vertex   3.247111e+00 -1.337872e+01 -1.980023e+01
      vertex   3.247111e+00 -1.337872e+01 -2.230023e+01
    endloop
  endfacet
  facet normal 9.991890e-01 -4.026594e-02 0.000000e+00
    outer loop
      vertex   3.247111e+00 -1.337872e+01 -2.230023e+01
      vertex   3.247111e+00 -1.337872e+01 -1.980023e+01
      vertex   3.238193e+00 -1.360000e+01 -2.230023e+01
    endloop
  endfacet
  facet normal 9.991890e-01 -4.026594e-02 0.000000e+00
    outer loop
      vertex   3.238193e+00 -1.360000e+01 -2.230023e+01
      vertex   3.247111e+00 -1.337872e+01 -1.980023e+01
      vertex   3.238193e+00 -1.360000e+01 -1.980023e+01
    endloop
  endfacet
  facet normal 9.991890e-01 4.026594e-02 -0.000000e+00
    outer loop
      vertex   3.238193e+00 -1.360000e+01 -2.230023e+01
      vertex   3.238193e+00 -1.360000e+01 -1.980023e+01
      vertex   3.247111e+00 -1.382128e+01 -2.230023e+01
    endloop
  endfacet
  facet normal 9.991890e-01 4.026594e-02 -0.000000e+00
    outer loop
      vertex   3.247111e+00 -1.382128e+01 -2.230023e+01
      vertex   3.238193e+00 -1.360000e+01 -1.980023e+01
      vertex   3.247111e+00 -1.382128e+01 -1.980023e+01
    endloop
  endfacet
  facet normal 9.927089e-01 1.205367e-01 -0.000000e+00
    outer loop
      vertex   3.247111e+00 -1.382128e+01 -2.230023e+01
      vertex   3.247111e+00 -1.382128e+01 -1.980023e+01
      vertex   3.273805e+00 -1.404113e+01 -1.980023e+01
    endloop
  endfacet
  facet normal -9.991890e-01 4.026594e-02 1.958612e-19
    outer loop
      vertex   8.738193e+00 -1.360000e+01 -1.980023e+01
      vertex   8.729276e+00 -1.382128e+01 -2.230023e+01
      vertex   8.729276e+00 -1.382128e+01 -1.980023e+01
    endloop
  endfacet
  facet normal -9.927089e-01 1.205367e-01 0.000000e+00
    outer loop
      vertex   8.729276e+00 -1.382128e+01 -1.980023e+01
      vertex   8.729276e+00 -1.382128e+01 -2.230023e+01
      vertex   8.702582e+00 -1.404113e+01 -2.230023e+01
    endloop
  endfacet
  facet normal -9.927089e-01 1.205367e-01 1.187213e-19
    outer loop
      vertex   8.729276e+00 -1.382128e+01 -1.980023e+01
      vertex   8.702582e+00 -1.404113e+01 -2.230023e+01
      vertex   8.702582e+00 -1.404113e+01 -1.980023e+01
    endloop
  endfacet
  facet normal -9.797907e-01 2.000257e-01 0.000000e+00
    outer loop
      vertex   8.702582e+00 -1.404113e+01 -1.980023e+01
      vertex   8.702582e+00 -1.404113e+01 -2.230023e+01
      vertex   8.658283e+00 -1.425812e+01 -2.230023e+01
    endloop
  endfacet
  facet normal -9.797907e-01 2.000257e-01 -1.483126e-18
    outer loop
      vertex   8.702582e+00 -1.404113e+01 -1.980023e+01
      vertex   8.658283e+00 -1.425812e+01 -2.230023e+01
      vertex   8.658283e+00 -1.425812e+01 -1.980023e+01
    endloop
  endfacet
  facet normal -9.605181e-01 2.782175e-01 0.000000e+00
    outer loop
      vertex   8.658283e+00 -1.425812e+01 -1.980023e+01
      vertex   8.658283e+00 -1.425812e+01 -2.230023e+01
      vertex   8.596669e+00 -1.447084e+01 -2.230023e+01
    endloop
  endfacet
  facet normal -9.605181e-01 2.782175e-01 1.095962e-18
    outer loop
      vertex   8.658283e+00 -1.425812e+01 -1.980023e+01
      vertex   8.596669e+00 -1.447084e+01 -2.230023e+01
      vertex   8.596669e+00 -1.447084e+01 -1.980023e+01
    endloop
  endfacet
  facet normal -9.350162e-01 3.546049e-01 0.000000e+00
    outer loop
      vertex   8.596669e+00 -1.447084e+01 -1.980023e+01
      vertex   8.596669e+00 -1.447084e+01 -2.230023e+01
      vertex   8.518137e+00 -1.467791e+01 -2.230023e+01
    endloop
  endfacet
  facet normal -9.350162e-01 3.546049e-01 -2.380449e-18
    outer loop
      vertex   8.596669e+00 -1.447084e+01 -1.980023e+01
      vertex   8.518137e+00 -1.467791e+01 -2.230023e+01
      vertex   8.518137e+00 -1.467791e+01 -1.980023e+01
    endloop
  endfacet
  facet normal -9.034504e-01 4.286926e-01 0.000000e+00
    outer loop
      vertex   8.518137e+00 -1.467791e+01 -1.980023e+01
      vertex   8.518137e+00 -1.467791e+01 -2.230023e+01
      vertex   8.423198e+00 -1.487799e+01 -2.230023e+01
    endloop
  endfacet
  facet normal -9.034504e-01 4.286926e-01 -6.123495e-19
    outer loop
      vertex   8.518137e+00 -1.467791e+01 -1.980023e+01
      vertex   8.423198e+00 -1.487799e+01 -2.230023e+01
      vertex   8.423198e+00 -1.487799e+01 -1.980023e+01
    endloop
  endfacet
  facet normal -8.660254e-01 5.000000e-01 0.000000e+00
    outer loop
      vertex   8.423198e+00 -1.487799e+01 -1.980023e+01
      vertex   8.423198e+00 -1.487799e+01 -2.230023e+01
      vertex   8.312466e+00 -1.506978e+01 -2.230023e+01
    endloop
  endfacet
  facet normal -8.660254e-01 5.000000e-01 4.494588e-19
    outer loop
      vertex   8.423198e+00 -1.487799e+01 -1.980023e+01
      vertex   8.312466e+00 -1.506978e+01 -2.230023e+01
      vertex   8.312466e+00 -1.506978e+01 -1.980023e+01
    endloop
  endfacet
  facet normal -8.229839e-01 5.680647e-01 0.000000e+00
    outer loop
      vertex   8.312466e+00 -1.506978e+01 -1.980023e+01
      vertex   8.312466e+00 -1.506978e+01 -2.230023e+01
      vertex   8.186661e+00 -1.525204e+01 -2.230023e+01
    endloop
  endfacet
  facet normal -8.229839e-01 5.680647e-01 -9.877777e-19
    outer loop
      vertex   8.312466e+00 -1.506978e+01 -1.980023e+01
      vertex   8.186661e+00 -1.525204e+01 -2.230023e+01
      vertex   8.186661e+00 -1.525204e+01 -1.980023e+01
    endloop
  endfacet
  facet normal -7.746050e-01 6.324454e-01 0.000000e+00
    outer loop
      vertex   8.186661e+00 -1.525204e+01 -1.980023e+01
      vertex   8.186661e+00 -1.525204e+01 -2.230023e+01
      vertex   8.046598e+00 -1.542359e+01 -2.230023e+01
    endloop
  endfacet
  facet normal -7.746050e-01 6.324454e-01 2.896430e-18
    outer loop
      vertex   8.186661e+00 -1.525204e+01 -1.980023e+01
      vertex   8.046598e+00 -1.542359e+01 -2.230023e+01
      vertex   8.046598e+00 -1.542359e+01 -1.980023e+01
    endloop
  endfacet
  facet normal -7.212024e-01 6.927244e-01 0.000000e+00
    outer loop
      vertex   8.046598e+00 -1.542359e+01 -1.980023e+01
      vertex   8.046598e+00 -1.542359e+01 -2.230023e+01
      vertex   7.893185e+00 -1.558331e+01 -2.230023e+01
    endloop
  endfacet
  facet normal -7.212024e-01 6.927244e-01 -1.741678e-18
    outer loop
      vertex   8.046598e+00 -1.542359e+01 -1.980023e+01
      vertex   7.893185e+00 -1.558331e+01 -2.230023e+01
      vertex   7.893185e+00 -1.558331e+01 -1.980023e+01
    endloop
  endfacet
  facet normal -6.631227e-01 7.485107e-01 0.000000e+00
    outer loop
      vertex   7.893185e+00 -1.558331e+01 -1.980023e+01
      vertex   7.893185e+00 -1.558331e+01 -2.230023e+01
      vertex   7.727418e+00 -1.573016e+01 -2.230023e+01
    endloop
  endfacet
  facet normal -6.631227e-01 7.485107e-01 -1.764663e-18
    outer loop
      vertex   7.893185e+00 -1.558331e+01 -1.980023e+01
      vertex   7.727418e+00 -1.573016e+01 -2.230023e+01
      vertex   7.727418e+00 -1.573016e+01 -1.980023e+01
    endloop
  endfacet
  facet normal -6.007423e-01 7.994428e-01 0.000000e+00
    outer loop
      vertex   7.727418e+00 -1.573016e+01 -1.980023e+01
      vertex   7.727418e+00 -1.573016e+01 -2.230023e+01
      vertex   7.550372e+00 -1.586321e+01 -2.230023e+01
    endloop
  endfacet
  facet normal -6.007423e-01 7.994428e-01 2.788589e-18
    outer loop
      vertex   7.727418e+00 -1.573016e+01 -1.980023e+01
      vertex   7.550372e+00 -1.586321e+01 -2.230023e+01
      vertex   7.550372e+00 -1.586321e+01 -1.980023e+01
    endloop
  endfacet
  facet normal -5.344658e-01 8.451901e-01 0.000000e+00
    outer loop
      vertex   7.550372e+00 -1.586321e+01 -1.980023e+01
      vertex   7.550372e+00 -1.586321e+01 -2.230023e+01
      vertex   7.363193e+00 -1.598157e+01 -2.230023e+01
    endloop
  endfacet
  facet normal -5.344658e-01 8.451901e-01 -2.638456e-18
    outer loop
      vertex   7.550372e+00 -1.586321e+01 -1.980023e+01
      vertex   7.363193e+00 -1.598157e+01 -2.230023e+01
      vertex   7.363193e+00 -1.598157e+01 -1.980023e+01
    endloop
  endfacet
  facet normal -4.647232e-01 8.854560e-01 0.000000e+00
    outer loop
      vertex   7.363193e+00 -1.598157e+01 -1.980023e+01
      vertex   7.363193e+00 -1.598157e+01 -2.230023e+01
      vertex   7.167098e+00 -1.608449e+01 -2.230023e+01
    endloop
  endfacet
  facet normal -4.647232e-01 8.854560e-01 1.617445e-18
    outer loop
      vertex   7.363193e+00 -1.598157e+01 -1.980023e+01
      vertex   7.167098e+00 -1.608449e+01 -2.230023e+01
      vertex   7.167098e+00 -1.608449e+01 -1.980023e+01
    endloop
  endfacet
  facet normal -3.919666e-01 9.199794e-01 0.000000e+00
    outer loop
      vertex   7.167098e+00 -1.608449e+01 -1.980023e+01
      vertex   7.167098e+00 -1.608449e+01 -2.230023e+01
      vertex   6.963357e+00 -1.617129e+01 -2.230023e+01
    endloop
  endfacet
  facet normal -3.919666e-01 9.199794e-01 3.022022e-18
    outer loop
      vertex   7.167098e+00 -1.608449e+01 -1.980023e+01
      vertex   6.963357e+00 -1.617129e+01 -2.230023e+01
      vertex   6.963357e+00 -1.617129e+01 -1.980023e+01
    endloop
  endfacet
  facet normal -3.166680e-01 9.485364e-01 0.000000e+00
    outer loop
      vertex   6.963357e+00 -1.617129e+01 -1.980023e+01
      vertex   6.963357e+00 -1.617129e+01 -2.230023e+01
      vertex   6.753291e+00 -1.624142e+01 -2.230023e+01
    endloop
  endfacet
  facet normal -3.166680e-01 9.485364e-01 -4.266646e-19
    outer loop
      vertex   6.963357e+00 -1.617129e+01 -1.980023e+01
      vertex   6.753291e+00 -1.624142e+01 -2.230023e+01
      vertex   6.753291e+00 -1.624142e+01 -1.980023e+01
    endloop
  endfacet
  facet normal -2.393157e-01 9.709418e-01 0.000000e+00
    outer loop
      vertex   6.753291e+00 -1.624142e+01 -1.980023e+01
      vertex   6.753291e+00 -1.624142e+01 -2.230023e+01
      vertex   6.538264e+00 -1.629442e+01 -2.230023e+01
    endloop
  endfacet
  facet normal -2.393157e-01 9.709418e-01 -5.303739e-19
    outer loop
      vertex   6.753291e+00 -1.624142e+01 -1.980023e+01
      vertex   6.538264e+00 -1.629442e+01 -2.230023e+01
      vertex   6.538264e+00 -1.629442e+01 -1.980023e+01
    endloop
  endfacet
  facet normal -1.604113e-01 9.870503e-01 0.000000e+00
    outer loop
      vertex   6.538264e+00 -1.629442e+01 -1.980023e+01
      vertex   6.538264e+00 -1.629442e+01 -2.230023e+01
      vertex   6.319669e+00 -1.632995e+01 -2.230023e+01
    endloop
  endfacet
  facet normal -1.604113e-01 9.870503e-01 3.983097e-19
    outer loop
      vertex   6.538264e+00 -1.629442e+01 -1.980023e+01
      vertex   6.319669e+00 -1.632995e+01 -2.230023e+01
      vertex   6.319669e+00 -1.632995e+01 -1.980023e+01
    endloop
  endfacet
  facet normal -8.046657e-02 9.967573e-01 0.000000e+00
    outer loop
      vertex   6.319669e+00 -1.632995e+01 -1.980023e+01
      vertex   6.319669e+00 -1.632995e+01 -2.230023e+01
      vertex   6.098925e+00 -1.634777e+01 -2.230023e+01
    endloop
  endfacet
  facet normal -8.046657e-02 9.967573e-01 1.668240e-19
    outer loop
      vertex   6.319669e+00 -1.632995e+01 -1.980023e+01
      vertex   6.098925e+00 -1.634777e+01 -2.230023e+01
      vertex   6.098925e+00 -1.634777e+01 -1.980023e+01
    endloop
  endfacet
  facet normal 0.000000e+00 1.000000e+00 0.000000e+00
    outer loop
      vertex   6.098925e+00 -1.634777e+01 -1.980023e+01
      vertex   6.098925e+00 -1.634777e+01 -2.230023e+01
      vertex   5.877462e+00 -1.634777e+01 -2.230023e+01
    endloop
  endfacet
  facet normal 0.000000e+00 1.000000e+00 0.000000e+00
    outer loop
      vertex   6.098925e+00 -1.634777e+01 -1.980023e+01
      vertex   5.877462e+00 -1.634777e+01 -2.230023e+01
      vertex   5.877462e+00 -1.634777e+01 -1.980023e+01
    endloop
  endfacet
  facet normal 8.046657e-02 9.967573e-01 0.000000e+00
    outer loop
      vertex   5.877462e+00 -1.634777e+01 -1.980023e+01
      vertex   5.877462e+00 -1.634777e+01 -2.230023e+01
      vertex   5.656718e+00 -1.632995e+01 -2.230023e+01
    endloop
  endfacet
  facet normal 8.046657e-02 9.967573e-01 2.340890e-19
    outer loop
      vertex   5.877462e+00 -1.634777e+01 -1.980023e+01
      vertex   5.656718e+00 -1.632995e+01 -2.230023e+01
      vertex   5.656718e+00 -1.632995e+01 -1.980023e+01
    endloop
  endfacet
  facet normal 1.604113e-01 9.870503e-01 0.000000e+00
    outer loop
      vertex   5.656718e+00 -1.632995e+01 -1.980023e+01
      vertex   5.656718e+00 -1.632995e+01 -2.230023e+01
      vertex   5.438123e+00 -1.629442e+01 -2.230023e+01
    endloop
  endfacet
  facet normal 1.604113e-01 9.870503e-01 -1.897319e-19
    outer loop
      vertex   5.656718e+00 -1.632995e+01 -1.980023e+01
      vertex   5.438123e+00 -1.629442e+01 -2.230023e+01
      vertex   5.438123e+00 -1.629442e+01 -1.980023e+01
    endloop
  endfacet
  facet normal 2.393157e-01 9.709418e-01 0.000000e+00
    outer loop
      vertex   5.438123e+00 -1.629442e+01 -1.980023e+01
      vertex   5.438123e+00 -1.629442e+01 -2.230023e+01
      vertex   5.223095e+00 -1.624142e+01 -2.230023e+01
    endloop
  endfacet
  facet normal 2.393157e-01 9.709418e-01 -3.202109e-19
    outer loop
      vertex   5.438123e+00 -1.629442e+01 -1.980023e+01
      vertex   5.223095e+00 -1.624142e+01 -2.230023e+01
      vertex   5.223095e+00 -1.624142e+01 -1.980023e+01
    endloop
  endfacet
  facet normal 3.166680e-01 9.485364e-01 0.000000e+00
    outer loop
      vertex   5.223095e+00 -1.624142e+01 -1.980023e+01
      vertex   5.223095e+00 -1.624142e+01 -2.230023e+01
      vertex   5.013030e+00 -1.617129e+01 -2.230023e+01
    endloop
  endfacet
  facet normal 3.166680e-01 9.485364e-01 1.341213e-19
    outer loop
      vertex   5.223095e+00 -1.624142e+01 -1.980023e+01
      vertex   5.013030e+00 -1.617129e+01 -2.230023e+01
      vertex   5.013030e+00 -1.617129e+01 -1.980023e+01
    endloop
  endfacet
  facet normal 3.919666e-01 9.199794e-01 0.000000e+00
    outer loop
      vertex   5.013030e+00 -1.617129e+01 -1.980023e+01
      vertex   5.013030e+00 -1.617129e+01 -2.230023e+01
      vertex   4.809289e+00 -1.608449e+01 -2.230023e+01
    endloop
  endfacet
  facet normal 3.919666e-01 9.199794e-01 -1.628815e-18
    outer loop
      vertex   5.013030e+00 -1.617129e+01 -1.980023e+01
      vertex   4.809289e+00 -1.608449e+01 -2.230023e+01
      vertex   4.809289e+00 -1.608449e+01 -1.980023e+01
    endloop
  endfacet
  facet normal 4.647232e-01 8.854560e-01 0.000000e+00
    outer loop
      vertex   4.809289e+00 -1.608449e+01 -1.980023e+01
      vertex   4.809289e+00 -1.608449e+01 -2.230023e+01
      vertex   4.613193e+00 -1.598157e+01 -2.230023e+01
    endloop
  endfacet
  facet normal 4.647232e-01 8.854560e-01 1.875844e-18
    outer loop
      vertex   4.809289e+00 -1.608449e+01 -1.980023e+01
      vertex   4.613193e+00 -1.598157e+01 -2.230023e+01
      vertex   4.613193e+00 -1.598157e+01 -1.980023e+01
    endloop
  endfacet
  facet normal 5.344658e-01 8.451901e-01 0.000000e+00
    outer loop
      vertex   4.613193e+00 -1.598157e+01 -1.980023e+01
      vertex   4.613193e+00 -1.598157e+01 -2.230023e+01
      vertex   4.426015e+00 -1.586321e+01 -2.230023e+01
    endloop
  endfacet
  facet normal 5.344658e-01 8.451901e-01 2.889953e-18
    outer loop
      vertex   4.613193e+00 -1.598157e+01 -1.980023e+01
      vertex   4.426015e+00 -1.586321e+01 -2.230023e+01
      vertex   4.426015e+00 -1.586321e+01 -1.980023e+01
    endloop
  endfacet
  facet normal 6.007423e-01 7.994428e-01 0.000000e+00
    outer loop
      vertex   4.426015e+00 -1.586321e+01 -1.980023e+01
      vertex   4.426015e+00 -1.586321e+01 -2.230023e+01
      vertex   4.248969e+00 -1.573016e+01 -2.230023e+01
    endloop
  endfacet
  facet normal 6.007423e-01 7.994428e-01 5.194795e-19
    outer loop
      vertex   4.426015e+00 -1.586321e+01 -1.980023e+01
      vertex   4.248969e+00 -1.573016e+01 -2.230023e+01
      vertex   4.248969e+00 -1.573016e+01 -1.980023e+01
    endloop
  endfacet
  facet normal 6.631227e-01 7.485107e-01 0.000000e+00
    outer loop
      vertex   4.248969e+00 -1.573016e+01 -1.980023e+01
      vertex   4.248969e+00 -1.573016e+01 -2.230023e+01
      vertex   4.083201e+00 -1.558331e+01 -2.230023e+01
    endloop
  endfacet
  facet normal 6.631227e-01 7.485107e-01 1.365757e-18
    outer loop
      vertex   4.248969e+00 -1.573016e+01 -1.980023e+01
      vertex   4.083201e+00 -1.558331e+01 -2.230023e+01
      vertex   4.083201e+00 -1.558331e+01 -1.980023e+01
    endloop
  endfacet
  facet normal 7.212024e-01 6.927244e-01 0.000000e+00
    outer loop
      vertex   4.083201e+00 -1.558331e+01 -1.980023e+01
      vertex   4.083201e+00 -1.558331e+01 -2.230023e+01
      vertex   3.929789e+00 -1.542359e+01 -2.230023e+01
    endloop
  endfacet
  facet normal 7.212024e-01 6.927244e-01 1.850344e-18
    outer loop
      vertex   4.083201e+00 -1.558331e+01 -1.980023e+01
      vertex   3.929789e+00 -1.542359e+01 -2.230023e+01
      vertex   3.929789e+00 -1.542359e+01 -1.980023e+01
    endloop
  endfacet
  facet normal 7.746050e-01 6.324454e-01 0.000000e+00
    outer loop
      vertex   3.929789e+00 -1.542359e+01 -1.980023e+01
      vertex   3.929789e+00 -1.542359e+01 -2.230023e+01
      vertex   3.789726e+00 -1.525204e+01 -2.230023e+01
    endloop
  endfacet
  facet normal 7.746050e-01 6.324454e-01 2.094651e-18
    outer loop
      vertex   3.929789e+00 -1.542359e+01 -1.980023e+01
      vertex   3.789726e+00 -1.525204e+01 -2.230023e+01
      vertex   3.789726e+00 -1.525204e+01 -1.980023e+01
    endloop
  endfacet
  facet normal 8.229839e-01 5.680647e-01 0.000000e+00
    outer loop
      vertex   3.789726e+00 -1.525204e+01 -1.980023e+01
      vertex   3.789726e+00 -1.525204e+01 -2.230023e+01
      vertex   3.663921e+00 -1.506978e+01 -2.230023e+01
    endloop
  endfacet
  facet normal 8.229839e-01 5.680647e-01 -1.151501e-18
    outer loop
      vertex   3.789726e+00 -1.525204e+01 -1.980023e+01
      vertex   3.663921e+00 -1.506978e+01 -2.230023e+01
      vertex   3.663921e+00 -1.506978e+01 -1.980023e+01
    endloop
  endfacet
  facet normal 8.660254e-01 5.000000e-01 0.000000e+00
    outer loop
      vertex   3.663921e+00 -1.506978e+01 -1.980023e+01
      vertex   3.663921e+00 -1.506978e+01 -2.230023e+01
      vertex   3.553189e+00 -1.487799e+01 -2.230023e+01
    endloop
  endfacet
  facet normal 8.660254e-01 5.000000e-01 -2.364204e-18
    outer loop
      vertex   3.663921e+00 -1.506978e+01 -1.980023e+01
      vertex   3.553189e+00 -1.487799e+01 -2.230023e+01
      vertex   3.553189e+00 -1.487799e+01 -1.980023e+01
    endloop
  endfacet
  facet normal 9.034504e-01 4.286926e-01 0.000000e+00
    outer loop
      vertex   3.553189e+00 -1.487799e+01 -1.980023e+01
      vertex   3.553189e+00 -1.487799e+01 -2.230023e+01
      vertex   3.458250e+00 -1.467791e+01 -2.230023e+01
    endloop
  endfacet
  facet normal 9.034504e-01 4.286926e-01 3.062693e-18
    outer loop
      vertex   3.553189e+00 -1.487799e+01 -1.980023e+01
      vertex   3.458250e+00 -1.467791e+01 -2.230023e+01
      vertex   3.458250e+00 -1.467791e+01 -1.980023e+01
    endloop
  endfacet
  facet normal 9.350162e-01 3.546049e-01 0.000000e+00
    outer loop
      vertex   3.458250e+00 -1.467791e+01 -1.980023e+01
      vertex   3.458250e+00 -1.467791e+01 -2.230023e+01
      vertex   3.379718e+00 -1.447084e+01 -2.230023e+01
    endloop
  endfacet
  facet normal 9.350162e-01 3.546049e-01 2.508606e-18
    outer loop
      vertex   3.458250e+00 -1.467791e+01 -1.980023e+01
      vertex   3.379718e+00 -1.447084e+01 -2.230023e+01
      vertex   3.379718e+00 -1.447084e+01 -1.980023e+01
    endloop
  endfacet
  facet normal 9.605181e-01 2.782175e-01 0.000000e+00
    outer loop
      vertex   3.379718e+00 -1.447084e+01 -1.980023e+01
      vertex   3.379718e+00 -1.447084e+01 -2.230023e+01
      vertex   3.318103e+00 -1.425812e+01 -2.230023e+01
    endloop
  endfacet
  facet normal 9.605181e-01 2.782175e-01 -5.450174e-19
    outer loop
      vertex   3.379718e+00 -1.447084e+01 -1.980023e+01
      vertex   3.318103e+00 -1.425812e+01 -2.230023e+01
      vertex   3.318103e+00 -1.425812e+01 -1.980023e+01
    endloop
  endfacet
  facet normal 9.797907e-01 2.000257e-01 0.000000e+00
    outer loop
      vertex   3.318103e+00 -1.425812e+01 -1.980023e+01
      vertex   3.318103e+00 -1.425812e+01 -2.230023e+01
      vertex   3.273805e+00 -1.404113e+01 -2.230023e+01
    endloop
  endfacet
  facet normal 9.797907e-01 2.000257e-01 1.483126e-18
    outer loop
      vertex   3.318103e+00 -1.425812e+01 -1.980023e+01
      vertex   3.273805e+00 -1.404113e+01 -2.230023e+01
      vertex   3.273805e+00 -1.404113e+01 -1.980023e+01
    endloop
  endfacet
  facet normal 9.927089e-01 1.205367e-01 0.000000e+00
    outer loop
      vertex   3.273805e+00 -1.404113e+01 -1.980023e+01
      vertex   3.273805e+00 -1.404113e+01 -2.230023e+01
      vertex   3.247111e+00 -1.382128e+01 -2.230023e+01
    endloop
  endfacet
  facet normal 0.000000e+00 0.000000e+00 -1.000000e+00
    outer loop
      vertex   6.153206e+00 -1.509090e+01 -1.980023e+01
      vertex   6.098925e+00 -1.634777e+01 -1.980023e+01
      vertex   5.988193e+00 -1.510000e+01 -1.980023e+01
    endloop
  endfacet
  facet normal 0.000000e+00 -0.000000e+00 -1.000000e+00
    outer loop
      vertex   5.988193e+00 -1.510000e+01 -1.980023e+01
      vertex   6.098925e+00 -1.634777e+01 -1.980023e+01
      vertex   5.877462e+00 -1.634777e+01 -1.980023e+01
    endloop
  endfacet
  facet normal -0.000000e+00 0.000000e+00 -1.000000e+00
    outer loop
      vertex   5.988193e+00 -1.510000e+01 -1.980023e+01
      vertex   5.877462e+00 -1.634777e+01 -1.980023e+01
      vertex   5.823181e+00 -1.509090e+01 -1.980023e+01
    endloop
  endfacet
  facet normal 0.000000e+00 -0.000000e+00 -1.000000e+00
    outer loop
      vertex   5.823181e+00 -1.509090e+01 -1.980023e+01
      vertex   5.877462e+00 -1.634777e+01 -1.980023e+01
      vertex   5.656718e+00 -1.632995e+01 -1.980023e+01
    endloop
  endfacet
  facet normal 0.000000e+00 0.000000e+00 -1.000000e+00
    outer loop
      vertex   5.823181e+00 -1.509090e+01 -1.980023e+01
      vertex   5.656718e+00 -1.632995e+01 -1.980023e+01
      vertex   5.438123e+00 -1.629442e+01 -1.980023e+01
    endloop
  endfacet
  facet normal 0.000000e+00 -0.000000e+00 -1.000000e+00
    outer loop
      vertex   6.316215e+00 -1.506369e+01 -1.980023e+01
      vertex   6.538264e+00 -1.629442e+01 -1.980023e+01
      vertex   6.153206e+00 -1.509090e+01 -1.980023e+01
    endloop
  endfacet
  facet normal 0.000000e+00 0.000000e+00 -1.000000e+00
    outer loop
      vertex   6.153206e+00 -1.509090e+01 -1.980023e+01
      vertex   6.538264e+00 -1.629442e+01 -1.980023e+01
      vertex   6.319669e+00 -1.632995e+01 -1.980023e+01
    endloop
  endfacet
  facet normal 0.000000e+00 -0.000000e+00 -1.000000e+00
    outer loop
      vertex   6.153206e+00 -1.509090e+01 -1.980023e+01
      vertex   6.319669e+00 -1.632995e+01 -1.980023e+01
      vertex   6.098925e+00 -1.634777e+01 -1.980023e+01
    endloop
  endfacet
  facet normal 0.000000e+00 0.000000e+00 -1.000000e+00
    outer loop
      vertex   6.538264e+00 -1.629442e+01 -1.980023e+01
      vertex   6.316215e+00 -1.506369e+01 -1.980023e+01
      vertex   6.753291e+00 -1.624142e+01 -1.980023e+01
    endloop
  endfacet
  facet normal 0.000000e+00 0.000000e+00 -1.000000e+00
    outer loop
      vertex   6.753291e+00 -1.624142e+01 -1.980023e+01
      vertex   6.316215e+00 -1.506369e+01 -1.980023e+01
      vertex   6.475243e+00 -1.501873e+01 -1.980023e+01
    endloop
  endfacet
  facet normal 0.000000e+00 0.000000e+00 -1.000000e+00
    outer loop
      vertex   6.753291e+00 -1.624142e+01 -1.980023e+01
      vertex   6.475243e+00 -1.501873e+01 -1.980023e+01
      vertex   6.963357e+00 -1.617129e+01 -1.980023e+01
    endloop
  endfacet
  facet normal 0.000000e+00 0.000000e+00 -1.000000e+00
    outer loop
      vertex   6.963357e+00 -1.617129e+01 -1.980023e+01
      vertex   6.475243e+00 -1.501873e+01 -1.980023e+01
      vertex   6.628358e+00 -1.495654e+01 -1.980023e+01
    endloop
  endfacet
  facet normal 0.000000e+00 0.000000e+00 -1.000000e+00
    outer loop
      vertex   6.963357e+00 -1.617129e+01 -1.980023e+01
      vertex   6.628358e+00 -1.495654e+01 -1.980023e+01
      vertex   7.167098e+00 -1.608449e+01 -1.980023e+01
    endloop
  endfacet
  facet normal 0.000000e+00 0.000000e+00 -1.000000e+00
    outer loop
      vertex   7.167098e+00 -1.608449e+01 -1.980023e+01
      vertex   6.628358e+00 -1.495654e+01 -1.980023e+01
      vertex   7.363193e+00 -1.598157e+01 -1.980023e+01
    endloop
  endfacet
  facet normal 0.000000e+00 0.000000e+00 -1.000000e+00
    outer loop
      vertex   7.363193e+00 -1.598157e+01 -1.980023e+01
      vertex   6.628358e+00 -1.495654e+01 -1.980023e+01
      vertex   6.773703e+00 -1.487788e+01 -1.980023e+01
    endloop
  endfacet
  facet normal 0.000000e+00 0.000000e+00 -1.000000e+00
    outer loop
      vertex   7.363193e+00 -1.598157e+01 -1.980023e+01
      vertex   6.773703e+00 -1.487788e+01 -1.980023e+01
      vertex   7.550372e+00 -1.586321e+01 -1.980023e+01
    endloop
  endfacet
  facet normal 0.000000e+00 0.000000e+00 -1.000000e+00
    outer loop
      vertex   7.550372e+00 -1.586321e+01 -1.980023e+01
      vertex   6.773703e+00 -1.487788e+01 -1.980023e+01
      vertex   6.909513e+00 -1.478371e+01 -1.980023e+01
    endloop
  endfacet
  facet normal 0.000000e+00 0.000000e+00 -1.000000e+00
    outer loop
      vertex   7.550372e+00 -1.586321e+01 -1.980023e+01
      vertex   6.909513e+00 -1.478371e+01 -1.980023e+01
      vertex   7.727418e+00 -1.573016e+01 -1.980023e+01
    endloop
  endfacet
  facet normal 0.000000e+00 0.000000e+00 -1.000000e+00
    outer loop
      vertex   7.727418e+00 -1.573016e+01 -1.980023e+01
      vertex   6.909513e+00 -1.478371e+01 -1.980023e+01
      vertex   7.034139e+00 -1.467517e+01 -1.980023e+01
    endloop
  endfacet
  facet normal 0.000000e+00 0.000000e+00 -1.000000e+00
    outer loop
      vertex   7.727418e+00 -1.573016e+01 -1.980023e+01
      vertex   7.034139e+00 -1.467517e+01 -1.980023e+01
      vertex   7.893185e+00 -1.558331e+01 -1.980023e+01
    endloop
  endfacet
  facet normal 0.000000e+00 0.000000e+00 -1.000000e+00
    outer loop
      vertex   7.893185e+00 -1.558331e+01 -1.980023e+01
      vertex   7.034139e+00 -1.467517e+01 -1.980023e+01
      vertex   8.046598e+00 -1.542359e+01 -1.980023e+01
    endloop
  endfacet
  facet normal 0.000000e+00 0.000000e+00 -1.000000e+00
    outer loop
      vertex   8.046598e+00 -1.542359e+01 -1.980023e+01
      vertex   7.034139e+00 -1.467517e+01 -1.980023e+01
      vertex   7.146068e+00 -1.455359e+01 -1.980023e+01
    endloop
  endfacet
  facet normal 0.000000e+00 0.000000e+00 -1.000000e+00
    outer loop
      vertex   8.046598e+00 -1.542359e+01 -1.980023e+01
      vertex   7.146068e+00 -1.455359e+01 -1.980023e+01
      vertex   8.186661e+00 -1.525204e+01 -1.980023e+01
    endloop
  endfacet
  facet normal 0.000000e+00 0.000000e+00 -1.000000e+00
    outer loop
      vertex   8.186661e+00 -1.525204e+01 -1.980023e+01
      vertex   7.146068e+00 -1.455359e+01 -1.980023e+01
      vertex   7.243943e+00 -1.442042e+01 -1.980023e+01
    endloop
  endfacet
  facet normal 0.000000e+00 0.000000e+00 -1.000000e+00
    outer loop
      vertex   8.186661e+00 -1.525204e+01 -1.980023e+01
      vertex   7.243943e+00 -1.442042e+01 -1.980023e+01
      vertex   8.312466e+00 -1.506978e+01 -1.980023e+01
    endloop
  endfacet
  facet normal 0.000000e+00 0.000000e+00 -1.000000e+00
    outer loop
      vertex   8.312466e+00 -1.506978e+01 -1.980023e+01
      vertex   7.243943e+00 -1.442042e+01 -1.980023e+01
      vertex   8.423198e+00 -1.487799e+01 -1.980023e+01
    endloop
  endfacet
  facet normal 0.000000e+00 0.000000e+00 -1.000000e+00
    outer loop
      vertex   8.423198e+00 -1.487799e+01 -1.980023e+01
      vertex   7.243943e+00 -1.442042e+01 -1.980023e+01
      vertex   7.326575e+00 -1.427730e+01 -1.980023e+01
    endloop
  endfacet
  facet normal 0.000000e+00 0.000000e+00 -1.000000e+00
    outer loop
      vertex   8.423198e+00 -1.487799e+01 -1.980023e+01
      vertex   7.326575e+00 -1.427730e+01 -1.980023e+01
      vertex   8.518137e+00 -1.467791e+01 -1.980023e+01
    endloop
  endfacet
  facet normal 0.000000e+00 0.000000e+00 -1.000000e+00
    outer loop
      vertex   8.518137e+00 -1.467791e+01 -1.980023e+01
      vertex   7.326575e+00 -1.427730e+01 -1.980023e+01
      vertex   7.392960e+00 -1.412596e+01 -1.980023e+01
    endloop
  endfacet
  facet normal 0.000000e+00 0.000000e+00 -1.000000e+00
    outer loop
      vertex   8.518137e+00 -1.467791e+01 -1.980023e+01
      vertex   7.392960e+00 -1.412596e+01 -1.980023e+01
      vertex   8.596669e+00 -1.447084e+01 -1.980023e+01
    endloop
  endfacet
  facet normal 0.000000e+00 0.000000e+00 -1.000000e+00
    outer loop
      vertex   8.596669e+00 -1.447084e+01 -1.980023e+01
      vertex   7.392960e+00 -1.412596e+01 -1.980023e+01
      vertex   7.442294e+00 -1.396823e+01 -1.980023e+01
    endloop
  endfacet
  facet normal 0.000000e+00 0.000000e+00 -1.000000e+00
    outer loop
      vertex   8.596669e+00 -1.447084e+01 -1.980023e+01
      vertex   7.442294e+00 -1.396823e+01 -1.980023e+01
      vertex   8.658283e+00 -1.425812e+01 -1.980023e+01
    endloop
  endfacet
  facet normal 0.000000e+00 0.000000e+00 -1.000000e+00
    outer loop
      vertex   8.658283e+00 -1.425812e+01 -1.980023e+01
      vertex   7.442294e+00 -1.396823e+01 -1.980023e+01
      vertex   8.702582e+00 -1.404113e+01 -1.980023e+01
    endloop
  endfacet
  facet normal 0.000000e+00 0.000000e+00 -1.000000e+00
    outer loop
      vertex   8.702582e+00 -1.404113e+01 -1.980023e+01
      vertex   7.442294e+00 -1.396823e+01 -1.980023e+01
      vertex   7.473977e+00 -1.380603e+01 -1.980023e+01
    endloop
  endfacet
  facet normal 0.000000e+00 0.000000e+00 -1.000000e+00
    outer loop
      vertex   8.702582e+00 -1.404113e+01 -1.980023e+01
      vertex   7.473977e+00 -1.380603e+01 -1.980023e+01
      vertex   8.729276e+00 -1.382128e+01 -1.980023e+01
    endloop
  endfacet
  facet normal 0.000000e+00 0.000000e+00 -1.000000e+00
    outer loop
      vertex   8.729276e+00 -1.382128e+01 -1.980023e+01
      vertex   7.473977e+00 -1.380603e+01 -1.980023e+01
      vertex   7.487624e+00 -1.364133e+01 -1.980023e+01
    endloop
  endfacet
  facet normal 0.000000e+00 0.000000e+00 -1.000000e+00
    outer loop
      vertex   8.729276e+00 -1.382128e+01 -1.980023e+01
      vertex   7.487624e+00 -1.364133e+01 -1.980023e+01
      vertex   8.738193e+00 -1.360000e+01 -1.980023e+01
    endloop
  endfacet
  facet normal -0.000000e+00 0.000000e+00 -1.000000e+00
    outer loop
      vertex   8.738193e+00 -1.360000e+01 -1.980023e+01
      vertex   7.487624e+00 -1.364133e+01 -1.980023e+01
      vertex   7.483070e+00 -1.347613e+01 -1.980023e+01
    endloop
  endfacet
  facet normal 0.000000e+00 0.000000e+00 -1.000000e+00
    outer loop
      vertex   8.738193e+00 -1.360000e+01 -1.980023e+01
      vertex   7.483070e+00 -1.347613e+01 -1.980023e+01
      vertex   8.729276e+00 -1.337872e+01 -1.980023e+01
    endloop
  endfacet
  facet normal -0.000000e+00 0.000000e+00 -1.000000e+00
    outer loop
      vertex   8.729276e+00 -1.337872e+01 -1.980023e+01
      vertex   7.483070e+00 -1.347613e+01 -1.980023e+01
      vertex   8.702582e+00 -1.315887e+01 -1.980023e+01
    endloop
  endfacet
  facet normal 0.000000e+00 0.000000e+00 -1.000000e+00
    outer loop
      vertex   8.702582e+00 -1.315887e+01 -1.980023e+01
      vertex   7.483070e+00 -1.347613e+01 -1.980023e+01
      vertex   7.460371e+00 -1.331243e+01 -1.980023e+01
    endloop
  endfacet
  facet normal -0.000000e+00 0.000000e+00 -1.000000e+00
    outer loop
      vertex   8.702582e+00 -1.315887e+01 -1.980023e+01
      vertex   7.460371e+00 -1.331243e+01 -1.980023e+01
      vertex   8.658283e+00 -1.294188e+01 -1.980023e+01
    endloop
  endfacet
  facet normal 0.000000e+00 0.000000e+00 -1.000000e+00
    outer loop
      vertex   8.658283e+00 -1.294188e+01 -1.980023e+01
      vertex   7.460371e+00 -1.331243e+01 -1.980023e+01
      vertex   7.419801e+00 -1.315223e+01 -1.980023e+01
    endloop
  endfacet
  facet normal -0.000000e+00 0.000000e+00 -1.000000e+00
    outer loop
      vertex   8.658283e+00 -1.294188e+01 -1.980023e+01
      vertex   7.419801e+00 -1.315223e+01 -1.980023e+01
      vertex   8.596669e+00 -1.272916e+01 -1.980023e+01
    endloop
  endfacet
  facet normal 0.000000e+00 0.000000e+00 -1.000000e+00
    outer loop
      vertex   8.596669e+00 -1.272916e+01 -1.980023e+01
      vertex   7.419801e+00 -1.315223e+01 -1.980023e+01
      vertex   7.361853e+00 -1.299746e+01 -1.980023e+01
    endloop
  endfacet
  facet normal -0.000000e+00 0.000000e+00 -1.000000e+00
    outer loop
      vertex   8.596669e+00 -1.272916e+01 -1.980023e+01
      vertex   7.361853e+00 -1.299746e+01 -1.980023e+01
      vertex   8.518137e+00 -1.252209e+01 -1.980023e+01
    endloop
  endfacet
  facet normal -0.000000e+00 0.000000e+00 -1.000000e+00
    outer loop
      vertex   8.518137e+00 -1.252209e+01 -1.980023e+01
      vertex   7.361853e+00 -1.299746e+01 -1.980023e+01
      vertex   8.423198e+00 -1.232201e+01 -1.980023e+01
    endloop
  endfacet
  facet normal 0.000000e+00 0.000000e+00 -1.000000e+00
    outer loop
      vertex   8.423198e+00 -1.232201e+01 -1.980023e+01
      vertex   7.361853e+00 -1.299746e+01 -1.980023e+01
      vertex   7.287232e+00 -1.285000e+01 -1.980023e+01
    endloop
  endfacet
  facet normal -0.000000e+00 0.000000e+00 -1.000000e+00
    outer loop
      vertex   8.423198e+00 -1.232201e+01 -1.980023e+01
      vertex   7.287232e+00 -1.285000e+01 -1.980023e+01
      vertex   8.312466e+00 -1.213022e+01 -1.980023e+01
    endloop
  endfacet
  facet normal 0.000000e+00 0.000000e+00 -1.000000e+00
    outer loop
      vertex   8.312466e+00 -1.213022e+01 -1.980023e+01
      vertex   7.287232e+00 -1.285000e+01 -1.980023e+01
      vertex   7.196841e+00 -1.271165e+01 -1.980023e+01
    endloop
  endfacet
  facet normal -0.000000e+00 0.000000e+00 -1.000000e+00
    outer loop
      vertex   8.312466e+00 -1.213022e+01 -1.980023e+01
      vertex   7.196841e+00 -1.271165e+01 -1.980023e+01
      vertex   8.186661e+00 -1.194796e+01 -1.980023e+01
    endloop
  endfacet
  facet normal -0.000000e+00 0.000000e+00 -1.000000e+00
    outer loop
      vertex   8.186661e+00 -1.194796e+01 -1.980023e+01
      vertex   7.196841e+00 -1.271165e+01 -1.980023e+01
      vertex   8.046598e+00 -1.177641e+01 -1.980023e+01
    endloop
  endfacet
  facet normal 0.000000e+00 0.000000e+00 -1.000000e+00
    outer loop
      vertex   8.046598e+00 -1.177641e+01 -1.980023e+01
      vertex   7.196841e+00 -1.271165e+01 -1.980023e+01
      vertex   7.091779e+00 -1.258408e+01 -1.980023e+01
    endloop
  endfacet
  facet normal -0.000000e+00 0.000000e+00 -1.000000e+00
    outer loop
      vertex   8.046598e+00 -1.177641e+01 -1.980023e+01
      vertex   7.091779e+00 -1.258408e+01 -1.980023e+01
      vertex   7.893185e+00 -1.161669e+01 -1.980023e+01
    endloop
  endfacet
  facet normal 0.000000e+00 0.000000e+00 -1.000000e+00
    outer loop
      vertex   7.893185e+00 -1.161669e+01 -1.980023e+01
      vertex   7.091779e+00 -1.258408e+01 -1.980023e+01
      vertex   6.973321e+00 -1.246884e+01 -1.980023e+01
    endloop
  endfacet
  facet normal -0.000000e+00 0.000000e+00 -1.000000e+00
    outer loop
      vertex   7.893185e+00 -1.161669e+01 -1.980023e+01
      vertex   6.973321e+00 -1.246884e+01 -1.980023e+01
      vertex   7.727418e+00 -1.146984e+01 -1.980023e+01
    endloop
  endfacet
  facet normal 0.000000e+00 0.000000e+00 -1.000000e+00
    outer loop
      vertex   7.727418e+00 -1.146984e+01 -1.980023e+01
      vertex   6.973321e+00 -1.246884e+01 -1.980023e+01
      vertex   6.842906e+00 -1.236733e+01 -1.980023e+01
    endloop
  endfacet
  facet normal -0.000000e+00 0.000000e+00 -1.000000e+00
    outer loop
      vertex   7.727418e+00 -1.146984e+01 -1.980023e+01
      vertex   6.842906e+00 -1.236733e+01 -1.980023e+01
      vertex   7.550372e+00 -1.133679e+01 -1.980023e+01
    endloop
  endfacet
  facet normal -0.000000e+00 0.000000e+00 -1.000000e+00
    outer loop
      vertex   7.550372e+00 -1.133679e+01 -1.980023e+01
      vertex   6.842906e+00 -1.236733e+01 -1.980023e+01
      vertex   7.363193e+00 -1.121843e+01 -1.980023e+01
    endloop
  endfacet
  facet normal 0.000000e+00 0.000000e+00 -1.000000e+00
    outer loop
      vertex   7.363193e+00 -1.121843e+01 -1.980023e+01
      vertex   6.842906e+00 -1.236733e+01 -1.980023e+01
      vertex   6.702115e+00 -1.228079e+01 -1.980023e+01
    endloop
  endfacet
  facet normal -0.000000e+00 0.000000e+00 -1.000000e+00
    outer loop
      vertex   7.363193e+00 -1.121843e+01 -1.980023e+01
      vertex   6.702115e+00 -1.228079e+01 -1.980023e+01
      vertex   7.167098e+00 -1.111551e+01 -1.980023e+01
    endloop
  endfacet
  facet normal 0.000000e+00 0.000000e+00 -1.000000e+00
    outer loop
      vertex   7.167098e+00 -1.111551e+01 -1.980023e+01
      vertex   6.702115e+00 -1.228079e+01 -1.980023e+01
      vertex   6.552658e+00 -1.221026e+01 -1.980023e+01
    endloop
  endfacet
  facet normal -0.000000e+00 0.000000e+00 -1.000000e+00
    outer loop
      vertex   7.167098e+00 -1.111551e+01 -1.980023e+01
      vertex   6.552658e+00 -1.221026e+01 -1.980023e+01
      vertex   6.963357e+00 -1.102871e+01 -1.980023e+01
    endloop
  endfacet
  facet normal 0.000000e+00 0.000000e+00 -1.000000e+00
    outer loop
      vertex   6.963357e+00 -1.102871e+01 -1.980023e+01
      vertex   6.552658e+00 -1.221026e+01 -1.980023e+01
      vertex   6.396349e+00 -1.215660e+01 -1.980023e+01
    endloop
  endfacet
  facet normal -0.000000e+00 0.000000e+00 -1.000000e+00
    outer loop
      vertex   6.963357e+00 -1.102871e+01 -1.980023e+01
      vertex   6.396349e+00 -1.215660e+01 -1.980023e+01
      vertex   6.753291e+00 -1.095858e+01 -1.980023e+01
    endloop
  endfacet
  facet normal -0.000000e+00 0.000000e+00 -1.000000e+00
    outer loop
      vertex   6.753291e+00 -1.095858e+01 -1.980023e+01
      vertex   6.396349e+00 -1.215660e+01 -1.980023e+01
      vertex   6.538264e+00 -1.090558e+01 -1.980023e+01
    endloop
  endfacet
  facet normal 0.000000e+00 0.000000e+00 -1.000000e+00
    outer loop
      vertex   6.538264e+00 -1.090558e+01 -1.980023e+01
      vertex   6.396349e+00 -1.215660e+01 -1.980023e+01
      vertex   6.235085e+00 -1.212046e+01 -1.980023e+01
    endloop
  endfacet
  facet normal -0.000000e+00 0.000000e+00 -1.000000e+00
    outer loop
      vertex   6.538264e+00 -1.090558e+01 -1.980023e+01
      vertex   6.235085e+00 -1.212046e+01 -1.980023e+01
      vertex   6.319669e+00 -1.087005e+01 -1.980023e+01
    endloop
  endfacet
  facet normal 0.000000e+00 0.000000e+00 -1.000000e+00
    outer loop
      vertex   6.319669e+00 -1.087005e+01 -1.980023e+01
      vertex   6.235085e+00 -1.212046e+01 -1.980023e+01
      vertex   6.070825e+00 -1.210228e+01 -1.980023e+01
    endloop
  endfacet
  facet normal -0.000000e+00 0.000000e+00 -1.000000e+00
    outer loop
      vertex   6.319669e+00 -1.087005e+01 -1.980023e+01
      vertex   6.070825e+00 -1.210228e+01 -1.980023e+01
      vertex   6.098925e+00 -1.085223e+01 -1.980023e+01
    endloop
  endfacet
  facet normal 0.000000e+00 0.000000e+00 -1.000000e+00
    outer loop
      vertex   6.098925e+00 -1.085223e+01 -1.980023e+01
      vertex   6.070825e+00 -1.210228e+01 -1.980023e+01
      vertex   5.905562e+00 -1.210228e+01 -1.980023e+01
    endloop
  endfacet
  facet normal -0.000000e+00 0.000000e+00 -1.000000e+00
    outer loop
      vertex   6.098925e+00 -1.085223e+01 -1.980023e+01
      vertex   5.905562e+00 -1.210228e+01 -1.980023e+01
      vertex   5.877462e+00 -1.085223e+01 -1.980023e+01
    endloop
  endfacet
  facet normal 0.000000e+00 -0.000000e+00 -1.000000e+00
    outer loop
      vertex   5.877462e+00 -1.085223e+01 -1.980023e+01
      vertex   5.905562e+00 -1.210228e+01 -1.980023e+01
      vertex   5.656718e+00 -1.087005e+01 -1.980023e+01
    endloop
  endfacet
  facet normal 0.000000e+00 0.000000e+00 -1.000000e+00
    outer loop
      vertex   5.656718e+00 -1.087005e+01 -1.980023e+01
      vertex   5.905562e+00 -1.210228e+01 -1.980023e+01
      vertex   5.741302e+00 -1.212046e+01 -1.980023e+01
    endloop
  endfacet
  facet normal 0.000000e+00 -0.000000e+00 -1.000000e+00
    outer loop
      vertex   5.656718e+00 -1.087005e+01 -1.980023e+01
      vertex   5.741302e+00 -1.212046e+01 -1.980023e+01
      vertex   5.438123e+00 -1.090558e+01 -1.980023e+01
    endloop
  endfacet
  facet normal 0.000000e+00 0.000000e+00 -1.000000e+00
    outer loop
      vertex   5.438123e+00 -1.090558e+01 -1.980023e+01
      vertex   5.741302e+00 -1.212046e+01 -1.980023e+01
      vertex   5.580038e+00 -1.215660e+01 -1.980023e+01
    endloop
  endfacet
  facet normal 0.000000e+00 -0.000000e+00 -1.000000e+00
    outer loop
      vertex   5.438123e+00 -1.090558e+01 -1.980023e+01
      vertex   5.580038e+00 -1.215660e+01 -1.980023e+01
      vertex   5.223095e+00 -1.095858e+01 -1.980023e+01
    endloop
  endfacet
  facet normal 0.000000e+00 -0.000000e+00 -1.000000e+00
    outer loop
      vertex   5.223095e+00 -1.095858e+01 -1.980023e+01
      vertex   5.580038e+00 -1.215660e+01 -1.980023e+01
      vertex   5.013030e+00 -1.102871e+01 -1.980023e+01
    endloop
  endfacet
  facet normal 0.000000e+00 0.000000e+00 -1.000000e+00
    outer loop
      vertex   5.013030e+00 -1.102871e+01 -1.980023e+01
      vertex   5.580038e+00 -1.215660e+01 -1.980023e+01
      vertex   5.423729e+00 -1.221026e+01 -1.980023e+01
    endloop
  endfacet
  facet normal 0.000000e+00 -0.000000e+00 -1.000000e+00
    outer loop
      vertex   5.013030e+00 -1.102871e+01 -1.980023e+01
      vertex   5.423729e+00 -1.221026e+01 -1.980023e+01
      vertex   4.809289e+00 -1.111551e+01 -1.980023e+01
    endloop
  endfacet
  facet normal 0.000000e+00 0.000000e+00 -1.000000e+00
    outer loop
      vertex   4.809289e+00 -1.111551e+01 -1.980023e+01
      vertex   5.423729e+00 -1.221026e+01 -1.980023e+01
      vertex   5.274272e+00 -1.228079e+01 -1.980023e+01
    endloop
  endfacet
  facet normal 0.000000e+00 -0.000000e+00 -1.000000e+00
    outer loop
      vertex   4.809289e+00 -1.111551e+01 -1.980023e+01
      vertex   5.274272e+00 -1.228079e+01 -1.980023e+01
      vertex   4.613193e+00 -1.121843e+01 -1.980023e+01
    endloop
  endfacet
  facet normal 0.000000e+00 0.000000e+00 -1.000000e+00
    outer loop
      vertex   4.613193e+00 -1.121843e+01 -1.980023e+01
      vertex   5.274272e+00 -1.228079e+01 -1.980023e+01
      vertex   5.133481e+00 -1.236733e+01 -1.980023e+01
    endloop
  endfacet
  facet normal 0.000000e+00 -0.000000e+00 -1.000000e+00
    outer loop
      vertex   4.613193e+00 -1.121843e+01 -1.980023e+01
      vertex   5.133481e+00 -1.236733e+01 -1.980023e+01
      vertex   4.426015e+00 -1.133679e+01 -1.980023e+01
    endloop
  endfacet
  facet normal 0.000000e+00 -0.000000e+00 -1.000000e+00
    outer loop
      vertex   4.426015e+00 -1.133679e+01 -1.980023e+01
      vertex   5.133481e+00 -1.236733e+01 -1.980023e+01
      vertex   4.248969e+00 -1.146984e+01 -1.980023e+01
    endloop
  endfacet
  facet normal 0.000000e+00 0.000000e+00 -1.000000e+00
    outer loop
      vertex   4.248969e+00 -1.146984e+01 -1.980023e+01
      vertex   5.133481e+00 -1.236733e+01 -1.980023e+01
      vertex   5.003065e+00 -1.246884e+01 -1.980023e+01
    endloop
  endfacet
  facet normal 0.000000e+00 -0.000000e+00 -1.000000e+00
    outer loop
      vertex   4.248969e+00 -1.146984e+01 -1.980023e+01
      vertex   5.003065e+00 -1.246884e+01 -1.980023e+01
      vertex   4.083201e+00 -1.161669e+01 -1.980023e+01
    endloop
  endfacet
  facet normal 0.000000e+00 0.000000e+00 -1.000000e+00
    outer loop
      vertex   4.083201e+00 -1.161669e+01 -1.980023e+01
      vertex   5.003065e+00 -1.246884e+01 -1.980023e+01
      vertex   4.884608e+00 -1.258408e+01 -1.980023e+01
    endloop
  endfacet
  facet normal 0.000000e+00 -0.000000e+00 -1.000000e+00
    outer loop
      vertex   4.083201e+00 -1.161669e+01 -1.980023e+01
      vertex   4.884608e+00 -1.258408e+01 -1.980023e+01
      vertex   3.929789e+00 -1.177641e+01 -1.980023e+01
    endloop
  endfacet
  facet normal 0.000000e+00 0.000000e+00 -1.000000e+00
    outer loop
      vertex   3.929789e+00 -1.177641e+01 -1.980023e+01
      vertex   4.884608e+00 -1.258408e+01 -1.980023e+01
      vertex   4.779546e+00 -1.271165e+01 -1.980023e+01
    endloop
  endfacet
  facet normal 0.000000e+00 -0.000000e+00 -1.000000e+00
    outer loop
      vertex   3.929789e+00 -1.177641e+01 -1.980023e+01
      vertex   4.779546e+00 -1.271165e+01 -1.980023e+01
      vertex   3.789726e+00 -1.194796e+01 -1.980023e+01
    endloop
  endfacet
  facet normal 0.000000e+00 -0.000000e+00 -1.000000e+00
    outer loop
      vertex   3.789726e+00 -1.194796e+01 -1.980023e+01
      vertex   4.779546e+00 -1.271165e+01 -1.980023e+01
      vertex   3.663921e+00 -1.213022e+01 -1.980023e+01
    endloop
  endfacet
  facet normal 0.000000e+00 0.000000e+00 -1.000000e+00
    outer loop
      vertex   3.663921e+00 -1.213022e+01 -1.980023e+01
      vertex   4.779546e+00 -1.271165e+01 -1.980023e+01
      vertex   4.689155e+00 -1.285000e+01 -1.980023e+01
    endloop
  endfacet
  facet normal 0.000000e+00 -0.000000e+00 -1.000000e+00
    outer loop
      vertex   3.663921e+00 -1.213022e+01 -1.980023e+01
      vertex   4.689155e+00 -1.285000e+01 -1.980023e+01
      vertex   3.553189e+00 -1.232201e+01 -1.980023e+01
    endloop
  endfacet
  facet normal 0.000000e+00 0.000000e+00 -1.000000e+00
    outer loop
      vertex   3.553189e+00 -1.232201e+01 -1.980023e+01
      vertex   4.689155e+00 -1.285000e+01 -1.980023e+01
      vertex   4.614533e+00 -1.299746e+01 -1.980023e+01
    endloop
  endfacet
  facet normal 0.000000e+00 -0.000000e+00 -1.000000e+00
    outer loop
      vertex   3.553189e+00 -1.232201e+01 -1.980023e+01
      vertex   4.614533e+00 -1.299746e+01 -1.980023e+01
      vertex   3.458250e+00 -1.252209e+01 -1.980023e+01
    endloop
  endfacet
  facet normal 0.000000e+00 -0.000000e+00 -1.000000e+00
    outer loop
      vertex   3.458250e+00 -1.252209e+01 -1.980023e+01
      vertex   4.614533e+00 -1.299746e+01 -1.980023e+01
      vertex   3.379718e+00 -1.272916e+01 -1.980023e+01
    endloop
  endfacet
  facet normal 0.000000e+00 0.000000e+00 -1.000000e+00
    outer loop
      vertex   3.379718e+00 -1.272916e+01 -1.980023e+01
      vertex   4.614533e+00 -1.299746e+01 -1.980023e+01
      vertex   4.556586e+00 -1.315223e+01 -1.980023e+01
    endloop
  endfacet
  facet normal 0.000000e+00 -0.000000e+00 -1.000000e+00
    outer loop
      vertex   3.379718e+00 -1.272916e+01 -1.980023e+01
      vertex   4.556586e+00 -1.315223e+01 -1.980023e+01
      vertex   3.318103e+00 -1.294188e+01 -1.980023e+01
    endloop
  endfacet
  facet normal 0.000000e+00 0.000000e+00 -1.000000e+00
    outer loop
      vertex   3.318103e+00 -1.294188e+01 -1.980023e+01
      vertex   4.556586e+00 -1.315223e+01 -1.980023e+01
      vertex   4.516016e+00 -1.331243e+01 -1.980023e+01
    endloop
  endfacet
  facet normal 0.000000e+00 -0.000000e+00 -1.000000e+00
    outer loop
      vertex   3.318103e+00 -1.294188e+01 -1.980023e+01
      vertex   4.516016e+00 -1.331243e+01 -1.980023e+01
      vertex   3.273805e+00 -1.315887e+01 -1.980023e+01
    endloop
  endfacet
  facet normal 0.000000e+00 0.000000e+00 -1.000000e+00
    outer loop
      vertex   3.273805e+00 -1.315887e+01 -1.980023e+01
      vertex   4.516016e+00 -1.331243e+01 -1.980023e+01
      vertex   4.493317e+00 -1.347613e+01 -1.980023e+01
    endloop
  endfacet
  facet normal 0.000000e+00 -0.000000e+00 -1.000000e+00
    outer loop
      vertex   3.273805e+00 -1.315887e+01 -1.980023e+01
      vertex   4.493317e+00 -1.347613e+01 -1.980023e+01
      vertex   3.247111e+00 -1.337872e+01 -1.980023e+01
    endloop
  endfacet
  facet normal 0.000000e+00 -0.000000e+00 -1.000000e+00
    outer loop
      vertex   3.247111e+00 -1.337872e+01 -1.980023e+01
      vertex   4.493317e+00 -1.347613e+01 -1.980023e+01
      vertex   3.238193e+00 -1.360000e+01 -1.980023e+01
    endloop
  endfacet
  facet normal 0.000000e+00 0.000000e+00 -1.000000e+00
    outer loop
      vertex   3.238193e+00 -1.360000e+01 -1.980023e+01
      vertex   4.493317e+00 -1.347613e+01 -1.980023e+01
      vertex   4.488763e+00 -1.364133e+01 -1.980023e+01
    endloop
  endfacet
  facet normal 0.000000e+00 0.000000e+00 -1.000000e+00
    outer loop
      vertex   3.238193e+00 -1.360000e+01 -1.980023e+01
      vertex   4.488763e+00 -1.364133e+01 -1.980023e+01
      vertex   3.247111e+00 -1.382128e+01 -1.980023e+01
    endloop
  endfacet
  facet normal 0.000000e+00 0.000000e+00 -1.000000e+00
    outer loop
      vertex   3.247111e+00 -1.382128e+01 -1.980023e+01
      vertex   4.488763e+00 -1.364133e+01 -1.980023e+01
      vertex   4.502410e+00 -1.380603e+01 -1.980023e+01
    endloop
  endfacet
  facet normal 0.000000e+00 0.000000e+00 -1.000000e+00
    outer loop
      vertex   3.247111e+00 -1.382128e+01 -1.980023e+01
      vertex   4.502410e+00 -1.380603e+01 -1.980023e+01
      vertex   3.273805e+00 -1.404113e+01 -1.980023e+01
    endloop
  endfacet
  facet normal 0.000000e+00 0.000000e+00 -1.000000e+00
    outer loop
      vertex   3.273805e+00 -1.404113e+01 -1.980023e+01
      vertex   4.502410e+00 -1.380603e+01 -1.980023e+01
      vertex   4.534093e+00 -1.396823e+01 -1.980023e+01
    endloop
  endfacet
  facet normal 0.000000e+00 0.000000e+00 -1.000000e+00
    outer loop
      vertex   3.273805e+00 -1.404113e+01 -1.980023e+01
      vertex   4.534093e+00 -1.396823e+01 -1.980023e+01
      vertex   3.318103e+00 -1.425812e+01 -1.980023e+01
    endloop
  endfacet
  facet normal 0.000000e+00 0.000000e+00 -1.000000e+00
    outer loop
      vertex   3.318103e+00 -1.425812e+01 -1.980023e+01
      vertex   4.534093e+00 -1.396823e+01 -1.980023e+01
      vertex   3.379718e+00 -1.447084e+01 -1.980023e+01
    endloop
  endfacet
  facet normal 0.000000e+00 0.000000e+00 -1.000000e+00
    outer loop
      vertex   3.379718e+00 -1.447084e+01 -1.980023e+01
      vertex   4.534093e+00 -1.396823e+01 -1.980023e+01
      vertex   4.583427e+00 -1.412596e+01 -1.980023e+01
    endloop
  endfacet
  facet normal 0.000000e+00 0.000000e+00 -1.000000e+00
    outer loop
      vertex   3.379718e+00 -1.447084e+01 -1.980023e+01
      vertex   4.583427e+00 -1.412596e+01 -1.980023e+01
      vertex   3.458250e+00 -1.467791e+01 -1.980023e+01
    endloop
  endfacet
  facet normal 0.000000e+00 0.000000e+00 -1.000000e+00
    outer loop
      vertex   3.458250e+00 -1.467791e+01 -1.980023e+01
      vertex   4.583427e+00 -1.412596e+01 -1.980023e+01
      vertex   4.649812e+00 -1.427730e+01 -1.980023e+01
    endloop
  endfacet
  facet normal 0.000000e+00 0.000000e+00 -1.000000e+00
    outer loop
      vertex   3.458250e+00 -1.467791e+01 -1.980023e+01
      vertex   4.649812e+00 -1.427730e+01 -1.980023e+01
      vertex   3.553189e+00 -1.487799e+01 -1.980023e+01
    endloop
  endfacet
  facet normal 0.000000e+00 0.000000e+00 -1.000000e+00
    outer loop
      vertex   3.553189e+00 -1.487799e+01 -1.980023e+01
      vertex   4.649812e+00 -1.427730e+01 -1.980023e+01
      vertex   4.732444e+00 -1.442042e+01 -1.980023e+01
    endloop
  endfacet
  facet normal 0.000000e+00 0.000000e+00 -1.000000e+00
    outer loop
      vertex   3.553189e+00 -1.487799e+01 -1.980023e+01
      vertex   4.732444e+00 -1.442042e+01 -1.980023e+01
      vertex   3.663921e+00 -1.506978e+01 -1.980023e+01
    endloop
  endfacet
  facet normal 0.000000e+00 0.000000e+00 -1.000000e+00
    outer loop
      vertex   3.663921e+00 -1.506978e+01 -1.980023e+01
      vertex   4.732444e+00 -1.442042e+01 -1.980023e+01
      vertex   3.789726e+00 -1.525204e+01 -1.980023e+01
    endloop
  endfacet
  facet normal 0.000000e+00 0.000000e+00 -1.000000e+00
    outer loop
      vertex   3.789726e+00 -1.525204e+01 -1.980023e+01
      vertex   4.732444e+00 -1.442042e+01 -1.980023e+01
      vertex   4.830318e+00 -1.455359e+01 -1.980023e+01
    endloop
  endfacet
  facet normal 0.000000e+00 0.000000e+00 -1.000000e+00
    outer loop
      vertex   3.789726e+00 -1.525204e+01 -1.980023e+01
      vertex   4.830318e+00 -1.455359e+01 -1.980023e+01
      vertex   3.929789e+00 -1.542359e+01 -1.980023e+01
    endloop
  endfacet
  facet normal 0.000000e+00 0.000000e+00 -1.000000e+00
    outer loop
      vertex   3.929789e+00 -1.542359e+01 -1.980023e+01
      vertex   4.830318e+00 -1.455359e+01 -1.980023e+01
      vertex   4.942248e+00 -1.467517e+01 -1.980023e+01
    endloop
  endfacet
  facet normal 0.000000e+00 0.000000e+00 -1.000000e+00
    outer loop
      vertex   3.929789e+00 -1.542359e+01 -1.980023e+01
      vertex   4.942248e+00 -1.467517e+01 -1.980023e+01
      vertex   4.083201e+00 -1.558331e+01 -1.980023e+01
    endloop
  endfacet
  facet normal 0.000000e+00 0.000000e+00 -1.000000e+00
    outer loop
      vertex   4.083201e+00 -1.558331e+01 -1.980023e+01
      vertex   4.942248e+00 -1.467517e+01 -1.980023e+01
      vertex   4.248969e+00 -1.573016e+01 -1.980023e+01
    endloop
  endfacet
  facet normal 0.000000e+00 0.000000e+00 -1.000000e+00
    outer loop
      vertex   4.248969e+00 -1.573016e+01 -1.980023e+01
      vertex   4.942248e+00 -1.467517e+01 -1.980023e+01
      vertex   5.066874e+00 -1.478371e+01 -1.980023e+01
    endloop
  endfacet
  facet normal 0.000000e+00 0.000000e+00 -1.000000e+00
    outer loop
      vertex   4.248969e+00 -1.573016e+01 -1.980023e+01
      vertex   5.066874e+00 -1.478371e+01 -1.980023e+01
      vertex   4.426015e+00 -1.586321e+01 -1.980023e+01
    endloop
  endfacet
  facet normal 0.000000e+00 0.000000e+00 -1.000000e+00
    outer loop
      vertex   4.426015e+00 -1.586321e+01 -1.980023e+01
      vertex   5.066874e+00 -1.478371e+01 -1.980023e+01
      vertex   5.202684e+00 -1.487788e+01 -1.980023e+01
    endloop
  endfacet
  facet normal 0.000000e+00 0.000000e+00 -1.000000e+00
    outer loop
      vertex   4.426015e+00 -1.586321e+01 -1.980023e+01
      vertex   5.202684e+00 -1.487788e+01 -1.980023e+01
      vertex   4.613193e+00 -1.598157e+01 -1.980023e+01
    endloop
  endfacet
  facet normal 0.000000e+00 0.000000e+00 -1.000000e+00
    outer loop
      vertex   4.613193e+00 -1.598157e+01 -1.980023e+01
      vertex   5.202684e+00 -1.487788e+01 -1.980023e+01
      vertex   5.348029e+00 -1.495654e+01 -1.980023e+01
    endloop
  endfacet
  facet normal 0.000000e+00 0.000000e+00 -1.000000e+00
    outer loop
      vertex   4.613193e+00 -1.598157e+01 -1.980023e+01
      vertex   5.348029e+00 -1.495654e+01 -1.980023e+01
      vertex   4.809289e+00 -1.608449e+01 -1.980023e+01
    endloop
  endfacet
  facet normal 0.000000e+00 0.000000e+00 -1.000000e+00
    outer loop
      vertex   4.809289e+00 -1.608449e+01 -1.980023e+01
      vertex   5.348029e+00 -1.495654e+01 -1.980023e+01
      vertex   5.013030e+00 -1.617129e+01 -1.980023e+01
    endloop
  endfacet
  facet normal 0.000000e+00 0.000000e+00 -1.000000e+00
    outer loop
      vertex   5.013030e+00 -1.617129e+01 -1.980023e+01
      vertex   5.348029e+00 -1.495654e+01 -1.980023e+01
      vertex   5.501144e+00 -1.501873e+01 -1.980023e+01
    endloop
  endfacet
  facet normal 0.000000e+00 0.000000e+00 -1.000000e+00
    outer loop
      vertex   5.013030e+00 -1.617129e+01 -1.980023e+01
      vertex   5.501144e+00 -1.501873e+01 -1.980023e+01
      vertex   5.223095e+00 -1.624142e+01 -1.980023e+01
    endloop
  endfacet
  facet normal 0.000000e+00 0.000000e+00 -1.000000e+00
    outer loop
      vertex   5.223095e+00 -1.624142e+01 -1.980023e+01
      vertex   5.501144e+00 -1.501873e+01 -1.980023e+01
      vertex   5.660172e+00 -1.506369e+01 -1.980023e+01
    endloop
  endfacet
  facet normal 0.000000e+00 0.000000e+00 -1.000000e+00
    outer loop
      vertex   5.223095e+00 -1.624142e+01 -1.980023e+01
      vertex   5.660172e+00 -1.506369e+01 -1.980023e+01
      vertex   5.438123e+00 -1.629442e+01 -1.980023e+01
    endloop
  endfacet
  facet normal 0.000000e+00 0.000000e+00 -1.000000e+00
    outer loop
      vertex   5.438123e+00 -1.629442e+01 -1.980023e+01
      vertex   5.660172e+00 -1.506369e+01 -1.980023e+01
      vertex   5.823181e+00 -1.509090e+01 -1.980023e+01
    endloop
  endfacet
  facet normal 5.508776e-02 9.984815e-01 -0.000000e+00
    outer loop
      vertex   5.823181e+00 -1.509090e+01 -1.980023e+01
      vertex   5.823181e+00 -1.509090e+01 -1.880023e+01
      vertex   5.988193e+00 -1.510000e+01 -1.980023e+01
    endloop
  endfacet
  facet normal 5.508776e-02 9.984815e-01 -0.000000e+00
    outer loop
      vertex   5.988193e+00 -1.510000e+01 -1.980023e+01
      vertex   5.823181e+00 -1.509090e+01 -1.880023e+01
      vertex   5.988193e+00 -1.510000e+01 -1.880023e+01
    endloop
  endfacet
  facet normal -5.508776e-02 9.984815e-01 0.000000e+00
    outer loop
      vertex   5.988193e+00 -1.510000e+01 -1.980023e+01
      vertex   5.988193e+00 -1.510000e+01 -1.880023e+01
      vertex   6.153206e+00 -1.509090e+01 -1.980023e+01
    endloop
  endfacet
  facet normal -5.508776e-02 9.984815e-01 0.000000e+00
    outer loop
      vertex   6.153206e+00 -1.509090e+01 -1.980023e+01
      vertex   5.988193e+00 -1.510000e+01 -1.880023e+01
      vertex   6.153206e+00 -1.509090e+01 -1.880023e+01
    endloop
  endfacet
  facet normal -1.645946e-01 9.863613e-01 0.000000e+00
    outer loop
      vertex   6.153206e+00 -1.509090e+01 -1.980023e+01
      vertex   6.153206e+00 -1.509090e+01 -1.880023e+01
      vertex   6.316215e+00 -1.506369e+01 -1.980023e+01
    endloop
  endfacet
  facet normal -1.645946e-01 9.863613e-01 0.000000e+00
    outer loop
      vertex   6.316215e+00 -1.506369e+01 -1.980023e+01
      vertex   6.153206e+00 -1.509090e+01 -1.880023e+01
      vertex   6.316215e+00 -1.506369e+01 -1.880023e+01
    endloop
  endfacet
  facet normal -2.721035e-01 9.622680e-01 0.000000e+00
    outer loop
      vertex   6.316215e+00 -1.506369e+01 -1.980023e+01
      vertex   6.316215e+00 -1.506369e+01 -1.880023e+01
      vertex   6.475243e+00 -1.501873e+01 -1.980023e+01
    endloop
  endfacet
  facet normal -2.721035e-01 9.622680e-01 0.000000e+00
    outer loop
      vertex   6.475243e+00 -1.501873e+01 -1.980023e+01
      vertex   6.316215e+00 -1.506369e+01 -1.880023e+01
      vertex   6.475243e+00 -1.501873e+01 -1.880023e+01
    endloop
  endfacet
  facet normal -3.763094e-01 9.264941e-01 0.000000e+00
    outer loop
      vertex   6.475243e+00 -1.501873e+01 -1.980023e+01
      vertex   6.475243e+00 -1.501873e+01 -1.880023e+01
      vertex   6.628358e+00 -1.495654e+01 -1.980023e+01
    endloop
  endfacet
  facet normal -3.763094e-01 9.264941e-01 0.000000e+00
    outer loop
      vertex   6.628358e+00 -1.495654e+01 -1.980023e+01
      vertex   6.475243e+00 -1.501873e+01 -1.880023e+01
      vertex   6.628358e+00 -1.495654e+01 -1.880023e+01
    endloop
  endfacet
  facet normal -4.759474e-01 8.794738e-01 0.000000e+00
    outer loop
      vertex   6.628358e+00 -1.495654e+01 -1.980023e+01
      vertex   6.628358e+00 -1.495654e+01 -1.880023e+01
      vertex   6.773703e+00 -1.487788e+01 -1.980023e+01
    endloop
  endfacet
  facet normal -4.759474e-01 8.794738e-01 0.000000e+00
    outer loop
      vertex   6.773703e+00 -1.487788e+01 -1.980023e+01
      vertex   6.628358e+00 -1.495654e+01 -1.880023e+01
      vertex   6.773703e+00 -1.487788e+01 -1.880023e+01
    endloop
  endfacet
  facet normal -5.698081e-01 8.217778e-01 0.000000e+00
    outer loop
      vertex   6.773703e+00 -1.487788e+01 -1.980023e+01
      vertex   6.773703e+00 -1.487788e+01 -1.880023e+01
      vertex   6.909513e+00 -1.478371e+01 -1.980023e+01
    endloop
  endfacet
  facet normal -5.698081e-01 8.217778e-01 0.000000e+00
    outer loop
      vertex   6.909513e+00 -1.478371e+01 -1.980023e+01
      vertex   6.773703e+00 -1.487788e+01 -1.880023e+01
      vertex   6.909513e+00 -1.478371e+01 -1.880023e+01
    endloop
  endfacet
  facet normal -6.567520e-01 7.541066e-01 0.000000e+00
    outer loop
      vertex   6.909513e+00 -1.478371e+01 -1.980023e+01
      vertex   6.909513e+00 -1.478371e+01 -1.880023e+01
      vertex   7.034139e+00 -1.467517e+01 -1.980023e+01
    endloop
  endfacet
  facet normal -6.567520e-01 7.541066e-01 0.000000e+00
    outer loop
      vertex   7.034139e+00 -1.467517e+01 -1.980023e+01
      vertex   6.909513e+00 -1.478371e+01 -1.880023e+01
      vertex   7.034139e+00 -1.467517e+01 -1.880023e+01
    endloop
  endfacet
  facet normal -7.357239e-01 6.772816e-01 0.000000e+00
    outer loop
      vertex   7.034139e+00 -1.467517e+01 -1.980023e+01
      vertex   7.034139e+00 -1.467517e+01 -1.880023e+01
      vertex   7.146068e+00 -1.455359e+01 -1.980023e+01
    endloop
  endfacet
  facet normal -7.357239e-01 6.772816e-01 0.000000e+00
    outer loop
      vertex   7.146068e+00 -1.455359e+01 -1.980023e+01
      vertex   7.034139e+00 -1.467517e+01 -1.880023e+01
      vertex   7.146068e+00 -1.455359e+01 -1.880023e+01
    endloop
  endfacet
  facet normal -8.057651e-01 5.922353e-01 0.000000e+00
    outer loop
      vertex   7.146068e+00 -1.455359e+01 -1.980023e+01
      vertex   7.146068e+00 -1.455359e+01 -1.880023e+01
      vertex   7.243943e+00 -1.442042e+01 -1.980023e+01
    endloop
  endfacet
  facet normal -8.057651e-01 5.922353e-01 0.000000e+00
    outer loop
      vertex   7.243943e+00 -1.442042e+01 -1.980023e+01
      vertex   7.146068e+00 -1.455359e+01 -1.880023e+01
      vertex   7.243943e+00 -1.442042e+01 -1.880023e+01
    endloop
  endfacet
  facet normal -8.660254e-01 5.000000e-01 0.000000e+00
    outer loop
      vertex   7.243943e+00 -1.442042e+01 -1.980023e+01
      vertex   7.243943e+00 -1.442042e+01 -1.880023e+01
      vertex   7.326575e+00 -1.427730e+01 -1.980023e+01
    endloop
  endfacet
  facet normal -8.660254e-01 5.000000e-01 0.000000e+00
    outer loop
      vertex   7.326575e+00 -1.427730e+01 -1.980023e+01
      vertex   7.243943e+00 -1.442042e+01 -1.880023e+01
      vertex   7.326575e+00 -1.427730e+01 -1.880023e+01
    endloop
  endfacet
  facet normal -9.157733e-01 4.016954e-01 0.000000e+00
    outer loop
      vertex   7.326575e+00 -1.427730e+01 -1.980023e+01
      vertex   7.326575e+00 -1.427730e+01 -1.880023e+01
      vertex   7.392960e+00 -1.412596e+01 -1.980023e+01
    endloop
  endfacet
  facet normal -9.157733e-01 4.016954e-01 0.000000e+00
    outer loop
      vertex   7.392960e+00 -1.412596e+01 -1.980023e+01
      vertex   7.326575e+00 -1.427730e+01 -1.880023e+01
      vertex   7.392960e+00 -1.412596e+01 -1.880023e+01
    endloop
  endfacet
  facet normal -9.544050e-01 2.985148e-01 0.000000e+00
    outer loop
      vertex   7.392960e+00 -1.412596e+01 -1.980023e+01
      vertex   7.392960e+00 -1.412596e+01 -1.880023e+01
      vertex   7.442294e+00 -1.396823e+01 -1.980023e+01
    endloop
  endfacet
  facet normal -9.544050e-01 2.985148e-01 0.000000e+00
    outer loop
      vertex   7.442294e+00 -1.396823e+01 -1.980023e+01
      vertex   7.392960e+00 -1.412596e+01 -1.880023e+01
      vertex   7.442294e+00 -1.396823e+01 -1.880023e+01
    endloop
  endfacet
  facet normal -9.814515e-01 1.917106e-01 0.000000e+00
    outer loop
      vertex   7.442294e+00 -1.396823e+01 -1.980023e+01
      vertex   7.442294e+00 -1.396823e+01 -1.880023e+01
      vertex   7.473977e+00 -1.380603e+01 -1.980023e+01
    endloop
  endfacet
  facet normal -9.814515e-01 1.917106e-01 0.000000e+00
    outer loop
      vertex   7.473977e+00 -1.380603e+01 -1.980023e+01
      vertex   7.442294e+00 -1.396823e+01 -1.880023e+01
      vertex   7.473977e+00 -1.380603e+01 -1.880023e+01
    endloop
  endfacet
  facet normal -9.965845e-01 8.257935e-02 0.000000e+00
    outer loop
      vertex   7.473977e+00 -1.380603e+01 -1.980023e+01
      vertex   7.473977e+00 -1.380603e+01 -1.880023e+01
      vertex   7.487624e+00 -1.364133e+01 -1.980023e+01
    endloop
  endfacet
  facet normal -9.965845e-01 8.257935e-02 0.000000e+00
    outer loop
      vertex   7.487624e+00 -1.364133e+01 -1.980023e+01
      vertex   7.473977e+00 -1.380603e+01 -1.880023e+01
      vertex   7.487624e+00 -1.364133e+01 -1.880023e+01
    endloop
  endfacet
  facet normal -9.996203e-01 -2.755434e-02 0.000000e+00
    outer loop
      vertex   7.487624e+00 -1.364133e+01 -1.980023e+01
      vertex   7.487624e+00 -1.364133e+01 -1.880023e+01
      vertex   7.483070e+00 -1.347613e+01 -1.980023e+01
    endloop
  endfacet
  facet normal -9.996203e-01 -2.755434e-02 0.000000e+00
    outer loop
      vertex   7.483070e+00 -1.347613e+01 -1.980023e+01
      vertex   7.487624e+00 -1.364133e+01 -1.880023e+01
      vertex   7.483070e+00 -1.347613e+01 -1.880023e+01
    endloop
  endfacet
  facet normal -9.905221e-01 -1.373536e-01 0.000000e+00
    outer loop
      vertex   7.483070e+00 -1.347613e+01 -1.980023e+01
      vertex   7.483070e+00 -1.347613e+01 -1.880023e+01
      vertex   7.460371e+00 -1.331243e+01 -1.980023e+01
    endloop
  endfacet
  facet normal -9.905221e-01 -1.373536e-01 0.000000e+00
    outer loop
      vertex   7.460371e+00 -1.331243e+01 -1.980023e+01
      vertex   7.483070e+00 -1.347613e+01 -1.880023e+01
      vertex   7.460371e+00 -1.331243e+01 -1.880023e+01
    endloop
  endfacet
  facet normal -9.694003e-01 -2.454855e-01 0.000000e+00
    outer loop
      vertex   7.460371e+00 -1.331243e+01 -1.980023e+01
      vertex   7.460371e+00 -1.331243e+01 -1.880023e+01
      vertex   7.419801e+00 -1.315223e+01 -1.980023e+01
    endloop
  endfacet
  facet normal -9.694003e-01 -2.454855e-01 0.000000e+00
    outer loop
      vertex   7.419801e+00 -1.315223e+01 -1.980023e+01
      vertex   7.460371e+00 -1.331243e+01 -1.880023e+01
      vertex   7.419801e+00 -1.315223e+01 -1.880023e+01
    endloop
  endfacet
  facet normal -9.365112e-01 -3.506376e-01 0.000000e+00
    outer loop
      vertex   7.419801e+00 -1.315223e+01 -1.980023e+01
      vertex   7.419801e+00 -1.315223e+01 -1.880023e+01
      vertex   7.361853e+00 -1.299746e+01 -1.980023e+01
    endloop
  endfacet
  facet normal -9.365112e-01 -3.506376e-01 0.000000e+00
    outer loop
      vertex   7.361853e+00 -1.299746e+01 -1.980023e+01
      vertex   7.419801e+00 -1.315223e+01 -1.880023e+01
      vertex   7.361853e+00 -1.299746e+01 -1.880023e+01
    endloop
  endfacet
  facet normal -8.922542e-01 -4.515334e-01 0.000000e+00
    outer loop
      vertex   7.361853e+00 -1.299746e+01 -1.980023e+01
      vertex   7.361853e+00 -1.299746e+01 -1.880023e+01
      vertex   7.287232e+00 -1.285000e+01 -1.980023e+01
    endloop
  endfacet
  facet normal -8.922542e-01 -4.515334e-01 0.000000e+00
    outer loop
      vertex   7.287232e+00 -1.285000e+01 -1.980023e+01
      vertex   7.361853e+00 -1.299746e+01 -1.880023e+01
      vertex   7.287232e+00 -1.285000e+01 -1.880023e+01
    endloop
  endfacet
  facet normal -8.371665e-01 -5.469482e-01 0.000000e+00
    outer loop
      vertex   7.287232e+00 -1.285000e+01 -1.980023e+01
      vertex   7.287232e+00 -1.285000e+01 -1.880023e+01
      vertex   7.196841e+00 -1.271165e+01 -1.980023e+01
    endloop
  endfacet
  facet normal -8.371665e-01 -5.469482e-01 0.000000e+00
    outer loop
      vertex   7.196841e+00 -1.271165e+01 -1.980023e+01
      vertex   7.287232e+00 -1.285000e+01 -1.880023e+01
      vertex   7.196841e+00 -1.271165e+01 -1.880023e+01
    endloop
  endfacet
  facet normal -7.719167e-01 -6.357237e-01 0.000000e+00
    outer loop
      vertex   7.196841e+00 -1.271165e+01 -1.980023e+01
      vertex   7.196841e+00 -1.271165e+01 -1.880023e+01
      vertex   7.091779e+00 -1.258408e+01 -1.980023e+01
    endloop
  endfacet
  facet normal -7.719167e-01 -6.357237e-01 0.000000e+00
    outer loop
      vertex   7.091779e+00 -1.258408e+01 -1.980023e+01
      vertex   7.196841e+00 -1.271165e+01 -1.880023e+01
      vertex   7.091779e+00 -1.258408e+01 -1.880023e+01
    endloop
  endfacet
  facet normal -6.972968e-01 -7.167825e-01 0.000000e+00
    outer loop
      vertex   7.091779e+00 -1.258408e+01 -1.980023e+01
      vertex   7.091779e+00 -1.258408e+01 -1.880023e+01
      vertex   6.973321e+00 -1.246884e+01 -1.980023e+01
    endloop
  endfacet
  facet normal -6.972968e-01 -7.167825e-01 0.000000e+00
    outer loop
      vertex   6.973321e+00 -1.246884e+01 -1.980023e+01
      vertex   7.091779e+00 -1.258408e+01 -1.880023e+01
      vertex   6.973321e+00 -1.246884e+01 -1.880023e+01
    endloop
  endfacet
  facet normal -6.142127e-01 -7.891405e-01 0.000000e+00
    outer loop
      vertex   6.973321e+00 -1.246884e+01 -1.980023e+01
      vertex   6.973321e+00 -1.246884e+01 -1.880023e+01
      vertex   6.842906e+00 -1.236733e+01 -1.980023e+01
    endloop
  endfacet
  facet normal -6.142127e-01 -7.891405e-01 0.000000e+00
    outer loop
      vertex   6.842906e+00 -1.236733e+01 -1.980023e+01
      vertex   6.973321e+00 -1.246884e+01 -1.880023e+01
      vertex   6.842906e+00 -1.236733e+01 -1.880023e+01
    endloop
  endfacet
  facet normal -5.236729e-01 -8.519194e-01 0.000000e+00
    outer loop
      vertex   6.842906e+00 -1.236733e+01 -1.980023e+01
      vertex   6.842906e+00 -1.236733e+01 -1.880023e+01
      vertex   6.702115e+00 -1.228079e+01 -1.980023e+01
    endloop
  endfacet
  facet normal -5.236729e-01 -8.519194e-01 0.000000e+00
    outer loop
      vertex   6.702115e+00 -1.228079e+01 -1.980023e+01
      vertex   6.842906e+00 -1.236733e+01 -1.880023e+01
      vertex   6.702115e+00 -1.228079e+01 -1.880023e+01
    endloop
  endfacet
  facet normal -4.267764e-01 -9.043572e-01 0.000000e+00
    outer loop
      vertex   6.702115e+00 -1.228079e+01 -1.980023e+01
      vertex   6.702115e+00 -1.228079e+01 -1.880023e+01
      vertex   6.552658e+00 -1.221026e+01 -1.980023e+01
    endloop
  endfacet
  facet normal -4.267764e-01 -9.043572e-01 0.000000e+00
    outer loop
      vertex   6.552658e+00 -1.221026e+01 -1.980023e+01
      vertex   6.702115e+00 -1.228079e+01 -1.880023e+01
      vertex   6.552658e+00 -1.221026e+01 -1.880023e+01
    endloop
  endfacet
  facet normal -3.246995e-01 -9.458172e-01 0.000000e+00
    outer loop
      vertex   6.552658e+00 -1.221026e+01 -1.980023e+01
      vertex   6.552658e+00 -1.221026e+01 -1.880023e+01
      vertex   6.396349e+00 -1.215660e+01 -1.980023e+01
    endloop
  endfacet
  facet normal -3.246995e-01 -9.458172e-01 0.000000e+00
    outer loop
      vertex   6.396349e+00 -1.215660e+01 -1.980023e+01
      vertex   6.552658e+00 -1.221026e+01 -1.880023e+01
      vertex   6.396349e+00 -1.215660e+01 -1.880023e+01
    endloop
  endfacet
  facet normal -2.186811e-01 -9.757964e-01 0.000000e+00
    outer loop
      vertex   6.396349e+00 -1.215660e+01 -1.980023e+01
      vertex   6.396349e+00 -1.215660e+01 -1.880023e+01
      vertex   6.235085e+00 -1.212046e+01 -1.980023e+01
    endloop
  endfacet
  facet normal -2.186811e-01 -9.757964e-01 0.000000e+00
    outer loop
      vertex   6.235085e+00 -1.212046e+01 -1.980023e+01
      vertex   6.396349e+00 -1.215660e+01 -1.880023e+01
      vertex   6.235085e+00 -1.212046e+01 -1.880023e+01
    endloop
  endfacet
  facet normal -1.100082e-01 -9.939307e-01 0.000000e+00
    outer loop
      vertex   6.235085e+00 -1.212046e+01 -1.980023e+01
      vertex   6.235085e+00 -1.212046e+01 -1.880023e+01
      vertex   6.070825e+00 -1.210228e+01 -1.980023e+01
    endloop
  endfacet
  facet normal -1.100082e-01 -9.939307e-01 0.000000e+00
    outer loop
      vertex   6.070825e+00 -1.210228e+01 -1.980023e+01
      vertex   6.235085e+00 -1.212046e+01 -1.880023e+01
      vertex   6.070825e+00 -1.210228e+01 -1.880023e+01
    endloop
  endfacet
  facet normal 0.000000e+00 -1.000000e+00 0.000000e+00
    outer loop
      vertex   6.070825e+00 -1.210228e+01 -1.980023e+01
      vertex   6.070825e+00 -1.210228e+01 -1.880023e+01
      vertex   5.905562e+00 -1.210228e+01 -1.980023e+01
    endloop
  endfacet
  facet normal 0.000000e+00 -1.000000e+00 0.000000e+00
    outer loop
      vertex   5.905562e+00 -1.210228e+01 -1.980023e+01
      vertex   6.070825e+00 -1.210228e+01 -1.880023e+01
      vertex   5.905562e+00 -1.210228e+01 -1.880023e+01
    endloop
  endfacet
  facet normal 1.100082e-01 -9.939307e-01 0.000000e+00
    outer loop
      vertex   5.905562e+00 -1.210228e+01 -1.980023e+01
      vertex   5.905562e+00 -1.210228e+01 -1.880023e+01
      vertex   5.741302e+00 -1.212046e+01 -1.980023e+01
    endloop
  endfacet
  facet normal 1.100082e-01 -9.939307e-01 0.000000e+00
    outer loop
      vertex   5.741302e+00 -1.212046e+01 -1.980023e+01
      vertex   5.905562e+00 -1.210228e+01 -1.880023e+01
      vertex   5.741302e+00 -1.212046e+01 -1.880023e+01
    endloop
  endfacet
  facet normal 2.186811e-01 -9.757964e-01 0.000000e+00
    outer loop
      vertex   5.741302e+00 -1.212046e+01 -1.980023e+01
      vertex   5.741302e+00 -1.212046e+01 -1.880023e+01
      vertex   5.580038e+00 -1.215660e+01 -1.980023e+01
    endloop
  endfacet
  facet normal 2.186811e-01 -9.757964e-01 0.000000e+00
    outer loop
      vertex   5.580038e+00 -1.215660e+01 -1.980023e+01
      vertex   5.741302e+00 -1.212046e+01 -1.880023e+01
      vertex   5.580038e+00 -1.215660e+01 -1.880023e+01
    endloop
  endfacet
  facet normal 3.246995e-01 -9.458172e-01 0.000000e+00
    outer loop
      vertex   5.580038e+00 -1.215660e+01 -1.980023e+01
      vertex   5.580038e+00 -1.215660e+01 -1.880023e+01
      vertex   5.423729e+00 -1.221026e+01 -1.980023e+01
    endloop
  endfacet
  facet normal 3.246995e-01 -9.458172e-01 0.000000e+00
    outer loop
      vertex   5.423729e+00 -1.221026e+01 -1.980023e+01
      vertex   5.580038e+00 -1.215660e+01 -1.880023e+01
      vertex   5.423729e+00 -1.221026e+01 -1.880023e+01
    endloop
  endfacet
  facet normal 4.267764e-01 -9.043572e-01 0.000000e+00
    outer loop
      vertex   5.423729e+00 -1.221026e+01 -1.980023e+01
      vertex   5.423729e+00 -1.221026e+01 -1.880023e+01
      vertex   5.274272e+00 -1.228079e+01 -1.980023e+01
    endloop
  endfacet
  facet normal 4.267764e-01 -9.043572e-01 0.000000e+00
    outer loop
      vertex   5.274272e+00 -1.228079e+01 -1.980023e+01
      vertex   5.423729e+00 -1.221026e+01 -1.880023e+01
      vertex   5.274272e+00 -1.228079e+01 -1.880023e+01
    endloop
  endfacet
  facet normal 5.236729e-01 -8.519194e-01 0.000000e+00
    outer loop
      vertex   5.274272e+00 -1.228079e+01 -1.980023e+01
      vertex   5.274272e+00 -1.228079e+01 -1.880023e+01
      vertex   5.133481e+00 -1.236733e+01 -1.980023e+01
    endloop
  endfacet
  facet normal 5.236729e-01 -8.519194e-01 0.000000e+00
    outer loop
      vertex   5.133481e+00 -1.236733e+01 -1.980023e+01
      vertex   5.274272e+00 -1.228079e+01 -1.880023e+01
      vertex   5.133481e+00 -1.236733e+01 -1.880023e+01
    endloop
  endfacet
  facet normal 6.142127e-01 -7.891405e-01 0.000000e+00
    outer loop
      vertex   5.133481e+00 -1.236733e+01 -1.980023e+01
      vertex   5.133481e+00 -1.236733e+01 -1.880023e+01
      vertex   5.003065e+00 -1.246884e+01 -1.980023e+01
    endloop
  endfacet
  facet normal 6.142127e-01 -7.891405e-01 0.000000e+00
    outer loop
      vertex   5.003065e+00 -1.246884e+01 -1.980023e+01
      vertex   5.133481e+00 -1.236733e+01 -1.880023e+01
      vertex   5.003065e+00 -1.246884e+01 -1.880023e+01
    endloop
  endfacet
  facet normal 6.972968e-01 -7.167825e-01 0.000000e+00
    outer loop
      vertex   5.003065e+00 -1.246884e+01 -1.980023e+01
      vertex   5.003065e+00 -1.246884e+01 -1.880023e+01
      vertex   4.884608e+00 -1.258408e+01 -1.980023e+01
    endloop
  endfacet
  facet normal 6.972968e-01 -7.167825e-01 0.000000e+00
    outer loop
      vertex   4.884608e+00 -1.258408e+01 -1.980023e+01
      vertex   5.003065e+00 -1.246884e+01 -1.880023e+01
      vertex   4.884608e+00 -1.258408e+01 -1.880023e+01
    endloop
  endfacet
  facet normal 7.719167e-01 -6.357237e-01 0.000000e+00
    outer loop
      vertex   4.884608e+00 -1.258408e+01 -1.980023e+01
      vertex   4.884608e+00 -1.258408e+01 -1.880023e+01
      vertex   4.779546e+00 -1.271165e+01 -1.980023e+01
    endloop
  endfacet
  facet normal 7.719167e-01 -6.357237e-01 0.000000e+00
    outer loop
      vertex   4.779546e+00 -1.271165e+01 -1.980023e+01
      vertex   4.884608e+00 -1.258408e+01 -1.880023e+01
      vertex   4.779546e+00 -1.271165e+01 -1.880023e+01
    endloop
  endfacet
  facet normal 8.371665e-01 -5.469482e-01 0.000000e+00
    outer loop
      vertex   4.779546e+00 -1.271165e+01 -1.980023e+01
      vertex   4.779546e+00 -1.271165e+01 -1.880023e+01
      vertex   4.689155e+00 -1.285000e+01 -1.980023e+01
    endloop
  endfacet
  facet normal 8.371665e-01 -5.469482e-01 0.000000e+00
    outer loop
      vertex   4.689155e+00 -1.285000e+01 -1.980023e+01
      vertex   4.779546e+00 -1.271165e+01 -1.880023e+01
      vertex   4.689155e+00 -1.285000e+01 -1.880023e+01
    endloop
  endfacet
  facet normal 8.922542e-01 -4.515334e-01 0.000000e+00
    outer loop
      vertex   4.689155e+00 -1.285000e+01 -1.980023e+01
      vertex   4.689155e+00 -1.285000e+01 -1.880023e+01
      vertex   4.614533e+00 -1.299746e+01 -1.980023e+01
    endloop
  endfacet
  facet normal 8.922542e-01 -4.515334e-01 0.000000e+00
    outer loop
      vertex   4.614533e+00 -1.299746e+01 -1.980023e+01
      vertex   4.689155e+00 -1.285000e+01 -1.880023e+01
      vertex   4.614533e+00 -1.299746e+01 -1.880023e+01
    endloop
  endfacet
  facet normal 9.365112e-01 -3.506376e-01 0.000000e+00
    outer loop
      vertex   4.614533e+00 -1.299746e+01 -1.980023e+01
      vertex   4.614533e+00 -1.299746e+01 -1.880023e+01
      vertex   4.556586e+00 -1.315223e+01 -1.980023e+01
    endloop
  endfacet
  facet normal 9.365112e-01 -3.506376e-01 0.000000e+00
    outer loop
      vertex   4.556586e+00 -1.315223e+01 -1.980023e+01
      vertex   4.614533e+00 -1.299746e+01 -1.880023e+01
      vertex   4.556586e+00 -1.315223e+01 -1.880023e+01
    endloop
  endfacet
  facet normal 9.694003e-01 -2.454855e-01 0.000000e+00
    outer loop
      vertex   4.556586e+00 -1.315223e+01 -1.980023e+01
      vertex   4.556586e+00 -1.315223e+01 -1.880023e+01
      vertex   4.516016e+00 -1.331243e+01 -1.980023e+01
    endloop
  endfacet
  facet normal 9.694003e-01 -2.454855e-01 0.000000e+00
    outer loop
      vertex   4.516016e+00 -1.331243e+01 -1.980023e+01
      vertex   4.556586e+00 -1.315223e+01 -1.880023e+01
      vertex   4.516016e+00 -1.331243e+01 -1.880023e+01
    endloop
  endfacet
  facet normal 9.905221e-01 -1.373536e-01 0.000000e+00
    outer loop
      vertex   4.516016e+00 -1.331243e+01 -1.980023e+01
      vertex   4.516016e+00 -1.331243e+01 -1.880023e+01
      vertex   4.493317e+00 -1.347613e+01 -1.980023e+01
    endloop
  endfacet
  facet normal 9.905221e-01 -1.373536e-01 0.000000e+00
    outer loop
      vertex   4.493317e+00 -1.347613e+01 -1.980023e+01
      vertex   4.516016e+00 -1.331243e+01 -1.880023e+01
      vertex   4.493317e+00 -1.347613e+01 -1.880023e+01
    endloop
  endfacet
  facet normal 9.996203e-01 -2.755434e-02 0.000000e+00
    outer loop
      vertex   4.493317e+00 -1.347613e+01 -1.980023e+01
      vertex   4.493317e+00 -1.347613e+01 -1.880023e+01
      vertex   4.488763e+00 -1.364133e+01 -1.980023e+01
    endloop
  endfacet
  facet normal 9.996203e-01 -2.755434e-02 0.000000e+00
    outer loop
      vertex   4.488763e+00 -1.364133e+01 -1.980023e+01
      vertex   4.493317e+00 -1.347613e+01 -1.880023e+01
      vertex   4.488763e+00 -1.364133e+01 -1.880023e+01
    endloop
  endfacet
  facet normal 9.965845e-01 8.257935e-02 -0.000000e+00
    outer loop
      vertex   4.488763e+00 -1.364133e+01 -1.980023e+01
      vertex   4.488763e+00 -1.364133e+01 -1.880023e+01
      vertex   4.502410e+00 -1.380603e+01 -1.980023e+01
    endloop
  endfacet
  facet normal 9.965845e-01 8.257935e-02 -0.000000e+00
    outer loop
      vertex   4.502410e+00 -1.380603e+01 -1.980023e+01
      vertex   4.488763e+00 -1.364133e+01 -1.880023e+01
      vertex   4.502410e+00 -1.380603e+01 -1.880023e+01
    endloop
  endfacet
  facet normal 9.814515e-01 1.917106e-01 -0.000000e+00
    outer loop
      vertex   4.502410e+00 -1.380603e+01 -1.980023e+01
      vertex   4.502410e+00 -1.380603e+01 -1.880023e+01
      vertex   4.534093e+00 -1.396823e+01 -1.980023e+01
    endloop
  endfacet
  facet normal 9.814515e-01 1.917106e-01 -0.000000e+00
    outer loop
      vertex   4.534093e+00 -1.396823e+01 -1.980023e+01
      vertex   4.502410e+00 -1.380603e+01 -1.880023e+01
      vertex   4.534093e+00 -1.396823e+01 -1.880023e+01
    endloop
  endfacet
  facet normal 9.544050e-01 2.985148e-01 -0.000000e+00
    outer loop
      vertex   4.534093e+00 -1.396823e+01 -1.980023e+01
      vertex   4.534093e+00 -1.396823e+01 -1.880023e+01
      vertex   4.583427e+00 -1.412596e+01 -1.980023e+01
    endloop
  endfacet
  facet normal 9.544050e-01 2.985148e-01 -0.000000e+00
    outer loop
      vertex   4.583427e+00 -1.412596e+01 -1.980023e+01
      vertex   4.534093e+00 -1.396823e+01 -1.880023e+01
      vertex   4.583427e+00 -1.412596e+01 -1.880023e+01
    endloop
  endfacet
  facet normal 9.157733e-01 4.016954e-01 -0.000000e+00
    outer loop
      vertex   4.583427e+00 -1.412596e+01 -1.980023e+01
      vertex   4.583427e+00 -1.412596e+01 -1.880023e+01
      vertex   4.649812e+00 -1.427730e+01 -1.980023e+01
    endloop
  endfacet
  facet normal 9.157733e-01 4.016954e-01 -0.000000e+00
    outer loop
      vertex   4.649812e+00 -1.427730e+01 -1.980023e+01
      vertex   4.583427e+00 -1.412596e+01 -1.880023e+01
      vertex   4.649812e+00 -1.427730e+01 -1.880023e+01
    endloop
  endfacet
  facet normal 8.660254e-01 5.000000e-01 -0.000000e+00
    outer loop
      vertex   4.649812e+00 -1.427730e+01 -1.980023e+01
      vertex   4.649812e+00 -1.427730e+01 -1.880023e+01
      vertex   4.732444e+00 -1.442042e+01 -1.980023e+01
    endloop
  endfacet
  facet normal 8.660254e-01 5.000000e-01 -0.000000e+00
    outer loop
      vertex   4.732444e+00 -1.442042e+01 -1.980023e+01
      vertex   4.649812e+00 -1.427730e+01 -1.880023e+01
      vertex   4.732444e+00 -1.442042e+01 -1.880023e+01
    endloop
  endfacet
  facet normal 8.057651e-01 5.922353e-01 -0.000000e+00
    outer loop
      vertex   4.732444e+00 -1.442042e+01 -1.980023e+01
      vertex   4.732444e+00 -1.442042e+01 -1.880023e+01
      vertex   4.830318e+00 -1.455359e+01 -1.980023e+01
    endloop
  endfacet
  facet normal 8.057651e-01 5.922353e-01 -0.000000e+00
    outer loop
      vertex   4.830318e+00 -1.455359e+01 -1.980023e+01
      vertex   4.732444e+00 -1.442042e+01 -1.880023e+01
      vertex   4.830318e+00 -1.455359e+01 -1.880023e+01
    endloop
  endfacet
  facet normal 7.357239e-01 6.772816e-01 -0.000000e+00
    outer loop
      vertex   4.830318e+00 -1.455359e+01 -1.980023e+01
      vertex   4.830318e+00 -1.455359e+01 -1.880023e+01
      vertex   4.942248e+00 -1.467517e+01 -1.980023e+01
    endloop
  endfacet
  facet normal 7.357239e-01 6.772816e-01 -0.000000e+00
    outer loop
      vertex   4.942248e+00 -1.467517e+01 -1.980023e+01
      vertex   4.830318e+00 -1.455359e+01 -1.880023e+01
      vertex   4.942248e+00 -1.467517e+01 -1.880023e+01
    endloop
  endfacet
  facet normal 6.567520e-01 7.541066e-01 -0.000000e+00
    outer loop
      vertex   4.942248e+00 -1.467517e+01 -1.980023e+01
      vertex   4.942248e+00 -1.467517e+01 -1.880023e+01
      vertex   5.066874e+00 -1.478371e+01 -1.980023e+01
    endloop
  endfacet
  facet normal 6.567520e-01 7.541066e-01 -0.000000e+00
    outer loop
      vertex   5.066874e+00 -1.478371e+01 -1.980023e+01
      vertex   4.942248e+00 -1.467517e+01 -1.880023e+01
      vertex   5.066874e+00 -1.478371e+01 -1.880023e+01
    endloop
  endfacet
  facet normal 5.698081e-01 8.217778e-01 -0.000000e+00
    outer loop
      vertex   5.066874e+00 -1.478371e+01 -1.980023e+01
      vertex   5.066874e+00 -1.478371e+01 -1.880023e+01
      vertex   5.202684e+00 -1.487788e+01 -1.980023e+01
    endloop
  endfacet
  facet normal 5.698081e-01 8.217778e-01 -0.000000e+00
    outer loop
      vertex   5.202684e+00 -1.487788e+01 -1.980023e+01
      vertex   5.066874e+00 -1.478371e+01 -1.880023e+01
      vertex   5.202684e+00 -1.487788e+01 -1.880023e+01
    endloop
  endfacet
  facet normal 4.759474e-01 8.794738e-01 -0.000000e+00
    outer loop
      vertex   5.202684e+00 -1.487788e+01 -1.980023e+01
      vertex   5.202684e+00 -1.487788e+01 -1.880023e+01
      vertex   5.348029e+00 -1.495654e+01 -1.980023e+01
    endloop
  endfacet
  facet normal 4.759474e-01 8.794738e-01 -0.000000e+00
    outer loop
      vertex   5.348029e+00 -1.495654e+01 -1.980023e+01
      vertex   5.202684e+00 -1.487788e+01 -1.880023e+01
      vertex   5.348029e+00 -1.495654e+01 -1.880023e+01
    endloop
  endfacet
  facet normal 3.763094e-01 9.264941e-01 -0.000000e+00
    outer loop
      vertex   5.348029e+00 -1.495654e+01 -1.980023e+01
      vertex   5.348029e+00 -1.495654e+01 -1.880023e+01
      vertex   5.501144e+00 -1.501873e+01 -1.980023e+01
    endloop
  endfacet
  facet normal 3.763094e-01 9.264941e-01 -0.000000e+00
    outer loop
      vertex   5.501144e+00 -1.501873e+01 -1.980023e+01
      vertex   5.348029e+00 -1.495654e+01 -1.880023e+01
      vertex   5.501144e+00 -1.501873e+01 -1.880023e+01
    endloop
  endfacet
  facet normal 2.721035e-01 9.622680e-01 -0.000000e+00
    outer loop
      vertex   5.501144e+00 -1.501873e+01 -1.980023e+01
      vertex   5.501144e+00 -1.501873e+01 -1.880023e+01
      vertex   5.660172e+00 -1.506369e+01 -1.980023e+01
    endloop
  endfacet
  facet normal 2.721035e-01 9.622680e-01 -0.000000e+00
    outer loop
      vertex   5.660172e+00 -1.506369e+01 -1.980023e+01
      vertex   5.501144e+00 -1.501873e+01 -1.880023e+01
      vertex   5.660172e+00 -1.506369e+01 -1.880023e+01
    endloop
  endfacet
  facet normal 1.645946e-01 9.863613e-01 -0.000000e+00
    outer loop
      vertex   5.660172e+00 -1.506369e+01 -1.980023e+01
      vertex   5.660172e+00 -1.506369e+01 -1.880023e+01
      vertex   5.823181e+00 -1.509090e+01 -1.980023e+01
    endloop
  endfacet
  facet normal 1.645946e-01 9.863613e-01 -0.000000e+00
    outer loop
      vertex   5.823181e+00 -1.509090e+01 -1.980023e+01
      vertex   5.660172e+00 -1.506369e+01 -1.880023e+01
      vertex   5.823181e+00 -1.509090e+01 -1.880023e+01
    endloop
  endfacet
  facet normal 9.984815e-01 -5.508776e-02 0.000000e+00
    outer loop
      vertex   -7.508480e+00 -1.343499e+01 -1.980023e+01
      vertex   -7.508480e+00 -1.343499e+01 -1.880023e+01
      vertex   -7.517584e+00 -1.360000e+01 -1.980023e+01
    endloop
  endfacet
  facet normal 9.984815e-01 -5.508776e-02 0.000000e+00
    outer loop
      vertex   -7.517584e+00 -1.360000e+01 -1.980023e+01
      vertex   -7.508480e+00 -1.343499e+01 -1.880023e+01
      vertex   -7.517584e+00 -1.360000e+01 -1.880023e+01
    endloop
  endfacet
  facet normal 9.984815e-01 5.508776e-02 -0.000000e+00
    outer loop
      vertex   -7.517584e+00 -1.360000e+01 -1.980023e+01
      vertex   -7.517584e+00 -1.360000e+01 -1.880023e+01
      vertex   -7.508480e+00 -1.376501e+01 -1.980023e+01
    endloop
  endfacet
  facet normal 9.984815e-01 5.508776e-02 -0.000000e+00
    outer loop
      vertex   -7.508480e+00 -1.376501e+01 -1.980023e+01
      vertex   -7.517584e+00 -1.360000e+01 -1.880023e+01
      vertex   -7.508480e+00 -1.376501e+01 -1.880023e+01
    endloop
  endfacet
  facet normal 9.863613e-01 1.645946e-01 -0.000000e+00
    outer loop
      vertex   -7.508480e+00 -1.376501e+01 -1.980023e+01
      vertex   -7.508480e+00 -1.376501e+01 -1.880023e+01
      vertex   -7.481278e+00 -1.392802e+01 -1.980023e+01
    endloop
  endfacet
  facet normal 9.863613e-01 1.645946e-01 -0.000000e+00
    outer loop
      vertex   -7.481278e+00 -1.392802e+01 -1.980023e+01
      vertex   -7.508480e+00 -1.376501e+01 -1.880023e+01
      vertex   -7.481278e+00 -1.392802e+01 -1.880023e+01
    endloop
  endfacet
  facet normal 9.622680e-01 2.721035e-01 -0.000000e+00
    outer loop
      vertex   -7.481278e+00 -1.392802e+01 -1.980023e+01
      vertex   -7.481278e+00 -1.392802e+01 -1.880023e+01
      vertex   -7.436310e+00 -1.408705e+01 -1.980023e+01
    endloop
  endfacet
  facet normal 9.622680e-01 2.721035e-01 -0.000000e+00
    outer loop
      vertex   -7.436310e+00 -1.408705e+01 -1.980023e+01
      vertex   -7.481278e+00 -1.392802e+01 -1.880023e+01
      vertex   -7.436310e+00 -1.408705e+01 -1.880023e+01
    endloop
  endfacet
  facet normal 9.264941e-01 3.763094e-01 -0.000000e+00
    outer loop
      vertex   -7.436310e+00 -1.408705e+01 -1.980023e+01
      vertex   -7.436310e+00 -1.408705e+01 -1.880023e+01
      vertex   -7.374119e+00 -1.424016e+01 -1.980023e+01
    endloop
  endfacet
  facet normal 9.264941e-01 3.763094e-01 -0.000000e+00
    outer loop
      vertex   -7.374119e+00 -1.424016e+01 -1.980023e+01
      vertex   -7.436310e+00 -1.408705e+01 -1.880023e+01
      vertex   -7.374119e+00 -1.424016e+01 -1.880023e+01
    endloop
  endfacet
  facet normal 8.794738e-01 4.759474e-01 -0.000000e+00
    outer loop
      vertex   -7.374119e+00 -1.424016e+01 -1.980023e+01
      vertex   -7.374119e+00 -1.424016e+01 -1.880023e+01
      vertex   -7.295463e+00 -1.438551e+01 -1.980023e+01
    endloop
  endfacet
  facet normal 8.794738e-01 4.759474e-01 -0.000000e+00
    outer loop
      vertex   -7.295463e+00 -1.438551e+01 -1.980023e+01
      vertex   -7.374119e+00 -1.424016e+01 -1.880023e+01
      vertex   -7.295463e+00 -1.438551e+01 -1.880023e+01
    endloop
  endfacet
  facet normal 8.217778e-01 5.698081e-01 -0.000000e+00
    outer loop
      vertex   -7.295463e+00 -1.438551e+01 -1.980023e+01
      vertex   -7.295463e+00 -1.438551e+01 -1.880023e+01
      vertex   -7.201294e+00 -1.452132e+01 -1.980023e+01
    endloop
  endfacet
  facet normal 8.217778e-01 5.698081e-01 -0.000000e+00
    outer loop
      vertex   -7.201294e+00 -1.452132e+01 -1.980023e+01
      vertex   -7.295463e+00 -1.438551e+01 -1.880023e+01
      vertex   -7.201294e+00 -1.452132e+01 -1.880023e+01
    endloop
  endfacet
  facet normal 7.541066e-01 6.567520e-01 -0.000000e+00
    outer loop
      vertex   -7.201294e+00 -1.452132e+01 -1.980023e+01
      vertex   -7.201294e+00 -1.452132e+01 -1.880023e+01
      vertex   -7.092757e+00 -1.464595e+01 -1.980023e+01
    endloop
  endfacet
  facet normal 7.541066e-01 6.567520e-01 -0.000000e+00
    outer loop
      vertex   -7.092757e+00 -1.464595e+01 -1.980023e+01
      vertex   -7.201294e+00 -1.452132e+01 -1.880023e+01
      vertex   -7.092757e+00 -1.464595e+01 -1.880023e+01
    endloop
  endfacet
  facet normal 6.772816e-01 7.357239e-01 -0.000000e+00
    outer loop
      vertex   -7.092757e+00 -1.464595e+01 -1.980023e+01
      vertex   -7.092757e+00 -1.464595e+01 -1.880023e+01
      vertex   -6.971169e+00 -1.475788e+01 -1.980023e+01
    endloop
  endfacet
  facet normal 6.772816e-01 7.357239e-01 -0.000000e+00
    outer loop
      vertex   -6.971169e+00 -1.475788e+01 -1.980023e+01
      vertex   -7.092757e+00 -1.464595e+01 -1.880023e+01
      vertex   -6.971169e+00 -1.475788e+01 -1.880023e+01
    endloop
  endfacet
  facet normal 5.922353e-01 8.057651e-01 -0.000000e+00
    outer loop
      vertex   -6.971169e+00 -1.475788e+01 -1.980023e+01
      vertex   -6.971169e+00 -1.475788e+01 -1.880023e+01
      vertex   -6.838006e+00 -1.485575e+01 -1.980023e+01
    endloop
  endfacet
  facet normal 5.922353e-01 8.057651e-01 -0.000000e+00
    outer loop
      vertex   -6.838006e+00 -1.485575e+01 -1.980023e+01
      vertex   -6.971169e+00 -1.475788e+01 -1.880023e+01
      vertex   -6.838006e+00 -1.485575e+01 -1.880023e+01
    endloop
  endfacet
  facet normal 5.000000e-01 8.660254e-01 -0.000000e+00
    outer loop
      vertex   -6.838006e+00 -1.485575e+01 -1.980023e+01
      vertex   -6.838006e+00 -1.485575e+01 -1.880023e+01
      vertex   -6.694884e+00 -1.493838e+01 -1.980023e+01
    endloop
  endfacet
  facet normal 5.000000e-01 8.660254e-01 -0.000000e+00
    outer loop
      vertex   -6.694884e+00 -1.493838e+01 -1.980023e+01
      vertex   -6.838006e+00 -1.485575e+01 -1.880023e+01
      vertex   -6.694884e+00 -1.493838e+01 -1.880023e+01
    endloop
  endfacet
  facet normal 4.016954e-01 9.157733e-01 -0.000000e+00
    outer loop
      vertex   -6.694884e+00 -1.493838e+01 -1.980023e+01
      vertex   -6.694884e+00 -1.493838e+01 -1.880023e+01
      vertex   -6.543540e+00 -1.500477e+01 -1.980023e+01
    endloop
  endfacet
  facet normal 4.016954e-01 9.157733e-01 -0.000000e+00
    outer loop
      vertex   -6.543540e+00 -1.500477e+01 -1.980023e+01
      vertex   -6.694884e+00 -1.493838e+01 -1.880023e+01
      vertex   -6.543540e+00 -1.500477e+01 -1.880023e+01
    endloop
  endfacet
  facet normal 2.985148e-01 9.544050e-01 -0.000000e+00
    outer loop
      vertex   -6.543540e+00 -1.500477e+01 -1.980023e+01
      vertex   -6.543540e+00 -1.500477e+01 -1.880023e+01
      vertex   -6.385812e+00 -1.505410e+01 -1.980023e+01
    endloop
  endfacet
  facet normal 2.985148e-01 9.544050e-01 -0.000000e+00
    outer loop
      vertex   -6.385812e+00 -1.505410e+01 -1.980023e+01
      vertex   -6.543540e+00 -1.500477e+01 -1.880023e+01
      vertex   -6.385812e+00 -1.505410e+01 -1.880023e+01
    endloop
  endfacet
  facet normal 1.917106e-01 9.814515e-01 -0.000000e+00
    outer loop
      vertex   -6.385812e+00 -1.505410e+01 -1.980023e+01
      vertex   -6.385812e+00 -1.505410e+01 -1.880023e+01
      vertex   -6.223614e+00 -1.508578e+01 -1.980023e+01
    endloop
  endfacet
  facet normal 1.917106e-01 9.814515e-01 -0.000000e+00
    outer loop
      vertex   -6.223614e+00 -1.508578e+01 -1.980023e+01
      vertex   -6.385812e+00 -1.505410e+01 -1.880023e+01
      vertex   -6.223614e+00 -1.508578e+01 -1.880023e+01
    endloop
  endfacet
  facet normal 8.257935e-02 9.965845e-01 -0.000000e+00
    outer loop
      vertex   -6.223614e+00 -1.508578e+01 -1.980023e+01
      vertex   -6.223614e+00 -1.508578e+01 -1.880023e+01
      vertex   -6.058915e+00 -1.509943e+01 -1.980023e+01
    endloop
  endfacet
  facet normal 8.257935e-02 9.965845e-01 -0.000000e+00
    outer loop
      vertex   -6.058915e+00 -1.509943e+01 -1.980023e+01
      vertex   -6.223614e+00 -1.508578e+01 -1.880023e+01
      vertex   -6.058915e+00 -1.509943e+01 -1.880023e+01
    endloop
  endfacet
  facet normal -2.755434e-02 9.996203e-01 0.000000e+00
    outer loop
      vertex   -6.058915e+00 -1.509943e+01 -1.980023e+01
      vertex   -6.058915e+00 -1.509943e+01 -1.880023e+01
      vertex   -5.893715e+00 -1.509488e+01 -1.980023e+01
    endloop
  endfacet
  facet normal -2.755434e-02 9.996203e-01 0.000000e+00
    outer loop
      vertex   -5.893715e+00 -1.509488e+01 -1.980023e+01
      vertex   -6.058915e+00 -1.509943e+01 -1.880023e+01
      vertex   -5.893715e+00 -1.509488e+01 -1.880023e+01
    endloop
  endfacet
  facet normal -1.373536e-01 9.905221e-01 0.000000e+00
    outer loop
      vertex   -5.893715e+00 -1.509488e+01 -1.980023e+01
      vertex   -5.893715e+00 -1.509488e+01 -1.880023e+01
      vertex   -5.730018e+00 -1.507218e+01 -1.980023e+01
    endloop
  endfacet
  facet normal -1.373536e-01 9.905221e-01 0.000000e+00
    outer loop
      vertex   -5.730018e+00 -1.507218e+01 -1.980023e+01
      vertex   -5.893715e+00 -1.509488e+01 -1.880023e+01
      vertex   -5.730018e+00 -1.507218e+01 -1.880023e+01
    endloop
  endfacet
  facet normal -2.454855e-01 9.694003e-01 0.000000e+00
    outer loop
      vertex   -5.730018e+00 -1.507218e+01 -1.980023e+01
      vertex   -5.730018e+00 -1.507218e+01 -1.880023e+01
      vertex   -5.569811e+00 -1.503161e+01 -1.980023e+01
    endloop
  endfacet
  facet normal -2.454855e-01 9.694003e-01 0.000000e+00
    outer loop
      vertex   -5.569811e+00 -1.503161e+01 -1.980023e+01
      vertex   -5.730018e+00 -1.507218e+01 -1.880023e+01
      vertex   -5.569811e+00 -1.503161e+01 -1.880023e+01
    endloop
  endfacet
  facet normal -3.506376e-01 9.365112e-01 0.000000e+00
    outer loop
      vertex   -5.569811e+00 -1.503161e+01 -1.980023e+01
      vertex   -5.569811e+00 -1.503161e+01 -1.880023e+01
      vertex   -5.415041e+00 -1.497366e+01 -1.980023e+01
    endloop
  endfacet
  facet normal -3.506376e-01 9.365112e-01 0.000000e+00
    outer loop
      vertex   -5.415041e+00 -1.497366e+01 -1.980023e+01
      vertex   -5.569811e+00 -1.503161e+01 -1.880023e+01
      vertex   -5.415041e+00 -1.497366e+01 -1.880023e+01
    endloop
  endfacet
  facet normal -4.515334e-01 8.922542e-01 0.000000e+00
    outer loop
      vertex   -5.415041e+00 -1.497366e+01 -1.980023e+01
      vertex   -5.415041e+00 -1.497366e+01 -1.880023e+01
      vertex   -5.267584e+00 -1.489904e+01 -1.980023e+01
    endloop
  endfacet
  facet normal -4.515334e-01 8.922542e-01 0.000000e+00
    outer loop
      vertex   -5.267584e+00 -1.489904e+01 -1.980023e+01
      vertex   -5.415041e+00 -1.497366e+01 -1.880023e+01
      vertex   -5.267584e+00 -1.489904e+01 -1.880023e+01
    endloop
  endfacet
  facet normal -5.469482e-01 8.371665e-01 0.000000e+00
    outer loop
      vertex   -5.267584e+00 -1.489904e+01 -1.980023e+01
      vertex   -5.267584e+00 -1.489904e+01 -1.880023e+01
      vertex   -5.129231e+00 -1.480865e+01 -1.980023e+01
    endloop
  endfacet
  facet normal -5.469482e-01 8.371665e-01 0.000000e+00
    outer loop
      vertex   -5.129231e+00 -1.480865e+01 -1.980023e+01
      vertex   -5.267584e+00 -1.489904e+01 -1.880023e+01
      vertex   -5.129231e+00 -1.480865e+01 -1.880023e+01
    endloop
  endfacet
  facet normal -6.357237e-01 7.719167e-01 0.000000e+00
    outer loop
      vertex   -5.129231e+00 -1.480865e+01 -1.980023e+01
      vertex   -5.129231e+00 -1.480865e+01 -1.880023e+01
      vertex   -5.001661e+00 -1.470359e+01 -1.980023e+01
    endloop
  endfacet
  facet normal -6.357237e-01 7.719167e-01 0.000000e+00
    outer loop
      vertex   -5.001661e+00 -1.470359e+01 -1.980023e+01
      vertex   -5.129231e+00 -1.480865e+01 -1.880023e+01
      vertex   -5.001661e+00 -1.470359e+01 -1.880023e+01
    endloop
  endfacet
  facet normal -7.167825e-01 6.972968e-01 0.000000e+00
    outer loop
      vertex   -5.001661e+00 -1.470359e+01 -1.980023e+01
      vertex   -5.001661e+00 -1.470359e+01 -1.880023e+01
      vertex   -4.886424e+00 -1.458513e+01 -1.980023e+01
    endloop
  endfacet
  facet normal -7.167825e-01 6.972968e-01 0.000000e+00
    outer loop
      vertex   -4.886424e+00 -1.458513e+01 -1.980023e+01
      vertex   -5.001661e+00 -1.470359e+01 -1.880023e+01
      vertex   -4.886424e+00 -1.458513e+01 -1.880023e+01
    endloop
  endfacet
  facet normal -7.891405e-01 6.142127e-01 0.000000e+00
    outer loop
      vertex   -4.886424e+00 -1.458513e+01 -1.980023e+01
      vertex   -4.886424e+00 -1.458513e+01 -1.880023e+01
      vertex   -4.784917e+00 -1.445471e+01 -1.980023e+01
    endloop
  endfacet
  facet normal -7.891405e-01 6.142127e-01 0.000000e+00
    outer loop
      vertex   -4.784917e+00 -1.445471e+01 -1.980023e+01
      vertex   -4.886424e+00 -1.458513e+01 -1.880023e+01
      vertex   -4.784917e+00 -1.445471e+01 -1.880023e+01
    endloop
  endfacet
  facet normal -8.519194e-01 5.236729e-01 0.000000e+00
    outer loop
      vertex   -4.784917e+00 -1.445471e+01 -1.980023e+01
      vertex   -4.784917e+00 -1.445471e+01 -1.880023e+01
      vertex   -4.698373e+00 -1.431392e+01 -1.980023e+01
    endloop
  endfacet
  facet normal -8.519194e-01 5.236729e-01 0.000000e+00
    outer loop
      vertex   -4.698373e+00 -1.431392e+01 -1.980023e+01
      vertex   -4.784917e+00 -1.445471e+01 -1.880023e+01
      vertex   -4.698373e+00 -1.431392e+01 -1.880023e+01
    endloop
  endfacet
  facet normal -9.043572e-01 4.267764e-01 0.000000e+00
    outer loop
      vertex   -4.698373e+00 -1.431392e+01 -1.980023e+01
      vertex   -4.698373e+00 -1.431392e+01 -1.880023e+01
      vertex   -4.627843e+00 -1.416446e+01 -1.980023e+01
    endloop
  endfacet
  facet normal -9.043572e-01 4.267764e-01 0.000000e+00
    outer loop
      vertex   -4.627843e+00 -1.416446e+01 -1.980023e+01
      vertex   -4.698373e+00 -1.431392e+01 -1.880023e+01
      vertex   -4.627843e+00 -1.416446e+01 -1.880023e+01
    endloop
  endfacet
  facet normal -9.458172e-01 3.246995e-01 0.000000e+00
    outer loop
      vertex   -4.627843e+00 -1.416446e+01 -1.980023e+01
      vertex   -4.627843e+00 -1.416446e+01 -1.880023e+01
      vertex   -4.574182e+00 -1.400816e+01 -1.980023e+01
    endloop
  endfacet
  facet normal -9.458172e-01 3.246995e-01 0.000000e+00
    outer loop
      vertex   -4.574182e+00 -1.400816e+01 -1.980023e+01
      vertex   -4.627843e+00 -1.416446e+01 -1.880023e+01
      vertex   -4.574182e+00 -1.400816e+01 -1.880023e+01
    endloop
  endfacet
  facet normal -9.757964e-01 2.186811e-01 0.000000e+00
    outer loop
      vertex   -4.574182e+00 -1.400816e+01 -1.980023e+01
      vertex   -4.574182e+00 -1.400816e+01 -1.880023e+01
      vertex   -4.538042e+00 -1.384689e+01 -1.980023e+01
    endloop
  endfacet
  facet normal -9.757964e-01 2.186811e-01 0.000000e+00
    outer loop
      vertex   -4.538042e+00 -1.384689e+01 -1.980023e+01
      vertex   -4.574182e+00 -1.400816e+01 -1.880023e+01
      vertex   -4.538042e+00 -1.384689e+01 -1.880023e+01
    endloop
  endfacet
  facet normal -9.939307e-01 1.100082e-01 0.000000e+00
    outer loop
      vertex   -4.538042e+00 -1.384689e+01 -1.980023e+01
      vertex   -4.538042e+00 -1.384689e+01 -1.880023e+01
      vertex   -4.519861e+00 -1.368263e+01 -1.980023e+01
    endloop
  endfacet
  facet normal -9.939307e-01 1.100082e-01 0.000000e+00
    outer loop
      vertex   -4.519861e+00 -1.368263e+01 -1.980023e+01
      vertex   -4.538042e+00 -1.384689e+01 -1.880023e+01
      vertex   -4.519861e+00 -1.368263e+01 -1.880023e+01
    endloop
  endfacet
  facet normal -1.000000e+00 0.000000e+00 0.000000e+00
    outer loop
      vertex   -4.519861e+00 -1.368263e+01 -1.980023e+01
      vertex   -4.519861e+00 -1.368263e+01 -1.880023e+01
      vertex   -4.519861e+00 -1.351737e+01 -1.980023e+01
    endloop
  endfacet
  facet normal -1.000000e+00 0.000000e+00 0.000000e+00
    outer loop
      vertex   -4.519861e+00 -1.351737e+01 -1.980023e+01
      vertex   -4.519861e+00 -1.368263e+01 -1.880023e+01
      vertex   -4.519861e+00 -1.351737e+01 -1.880023e+01
    endloop
  endfacet
  facet normal -9.939307e-01 -1.100082e-01 0.000000e+00
    outer loop
      vertex   -4.519861e+00 -1.351737e+01 -1.980023e+01
      vertex   -4.519861e+00 -1.351737e+01 -1.880023e+01
      vertex   -4.538042e+00 -1.335311e+01 -1.980023e+01
    endloop
  endfacet
  facet normal -9.939307e-01 -1.100082e-01 0.000000e+00
    outer loop
      vertex   -4.538042e+00 -1.335311e+01 -1.980023e+01
      vertex   -4.519861e+00 -1.351737e+01 -1.880023e+01
      vertex   -4.538042e+00 -1.335311e+01 -1.880023e+01
    endloop
  endfacet
  facet normal -9.757964e-01 -2.186811e-01 0.000000e+00
    outer loop
      vertex   -4.538042e+00 -1.335311e+01 -1.980023e+01
      vertex   -4.538042e+00 -1.335311e+01 -1.880023e+01
      vertex   -4.574182e+00 -1.319184e+01 -1.980023e+01
    endloop
  endfacet
  facet normal -9.757964e-01 -2.186811e-01 0.000000e+00
    outer loop
      vertex   -4.574182e+00 -1.319184e+01 -1.980023e+01
      vertex   -4.538042e+00 -1.335311e+01 -1.880023e+01
      vertex   -4.574182e+00 -1.319184e+01 -1.880023e+01
    endloop
  endfacet
  facet normal -9.458172e-01 -3.246995e-01 0.000000e+00
    outer loop
      vertex   -4.574182e+00 -1.319184e+01 -1.980023e+01
      vertex   -4.574182e+00 -1.319184e+01 -1.880023e+01
      vertex   -4.627843e+00 -1.303554e+01 -1.980023e+01
    endloop
  endfacet
  facet normal -9.458172e-01 -3.246995e-01 0.000000e+00
    outer loop
      vertex   -4.627843e+00 -1.303554e+01 -1.980023e+01
      vertex   -4.574182e+00 -1.319184e+01 -1.880023e+01
      vertex   -4.627843e+00 -1.303554e+01 -1.880023e+01
    endloop
  endfacet
  facet normal -9.043572e-01 -4.267764e-01 0.000000e+00
    outer loop
      vertex   -4.627843e+00 -1.303554e+01 -1.980023e+01
      vertex   -4.627843e+00 -1.303554e+01 -1.880023e+01
      vertex   -4.698373e+00 -1.288608e+01 -1.980023e+01
    endloop
  endfacet
  facet normal -9.043572e-01 -4.267764e-01 0.000000e+00
    outer loop
      vertex   -4.698373e+00 -1.288608e+01 -1.980023e+01
      vertex   -4.627843e+00 -1.303554e+01 -1.880023e+01
      vertex   -4.698373e+00 -1.288608e+01 -1.880023e+01
    endloop
  endfacet
  facet normal -8.519194e-01 -5.236729e-01 0.000000e+00
    outer loop
      vertex   -4.698373e+00 -1.288608e+01 -1.980023e+01
      vertex   -4.698373e+00 -1.288608e+01 -1.880023e+01
      vertex   -4.784917e+00 -1.274529e+01 -1.980023e+01
    endloop
  endfacet
  facet normal -8.519194e-01 -5.236729e-01 0.000000e+00
    outer loop
      vertex   -4.784917e+00 -1.274529e+01 -1.980023e+01
      vertex   -4.698373e+00 -1.288608e+01 -1.880023e+01
      vertex   -4.784917e+00 -1.274529e+01 -1.880023e+01
    endloop
  endfacet
  facet normal -7.891405e-01 -6.142127e-01 0.000000e+00
    outer loop
      vertex   -4.784917e+00 -1.274529e+01 -1.980023e+01
      vertex   -4.784917e+00 -1.274529e+01 -1.880023e+01
      vertex   -4.886424e+00 -1.261487e+01 -1.980023e+01
    endloop
  endfacet
  facet normal -7.891405e-01 -6.142127e-01 0.000000e+00
    outer loop
      vertex   -4.886424e+00 -1.261487e+01 -1.980023e+01
      vertex   -4.784917e+00 -1.274529e+01 -1.880023e+01
      vertex   -4.886424e+00 -1.261487e+01 -1.880023e+01
    endloop
  endfacet
  facet normal -7.167825e-01 -6.972968e-01 0.000000e+00
    outer loop
      vertex   -4.886424e+00 -1.261487e+01 -1.980023e+01
      vertex   -4.886424e+00 -1.261487e+01 -1.880023e+01
      vertex   -5.001661e+00 -1.249641e+01 -1.980023e+01
    endloop
  endfacet
  facet normal -7.167825e-01 -6.972968e-01 0.000000e+00
    outer loop
      vertex   -5.001661e+00 -1.249641e+01 -1.980023e+01
      vertex   -4.886424e+00 -1.261487e+01 -1.880023e+01
      vertex   -5.001661e+00 -1.249641e+01 -1.880023e+01
    endloop
  endfacet
  facet normal -6.357237e-01 -7.719167e-01 0.000000e+00
    outer loop
      vertex   -5.001661e+00 -1.249641e+01 -1.980023e+01
      vertex   -5.001661e+00 -1.249641e+01 -1.880023e+01
      vertex   -5.129231e+00 -1.239135e+01 -1.980023e+01
    endloop
  endfacet
  facet normal -6.357237e-01 -7.719167e-01 0.000000e+00
    outer loop
      vertex   -5.129231e+00 -1.239135e+01 -1.980023e+01
      vertex   -5.001661e+00 -1.249641e+01 -1.880023e+01
      vertex   -5.129231e+00 -1.239135e+01 -1.880023e+01
    endloop
  endfacet
  facet normal -5.469482e-01 -8.371665e-01 0.000000e+00
    outer loop
      vertex   -5.129231e+00 -1.239135e+01 -1.980023e+01
      vertex   -5.129231e+00 -1.239135e+01 -1.880023e+01
      vertex   -5.267584e+00 -1.230096e+01 -1.980023e+01
    endloop
  endfacet
  facet normal -5.469482e-01 -8.371665e-01 0.000000e+00
    outer loop
      vertex   -5.267584e+00 -1.230096e+01 -1.980023e+01
      vertex   -5.129231e+00 -1.239135e+01 -1.880023e+01
      vertex   -5.267584e+00 -1.230096e+01 -1.880023e+01
    endloop
  endfacet
  facet normal -4.515334e-01 -8.922542e-01 0.000000e+00
    outer loop
      vertex   -5.267584e+00 -1.230096e+01 -1.980023e+01
      vertex   -5.267584e+00 -1.230096e+01 -1.880023e+01
      vertex   -5.415041e+00 -1.222634e+01 -1.980023e+01
    endloop
  endfacet
  facet normal -4.515334e-01 -8.922542e-01 0.000000e+00
    outer loop
      vertex   -5.415041e+00 -1.222634e+01 -1.980023e+01
      vertex   -5.267584e+00 -1.230096e+01 -1.880023e+01
      vertex   -5.415041e+00 -1.222634e+01 -1.880023e+01
    endloop
  endfacet
  facet normal -3.506376e-01 -9.365112e-01 0.000000e+00
    outer loop
      vertex   -5.415041e+00 -1.222634e+01 -1.980023e+01
      vertex   -5.415041e+00 -1.222634e+01 -1.880023e+01
      vertex   -5.569811e+00 -1.216839e+01 -1.980023e+01
    endloop
  endfacet
  facet normal -3.506376e-01 -9.365112e-01 0.000000e+00
    outer loop
      vertex   -5.569811e+00 -1.216839e+01 -1.980023e+01
      vertex   -5.415041e+00 -1.222634e+01 -1.880023e+01
      vertex   -5.569811e+00 -1.216839e+01 -1.880023e+01
    endloop
  endfacet
  facet normal -2.454855e-01 -9.694003e-01 0.000000e+00
    outer loop
      vertex   -5.569811e+00 -1.216839e+01 -1.980023e+01
      vertex   -5.569811e+00 -1.216839e+01 -1.880023e+01
      vertex   -5.730018e+00 -1.212782e+01 -1.980023e+01
    endloop
  endfacet
  facet normal -2.454855e-01 -9.694003e-01 0.000000e+00
    outer loop
      vertex   -5.730018e+00 -1.212782e+01 -1.980023e+01
      vertex   -5.569811e+00 -1.216839e+01 -1.880023e+01
      vertex   -5.730018e+00 -1.212782e+01 -1.880023e+01
    endloop
  endfacet
  facet normal -1.373536e-01 -9.905221e-01 0.000000e+00
    outer loop
      vertex   -5.730018e+00 -1.212782e+01 -1.980023e+01
      vertex   -5.730018e+00 -1.212782e+01 -1.880023e+01
      vertex   -5.893715e+00 -1.210512e+01 -1.980023e+01
    endloop
  endfacet
  facet normal -1.373536e-01 -9.905221e-01 0.000000e+00
    outer loop
      vertex   -5.893715e+00 -1.210512e+01 -1.980023e+01
      vertex   -5.730018e+00 -1.212782e+01 -1.880023e+01
      vertex   -5.893715e+00 -1.210512e+01 -1.880023e+01
    endloop
  endfacet
  facet normal -2.755434e-02 -9.996203e-01 0.000000e+00
    outer loop
      vertex   -5.893715e+00 -1.210512e+01 -1.980023e+01
      vertex   -5.893715e+00 -1.210512e+01 -1.880023e+01
      vertex   -6.058915e+00 -1.210057e+01 -1.980023e+01
    endloop
  endfacet
  facet normal -2.755434e-02 -9.996203e-01 0.000000e+00
    outer loop
      vertex   -6.058915e+00 -1.210057e+01 -1.980023e+01
      vertex   -5.893715e+00 -1.210512e+01 -1.880023e+01
      vertex   -6.058915e+00 -1.210057e+01 -1.880023e+01
    endloop
  endfacet
  facet normal 8.257935e-02 -9.965845e-01 0.000000e+00
    outer loop
      vertex   -6.058915e+00 -1.210057e+01 -1.980023e+01
      vertex   -6.058915e+00 -1.210057e+01 -1.880023e+01
      vertex   -6.223614e+00 -1.211422e+01 -1.980023e+01
    endloop
  endfacet
  facet normal 8.257935e-02 -9.965845e-01 0.000000e+00
    outer loop
      vertex   -6.223614e+00 -1.211422e+01 -1.980023e+01
      vertex   -6.058915e+00 -1.210057e+01 -1.880023e+01
      vertex   -6.223614e+00 -1.211422e+01 -1.880023e+01
    endloop
  endfacet
  facet normal 1.917106e-01 -9.814515e-01 0.000000e+00
    outer loop
      vertex   -6.223614e+00 -1.211422e+01 -1.980023e+01
      vertex   -6.223614e+00 -1.211422e+01 -1.880023e+01
      vertex   -6.385812e+00 -1.214590e+01 -1.980023e+01
    endloop
  endfacet
  facet normal 1.917106e-01 -9.814515e-01 0.000000e+00
    outer loop
      vertex   -6.385812e+00 -1.214590e+01 -1.980023e+01
      vertex   -6.223614e+00 -1.211422e+01 -1.880023e+01
      vertex   -6.385812e+00 -1.214590e+01 -1.880023e+01
    endloop
  endfacet
  facet normal 2.985148e-01 -9.544050e-01 0.000000e+00
    outer loop
      vertex   -6.385812e+00 -1.214590e+01 -1.980023e+01
      vertex   -6.385812e+00 -1.214590e+01 -1.880023e+01
      vertex   -6.543540e+00 -1.219523e+01 -1.980023e+01
    endloop
  endfacet
  facet normal 2.985148e-01 -9.544050e-01 0.000000e+00
    outer loop
      vertex   -6.543540e+00 -1.219523e+01 -1.980023e+01
      vertex   -6.385812e+00 -1.214590e+01 -1.880023e+01
      vertex   -6.543540e+00 -1.219523e+01 -1.880023e+01
    endloop
  endfacet
  facet normal 4.016954e-01 -9.157733e-01 0.000000e+00
    outer loop
      vertex   -6.543540e+00 -1.219523e+01 -1.980023e+01
      vertex   -6.543540e+00 -1.219523e+01 -1.880023e+01
      vertex   -6.694884e+00 -1.226162e+01 -1.980023e+01
    endloop
  endfacet
  facet normal 4.016954e-01 -9.157733e-01 0.000000e+00
    outer loop
      vertex   -6.694884e+00 -1.226162e+01 -1.980023e+01
      vertex   -6.543540e+00 -1.219523e+01 -1.880023e+01
      vertex   -6.694884e+00 -1.226162e+01 -1.880023e+01
    endloop
  endfacet
  facet normal 5.000000e-01 -8.660254e-01 0.000000e+00
    outer loop
      vertex   -6.694884e+00 -1.226162e+01 -1.980023e+01
      vertex   -6.694884e+00 -1.226162e+01 -1.880023e+01
      vertex   -6.838006e+00 -1.234425e+01 -1.980023e+01
    endloop
  endfacet
  facet normal 5.000000e-01 -8.660254e-01 0.000000e+00
    outer loop
      vertex   -6.838006e+00 -1.234425e+01 -1.980023e+01
      vertex   -6.694884e+00 -1.226162e+01 -1.880023e+01
      vertex   -6.838006e+00 -1.234425e+01 -1.880023e+01
    endloop
  endfacet
  facet normal 5.922353e-01 -8.057651e-01 0.000000e+00
    outer loop
      vertex   -6.838006e+00 -1.234425e+01 -1.980023e+01
      vertex   -6.838006e+00 -1.234425e+01 -1.880023e+01
      vertex   -6.971169e+00 -1.244213e+01 -1.980023e+01
    endloop
  endfacet
  facet normal 5.922353e-01 -8.057651e-01 0.000000e+00
    outer loop
      vertex   -6.971169e+00 -1.244213e+01 -1.980023e+01
      vertex   -6.838006e+00 -1.234425e+01 -1.880023e+01
      vertex   -6.971169e+00 -1.244213e+01 -1.880023e+01
    endloop
  endfacet
  facet normal 6.772816e-01 -7.357239e-01 0.000000e+00
    outer loop
      vertex   -6.971169e+00 -1.244213e+01 -1.980023e+01
      vertex   -6.971169e+00 -1.244213e+01 -1.880023e+01
      vertex   -7.092757e+00 -1.255405e+01 -1.980023e+01
    endloop
  endfacet
  facet normal 6.772816e-01 -7.357239e-01 0.000000e+00
    outer loop
      vertex   -7.092757e+00 -1.255405e+01 -1.980023e+01
      vertex   -6.971169e+00 -1.244213e+01 -1.880023e+01
      vertex   -7.092757e+00 -1.255405e+01 -1.880023e+01
    endloop
  endfacet
  facet normal 7.541066e-01 -6.567520e-01 0.000000e+00
    outer loop
      vertex   -7.092757e+00 -1.255405e+01 -1.980023e+01
      vertex   -7.092757e+00 -1.255405e+01 -1.880023e+01
      vertex   -7.201294e+00 -1.267868e+01 -1.980023e+01
    endloop
  endfacet
  facet normal 7.541066e-01 -6.567520e-01 0.000000e+00
    outer loop
      vertex   -7.201294e+00 -1.267868e+01 -1.980023e+01
      vertex   -7.092757e+00 -1.255405e+01 -1.880023e+01
      vertex   -7.201294e+00 -1.267868e+01 -1.880023e+01
    endloop
  endfacet
  facet normal 8.217778e-01 -5.698081e-01 0.000000e+00
    outer loop
      vertex   -7.201294e+00 -1.267868e+01 -1.980023e+01
      vertex   -7.201294e+00 -1.267868e+01 -1.880023e+01
      vertex   -7.295463e+00 -1.281449e+01 -1.980023e+01
    endloop
  endfacet
  facet normal 8.217778e-01 -5.698081e-01 0.000000e+00
    outer loop
      vertex   -7.295463e+00 -1.281449e+01 -1.980023e+01
      vertex   -7.201294e+00 -1.267868e+01 -1.880023e+01
      vertex   -7.295463e+00 -1.281449e+01 -1.880023e+01
    endloop
  endfacet
  facet normal 8.794738e-01 -4.759474e-01 0.000000e+00
    outer loop
      vertex   -7.295463e+00 -1.281449e+01 -1.980023e+01
      vertex   -7.295463e+00 -1.281449e+01 -1.880023e+01
      vertex   -7.374119e+00 -1.295984e+01 -1.980023e+01
    endloop
  endfacet
  facet normal 8.794738e-01 -4.759474e-01 0.000000e+00
    outer loop
      vertex   -7.374119e+00 -1.295984e+01 -1.980023e+01
      vertex   -7.295463e+00 -1.281449e+01 -1.880023e+01
      vertex   -7.374119e+00 -1.295984e+01 -1.880023e+01
    endloop
  endfacet
  facet normal 9.264941e-01 -3.763094e-01 0.000000e+00
    outer loop
      vertex   -7.374119e+00 -1.295984e+01 -1.980023e+01
      vertex   -7.374119e+00 -1.295984e+01 -1.880023e+01
      vertex   -7.436310e+00 -1.311295e+01 -1.980023e+01
    endloop
  endfacet
  facet normal 9.264941e-01 -3.763094e-01 0.000000e+00
    outer loop
      vertex   -7.436310e+00 -1.311295e+01 -1.980023e+01
      vertex   -7.374119e+00 -1.295984e+01 -1.880023e+01
      vertex   -7.436310e+00 -1.311295e+01 -1.880023e+01
    endloop
  endfacet
  facet normal 9.622680e-01 -2.721035e-01 0.000000e+00
    outer loop
      vertex   -7.436310e+00 -1.311295e+01 -1.980023e+01
      vertex   -7.436310e+00 -1.311295e+01 -1.880023e+01
      vertex   -7.481278e+00 -1.327198e+01 -1.980023e+01
    endloop
  endfacet
  facet normal 9.622680e-01 -2.721035e-01 0.000000e+00
    outer loop
      vertex   -7.481278e+00 -1.327198e+01 -1.980023e+01
      vertex   -7.436310e+00 -1.311295e+01 -1.880023e+01
      vertex   -7.481278e+00 -1.327198e+01 -1.880023e+01
    endloop
  endfacet
  facet normal 9.863613e-01 -1.645946e-01 0.000000e+00
    outer loop
      vertex   -7.481278e+00 -1.327198e+01 -1.980023e+01
      vertex   -7.481278e+00 -1.327198e+01 -1.880023e+01
      vertex   -7.508480e+00 -1.343499e+01 -1.980023e+01
    endloop
  endfacet
  facet normal 9.863613e-01 -1.645946e-01 0.000000e+00
    outer loop
      vertex   -7.508480e+00 -1.343499e+01 -1.980023e+01
      vertex   -7.481278e+00 -1.327198e+01 -1.880023e+01
      vertex   -7.508480e+00 -1.343499e+01 -1.880023e+01
    endloop
  endfacet
endsolid
