solid ASCII
  facet normal -4.961389e-01 7.711548e-16 -8.682431e-01
    outer loop
      vertex   8.259971e+01 8.240000e+01 1.550983e+01
      vertex   7.909971e+01 8.240000e+01 1.750983e+01
      vertex   8.259971e+01 8.440000e+01 1.550983e+01
    endloop
  endfacet
  facet normal -4.961389e-01 -3.131077e-30 -8.682431e-01
    outer loop
      vertex   8.259971e+01 8.440000e+01 1.550983e+01
      vertex   7.909971e+01 8.240000e+01 1.750983e+01
      vertex   7.909971e+01 8.440000e+01 1.750983e+01
    endloop
  endfacet
  facet normal 9.911243e-17 -1.000000e+00 -1.859600e-15
    outer loop
      vertex   8.256713e+01 8.240000e+01 1.954292e+01
      vertex   8.270000e+01 8.240000e+01 1.955000e+01
      vertex   7.909971e+01 8.240000e+01 2.700000e+01
    endloop
  endfacet
  facet normal -1.043530e-16 -1.000000e+00 -1.957927e-15
    outer loop
      vertex   7.909971e+01 8.240000e+01 2.700000e+01
      vertex   8.270000e+01 8.240000e+01 1.955000e+01
      vertex   8.283287e+01 8.240000e+01 1.954292e+01
    endloop
  endfacet
  facet normal 5.815529e-16 -1.000000e+00 -1.614549e-15
    outer loop
      vertex   7.909971e+01 8.240000e+01 2.700000e+01
      vertex   8.283287e+01 8.240000e+01 1.954292e+01
      vertex   8.671852e+01 8.240000e+01 2.094251e+01
    endloop
  endfacet
  facet normal 0.000000e+00 -1.000000e+00 0.000000e+00
    outer loop
      vertex   8.671852e+01 8.240000e+01 2.094251e+01
      vertex   8.283287e+01 8.240000e+01 1.954292e+01
      vertex   8.655749e+01 8.240000e+01 2.078148e+01
    endloop
  endfacet
  facet normal 0.000000e+00 -1.000000e+00 0.000000e+00
    outer loop
      vertex   8.655749e+01 8.240000e+01 2.078148e+01
      vertex   8.283287e+01 8.240000e+01 1.954292e+01
      vertex   8.296423e+01 8.240000e+01 1.952175e+01
    endloop
  endfacet
  facet normal 0.000000e+00 -1.000000e+00 0.000000e+00
    outer loop
      vertex   8.655749e+01 8.240000e+01 2.078148e+01
      vertex   8.296423e+01 8.240000e+01 1.952175e+01
      vertex   8.640689e+01 8.240000e+01 2.061066e+01
    endloop
  endfacet
  facet normal 0.000000e+00 -1.000000e+00 0.000000e+00
    outer loop
      vertex   8.640689e+01 8.240000e+01 2.061066e+01
      vertex   8.296423e+01 8.240000e+01 1.952175e+01
      vertex   8.309260e+01 8.240000e+01 1.948675e+01
    endloop
  endfacet
  facet normal 0.000000e+00 -1.000000e+00 0.000000e+00
    outer loop
      vertex   8.640689e+01 8.240000e+01 2.061066e+01
      vertex   8.309260e+01 8.240000e+01 1.948675e+01
      vertex   8.626731e+01 8.240000e+01 2.043072e+01
    endloop
  endfacet
  facet normal 0.000000e+00 -1.000000e+00 0.000000e+00
    outer loop
      vertex   8.626731e+01 8.240000e+01 2.043072e+01
      vertex   8.309260e+01 8.240000e+01 1.948675e+01
      vertex   8.321652e+01 8.240000e+01 1.943829e+01
    endloop
  endfacet
  facet normal 0.000000e+00 -1.000000e+00 0.000000e+00
    outer loop
      vertex   8.626731e+01 8.240000e+01 2.043072e+01
      vertex   8.321652e+01 8.240000e+01 1.943829e+01
      vertex   8.613931e+01 8.240000e+01 2.024237e+01
    endloop
  endfacet
  facet normal 0.000000e+00 -1.000000e+00 0.000000e+00
    outer loop
      vertex   8.613931e+01 8.240000e+01 2.024237e+01
      vertex   8.321652e+01 8.240000e+01 1.943829e+01
      vertex   8.333458e+01 8.240000e+01 1.937694e+01
    endloop
  endfacet
  facet normal 0.000000e+00 -1.000000e+00 0.000000e+00
    outer loop
      vertex   8.613931e+01 8.240000e+01 2.024237e+01
      vertex   8.333458e+01 8.240000e+01 1.937694e+01
      vertex   8.602339e+01 8.240000e+01 2.004636e+01
    endloop
  endfacet
  facet normal 0.000000e+00 -1.000000e+00 0.000000e+00
    outer loop
      vertex   8.602339e+01 8.240000e+01 2.004636e+01
      vertex   8.333458e+01 8.240000e+01 1.937694e+01
      vertex   8.344546e+01 8.240000e+01 1.930339e+01
    endloop
  endfacet
  facet normal 0.000000e+00 -1.000000e+00 0.000000e+00
    outer loop
      vertex   8.602339e+01 8.240000e+01 2.004636e+01
      vertex   8.344546e+01 8.240000e+01 1.930339e+01
      vertex   8.592000e+01 8.240000e+01 1.984345e+01
    endloop
  endfacet
  facet normal 0.000000e+00 -1.000000e+00 0.000000e+00
    outer loop
      vertex   8.592000e+01 8.240000e+01 1.984345e+01
      vertex   8.344546e+01 8.240000e+01 1.930339e+01
      vertex   8.354789e+01 8.240000e+01 1.921847e+01
    endloop
  endfacet
  facet normal 0.000000e+00 -1.000000e+00 0.000000e+00
    outer loop
      vertex   8.592000e+01 8.240000e+01 1.984345e+01
      vertex   8.354789e+01 8.240000e+01 1.921847e+01
      vertex   8.582956e+01 8.240000e+01 1.963445e+01
    endloop
  endfacet
  facet normal 0.000000e+00 -1.000000e+00 0.000000e+00
    outer loop
      vertex   8.582956e+01 8.240000e+01 1.963445e+01
      vertex   8.354789e+01 8.240000e+01 1.921847e+01
      vertex   8.364071e+01 8.240000e+01 1.912314e+01
    endloop
  endfacet
  facet normal 0.000000e+00 -1.000000e+00 0.000000e+00
    outer loop
      vertex   8.582956e+01 8.240000e+01 1.963445e+01
      vertex   8.364071e+01 8.240000e+01 1.912314e+01
      vertex   8.575242e+01 8.240000e+01 1.942019e+01
    endloop
  endfacet
  facet normal 0.000000e+00 -1.000000e+00 0.000000e+00
    outer loop
      vertex   8.575242e+01 8.240000e+01 1.942019e+01
      vertex   8.364071e+01 8.240000e+01 1.912314e+01
      vertex   8.372288e+01 8.240000e+01 1.901848e+01
    endloop
  endfacet
  facet normal 0.000000e+00 -1.000000e+00 0.000000e+00
    outer loop
      vertex   8.575242e+01 8.240000e+01 1.942019e+01
      vertex   8.372288e+01 8.240000e+01 1.901848e+01
      vertex   8.568889e+01 8.240000e+01 1.920150e+01
    endloop
  endfacet
  facet normal 0.000000e+00 -1.000000e+00 0.000000e+00
    outer loop
      vertex   8.568889e+01 8.240000e+01 1.920150e+01
      vertex   8.372288e+01 8.240000e+01 1.901848e+01
      vertex   8.379345e+01 8.240000e+01 1.890569e+01
    endloop
  endfacet
  facet normal 0.000000e+00 -1.000000e+00 0.000000e+00
    outer loop
      vertex   8.568889e+01 8.240000e+01 1.920150e+01
      vertex   8.379345e+01 8.240000e+01 1.890569e+01
      vertex   8.563921e+01 8.240000e+01 1.897926e+01
    endloop
  endfacet
  facet normal 0.000000e+00 -1.000000e+00 0.000000e+00
    outer loop
      vertex   8.563921e+01 8.240000e+01 1.897926e+01
      vertex   8.379345e+01 8.240000e+01 1.890569e+01
      vertex   8.385164e+01 8.240000e+01 1.878603e+01
    endloop
  endfacet
  facet normal 0.000000e+00 -1.000000e+00 0.000000e+00
    outer loop
      vertex   8.563921e+01 8.240000e+01 1.897926e+01
      vertex   8.385164e+01 8.240000e+01 1.878603e+01
      vertex   8.389678e+01 8.240000e+01 1.866086e+01
    endloop
  endfacet
  facet normal 0.000000e+00 -1.000000e+00 0.000000e+00
    outer loop
      vertex   8.563921e+01 8.240000e+01 1.897926e+01
      vertex   8.389678e+01 8.240000e+01 1.866086e+01
      vertex   8.560358e+01 8.240000e+01 1.875433e+01
    endloop
  endfacet
  facet normal 0.000000e+00 -1.000000e+00 0.000000e+00
    outer loop
      vertex   8.560358e+01 8.240000e+01 1.875433e+01
      vertex   8.389678e+01 8.240000e+01 1.866086e+01
      vertex   8.392836e+01 8.240000e+01 1.853161e+01
    endloop
  endfacet
  facet normal 0.000000e+00 -1.000000e+00 0.000000e+00
    outer loop
      vertex   8.560358e+01 8.240000e+01 1.875433e+01
      vertex   8.392836e+01 8.240000e+01 1.853161e+01
      vertex   8.558215e+01 8.240000e+01 1.852762e+01
    endloop
  endfacet
  facet normal -0.000000e+00 -1.000000e+00 0.000000e+00
    outer loop
      vertex   8.558215e+01 8.240000e+01 1.852762e+01
      vertex   8.392836e+01 8.240000e+01 1.853161e+01
      vertex   8.394602e+01 8.240000e+01 1.839973e+01
    endloop
  endfacet
  facet normal 0.000000e+00 -1.000000e+00 0.000000e+00
    outer loop
      vertex   8.558215e+01 8.240000e+01 1.852762e+01
      vertex   8.394602e+01 8.240000e+01 1.839973e+01
      vertex   8.557500e+01 8.240000e+01 1.830000e+01
    endloop
  endfacet
  facet normal -0.000000e+00 -1.000000e+00 0.000000e+00
    outer loop
      vertex   8.557500e+01 8.240000e+01 1.830000e+01
      vertex   8.394602e+01 8.240000e+01 1.839973e+01
      vertex   8.394956e+01 8.240000e+01 1.826672e+01
    endloop
  endfacet
  facet normal 0.000000e+00 -1.000000e+00 -0.000000e+00
    outer loop
      vertex   8.557500e+01 8.240000e+01 1.830000e+01
      vertex   8.394956e+01 8.240000e+01 1.826672e+01
      vertex   8.558215e+01 8.240000e+01 1.807238e+01
    endloop
  endfacet
  facet normal 0.000000e+00 -1.000000e+00 0.000000e+00
    outer loop
      vertex   8.558215e+01 8.240000e+01 1.807238e+01
      vertex   8.394956e+01 8.240000e+01 1.826672e+01
      vertex   8.393894e+01 8.240000e+01 1.813409e+01
    endloop
  endfacet
  facet normal -0.000000e+00 -1.000000e+00 0.000000e+00
    outer loop
      vertex   8.558215e+01 8.240000e+01 1.807238e+01
      vertex   8.393894e+01 8.240000e+01 1.813409e+01
      vertex   8.391429e+01 8.240000e+01 1.800334e+01
    endloop
  endfacet
  facet normal 0.000000e+00 -1.000000e+00 -0.000000e+00
    outer loop
      vertex   8.558215e+01 8.240000e+01 1.807238e+01
      vertex   8.391429e+01 8.240000e+01 1.800334e+01
      vertex   8.560358e+01 8.240000e+01 1.784567e+01
    endloop
  endfacet
  facet normal 0.000000e+00 -1.000000e+00 0.000000e+00
    outer loop
      vertex   8.560358e+01 8.240000e+01 1.784567e+01
      vertex   8.391429e+01 8.240000e+01 1.800334e+01
      vertex   8.387588e+01 8.240000e+01 1.787595e+01
    endloop
  endfacet
  facet normal -0.000000e+00 -1.000000e+00 -0.000000e+00
    outer loop
      vertex   8.560358e+01 8.240000e+01 1.784567e+01
      vertex   8.387588e+01 8.240000e+01 1.787595e+01
      vertex   8.563921e+01 8.240000e+01 1.762074e+01
    endloop
  endfacet
  facet normal 0.000000e+00 -1.000000e+00 0.000000e+00
    outer loop
      vertex   8.563921e+01 8.240000e+01 1.762074e+01
      vertex   8.387588e+01 8.240000e+01 1.787595e+01
      vertex   8.382414e+01 8.240000e+01 1.775337e+01
    endloop
  endfacet
  facet normal -0.000000e+00 -1.000000e+00 -0.000000e+00
    outer loop
      vertex   8.563921e+01 8.240000e+01 1.762074e+01
      vertex   8.382414e+01 8.240000e+01 1.775337e+01
      vertex   8.568889e+01 8.240000e+01 1.739850e+01
    endloop
  endfacet
  facet normal 0.000000e+00 -1.000000e+00 0.000000e+00
    outer loop
      vertex   8.568889e+01 8.240000e+01 1.739850e+01
      vertex   8.382414e+01 8.240000e+01 1.775337e+01
      vertex   8.375967e+01 8.240000e+01 1.763697e+01
    endloop
  endfacet
  facet normal -0.000000e+00 -1.000000e+00 -0.000000e+00
    outer loop
      vertex   8.568889e+01 8.240000e+01 1.739850e+01
      vertex   8.375967e+01 8.240000e+01 1.763697e+01
      vertex   8.575242e+01 8.240000e+01 1.717981e+01
    endloop
  endfacet
  facet normal 0.000000e+00 -1.000000e+00 0.000000e+00
    outer loop
      vertex   8.575242e+01 8.240000e+01 1.717981e+01
      vertex   8.375967e+01 8.240000e+01 1.763697e+01
      vertex   8.368319e+01 8.240000e+01 1.752809e+01
    endloop
  endfacet
  facet normal 0.000000e+00 -1.000000e+00 0.000000e+00
    outer loop
      vertex   8.575242e+01 8.240000e+01 1.717981e+01
      vertex   8.368319e+01 8.240000e+01 1.752809e+01
      vertex   8.359557e+01 8.240000e+01 1.742796e+01
    endloop
  endfacet
  facet normal 0.000000e+00 -1.000000e+00 0.000000e+00
    outer loop
      vertex   8.349781e+01 8.240000e+01 1.733771e+01
      vertex   8.359971e+01 8.240000e+01 1.550983e+01
      vertex   8.359557e+01 8.240000e+01 1.742796e+01
    endloop
  endfacet
  facet normal 0.000000e+00 -1.000000e+00 0.000000e+00
    outer loop
      vertex   8.359557e+01 8.240000e+01 1.742796e+01
      vertex   8.359971e+01 8.240000e+01 1.550983e+01
      vertex   8.582956e+01 8.240000e+01 1.696555e+01
    endloop
  endfacet
  facet normal 0.000000e+00 -1.000000e+00 0.000000e+00
    outer loop
      vertex   8.359557e+01 8.240000e+01 1.742796e+01
      vertex   8.582956e+01 8.240000e+01 1.696555e+01
      vertex   8.575242e+01 8.240000e+01 1.717981e+01
    endloop
  endfacet
  facet normal 0.000000e+00 -1.000000e+00 -0.000000e+00
    outer loop
      vertex   8.349781e+01 8.240000e+01 1.733771e+01
      vertex   8.339100e+01 8.240000e+01 1.725836e+01
      vertex   8.359971e+01 8.240000e+01 1.550983e+01
    endloop
  endfacet
  facet normal 0.000000e+00 -1.000000e+00 0.000000e+00
    outer loop
      vertex   8.359971e+01 8.240000e+01 1.550983e+01
      vertex   8.339100e+01 8.240000e+01 1.725836e+01
      vertex   8.327637e+01 8.240000e+01 1.719081e+01
    endloop
  endfacet
  facet normal 0.000000e+00 -1.000000e+00 0.000000e+00
    outer loop
      vertex   8.359971e+01 8.240000e+01 1.550983e+01
      vertex   8.327637e+01 8.240000e+01 1.719081e+01
      vertex   8.315520e+01 8.240000e+01 1.713583e+01
    endloop
  endfacet
  facet normal 0.000000e+00 -1.000000e+00 -0.000000e+00
    outer loop
      vertex   8.315520e+01 8.240000e+01 1.713583e+01
      vertex   8.302888e+01 8.240000e+01 1.709404e+01
      vertex   8.359971e+01 8.240000e+01 1.550983e+01
    endloop
  endfacet
  facet normal 0.000000e+00 -1.000000e+00 0.000000e+00
    outer loop
      vertex   8.359971e+01 8.240000e+01 1.550983e+01
      vertex   8.302888e+01 8.240000e+01 1.709404e+01
      vertex   8.289883e+01 8.240000e+01 1.706591e+01
    endloop
  endfacet
  facet normal 1.421085e-14 -1.000000e+00 6.400723e-15
    outer loop
      vertex   8.359971e+01 8.240000e+01 1.550983e+01
      vertex   8.289883e+01 8.240000e+01 1.706591e+01
      vertex   8.259971e+01 8.240000e+01 1.550983e+01
    endloop
  endfacet
  facet normal -9.967328e-16 -1.000000e+00 9.324053e-15
    outer loop
      vertex   8.259971e+01 8.240000e+01 1.550983e+01
      vertex   8.289883e+01 8.240000e+01 1.706591e+01
      vertex   8.276653e+01 8.240000e+01 1.705177e+01
    endloop
  endfacet
  facet normal 0.000000e+00 -1.000000e+00 9.216217e-15
    outer loop
      vertex   8.259971e+01 8.240000e+01 1.550983e+01
      vertex   8.276653e+01 8.240000e+01 1.705177e+01
      vertex   8.263347e+01 8.240000e+01 1.705177e+01
    endloop
  endfacet
  facet normal 9.829043e-16 -1.000000e+00 9.194693e-15
    outer loop
      vertex   8.263347e+01 8.240000e+01 1.705177e+01
      vertex   8.250117e+01 8.240000e+01 1.706591e+01
      vertex   8.259971e+01 8.240000e+01 1.550983e+01
    endloop
  endfacet
  facet normal 2.002495e-15 -1.000000e+00 9.259256e-15
    outer loop
      vertex   8.259971e+01 8.240000e+01 1.550983e+01
      vertex   8.250117e+01 8.240000e+01 1.706591e+01
      vertex   8.237112e+01 8.240000e+01 1.709404e+01
    endloop
  endfacet
  facet normal 3.116283e-15 -1.000000e+00 9.419964e-15
    outer loop
      vertex   8.259971e+01 8.240000e+01 1.550983e+01
      vertex   8.237112e+01 8.240000e+01 1.709404e+01
      vertex   8.224480e+01 8.240000e+01 1.713583e+01
    endloop
  endfacet
  facet normal 4.401745e-15 -1.000000e+00 9.700542e-15
    outer loop
      vertex   8.224480e+01 8.240000e+01 1.713583e+01
      vertex   8.212363e+01 8.240000e+01 1.719081e+01
      vertex   8.259971e+01 8.240000e+01 1.550983e+01
    endloop
  endfacet
  facet normal 5.979242e-15 -1.000000e+00 1.014731e-14
    outer loop
      vertex   8.259971e+01 8.240000e+01 1.550983e+01
      vertex   8.212363e+01 8.240000e+01 1.719081e+01
      vertex   8.200900e+01 8.240000e+01 1.725836e+01
    endloop
  endfacet
  facet normal 8.061463e-15 -1.000000e+00 1.085074e-14
    outer loop
      vertex   8.259971e+01 8.240000e+01 1.550983e+01
      vertex   8.200900e+01 8.240000e+01 1.725836e+01
      vertex   8.190219e+01 8.240000e+01 1.733771e+01
    endloop
  endfacet
  facet normal 5.681452e-15 -1.000000e+00 9.942541e-15
    outer loop
      vertex   8.259971e+01 8.240000e+01 1.550983e+01
      vertex   8.190219e+01 8.240000e+01 1.733771e+01
      vertex   7.909971e+01 8.240000e+01 1.750983e+01
    endloop
  endfacet
  facet normal 5.432207e-15 -1.000000e+00 5.884381e-15
    outer loop
      vertex   7.909971e+01 8.240000e+01 1.750983e+01
      vertex   8.190219e+01 8.240000e+01 1.733771e+01
      vertex   8.180443e+01 8.240000e+01 1.742796e+01
    endloop
  endfacet
  facet normal 5.397037e-15 -1.000000e+00 4.722493e-15
    outer loop
      vertex   7.909971e+01 8.240000e+01 1.750983e+01
      vertex   8.180443e+01 8.240000e+01 1.742796e+01
      vertex   8.171681e+01 8.240000e+01 1.752809e+01
    endloop
  endfacet
  facet normal 5.403506e-15 -1.000000e+00 3.795498e-15
    outer loop
      vertex   8.171681e+01 8.240000e+01 1.752809e+01
      vertex   8.164033e+01 8.240000e+01 1.763697e+01
      vertex   7.909971e+01 8.240000e+01 1.750983e+01
    endloop
  endfacet
  facet normal 5.442576e-15 -1.000000e+00 3.014765e-15
    outer loop
      vertex   7.909971e+01 8.240000e+01 1.750983e+01
      vertex   8.164033e+01 8.240000e+01 1.763697e+01
      vertex   8.157586e+01 8.240000e+01 1.775337e+01
    endloop
  endfacet
  facet normal 5.510361e-15 -1.000000e+00 2.325555e-15
    outer loop
      vertex   7.909971e+01 8.240000e+01 1.750983e+01
      vertex   8.157586e+01 8.240000e+01 1.775337e+01
      vertex   8.152412e+01 8.240000e+01 1.787595e+01
    endloop
  endfacet
  facet normal 5.606269e-15 -1.000000e+00 1.690461e-15
    outer loop
      vertex   8.152412e+01 8.240000e+01 1.787595e+01
      vertex   8.148571e+01 8.240000e+01 1.800334e+01
      vertex   7.909971e+01 8.240000e+01 1.750983e+01
    endloop
  endfacet
  facet normal 5.732357e-15 -1.000000e+00 1.080857e-15
    outer loop
      vertex   7.909971e+01 8.240000e+01 1.750983e+01
      vertex   8.148571e+01 8.240000e+01 1.800334e+01
      vertex   8.146106e+01 8.240000e+01 1.813409e+01
    endloop
  endfacet
  facet normal 5.893393e-15 -1.000000e+00 4.717147e-16
    outer loop
      vertex   7.909971e+01 8.240000e+01 1.750983e+01
      vertex   8.146106e+01 8.240000e+01 1.813409e+01
      vertex   8.145044e+01 8.240000e+01 1.826672e+01
    endloop
  endfacet
  facet normal 6.097559e-15 -1.000000e+00 -1.623777e-16
    outer loop
      vertex   8.145044e+01 8.240000e+01 1.826672e+01
      vertex   8.145398e+01 8.240000e+01 1.839973e+01
      vertex   7.909971e+01 8.240000e+01 1.750983e+01
    endloop
  endfacet
  facet normal 6.358006e-15 -1.000000e+00 -8.514021e-16
    outer loop
      vertex   7.909971e+01 8.240000e+01 1.750983e+01
      vertex   8.145398e+01 8.240000e+01 1.839973e+01
      vertex   8.147164e+01 8.240000e+01 1.853161e+01
    endloop
  endfacet
  facet normal 6.695933e-15 -1.000000e+00 -1.635860e-15
    outer loop
      vertex   7.909971e+01 8.240000e+01 1.750983e+01
      vertex   8.147164e+01 8.240000e+01 1.853161e+01
      vertex   8.150322e+01 8.240000e+01 1.866086e+01
    endloop
  endfacet
  facet normal 7.146784e-15 -1.000000e+00 -2.577300e-15
    outer loop
      vertex   8.150322e+01 8.240000e+01 1.866086e+01
      vertex   8.154836e+01 8.240000e+01 1.878603e+01
      vertex   7.909971e+01 8.240000e+01 1.750983e+01
    endloop
  endfacet
  facet normal 7.773657e-15 -1.000000e+00 -3.780086e-15
    outer loop
      vertex   7.909971e+01 8.240000e+01 1.750983e+01
      vertex   8.154836e+01 8.240000e+01 1.878603e+01
      vertex   8.160655e+01 8.240000e+01 1.890569e+01
    endloop
  endfacet
  facet normal 8.699832e-15 -1.000000e+00 -5.443418e-15
    outer loop
      vertex   7.909971e+01 8.240000e+01 1.750983e+01
      vertex   8.160655e+01 8.240000e+01 1.890569e+01
      vertex   8.167712e+01 8.240000e+01 1.901848e+01
    endloop
  endfacet
  facet normal 1.020186e-14 -1.000000e+00 -8.009522e-15
    outer loop
      vertex   8.167712e+01 8.240000e+01 1.901848e+01
      vertex   8.175929e+01 8.240000e+01 1.912314e+01
      vertex   7.909971e+01 8.240000e+01 1.750983e+01
    endloop
  endfacet
  facet normal 5.343269e-15 -1.000000e+00 0.000000e+00
    outer loop
      vertex   7.909971e+01 8.240000e+01 1.750983e+01
      vertex   8.175929e+01 8.240000e+01 1.912314e+01
      vertex   7.909971e+01 8.240000e+01 2.700000e+01
    endloop
  endfacet
  facet normal 1.375758e-15 -1.000000e+00 -1.339609e-15
    outer loop
      vertex   7.909971e+01 8.240000e+01 2.700000e+01
      vertex   8.175929e+01 8.240000e+01 1.912314e+01
      vertex   8.185211e+01 8.240000e+01 1.921847e+01
    endloop
  endfacet
  facet normal 1.170746e-15 -1.000000e+00 -1.412124e-15
    outer loop
      vertex   7.909971e+01 8.240000e+01 2.700000e+01
      vertex   8.185211e+01 8.240000e+01 1.921847e+01
      vertex   8.195454e+01 8.240000e+01 1.930339e+01
    endloop
  endfacet
  facet normal 9.829721e-16 -1.000000e+00 -1.481773e-15
    outer loop
      vertex   8.195454e+01 8.240000e+01 1.930339e+01
      vertex   8.206542e+01 8.240000e+01 1.937694e+01
      vertex   7.909971e+01 8.240000e+01 2.700000e+01
    endloop
  endfacet
  facet normal 8.057891e-16 -1.000000e+00 -1.550705e-15
    outer loop
      vertex   7.909971e+01 8.240000e+01 2.700000e+01
      vertex   8.206542e+01 8.240000e+01 1.937694e+01
      vertex   8.218348e+01 8.240000e+01 1.943829e+01
    endloop
  endfacet
  facet normal 6.337695e-16 -1.000000e+00 -1.620858e-15
    outer loop
      vertex   7.909971e+01 8.240000e+01 2.700000e+01
      vertex   8.218348e+01 8.240000e+01 1.943829e+01
      vertex   8.230740e+01 8.240000e+01 1.948675e+01
    endloop
  endfacet
  facet normal 4.620220e-16 -1.000000e+00 -1.694183e-15
    outer loop
      vertex   8.230740e+01 8.240000e+01 1.948675e+01
      vertex   8.243577e+01 8.240000e+01 1.952175e+01
      vertex   7.909971e+01 8.240000e+01 2.700000e+01
    endloop
  endfacet
  facet normal 2.856355e-16 -1.000000e+00 -1.772870e-15
    outer loop
      vertex   7.909971e+01 8.240000e+01 2.700000e+01
      vertex   8.243577e+01 8.240000e+01 1.952175e+01
      vertex   8.256713e+01 8.240000e+01 1.954292e+01
    endloop
  endfacet
  facet normal 0.000000e+00 -1.000000e+00 0.000000e+00
    outer loop
      vertex   9.556713e+01 8.240000e+01 1.954292e+01
      vertex   9.570000e+01 8.240000e+01 1.955000e+01
      vertex   9.720000e+01 8.240000e+01 2.071500e+01
    endloop
  endfacet
  facet normal 0.000000e+00 -1.000000e+00 0.000000e+00
    outer loop
      vertex   9.720000e+01 8.240000e+01 2.071500e+01
      vertex   9.570000e+01 8.240000e+01 1.955000e+01
      vertex   9.583287e+01 8.240000e+01 1.954292e+01
    endloop
  endfacet
  facet normal 0.000000e+00 -1.000000e+00 0.000000e+00
    outer loop
      vertex   9.720000e+01 8.240000e+01 2.071500e+01
      vertex   9.583287e+01 8.240000e+01 1.954292e+01
      vertex   9.596423e+01 8.240000e+01 1.952175e+01
    endloop
  endfacet
  facet normal 0.000000e+00 -1.000000e+00 0.000000e+00
    outer loop
      vertex   9.596423e+01 8.240000e+01 1.952175e+01
      vertex   9.609260e+01 8.240000e+01 1.948675e+01
      vertex   9.720000e+01 8.240000e+01 2.071500e+01
    endloop
  endfacet
  facet normal 0.000000e+00 -1.000000e+00 0.000000e+00
    outer loop
      vertex   9.720000e+01 8.240000e+01 2.071500e+01
      vertex   9.609260e+01 8.240000e+01 1.948675e+01
      vertex   9.621652e+01 8.240000e+01 1.943829e+01
    endloop
  endfacet
  facet normal 0.000000e+00 -1.000000e+00 0.000000e+00
    outer loop
      vertex   9.720000e+01 8.240000e+01 2.071500e+01
      vertex   9.621652e+01 8.240000e+01 1.943829e+01
      vertex   9.633458e+01 8.240000e+01 1.937694e+01
    endloop
  endfacet
  facet normal 0.000000e+00 -1.000000e+00 0.000000e+00
    outer loop
      vertex   9.633458e+01 8.240000e+01 1.937694e+01
      vertex   9.644546e+01 8.240000e+01 1.930339e+01
      vertex   9.720000e+01 8.240000e+01 2.071500e+01
    endloop
  endfacet
  facet normal 0.000000e+00 -1.000000e+00 0.000000e+00
    outer loop
      vertex   9.720000e+01 8.240000e+01 2.071500e+01
      vertex   9.644546e+01 8.240000e+01 1.930339e+01
      vertex   9.654789e+01 8.240000e+01 1.921847e+01
    endloop
  endfacet
  facet normal 0.000000e+00 -1.000000e+00 0.000000e+00
    outer loop
      vertex   9.720000e+01 8.240000e+01 2.071500e+01
      vertex   9.654789e+01 8.240000e+01 1.921847e+01
      vertex   9.664071e+01 8.240000e+01 1.912314e+01
    endloop
  endfacet
  facet normal 0.000000e+00 -1.000000e+00 0.000000e+00
    outer loop
      vertex   9.664071e+01 8.240000e+01 1.912314e+01
      vertex   9.672288e+01 8.240000e+01 1.901848e+01
      vertex   9.720000e+01 8.240000e+01 2.071500e+01
    endloop
  endfacet
  facet normal 0.000000e+00 -1.000000e+00 0.000000e+00
    outer loop
      vertex   9.720000e+01 8.240000e+01 2.071500e+01
      vertex   9.672288e+01 8.240000e+01 1.901848e+01
      vertex   9.679345e+01 8.240000e+01 1.890569e+01
    endloop
  endfacet
  facet normal 0.000000e+00 -1.000000e+00 0.000000e+00
    outer loop
      vertex   9.720000e+01 8.240000e+01 2.071500e+01
      vertex   9.679345e+01 8.240000e+01 1.890569e+01
      vertex   9.685164e+01 8.240000e+01 1.878603e+01
    endloop
  endfacet
  facet normal -5.684342e-15 -1.000000e+00 1.026554e-15
    outer loop
      vertex   9.720000e+01 8.240000e+01 2.071500e+01
      vertex   9.685164e+01 8.240000e+01 1.878603e+01
      vertex   9.970000e+01 8.240000e+01 2.071500e+01
    endloop
  endfacet
  facet normal -4.009845e-15 -1.000000e+00 -1.446045e-15
    outer loop
      vertex   9.970000e+01 8.240000e+01 2.071500e+01
      vertex   9.685164e+01 8.240000e+01 1.878603e+01
      vertex   9.689678e+01 8.240000e+01 1.866086e+01
    endloop
  endfacet
  facet normal -4.299727e-15 -1.000000e+00 -1.050451e-15
    outer loop
      vertex   9.970000e+01 8.240000e+01 2.071500e+01
      vertex   9.689678e+01 8.240000e+01 1.866086e+01
      vertex   9.692836e+01 8.240000e+01 1.853161e+01
    endloop
  endfacet
  facet normal -4.637974e-15 -1.000000e+00 -6.210723e-16
    outer loop
      vertex   9.692836e+01 8.240000e+01 1.853161e+01
      vertex   9.694602e+01 8.240000e+01 1.839973e+01
      vertex   9.970000e+01 8.240000e+01 2.071500e+01
    endloop
  endfacet
  facet normal -5.047115e-15 -1.000000e+00 -1.344045e-16
    outer loop
      vertex   9.970000e+01 8.240000e+01 2.071500e+01
      vertex   9.694602e+01 8.240000e+01 1.839973e+01
      vertex   9.694956e+01 8.240000e+01 1.826672e+01
    endloop
  endfacet
  facet normal -5.563113e-15 -1.000000e+00 4.452787e-16
    outer loop
      vertex   9.970000e+01 8.240000e+01 2.071500e+01
      vertex   9.694956e+01 8.240000e+01 1.826672e+01
      vertex   9.693894e+01 8.240000e+01 1.813409e+01
    endloop
  endfacet
  facet normal -6.248127e-15 -1.000000e+00 1.178107e-15
    outer loop
      vertex   9.693894e+01 8.240000e+01 1.813409e+01
      vertex   9.691429e+01 8.240000e+01 1.800334e+01
      vertex   9.970000e+01 8.240000e+01 2.071500e+01
    endloop
  endfacet
  facet normal -5.101337e-15 -1.000000e+00 -0.000000e+00
    outer loop
      vertex   9.970000e+01 8.240000e+01 2.071500e+01
      vertex   9.691429e+01 8.240000e+01 1.800334e+01
      vertex   9.970000e+01 8.240000e+01 1.360000e+01
    endloop
  endfacet
  facet normal -3.454726e-15 -1.000000e+00 1.041705e-15
    outer loop
      vertex   9.970000e+01 8.240000e+01 1.360000e+01
      vertex   9.691429e+01 8.240000e+01 1.800334e+01
      vertex   9.687588e+01 8.240000e+01 1.787595e+01
    endloop
  endfacet
  facet normal -3.070150e-15 -1.000000e+00 1.295705e-15
    outer loop
      vertex   9.970000e+01 8.240000e+01 1.360000e+01
      vertex   9.687588e+01 8.240000e+01 1.787595e+01
      vertex   9.682414e+01 8.240000e+01 1.775337e+01
    endloop
  endfacet
  facet normal -2.745263e-15 -1.000000e+00 1.520662e-15
    outer loop
      vertex   9.682414e+01 8.240000e+01 1.775337e+01
      vertex   9.675967e+01 8.240000e+01 1.763697e+01
      vertex   9.970000e+01 8.240000e+01 1.360000e+01
    endloop
  endfacet
  facet normal -2.460346e-15 -1.000000e+00 1.728182e-15
    outer loop
      vertex   9.970000e+01 8.240000e+01 1.360000e+01
      vertex   9.675967e+01 8.240000e+01 1.763697e+01
      vertex   9.668319e+01 8.240000e+01 1.752809e+01
    endloop
  endfacet
  facet normal -2.201883e-15 -1.000000e+00 1.926683e-15
    outer loop
      vertex   9.970000e+01 8.240000e+01 1.360000e+01
      vertex   9.668319e+01 8.240000e+01 1.752809e+01
      vertex   9.659557e+01 8.240000e+01 1.742796e+01
    endloop
  endfacet
  facet normal -1.959841e-15 -1.000000e+00 2.122977e-15
    outer loop
      vertex   9.659557e+01 8.240000e+01 1.742796e+01
      vertex   9.649781e+01 8.240000e+01 1.733771e+01
      vertex   9.970000e+01 8.240000e+01 1.360000e+01
    endloop
  endfacet
  facet normal -1.726052e-15 -1.000000e+00 2.323270e-15
    outer loop
      vertex   9.970000e+01 8.240000e+01 1.360000e+01
      vertex   9.649781e+01 8.240000e+01 1.733771e+01
      vertex   9.639100e+01 8.240000e+01 1.725836e+01
    endloop
  endfacet
  facet normal -1.493120e-15 -1.000000e+00 2.533958e-15
    outer loop
      vertex   9.970000e+01 8.240000e+01 1.360000e+01
      vertex   9.639100e+01 8.240000e+01 1.725836e+01
      vertex   9.627637e+01 8.240000e+01 1.719081e+01
    endloop
  endfacet
  facet normal -1.253489e-15 -1.000000e+00 2.762432e-15
    outer loop
      vertex   9.627637e+01 8.240000e+01 1.719081e+01
      vertex   9.615520e+01 8.240000e+01 1.713583e+01
      vertex   9.970000e+01 8.240000e+01 1.360000e+01
    endloop
  endfacet
  facet normal -9.984457e-16 -1.000000e+00 3.018122e-15
    outer loop
      vertex   9.970000e+01 8.240000e+01 1.360000e+01
      vertex   9.615520e+01 8.240000e+01 1.713583e+01
      vertex   9.602888e+01 8.240000e+01 1.709404e+01
    endloop
  endfacet
  facet normal -7.167401e-16 -1.000000e+00 3.314105e-15
    outer loop
      vertex   9.970000e+01 8.240000e+01 1.360000e+01
      vertex   9.602888e+01 8.240000e+01 1.709404e+01
      vertex   9.589883e+01 8.240000e+01 1.706591e+01
    endloop
  endfacet
  facet normal 3.036999e-16 -1.000000e+00 4.433252e-15
    outer loop
      vertex   9.970000e+01 8.240000e+01 1.360000e+01
      vertex   9.589883e+01 8.240000e+01 1.706591e+01
      vertex   9.670000e+01 8.240000e+01 1.060000e+01
    endloop
  endfacet
  facet normal -4.637454e-16 -1.000000e+00 4.338160e-15
    outer loop
      vertex   9.670000e+01 8.240000e+01 1.060000e+01
      vertex   9.589883e+01 8.240000e+01 1.706591e+01
      vertex   9.576653e+01 8.240000e+01 1.705177e+01
    endloop
  endfacet
  facet normal 0.000000e+00 -1.000000e+00 4.405257e-15
    outer loop
      vertex   9.670000e+01 8.240000e+01 1.060000e+01
      vertex   9.576653e+01 8.240000e+01 1.705177e+01
      vertex   9.563347e+01 8.240000e+01 1.705177e+01
    endloop
  endfacet
  facet normal 4.793893e-16 -1.000000e+00 4.484504e-15
    outer loop
      vertex   9.563347e+01 8.240000e+01 1.705177e+01
      vertex   9.550117e+01 8.240000e+01 1.706591e+01
      vertex   9.670000e+01 8.240000e+01 1.060000e+01
    endloop
  endfacet
  facet normal -1.409557e-15 -1.000000e+00 4.134279e-15
    outer loop
      vertex   9.670000e+01 8.240000e+01 1.060000e+01
      vertex   9.550117e+01 8.240000e+01 1.706591e+01
      vertex   9.184251e+01 8.240000e+01 1.581852e+01
    endloop
  endfacet
  facet normal -2.820732e-15 -1.000000e+00 2.820732e-15
    outer loop
      vertex   9.670000e+01 8.240000e+01 1.060000e+01
      vertex   9.184251e+01 8.240000e+01 1.581852e+01
      vertex   9.168148e+01 8.240000e+01 1.565749e+01
    endloop
  endfacet
  facet normal 0.000000e+00 -1.000000e+00 0.000000e+00
    outer loop
      vertex   9.184251e+01 8.240000e+01 1.581852e+01
      vertex   9.550117e+01 8.240000e+01 1.706591e+01
      vertex   9.199311e+01 8.240000e+01 1.598934e+01
    endloop
  endfacet
  facet normal 0.000000e+00 -1.000000e+00 0.000000e+00
    outer loop
      vertex   9.199311e+01 8.240000e+01 1.598934e+01
      vertex   9.550117e+01 8.240000e+01 1.706591e+01
      vertex   9.537112e+01 8.240000e+01 1.709404e+01
    endloop
  endfacet
  facet normal 0.000000e+00 -1.000000e+00 0.000000e+00
    outer loop
      vertex   9.199311e+01 8.240000e+01 1.598934e+01
      vertex   9.537112e+01 8.240000e+01 1.709404e+01
      vertex   9.213269e+01 8.240000e+01 1.616928e+01
    endloop
  endfacet
  facet normal 0.000000e+00 -1.000000e+00 0.000000e+00
    outer loop
      vertex   9.213269e+01 8.240000e+01 1.616928e+01
      vertex   9.537112e+01 8.240000e+01 1.709404e+01
      vertex   9.524480e+01 8.240000e+01 1.713583e+01
    endloop
  endfacet
  facet normal 0.000000e+00 -1.000000e+00 0.000000e+00
    outer loop
      vertex   9.213269e+01 8.240000e+01 1.616928e+01
      vertex   9.524480e+01 8.240000e+01 1.713583e+01
      vertex   9.226069e+01 8.240000e+01 1.635763e+01
    endloop
  endfacet
  facet normal 0.000000e+00 -1.000000e+00 0.000000e+00
    outer loop
      vertex   9.226069e+01 8.240000e+01 1.635763e+01
      vertex   9.524480e+01 8.240000e+01 1.713583e+01
      vertex   9.512363e+01 8.240000e+01 1.719081e+01
    endloop
  endfacet
  facet normal 0.000000e+00 -1.000000e+00 0.000000e+00
    outer loop
      vertex   9.226069e+01 8.240000e+01 1.635763e+01
      vertex   9.512363e+01 8.240000e+01 1.719081e+01
      vertex   9.237661e+01 8.240000e+01 1.655364e+01
    endloop
  endfacet
  facet normal 0.000000e+00 -1.000000e+00 0.000000e+00
    outer loop
      vertex   9.237661e+01 8.240000e+01 1.655364e+01
      vertex   9.512363e+01 8.240000e+01 1.719081e+01
      vertex   9.500900e+01 8.240000e+01 1.725836e+01
    endloop
  endfacet
  facet normal 0.000000e+00 -1.000000e+00 0.000000e+00
    outer loop
      vertex   9.237661e+01 8.240000e+01 1.655364e+01
      vertex   9.500900e+01 8.240000e+01 1.725836e+01
      vertex   9.248000e+01 8.240000e+01 1.675655e+01
    endloop
  endfacet
  facet normal 0.000000e+00 -1.000000e+00 0.000000e+00
    outer loop
      vertex   9.248000e+01 8.240000e+01 1.675655e+01
      vertex   9.500900e+01 8.240000e+01 1.725836e+01
      vertex   9.490219e+01 8.240000e+01 1.733771e+01
    endloop
  endfacet
  facet normal 0.000000e+00 -1.000000e+00 0.000000e+00
    outer loop
      vertex   9.248000e+01 8.240000e+01 1.675655e+01
      vertex   9.490219e+01 8.240000e+01 1.733771e+01
      vertex   9.257044e+01 8.240000e+01 1.696555e+01
    endloop
  endfacet
  facet normal 0.000000e+00 -1.000000e+00 0.000000e+00
    outer loop
      vertex   9.257044e+01 8.240000e+01 1.696555e+01
      vertex   9.490219e+01 8.240000e+01 1.733771e+01
      vertex   9.480443e+01 8.240000e+01 1.742796e+01
    endloop
  endfacet
  facet normal 0.000000e+00 -1.000000e+00 0.000000e+00
    outer loop
      vertex   9.257044e+01 8.240000e+01 1.696555e+01
      vertex   9.480443e+01 8.240000e+01 1.742796e+01
      vertex   9.264758e+01 8.240000e+01 1.717981e+01
    endloop
  endfacet
  facet normal 0.000000e+00 -1.000000e+00 0.000000e+00
    outer loop
      vertex   9.264758e+01 8.240000e+01 1.717981e+01
      vertex   9.480443e+01 8.240000e+01 1.742796e+01
      vertex   9.471681e+01 8.240000e+01 1.752809e+01
    endloop
  endfacet
  facet normal 0.000000e+00 -1.000000e+00 0.000000e+00
    outer loop
      vertex   9.264758e+01 8.240000e+01 1.717981e+01
      vertex   9.471681e+01 8.240000e+01 1.752809e+01
      vertex   9.464033e+01 8.240000e+01 1.763697e+01
    endloop
  endfacet
  facet normal 0.000000e+00 -1.000000e+00 0.000000e+00
    outer loop
      vertex   9.264758e+01 8.240000e+01 1.717981e+01
      vertex   9.464033e+01 8.240000e+01 1.763697e+01
      vertex   9.271111e+01 8.240000e+01 1.739850e+01
    endloop
  endfacet
  facet normal 0.000000e+00 -1.000000e+00 0.000000e+00
    outer loop
      vertex   9.271111e+01 8.240000e+01 1.739850e+01
      vertex   9.464033e+01 8.240000e+01 1.763697e+01
      vertex   9.457586e+01 8.240000e+01 1.775337e+01
    endloop
  endfacet
  facet normal 0.000000e+00 -1.000000e+00 0.000000e+00
    outer loop
      vertex   9.271111e+01 8.240000e+01 1.739850e+01
      vertex   9.457586e+01 8.240000e+01 1.775337e+01
      vertex   9.276079e+01 8.240000e+01 1.762074e+01
    endloop
  endfacet
  facet normal 0.000000e+00 -1.000000e+00 0.000000e+00
    outer loop
      vertex   9.276079e+01 8.240000e+01 1.762074e+01
      vertex   9.457586e+01 8.240000e+01 1.775337e+01
      vertex   9.452412e+01 8.240000e+01 1.787595e+01
    endloop
  endfacet
  facet normal 0.000000e+00 -1.000000e+00 0.000000e+00
    outer loop
      vertex   9.276079e+01 8.240000e+01 1.762074e+01
      vertex   9.452412e+01 8.240000e+01 1.787595e+01
      vertex   9.279642e+01 8.240000e+01 1.784567e+01
    endloop
  endfacet
  facet normal 0.000000e+00 -1.000000e+00 0.000000e+00
    outer loop
      vertex   9.279642e+01 8.240000e+01 1.784567e+01
      vertex   9.452412e+01 8.240000e+01 1.787595e+01
      vertex   9.448571e+01 8.240000e+01 1.800334e+01
    endloop
  endfacet
  facet normal 0.000000e+00 -1.000000e+00 0.000000e+00
    outer loop
      vertex   9.279642e+01 8.240000e+01 1.784567e+01
      vertex   9.448571e+01 8.240000e+01 1.800334e+01
      vertex   9.281785e+01 8.240000e+01 1.807238e+01
    endloop
  endfacet
  facet normal 0.000000e+00 -1.000000e+00 0.000000e+00
    outer loop
      vertex   9.281785e+01 8.240000e+01 1.807238e+01
      vertex   9.448571e+01 8.240000e+01 1.800334e+01
      vertex   9.446106e+01 8.240000e+01 1.813409e+01
    endloop
  endfacet
  facet normal 0.000000e+00 -1.000000e+00 0.000000e+00
    outer loop
      vertex   9.281785e+01 8.240000e+01 1.807238e+01
      vertex   9.446106e+01 8.240000e+01 1.813409e+01
      vertex   9.445044e+01 8.240000e+01 1.826672e+01
    endloop
  endfacet
  facet normal 0.000000e+00 -1.000000e+00 0.000000e+00
    outer loop
      vertex   9.281785e+01 8.240000e+01 1.807238e+01
      vertex   9.445044e+01 8.240000e+01 1.826672e+01
      vertex   9.282500e+01 8.240000e+01 1.830000e+01
    endloop
  endfacet
  facet normal 0.000000e+00 -1.000000e+00 0.000000e+00
    outer loop
      vertex   9.282500e+01 8.240000e+01 1.830000e+01
      vertex   9.445044e+01 8.240000e+01 1.826672e+01
      vertex   9.445398e+01 8.240000e+01 1.839973e+01
    endloop
  endfacet
  facet normal 0.000000e+00 -1.000000e+00 0.000000e+00
    outer loop
      vertex   9.282500e+01 8.240000e+01 1.830000e+01
      vertex   9.445398e+01 8.240000e+01 1.839973e+01
      vertex   9.281785e+01 8.240000e+01 1.852762e+01
    endloop
  endfacet
  facet normal 0.000000e+00 -1.000000e+00 0.000000e+00
    outer loop
      vertex   9.281785e+01 8.240000e+01 1.852762e+01
      vertex   9.445398e+01 8.240000e+01 1.839973e+01
      vertex   9.447164e+01 8.240000e+01 1.853161e+01
    endloop
  endfacet
  facet normal 0.000000e+00 -1.000000e+00 0.000000e+00
    outer loop
      vertex   9.281785e+01 8.240000e+01 1.852762e+01
      vertex   9.447164e+01 8.240000e+01 1.853161e+01
      vertex   9.279642e+01 8.240000e+01 1.875433e+01
    endloop
  endfacet
  facet normal 0.000000e+00 -1.000000e+00 0.000000e+00
    outer loop
      vertex   9.279642e+01 8.240000e+01 1.875433e+01
      vertex   9.447164e+01 8.240000e+01 1.853161e+01
      vertex   9.450322e+01 8.240000e+01 1.866086e+01
    endloop
  endfacet
  facet normal 0.000000e+00 -1.000000e+00 0.000000e+00
    outer loop
      vertex   9.279642e+01 8.240000e+01 1.875433e+01
      vertex   9.450322e+01 8.240000e+01 1.866086e+01
      vertex   9.276079e+01 8.240000e+01 1.897926e+01
    endloop
  endfacet
  facet normal 0.000000e+00 -1.000000e+00 0.000000e+00
    outer loop
      vertex   9.276079e+01 8.240000e+01 1.897926e+01
      vertex   9.450322e+01 8.240000e+01 1.866086e+01
      vertex   9.454836e+01 8.240000e+01 1.878603e+01
    endloop
  endfacet
  facet normal 0.000000e+00 -1.000000e+00 0.000000e+00
    outer loop
      vertex   9.276079e+01 8.240000e+01 1.897926e+01
      vertex   9.454836e+01 8.240000e+01 1.878603e+01
      vertex   9.460655e+01 8.240000e+01 1.890569e+01
    endloop
  endfacet
  facet normal 0.000000e+00 -1.000000e+00 0.000000e+00
    outer loop
      vertex   9.276079e+01 8.240000e+01 1.897926e+01
      vertex   9.460655e+01 8.240000e+01 1.890569e+01
      vertex   9.271111e+01 8.240000e+01 1.920150e+01
    endloop
  endfacet
  facet normal 0.000000e+00 -1.000000e+00 0.000000e+00
    outer loop
      vertex   9.271111e+01 8.240000e+01 1.920150e+01
      vertex   9.460655e+01 8.240000e+01 1.890569e+01
      vertex   9.467712e+01 8.240000e+01 1.901848e+01
    endloop
  endfacet
  facet normal 0.000000e+00 -1.000000e+00 0.000000e+00
    outer loop
      vertex   9.271111e+01 8.240000e+01 1.920150e+01
      vertex   9.467712e+01 8.240000e+01 1.901848e+01
      vertex   9.264758e+01 8.240000e+01 1.942019e+01
    endloop
  endfacet
  facet normal 0.000000e+00 -1.000000e+00 0.000000e+00
    outer loop
      vertex   9.264758e+01 8.240000e+01 1.942019e+01
      vertex   9.467712e+01 8.240000e+01 1.901848e+01
      vertex   9.475929e+01 8.240000e+01 1.912314e+01
    endloop
  endfacet
  facet normal 0.000000e+00 -1.000000e+00 0.000000e+00
    outer loop
      vertex   9.264758e+01 8.240000e+01 1.942019e+01
      vertex   9.475929e+01 8.240000e+01 1.912314e+01
      vertex   9.257044e+01 8.240000e+01 1.963445e+01
    endloop
  endfacet
  facet normal 0.000000e+00 -1.000000e+00 0.000000e+00
    outer loop
      vertex   9.257044e+01 8.240000e+01 1.963445e+01
      vertex   9.475929e+01 8.240000e+01 1.912314e+01
      vertex   9.485211e+01 8.240000e+01 1.921847e+01
    endloop
  endfacet
  facet normal 0.000000e+00 -1.000000e+00 0.000000e+00
    outer loop
      vertex   9.257044e+01 8.240000e+01 1.963445e+01
      vertex   9.485211e+01 8.240000e+01 1.921847e+01
      vertex   9.248000e+01 8.240000e+01 1.984345e+01
    endloop
  endfacet
  facet normal 0.000000e+00 -1.000000e+00 0.000000e+00
    outer loop
      vertex   9.248000e+01 8.240000e+01 1.984345e+01
      vertex   9.485211e+01 8.240000e+01 1.921847e+01
      vertex   9.495454e+01 8.240000e+01 1.930339e+01
    endloop
  endfacet
  facet normal 0.000000e+00 -1.000000e+00 0.000000e+00
    outer loop
      vertex   9.248000e+01 8.240000e+01 1.984345e+01
      vertex   9.495454e+01 8.240000e+01 1.930339e+01
      vertex   9.237661e+01 8.240000e+01 2.004636e+01
    endloop
  endfacet
  facet normal 0.000000e+00 -1.000000e+00 0.000000e+00
    outer loop
      vertex   9.237661e+01 8.240000e+01 2.004636e+01
      vertex   9.495454e+01 8.240000e+01 1.930339e+01
      vertex   9.506542e+01 8.240000e+01 1.937694e+01
    endloop
  endfacet
  facet normal 0.000000e+00 -1.000000e+00 0.000000e+00
    outer loop
      vertex   9.237661e+01 8.240000e+01 2.004636e+01
      vertex   9.506542e+01 8.240000e+01 1.937694e+01
      vertex   9.226069e+01 8.240000e+01 2.024237e+01
    endloop
  endfacet
  facet normal 0.000000e+00 -1.000000e+00 0.000000e+00
    outer loop
      vertex   9.226069e+01 8.240000e+01 2.024237e+01
      vertex   9.506542e+01 8.240000e+01 1.937694e+01
      vertex   9.518348e+01 8.240000e+01 1.943829e+01
    endloop
  endfacet
  facet normal 0.000000e+00 -1.000000e+00 0.000000e+00
    outer loop
      vertex   9.226069e+01 8.240000e+01 2.024237e+01
      vertex   9.518348e+01 8.240000e+01 1.943829e+01
      vertex   9.213269e+01 8.240000e+01 2.043072e+01
    endloop
  endfacet
  facet normal 0.000000e+00 -1.000000e+00 0.000000e+00
    outer loop
      vertex   9.213269e+01 8.240000e+01 2.043072e+01
      vertex   9.518348e+01 8.240000e+01 1.943829e+01
      vertex   9.530740e+01 8.240000e+01 1.948675e+01
    endloop
  endfacet
  facet normal 0.000000e+00 -1.000000e+00 0.000000e+00
    outer loop
      vertex   9.213269e+01 8.240000e+01 2.043072e+01
      vertex   9.530740e+01 8.240000e+01 1.948675e+01
      vertex   9.199311e+01 8.240000e+01 2.061066e+01
    endloop
  endfacet
  facet normal 0.000000e+00 -1.000000e+00 0.000000e+00
    outer loop
      vertex   9.199311e+01 8.240000e+01 2.061066e+01
      vertex   9.530740e+01 8.240000e+01 1.948675e+01
      vertex   9.543577e+01 8.240000e+01 1.952175e+01
    endloop
  endfacet
  facet normal 0.000000e+00 -1.000000e+00 0.000000e+00
    outer loop
      vertex   9.199311e+01 8.240000e+01 2.061066e+01
      vertex   9.543577e+01 8.240000e+01 1.952175e+01
      vertex   9.720000e+01 8.240000e+01 2.071500e+01
    endloop
  endfacet
  facet normal 0.000000e+00 -1.000000e+00 0.000000e+00
    outer loop
      vertex   9.720000e+01 8.240000e+01 2.071500e+01
      vertex   9.543577e+01 8.240000e+01 1.952175e+01
      vertex   9.556713e+01 8.240000e+01 1.954292e+01
    endloop
  endfacet
  facet normal 0.000000e+00 -1.000000e+00 0.000000e+00
    outer loop
      vertex   8.942762e+01 8.240000e+01 2.191785e+01
      vertex   8.922691e+01 8.240000e+01 2.355029e+01
      vertex   8.920000e+01 8.240000e+01 2.192500e+01
    endloop
  endfacet
  facet normal 0.000000e+00 -1.000000e+00 0.000000e+00
    outer loop
      vertex   8.920000e+01 8.240000e+01 2.192500e+01
      vertex   8.922691e+01 8.240000e+01 2.355029e+01
      vertex   8.909392e+01 8.240000e+01 2.355451e+01
    endloop
  endfacet
  facet normal -0.000000e+00 -1.000000e+00 0.000000e+00
    outer loop
      vertex   8.920000e+01 8.240000e+01 2.192500e+01
      vertex   8.909392e+01 8.240000e+01 2.355451e+01
      vertex   8.897238e+01 8.240000e+01 2.191785e+01
    endloop
  endfacet
  facet normal 0.000000e+00 -1.000000e+00 0.000000e+00
    outer loop
      vertex   8.897238e+01 8.240000e+01 2.191785e+01
      vertex   8.909392e+01 8.240000e+01 2.355451e+01
      vertex   8.896214e+01 8.240000e+01 2.357284e+01
    endloop
  endfacet
  facet normal -0.000000e+00 -1.000000e+00 0.000000e+00
    outer loop
      vertex   8.897238e+01 8.240000e+01 2.191785e+01
      vertex   8.896214e+01 8.240000e+01 2.357284e+01
      vertex   8.874567e+01 8.240000e+01 2.189642e+01
    endloop
  endfacet
  facet normal 0.000000e+00 -1.000000e+00 0.000000e+00
    outer loop
      vertex   8.874567e+01 8.240000e+01 2.189642e+01
      vertex   8.896214e+01 8.240000e+01 2.357284e+01
      vertex   8.883305e+01 8.240000e+01 2.360508e+01
    endloop
  endfacet
  facet normal -0.000000e+00 -1.000000e+00 0.000000e+00
    outer loop
      vertex   8.874567e+01 8.240000e+01 2.189642e+01
      vertex   8.883305e+01 8.240000e+01 2.360508e+01
      vertex   8.852074e+01 8.240000e+01 2.186079e+01
    endloop
  endfacet
  facet normal 0.000000e+00 -1.000000e+00 0.000000e+00
    outer loop
      vertex   8.852074e+01 8.240000e+01 2.186079e+01
      vertex   8.883305e+01 8.240000e+01 2.360508e+01
      vertex   8.870811e+01 8.240000e+01 2.365085e+01
    endloop
  endfacet
  facet normal -0.000000e+00 -1.000000e+00 0.000000e+00
    outer loop
      vertex   8.852074e+01 8.240000e+01 2.186079e+01
      vertex   8.870811e+01 8.240000e+01 2.365085e+01
      vertex   8.829850e+01 8.240000e+01 2.181111e+01
    endloop
  endfacet
  facet normal 0.000000e+00 -1.000000e+00 0.000000e+00
    outer loop
      vertex   8.829850e+01 8.240000e+01 2.181111e+01
      vertex   8.870811e+01 8.240000e+01 2.365085e+01
      vertex   8.858875e+01 8.240000e+01 2.370964e+01
    endloop
  endfacet
  facet normal 0.000000e+00 -1.000000e+00 0.000000e+00
    outer loop
      vertex   8.829850e+01 8.240000e+01 2.181111e+01
      vertex   8.858875e+01 8.240000e+01 2.370964e+01
      vertex   8.847632e+01 8.240000e+01 2.378079e+01
    endloop
  endfacet
  facet normal 0.000000e+00 -1.000000e+00 0.000000e+00
    outer loop
      vertex   8.965433e+01 8.240000e+01 2.189642e+01
      vertex   8.949047e+01 8.240000e+01 2.358422e+01
      vertex   8.942762e+01 8.240000e+01 2.191785e+01
    endloop
  endfacet
  facet normal 0.000000e+00 -1.000000e+00 0.000000e+00
    outer loop
      vertex   8.942762e+01 8.240000e+01 2.191785e+01
      vertex   8.949047e+01 8.240000e+01 2.358422e+01
      vertex   8.935960e+01 8.240000e+01 2.356023e+01
    endloop
  endfacet
  facet normal 0.000000e+00 -1.000000e+00 0.000000e+00
    outer loop
      vertex   8.942762e+01 8.240000e+01 2.191785e+01
      vertex   8.935960e+01 8.240000e+01 2.356023e+01
      vertex   8.922691e+01 8.240000e+01 2.355029e+01
    endloop
  endfacet
  facet normal 0.000000e+00 -1.000000e+00 0.000000e+00
    outer loop
      vertex   8.949047e+01 8.240000e+01 2.358422e+01
      vertex   8.965433e+01 8.240000e+01 2.189642e+01
      vertex   8.961806e+01 8.240000e+01 2.362198e+01
    endloop
  endfacet
  facet normal 0.000000e+00 -1.000000e+00 0.000000e+00
    outer loop
      vertex   8.961806e+01 8.240000e+01 2.362198e+01
      vertex   8.965433e+01 8.240000e+01 2.189642e+01
      vertex   8.987926e+01 8.240000e+01 2.186079e+01
    endloop
  endfacet
  facet normal 0.000000e+00 -1.000000e+00 0.000000e+00
    outer loop
      vertex   8.961806e+01 8.240000e+01 2.362198e+01
      vertex   8.987926e+01 8.240000e+01 2.186079e+01
      vertex   8.974090e+01 8.240000e+01 2.367309e+01
    endloop
  endfacet
  facet normal 0.000000e+00 -1.000000e+00 0.000000e+00
    outer loop
      vertex   8.974090e+01 8.240000e+01 2.367309e+01
      vertex   8.987926e+01 8.240000e+01 2.186079e+01
      vertex   9.010150e+01 8.240000e+01 2.181111e+01
    endloop
  endfacet
  facet normal 0.000000e+00 -1.000000e+00 0.000000e+00
    outer loop
      vertex   8.974090e+01 8.240000e+01 2.367309e+01
      vertex   9.010150e+01 8.240000e+01 2.181111e+01
      vertex   8.985762e+01 8.240000e+01 2.373697e+01
    endloop
  endfacet
  facet normal 0.000000e+00 -1.000000e+00 0.000000e+00
    outer loop
      vertex   8.985762e+01 8.240000e+01 2.373697e+01
      vertex   9.010150e+01 8.240000e+01 2.181111e+01
      vertex   9.032019e+01 8.240000e+01 2.174758e+01
    endloop
  endfacet
  facet normal 0.000000e+00 -1.000000e+00 0.000000e+00
    outer loop
      vertex   8.985762e+01 8.240000e+01 2.373697e+01
      vertex   9.032019e+01 8.240000e+01 2.174758e+01
      vertex   8.996689e+01 8.240000e+01 2.381289e+01
    endloop
  endfacet
  facet normal 0.000000e+00 -1.000000e+00 0.000000e+00
    outer loop
      vertex   8.996689e+01 8.240000e+01 2.381289e+01
      vertex   9.032019e+01 8.240000e+01 2.174758e+01
      vertex   9.053445e+01 8.240000e+01 2.167044e+01
    endloop
  endfacet
  facet normal 0.000000e+00 -1.000000e+00 0.000000e+00
    outer loop
      vertex   8.996689e+01 8.240000e+01 2.381289e+01
      vertex   9.053445e+01 8.240000e+01 2.167044e+01
      vertex   9.006747e+01 8.240000e+01 2.390000e+01
    endloop
  endfacet
  facet normal 0.000000e+00 -1.000000e+00 0.000000e+00
    outer loop
      vertex   9.006747e+01 8.240000e+01 2.390000e+01
      vertex   9.053445e+01 8.240000e+01 2.167044e+01
      vertex   9.015822e+01 8.240000e+01 2.399731e+01
    endloop
  endfacet
  facet normal 0.000000e+00 -1.000000e+00 0.000000e+00
    outer loop
      vertex   9.015822e+01 8.240000e+01 2.399731e+01
      vertex   9.053445e+01 8.240000e+01 2.167044e+01
      vertex   9.074345e+01 8.240000e+01 2.158000e+01
    endloop
  endfacet
  facet normal 0.000000e+00 -1.000000e+00 0.000000e+00
    outer loop
      vertex   9.015822e+01 8.240000e+01 2.399731e+01
      vertex   9.074345e+01 8.240000e+01 2.158000e+01
      vertex   9.023811e+01 8.240000e+01 2.410370e+01
    endloop
  endfacet
  facet normal 0.000000e+00 -1.000000e+00 0.000000e+00
    outer loop
      vertex   9.023811e+01 8.240000e+01 2.410370e+01
      vertex   9.074345e+01 8.240000e+01 2.158000e+01
      vertex   9.094636e+01 8.240000e+01 2.147661e+01
    endloop
  endfacet
  facet normal 0.000000e+00 -1.000000e+00 0.000000e+00
    outer loop
      vertex   9.023811e+01 8.240000e+01 2.410370e+01
      vertex   9.094636e+01 8.240000e+01 2.147661e+01
      vertex   9.030624e+01 8.240000e+01 2.421799e+01
    endloop
  endfacet
  facet normal 0.000000e+00 -1.000000e+00 0.000000e+00
    outer loop
      vertex   9.030624e+01 8.240000e+01 2.421799e+01
      vertex   9.094636e+01 8.240000e+01 2.147661e+01
      vertex   9.114237e+01 8.240000e+01 2.136069e+01
    endloop
  endfacet
  facet normal 0.000000e+00 -1.000000e+00 0.000000e+00
    outer loop
      vertex   9.030624e+01 8.240000e+01 2.421799e+01
      vertex   9.114237e+01 8.240000e+01 2.136069e+01
      vertex   9.036184e+01 8.240000e+01 2.433888e+01
    endloop
  endfacet
  facet normal 0.000000e+00 -1.000000e+00 0.000000e+00
    outer loop
      vertex   9.036184e+01 8.240000e+01 2.433888e+01
      vertex   9.114237e+01 8.240000e+01 2.136069e+01
      vertex   9.133072e+01 8.240000e+01 2.123269e+01
    endloop
  endfacet
  facet normal 0.000000e+00 -1.000000e+00 0.000000e+00
    outer loop
      vertex   9.036184e+01 8.240000e+01 2.433888e+01
      vertex   9.133072e+01 8.240000e+01 2.123269e+01
      vertex   9.040427e+01 8.240000e+01 2.446499e+01
    endloop
  endfacet
  facet normal 0.000000e+00 -1.000000e+00 0.000000e+00
    outer loop
      vertex   9.040427e+01 8.240000e+01 2.446499e+01
      vertex   9.133072e+01 8.240000e+01 2.123269e+01
      vertex   9.151066e+01 8.240000e+01 2.109311e+01
    endloop
  endfacet
  facet normal 0.000000e+00 -1.000000e+00 0.000000e+00
    outer loop
      vertex   9.040427e+01 8.240000e+01 2.446499e+01
      vertex   9.151066e+01 8.240000e+01 2.109311e+01
      vertex   9.043306e+01 8.240000e+01 2.459489e+01
    endloop
  endfacet
  facet normal 0.000000e+00 -1.000000e+00 0.000000e+00
    outer loop
      vertex   9.043306e+01 8.240000e+01 2.459489e+01
      vertex   9.151066e+01 8.240000e+01 2.109311e+01
      vertex   9.168148e+01 8.240000e+01 2.094251e+01
    endloop
  endfacet
  facet normal 0.000000e+00 -1.000000e+00 0.000000e+00
    outer loop
      vertex   9.043306e+01 8.240000e+01 2.459489e+01
      vertex   9.168148e+01 8.240000e+01 2.094251e+01
      vertex   9.720000e+01 8.240000e+01 2.071500e+01
    endloop
  endfacet
  facet normal 0.000000e+00 -1.000000e+00 0.000000e+00
    outer loop
      vertex   9.720000e+01 8.240000e+01 2.071500e+01
      vertex   9.168148e+01 8.240000e+01 2.094251e+01
      vertex   9.184251e+01 8.240000e+01 2.078148e+01
    endloop
  endfacet
  facet normal -0.000000e+00 -1.000000e+00 0.000000e+00
    outer loop
      vertex   9.720000e+01 8.240000e+01 2.071500e+01
      vertex   9.184251e+01 8.240000e+01 2.078148e+01
      vertex   9.199311e+01 8.240000e+01 2.061066e+01
    endloop
  endfacet
  facet normal -2.642624e-15 -1.000000e+00 2.997468e-15
    outer loop
      vertex   9.168148e+01 8.240000e+01 1.565749e+01
      vertex   9.151066e+01 8.240000e+01 1.550689e+01
      vertex   9.670000e+01 8.240000e+01 1.060000e+01
    endloop
  endfacet
  facet normal -2.468178e-15 -1.000000e+00 3.181956e-15
    outer loop
      vertex   9.670000e+01 8.240000e+01 1.060000e+01
      vertex   9.151066e+01 8.240000e+01 1.550689e+01
      vertex   9.133072e+01 8.240000e+01 1.536731e+01
    endloop
  endfacet
  facet normal -2.295004e-15 -1.000000e+00 3.376996e-15
    outer loop
      vertex   9.670000e+01 8.240000e+01 1.060000e+01
      vertex   9.133072e+01 8.240000e+01 1.536731e+01
      vertex   9.114237e+01 8.240000e+01 1.523931e+01
    endloop
  endfacet
  facet normal -2.120663e-15 -1.000000e+00 3.585846e-15
    outer loop
      vertex   9.114237e+01 8.240000e+01 1.523931e+01
      vertex   9.094636e+01 8.240000e+01 1.512339e+01
      vertex   9.670000e+01 8.240000e+01 1.060000e+01
    endloop
  endfacet
  facet normal -1.942529e-15 -1.000000e+00 3.812428e-15
    outer loop
      vertex   9.670000e+01 8.240000e+01 1.060000e+01
      vertex   9.094636e+01 8.240000e+01 1.512339e+01
      vertex   9.074345e+01 8.240000e+01 1.502000e+01
    endloop
  endfacet
  facet normal -1.757620e-15 -1.000000e+00 4.061619e-15
    outer loop
      vertex   9.670000e+01 8.240000e+01 1.060000e+01
      vertex   9.074345e+01 8.240000e+01 1.502000e+01
      vertex   9.053445e+01 8.240000e+01 1.492956e+01
    endloop
  endfacet
  facet normal -1.562374e-15 -1.000000e+00 4.339660e-15
    outer loop
      vertex   9.053445e+01 8.240000e+01 1.492956e+01
      vertex   9.032019e+01 8.240000e+01 1.485242e+01
      vertex   9.670000e+01 8.240000e+01 1.060000e+01
    endloop
  endfacet
  facet normal -1.352337e-15 -1.000000e+00 4.654774e-15
    outer loop
      vertex   9.670000e+01 8.240000e+01 1.060000e+01
      vertex   9.032019e+01 8.240000e+01 1.485242e+01
      vertex   9.010150e+01 8.240000e+01 1.478889e+01
    endloop
  endfacet
  facet normal -1.406975e-15 -1.000000e+00 4.568707e-15
    outer loop
      vertex   9.670000e+01 8.240000e+01 1.060000e+01
      vertex   9.010150e+01 8.240000e+01 1.478889e+01
      vertex   8.659971e+01 8.240000e+01 1.060000e+01
    endloop
  endfacet
  facet normal -9.325808e-16 -1.000000e+00 4.172127e-15
    outer loop
      vertex   8.659971e+01 8.240000e+01 1.060000e+01
      vertex   9.010150e+01 8.240000e+01 1.478889e+01
      vertex   8.987926e+01 8.240000e+01 1.473921e+01
    endloop
  endfacet
  facet normal -6.218000e-16 -1.000000e+00 3.925891e-15
    outer loop
      vertex   8.659971e+01 8.240000e+01 1.060000e+01
      vertex   8.987926e+01 8.240000e+01 1.473921e+01
      vertex   8.965433e+01 8.240000e+01 1.470358e+01
    endloop
  endfacet
  facet normal -3.521308e-16 -1.000000e+00 3.725154e-15
    outer loop
      vertex   8.965433e+01 8.240000e+01 1.470358e+01
      vertex   8.942762e+01 8.240000e+01 1.468215e+01
      vertex   8.659971e+01 8.240000e+01 1.060000e+01
    endloop
  endfacet
  facet normal -1.118364e-16 -1.000000e+00 3.558690e-15
    outer loop
      vertex   8.659971e+01 8.240000e+01 1.060000e+01
      vertex   8.942762e+01 8.240000e+01 1.468215e+01
      vertex   8.920000e+01 8.240000e+01 1.467500e+01
    endloop
  endfacet
  facet normal 1.074391e-16 -1.000000e+00 3.418769e-15
    outer loop
      vertex   8.659971e+01 8.240000e+01 1.060000e+01
      vertex   8.920000e+01 8.240000e+01 1.467500e+01
      vertex   8.897238e+01 8.240000e+01 1.468215e+01
    endloop
  endfacet
  facet normal 3.119333e-16 -1.000000e+00 3.299910e-15
    outer loop
      vertex   8.897238e+01 8.240000e+01 1.468215e+01
      vertex   8.874567e+01 8.240000e+01 1.470358e+01
      vertex   8.659971e+01 8.240000e+01 1.060000e+01
    endloop
  endfacet
  facet normal 5.065361e-16 -1.000000e+00 3.198143e-15
    outer loop
      vertex   8.659971e+01 8.240000e+01 1.060000e+01
      vertex   8.874567e+01 8.240000e+01 1.470358e+01
      vertex   8.852074e+01 8.240000e+01 1.473921e+01
    endloop
  endfacet
  facet normal 6.952884e-16 -1.000000e+00 3.110542e-15
    outer loop
      vertex   8.659971e+01 8.240000e+01 1.060000e+01
      vertex   8.852074e+01 8.240000e+01 1.473921e+01
      vertex   8.829850e+01 8.240000e+01 1.478889e+01
    endloop
  endfacet
  facet normal 8.817290e-16 -1.000000e+00 3.034931e-15
    outer loop
      vertex   8.829850e+01 8.240000e+01 1.478889e+01
      vertex   8.807981e+01 8.240000e+01 1.485242e+01
      vertex   8.659971e+01 8.240000e+01 1.060000e+01
    endloop
  endfacet
  facet normal 1.069156e-15 -1.000000e+00 2.969695e-15
    outer loop
      vertex   8.659971e+01 8.240000e+01 1.060000e+01
      vertex   8.807981e+01 8.240000e+01 1.485242e+01
      vertex   8.786555e+01 8.240000e+01 1.492956e+01
    endloop
  endfacet
  facet normal 1.260849e-15 -1.000000e+00 2.913649e-15
    outer loop
      vertex   8.659971e+01 8.240000e+01 1.060000e+01
      vertex   8.786555e+01 8.240000e+01 1.492956e+01
      vertex   8.765655e+01 8.240000e+01 1.502000e+01
    endloop
  endfacet
  facet normal 1.359673e-15 -1.000000e+00 2.668509e-15
    outer loop
      vertex   8.745364e+01 8.240000e+01 1.512339e+01
      vertex   8.521951e+01 8.240000e+01 1.093634e+01
      vertex   8.765655e+01 8.240000e+01 1.502000e+01
    endloop
  endfacet
  facet normal 1.289113e-15 -1.000000e+00 2.710618e-15
    outer loop
      vertex   8.765655e+01 8.240000e+01 1.502000e+01
      vertex   8.521951e+01 8.240000e+01 1.093634e+01
      vertex   8.540450e+01 8.240000e+01 1.084837e+01
    endloop
  endfacet
  facet normal 1.107576e-15 -1.000000e+00 2.808620e-15
    outer loop
      vertex   8.765655e+01 8.240000e+01 1.502000e+01
      vertex   8.540450e+01 8.240000e+01 1.084837e+01
      vertex   8.559507e+01 8.240000e+01 1.077322e+01
    endloop
  endfacet
  facet normal 1.686291e-15 -1.000000e+00 2.851363e-15
    outer loop
      vertex   8.725763e+01 8.240000e+01 1.523931e+01
      vertex   8.393605e+01 8.240000e+01 1.221981e+01
      vertex   8.745364e+01 8.240000e+01 1.512339e+01
    endloop
  endfacet
  facet normal 2.759284e-15 -1.000000e+00 1.551468e-15
    outer loop
      vertex   8.745364e+01 8.240000e+01 1.512339e+01
      vertex   8.393605e+01 8.240000e+01 1.221981e+01
      vertex   8.403645e+01 8.240000e+01 1.204125e+01
    endloop
  endfacet
  facet normal 2.612880e-15 -1.000000e+00 1.713788e-15
    outer loop
      vertex   8.745364e+01 8.240000e+01 1.512339e+01
      vertex   8.403645e+01 8.240000e+01 1.204125e+01
      vertex   8.414880e+01 8.240000e+01 1.186996e+01
    endloop
  endfacet
  facet normal 2.232885e-15 -1.000000e+00 3.285590e-15
    outer loop
      vertex   8.706928e+01 8.240000e+01 1.536731e+01
      vertex   8.360670e+01 8.240000e+01 1.339527e+01
      vertex   8.725763e+01 8.240000e+01 1.523931e+01
    endloop
  endfacet
  facet normal 3.700261e-15 -1.000000e+00 3.803983e-16
    outer loop
      vertex   8.725763e+01 8.240000e+01 1.523931e+01
      vertex   8.360670e+01 8.240000e+01 1.339527e+01
      vertex   8.362765e+01 8.240000e+01 1.319150e+01
    endloop
  endfacet
  facet normal 3.567825e-15 -1.000000e+00 6.151552e-16
    outer loop
      vertex   8.725763e+01 8.240000e+01 1.523931e+01
      vertex   8.362765e+01 8.240000e+01 1.319150e+01
      vertex   8.366245e+01 8.240000e+01 1.298963e+01
    endloop
  endfacet
  facet normal -7.353144e-14 -1.000000e+00 1.363153e-13
    outer loop
      vertex   8.360670e+01 8.240000e+01 1.339527e+01
      vertex   8.706928e+01 8.240000e+01 1.536731e+01
      vertex   8.359971e+01 8.240000e+01 1.360000e+01
    endloop
  endfacet
  facet normal -2.472322e-15 -1.000000e+00 -3.187298e-15
    outer loop
      vertex   8.359971e+01 8.240000e+01 1.360000e+01
      vertex   8.706928e+01 8.240000e+01 1.536731e+01
      vertex   8.688934e+01 8.240000e+01 1.550689e+01
    endloop
  endfacet
  facet normal -2.606266e-15 -1.000000e+00 -2.956228e-15
    outer loop
      vertex   8.359971e+01 8.240000e+01 1.360000e+01
      vertex   8.688934e+01 8.240000e+01 1.550689e+01
      vertex   8.671852e+01 8.240000e+01 1.565749e+01
    endloop
  endfacet
  facet normal -2.745370e-15 -1.000000e+00 -2.745370e-15
    outer loop
      vertex   8.671852e+01 8.240000e+01 1.565749e+01
      vertex   8.655749e+01 8.240000e+01 1.581852e+01
      vertex   8.359971e+01 8.240000e+01 1.360000e+01
    endloop
  endfacet
  facet normal 7.765596e-16 -1.000000e+00 -7.440896e-15
    outer loop
      vertex   8.359971e+01 8.240000e+01 1.360000e+01
      vertex   8.655749e+01 8.240000e+01 1.581852e+01
      vertex   8.359971e+01 8.240000e+01 1.550983e+01
    endloop
  endfacet
  facet normal 0.000000e+00 -1.000000e+00 0.000000e+00
    outer loop
      vertex   8.359971e+01 8.240000e+01 1.550983e+01
      vertex   8.655749e+01 8.240000e+01 1.581852e+01
      vertex   8.640689e+01 8.240000e+01 1.598934e+01
    endloop
  endfacet
  facet normal 0.000000e+00 -1.000000e+00 0.000000e+00
    outer loop
      vertex   8.359971e+01 8.240000e+01 1.550983e+01
      vertex   8.640689e+01 8.240000e+01 1.598934e+01
      vertex   8.626731e+01 8.240000e+01 1.616928e+01
    endloop
  endfacet
  facet normal -0.000000e+00 -1.000000e+00 0.000000e+00
    outer loop
      vertex   8.626731e+01 8.240000e+01 1.616928e+01
      vertex   8.613931e+01 8.240000e+01 1.635763e+01
      vertex   8.359971e+01 8.240000e+01 1.550983e+01
    endloop
  endfacet
  facet normal 0.000000e+00 -1.000000e+00 0.000000e+00
    outer loop
      vertex   8.359971e+01 8.240000e+01 1.550983e+01
      vertex   8.613931e+01 8.240000e+01 1.635763e+01
      vertex   8.602339e+01 8.240000e+01 1.655364e+01
    endloop
  endfacet
  facet normal 0.000000e+00 -1.000000e+00 0.000000e+00
    outer loop
      vertex   8.359971e+01 8.240000e+01 1.550983e+01
      vertex   8.602339e+01 8.240000e+01 1.655364e+01
      vertex   8.592000e+01 8.240000e+01 1.675655e+01
    endloop
  endfacet
  facet normal -0.000000e+00 -1.000000e+00 0.000000e+00
    outer loop
      vertex   8.592000e+01 8.240000e+01 1.675655e+01
      vertex   8.582956e+01 8.240000e+01 1.696555e+01
      vertex   8.359971e+01 8.240000e+01 1.550983e+01
    endloop
  endfacet
  facet normal -0.000000e+00 -1.000000e+00 0.000000e+00
    outer loop
      vertex   8.688934e+01 8.240000e+01 2.109311e+01
      vertex   8.797692e+01 8.240000e+01 2.454200e+01
      vertex   8.671852e+01 8.240000e+01 2.094251e+01
    endloop
  endfacet
  facet normal 0.000000e+00 -1.000000e+00 0.000000e+00
    outer loop
      vertex   8.671852e+01 8.240000e+01 2.094251e+01
      vertex   8.797692e+01 8.240000e+01 2.454200e+01
      vertex   8.795642e+01 8.240000e+01 2.467346e+01
    endloop
  endfacet
  facet normal 1.475894e-15 -1.000000e+00 -4.896914e-16
    outer loop
      vertex   8.671852e+01 8.240000e+01 2.094251e+01
      vertex   8.795642e+01 8.240000e+01 2.467346e+01
      vertex   7.909971e+01 8.240000e+01 2.700000e+01
    endloop
  endfacet
  facet normal 1.625102e-15 -1.000000e+00 7.831807e-17
    outer loop
      vertex   7.909971e+01 8.240000e+01 2.700000e+01
      vertex   8.795642e+01 8.240000e+01 2.467346e+01
      vertex   8.795002e+01 8.240000e+01 2.480636e+01
    endloop
  endfacet
  facet normal 1.582777e-15 -1.000000e+00 -9.244287e-17
    outer loop
      vertex   7.909971e+01 8.240000e+01 2.700000e+01
      vertex   8.795002e+01 8.240000e+01 2.480636e+01
      vertex   8.795777e+01 8.240000e+01 2.493919e+01
    endloop
  endfacet
  facet normal 0.000000e+00 -1.000000e+00 -0.000000e+00
    outer loop
      vertex   8.797692e+01 8.240000e+01 2.454200e+01
      vertex   8.688934e+01 8.240000e+01 2.109311e+01
      vertex   8.801127e+01 8.240000e+01 2.441345e+01
    endloop
  endfacet
  facet normal 0.000000e+00 -1.000000e+00 0.000000e+00
    outer loop
      vertex   8.801127e+01 8.240000e+01 2.441345e+01
      vertex   8.688934e+01 8.240000e+01 2.109311e+01
      vertex   8.706928e+01 8.240000e+01 2.123269e+01
    endloop
  endfacet
  facet normal 0.000000e+00 -1.000000e+00 -0.000000e+00
    outer loop
      vertex   8.801127e+01 8.240000e+01 2.441345e+01
      vertex   8.706928e+01 8.240000e+01 2.123269e+01
      vertex   8.805909e+01 8.240000e+01 2.428929e+01
    endloop
  endfacet
  facet normal 0.000000e+00 -1.000000e+00 0.000000e+00
    outer loop
      vertex   8.805909e+01 8.240000e+01 2.428929e+01
      vertex   8.706928e+01 8.240000e+01 2.123269e+01
      vertex   8.725763e+01 8.240000e+01 2.136069e+01
    endloop
  endfacet
  facet normal 0.000000e+00 -1.000000e+00 -0.000000e+00
    outer loop
      vertex   8.805909e+01 8.240000e+01 2.428929e+01
      vertex   8.725763e+01 8.240000e+01 2.136069e+01
      vertex   8.811984e+01 8.240000e+01 2.417091e+01
    endloop
  endfacet
  facet normal 0.000000e+00 -1.000000e+00 0.000000e+00
    outer loop
      vertex   8.811984e+01 8.240000e+01 2.417091e+01
      vertex   8.725763e+01 8.240000e+01 2.136069e+01
      vertex   8.745364e+01 8.240000e+01 2.147661e+01
    endloop
  endfacet
  facet normal 0.000000e+00 -1.000000e+00 -0.000000e+00
    outer loop
      vertex   8.811984e+01 8.240000e+01 2.417091e+01
      vertex   8.745364e+01 8.240000e+01 2.147661e+01
      vertex   8.819283e+01 8.240000e+01 2.405966e+01
    endloop
  endfacet
  facet normal 0.000000e+00 -1.000000e+00 0.000000e+00
    outer loop
      vertex   8.819283e+01 8.240000e+01 2.405966e+01
      vertex   8.745364e+01 8.240000e+01 2.147661e+01
      vertex   8.765655e+01 8.240000e+01 2.158000e+01
    endloop
  endfacet
  facet normal 0.000000e+00 -1.000000e+00 -0.000000e+00
    outer loop
      vertex   8.819283e+01 8.240000e+01 2.405966e+01
      vertex   8.765655e+01 8.240000e+01 2.158000e+01
      vertex   8.827723e+01 8.240000e+01 2.395680e+01
    endloop
  endfacet
  facet normal 0.000000e+00 -1.000000e+00 0.000000e+00
    outer loop
      vertex   8.827723e+01 8.240000e+01 2.395680e+01
      vertex   8.765655e+01 8.240000e+01 2.158000e+01
      vertex   8.786555e+01 8.240000e+01 2.167044e+01
    endloop
  endfacet
  facet normal 0.000000e+00 -1.000000e+00 -0.000000e+00
    outer loop
      vertex   8.827723e+01 8.240000e+01 2.395680e+01
      vertex   8.786555e+01 8.240000e+01 2.167044e+01
      vertex   8.837208e+01 8.240000e+01 2.386349e+01
    endloop
  endfacet
  facet normal 0.000000e+00 -1.000000e+00 0.000000e+00
    outer loop
      vertex   8.837208e+01 8.240000e+01 2.386349e+01
      vertex   8.786555e+01 8.240000e+01 2.167044e+01
      vertex   8.807981e+01 8.240000e+01 2.174758e+01
    endloop
  endfacet
  facet normal 0.000000e+00 -1.000000e+00 -0.000000e+00
    outer loop
      vertex   8.837208e+01 8.240000e+01 2.386349e+01
      vertex   8.807981e+01 8.240000e+01 2.174758e+01
      vertex   8.847632e+01 8.240000e+01 2.378079e+01
    endloop
  endfacet
  facet normal 0.000000e+00 -1.000000e+00 0.000000e+00
    outer loop
      vertex   8.847632e+01 8.240000e+01 2.378079e+01
      vertex   8.807981e+01 8.240000e+01 2.174758e+01
      vertex   8.829850e+01 8.240000e+01 2.181111e+01
    endloop
  endfacet
  facet normal 1.664719e-15 -1.000000e+00 2.597700e-16
    outer loop
      vertex   7.909971e+01 8.240000e+01 2.700000e+01
      vertex   8.795777e+01 8.240000e+01 2.493919e+01
      vertex   8.763620e+01 8.240000e+01 2.700000e+01
    endloop
  endfacet
  facet normal 0.000000e+00 -1.000000e+00 0.000000e+00
    outer loop
      vertex   8.763620e+01 8.240000e+01 2.700000e+01
      vertex   8.795777e+01 8.240000e+01 2.493919e+01
      vertex   8.797961e+01 8.240000e+01 2.507045e+01
    endloop
  endfacet
  facet normal 0.000000e+00 -1.000000e+00 0.000000e+00
    outer loop
      vertex   8.763620e+01 8.240000e+01 2.700000e+01
      vertex   8.797961e+01 8.240000e+01 2.507045e+01
      vertex   8.801527e+01 8.240000e+01 2.519863e+01
    endloop
  endfacet
  facet normal 0.000000e+00 -1.000000e+00 0.000000e+00
    outer loop
      vertex   8.801527e+01 8.240000e+01 2.519863e+01
      vertex   8.806435e+01 8.240000e+01 2.532230e+01
      vertex   8.763620e+01 8.240000e+01 2.700000e+01
    endloop
  endfacet
  facet normal 0.000000e+00 -1.000000e+00 0.000000e+00
    outer loop
      vertex   8.763620e+01 8.240000e+01 2.700000e+01
      vertex   8.806435e+01 8.240000e+01 2.532230e+01
      vertex   8.812630e+01 8.240000e+01 2.544006e+01
    endloop
  endfacet
  facet normal 0.000000e+00 -1.000000e+00 0.000000e+00
    outer loop
      vertex   8.763620e+01 8.240000e+01 2.700000e+01
      vertex   8.812630e+01 8.240000e+01 2.544006e+01
      vertex   8.820042e+01 8.240000e+01 2.555056e+01
    endloop
  endfacet
  facet normal 0.000000e+00 -1.000000e+00 0.000000e+00
    outer loop
      vertex   8.820042e+01 8.240000e+01 2.555056e+01
      vertex   8.828586e+01 8.240000e+01 2.565256e+01
      vertex   8.763620e+01 8.240000e+01 2.700000e+01
    endloop
  endfacet
  facet normal 0.000000e+00 -1.000000e+00 0.000000e+00
    outer loop
      vertex   8.763620e+01 8.240000e+01 2.700000e+01
      vertex   8.828586e+01 8.240000e+01 2.565256e+01
      vertex   8.838166e+01 8.240000e+01 2.574489e+01
    endloop
  endfacet
  facet normal 0.000000e+00 -1.000000e+00 0.000000e+00
    outer loop
      vertex   8.763620e+01 8.240000e+01 2.700000e+01
      vertex   8.838166e+01 8.240000e+01 2.574489e+01
      vertex   8.848673e+01 8.240000e+01 2.582652e+01
    endloop
  endfacet
  facet normal 0.000000e+00 -1.000000e+00 0.000000e+00
    outer loop
      vertex   8.848673e+01 8.240000e+01 2.582652e+01
      vertex   8.859989e+01 8.240000e+01 2.589652e+01
      vertex   8.763620e+01 8.240000e+01 2.700000e+01
    endloop
  endfacet
  facet normal 0.000000e+00 -1.000000e+00 0.000000e+00
    outer loop
      vertex   8.763620e+01 8.240000e+01 2.700000e+01
      vertex   8.859989e+01 8.240000e+01 2.589652e+01
      vertex   8.871984e+01 8.240000e+01 2.595410e+01
    endloop
  endfacet
  facet normal 0.000000e+00 -1.000000e+00 0.000000e+00
    outer loop
      vertex   8.763620e+01 8.240000e+01 2.700000e+01
      vertex   8.871984e+01 8.240000e+01 2.595410e+01
      vertex   8.884523e+01 8.240000e+01 2.599860e+01
    endloop
  endfacet
  facet normal 0.000000e+00 -1.000000e+00 0.000000e+00
    outer loop
      vertex   8.884523e+01 8.240000e+01 2.599860e+01
      vertex   8.897465e+01 8.240000e+01 2.602952e+01
      vertex   8.763620e+01 8.240000e+01 2.700000e+01
    endloop
  endfacet
  facet normal 0.000000e+00 -1.000000e+00 0.000000e+00
    outer loop
      vertex   8.763620e+01 8.240000e+01 2.700000e+01
      vertex   8.897465e+01 8.240000e+01 2.602952e+01
      vertex   8.910661e+01 8.240000e+01 2.604651e+01
    endloop
  endfacet
  facet normal 0.000000e+00 -1.000000e+00 0.000000e+00
    outer loop
      vertex   8.763620e+01 8.240000e+01 2.700000e+01
      vertex   8.910661e+01 8.240000e+01 2.604651e+01
      vertex   8.923964e+01 8.240000e+01 2.604937e+01
    endloop
  endfacet
  facet normal 0.000000e+00 -1.000000e+00 0.000000e+00
    outer loop
      vertex   8.923964e+01 8.240000e+01 2.604937e+01
      vertex   8.937221e+01 8.240000e+01 2.603808e+01
      vertex   8.763620e+01 8.240000e+01 2.700000e+01
    endloop
  endfacet
  facet normal -2.386116e-15 -1.000000e+00 -4.306320e-15
    outer loop
      vertex   8.763620e+01 8.240000e+01 2.700000e+01
      vertex   8.937221e+01 8.240000e+01 2.603808e+01
      vertex   8.763620e+01 8.240000e+01 3.030000e+01
    endloop
  endfacet
  facet normal -7.017112e-16 -1.000000e+00 -3.620208e-15
    outer loop
      vertex   8.763620e+01 8.240000e+01 3.030000e+01
      vertex   8.937221e+01 8.240000e+01 2.603808e+01
      vertex   8.950284e+01 8.240000e+01 2.601276e+01
    endloop
  endfacet
  facet normal -1.175030e-15 -1.000000e+00 -3.826289e-15
    outer loop
      vertex   8.763620e+01 8.240000e+01 3.030000e+01
      vertex   8.950284e+01 8.240000e+01 2.601276e+01
      vertex   8.963003e+01 8.240000e+01 2.597370e+01
    endloop
  endfacet
  facet normal -1.751554e-15 -1.000000e+00 -4.091988e-15
    outer loop
      vertex   8.963003e+01 8.240000e+01 2.597370e+01
      vertex   8.975235e+01 8.240000e+01 2.592134e+01
      vertex   8.763620e+01 8.240000e+01 3.030000e+01
    endloop
  endfacet
  facet normal -2.495509e-15 -1.000000e+00 -4.451532e-15
    outer loop
      vertex   8.763620e+01 8.240000e+01 3.030000e+01
      vertex   8.975235e+01 8.240000e+01 2.592134e+01
      vertex   8.986841e+01 8.240000e+01 2.585628e+01
    endloop
  endfacet
  facet normal 1.485900e-15 -1.000000e+00 -2.451550e-15
    outer loop
      vertex   8.763620e+01 8.240000e+01 3.030000e+01
      vertex   8.986841e+01 8.240000e+01 2.585628e+01
      vertex   9.720000e+01 8.240000e+01 3.030000e+01
    endloop
  endfacet
  facet normal 0.000000e+00 -1.000000e+00 0.000000e+00
    outer loop
      vertex   9.720000e+01 8.240000e+01 3.030000e+01
      vertex   8.986841e+01 8.240000e+01 2.585628e+01
      vertex   8.997690e+01 8.240000e+01 2.577925e+01
    endloop
  endfacet
  facet normal 0.000000e+00 -1.000000e+00 0.000000e+00
    outer loop
      vertex   9.720000e+01 8.240000e+01 3.030000e+01
      vertex   8.997690e+01 8.240000e+01 2.577925e+01
      vertex   9.007659e+01 8.240000e+01 2.569112e+01
    endloop
  endfacet
  facet normal 0.000000e+00 -1.000000e+00 0.000000e+00
    outer loop
      vertex   9.007659e+01 8.240000e+01 2.569112e+01
      vertex   9.016634e+01 8.240000e+01 2.559290e+01
      vertex   9.720000e+01 8.240000e+01 3.030000e+01
    endloop
  endfacet
  facet normal 0.000000e+00 -1.000000e+00 0.000000e+00
    outer loop
      vertex   9.720000e+01 8.240000e+01 3.030000e+01
      vertex   9.016634e+01 8.240000e+01 2.559290e+01
      vertex   9.024515e+01 8.240000e+01 2.548569e+01
    endloop
  endfacet
  facet normal 0.000000e+00 -1.000000e+00 0.000000e+00
    outer loop
      vertex   9.720000e+01 8.240000e+01 3.030000e+01
      vertex   9.024515e+01 8.240000e+01 2.548569e+01
      vertex   9.031211e+01 8.240000e+01 2.537071e+01
    endloop
  endfacet
  facet normal 0.000000e+00 -1.000000e+00 0.000000e+00
    outer loop
      vertex   9.031211e+01 8.240000e+01 2.537071e+01
      vertex   9.036647e+01 8.240000e+01 2.524927e+01
      vertex   9.720000e+01 8.240000e+01 3.030000e+01
    endloop
  endfacet
  facet normal 0.000000e+00 -1.000000e+00 0.000000e+00
    outer loop
      vertex   9.720000e+01 8.240000e+01 3.030000e+01
      vertex   9.036647e+01 8.240000e+01 2.524927e+01
      vertex   9.040762e+01 8.240000e+01 2.512273e+01
    endloop
  endfacet
  facet normal 0.000000e+00 -1.000000e+00 0.000000e+00
    outer loop
      vertex   9.720000e+01 8.240000e+01 3.030000e+01
      vertex   9.040762e+01 8.240000e+01 2.512273e+01
      vertex   9.043508e+01 8.240000e+01 2.499254e+01
    endloop
  endfacet
  facet normal 0.000000e+00 -1.000000e+00 0.000000e+00
    outer loop
      vertex   9.720000e+01 8.240000e+01 3.030000e+01
      vertex   9.043508e+01 8.240000e+01 2.499254e+01
      vertex   9.720000e+01 8.240000e+01 2.071500e+01
    endloop
  endfacet
  facet normal 0.000000e+00 -1.000000e+00 0.000000e+00
    outer loop
      vertex   9.720000e+01 8.240000e+01 2.071500e+01
      vertex   9.043508e+01 8.240000e+01 2.499254e+01
      vertex   9.044855e+01 8.240000e+01 2.486017e+01
    endloop
  endfacet
  facet normal 0.000000e+00 -1.000000e+00 0.000000e+00
    outer loop
      vertex   9.720000e+01 8.240000e+01 2.071500e+01
      vertex   9.044855e+01 8.240000e+01 2.486017e+01
      vertex   9.044787e+01 8.240000e+01 2.472712e+01
    endloop
  endfacet
  facet normal 0.000000e+00 -1.000000e+00 -0.000000e+00
    outer loop
      vertex   9.044787e+01 8.240000e+01 2.472712e+01
      vertex   9.043306e+01 8.240000e+01 2.459489e+01
      vertex   9.720000e+01 8.240000e+01 2.071500e+01
    endloop
  endfacet
  facet normal 3.429752e-15 -1.000000e+00 8.358077e-16
    outer loop
      vertex   8.366245e+01 8.240000e+01 1.298963e+01
      vertex   8.371095e+01 8.240000e+01 1.279061e+01
      vertex   8.725763e+01 8.240000e+01 1.523931e+01
    endloop
  endfacet
  facet normal 3.286616e-15 -1.000000e+00 1.043125e-15
    outer loop
      vertex   8.725763e+01 8.240000e+01 1.523931e+01
      vertex   8.371095e+01 8.240000e+01 1.279061e+01
      vertex   8.377292e+01 8.240000e+01 1.259536e+01
    endloop
  endfacet
  facet normal 3.138895e-15 -1.000000e+00 1.237820e-15
    outer loop
      vertex   8.725763e+01 8.240000e+01 1.523931e+01
      vertex   8.377292e+01 8.240000e+01 1.259536e+01
      vertex   8.384807e+01 8.240000e+01 1.240480e+01
    endloop
  endfacet
  facet normal 2.986985e-15 -1.000000e+00 1.420548e-15
    outer loop
      vertex   8.384807e+01 8.240000e+01 1.240480e+01
      vertex   8.393605e+01 8.240000e+01 1.221981e+01
      vertex   8.725763e+01 8.240000e+01 1.523931e+01
    endloop
  endfacet
  facet normal 2.462033e-15 -1.000000e+00 1.867019e-15
    outer loop
      vertex   8.414880e+01 8.240000e+01 1.186996e+01
      vertex   8.427257e+01 8.240000e+01 1.170674e+01
      vertex   8.745364e+01 8.240000e+01 1.512339e+01
    endloop
  endfacet
  facet normal 2.306868e-15 -1.000000e+00 2.011485e-15
    outer loop
      vertex   8.745364e+01 8.240000e+01 1.512339e+01
      vertex   8.427257e+01 8.240000e+01 1.170674e+01
      vertex   8.440720e+01 8.240000e+01 1.155234e+01
    endloop
  endfacet
  facet normal 2.147468e-15 -1.000000e+00 2.147468e-15
    outer loop
      vertex   8.745364e+01 8.240000e+01 1.512339e+01
      vertex   8.440720e+01 8.240000e+01 1.155234e+01
      vertex   8.455205e+01 8.240000e+01 1.140749e+01
    endloop
  endfacet
  facet normal 1.983879e-15 -1.000000e+00 2.275209e-15
    outer loop
      vertex   8.455205e+01 8.240000e+01 1.140749e+01
      vertex   8.470644e+01 8.240000e+01 1.127287e+01
      vertex   8.745364e+01 8.240000e+01 1.512339e+01
    endloop
  endfacet
  facet normal 1.816113e-15 -1.000000e+00 2.394904e-15
    outer loop
      vertex   8.745364e+01 8.240000e+01 1.512339e+01
      vertex   8.470644e+01 8.240000e+01 1.127287e+01
      vertex   8.486967e+01 8.240000e+01 1.114909e+01
    endloop
  endfacet
  facet normal 1.644150e-15 -1.000000e+00 2.506709e-15
    outer loop
      vertex   8.745364e+01 8.240000e+01 1.512339e+01
      vertex   8.486967e+01 8.240000e+01 1.114909e+01
      vertex   8.504095e+01 8.240000e+01 1.103674e+01
    endloop
  endfacet
  facet normal 1.467945e-15 -1.000000e+00 2.610738e-15
    outer loop
      vertex   8.504095e+01 8.240000e+01 1.103674e+01
      vertex   8.521951e+01 8.240000e+01 1.093634e+01
      vertex   8.745364e+01 8.240000e+01 1.512339e+01
    endloop
  endfacet
  facet normal 9.202731e-16 -1.000000e+00 2.899542e-15
    outer loop
      vertex   8.559507e+01 8.240000e+01 1.077322e+01
      vertex   8.579032e+01 8.240000e+01 1.071125e+01
      vertex   8.765655e+01 8.240000e+01 1.502000e+01
    endloop
  endfacet
  facet normal 7.269990e-16 -1.000000e+00 2.983254e-15
    outer loop
      vertex   8.765655e+01 8.240000e+01 1.502000e+01
      vertex   8.579032e+01 8.240000e+01 1.071125e+01
      vertex   8.598934e+01 8.240000e+01 1.066275e+01
    endloop
  endfacet
  facet normal 5.275246e-16 -1.000000e+00 3.059578e-15
    outer loop
      vertex   8.765655e+01 8.240000e+01 1.502000e+01
      vertex   8.598934e+01 8.240000e+01 1.066275e+01
      vertex   8.619121e+01 8.240000e+01 1.062794e+01
    endloop
  endfacet
  facet normal 3.215972e-16 -1.000000e+00 3.128283e-15
    outer loop
      vertex   8.619121e+01 8.240000e+01 1.062794e+01
      vertex   8.639498e+01 8.240000e+01 1.060699e+01
      vertex   8.765655e+01 8.240000e+01 1.502000e+01
    endloop
  endfacet
  facet normal 1.089421e-16 -1.000000e+00 3.189076e-15
    outer loop
      vertex   8.765655e+01 8.240000e+01 1.502000e+01
      vertex   8.639498e+01 8.240000e+01 1.060699e+01
      vertex   8.659971e+01 8.240000e+01 1.060000e+01
    endloop
  endfacet
  facet normal 2.079172e-13 -1.000000e+00 -2.022479e-12
    outer loop
      vertex   9.690473e+01 8.240000e+01 1.060699e+01
      vertex   9.710850e+01 8.240000e+01 1.062794e+01
      vertex   9.670000e+01 8.240000e+01 1.060000e+01
    endloop
  endfacet
  facet normal 1.153297e-13 -1.000000e+00 -6.688981e-13
    outer loop
      vertex   9.670000e+01 8.240000e+01 1.060000e+01
      vertex   9.710850e+01 8.240000e+01 1.062794e+01
      vertex   9.731037e+01 8.240000e+01 1.066275e+01
    endloop
  endfacet
  facet normal 8.054178e-14 -1.000000e+00 -3.305047e-13
    outer loop
      vertex   9.670000e+01 8.240000e+01 1.060000e+01
      vertex   9.731037e+01 8.240000e+01 1.066275e+01
      vertex   9.750939e+01 8.240000e+01 1.071125e+01
    endloop
  endfacet
  facet normal 6.193762e-14 -1.000000e+00 -1.951494e-13
    outer loop
      vertex   9.750939e+01 8.240000e+01 1.071125e+01
      vertex   9.770464e+01 8.240000e+01 1.077322e+01
      vertex   9.670000e+01 8.240000e+01 1.060000e+01
    endloop
  endfacet
  facet normal 5.026920e-14 -1.000000e+00 -1.274740e-13
    outer loop
      vertex   9.670000e+01 8.240000e+01 1.060000e+01
      vertex   9.770464e+01 8.240000e+01 1.077322e+01
      vertex   9.789520e+01 8.240000e+01 1.084837e+01
    endloop
  endfacet
  facet normal 4.223363e-14 -1.000000e+00 -8.880464e-14
    outer loop
      vertex   9.670000e+01 8.240000e+01 1.060000e+01
      vertex   9.789520e+01 8.240000e+01 1.084837e+01
      vertex   9.808019e+01 8.240000e+01 1.093634e+01
    endloop
  endfacet
  facet normal 3.634457e-14 -1.000000e+00 -6.463877e-14
    outer loop
      vertex   9.808019e+01 8.240000e+01 1.093634e+01
      vertex   9.825875e+01 8.240000e+01 1.103674e+01
      vertex   9.670000e+01 8.240000e+01 1.060000e+01
    endloop
  endfacet
  facet normal 3.183131e-14 -1.000000e+00 -4.853073e-14
    outer loop
      vertex   9.670000e+01 8.240000e+01 1.060000e+01
      vertex   9.825875e+01 8.240000e+01 1.103674e+01
      vertex   9.843004e+01 8.240000e+01 1.114909e+01
    endloop
  endfacet
  facet normal 2.825341e-14 -1.000000e+00 -3.725770e-14
    outer loop
      vertex   9.670000e+01 8.240000e+01 1.060000e+01
      vertex   9.843004e+01 8.240000e+01 1.114909e+01
      vertex   9.859326e+01 8.240000e+01 1.127287e+01
    endloop
  endfacet
  facet normal 2.534059e-14 -1.000000e+00 -2.906182e-14
    outer loop
      vertex   9.859326e+01 8.240000e+01 1.127287e+01
      vertex   9.874766e+01 8.240000e+01 1.140749e+01
      vertex   9.670000e+01 8.240000e+01 1.060000e+01
    endloop
  endfacet
  facet normal 2.291764e-14 -1.000000e+00 -2.291764e-14
    outer loop
      vertex   9.670000e+01 8.240000e+01 1.060000e+01
      vertex   9.874766e+01 8.240000e+01 1.140749e+01
      vertex   9.889251e+01 8.240000e+01 1.155234e+01
    endloop
  endfacet
  facet normal 2.086594e-14 -1.000000e+00 -1.819416e-14
    outer loop
      vertex   9.670000e+01 8.240000e+01 1.060000e+01
      vertex   9.889251e+01 8.240000e+01 1.155234e+01
      vertex   9.902713e+01 8.240000e+01 1.170674e+01
    endloop
  endfacet
  facet normal 1.910229e-14 -1.000000e+00 -1.448572e-14
    outer loop
      vertex   9.902713e+01 8.240000e+01 1.170674e+01
      vertex   9.915091e+01 8.240000e+01 1.186996e+01
      vertex   9.670000e+01 8.240000e+01 1.060000e+01
    endloop
  endfacet
  facet normal 1.756656e-14 -1.000000e+00 -1.152191e-14
    outer loop
      vertex   9.670000e+01 8.240000e+01 1.060000e+01
      vertex   9.915091e+01 8.240000e+01 1.186996e+01
      vertex   9.926326e+01 8.240000e+01 1.204125e+01
    endloop
  endfacet
  facet normal 1.621425e-14 -1.000000e+00 -9.116817e-15
    outer loop
      vertex   9.670000e+01 8.240000e+01 1.060000e+01
      vertex   9.926326e+01 8.240000e+01 1.204125e+01
      vertex   9.936365e+01 8.240000e+01 1.221981e+01
    endloop
  endfacet
  facet normal 1.501165e-14 -1.000000e+00 -7.139226e-15
    outer loop
      vertex   9.936365e+01 8.240000e+01 1.221981e+01
      vertex   9.945163e+01 8.240000e+01 1.240480e+01
      vertex   9.670000e+01 8.240000e+01 1.060000e+01
    endloop
  endfacet
  facet normal 1.393280e-14 -1.000000e+00 -5.494381e-15
    outer loop
      vertex   9.670000e+01 8.240000e+01 1.060000e+01
      vertex   9.945163e+01 8.240000e+01 1.240480e+01
      vertex   9.952678e+01 8.240000e+01 1.259536e+01
    endloop
  endfacet
  facet normal 1.295734e-14 -1.000000e+00 -4.112474e-15
    outer loop
      vertex   9.670000e+01 8.240000e+01 1.060000e+01
      vertex   9.952678e+01 8.240000e+01 1.259536e+01
      vertex   9.958875e+01 8.240000e+01 1.279061e+01
    endloop
  endfacet
  facet normal 1.206910e-14 -1.000000e+00 -2.941160e-15
    outer loop
      vertex   9.958875e+01 8.240000e+01 1.279061e+01
      vertex   9.963725e+01 8.240000e+01 1.298963e+01
      vertex   9.670000e+01 8.240000e+01 1.060000e+01
    endloop
  endfacet
  facet normal 1.125506e-14 -1.000000e+00 -1.940569e-15
    outer loop
      vertex   9.670000e+01 8.240000e+01 1.060000e+01
      vertex   9.963725e+01 8.240000e+01 1.298963e+01
      vertex   9.967206e+01 8.240000e+01 1.319150e+01
    endloop
  endfacet
  facet normal 1.050460e-14 -1.000000e+00 -1.079906e-15
    outer loop
      vertex   9.670000e+01 8.240000e+01 1.060000e+01
      vertex   9.967206e+01 8.240000e+01 1.319150e+01
      vertex   9.969301e+01 8.240000e+01 1.339527e+01
    endloop
  endfacet
  facet normal 7.677320e-14 -1.000000e+00 -7.203625e-14
    outer loop
      vertex   9.969301e+01 8.240000e+01 1.339527e+01
      vertex   9.970000e+01 8.240000e+01 1.360000e+01
      vertex   9.670000e+01 8.240000e+01 1.060000e+01
    endloop
  endfacet
  facet normal 0.000000e+00 8.881784e-16 -1.000000e+00
    outer loop
      vertex   8.259971e+01 8.440000e+01 1.550983e+01
      vertex   8.359971e+01 8.440000e+01 1.550983e+01
      vertex   8.259971e+01 8.240000e+01 1.550983e+01
    endloop
  endfacet
  facet normal 1.776357e-15 0.000000e+00 -1.000000e+00
    outer loop
      vertex   8.259971e+01 8.240000e+01 1.550983e+01
      vertex   8.359971e+01 8.440000e+01 1.550983e+01
      vertex   8.359971e+01 8.240000e+01 1.550983e+01
    endloop
  endfacet
  facet normal 0.000000e+00 4.736952e-15 -1.000000e+00
    outer loop
      vertex   8.109971e+01 8.590000e+01 2.100734e+01
      vertex   8.109971e+01 8.440000e+01 2.100734e+01
      vertex   7.909971e+01 8.590000e+01 2.100734e+01
    endloop
  endfacet
  facet normal 0.000000e+00 4.736952e-15 -1.000000e+00
    outer loop
      vertex   7.909971e+01 8.590000e+01 2.100734e+01
      vertex   8.109971e+01 8.440000e+01 2.100734e+01
      vertex   7.909971e+01 8.440000e+01 2.100734e+01
    endloop
  endfacet
  facet normal -1.000000e+00 0.000000e+00 0.000000e+00
    outer loop
      vertex   7.909971e+01 8.440000e+01 1.750983e+01
      vertex   7.909971e+01 8.240000e+01 1.750983e+01
      vertex   7.909971e+01 8.440000e+01 2.100734e+01
    endloop
  endfacet
  facet normal -1.000000e+00 -0.000000e+00 0.000000e+00
    outer loop
      vertex   7.909971e+01 8.440000e+01 2.100734e+01
      vertex   7.909971e+01 8.240000e+01 1.750983e+01
      vertex   7.909971e+01 8.240000e+01 2.700000e+01
    endloop
  endfacet
  facet normal -1.000000e+00 0.000000e+00 0.000000e+00
    outer loop
      vertex   7.909971e+01 8.440000e+01 2.100734e+01
      vertex   7.909971e+01 8.240000e+01 2.700000e+01
      vertex   7.909971e+01 8.590000e+01 2.700000e+01
    endloop
  endfacet
  facet normal -1.000000e+00 0.000000e+00 -0.000000e+00
    outer loop
      vertex   7.909971e+01 8.590000e+01 2.700000e+01
      vertex   7.909971e+01 8.590000e+01 2.100734e+01
      vertex   7.909971e+01 8.440000e+01 2.100734e+01
    endloop
  endfacet
  facet normal 0.000000e+00 1.000000e+00 0.000000e+00
    outer loop
      vertex   7.909971e+01 8.590000e+01 2.100734e+01
      vertex   7.909971e+01 8.590000e+01 2.700000e+01
      vertex   8.109971e+01 8.590000e+01 2.100734e+01
    endloop
  endfacet
  facet normal 3.620464e-15 1.000000e+00 1.208299e-15
    outer loop
      vertex   8.109971e+01 8.590000e+01 2.100734e+01
      vertex   7.909971e+01 8.590000e+01 2.700000e+01
      vertex   8.695000e+01 8.590000e+01 2.700000e+01
    endloop
  endfacet
  facet normal -4.446345e-16 1.000000e+00 5.176822e-15
    outer loop
      vertex   8.109971e+01 8.590000e+01 2.100734e+01
      vertex   8.695000e+01 8.590000e+01 2.700000e+01
      vertex   8.695000e+01 8.590000e+01 2.150982e+01
    endloop
  endfacet
  facet normal 0.000000e+00 0.000000e+00 1.000000e+00
    outer loop
      vertex   7.909971e+01 8.590000e+01 2.700000e+01
      vertex   7.909971e+01 8.240000e+01 2.700000e+01
      vertex   8.695000e+01 8.440000e+01 2.700000e+01
    endloop
  endfacet
  facet normal 0.000000e+00 0.000000e+00 1.000000e+00
    outer loop
      vertex   8.695000e+01 8.440000e+01 2.700000e+01
      vertex   7.909971e+01 8.240000e+01 2.700000e+01
      vertex   8.763620e+01 8.240000e+01 2.700000e+01
    endloop
  endfacet
  facet normal -0.000000e+00 0.000000e+00 1.000000e+00
    outer loop
      vertex   8.695000e+01 8.440000e+01 2.700000e+01
      vertex   8.763620e+01 8.240000e+01 2.700000e+01
      vertex   8.780798e+01 8.440000e+01 2.700000e+01
    endloop
  endfacet
  facet normal 0.000000e+00 -0.000000e+00 1.000000e+00
    outer loop
      vertex   8.695000e+01 8.440000e+01 2.700000e+01
      vertex   8.695000e+01 8.590000e+01 2.700000e+01
      vertex   7.909971e+01 8.590000e+01 2.700000e+01
    endloop
  endfacet
  facet normal -8.189283e-01 -9.427227e-04 -5.738951e-01
    outer loop
      vertex   9.123525e+01 8.475000e+01 2.891918e+01
      vertex   9.130000e+01 8.475000e+01 2.882678e+01
      vertex   9.129672e+01 8.440000e+01 2.883203e+01
    endloop
  endfacet
  facet normal -8.688348e-01 7.061385e-04 -4.951017e-01
    outer loop
      vertex   9.129672e+01 8.440000e+01 2.883203e+01
      vertex   9.130000e+01 8.475000e+01 2.882678e+01
      vertex   9.133463e+01 8.475028e+01 2.876601e+01
    endloop
  endfacet
  facet normal -8.752179e-01 3.542734e-03 -4.837159e-01
    outer loop
      vertex   9.129672e+01 8.440000e+01 2.883203e+01
      vertex   9.133463e+01 8.475028e+01 2.876601e+01
      vertex   9.135097e+01 8.440000e+01 2.873388e+01
    endloop
  endfacet
  facet normal -8.998010e-01 -1.953796e-03 -4.362961e-01
    outer loop
      vertex   9.135097e+01 8.440000e+01 2.873388e+01
      vertex   9.133463e+01 8.475028e+01 2.876601e+01
      vertex   9.136526e+01 8.475095e+01 2.870284e+01
    endloop
  endfacet
  facet normal -9.238730e-01 3.769709e-03 -3.826807e-01
    outer loop
      vertex   9.135097e+01 8.440000e+01 2.873388e+01
      vertex   9.136526e+01 8.475095e+01 2.870284e+01
      vertex   9.139388e+01 8.440000e+01 2.863028e+01
    endloop
  endfacet
  facet normal -9.290754e-01 7.009354e-04 -3.698898e-01
    outer loop
      vertex   9.139388e+01 8.440000e+01 2.863028e+01
      vertex   9.136526e+01 8.475095e+01 2.870284e+01
      vertex   9.139126e+01 8.475184e+01 2.863755e+01
    endloop
  endfacet
  facet normal -9.531606e-01 -8.714489e-04 -3.024635e-01
    outer loop
      vertex   9.139388e+01 8.440000e+01 2.863028e+01
      vertex   9.139126e+01 8.475184e+01 2.863755e+01
      vertex   9.141247e+01 8.475275e+01 2.857069e+01
    endloop
  endfacet
  facet normal -9.609101e-01 3.866480e-03 -2.768334e-01
    outer loop
      vertex   9.139388e+01 8.440000e+01 2.863028e+01
      vertex   9.141247e+01 8.475275e+01 2.857069e+01
      vertex   9.142493e+01 8.440000e+01 2.852252e+01
    endloop
  endfacet
  facet normal -9.717767e-01 -2.107668e-03 -2.358933e-01
    outer loop
      vertex   9.142493e+01 8.440000e+01 2.852252e+01
      vertex   9.141247e+01 8.475275e+01 2.857069e+01
      vertex   9.142893e+01 8.475361e+01 2.850289e+01
    endloop
  endfacet
  facet normal -9.855158e-01 1.729837e-03 -1.695747e-01
    outer loop
      vertex   9.142493e+01 8.440000e+01 2.852252e+01
      vertex   9.142893e+01 8.475361e+01 2.850289e+01
      vertex   9.144065e+01 8.475433e+01 2.843476e+01
    endloop
  endfacet
  facet normal -9.858685e-01 2.257908e-03 -1.675058e-01
    outer loop
      vertex   9.142493e+01 8.440000e+01 2.852252e+01
      vertex   9.144065e+01 8.475433e+01 2.843476e+01
      vertex   9.144371e+01 8.440000e+01 2.841196e+01
    endloop
  endfacet
  facet normal -9.946905e-01 -1.974975e-03 -1.028928e-01
    outer loop
      vertex   9.144371e+01 8.440000e+01 2.841196e+01
      vertex   9.144065e+01 8.475433e+01 2.843476e+01
      vertex   9.144767e+01 8.475482e+01 2.836692e+01
    endloop
  endfacet
  facet normal -9.984188e-01 4.010243e-03 -5.606998e-02
    outer loop
      vertex   9.144371e+01 8.440000e+01 2.841196e+01
      vertex   9.144767e+01 8.475482e+01 2.836692e+01
      vertex   9.145000e+01 8.440000e+01 2.830000e+01
    endloop
  endfacet
  facet normal -9.993928e-01 -1.520216e-12 -3.484197e-02
    outer loop
      vertex   9.145000e+01 8.440000e+01 2.830000e+01
      vertex   9.144767e+01 8.475482e+01 2.836692e+01
      vertex   9.145000e+01 8.475501e+01 2.830000e+01
    endloop
  endfacet
  facet normal -8.155606e-01 8.379761e-04 -5.786711e-01
    outer loop
      vertex   9.129672e+01 8.440000e+01 2.883203e+01
      vertex   9.123183e+01 8.440000e+01 2.892349e+01
      vertex   9.123525e+01 8.475000e+01 2.891918e+01
    endloop
  endfacet
  facet normal -7.490679e-01 -8.433704e-04 -6.624927e-01
    outer loop
      vertex   9.123525e+01 8.475000e+01 2.891918e+01
      vertex   9.123183e+01 8.440000e+01 2.892349e+01
      vertex   9.116050e+01 8.475000e+01 2.900370e+01
    endloop
  endfacet
  facet normal -7.456420e-01 7.379494e-04 -6.663464e-01
    outer loop
      vertex   9.116050e+01 8.475000e+01 2.900370e+01
      vertex   9.123183e+01 8.440000e+01 2.892349e+01
      vertex   9.115711e+01 8.440000e+01 2.900711e+01
    endloop
  endfacet
  facet normal -6.696719e-01 -7.426693e-04 -7.426567e-01
    outer loop
      vertex   9.116050e+01 8.475000e+01 2.900370e+01
      vertex   9.115711e+01 8.440000e+01 2.900711e+01
      vertex   9.107671e+01 8.475000e+01 2.907925e+01
    endloop
  endfacet
  facet normal -6.663464e-01 6.365739e-04 -7.456420e-01
    outer loop
      vertex   9.107671e+01 8.475000e+01 2.907925e+01
      vertex   9.115711e+01 8.440000e+01 2.900711e+01
      vertex   9.107349e+01 8.440000e+01 2.908183e+01
    endloop
  endfacet
  facet normal -5.817509e-01 -6.406195e-04 -8.133667e-01
    outer loop
      vertex   9.107671e+01 8.475000e+01 2.907925e+01
      vertex   9.107349e+01 8.440000e+01 2.908183e+01
      vertex   9.098494e+01 8.475000e+01 2.914489e+01
    endloop
  endfacet
  facet normal -5.786712e-01 5.338497e-04 -8.155608e-01
    outer loop
      vertex   9.098494e+01 8.475000e+01 2.914489e+01
      vertex   9.107349e+01 8.440000e+01 2.908183e+01
      vertex   9.098203e+01 8.440000e+01 2.914672e+01
    endloop
  endfacet
  facet normal -4.864243e-01 -5.372210e-04 -8.737226e-01
    outer loop
      vertex   9.098494e+01 8.475000e+01 2.914489e+01
      vertex   9.098203e+01 8.440000e+01 2.914672e+01
      vertex   9.088636e+01 8.475000e+01 2.919977e+01
    endloop
  endfacet
  facet normal -4.837188e-01 4.297769e-04 -8.752233e-01
    outer loop
      vertex   9.088636e+01 8.475000e+01 2.919977e+01
      vertex   9.098203e+01 8.440000e+01 2.914672e+01
      vertex   9.088388e+01 8.440000e+01 2.920097e+01
    endloop
  endfacet
  facet normal -3.849054e-01 -4.324738e-04 -9.229559e-01
    outer loop
      vertex   9.088636e+01 8.475000e+01 2.919977e+01
      vertex   9.088388e+01 8.440000e+01 2.920097e+01
      vertex   9.078223e+01 8.475000e+01 2.924320e+01
    endloop
  endfacet
  facet normal -3.826834e-01 3.243554e-04 -9.238795e-01
    outer loop
      vertex   9.078223e+01 8.475000e+01 2.924320e+01
      vertex   9.088388e+01 8.440000e+01 2.920097e+01
      vertex   9.078028e+01 8.440000e+01 2.924388e+01
    endloop
  endfacet
  facet normal -2.784867e-01 -3.263781e-04 -9.604400e-01
    outer loop
      vertex   9.078223e+01 8.475000e+01 2.924320e+01
      vertex   9.078028e+01 8.440000e+01 2.924388e+01
      vertex   9.067386e+01 8.475000e+01 2.927462e+01
    endloop
  endfacet
  facet normal -2.768355e-01 2.175854e-04 -9.609173e-01
    outer loop
      vertex   9.067386e+01 8.475000e+01 2.927462e+01
      vertex   9.078028e+01 8.440000e+01 2.924388e+01
      vertex   9.067252e+01 8.440000e+01 2.927493e+01
    endloop
  endfacet
  facet normal -1.685228e-01 -2.189339e-04 -9.856977e-01
    outer loop
      vertex   9.067386e+01 8.475000e+01 2.927462e+01
      vertex   9.067252e+01 8.440000e+01 2.927493e+01
      vertex   9.056265e+01 8.475000e+01 2.929363e+01
    endloop
  endfacet
  facet normal -1.675062e-01 1.094669e-04 -9.858710e-01
    outer loop
      vertex   9.056265e+01 8.475000e+01 2.929363e+01
      vertex   9.067252e+01 8.440000e+01 2.927493e+01
      vertex   9.056196e+01 8.440000e+01 2.929371e+01
    endloop
  endfacet
  facet normal -5.641064e-02 -1.101471e-04 -9.984076e-01
    outer loop
      vertex   9.056265e+01 8.475000e+01 2.929363e+01
      vertex   9.056196e+01 8.440000e+01 2.929371e+01
      vertex   9.045000e+01 8.475000e+01 2.930000e+01
    endloop
  endfacet
  facet normal -5.607045e-02 -9.751282e-07 -9.984268e-01
    outer loop
      vertex   9.045000e+01 8.475000e+01 2.930000e+01
      vertex   9.056196e+01 8.440000e+01 2.929371e+01
      vertex   9.045000e+01 8.440000e+01 2.930000e+01
    endloop
  endfacet
  facet normal -1.000000e+00 -1.521140e-12 -1.077577e-06
    outer loop
      vertex   9.145000e+01 8.475501e+01 2.830000e+01
      vertex   9.145000e+01 8.475501e+01 2.700000e+01
      vertex   9.145000e+01 8.440000e+01 2.830000e+01
    endloop
  endfacet
  facet normal -1.000000e+00 3.945996e-06 7.756615e-14
    outer loop
      vertex   9.145000e+01 8.440000e+01 2.830000e+01
      vertex   9.145000e+01 8.475501e+01 2.700000e+01
      vertex   9.145000e+01 8.440000e+01 2.133804e+01
    endloop
  endfacet
  facet normal -1.000000e+00 5.859945e-22 2.474142e-07
    outer loop
      vertex   9.145000e+01 8.440000e+01 2.133804e+01
      vertex   9.145000e+01 8.475501e+01 2.700000e+01
      vertex   9.145000e+01 8.590000e+01 2.133804e+01
    endloop
  endfacet
  facet normal -1.000000e+00 7.383256e-22 2.474142e-07
    outer loop
      vertex   9.145000e+01 8.590000e+01 2.133804e+01
      vertex   9.145000e+01 8.475501e+01 2.700000e+01
      vertex   9.145000e+01 8.590000e+01 2.700000e+01
    endloop
  endfacet
  facet normal -1.308719e-07 -9.766647e-07 -1.000000e+00
    outer loop
      vertex   9.045000e+01 8.475000e+01 2.930000e+01
      vertex   9.045000e+01 8.440000e+01 2.930000e+01
      vertex   8.783804e+01 8.475000e+01 2.930000e+01
    endloop
  endfacet
  facet normal 1.293829e-07 9.655521e-07 -1.000000e+00
    outer loop
      vertex   8.783804e+01 8.475000e+01 2.930000e+01
      vertex   9.045000e+01 8.440000e+01 2.930000e+01
      vertex   8.780798e+01 8.440000e+01 2.930000e+01
    endloop
  endfacet
  facet normal 0.000000e+00 1.000000e+00 0.000000e+00
    outer loop
      vertex   7.909971e+01 8.440000e+01 1.750983e+01
      vertex   8.190219e+01 8.440000e+01 1.733771e+01
      vertex   8.259971e+01 8.440000e+01 1.550983e+01
    endloop
  endfacet
  facet normal 0.000000e+00 1.000000e+00 0.000000e+00
    outer loop
      vertex   8.259971e+01 8.440000e+01 1.550983e+01
      vertex   8.190219e+01 8.440000e+01 1.733771e+01
      vertex   8.200900e+01 8.440000e+01 1.725836e+01
    endloop
  endfacet
  facet normal 0.000000e+00 1.000000e+00 0.000000e+00
    outer loop
      vertex   8.259971e+01 8.440000e+01 1.550983e+01
      vertex   8.200900e+01 8.440000e+01 1.725836e+01
      vertex   8.212363e+01 8.440000e+01 1.719081e+01
    endloop
  endfacet
  facet normal 0.000000e+00 1.000000e+00 0.000000e+00
    outer loop
      vertex   7.909971e+01 8.440000e+01 2.100734e+01
      vertex   8.150322e+01 8.440000e+01 1.866086e+01
      vertex   7.909971e+01 8.440000e+01 1.750983e+01
    endloop
  endfacet
  facet normal 0.000000e+00 1.000000e+00 0.000000e+00
    outer loop
      vertex   7.909971e+01 8.440000e+01 1.750983e+01
      vertex   8.150322e+01 8.440000e+01 1.866086e+01
      vertex   8.147164e+01 8.440000e+01 1.853161e+01
    endloop
  endfacet
  facet normal 0.000000e+00 1.000000e+00 0.000000e+00
    outer loop
      vertex   7.909971e+01 8.440000e+01 1.750983e+01
      vertex   8.147164e+01 8.440000e+01 1.853161e+01
      vertex   8.145398e+01 8.440000e+01 1.839973e+01
    endloop
  endfacet
  facet normal 0.000000e+00 1.000000e+00 0.000000e+00
    outer loop
      vertex   8.109971e+01 8.440000e+01 2.100734e+01
      vertex   8.160655e+01 8.440000e+01 1.890569e+01
      vertex   7.909971e+01 8.440000e+01 2.100734e+01
    endloop
  endfacet
  facet normal 0.000000e+00 1.000000e+00 0.000000e+00
    outer loop
      vertex   7.909971e+01 8.440000e+01 2.100734e+01
      vertex   8.160655e+01 8.440000e+01 1.890569e+01
      vertex   8.154836e+01 8.440000e+01 1.878603e+01
    endloop
  endfacet
  facet normal 0.000000e+00 1.000000e+00 0.000000e+00
    outer loop
      vertex   7.909971e+01 8.440000e+01 2.100734e+01
      vertex   8.154836e+01 8.440000e+01 1.878603e+01
      vertex   8.150322e+01 8.440000e+01 1.866086e+01
    endloop
  endfacet
  facet normal 0.000000e+00 1.000000e+00 0.000000e+00
    outer loop
      vertex   8.695000e+01 8.440000e+01 2.150982e+01
      vertex   8.650906e+01 8.440000e+01 2.072888e+01
      vertex   8.109971e+01 8.440000e+01 2.100734e+01
    endloop
  endfacet
  facet normal 0.000000e+00 1.000000e+00 0.000000e+00
    outer loop
      vertex   8.109971e+01 8.440000e+01 2.100734e+01
      vertex   8.650906e+01 8.440000e+01 2.072888e+01
      vertex   8.636186e+01 8.440000e+01 2.055512e+01
    endloop
  endfacet
  facet normal 0.000000e+00 1.000000e+00 0.000000e+00
    outer loop
      vertex   8.109971e+01 8.440000e+01 2.100734e+01
      vertex   8.636186e+01 8.440000e+01 2.055512e+01
      vertex   8.296423e+01 8.440000e+01 1.952175e+01
    endloop
  endfacet
  facet normal -0.000000e+00 1.000000e+00 0.000000e+00
    outer loop
      vertex   8.296423e+01 8.440000e+01 1.952175e+01
      vertex   8.636186e+01 8.440000e+01 2.055512e+01
      vertex   8.309260e+01 8.440000e+01 1.948675e+01
    endloop
  endfacet
  facet normal 0.000000e+00 1.000000e+00 0.000000e+00
    outer loop
      vertex   8.309260e+01 8.440000e+01 1.948675e+01
      vertex   8.636186e+01 8.440000e+01 2.055512e+01
      vertex   8.622586e+01 8.440000e+01 2.037246e+01
    endloop
  endfacet
  facet normal -0.000000e+00 1.000000e+00 0.000000e+00
    outer loop
      vertex   8.309260e+01 8.440000e+01 1.948675e+01
      vertex   8.622586e+01 8.440000e+01 2.037246e+01
      vertex   8.321652e+01 8.440000e+01 1.943829e+01
    endloop
  endfacet
  facet normal 0.000000e+00 1.000000e+00 0.000000e+00
    outer loop
      vertex   8.321652e+01 8.440000e+01 1.943829e+01
      vertex   8.622586e+01 8.440000e+01 2.037246e+01
      vertex   8.610159e+01 8.440000e+01 2.018162e+01
    endloop
  endfacet
  facet normal -0.000000e+00 1.000000e+00 0.000000e+00
    outer loop
      vertex   8.321652e+01 8.440000e+01 1.943829e+01
      vertex   8.610159e+01 8.440000e+01 2.018162e+01
      vertex   8.333458e+01 8.440000e+01 1.937694e+01
    endloop
  endfacet
  facet normal 0.000000e+00 1.000000e+00 0.000000e+00
    outer loop
      vertex   8.333458e+01 8.440000e+01 1.937694e+01
      vertex   8.610159e+01 8.440000e+01 2.018162e+01
      vertex   8.598956e+01 8.440000e+01 1.998336e+01
    endloop
  endfacet
  facet normal -0.000000e+00 1.000000e+00 0.000000e+00
    outer loop
      vertex   8.333458e+01 8.440000e+01 1.937694e+01
      vertex   8.598956e+01 8.440000e+01 1.998336e+01
      vertex   8.344546e+01 8.440000e+01 1.930339e+01
    endloop
  endfacet
  facet normal 0.000000e+00 1.000000e+00 0.000000e+00
    outer loop
      vertex   8.344546e+01 8.440000e+01 1.930339e+01
      vertex   8.598956e+01 8.440000e+01 1.998336e+01
      vertex   8.589020e+01 8.440000e+01 1.977845e+01
    endloop
  endfacet
  facet normal -0.000000e+00 1.000000e+00 0.000000e+00
    outer loop
      vertex   8.344546e+01 8.440000e+01 1.930339e+01
      vertex   8.589020e+01 8.440000e+01 1.977845e+01
      vertex   8.354789e+01 8.440000e+01 1.921847e+01
    endloop
  endfacet
  facet normal 0.000000e+00 1.000000e+00 0.000000e+00
    outer loop
      vertex   8.354789e+01 8.440000e+01 1.921847e+01
      vertex   8.589020e+01 8.440000e+01 1.977845e+01
      vertex   8.580389e+01 8.440000e+01 1.956771e+01
    endloop
  endfacet
  facet normal -0.000000e+00 1.000000e+00 0.000000e+00
    outer loop
      vertex   8.354789e+01 8.440000e+01 1.921847e+01
      vertex   8.580389e+01 8.440000e+01 1.956771e+01
      vertex   8.364071e+01 8.440000e+01 1.912314e+01
    endloop
  endfacet
  facet normal 0.000000e+00 1.000000e+00 0.000000e+00
    outer loop
      vertex   8.364071e+01 8.440000e+01 1.912314e+01
      vertex   8.580389e+01 8.440000e+01 1.956771e+01
      vertex   8.573100e+01 8.440000e+01 1.935197e+01
    endloop
  endfacet
  facet normal -0.000000e+00 1.000000e+00 0.000000e+00
    outer loop
      vertex   8.364071e+01 8.440000e+01 1.912314e+01
      vertex   8.573100e+01 8.440000e+01 1.935197e+01
      vertex   8.372288e+01 8.440000e+01 1.901848e+01
    endloop
  endfacet
  facet normal 0.000000e+00 1.000000e+00 0.000000e+00
    outer loop
      vertex   8.372288e+01 8.440000e+01 1.901848e+01
      vertex   8.573100e+01 8.440000e+01 1.935197e+01
      vertex   8.567179e+01 8.440000e+01 1.913207e+01
    endloop
  endfacet
  facet normal -0.000000e+00 1.000000e+00 0.000000e+00
    outer loop
      vertex   8.372288e+01 8.440000e+01 1.901848e+01
      vertex   8.567179e+01 8.440000e+01 1.913207e+01
      vertex   8.379345e+01 8.440000e+01 1.890569e+01
    endloop
  endfacet
  facet normal -0.000000e+00 1.000000e+00 0.000000e+00
    outer loop
      vertex   8.379345e+01 8.440000e+01 1.890569e+01
      vertex   8.567179e+01 8.440000e+01 1.913207e+01
      vertex   8.385164e+01 8.440000e+01 1.878603e+01
    endloop
  endfacet
  facet normal 0.000000e+00 1.000000e+00 0.000000e+00
    outer loop
      vertex   8.385164e+01 8.440000e+01 1.878603e+01
      vertex   8.567179e+01 8.440000e+01 1.913207e+01
      vertex   8.562650e+01 8.440000e+01 1.890889e+01
    endloop
  endfacet
  facet normal -0.000000e+00 1.000000e+00 0.000000e+00
    outer loop
      vertex   8.385164e+01 8.440000e+01 1.878603e+01
      vertex   8.562650e+01 8.440000e+01 1.890889e+01
      vertex   8.389678e+01 8.440000e+01 1.866086e+01
    endloop
  endfacet
  facet normal 0.000000e+00 1.000000e+00 0.000000e+00
    outer loop
      vertex   8.389678e+01 8.440000e+01 1.866086e+01
      vertex   8.562650e+01 8.440000e+01 1.890889e+01
      vertex   8.559532e+01 8.440000e+01 1.868331e+01
    endloop
  endfacet
  facet normal -0.000000e+00 1.000000e+00 0.000000e+00
    outer loop
      vertex   8.389678e+01 8.440000e+01 1.866086e+01
      vertex   8.559532e+01 8.440000e+01 1.868331e+01
      vertex   8.392836e+01 8.440000e+01 1.853161e+01
    endloop
  endfacet
  facet normal -0.000000e+00 1.000000e+00 0.000000e+00
    outer loop
      vertex   8.392836e+01 8.440000e+01 1.853161e+01
      vertex   8.559532e+01 8.440000e+01 1.868331e+01
      vertex   8.557837e+01 8.440000e+01 1.845621e+01
    endloop
  endfacet
  facet normal 0.000000e+00 1.000000e+00 0.000000e+00
    outer loop
      vertex   8.392836e+01 8.440000e+01 1.853161e+01
      vertex   8.557837e+01 8.440000e+01 1.845621e+01
      vertex   8.394602e+01 8.440000e+01 1.839973e+01
    endloop
  endfacet
  facet normal -0.000000e+00 1.000000e+00 0.000000e+00
    outer loop
      vertex   8.394602e+01 8.440000e+01 1.839973e+01
      vertex   8.557837e+01 8.440000e+01 1.845621e+01
      vertex   8.394956e+01 8.440000e+01 1.826672e+01
    endloop
  endfacet
  facet normal -0.000000e+00 1.000000e+00 0.000000e+00
    outer loop
      vertex   8.394956e+01 8.440000e+01 1.826672e+01
      vertex   8.557837e+01 8.440000e+01 1.845621e+01
      vertex   8.557571e+01 8.440000e+01 1.822850e+01
    endloop
  endfacet
  facet normal 0.000000e+00 1.000000e+00 0.000000e+00
    outer loop
      vertex   8.394956e+01 8.440000e+01 1.826672e+01
      vertex   8.557571e+01 8.440000e+01 1.822850e+01
      vertex   8.393894e+01 8.440000e+01 1.813409e+01
    endloop
  endfacet
  facet normal -0.000000e+00 1.000000e+00 0.000000e+00
    outer loop
      vertex   8.393894e+01 8.440000e+01 1.813409e+01
      vertex   8.557571e+01 8.440000e+01 1.822850e+01
      vertex   8.558735e+01 8.440000e+01 1.800107e+01
    endloop
  endfacet
  facet normal 0.000000e+00 1.000000e+00 0.000000e+00
    outer loop
      vertex   8.393894e+01 8.440000e+01 1.813409e+01
      vertex   8.558735e+01 8.440000e+01 1.800107e+01
      vertex   8.391429e+01 8.440000e+01 1.800334e+01
    endloop
  endfacet
  facet normal 0.000000e+00 1.000000e+00 0.000000e+00
    outer loop
      vertex   8.391429e+01 8.440000e+01 1.800334e+01
      vertex   8.558735e+01 8.440000e+01 1.800107e+01
      vertex   8.561325e+01 8.440000e+01 1.777482e+01
    endloop
  endfacet
  facet normal 0.000000e+00 1.000000e+00 0.000000e+00
    outer loop
      vertex   8.391429e+01 8.440000e+01 1.800334e+01
      vertex   8.561325e+01 8.440000e+01 1.777482e+01
      vertex   8.387588e+01 8.440000e+01 1.787595e+01
    endloop
  endfacet
  facet normal 0.000000e+00 1.000000e+00 0.000000e+00
    outer loop
      vertex   8.387588e+01 8.440000e+01 1.787595e+01
      vertex   8.561325e+01 8.440000e+01 1.777482e+01
      vertex   8.565330e+01 8.440000e+01 1.755064e+01
    endloop
  endfacet
  facet normal 0.000000e+00 1.000000e+00 0.000000e+00
    outer loop
      vertex   8.387588e+01 8.440000e+01 1.787595e+01
      vertex   8.565330e+01 8.440000e+01 1.755064e+01
      vertex   8.382414e+01 8.440000e+01 1.775337e+01
    endloop
  endfacet
  facet normal 0.000000e+00 1.000000e+00 0.000000e+00
    outer loop
      vertex   8.382414e+01 8.440000e+01 1.775337e+01
      vertex   8.565330e+01 8.440000e+01 1.755064e+01
      vertex   8.375967e+01 8.440000e+01 1.763697e+01
    endloop
  endfacet
  facet normal 0.000000e+00 1.000000e+00 0.000000e+00
    outer loop
      vertex   8.375967e+01 8.440000e+01 1.763697e+01
      vertex   8.565330e+01 8.440000e+01 1.755064e+01
      vertex   8.570735e+01 8.440000e+01 1.732942e+01
    endloop
  endfacet
  facet normal 0.000000e+00 1.000000e+00 0.000000e+00
    outer loop
      vertex   8.375967e+01 8.440000e+01 1.763697e+01
      vertex   8.570735e+01 8.440000e+01 1.732942e+01
      vertex   8.368319e+01 8.440000e+01 1.752809e+01
    endloop
  endfacet
  facet normal 0.000000e+00 1.000000e+00 0.000000e+00
    outer loop
      vertex   8.368319e+01 8.440000e+01 1.752809e+01
      vertex   8.570735e+01 8.440000e+01 1.732942e+01
      vertex   8.577519e+01 8.440000e+01 1.711203e+01
    endloop
  endfacet
  facet normal 0.000000e+00 1.000000e+00 0.000000e+00
    outer loop
      vertex   8.368319e+01 8.440000e+01 1.752809e+01
      vertex   8.577519e+01 8.440000e+01 1.711203e+01
      vertex   8.359557e+01 8.440000e+01 1.742796e+01
    endloop
  endfacet
  facet normal 0.000000e+00 1.000000e+00 0.000000e+00
    outer loop
      vertex   8.359557e+01 8.440000e+01 1.742796e+01
      vertex   8.577519e+01 8.440000e+01 1.711203e+01
      vertex   8.585654e+01 8.440000e+01 1.689933e+01
    endloop
  endfacet
  facet normal 0.000000e+00 1.000000e+00 0.000000e+00
    outer loop
      vertex   8.359557e+01 8.440000e+01 1.742796e+01
      vertex   8.585654e+01 8.440000e+01 1.689933e+01
      vertex   8.349781e+01 8.440000e+01 1.733771e+01
    endloop
  endfacet
  facet normal 0.000000e+00 1.000000e+00 0.000000e+00
    outer loop
      vertex   8.349781e+01 8.440000e+01 1.733771e+01
      vertex   8.585654e+01 8.440000e+01 1.689933e+01
      vertex   8.359971e+01 8.440000e+01 1.550983e+01
    endloop
  endfacet
  facet normal 0.000000e+00 1.000000e+00 0.000000e+00
    outer loop
      vertex   8.349781e+01 8.440000e+01 1.733771e+01
      vertex   8.359971e+01 8.440000e+01 1.550983e+01
      vertex   8.339100e+01 8.440000e+01 1.725836e+01
    endloop
  endfacet
  facet normal 0.000000e+00 1.000000e+00 0.000000e+00
    outer loop
      vertex   8.339100e+01 8.440000e+01 1.725836e+01
      vertex   8.359971e+01 8.440000e+01 1.550983e+01
      vertex   8.327637e+01 8.440000e+01 1.719081e+01
    endloop
  endfacet
  facet normal 0.000000e+00 1.000000e+00 0.000000e+00
    outer loop
      vertex   8.327637e+01 8.440000e+01 1.719081e+01
      vertex   8.359971e+01 8.440000e+01 1.550983e+01
      vertex   8.315520e+01 8.440000e+01 1.713583e+01
    endloop
  endfacet
  facet normal 0.000000e+00 1.000000e+00 0.000000e+00
    outer loop
      vertex   8.315520e+01 8.440000e+01 1.713583e+01
      vertex   8.359971e+01 8.440000e+01 1.550983e+01
      vertex   8.302888e+01 8.440000e+01 1.709404e+01
    endloop
  endfacet
  facet normal 0.000000e+00 1.000000e+00 0.000000e+00
    outer loop
      vertex   8.302888e+01 8.440000e+01 1.709404e+01
      vertex   8.359971e+01 8.440000e+01 1.550983e+01
      vertex   8.289883e+01 8.440000e+01 1.706591e+01
    endloop
  endfacet
  facet normal 0.000000e+00 1.000000e+00 0.000000e+00
    outer loop
      vertex   8.289883e+01 8.440000e+01 1.706591e+01
      vertex   8.359971e+01 8.440000e+01 1.550983e+01
      vertex   8.259971e+01 8.440000e+01 1.550983e+01
    endloop
  endfacet
  facet normal 0.000000e+00 1.000000e+00 0.000000e+00
    outer loop
      vertex   8.289883e+01 8.440000e+01 1.706591e+01
      vertex   8.259971e+01 8.440000e+01 1.550983e+01
      vertex   8.276653e+01 8.440000e+01 1.705177e+01
    endloop
  endfacet
  facet normal 0.000000e+00 1.000000e+00 0.000000e+00
    outer loop
      vertex   8.276653e+01 8.440000e+01 1.705177e+01
      vertex   8.259971e+01 8.440000e+01 1.550983e+01
      vertex   8.263347e+01 8.440000e+01 1.705177e+01
    endloop
  endfacet
  facet normal 0.000000e+00 1.000000e+00 0.000000e+00
    outer loop
      vertex   8.263347e+01 8.440000e+01 1.705177e+01
      vertex   8.259971e+01 8.440000e+01 1.550983e+01
      vertex   8.250117e+01 8.440000e+01 1.706591e+01
    endloop
  endfacet
  facet normal 0.000000e+00 1.000000e+00 0.000000e+00
    outer loop
      vertex   8.250117e+01 8.440000e+01 1.706591e+01
      vertex   8.259971e+01 8.440000e+01 1.550983e+01
      vertex   8.237112e+01 8.440000e+01 1.709404e+01
    endloop
  endfacet
  facet normal 0.000000e+00 1.000000e+00 0.000000e+00
    outer loop
      vertex   8.237112e+01 8.440000e+01 1.709404e+01
      vertex   8.259971e+01 8.440000e+01 1.550983e+01
      vertex   8.224480e+01 8.440000e+01 1.713583e+01
    endloop
  endfacet
  facet normal 0.000000e+00 1.000000e+00 0.000000e+00
    outer loop
      vertex   8.224480e+01 8.440000e+01 1.713583e+01
      vertex   8.259971e+01 8.440000e+01 1.550983e+01
      vertex   8.212363e+01 8.440000e+01 1.719081e+01
    endloop
  endfacet
  facet normal -8.136575e-15 1.000000e+00 2.588411e-15
    outer loop
      vertex   8.695000e+01 8.440000e+01 2.700000e+01
      vertex   8.795642e+01 8.440000e+01 2.467346e+01
      vertex   8.695000e+01 8.440000e+01 2.150982e+01
    endloop
  endfacet
  facet normal 0.000000e+00 1.000000e+00 0.000000e+00
    outer loop
      vertex   8.695000e+01 8.440000e+01 2.150982e+01
      vertex   8.795642e+01 8.440000e+01 2.467346e+01
      vertex   8.797692e+01 8.440000e+01 2.454200e+01
    endloop
  endfacet
  facet normal 0.000000e+00 1.000000e+00 0.000000e+00
    outer loop
      vertex   8.695000e+01 8.440000e+01 2.150982e+01
      vertex   8.797692e+01 8.440000e+01 2.454200e+01
      vertex   8.801127e+01 8.440000e+01 2.441345e+01
    endloop
  endfacet
  facet normal 0.000000e+00 1.000000e+00 9.804364e-15
    outer loop
      vertex   8.780798e+01 8.440000e+01 2.700000e+01
      vertex   8.820042e+01 8.440000e+01 2.555056e+01
      vertex   8.695000e+01 8.440000e+01 2.700000e+01
    endloop
  endfacet
  facet normal -6.393775e-15 1.000000e+00 4.288517e-15
    outer loop
      vertex   8.695000e+01 8.440000e+01 2.700000e+01
      vertex   8.820042e+01 8.440000e+01 2.555056e+01
      vertex   8.812630e+01 8.440000e+01 2.544006e+01
    endloop
  endfacet
  facet normal -7.116079e-15 1.000000e+00 3.743851e-15
    outer loop
      vertex   8.695000e+01 8.440000e+01 2.700000e+01
      vertex   8.812630e+01 8.440000e+01 2.544006e+01
      vertex   8.806435e+01 8.440000e+01 2.532230e+01
    endloop
  endfacet
  facet normal -2.144105e-14 1.000000e+00 1.657179e-07
    outer loop
      vertex   8.780798e+01 8.440000e+01 2.930000e+01
      vertex   9.045000e+01 8.440000e+01 2.930000e+01
      vertex   8.780798e+01 8.440000e+01 2.700000e+01
    endloop
  endfacet
  facet normal 5.972099e-08 1.000000e+00 9.711598e-08
    outer loop
      vertex   8.780798e+01 8.440000e+01 2.700000e+01
      vertex   9.045000e+01 8.440000e+01 2.930000e+01
      vertex   8.937221e+01 8.440000e+01 2.603808e+01
    endloop
  endfacet
  facet normal 1.460496e-15 1.000000e+00 1.714843e-14
    outer loop
      vertex   8.780798e+01 8.440000e+01 2.700000e+01
      vertex   8.937221e+01 8.440000e+01 2.603808e+01
      vertex   8.923964e+01 8.440000e+01 2.604937e+01
    endloop
  endfacet
  facet normal 0.000000e+00 1.000000e+00 0.000000e+00
    outer loop
      vertex   9.056196e+01 8.440000e+01 2.929371e+01
      vertex   9.067252e+01 8.440000e+01 2.927493e+01
      vertex   9.045000e+01 8.440000e+01 2.930000e+01
    endloop
  endfacet
  facet normal 0.000000e+00 1.000000e+00 0.000000e+00
    outer loop
      vertex   9.045000e+01 8.440000e+01 2.930000e+01
      vertex   9.067252e+01 8.440000e+01 2.927493e+01
      vertex   9.078028e+01 8.440000e+01 2.924388e+01
    endloop
  endfacet
  facet normal 0.000000e+00 1.000000e+00 0.000000e+00
    outer loop
      vertex   9.045000e+01 8.440000e+01 2.930000e+01
      vertex   9.078028e+01 8.440000e+01 2.924388e+01
      vertex   9.088388e+01 8.440000e+01 2.920097e+01
    endloop
  endfacet
  facet normal 0.000000e+00 1.000000e+00 0.000000e+00
    outer loop
      vertex   9.088388e+01 8.440000e+01 2.920097e+01
      vertex   9.098203e+01 8.440000e+01 2.914672e+01
      vertex   9.045000e+01 8.440000e+01 2.930000e+01
    endloop
  endfacet
  facet normal 0.000000e+00 1.000000e+00 0.000000e+00
    outer loop
      vertex   9.045000e+01 8.440000e+01 2.930000e+01
      vertex   9.098203e+01 8.440000e+01 2.914672e+01
      vertex   9.107349e+01 8.440000e+01 2.908183e+01
    endloop
  endfacet
  facet normal 0.000000e+00 1.000000e+00 0.000000e+00
    outer loop
      vertex   9.045000e+01 8.440000e+01 2.930000e+01
      vertex   9.107349e+01 8.440000e+01 2.908183e+01
      vertex   9.115711e+01 8.440000e+01 2.900711e+01
    endloop
  endfacet
  facet normal 0.000000e+00 1.000000e+00 0.000000e+00
    outer loop
      vertex   9.115711e+01 8.440000e+01 2.900711e+01
      vertex   9.123183e+01 8.440000e+01 2.892349e+01
      vertex   9.045000e+01 8.440000e+01 2.930000e+01
    endloop
  endfacet
  facet normal 0.000000e+00 1.000000e+00 0.000000e+00
    outer loop
      vertex   9.045000e+01 8.440000e+01 2.930000e+01
      vertex   9.123183e+01 8.440000e+01 2.892349e+01
      vertex   9.129672e+01 8.440000e+01 2.883203e+01
    endloop
  endfacet
  facet normal 0.000000e+00 1.000000e+00 0.000000e+00
    outer loop
      vertex   9.045000e+01 8.440000e+01 2.930000e+01
      vertex   9.129672e+01 8.440000e+01 2.883203e+01
      vertex   9.135097e+01 8.440000e+01 2.873388e+01
    endloop
  endfacet
  facet normal 0.000000e+00 1.000000e+00 0.000000e+00
    outer loop
      vertex   9.135097e+01 8.440000e+01 2.873388e+01
      vertex   9.139388e+01 8.440000e+01 2.863028e+01
      vertex   9.045000e+01 8.440000e+01 2.930000e+01
    endloop
  endfacet
  facet normal 0.000000e+00 1.000000e+00 0.000000e+00
    outer loop
      vertex   9.045000e+01 8.440000e+01 2.930000e+01
      vertex   9.139388e+01 8.440000e+01 2.863028e+01
      vertex   9.142493e+01 8.440000e+01 2.852252e+01
    endloop
  endfacet
  facet normal 0.000000e+00 1.000000e+00 0.000000e+00
    outer loop
      vertex   9.045000e+01 8.440000e+01 2.930000e+01
      vertex   9.142493e+01 8.440000e+01 2.852252e+01
      vertex   9.144371e+01 8.440000e+01 2.841196e+01
    endloop
  endfacet
  facet normal 3.202936e-06 1.000000e+00 3.584087e-06
    outer loop
      vertex   9.144371e+01 8.440000e+01 2.841196e+01
      vertex   9.145000e+01 8.440000e+01 2.830000e+01
      vertex   9.045000e+01 8.440000e+01 2.930000e+01
    endloop
  endfacet
  facet normal -1.986616e-07 1.000000e+00 1.824894e-07
    outer loop
      vertex   9.045000e+01 8.440000e+01 2.930000e+01
      vertex   9.145000e+01 8.440000e+01 2.830000e+01
      vertex   8.937221e+01 8.440000e+01 2.603808e+01
    endloop
  endfacet
  facet normal 2.153708e-14 1.000000e+00 6.123641e-15
    outer loop
      vertex   9.145000e+01 8.440000e+01 2.133804e+01
      vertex   9.044855e+01 8.440000e+01 2.486017e+01
      vertex   9.145000e+01 8.440000e+01 2.830000e+01
    endloop
  endfacet
  facet normal 3.154561e-14 1.000000e+00 3.209822e-15
    outer loop
      vertex   9.145000e+01 8.440000e+01 2.830000e+01
      vertex   9.044855e+01 8.440000e+01 2.486017e+01
      vertex   9.043508e+01 8.440000e+01 2.499254e+01
    endloop
  endfacet
  facet normal 2.489332e-14 1.000000e+00 5.251130e-15
    outer loop
      vertex   9.145000e+01 8.440000e+01 2.830000e+01
      vertex   9.043508e+01 8.440000e+01 2.499254e+01
      vertex   9.040762e+01 8.440000e+01 2.512273e+01
    endloop
  endfacet
  facet normal 0.000000e+00 1.000000e+00 0.000000e+00
    outer loop
      vertex   9.870000e+01 8.440000e+01 2.071534e+01
      vertex   9.570000e+01 8.440000e+01 1.955000e+01
      vertex   9.145000e+01 8.440000e+01 2.133804e+01
    endloop
  endfacet
  facet normal 0.000000e+00 1.000000e+00 0.000000e+00
    outer loop
      vertex   9.145000e+01 8.440000e+01 2.133804e+01
      vertex   9.570000e+01 8.440000e+01 1.955000e+01
      vertex   9.556713e+01 8.440000e+01 1.954292e+01
    endloop
  endfacet
  facet normal 0.000000e+00 1.000000e+00 0.000000e+00
    outer loop
      vertex   9.145000e+01 8.440000e+01 2.133804e+01
      vertex   9.556713e+01 8.440000e+01 1.954292e+01
      vertex   9.543577e+01 8.440000e+01 1.952175e+01
    endloop
  endfacet
  facet normal -1.421085e-14 1.000000e+00 1.076419e-14
    outer loop
      vertex   9.970000e+01 8.440000e+01 2.071534e+01
      vertex   9.694602e+01 8.440000e+01 1.839973e+01
      vertex   9.870000e+01 8.440000e+01 2.071534e+01
    endloop
  endfacet
  facet normal 0.000000e+00 1.000000e+00 0.000000e+00
    outer loop
      vertex   9.870000e+01 8.440000e+01 2.071534e+01
      vertex   9.694602e+01 8.440000e+01 1.839973e+01
      vertex   9.692836e+01 8.440000e+01 1.853161e+01
    endloop
  endfacet
  facet normal 0.000000e+00 1.000000e+00 0.000000e+00
    outer loop
      vertex   9.870000e+01 8.440000e+01 2.071534e+01
      vertex   9.692836e+01 8.440000e+01 1.853161e+01
      vertex   9.689678e+01 8.440000e+01 1.866086e+01
    endloop
  endfacet
  facet normal -5.101337e-15 1.000000e+00 0.000000e+00
    outer loop
      vertex   9.970000e+01 8.440000e+01 1.360000e+01
      vertex   9.691429e+01 8.440000e+01 1.800334e+01
      vertex   9.970000e+01 8.440000e+01 2.071534e+01
    endloop
  endfacet
  facet normal -6.248302e-15 1.000000e+00 1.178141e-15
    outer loop
      vertex   9.970000e+01 8.440000e+01 2.071534e+01
      vertex   9.691429e+01 8.440000e+01 1.800334e+01
      vertex   9.693894e+01 8.440000e+01 1.813409e+01
    endloop
  endfacet
  facet normal -5.563172e-15 1.000000e+00 4.452834e-16
    outer loop
      vertex   9.970000e+01 8.440000e+01 2.071534e+01
      vertex   9.693894e+01 8.440000e+01 1.813409e+01
      vertex   9.694956e+01 8.440000e+01 1.826672e+01
    endloop
  endfacet
  facet normal -4.904494e-15 1.000000e+00 1.675425e-16
    outer loop
      vertex   9.969301e+01 8.440000e+01 1.339527e+01
      vertex   9.670000e+01 8.440000e+01 1.060000e+01
      vertex   9.970000e+01 8.440000e+01 1.360000e+01
    endloop
  endfacet
  facet normal -4.138216e-15 1.000000e+00 -5.987356e-16
    outer loop
      vertex   9.970000e+01 8.440000e+01 1.360000e+01
      vertex   9.670000e+01 8.440000e+01 1.060000e+01
      vertex   9.576653e+01 8.440000e+01 1.705177e+01
    endloop
  endfacet
  facet normal -3.923107e-16 1.000000e+00 3.669916e-15
    outer loop
      vertex   9.970000e+01 8.440000e+01 1.360000e+01
      vertex   9.576653e+01 8.440000e+01 1.705177e+01
      vertex   9.589883e+01 8.440000e+01 1.706591e+01
    endloop
  endfacet
  facet normal -5.252301e-15 1.000000e+00 5.399529e-16
    outer loop
      vertex   9.969301e+01 8.440000e+01 1.339527e+01
      vertex   9.967206e+01 8.440000e+01 1.319150e+01
      vertex   9.670000e+01 8.440000e+01 1.060000e+01
    endloop
  endfacet
  facet normal -5.627531e-15 1.000000e+00 9.702843e-16
    outer loop
      vertex   9.670000e+01 8.440000e+01 1.060000e+01
      vertex   9.967206e+01 8.440000e+01 1.319150e+01
      vertex   9.963725e+01 8.440000e+01 1.298963e+01
    endloop
  endfacet
  facet normal -6.034551e-15 1.000000e+00 1.470580e-15
    outer loop
      vertex   9.670000e+01 8.440000e+01 1.060000e+01
      vertex   9.963725e+01 8.440000e+01 1.298963e+01
      vertex   9.958875e+01 8.440000e+01 1.279061e+01
    endloop
  endfacet
  facet normal -6.478669e-15 1.000000e+00 2.056237e-15
    outer loop
      vertex   9.958875e+01 8.440000e+01 1.279061e+01
      vertex   9.952678e+01 8.440000e+01 1.259536e+01
      vertex   9.670000e+01 8.440000e+01 1.060000e+01
    endloop
  endfacet
  facet normal -6.966398e-15 1.000000e+00 2.747191e-15
    outer loop
      vertex   9.670000e+01 8.440000e+01 1.060000e+01
      vertex   9.952678e+01 8.440000e+01 1.259536e+01
      vertex   9.945163e+01 8.440000e+01 1.240480e+01
    endloop
  endfacet
  facet normal -7.505824e-15 1.000000e+00 3.569613e-15
    outer loop
      vertex   9.670000e+01 8.440000e+01 1.060000e+01
      vertex   9.945163e+01 8.440000e+01 1.240480e+01
      vertex   9.936365e+01 8.440000e+01 1.221981e+01
    endloop
  endfacet
  facet normal -8.107124e-15 1.000000e+00 4.558408e-15
    outer loop
      vertex   9.936365e+01 8.440000e+01 1.221981e+01
      vertex   9.926326e+01 8.440000e+01 1.204125e+01
      vertex   9.670000e+01 8.440000e+01 1.060000e+01
    endloop
  endfacet
  facet normal -8.783282e-15 1.000000e+00 5.760955e-15
    outer loop
      vertex   9.670000e+01 8.440000e+01 1.060000e+01
      vertex   9.926326e+01 8.440000e+01 1.204125e+01
      vertex   9.915091e+01 8.440000e+01 1.186996e+01
    endloop
  endfacet
  facet normal -9.551144e-15 1.000000e+00 7.242861e-15
    outer loop
      vertex   9.670000e+01 8.440000e+01 1.060000e+01
      vertex   9.915091e+01 8.440000e+01 1.186996e+01
      vertex   9.902713e+01 8.440000e+01 1.170674e+01
    endloop
  endfacet
  facet normal -1.043297e-14 1.000000e+00 9.097080e-15
    outer loop
      vertex   9.902713e+01 8.440000e+01 1.170674e+01
      vertex   9.889251e+01 8.440000e+01 1.155234e+01
      vertex   9.670000e+01 8.440000e+01 1.060000e+01
    endloop
  endfacet
  facet normal -1.145882e-14 1.000000e+00 1.145882e-14
    outer loop
      vertex   9.670000e+01 8.440000e+01 1.060000e+01
      vertex   9.889251e+01 8.440000e+01 1.155234e+01
      vertex   9.874766e+01 8.440000e+01 1.140749e+01
    endloop
  endfacet
  facet normal -1.267029e-14 1.000000e+00 1.453091e-14
    outer loop
      vertex   9.670000e+01 8.440000e+01 1.060000e+01
      vertex   9.874766e+01 8.440000e+01 1.140749e+01
      vertex   9.859326e+01 8.440000e+01 1.127287e+01
    endloop
  endfacet
  facet normal -1.412670e-14 1.000000e+00 1.862885e-14
    outer loop
      vertex   9.859326e+01 8.440000e+01 1.127287e+01
      vertex   9.843004e+01 8.440000e+01 1.114909e+01
      vertex   9.670000e+01 8.440000e+01 1.060000e+01
    endloop
  endfacet
  facet normal -1.591565e-14 1.000000e+00 2.426536e-14
    outer loop
      vertex   9.670000e+01 8.440000e+01 1.060000e+01
      vertex   9.843004e+01 8.440000e+01 1.114909e+01
      vertex   9.825875e+01 8.440000e+01 1.103674e+01
    endloop
  endfacet
  facet normal -1.817228e-14 1.000000e+00 3.231939e-14
    outer loop
      vertex   9.670000e+01 8.440000e+01 1.060000e+01
      vertex   9.825875e+01 8.440000e+01 1.103674e+01
      vertex   9.808019e+01 8.440000e+01 1.093634e+01
    endloop
  endfacet
  facet normal -2.111681e-14 1.000000e+00 4.440232e-14
    outer loop
      vertex   9.808019e+01 8.440000e+01 1.093634e+01
      vertex   9.789520e+01 8.440000e+01 1.084837e+01
      vertex   9.670000e+01 8.440000e+01 1.060000e+01
    endloop
  endfacet
  facet normal -2.513460e-14 1.000000e+00 6.373698e-14
    outer loop
      vertex   9.670000e+01 8.440000e+01 1.060000e+01
      vertex   9.789520e+01 8.440000e+01 1.084837e+01
      vertex   9.770464e+01 8.440000e+01 1.077322e+01
    endloop
  endfacet
  facet normal -3.096881e-14 1.000000e+00 9.757468e-14
    outer loop
      vertex   9.670000e+01 8.440000e+01 1.060000e+01
      vertex   9.770464e+01 8.440000e+01 1.077322e+01
      vertex   9.750939e+01 8.440000e+01 1.071125e+01
    endloop
  endfacet
  facet normal -4.027089e-14 1.000000e+00 1.652523e-13
    outer loop
      vertex   9.750939e+01 8.440000e+01 1.071125e+01
      vertex   9.731037e+01 8.440000e+01 1.066275e+01
      vertex   9.670000e+01 8.440000e+01 1.060000e+01
    endloop
  endfacet
  facet normal -5.766484e-14 1.000000e+00 3.344490e-13
    outer loop
      vertex   9.670000e+01 8.440000e+01 1.060000e+01
      vertex   9.731037e+01 8.440000e+01 1.066275e+01
      vertex   9.710850e+01 8.440000e+01 1.062794e+01
    endloop
  endfacet
  facet normal -1.039586e-13 1.000000e+00 1.011240e-12
    outer loop
      vertex   9.670000e+01 8.440000e+01 1.060000e+01
      vertex   9.710850e+01 8.440000e+01 1.062794e+01
      vertex   9.690473e+01 8.440000e+01 1.060699e+01
    endloop
  endfacet
  facet normal 1.406975e-15 1.000000e+00 2.183494e-15
    outer loop
      vertex   8.659971e+01 8.440000e+01 1.060000e+01
      vertex   9.017058e+01 8.440000e+01 1.480735e+01
      vertex   9.670000e+01 8.440000e+01 1.060000e+01
    endloop
  endfacet
  facet normal 0.000000e+00 1.000000e+00 0.000000e+00
    outer loop
      vertex   9.670000e+01 8.440000e+01 1.060000e+01
      vertex   9.017058e+01 8.440000e+01 1.480735e+01
      vertex   9.038797e+01 8.440000e+01 1.487519e+01
    endloop
  endfacet
  facet normal 0.000000e+00 1.000000e+00 0.000000e+00
    outer loop
      vertex   9.670000e+01 8.440000e+01 1.060000e+01
      vertex   9.038797e+01 8.440000e+01 1.487519e+01
      vertex   9.060067e+01 8.440000e+01 1.495654e+01
    endloop
  endfacet
  facet normal -6.870329e-14 1.000000e+00 2.079294e-14
    outer loop
      vertex   8.639498e+01 8.440000e+01 1.060699e+01
      vertex   8.772155e+01 8.440000e+01 1.499020e+01
      vertex   8.659971e+01 8.440000e+01 1.060000e+01
    endloop
  endfacet
  facet normal 1.200003e-15 1.000000e+00 2.930312e-15
    outer loop
      vertex   8.659971e+01 8.440000e+01 1.060000e+01
      vertex   8.772155e+01 8.440000e+01 1.499020e+01
      vertex   8.793229e+01 8.440000e+01 1.490389e+01
    endloop
  endfacet
  facet normal 1.010010e-15 1.000000e+00 2.989138e-15
    outer loop
      vertex   8.659971e+01 8.440000e+01 1.060000e+01
      vertex   8.793229e+01 8.440000e+01 1.490389e+01
      vertex   8.814803e+01 8.440000e+01 1.483100e+01
    endloop
  endfacet
  facet normal 0.000000e+00 1.000000e+00 -0.000000e+00
    outer loop
      vertex   8.639498e+01 8.440000e+01 1.060699e+01
      vertex   8.619121e+01 8.440000e+01 1.062794e+01
      vertex   8.772155e+01 8.440000e+01 1.499020e+01
    endloop
  endfacet
  facet normal 0.000000e+00 1.000000e+00 0.000000e+00
    outer loop
      vertex   8.772155e+01 8.440000e+01 1.499020e+01
      vertex   8.619121e+01 8.440000e+01 1.062794e+01
      vertex   8.598934e+01 8.440000e+01 1.066275e+01
    endloop
  endfacet
  facet normal 0.000000e+00 1.000000e+00 0.000000e+00
    outer loop
      vertex   8.772155e+01 8.440000e+01 1.499020e+01
      vertex   8.598934e+01 8.440000e+01 1.066275e+01
      vertex   8.579032e+01 8.440000e+01 1.071125e+01
    endloop
  endfacet
  facet normal 0.000000e+00 1.000000e+00 -0.000000e+00
    outer loop
      vertex   8.579032e+01 8.440000e+01 1.071125e+01
      vertex   8.559507e+01 8.440000e+01 1.077322e+01
      vertex   8.772155e+01 8.440000e+01 1.499020e+01
    endloop
  endfacet
  facet normal 0.000000e+00 1.000000e+00 0.000000e+00
    outer loop
      vertex   8.772155e+01 8.440000e+01 1.499020e+01
      vertex   8.559507e+01 8.440000e+01 1.077322e+01
      vertex   8.540450e+01 8.440000e+01 1.084837e+01
    endloop
  endfacet
  facet normal 0.000000e+00 1.000000e+00 0.000000e+00
    outer loop
      vertex   8.772155e+01 8.440000e+01 1.499020e+01
      vertex   8.540450e+01 8.440000e+01 1.084837e+01
      vertex   8.521951e+01 8.440000e+01 1.093634e+01
    endloop
  endfacet
  facet normal 0.000000e+00 1.000000e+00 -0.000000e+00
    outer loop
      vertex   8.521951e+01 8.440000e+01 1.093634e+01
      vertex   8.504095e+01 8.440000e+01 1.103674e+01
      vertex   8.772155e+01 8.440000e+01 1.499020e+01
    endloop
  endfacet
  facet normal 0.000000e+00 1.000000e+00 0.000000e+00
    outer loop
      vertex   8.772155e+01 8.440000e+01 1.499020e+01
      vertex   8.504095e+01 8.440000e+01 1.103674e+01
      vertex   8.486967e+01 8.440000e+01 1.114909e+01
    endloop
  endfacet
  facet normal 0.000000e+00 1.000000e+00 0.000000e+00
    outer loop
      vertex   8.772155e+01 8.440000e+01 1.499020e+01
      vertex   8.486967e+01 8.440000e+01 1.114909e+01
      vertex   8.470644e+01 8.440000e+01 1.127287e+01
    endloop
  endfacet
  facet normal 0.000000e+00 1.000000e+00 0.000000e+00
    outer loop
      vertex   8.772155e+01 8.440000e+01 1.499020e+01
      vertex   8.470644e+01 8.440000e+01 1.127287e+01
      vertex   8.751664e+01 8.440000e+01 1.508956e+01
    endloop
  endfacet
  facet normal 0.000000e+00 1.000000e+00 0.000000e+00
    outer loop
      vertex   8.751664e+01 8.440000e+01 1.508956e+01
      vertex   8.470644e+01 8.440000e+01 1.127287e+01
      vertex   8.455205e+01 8.440000e+01 1.140749e+01
    endloop
  endfacet
  facet normal 0.000000e+00 1.000000e+00 0.000000e+00
    outer loop
      vertex   8.751664e+01 8.440000e+01 1.508956e+01
      vertex   8.455205e+01 8.440000e+01 1.140749e+01
      vertex   8.440720e+01 8.440000e+01 1.155234e+01
    endloop
  endfacet
  facet normal 0.000000e+00 1.000000e+00 -0.000000e+00
    outer loop
      vertex   8.440720e+01 8.440000e+01 1.155234e+01
      vertex   8.427257e+01 8.440000e+01 1.170674e+01
      vertex   8.751664e+01 8.440000e+01 1.508956e+01
    endloop
  endfacet
  facet normal 0.000000e+00 1.000000e+00 0.000000e+00
    outer loop
      vertex   8.751664e+01 8.440000e+01 1.508956e+01
      vertex   8.427257e+01 8.440000e+01 1.170674e+01
      vertex   8.414880e+01 8.440000e+01 1.186996e+01
    endloop
  endfacet
  facet normal 0.000000e+00 1.000000e+00 0.000000e+00
    outer loop
      vertex   8.751664e+01 8.440000e+01 1.508956e+01
      vertex   8.414880e+01 8.440000e+01 1.186996e+01
      vertex   8.403645e+01 8.440000e+01 1.204125e+01
    endloop
  endfacet
  facet normal 0.000000e+00 1.000000e+00 -0.000000e+00
    outer loop
      vertex   8.403645e+01 8.440000e+01 1.204125e+01
      vertex   8.393605e+01 8.440000e+01 1.221981e+01
      vertex   8.751664e+01 8.440000e+01 1.508956e+01
    endloop
  endfacet
  facet normal 0.000000e+00 1.000000e+00 0.000000e+00
    outer loop
      vertex   8.751664e+01 8.440000e+01 1.508956e+01
      vertex   8.393605e+01 8.440000e+01 1.221981e+01
      vertex   8.384807e+01 8.440000e+01 1.240480e+01
    endloop
  endfacet
  facet normal 0.000000e+00 1.000000e+00 0.000000e+00
    outer loop
      vertex   8.751664e+01 8.440000e+01 1.508956e+01
      vertex   8.384807e+01 8.440000e+01 1.240480e+01
      vertex   8.377292e+01 8.440000e+01 1.259536e+01
    endloop
  endfacet
  facet normal 0.000000e+00 1.000000e+00 0.000000e+00
    outer loop
      vertex   8.751664e+01 8.440000e+01 1.508956e+01
      vertex   8.377292e+01 8.440000e+01 1.259536e+01
      vertex   8.731838e+01 8.440000e+01 1.520159e+01
    endloop
  endfacet
  facet normal 0.000000e+00 1.000000e+00 0.000000e+00
    outer loop
      vertex   8.731838e+01 8.440000e+01 1.520159e+01
      vertex   8.377292e+01 8.440000e+01 1.259536e+01
      vertex   8.371095e+01 8.440000e+01 1.279061e+01
    endloop
  endfacet
  facet normal 0.000000e+00 1.000000e+00 0.000000e+00
    outer loop
      vertex   8.731838e+01 8.440000e+01 1.520159e+01
      vertex   8.371095e+01 8.440000e+01 1.279061e+01
      vertex   8.366245e+01 8.440000e+01 1.298963e+01
    endloop
  endfacet
  facet normal 0.000000e+00 1.000000e+00 -0.000000e+00
    outer loop
      vertex   8.366245e+01 8.440000e+01 1.298963e+01
      vertex   8.362765e+01 8.440000e+01 1.319150e+01
      vertex   8.731838e+01 8.440000e+01 1.520159e+01
    endloop
  endfacet
  facet normal 0.000000e+00 1.000000e+00 0.000000e+00
    outer loop
      vertex   8.731838e+01 8.440000e+01 1.520159e+01
      vertex   8.362765e+01 8.440000e+01 1.319150e+01
      vertex   8.360670e+01 8.440000e+01 1.339527e+01
    endloop
  endfacet
  facet normal 3.322832e-14 1.000000e+00 -6.827849e-14
    outer loop
      vertex   8.731838e+01 8.440000e+01 1.520159e+01
      vertex   8.360670e+01 8.440000e+01 1.339527e+01
      vertex   8.359971e+01 8.440000e+01 1.360000e+01
    endloop
  endfacet
  facet normal -6.360119e-16 1.000000e+00 7.440896e-15
    outer loop
      vertex   8.359971e+01 8.440000e+01 1.550983e+01
      vertex   8.660695e+01 8.440000e+01 1.576688e+01
      vertex   8.359971e+01 8.440000e+01 1.360000e+01
    endloop
  endfacet
  facet normal 2.700995e-15 1.000000e+00 2.809715e-15
    outer loop
      vertex   8.359971e+01 8.440000e+01 1.360000e+01
      vertex   8.660695e+01 8.440000e+01 1.576688e+01
      vertex   8.677112e+01 8.440000e+01 1.560906e+01
    endloop
  endfacet
  facet normal 2.563772e-15 1.000000e+00 3.026331e-15
    outer loop
      vertex   8.359971e+01 8.440000e+01 1.360000e+01
      vertex   8.677112e+01 8.440000e+01 1.560906e+01
      vertex   8.694488e+01 8.440000e+01 1.546186e+01
    endloop
  endfacet
  facet normal 0.000000e+00 1.000000e+00 0.000000e+00
    outer loop
      vertex   8.283287e+01 8.440000e+01 1.954292e+01
      vertex   8.270000e+01 8.440000e+01 1.955000e+01
      vertex   8.109971e+01 8.440000e+01 2.100734e+01
    endloop
  endfacet
  facet normal 0.000000e+00 1.000000e+00 0.000000e+00
    outer loop
      vertex   8.109971e+01 8.440000e+01 2.100734e+01
      vertex   8.270000e+01 8.440000e+01 1.955000e+01
      vertex   8.256713e+01 8.440000e+01 1.954292e+01
    endloop
  endfacet
  facet normal 0.000000e+00 1.000000e+00 0.000000e+00
    outer loop
      vertex   8.109971e+01 8.440000e+01 2.100734e+01
      vertex   8.256713e+01 8.440000e+01 1.954292e+01
      vertex   8.243577e+01 8.440000e+01 1.952175e+01
    endloop
  endfacet
  facet normal 0.000000e+00 1.000000e+00 0.000000e+00
    outer loop
      vertex   8.243577e+01 8.440000e+01 1.952175e+01
      vertex   8.230740e+01 8.440000e+01 1.948675e+01
      vertex   8.109971e+01 8.440000e+01 2.100734e+01
    endloop
  endfacet
  facet normal 0.000000e+00 1.000000e+00 0.000000e+00
    outer loop
      vertex   8.109971e+01 8.440000e+01 2.100734e+01
      vertex   8.230740e+01 8.440000e+01 1.948675e+01
      vertex   8.218348e+01 8.440000e+01 1.943829e+01
    endloop
  endfacet
  facet normal 0.000000e+00 1.000000e+00 0.000000e+00
    outer loop
      vertex   8.109971e+01 8.440000e+01 2.100734e+01
      vertex   8.218348e+01 8.440000e+01 1.943829e+01
      vertex   8.206542e+01 8.440000e+01 1.937694e+01
    endloop
  endfacet
  facet normal 0.000000e+00 1.000000e+00 0.000000e+00
    outer loop
      vertex   8.206542e+01 8.440000e+01 1.937694e+01
      vertex   8.195454e+01 8.440000e+01 1.930339e+01
      vertex   8.109971e+01 8.440000e+01 2.100734e+01
    endloop
  endfacet
  facet normal 0.000000e+00 1.000000e+00 0.000000e+00
    outer loop
      vertex   8.109971e+01 8.440000e+01 2.100734e+01
      vertex   8.195454e+01 8.440000e+01 1.930339e+01
      vertex   8.185211e+01 8.440000e+01 1.921847e+01
    endloop
  endfacet
  facet normal 0.000000e+00 1.000000e+00 0.000000e+00
    outer loop
      vertex   8.109971e+01 8.440000e+01 2.100734e+01
      vertex   8.185211e+01 8.440000e+01 1.921847e+01
      vertex   8.175929e+01 8.440000e+01 1.912314e+01
    endloop
  endfacet
  facet normal 0.000000e+00 1.000000e+00 0.000000e+00
    outer loop
      vertex   8.175929e+01 8.440000e+01 1.912314e+01
      vertex   8.167712e+01 8.440000e+01 1.901848e+01
      vertex   8.109971e+01 8.440000e+01 2.100734e+01
    endloop
  endfacet
  facet normal 0.000000e+00 1.000000e+00 0.000000e+00
    outer loop
      vertex   8.109971e+01 8.440000e+01 2.100734e+01
      vertex   8.167712e+01 8.440000e+01 1.901848e+01
      vertex   8.160655e+01 8.440000e+01 1.890569e+01
    endloop
  endfacet
  facet normal 0.000000e+00 1.000000e+00 0.000000e+00
    outer loop
      vertex   8.145398e+01 8.440000e+01 1.839973e+01
      vertex   8.145044e+01 8.440000e+01 1.826672e+01
      vertex   7.909971e+01 8.440000e+01 1.750983e+01
    endloop
  endfacet
  facet normal 0.000000e+00 1.000000e+00 0.000000e+00
    outer loop
      vertex   7.909971e+01 8.440000e+01 1.750983e+01
      vertex   8.145044e+01 8.440000e+01 1.826672e+01
      vertex   8.146106e+01 8.440000e+01 1.813409e+01
    endloop
  endfacet
  facet normal 0.000000e+00 1.000000e+00 0.000000e+00
    outer loop
      vertex   7.909971e+01 8.440000e+01 1.750983e+01
      vertex   8.146106e+01 8.440000e+01 1.813409e+01
      vertex   8.148571e+01 8.440000e+01 1.800334e+01
    endloop
  endfacet
  facet normal 0.000000e+00 1.000000e+00 0.000000e+00
    outer loop
      vertex   8.148571e+01 8.440000e+01 1.800334e+01
      vertex   8.152412e+01 8.440000e+01 1.787595e+01
      vertex   7.909971e+01 8.440000e+01 1.750983e+01
    endloop
  endfacet
  facet normal 0.000000e+00 1.000000e+00 0.000000e+00
    outer loop
      vertex   7.909971e+01 8.440000e+01 1.750983e+01
      vertex   8.152412e+01 8.440000e+01 1.787595e+01
      vertex   8.157586e+01 8.440000e+01 1.775337e+01
    endloop
  endfacet
  facet normal 0.000000e+00 1.000000e+00 0.000000e+00
    outer loop
      vertex   7.909971e+01 8.440000e+01 1.750983e+01
      vertex   8.157586e+01 8.440000e+01 1.775337e+01
      vertex   8.164033e+01 8.440000e+01 1.763697e+01
    endloop
  endfacet
  facet normal 0.000000e+00 1.000000e+00 0.000000e+00
    outer loop
      vertex   8.164033e+01 8.440000e+01 1.763697e+01
      vertex   8.171681e+01 8.440000e+01 1.752809e+01
      vertex   7.909971e+01 8.440000e+01 1.750983e+01
    endloop
  endfacet
  facet normal -0.000000e+00 1.000000e+00 0.000000e+00
    outer loop
      vertex   7.909971e+01 8.440000e+01 1.750983e+01
      vertex   8.171681e+01 8.440000e+01 1.752809e+01
      vertex   8.180443e+01 8.440000e+01 1.742796e+01
    endloop
  endfacet
  facet normal 0.000000e+00 1.000000e+00 0.000000e+00
    outer loop
      vertex   7.909971e+01 8.440000e+01 1.750983e+01
      vertex   8.180443e+01 8.440000e+01 1.742796e+01
      vertex   8.190219e+01 8.440000e+01 1.733771e+01
    endloop
  endfacet
  facet normal 0.000000e+00 1.000000e+00 0.000000e+00
    outer loop
      vertex   8.296423e+01 8.440000e+01 1.952175e+01
      vertex   8.283287e+01 8.440000e+01 1.954292e+01
      vertex   8.109971e+01 8.440000e+01 2.100734e+01
    endloop
  endfacet
  facet normal 0.000000e+00 1.000000e+00 -0.000000e+00
    outer loop
      vertex   9.530740e+01 8.440000e+01 1.948675e+01
      vertex   9.209009e+01 8.440000e+01 2.048815e+01
      vertex   9.543577e+01 8.440000e+01 1.952175e+01
    endloop
  endfacet
  facet normal 0.000000e+00 1.000000e+00 0.000000e+00
    outer loop
      vertex   9.543577e+01 8.440000e+01 1.952175e+01
      vertex   9.209009e+01 8.440000e+01 2.048815e+01
      vertex   9.194699e+01 8.440000e+01 2.066531e+01
    endloop
  endfacet
  facet normal 0.000000e+00 1.000000e+00 0.000000e+00
    outer loop
      vertex   9.543577e+01 8.440000e+01 1.952175e+01
      vertex   9.194699e+01 8.440000e+01 2.066531e+01
      vertex   9.145000e+01 8.440000e+01 2.133804e+01
    endloop
  endfacet
  facet normal 0.000000e+00 1.000000e+00 0.000000e+00
    outer loop
      vertex   9.145000e+01 8.440000e+01 2.133804e+01
      vertex   9.194699e+01 8.440000e+01 2.066531e+01
      vertex   9.179305e+01 8.440000e+01 2.083312e+01
    endloop
  endfacet
  facet normal 0.000000e+00 1.000000e+00 0.000000e+00
    outer loop
      vertex   9.145000e+01 8.440000e+01 2.133804e+01
      vertex   9.179305e+01 8.440000e+01 2.083312e+01
      vertex   9.162888e+01 8.440000e+01 2.099094e+01
    endloop
  endfacet
  facet normal 0.000000e+00 1.000000e+00 0.000000e+00
    outer loop
      vertex   9.209009e+01 8.440000e+01 2.048815e+01
      vertex   9.530740e+01 8.440000e+01 1.948675e+01
      vertex   9.222178e+01 8.440000e+01 2.030237e+01
    endloop
  endfacet
  facet normal 0.000000e+00 1.000000e+00 0.000000e+00
    outer loop
      vertex   9.222178e+01 8.440000e+01 2.030237e+01
      vertex   9.530740e+01 8.440000e+01 1.948675e+01
      vertex   9.518348e+01 8.440000e+01 1.943829e+01
    endloop
  endfacet
  facet normal 0.000000e+00 1.000000e+00 0.000000e+00
    outer loop
      vertex   9.222178e+01 8.440000e+01 2.030237e+01
      vertex   9.518348e+01 8.440000e+01 1.943829e+01
      vertex   9.234155e+01 8.440000e+01 2.010868e+01
    endloop
  endfacet
  facet normal 0.000000e+00 1.000000e+00 0.000000e+00
    outer loop
      vertex   9.234155e+01 8.440000e+01 2.010868e+01
      vertex   9.518348e+01 8.440000e+01 1.943829e+01
      vertex   9.506542e+01 8.440000e+01 1.937694e+01
    endloop
  endfacet
  facet normal 0.000000e+00 1.000000e+00 0.000000e+00
    outer loop
      vertex   9.234155e+01 8.440000e+01 2.010868e+01
      vertex   9.506542e+01 8.440000e+01 1.937694e+01
      vertex   9.244892e+01 8.440000e+01 1.990785e+01
    endloop
  endfacet
  facet normal 0.000000e+00 1.000000e+00 0.000000e+00
    outer loop
      vertex   9.244892e+01 8.440000e+01 1.990785e+01
      vertex   9.506542e+01 8.440000e+01 1.937694e+01
      vertex   9.495454e+01 8.440000e+01 1.930339e+01
    endloop
  endfacet
  facet normal 0.000000e+00 1.000000e+00 0.000000e+00
    outer loop
      vertex   9.244892e+01 8.440000e+01 1.990785e+01
      vertex   9.495454e+01 8.440000e+01 1.930339e+01
      vertex   9.254346e+01 8.440000e+01 1.970067e+01
    endloop
  endfacet
  facet normal 0.000000e+00 1.000000e+00 0.000000e+00
    outer loop
      vertex   9.254346e+01 8.440000e+01 1.970067e+01
      vertex   9.495454e+01 8.440000e+01 1.930339e+01
      vertex   9.485211e+01 8.440000e+01 1.921847e+01
    endloop
  endfacet
  facet normal 0.000000e+00 1.000000e+00 0.000000e+00
    outer loop
      vertex   9.254346e+01 8.440000e+01 1.970067e+01
      vertex   9.485211e+01 8.440000e+01 1.921847e+01
      vertex   9.262481e+01 8.440000e+01 1.948797e+01
    endloop
  endfacet
  facet normal 0.000000e+00 1.000000e+00 0.000000e+00
    outer loop
      vertex   9.262481e+01 8.440000e+01 1.948797e+01
      vertex   9.485211e+01 8.440000e+01 1.921847e+01
      vertex   9.475929e+01 8.440000e+01 1.912314e+01
    endloop
  endfacet
  facet normal 0.000000e+00 1.000000e+00 0.000000e+00
    outer loop
      vertex   9.262481e+01 8.440000e+01 1.948797e+01
      vertex   9.475929e+01 8.440000e+01 1.912314e+01
      vertex   9.467712e+01 8.440000e+01 1.901848e+01
    endloop
  endfacet
  facet normal 0.000000e+00 1.000000e+00 0.000000e+00
    outer loop
      vertex   9.262481e+01 8.440000e+01 1.948797e+01
      vertex   9.467712e+01 8.440000e+01 1.901848e+01
      vertex   9.269265e+01 8.440000e+01 1.927058e+01
    endloop
  endfacet
  facet normal 0.000000e+00 1.000000e+00 0.000000e+00
    outer loop
      vertex   9.269265e+01 8.440000e+01 1.927058e+01
      vertex   9.467712e+01 8.440000e+01 1.901848e+01
      vertex   9.460655e+01 8.440000e+01 1.890569e+01
    endloop
  endfacet
  facet normal 0.000000e+00 1.000000e+00 0.000000e+00
    outer loop
      vertex   9.269265e+01 8.440000e+01 1.927058e+01
      vertex   9.460655e+01 8.440000e+01 1.890569e+01
      vertex   9.274670e+01 8.440000e+01 1.904936e+01
    endloop
  endfacet
  facet normal 0.000000e+00 1.000000e+00 0.000000e+00
    outer loop
      vertex   9.274670e+01 8.440000e+01 1.904936e+01
      vertex   9.460655e+01 8.440000e+01 1.890569e+01
      vertex   9.454836e+01 8.440000e+01 1.878603e+01
    endloop
  endfacet
  facet normal 0.000000e+00 1.000000e+00 0.000000e+00
    outer loop
      vertex   9.274670e+01 8.440000e+01 1.904936e+01
      vertex   9.454836e+01 8.440000e+01 1.878603e+01
      vertex   9.278675e+01 8.440000e+01 1.882518e+01
    endloop
  endfacet
  facet normal 0.000000e+00 1.000000e+00 0.000000e+00
    outer loop
      vertex   9.278675e+01 8.440000e+01 1.882518e+01
      vertex   9.454836e+01 8.440000e+01 1.878603e+01
      vertex   9.450322e+01 8.440000e+01 1.866086e+01
    endloop
  endfacet
  facet normal 0.000000e+00 1.000000e+00 0.000000e+00
    outer loop
      vertex   9.278675e+01 8.440000e+01 1.882518e+01
      vertex   9.450322e+01 8.440000e+01 1.866086e+01
      vertex   9.281265e+01 8.440000e+01 1.859893e+01
    endloop
  endfacet
  facet normal -0.000000e+00 1.000000e+00 0.000000e+00
    outer loop
      vertex   9.281265e+01 8.440000e+01 1.859893e+01
      vertex   9.450322e+01 8.440000e+01 1.866086e+01
      vertex   9.447164e+01 8.440000e+01 1.853161e+01
    endloop
  endfacet
  facet normal 0.000000e+00 1.000000e+00 0.000000e+00
    outer loop
      vertex   9.281265e+01 8.440000e+01 1.859893e+01
      vertex   9.447164e+01 8.440000e+01 1.853161e+01
      vertex   9.445398e+01 8.440000e+01 1.839973e+01
    endloop
  endfacet
  facet normal 0.000000e+00 1.000000e+00 0.000000e+00
    outer loop
      vertex   9.281265e+01 8.440000e+01 1.859893e+01
      vertex   9.445398e+01 8.440000e+01 1.839973e+01
      vertex   9.282429e+01 8.440000e+01 1.837150e+01
    endloop
  endfacet
  facet normal -0.000000e+00 1.000000e+00 0.000000e+00
    outer loop
      vertex   9.282429e+01 8.440000e+01 1.837150e+01
      vertex   9.445398e+01 8.440000e+01 1.839973e+01
      vertex   9.445044e+01 8.440000e+01 1.826672e+01
    endloop
  endfacet
  facet normal 0.000000e+00 1.000000e+00 0.000000e+00
    outer loop
      vertex   9.282429e+01 8.440000e+01 1.837150e+01
      vertex   9.445044e+01 8.440000e+01 1.826672e+01
      vertex   9.282163e+01 8.440000e+01 1.814379e+01
    endloop
  endfacet
  facet normal -0.000000e+00 1.000000e+00 0.000000e+00
    outer loop
      vertex   9.282163e+01 8.440000e+01 1.814379e+01
      vertex   9.445044e+01 8.440000e+01 1.826672e+01
      vertex   9.446106e+01 8.440000e+01 1.813409e+01
    endloop
  endfacet
  facet normal 0.000000e+00 1.000000e+00 0.000000e+00
    outer loop
      vertex   9.282163e+01 8.440000e+01 1.814379e+01
      vertex   9.446106e+01 8.440000e+01 1.813409e+01
      vertex   9.280468e+01 8.440000e+01 1.791669e+01
    endloop
  endfacet
  facet normal 0.000000e+00 1.000000e+00 0.000000e+00
    outer loop
      vertex   9.280468e+01 8.440000e+01 1.791669e+01
      vertex   9.446106e+01 8.440000e+01 1.813409e+01
      vertex   9.448571e+01 8.440000e+01 1.800334e+01
    endloop
  endfacet
  facet normal -0.000000e+00 1.000000e+00 0.000000e+00
    outer loop
      vertex   9.280468e+01 8.440000e+01 1.791669e+01
      vertex   9.448571e+01 8.440000e+01 1.800334e+01
      vertex   9.452412e+01 8.440000e+01 1.787595e+01
    endloop
  endfacet
  facet normal 0.000000e+00 1.000000e+00 0.000000e+00
    outer loop
      vertex   9.280468e+01 8.440000e+01 1.791669e+01
      vertex   9.452412e+01 8.440000e+01 1.787595e+01
      vertex   9.277350e+01 8.440000e+01 1.769111e+01
    endloop
  endfacet
  facet normal 0.000000e+00 1.000000e+00 0.000000e+00
    outer loop
      vertex   9.277350e+01 8.440000e+01 1.769111e+01
      vertex   9.452412e+01 8.440000e+01 1.787595e+01
      vertex   9.457586e+01 8.440000e+01 1.775337e+01
    endloop
  endfacet
  facet normal -0.000000e+00 1.000000e+00 0.000000e+00
    outer loop
      vertex   9.277350e+01 8.440000e+01 1.769111e+01
      vertex   9.457586e+01 8.440000e+01 1.775337e+01
      vertex   9.272821e+01 8.440000e+01 1.746793e+01
    endloop
  endfacet
  facet normal 0.000000e+00 1.000000e+00 0.000000e+00
    outer loop
      vertex   9.272821e+01 8.440000e+01 1.746793e+01
      vertex   9.457586e+01 8.440000e+01 1.775337e+01
      vertex   9.464033e+01 8.440000e+01 1.763697e+01
    endloop
  endfacet
  facet normal -0.000000e+00 1.000000e+00 0.000000e+00
    outer loop
      vertex   9.272821e+01 8.440000e+01 1.746793e+01
      vertex   9.464033e+01 8.440000e+01 1.763697e+01
      vertex   9.266900e+01 8.440000e+01 1.724803e+01
    endloop
  endfacet
  facet normal 0.000000e+00 1.000000e+00 0.000000e+00
    outer loop
      vertex   9.266900e+01 8.440000e+01 1.724803e+01
      vertex   9.464033e+01 8.440000e+01 1.763697e+01
      vertex   9.471681e+01 8.440000e+01 1.752809e+01
    endloop
  endfacet
  facet normal -0.000000e+00 1.000000e+00 0.000000e+00
    outer loop
      vertex   9.266900e+01 8.440000e+01 1.724803e+01
      vertex   9.471681e+01 8.440000e+01 1.752809e+01
      vertex   9.259611e+01 8.440000e+01 1.703229e+01
    endloop
  endfacet
  facet normal 0.000000e+00 1.000000e+00 0.000000e+00
    outer loop
      vertex   9.259611e+01 8.440000e+01 1.703229e+01
      vertex   9.471681e+01 8.440000e+01 1.752809e+01
      vertex   9.480443e+01 8.440000e+01 1.742796e+01
    endloop
  endfacet
  facet normal 0.000000e+00 1.000000e+00 0.000000e+00
    outer loop
      vertex   9.259611e+01 8.440000e+01 1.703229e+01
      vertex   9.480443e+01 8.440000e+01 1.742796e+01
      vertex   9.490219e+01 8.440000e+01 1.733771e+01
    endloop
  endfacet
  facet normal -0.000000e+00 1.000000e+00 0.000000e+00
    outer loop
      vertex   9.259611e+01 8.440000e+01 1.703229e+01
      vertex   9.490219e+01 8.440000e+01 1.733771e+01
      vertex   9.250980e+01 8.440000e+01 1.682155e+01
    endloop
  endfacet
  facet normal 0.000000e+00 1.000000e+00 0.000000e+00
    outer loop
      vertex   9.250980e+01 8.440000e+01 1.682155e+01
      vertex   9.490219e+01 8.440000e+01 1.733771e+01
      vertex   9.500900e+01 8.440000e+01 1.725836e+01
    endloop
  endfacet
  facet normal -0.000000e+00 1.000000e+00 0.000000e+00
    outer loop
      vertex   9.250980e+01 8.440000e+01 1.682155e+01
      vertex   9.500900e+01 8.440000e+01 1.725836e+01
      vertex   9.241044e+01 8.440000e+01 1.661664e+01
    endloop
  endfacet
  facet normal 0.000000e+00 1.000000e+00 0.000000e+00
    outer loop
      vertex   9.241044e+01 8.440000e+01 1.661664e+01
      vertex   9.500900e+01 8.440000e+01 1.725836e+01
      vertex   9.512363e+01 8.440000e+01 1.719081e+01
    endloop
  endfacet
  facet normal -0.000000e+00 1.000000e+00 0.000000e+00
    outer loop
      vertex   9.241044e+01 8.440000e+01 1.661664e+01
      vertex   9.512363e+01 8.440000e+01 1.719081e+01
      vertex   9.229841e+01 8.440000e+01 1.641838e+01
    endloop
  endfacet
  facet normal 0.000000e+00 1.000000e+00 0.000000e+00
    outer loop
      vertex   9.229841e+01 8.440000e+01 1.641838e+01
      vertex   9.512363e+01 8.440000e+01 1.719081e+01
      vertex   9.524480e+01 8.440000e+01 1.713583e+01
    endloop
  endfacet
  facet normal -0.000000e+00 1.000000e+00 0.000000e+00
    outer loop
      vertex   9.229841e+01 8.440000e+01 1.641838e+01
      vertex   9.524480e+01 8.440000e+01 1.713583e+01
      vertex   9.217414e+01 8.440000e+01 1.622754e+01
    endloop
  endfacet
  facet normal 0.000000e+00 1.000000e+00 0.000000e+00
    outer loop
      vertex   9.217414e+01 8.440000e+01 1.622754e+01
      vertex   9.524480e+01 8.440000e+01 1.713583e+01
      vertex   9.537112e+01 8.440000e+01 1.709404e+01
    endloop
  endfacet
  facet normal -0.000000e+00 1.000000e+00 0.000000e+00
    outer loop
      vertex   9.217414e+01 8.440000e+01 1.622754e+01
      vertex   9.537112e+01 8.440000e+01 1.709404e+01
      vertex   9.203814e+01 8.440000e+01 1.604488e+01
    endloop
  endfacet
  facet normal 0.000000e+00 1.000000e+00 0.000000e+00
    outer loop
      vertex   9.203814e+01 8.440000e+01 1.604488e+01
      vertex   9.537112e+01 8.440000e+01 1.709404e+01
      vertex   9.550117e+01 8.440000e+01 1.706591e+01
    endloop
  endfacet
  facet normal -0.000000e+00 1.000000e+00 0.000000e+00
    outer loop
      vertex   9.203814e+01 8.440000e+01 1.604488e+01
      vertex   9.550117e+01 8.440000e+01 1.706591e+01
      vertex   9.189094e+01 8.440000e+01 1.587112e+01
    endloop
  endfacet
  facet normal -0.000000e+00 1.000000e+00 0.000000e+00
    outer loop
      vertex   9.189094e+01 8.440000e+01 1.587112e+01
      vertex   9.550117e+01 8.440000e+01 1.706591e+01
      vertex   9.670000e+01 8.440000e+01 1.060000e+01
    endloop
  endfacet
  facet normal 0.000000e+00 1.000000e+00 0.000000e+00
    outer loop
      vertex   9.189094e+01 8.440000e+01 1.587112e+01
      vertex   9.670000e+01 8.440000e+01 1.060000e+01
      vertex   9.173312e+01 8.440000e+01 1.570695e+01
    endloop
  endfacet
  facet normal 0.000000e+00 1.000000e+00 0.000000e+00
    outer loop
      vertex   9.173312e+01 8.440000e+01 1.570695e+01
      vertex   9.670000e+01 8.440000e+01 1.060000e+01
      vertex   9.156531e+01 8.440000e+01 1.555301e+01
    endloop
  endfacet
  facet normal 0.000000e+00 1.000000e+00 0.000000e+00
    outer loop
      vertex   9.156531e+01 8.440000e+01 1.555301e+01
      vertex   9.670000e+01 8.440000e+01 1.060000e+01
      vertex   9.138815e+01 8.440000e+01 1.540991e+01
    endloop
  endfacet
  facet normal 0.000000e+00 1.000000e+00 0.000000e+00
    outer loop
      vertex   9.138815e+01 8.440000e+01 1.540991e+01
      vertex   9.670000e+01 8.440000e+01 1.060000e+01
      vertex   9.120237e+01 8.440000e+01 1.527822e+01
    endloop
  endfacet
  facet normal 0.000000e+00 1.000000e+00 0.000000e+00
    outer loop
      vertex   9.120237e+01 8.440000e+01 1.527822e+01
      vertex   9.670000e+01 8.440000e+01 1.060000e+01
      vertex   9.100868e+01 8.440000e+01 1.515845e+01
    endloop
  endfacet
  facet normal 0.000000e+00 1.000000e+00 0.000000e+00
    outer loop
      vertex   9.100868e+01 8.440000e+01 1.515845e+01
      vertex   9.670000e+01 8.440000e+01 1.060000e+01
      vertex   9.080785e+01 8.440000e+01 1.505108e+01
    endloop
  endfacet
  facet normal 0.000000e+00 1.000000e+00 0.000000e+00
    outer loop
      vertex   9.080785e+01 8.440000e+01 1.505108e+01
      vertex   9.670000e+01 8.440000e+01 1.060000e+01
      vertex   9.060067e+01 8.440000e+01 1.495654e+01
    endloop
  endfacet
  facet normal 0.000000e+00 1.000000e+00 0.000000e+00
    outer loop
      vertex   9.550117e+01 8.440000e+01 1.706591e+01
      vertex   9.563347e+01 8.440000e+01 1.705177e+01
      vertex   9.670000e+01 8.440000e+01 1.060000e+01
    endloop
  endfacet
  facet normal 0.000000e+00 1.000000e+00 0.000000e+00
    outer loop
      vertex   9.670000e+01 8.440000e+01 1.060000e+01
      vertex   9.563347e+01 8.440000e+01 1.705177e+01
      vertex   9.576653e+01 8.440000e+01 1.705177e+01
    endloop
  endfacet
  facet normal -7.167401e-16 1.000000e+00 3.314105e-15
    outer loop
      vertex   9.589883e+01 8.440000e+01 1.706591e+01
      vertex   9.602888e+01 8.440000e+01 1.709404e+01
      vertex   9.970000e+01 8.440000e+01 1.360000e+01
    endloop
  endfacet
  facet normal -9.984457e-16 1.000000e+00 3.018122e-15
    outer loop
      vertex   9.970000e+01 8.440000e+01 1.360000e+01
      vertex   9.602888e+01 8.440000e+01 1.709404e+01
      vertex   9.615520e+01 8.440000e+01 1.713583e+01
    endloop
  endfacet
  facet normal -1.253489e-15 1.000000e+00 2.762432e-15
    outer loop
      vertex   9.970000e+01 8.440000e+01 1.360000e+01
      vertex   9.615520e+01 8.440000e+01 1.713583e+01
      vertex   9.627637e+01 8.440000e+01 1.719081e+01
    endloop
  endfacet
  facet normal -1.493120e-15 1.000000e+00 2.533958e-15
    outer loop
      vertex   9.627637e+01 8.440000e+01 1.719081e+01
      vertex   9.639100e+01 8.440000e+01 1.725836e+01
      vertex   9.970000e+01 8.440000e+01 1.360000e+01
    endloop
  endfacet
  facet normal -1.726052e-15 1.000000e+00 2.323270e-15
    outer loop
      vertex   9.970000e+01 8.440000e+01 1.360000e+01
      vertex   9.639100e+01 8.440000e+01 1.725836e+01
      vertex   9.649781e+01 8.440000e+01 1.733771e+01
    endloop
  endfacet
  facet normal -1.959841e-15 1.000000e+00 2.122977e-15
    outer loop
      vertex   9.970000e+01 8.440000e+01 1.360000e+01
      vertex   9.649781e+01 8.440000e+01 1.733771e+01
      vertex   9.659557e+01 8.440000e+01 1.742796e+01
    endloop
  endfacet
  facet normal -2.201883e-15 1.000000e+00 1.926683e-15
    outer loop
      vertex   9.659557e+01 8.440000e+01 1.742796e+01
      vertex   9.668319e+01 8.440000e+01 1.752809e+01
      vertex   9.970000e+01 8.440000e+01 1.360000e+01
    endloop
  endfacet
  facet normal -2.460346e-15 1.000000e+00 1.728182e-15
    outer loop
      vertex   9.970000e+01 8.440000e+01 1.360000e+01
      vertex   9.668319e+01 8.440000e+01 1.752809e+01
      vertex   9.675967e+01 8.440000e+01 1.763697e+01
    endloop
  endfacet
  facet normal -2.745263e-15 1.000000e+00 1.520662e-15
    outer loop
      vertex   9.970000e+01 8.440000e+01 1.360000e+01
      vertex   9.675967e+01 8.440000e+01 1.763697e+01
      vertex   9.682414e+01 8.440000e+01 1.775337e+01
    endloop
  endfacet
  facet normal -3.070150e-15 1.000000e+00 1.295705e-15
    outer loop
      vertex   9.682414e+01 8.440000e+01 1.775337e+01
      vertex   9.687588e+01 8.440000e+01 1.787595e+01
      vertex   9.970000e+01 8.440000e+01 1.360000e+01
    endloop
  endfacet
  facet normal -3.454726e-15 1.000000e+00 1.041705e-15
    outer loop
      vertex   9.970000e+01 8.440000e+01 1.360000e+01
      vertex   9.687588e+01 8.440000e+01 1.787595e+01
      vertex   9.691429e+01 8.440000e+01 1.800334e+01
    endloop
  endfacet
  facet normal -5.047098e-15 1.000000e+00 -1.344040e-16
    outer loop
      vertex   9.694956e+01 8.440000e+01 1.826672e+01
      vertex   9.694602e+01 8.440000e+01 1.839973e+01
      vertex   9.970000e+01 8.440000e+01 2.071534e+01
    endloop
  endfacet
  facet normal 0.000000e+00 1.000000e+00 -0.000000e+00
    outer loop
      vertex   9.689678e+01 8.440000e+01 1.866086e+01
      vertex   9.685164e+01 8.440000e+01 1.878603e+01
      vertex   9.870000e+01 8.440000e+01 2.071534e+01
    endloop
  endfacet
  facet normal 0.000000e+00 1.000000e+00 0.000000e+00
    outer loop
      vertex   9.870000e+01 8.440000e+01 2.071534e+01
      vertex   9.685164e+01 8.440000e+01 1.878603e+01
      vertex   9.679345e+01 8.440000e+01 1.890569e+01
    endloop
  endfacet
  facet normal 0.000000e+00 1.000000e+00 0.000000e+00
    outer loop
      vertex   9.870000e+01 8.440000e+01 2.071534e+01
      vertex   9.679345e+01 8.440000e+01 1.890569e+01
      vertex   9.672288e+01 8.440000e+01 1.901848e+01
    endloop
  endfacet
  facet normal 0.000000e+00 1.000000e+00 -0.000000e+00
    outer loop
      vertex   9.672288e+01 8.440000e+01 1.901848e+01
      vertex   9.664071e+01 8.440000e+01 1.912314e+01
      vertex   9.870000e+01 8.440000e+01 2.071534e+01
    endloop
  endfacet
  facet normal 0.000000e+00 1.000000e+00 0.000000e+00
    outer loop
      vertex   9.870000e+01 8.440000e+01 2.071534e+01
      vertex   9.664071e+01 8.440000e+01 1.912314e+01
      vertex   9.654789e+01 8.440000e+01 1.921847e+01
    endloop
  endfacet
  facet normal 0.000000e+00 1.000000e+00 0.000000e+00
    outer loop
      vertex   9.870000e+01 8.440000e+01 2.071534e+01
      vertex   9.654789e+01 8.440000e+01 1.921847e+01
      vertex   9.644546e+01 8.440000e+01 1.930339e+01
    endloop
  endfacet
  facet normal 0.000000e+00 1.000000e+00 -0.000000e+00
    outer loop
      vertex   9.644546e+01 8.440000e+01 1.930339e+01
      vertex   9.633458e+01 8.440000e+01 1.937694e+01
      vertex   9.870000e+01 8.440000e+01 2.071534e+01
    endloop
  endfacet
  facet normal 0.000000e+00 1.000000e+00 0.000000e+00
    outer loop
      vertex   9.870000e+01 8.440000e+01 2.071534e+01
      vertex   9.633458e+01 8.440000e+01 1.937694e+01
      vertex   9.621652e+01 8.440000e+01 1.943829e+01
    endloop
  endfacet
  facet normal 0.000000e+00 1.000000e+00 0.000000e+00
    outer loop
      vertex   9.870000e+01 8.440000e+01 2.071534e+01
      vertex   9.621652e+01 8.440000e+01 1.943829e+01
      vertex   9.609260e+01 8.440000e+01 1.948675e+01
    endloop
  endfacet
  facet normal 0.000000e+00 1.000000e+00 -0.000000e+00
    outer loop
      vertex   9.609260e+01 8.440000e+01 1.948675e+01
      vertex   9.596423e+01 8.440000e+01 1.952175e+01
      vertex   9.870000e+01 8.440000e+01 2.071534e+01
    endloop
  endfacet
  facet normal 0.000000e+00 1.000000e+00 0.000000e+00
    outer loop
      vertex   9.870000e+01 8.440000e+01 2.071534e+01
      vertex   9.596423e+01 8.440000e+01 1.952175e+01
      vertex   9.583287e+01 8.440000e+01 1.954292e+01
    endloop
  endfacet
  facet normal 0.000000e+00 1.000000e+00 0.000000e+00
    outer loop
      vertex   9.870000e+01 8.440000e+01 2.071534e+01
      vertex   9.583287e+01 8.440000e+01 1.954292e+01
      vertex   9.570000e+01 8.440000e+01 1.955000e+01
    endloop
  endfacet
  facet normal 2.430952e-15 1.000000e+00 3.264966e-15
    outer loop
      vertex   8.694488e+01 8.440000e+01 1.546186e+01
      vertex   8.712754e+01 8.440000e+01 1.532586e+01
      vertex   8.359971e+01 8.440000e+01 1.360000e+01
    endloop
  endfacet
  facet normal 2.300107e-15 1.000000e+00 3.532429e-15
    outer loop
      vertex   8.359971e+01 8.440000e+01 1.360000e+01
      vertex   8.712754e+01 8.440000e+01 1.532586e+01
      vertex   8.731838e+01 8.440000e+01 1.520159e+01
    endloop
  endfacet
  facet normal 8.232426e-16 1.000000e+00 3.057485e-15
    outer loop
      vertex   8.814803e+01 8.440000e+01 1.483100e+01
      vertex   8.836793e+01 8.440000e+01 1.477179e+01
      vertex   8.659971e+01 8.440000e+01 1.060000e+01
    endloop
  endfacet
  facet normal 6.364382e-16 1.000000e+00 3.136663e-15
    outer loop
      vertex   8.659971e+01 8.440000e+01 1.060000e+01
      vertex   8.836793e+01 8.440000e+01 1.477179e+01
      vertex   8.859111e+01 8.440000e+01 1.472650e+01
    endloop
  endfacet
  facet normal 4.462481e-16 1.000000e+00 3.228447e-15
    outer loop
      vertex   8.659971e+01 8.440000e+01 1.060000e+01
      vertex   8.859111e+01 8.440000e+01 1.472650e+01
      vertex   8.881669e+01 8.440000e+01 1.469532e+01
    endloop
  endfacet
  facet normal 2.490072e-16 1.000000e+00 3.335222e-15
    outer loop
      vertex   8.881669e+01 8.440000e+01 1.469532e+01
      vertex   8.904379e+01 8.440000e+01 1.467837e+01
      vertex   8.659971e+01 8.440000e+01 1.060000e+01
    endloop
  endfacet
  facet normal 4.045075e-17 1.000000e+00 3.460206e-15
    outer loop
      vertex   8.659971e+01 8.440000e+01 1.060000e+01
      vertex   8.904379e+01 8.440000e+01 1.467837e+01
      vertex   8.927150e+01 8.440000e+01 1.467571e+01
    endloop
  endfacet
  facet normal -1.846707e-16 1.000000e+00 3.607783e-15
    outer loop
      vertex   8.659971e+01 8.440000e+01 1.060000e+01
      vertex   8.927150e+01 8.440000e+01 1.467571e+01
      vertex   8.949893e+01 8.440000e+01 1.468735e+01
    endloop
  endfacet
  facet normal -4.331593e-16 1.000000e+00 3.784040e-15
    outer loop
      vertex   8.949893e+01 8.440000e+01 1.468735e+01
      vertex   8.972518e+01 8.440000e+01 1.471325e+01
      vertex   8.659971e+01 8.440000e+01 1.060000e+01
    endloop
  endfacet
  facet normal -7.142642e-16 1.000000e+00 3.997639e-15
    outer loop
      vertex   8.659971e+01 8.440000e+01 1.060000e+01
      vertex   8.972518e+01 8.440000e+01 1.471325e+01
      vertex   8.994936e+01 8.440000e+01 1.475330e+01
    endloop
  endfacet
  facet normal -1.041173e-15 1.000000e+00 4.261293e-15
    outer loop
      vertex   8.659971e+01 8.440000e+01 1.060000e+01
      vertex   8.994936e+01 8.440000e+01 1.475330e+01
      vertex   9.017058e+01 8.440000e+01 1.480735e+01
    endloop
  endfacet
  facet normal 0.000000e+00 1.000000e+00 0.000000e+00
    outer loop
      vertex   9.162888e+01 8.440000e+01 2.099094e+01
      vertex   9.145512e+01 8.440000e+01 2.113814e+01
      vertex   9.145000e+01 8.440000e+01 2.133804e+01
    endloop
  endfacet
  facet normal 0.000000e+00 1.000000e+00 0.000000e+00
    outer loop
      vertex   9.145000e+01 8.440000e+01 2.133804e+01
      vertex   9.145512e+01 8.440000e+01 2.113814e+01
      vertex   9.127246e+01 8.440000e+01 2.127414e+01
    endloop
  endfacet
  facet normal 0.000000e+00 1.000000e+00 0.000000e+00
    outer loop
      vertex   9.145000e+01 8.440000e+01 2.133804e+01
      vertex   9.127246e+01 8.440000e+01 2.127414e+01
      vertex   9.108162e+01 8.440000e+01 2.139841e+01
    endloop
  endfacet
  facet normal -0.000000e+00 1.000000e+00 -0.000000e+00
    outer loop
      vertex   9.108162e+01 8.440000e+01 2.139841e+01
      vertex   9.088336e+01 8.440000e+01 2.151044e+01
      vertex   9.145000e+01 8.440000e+01 2.133804e+01
    endloop
  endfacet
  facet normal 0.000000e+00 1.000000e+00 0.000000e+00
    outer loop
      vertex   9.145000e+01 8.440000e+01 2.133804e+01
      vertex   9.088336e+01 8.440000e+01 2.151044e+01
      vertex   9.015822e+01 8.440000e+01 2.399731e+01
    endloop
  endfacet
  facet normal 0.000000e+00 1.000000e+00 0.000000e+00
    outer loop
      vertex   9.145000e+01 8.440000e+01 2.133804e+01
      vertex   9.015822e+01 8.440000e+01 2.399731e+01
      vertex   9.023811e+01 8.440000e+01 2.410370e+01
    endloop
  endfacet
  facet normal 0.000000e+00 1.000000e+00 0.000000e+00
    outer loop
      vertex   9.088336e+01 8.440000e+01 2.151044e+01
      vertex   9.067845e+01 8.440000e+01 2.160980e+01
      vertex   9.015822e+01 8.440000e+01 2.399731e+01
    endloop
  endfacet
  facet normal 1.269366e-13 1.000000e+00 2.765938e-14
    outer loop
      vertex   9.015822e+01 8.440000e+01 2.399731e+01
      vertex   9.067845e+01 8.440000e+01 2.160980e+01
      vertex   9.006747e+01 8.440000e+01 2.390000e+01
    endloop
  endfacet
  facet normal -2.852730e-15 1.000000e+00 -6.966140e-15
    outer loop
      vertex   9.006747e+01 8.440000e+01 2.390000e+01
      vertex   9.067845e+01 8.440000e+01 2.160980e+01
      vertex   9.046771e+01 8.440000e+01 2.169611e+01
    endloop
  endfacet
  facet normal -1.172632e-13 1.000000e+00 -2.774387e-14
    outer loop
      vertex   9.006747e+01 8.440000e+01 2.390000e+01
      vertex   9.046771e+01 8.440000e+01 2.169611e+01
      vertex   8.996689e+01 8.440000e+01 2.381289e+01
    endloop
  endfacet
  facet normal 0.000000e+00 1.000000e+00 0.000000e+00
    outer loop
      vertex   8.996689e+01 8.440000e+01 2.381289e+01
      vertex   9.046771e+01 8.440000e+01 2.169611e+01
      vertex   9.025197e+01 8.440000e+01 2.176900e+01
    endloop
  endfacet
  facet normal 0.000000e+00 1.000000e+00 0.000000e+00
    outer loop
      vertex   8.996689e+01 8.440000e+01 2.381289e+01
      vertex   9.025197e+01 8.440000e+01 2.176900e+01
      vertex   8.985762e+01 8.440000e+01 2.373697e+01
    endloop
  endfacet
  facet normal 0.000000e+00 1.000000e+00 0.000000e+00
    outer loop
      vertex   8.985762e+01 8.440000e+01 2.373697e+01
      vertex   9.025197e+01 8.440000e+01 2.176900e+01
      vertex   9.003207e+01 8.440000e+01 2.182821e+01
    endloop
  endfacet
  facet normal 0.000000e+00 1.000000e+00 0.000000e+00
    outer loop
      vertex   8.985762e+01 8.440000e+01 2.373697e+01
      vertex   9.003207e+01 8.440000e+01 2.182821e+01
      vertex   8.974090e+01 8.440000e+01 2.367309e+01
    endloop
  endfacet
  facet normal 0.000000e+00 1.000000e+00 0.000000e+00
    outer loop
      vertex   8.974090e+01 8.440000e+01 2.367309e+01
      vertex   9.003207e+01 8.440000e+01 2.182821e+01
      vertex   8.980889e+01 8.440000e+01 2.187350e+01
    endloop
  endfacet
  facet normal 0.000000e+00 1.000000e+00 0.000000e+00
    outer loop
      vertex   8.974090e+01 8.440000e+01 2.367309e+01
      vertex   8.980889e+01 8.440000e+01 2.187350e+01
      vertex   8.961806e+01 8.440000e+01 2.362198e+01
    endloop
  endfacet
  facet normal 0.000000e+00 1.000000e+00 0.000000e+00
    outer loop
      vertex   8.961806e+01 8.440000e+01 2.362198e+01
      vertex   8.980889e+01 8.440000e+01 2.187350e+01
      vertex   8.949047e+01 8.440000e+01 2.358422e+01
    endloop
  endfacet
  facet normal 0.000000e+00 1.000000e+00 0.000000e+00
    outer loop
      vertex   8.949047e+01 8.440000e+01 2.358422e+01
      vertex   8.980889e+01 8.440000e+01 2.187350e+01
      vertex   8.958331e+01 8.440000e+01 2.190468e+01
    endloop
  endfacet
  facet normal 0.000000e+00 1.000000e+00 0.000000e+00
    outer loop
      vertex   8.949047e+01 8.440000e+01 2.358422e+01
      vertex   8.958331e+01 8.440000e+01 2.190468e+01
      vertex   8.935960e+01 8.440000e+01 2.356023e+01
    endloop
  endfacet
  facet normal 0.000000e+00 1.000000e+00 0.000000e+00
    outer loop
      vertex   8.935960e+01 8.440000e+01 2.356023e+01
      vertex   8.958331e+01 8.440000e+01 2.190468e+01
      vertex   8.935621e+01 8.440000e+01 2.192163e+01
    endloop
  endfacet
  facet normal 0.000000e+00 1.000000e+00 0.000000e+00
    outer loop
      vertex   8.935960e+01 8.440000e+01 2.356023e+01
      vertex   8.935621e+01 8.440000e+01 2.192163e+01
      vertex   8.922691e+01 8.440000e+01 2.355029e+01
    endloop
  endfacet
  facet normal 0.000000e+00 1.000000e+00 0.000000e+00
    outer loop
      vertex   8.922691e+01 8.440000e+01 2.355029e+01
      vertex   8.935621e+01 8.440000e+01 2.192163e+01
      vertex   8.912850e+01 8.440000e+01 2.192429e+01
    endloop
  endfacet
  facet normal 0.000000e+00 1.000000e+00 0.000000e+00
    outer loop
      vertex   8.922691e+01 8.440000e+01 2.355029e+01
      vertex   8.912850e+01 8.440000e+01 2.192429e+01
      vertex   8.909392e+01 8.440000e+01 2.355451e+01
    endloop
  endfacet
  facet normal 0.000000e+00 1.000000e+00 0.000000e+00
    outer loop
      vertex   8.909392e+01 8.440000e+01 2.355451e+01
      vertex   8.912850e+01 8.440000e+01 2.192429e+01
      vertex   8.890107e+01 8.440000e+01 2.191265e+01
    endloop
  endfacet
  facet normal 0.000000e+00 1.000000e+00 0.000000e+00
    outer loop
      vertex   8.909392e+01 8.440000e+01 2.355451e+01
      vertex   8.890107e+01 8.440000e+01 2.191265e+01
      vertex   8.896214e+01 8.440000e+01 2.357284e+01
    endloop
  endfacet
  facet normal 0.000000e+00 1.000000e+00 0.000000e+00
    outer loop
      vertex   8.896214e+01 8.440000e+01 2.357284e+01
      vertex   8.890107e+01 8.440000e+01 2.191265e+01
      vertex   8.867482e+01 8.440000e+01 2.188675e+01
    endloop
  endfacet
  facet normal 0.000000e+00 1.000000e+00 0.000000e+00
    outer loop
      vertex   8.896214e+01 8.440000e+01 2.357284e+01
      vertex   8.867482e+01 8.440000e+01 2.188675e+01
      vertex   8.883305e+01 8.440000e+01 2.360508e+01
    endloop
  endfacet
  facet normal 0.000000e+00 1.000000e+00 0.000000e+00
    outer loop
      vertex   8.883305e+01 8.440000e+01 2.360508e+01
      vertex   8.867482e+01 8.440000e+01 2.188675e+01
      vertex   8.870811e+01 8.440000e+01 2.365085e+01
    endloop
  endfacet
  facet normal 0.000000e+00 1.000000e+00 0.000000e+00
    outer loop
      vertex   8.870811e+01 8.440000e+01 2.365085e+01
      vertex   8.867482e+01 8.440000e+01 2.188675e+01
      vertex   8.845064e+01 8.440000e+01 2.184670e+01
    endloop
  endfacet
  facet normal 0.000000e+00 1.000000e+00 0.000000e+00
    outer loop
      vertex   8.870811e+01 8.440000e+01 2.365085e+01
      vertex   8.845064e+01 8.440000e+01 2.184670e+01
      vertex   8.858875e+01 8.440000e+01 2.370964e+01
    endloop
  endfacet
  facet normal 0.000000e+00 1.000000e+00 0.000000e+00
    outer loop
      vertex   8.858875e+01 8.440000e+01 2.370964e+01
      vertex   8.845064e+01 8.440000e+01 2.184670e+01
      vertex   8.822942e+01 8.440000e+01 2.179265e+01
    endloop
  endfacet
  facet normal 0.000000e+00 1.000000e+00 0.000000e+00
    outer loop
      vertex   8.858875e+01 8.440000e+01 2.370964e+01
      vertex   8.822942e+01 8.440000e+01 2.179265e+01
      vertex   8.847632e+01 8.440000e+01 2.378079e+01
    endloop
  endfacet
  facet normal 0.000000e+00 1.000000e+00 0.000000e+00
    outer loop
      vertex   8.847632e+01 8.440000e+01 2.378079e+01
      vertex   8.822942e+01 8.440000e+01 2.179265e+01
      vertex   8.801203e+01 8.440000e+01 2.172481e+01
    endloop
  endfacet
  facet normal 0.000000e+00 1.000000e+00 0.000000e+00
    outer loop
      vertex   8.847632e+01 8.440000e+01 2.378079e+01
      vertex   8.801203e+01 8.440000e+01 2.172481e+01
      vertex   8.837208e+01 8.440000e+01 2.386349e+01
    endloop
  endfacet
  facet normal 0.000000e+00 1.000000e+00 0.000000e+00
    outer loop
      vertex   8.837208e+01 8.440000e+01 2.386349e+01
      vertex   8.801203e+01 8.440000e+01 2.172481e+01
      vertex   8.779933e+01 8.440000e+01 2.164346e+01
    endloop
  endfacet
  facet normal 0.000000e+00 1.000000e+00 0.000000e+00
    outer loop
      vertex   8.837208e+01 8.440000e+01 2.386349e+01
      vertex   8.779933e+01 8.440000e+01 2.164346e+01
      vertex   8.827723e+01 8.440000e+01 2.395680e+01
    endloop
  endfacet
  facet normal 0.000000e+00 1.000000e+00 0.000000e+00
    outer loop
      vertex   8.827723e+01 8.440000e+01 2.395680e+01
      vertex   8.779933e+01 8.440000e+01 2.164346e+01
      vertex   8.695000e+01 8.440000e+01 2.150982e+01
    endloop
  endfacet
  facet normal 0.000000e+00 1.000000e+00 0.000000e+00
    outer loop
      vertex   8.827723e+01 8.440000e+01 2.395680e+01
      vertex   8.695000e+01 8.440000e+01 2.150982e+01
      vertex   8.819283e+01 8.440000e+01 2.405966e+01
    endloop
  endfacet
  facet normal 0.000000e+00 1.000000e+00 0.000000e+00
    outer loop
      vertex   8.819283e+01 8.440000e+01 2.405966e+01
      vertex   8.695000e+01 8.440000e+01 2.150982e+01
      vertex   8.811984e+01 8.440000e+01 2.417091e+01
    endloop
  endfacet
  facet normal 0.000000e+00 1.000000e+00 0.000000e+00
    outer loop
      vertex   8.811984e+01 8.440000e+01 2.417091e+01
      vertex   8.695000e+01 8.440000e+01 2.150982e+01
      vertex   8.805909e+01 8.440000e+01 2.428929e+01
    endloop
  endfacet
  facet normal 0.000000e+00 1.000000e+00 0.000000e+00
    outer loop
      vertex   8.805909e+01 8.440000e+01 2.428929e+01
      vertex   8.695000e+01 8.440000e+01 2.150982e+01
      vertex   8.801127e+01 8.440000e+01 2.441345e+01
    endloop
  endfacet
  facet normal 0.000000e+00 1.000000e+00 0.000000e+00
    outer loop
      vertex   8.779933e+01 8.440000e+01 2.164346e+01
      vertex   8.759215e+01 8.440000e+01 2.154892e+01
      vertex   8.695000e+01 8.440000e+01 2.150982e+01
    endloop
  endfacet
  facet normal -0.000000e+00 1.000000e+00 0.000000e+00
    outer loop
      vertex   8.695000e+01 8.440000e+01 2.150982e+01
      vertex   8.759215e+01 8.440000e+01 2.154892e+01
      vertex   8.739132e+01 8.440000e+01 2.144155e+01
    endloop
  endfacet
  facet normal 0.000000e+00 1.000000e+00 0.000000e+00
    outer loop
      vertex   8.695000e+01 8.440000e+01 2.150982e+01
      vertex   8.739132e+01 8.440000e+01 2.144155e+01
      vertex   8.719763e+01 8.440000e+01 2.132178e+01
    endloop
  endfacet
  facet normal 0.000000e+00 1.000000e+00 0.000000e+00
    outer loop
      vertex   8.719763e+01 8.440000e+01 2.132178e+01
      vertex   8.701185e+01 8.440000e+01 2.119009e+01
      vertex   8.695000e+01 8.440000e+01 2.150982e+01
    endloop
  endfacet
  facet normal 0.000000e+00 1.000000e+00 0.000000e+00
    outer loop
      vertex   8.695000e+01 8.440000e+01 2.150982e+01
      vertex   8.701185e+01 8.440000e+01 2.119009e+01
      vertex   8.683469e+01 8.440000e+01 2.104699e+01
    endloop
  endfacet
  facet normal 0.000000e+00 1.000000e+00 0.000000e+00
    outer loop
      vertex   8.695000e+01 8.440000e+01 2.150982e+01
      vertex   8.683469e+01 8.440000e+01 2.104699e+01
      vertex   8.666688e+01 8.440000e+01 2.089305e+01
    endloop
  endfacet
  facet normal 0.000000e+00 1.000000e+00 -0.000000e+00
    outer loop
      vertex   8.666688e+01 8.440000e+01 2.089305e+01
      vertex   8.650906e+01 8.440000e+01 2.072888e+01
      vertex   8.695000e+01 8.440000e+01 2.150982e+01
    endloop
  endfacet
  facet normal 0.000000e+00 1.000000e+00 0.000000e+00
    outer loop
      vertex   8.585654e+01 8.440000e+01 1.689933e+01
      vertex   8.595108e+01 8.440000e+01 1.669215e+01
      vertex   8.359971e+01 8.440000e+01 1.550983e+01
    endloop
  endfacet
  facet normal 0.000000e+00 1.000000e+00 0.000000e+00
    outer loop
      vertex   8.359971e+01 8.440000e+01 1.550983e+01
      vertex   8.595108e+01 8.440000e+01 1.669215e+01
      vertex   8.605845e+01 8.440000e+01 1.649132e+01
    endloop
  endfacet
  facet normal 0.000000e+00 1.000000e+00 0.000000e+00
    outer loop
      vertex   8.359971e+01 8.440000e+01 1.550983e+01
      vertex   8.605845e+01 8.440000e+01 1.649132e+01
      vertex   8.617822e+01 8.440000e+01 1.629763e+01
    endloop
  endfacet
  facet normal 0.000000e+00 1.000000e+00 0.000000e+00
    outer loop
      vertex   8.617822e+01 8.440000e+01 1.629763e+01
      vertex   8.630991e+01 8.440000e+01 1.611185e+01
      vertex   8.359971e+01 8.440000e+01 1.550983e+01
    endloop
  endfacet
  facet normal 0.000000e+00 1.000000e+00 0.000000e+00
    outer loop
      vertex   8.359971e+01 8.440000e+01 1.550983e+01
      vertex   8.630991e+01 8.440000e+01 1.611185e+01
      vertex   8.645301e+01 8.440000e+01 1.593469e+01
    endloop
  endfacet
  facet normal 0.000000e+00 1.000000e+00 0.000000e+00
    outer loop
      vertex   8.359971e+01 8.440000e+01 1.550983e+01
      vertex   8.645301e+01 8.440000e+01 1.593469e+01
      vertex   8.660695e+01 8.440000e+01 1.576688e+01
    endloop
  endfacet
  facet normal -0.000000e+00 1.000000e+00 0.000000e+00
    outer loop
      vertex   9.023811e+01 8.440000e+01 2.410370e+01
      vertex   9.030624e+01 8.440000e+01 2.421799e+01
      vertex   9.145000e+01 8.440000e+01 2.133804e+01
    endloop
  endfacet
  facet normal 0.000000e+00 1.000000e+00 0.000000e+00
    outer loop
      vertex   9.145000e+01 8.440000e+01 2.133804e+01
      vertex   9.030624e+01 8.440000e+01 2.421799e+01
      vertex   9.036184e+01 8.440000e+01 2.433888e+01
    endloop
  endfacet
  facet normal 0.000000e+00 1.000000e+00 0.000000e+00
    outer loop
      vertex   9.145000e+01 8.440000e+01 2.133804e+01
      vertex   9.036184e+01 8.440000e+01 2.433888e+01
      vertex   9.040427e+01 8.440000e+01 2.446499e+01
    endloop
  endfacet
  facet normal -0.000000e+00 1.000000e+00 0.000000e+00
    outer loop
      vertex   9.040427e+01 8.440000e+01 2.446499e+01
      vertex   9.043306e+01 8.440000e+01 2.459489e+01
      vertex   9.145000e+01 8.440000e+01 2.133804e+01
    endloop
  endfacet
  facet normal 0.000000e+00 1.000000e+00 0.000000e+00
    outer loop
      vertex   9.145000e+01 8.440000e+01 2.133804e+01
      vertex   9.043306e+01 8.440000e+01 2.459489e+01
      vertex   9.044787e+01 8.440000e+01 2.472712e+01
    endloop
  endfacet
  facet normal 0.000000e+00 1.000000e+00 0.000000e+00
    outer loop
      vertex   9.145000e+01 8.440000e+01 2.133804e+01
      vertex   9.044787e+01 8.440000e+01 2.472712e+01
      vertex   9.044855e+01 8.440000e+01 2.486017e+01
    endloop
  endfacet
  facet normal 2.054031e-14 1.000000e+00 6.679241e-15
    outer loop
      vertex   9.040762e+01 8.440000e+01 2.512273e+01
      vertex   9.036647e+01 8.440000e+01 2.524927e+01
      vertex   9.145000e+01 8.440000e+01 2.830000e+01
    endloop
  endfacet
  facet normal 1.740711e-14 1.000000e+00 7.792059e-15
    outer loop
      vertex   9.145000e+01 8.440000e+01 2.830000e+01
      vertex   9.036647e+01 8.440000e+01 2.524927e+01
      vertex   9.031211e+01 8.440000e+01 2.537071e+01
    endloop
  endfacet
  facet normal 1.499076e-14 1.000000e+00 8.730694e-15
    outer loop
      vertex   9.145000e+01 8.440000e+01 2.830000e+01
      vertex   9.031211e+01 8.440000e+01 2.537071e+01
      vertex   9.024515e+01 8.440000e+01 2.548569e+01
    endloop
  endfacet
  facet normal 1.302328e-14 1.000000e+00 9.573003e-15
    outer loop
      vertex   9.024515e+01 8.440000e+01 2.548569e+01
      vertex   9.016634e+01 8.440000e+01 2.559290e+01
      vertex   9.145000e+01 8.440000e+01 2.830000e+01
    endloop
  endfacet
  facet normal 1.134651e-14 1.000000e+00 1.036810e-14
    outer loop
      vertex   9.145000e+01 8.440000e+01 2.830000e+01
      vertex   9.016634e+01 8.440000e+01 2.559290e+01
      vertex   9.007659e+01 8.440000e+01 2.569112e+01
    endloop
  endfacet
  facet normal 9.858428e-15 1.000000e+00 1.115148e-14
    outer loop
      vertex   9.145000e+01 8.440000e+01 2.830000e+01
      vertex   9.007659e+01 8.440000e+01 2.569112e+01
      vertex   8.997690e+01 8.440000e+01 2.577925e+01
    endloop
  endfacet
  facet normal 8.487086e-15 1.000000e+00 1.195288e-14
    outer loop
      vertex   8.997690e+01 8.440000e+01 2.577925e+01
      vertex   8.986841e+01 8.440000e+01 2.585628e+01
      vertex   9.145000e+01 8.440000e+01 2.830000e+01
    endloop
  endfacet
  facet normal 7.176305e-15 1.000000e+00 1.280122e-14
    outer loop
      vertex   9.145000e+01 8.440000e+01 2.830000e+01
      vertex   8.986841e+01 8.440000e+01 2.585628e+01
      vertex   8.975235e+01 8.440000e+01 2.592134e+01
    endloop
  endfacet
  facet normal 5.876562e-15 1.000000e+00 1.372885e-14
    outer loop
      vertex   9.145000e+01 8.440000e+01 2.830000e+01
      vertex   8.975235e+01 8.440000e+01 2.592134e+01
      vertex   8.963003e+01 8.440000e+01 2.597370e+01
    endloop
  endfacet
  facet normal 4.537709e-15 1.000000e+00 1.477629e-14
    outer loop
      vertex   8.963003e+01 8.440000e+01 2.597370e+01
      vertex   8.950284e+01 8.440000e+01 2.601276e+01
      vertex   9.145000e+01 8.440000e+01 2.830000e+01
    endloop
  endfacet
  facet normal 3.101161e-15 1.000000e+00 1.599925e-14
    outer loop
      vertex   9.145000e+01 8.440000e+01 2.830000e+01
      vertex   8.950284e+01 8.440000e+01 2.601276e+01
      vertex   8.937221e+01 8.440000e+01 2.603808e+01
    endloop
  endfacet
  facet normal -3.118135e-16 1.000000e+00 1.447930e-14
    outer loop
      vertex   8.923964e+01 8.440000e+01 2.604937e+01
      vertex   8.910661e+01 8.440000e+01 2.604651e+01
      vertex   8.780798e+01 8.440000e+01 2.700000e+01
    endloop
  endfacet
  facet normal -1.632394e-15 1.000000e+00 1.268070e-14
    outer loop
      vertex   8.780798e+01 8.440000e+01 2.700000e+01
      vertex   8.910661e+01 8.440000e+01 2.604651e+01
      vertex   8.897465e+01 8.440000e+01 2.602952e+01
    endloop
  endfacet
  facet normal -2.717873e-15 1.000000e+00 1.137578e-14
    outer loop
      vertex   8.780798e+01 8.440000e+01 2.700000e+01
      vertex   8.897465e+01 8.440000e+01 2.602952e+01
      vertex   8.884523e+01 8.440000e+01 2.599860e+01
    endloop
  endfacet
  facet normal -3.682467e-15 1.000000e+00 1.037665e-14
    outer loop
      vertex   8.884523e+01 8.440000e+01 2.599860e+01
      vertex   8.871984e+01 8.440000e+01 2.595410e+01
      vertex   8.780798e+01 8.440000e+01 2.700000e+01
    endloop
  endfacet
  facet normal -4.597677e-15 1.000000e+00 9.578728e-15
    outer loop
      vertex   8.780798e+01 8.440000e+01 2.700000e+01
      vertex   8.871984e+01 8.440000e+01 2.595410e+01
      vertex   8.859989e+01 8.440000e+01 2.589652e+01
    endloop
  endfacet
  facet normal -5.517374e-15 1.000000e+00 8.918706e-15
    outer loop
      vertex   8.780798e+01 8.440000e+01 2.700000e+01
      vertex   8.859989e+01 8.440000e+01 2.589652e+01
      vertex   8.848673e+01 8.440000e+01 2.582652e+01
    endloop
  endfacet
  facet normal -6.491327e-15 1.000000e+00 8.355357e-15
    outer loop
      vertex   8.848673e+01 8.440000e+01 2.582652e+01
      vertex   8.838166e+01 8.440000e+01 2.574489e+01
      vertex   8.780798e+01 8.440000e+01 2.700000e+01
    endloop
  endfacet
  facet normal -7.575638e-15 1.000000e+00 7.859739e-15
    outer loop
      vertex   8.780798e+01 8.440000e+01 2.700000e+01
      vertex   8.838166e+01 8.440000e+01 2.574489e+01
      vertex   8.828586e+01 8.440000e+01 2.565256e+01
    endloop
  endfacet
  facet normal -8.845108e-15 1.000000e+00 7.409508e-15
    outer loop
      vertex   8.780798e+01 8.440000e+01 2.700000e+01
      vertex   8.828586e+01 8.440000e+01 2.565256e+01
      vertex   8.820042e+01 8.440000e+01 2.555056e+01
    endloop
  endfacet
  facet normal -7.982669e-15 1.000000e+00 3.168248e-15
    outer loop
      vertex   8.806435e+01 8.440000e+01 2.532230e+01
      vertex   8.801527e+01 8.440000e+01 2.519863e+01
      vertex   8.695000e+01 8.440000e+01 2.700000e+01
    endloop
  endfacet
  facet normal -9.072373e-15 1.000000e+00 2.523834e-15
    outer loop
      vertex   8.695000e+01 8.440000e+01 2.700000e+01
      vertex   8.801527e+01 8.440000e+01 2.519863e+01
      vertex   8.797961e+01 8.440000e+01 2.507045e+01
    endloop
  endfacet
  facet normal -1.052208e-14 1.000000e+00 1.750275e-15
    outer loop
      vertex   8.695000e+01 8.440000e+01 2.700000e+01
      vertex   8.797961e+01 8.440000e+01 2.507045e+01
      vertex   8.795777e+01 8.440000e+01 2.493919e+01
    endloop
  endfacet
  facet normal -1.259675e-14 1.000000e+00 7.357193e-16
    outer loop
      vertex   8.795777e+01 8.440000e+01 2.493919e+01
      vertex   8.795002e+01 8.440000e+01 2.480636e+01
      vertex   8.695000e+01 8.440000e+01 2.700000e+01
    endloop
  endfacet
  facet normal -1.589050e-14 1.000000e+00 -7.658062e-16
    outer loop
      vertex   8.695000e+01 8.440000e+01 2.700000e+01
      vertex   8.795002e+01 8.440000e+01 2.480636e+01
      vertex   8.795642e+01 8.440000e+01 2.467346e+01
    endloop
  endfacet
  facet normal -3.267454e-16 3.102821e-15 1.000000e+00
    outer loop
      vertex   9.145000e+01 8.475501e+01 2.700000e+01
      vertex   9.162093e+01 8.477300e+01 2.700000e+01
      vertex   9.145000e+01 8.590000e+01 2.700000e+01
    endloop
  endfacet
  facet normal -5.623145e-16 3.067094e-15 1.000000e+00
    outer loop
      vertex   9.145000e+01 8.590000e+01 2.700000e+01
      vertex   9.162093e+01 8.477300e+01 2.700000e+01
      vertex   9.178998e+01 8.480400e+01 2.700000e+01
    endloop
  endfacet
  facet normal -7.898547e-16 2.996512e-15 1.000000e+00
    outer loop
      vertex   9.145000e+01 8.590000e+01 2.700000e+01
      vertex   9.178998e+01 8.480400e+01 2.700000e+01
      vertex   9.195617e+01 8.484781e+01 2.700000e+01
    endloop
  endfacet
  facet normal -1.004410e-15 2.893298e-15 1.000000e+00
    outer loop
      vertex   9.195617e+01 8.484781e+01 2.700000e+01
      vertex   9.211853e+01 8.490417e+01 2.700000e+01
      vertex   9.145000e+01 8.590000e+01 2.700000e+01
    endloop
  endfacet
  facet normal -1.201717e-15 2.760840e-15 1.000000e+00
    outer loop
      vertex   9.145000e+01 8.590000e+01 2.700000e+01
      vertex   9.211853e+01 8.490417e+01 2.700000e+01
      vertex   9.227612e+01 8.497276e+01 2.700000e+01
    endloop
  endfacet
  facet normal -1.378422e-15 2.603404e-15 1.000000e+00
    outer loop
      vertex   9.145000e+01 8.590000e+01 2.700000e+01
      vertex   9.227612e+01 8.497276e+01 2.700000e+01
      vertex   9.242801e+01 8.505319e+01 2.700000e+01
    endloop
  endfacet
  facet normal -1.532197e-15 2.425804e-15 1.000000e+00
    outer loop
      vertex   9.242801e+01 8.505319e+01 2.700000e+01
      vertex   9.257332e+01 8.514497e+01 2.700000e+01
      vertex   9.145000e+01 8.590000e+01 2.700000e+01
    endloop
  endfacet
  facet normal -1.661752e-15 2.233054e-15 1.000000e+00
    outer loop
      vertex   9.145000e+01 8.590000e+01 2.700000e+01
      vertex   9.257332e+01 8.514497e+01 2.700000e+01
      vertex   9.271121e+01 8.524757e+01 2.700000e+01
    endloop
  endfacet
  facet normal -1.766758e-15 2.030069e-15 1.000000e+00
    outer loop
      vertex   9.145000e+01 8.590000e+01 2.700000e+01
      vertex   9.271121e+01 8.524757e+01 2.700000e+01
      vertex   9.284085e+01 8.536040e+01 2.700000e+01
    endloop
  endfacet
  facet normal -1.847707e-15 1.821415e-15 1.000000e+00
    outer loop
      vertex   9.284085e+01 8.536040e+01 2.700000e+01
      vertex   9.296151e+01 8.548280e+01 2.700000e+01
      vertex   9.145000e+01 8.590000e+01 2.700000e+01
    endloop
  endfacet
  facet normal -1.905744e-15 1.611149e-15 1.000000e+00
    outer loop
      vertex   9.145000e+01 8.590000e+01 2.700000e+01
      vertex   9.296151e+01 8.548280e+01 2.700000e+01
      vertex   9.307247e+01 8.561405e+01 2.700000e+01
    endloop
  endfacet
  facet normal -1.942478e-15 1.402717e-15 1.000000e+00
    outer loop
      vertex   9.145000e+01 8.590000e+01 2.700000e+01
      vertex   9.307247e+01 8.561405e+01 2.700000e+01
      vertex   9.317309e+01 8.575339e+01 2.700000e+01
    endloop
  endfacet
  facet normal -3.919636e-15 -2.183440e-14 1.000000e+00
    outer loop
      vertex   9.317309e+01 8.575339e+01 2.700000e+01
      vertex   9.326278e+01 8.590000e+01 2.700000e+01
      vertex   9.145000e+01 8.590000e+01 2.700000e+01
    endloop
  endfacet
  facet normal -0.000000e+00 1.000000e+00 0.000000e+00
    outer loop
      vertex   9.145000e+01 8.590000e+01 2.700000e+01
      vertex   9.326278e+01 8.590000e+01 2.700000e+01
      vertex   9.145000e+01 8.590000e+01 2.133804e+01
    endloop
  endfacet
  facet normal -0.000000e+00 1.000000e+00 0.000000e+00
    outer loop
      vertex   9.145000e+01 8.590000e+01 2.133804e+01
      vertex   9.326278e+01 8.590000e+01 2.700000e+01
      vertex   9.720000e+01 8.590000e+01 2.084417e+01
    endloop
  endfacet
  facet normal 0.000000e+00 1.000000e+00 0.000000e+00
    outer loop
      vertex   9.720000e+01 8.590000e+01 2.084417e+01
      vertex   9.326278e+01 8.590000e+01 2.700000e+01
      vertex   9.720000e+01 8.590000e+01 3.030000e+01
    endloop
  endfacet
  facet normal 0.000000e+00 1.000000e+00 0.000000e+00
    outer loop
      vertex   9.720000e+01 8.590000e+01 3.030000e+01
      vertex   9.326278e+01 8.590000e+01 2.700000e+01
      vertex   9.326278e+01 8.590000e+01 3.030000e+01
    endloop
  endfacet
  facet normal -9.963318e-01 8.557440e-02 -9.574395e-15
    outer loop
      vertex   8.780798e+01 8.440000e+01 2.700000e+01
      vertex   8.763620e+01 8.240000e+01 2.700000e+01
      vertex   8.780798e+01 8.440000e+01 2.930000e+01
    endloop
  endfacet
  facet normal -9.963318e-01 8.557440e-02 3.694964e-16
    outer loop
      vertex   8.780798e+01 8.440000e+01 2.930000e+01
      vertex   8.763620e+01 8.240000e+01 2.700000e+01
      vertex   8.763620e+01 8.240000e+01 3.030000e+01
    endloop
  endfacet
  facet normal -9.963318e-01 8.557440e-02 2.035931e-15
    outer loop
      vertex   8.780798e+01 8.440000e+01 2.930000e+01
      vertex   8.763620e+01 8.240000e+01 3.030000e+01
      vertex   8.783804e+01 8.475000e+01 3.180000e+01
    endloop
  endfacet
  facet normal -9.963318e-01 8.557440e-02 -4.356002e-15
    outer loop
      vertex   8.783804e+01 8.475000e+01 3.180000e+01
      vertex   8.763620e+01 8.240000e+01 3.030000e+01
      vertex   8.719816e+01 7.730000e+01 3.180000e+01
    endloop
  endfacet
  facet normal -9.963318e-01 8.557440e-02 0.000000e+00
    outer loop
      vertex   8.719816e+01 7.730000e+01 3.180000e+01
      vertex   8.763620e+01 8.240000e+01 3.030000e+01
      vertex   8.719816e+01 7.730000e+01 3.030000e+01
    endloop
  endfacet
  facet normal -9.963318e-01 8.557440e-02 -1.132698e-14
    outer loop
      vertex   8.783804e+01 8.475000e+01 3.180000e+01
      vertex   8.783804e+01 8.475000e+01 2.930000e+01
      vertex   8.780798e+01 8.440000e+01 2.930000e+01
    endloop
  endfacet
  facet normal -1.804681e-15 -2.121683e-14 -1.000000e+00
    outer loop
      vertex   9.326278e+01 8.590000e+01 3.030000e+01
      vertex   9.334447e+01 8.606050e+01 3.030000e+01
      vertex   9.720000e+01 8.590000e+01 3.030000e+01
    endloop
  endfacet
  facet normal -9.059248e-16 3.731501e-16 -1.000000e+00
    outer loop
      vertex   9.720000e+01 8.590000e+01 3.030000e+01
      vertex   9.334447e+01 8.606050e+01 3.030000e+01
      vertex   9.341305e+01 8.622702e+01 3.030000e+01
    endloop
  endfacet
  facet normal -9.128398e-16 2.930726e-16 -1.000000e+00
    outer loop
      vertex   9.720000e+01 8.590000e+01 3.030000e+01
      vertex   9.341305e+01 8.622702e+01 3.030000e+01
      vertex   9.346811e+01 8.639849e+01 3.030000e+01
    endloop
  endfacet
  facet normal -9.230405e-16 2.167065e-16 -1.000000e+00
    outer loop
      vertex   9.346811e+01 8.639849e+01 3.030000e+01
      vertex   9.350927e+01 8.657381e+01 3.030000e+01
      vertex   9.720000e+01 8.590000e+01 3.030000e+01
    endloop
  endfacet
  facet normal -9.366655e-16 1.420771e-16 -1.000000e+00
    outer loop
      vertex   9.720000e+01 8.590000e+01 3.030000e+01
      vertex   9.350927e+01 8.657381e+01 3.030000e+01
      vertex   9.353628e+01 8.675187e+01 3.030000e+01
    endloop
  endfacet
  facet normal -9.540413e-16 6.734708e-17 -1.000000e+00
    outer loop
      vertex   9.720000e+01 8.590000e+01 3.030000e+01
      vertex   9.353628e+01 8.675187e+01 3.030000e+01
      vertex   9.354896e+01 8.693151e+01 3.030000e+01
    endloop
  endfacet
  facet normal -9.757116e-16 -9.354953e-18 -1.000000e+00
    outer loop
      vertex   9.354896e+01 8.693151e+01 3.030000e+01
      vertex   9.354723e+01 8.711160e+01 3.030000e+01
      vertex   9.720000e+01 8.590000e+01 3.030000e+01
    endloop
  endfacet
  facet normal -1.002499e-15 -9.011511e-17 -1.000000e+00
    outer loop
      vertex   9.720000e+01 8.590000e+01 3.030000e+01
      vertex   9.354723e+01 8.711160e+01 3.030000e+01
      vertex   9.353111e+01 8.729096e+01 3.030000e+01
    endloop
  endfacet
  facet normal -1.035615e-15 -1.774628e-16 -1.000000e+00
    outer loop
      vertex   9.720000e+01 8.590000e+01 3.030000e+01
      vertex   9.353111e+01 8.729096e+01 3.030000e+01
      vertex   9.350069e+01 8.746847e+01 3.030000e+01
    endloop
  endfacet
  facet normal -1.311379e-13 -3.070301e-13 -1.000000e+00
    outer loop
      vertex   9.720000e+01 8.590000e+01 3.030000e+01
      vertex   9.350069e+01 8.746847e+01 3.030000e+01
      vertex   9.870000e+01 8.740000e+01 3.030000e+01
    endloop
  endfacet
  facet normal -1.275231e-13 -3.253123e-14 -1.000000e+00
    outer loop
      vertex   9.870000e+01 8.740000e+01 3.030000e+01
      vertex   9.350069e+01 8.746847e+01 3.030000e+01
      vertex   9.345617e+01 8.764297e+01 3.030000e+01
    endloop
  endfacet
  facet normal -1.280469e-13 -4.383572e-14 -1.000000e+00
    outer loop
      vertex   9.870000e+01 8.740000e+01 3.030000e+01
      vertex   9.345617e+01 8.764297e+01 3.030000e+01
      vertex   9.339785e+01 8.781335e+01 3.030000e+01
    endloop
  endfacet
  facet normal -1.289992e-13 -5.605137e-14 -1.000000e+00
    outer loop
      vertex   9.339785e+01 8.781335e+01 3.030000e+01
      vertex   9.332608e+01 8.797853e+01 3.030000e+01
      vertex   9.870000e+01 8.740000e+01 3.030000e+01
    endloop
  endfacet
  facet normal -1.304553e-13 -6.957651e-14 -1.000000e+00
    outer loop
      vertex   9.870000e+01 8.740000e+01 3.030000e+01
      vertex   9.332608e+01 8.797853e+01 3.030000e+01
      vertex   9.324133e+01 8.813743e+01 3.030000e+01
    endloop
  endfacet
  facet normal -1.325326e-13 -8.495323e-14 -1.000000e+00
    outer loop
      vertex   9.870000e+01 8.740000e+01 3.030000e+01
      vertex   9.324133e+01 8.813743e+01 3.030000e+01
      vertex   9.314414e+01 8.828905e+01 3.030000e+01
    endloop
  endfacet
  facet normal -1.354141e-13 -1.029602e-13 -1.000000e+00
    outer loop
      vertex   9.314414e+01 8.828905e+01 3.030000e+01
      vertex   9.303514e+01 8.843241e+01 3.030000e+01
      vertex   9.870000e+01 8.740000e+01 3.030000e+01
    endloop
  endfacet
  facet normal -8.877057e-14 1.529746e-13 -1.000000e+00
    outer loop
      vertex   9.870000e+01 8.740000e+01 3.030000e+01
      vertex   9.303514e+01 8.843241e+01 3.030000e+01
      vertex   9.970000e+01 9.230000e+01 3.030000e+01
    endloop
  endfacet
  facet normal 6.643575e-13 -7.250436e-16 -1.000000e+00
    outer loop
      vertex   9.870000e+01 8.740000e+01 3.030000e+01
      vertex   9.970000e+01 9.230000e+01 3.030000e+01
      vertex   9.970000e+01 8.740000e+01 3.030000e+01
    endloop
  endfacet
  facet normal 0.000000e+00 0.000000e+00 -1.000000e+00
    outer loop
      vertex   9.303514e+01 8.843241e+01 3.030000e+01
      vertex   9.291502e+01 8.856659e+01 3.030000e+01
      vertex   9.970000e+01 9.230000e+01 3.030000e+01
    endloop
  endfacet
  facet normal 0.000000e+00 0.000000e+00 -1.000000e+00
    outer loop
      vertex   9.970000e+01 9.230000e+01 3.030000e+01
      vertex   9.291502e+01 8.856659e+01 3.030000e+01
      vertex   9.278456e+01 8.869073e+01 3.030000e+01
    endloop
  endfacet
  facet normal 0.000000e+00 0.000000e+00 -1.000000e+00
    outer loop
      vertex   9.970000e+01 9.230000e+01 3.030000e+01
      vertex   9.278456e+01 8.869073e+01 3.030000e+01
      vertex   9.264458e+01 8.880405e+01 3.030000e+01
    endloop
  endfacet
  facet normal 0.000000e+00 0.000000e+00 -1.000000e+00
    outer loop
      vertex   9.264458e+01 8.880405e+01 3.030000e+01
      vertex   9.249600e+01 8.890581e+01 3.030000e+01
      vertex   9.970000e+01 9.230000e+01 3.030000e+01
    endloop
  endfacet
  facet normal 0.000000e+00 0.000000e+00 -1.000000e+00
    outer loop
      vertex   9.970000e+01 9.230000e+01 3.030000e+01
      vertex   9.249600e+01 8.890581e+01 3.030000e+01
      vertex   9.233975e+01 8.899535e+01 3.030000e+01
    endloop
  endfacet
  facet normal -0.000000e+00 0.000000e+00 -1.000000e+00
    outer loop
      vertex   9.970000e+01 9.230000e+01 3.030000e+01
      vertex   9.233975e+01 8.899535e+01 3.030000e+01
      vertex   9.670000e+01 9.530000e+01 3.030000e+01
    endloop
  endfacet
  facet normal 0.000000e+00 0.000000e+00 -1.000000e+00
    outer loop
      vertex   9.670000e+01 9.530000e+01 3.030000e+01
      vertex   9.233975e+01 8.899535e+01 3.030000e+01
      vertex   9.217683e+01 8.907212e+01 3.030000e+01
    endloop
  endfacet
  facet normal 0.000000e+00 0.000000e+00 -1.000000e+00
    outer loop
      vertex   9.670000e+01 9.530000e+01 3.030000e+01
      vertex   9.217683e+01 8.907212e+01 3.030000e+01
      vertex   9.200830e+01 8.913560e+01 3.030000e+01
    endloop
  endfacet
  facet normal 0.000000e+00 0.000000e+00 -1.000000e+00
    outer loop
      vertex   9.200830e+01 8.913560e+01 3.030000e+01
      vertex   9.183524e+01 8.918541e+01 3.030000e+01
      vertex   9.670000e+01 9.530000e+01 3.030000e+01
    endloop
  endfacet
  facet normal 0.000000e+00 0.000000e+00 -1.000000e+00
    outer loop
      vertex   9.670000e+01 9.530000e+01 3.030000e+01
      vertex   9.183524e+01 8.918541e+01 3.030000e+01
      vertex   9.165874e+01 8.922122e+01 3.030000e+01
    endloop
  endfacet
  facet normal 0.000000e+00 0.000000e+00 -1.000000e+00
    outer loop
      vertex   9.670000e+01 9.530000e+01 3.030000e+01
      vertex   9.165874e+01 8.922122e+01 3.030000e+01
      vertex   9.147995e+01 8.924279e+01 3.030000e+01
    endloop
  endfacet
  facet normal -0.000000e+00 0.000000e+00 -1.000000e+00
    outer loop
      vertex   9.670000e+01 9.530000e+01 3.030000e+01
      vertex   9.147995e+01 8.924279e+01 3.030000e+01
      vertex   8.749018e+01 9.530000e+01 3.030000e+01
    endloop
  endfacet
  facet normal 2.109299e-06 1.389354e-06 -1.000000e+00
    outer loop
      vertex   8.749018e+01 9.530000e+01 3.030000e+01
      vertex   9.147995e+01 8.924279e+01 3.030000e+01
      vertex   9.130000e+01 8.925000e+01 3.030000e+01
    endloop
  endfacet
  facet normal -1.123186e-07 -9.646982e-09 -1.000000e+00
    outer loop
      vertex   8.749018e+01 9.530000e+01 3.030000e+01
      vertex   9.130000e+01 8.925000e+01 3.030000e+01
      vertex   8.800982e+01 8.925000e+01 3.030000e+01
    endloop
  endfacet
  facet normal -0.000000e+00 -0.000000e+00 -1.000000e+00
    outer loop
      vertex   9.690473e+01 9.529301e+01 3.030000e+01
      vertex   9.710850e+01 9.527206e+01 3.030000e+01
      vertex   9.670000e+01 9.530000e+01 3.030000e+01
    endloop
  endfacet
  facet normal 0.000000e+00 0.000000e+00 -1.000000e+00
    outer loop
      vertex   9.670000e+01 9.530000e+01 3.030000e+01
      vertex   9.710850e+01 9.527206e+01 3.030000e+01
      vertex   9.731037e+01 9.523725e+01 3.030000e+01
    endloop
  endfacet
  facet normal 0.000000e+00 0.000000e+00 -1.000000e+00
    outer loop
      vertex   9.670000e+01 9.530000e+01 3.030000e+01
      vertex   9.731037e+01 9.523725e+01 3.030000e+01
      vertex   9.750939e+01 9.518875e+01 3.030000e+01
    endloop
  endfacet
  facet normal -0.000000e+00 -0.000000e+00 -1.000000e+00
    outer loop
      vertex   9.750939e+01 9.518875e+01 3.030000e+01
      vertex   9.770464e+01 9.512678e+01 3.030000e+01
      vertex   9.670000e+01 9.530000e+01 3.030000e+01
    endloop
  endfacet
  facet normal 0.000000e+00 0.000000e+00 -1.000000e+00
    outer loop
      vertex   9.670000e+01 9.530000e+01 3.030000e+01
      vertex   9.770464e+01 9.512678e+01 3.030000e+01
      vertex   9.789520e+01 9.505163e+01 3.030000e+01
    endloop
  endfacet
  facet normal 0.000000e+00 0.000000e+00 -1.000000e+00
    outer loop
      vertex   9.670000e+01 9.530000e+01 3.030000e+01
      vertex   9.789520e+01 9.505163e+01 3.030000e+01
      vertex   9.808019e+01 9.496366e+01 3.030000e+01
    endloop
  endfacet
  facet normal -0.000000e+00 -0.000000e+00 -1.000000e+00
    outer loop
      vertex   9.808019e+01 9.496366e+01 3.030000e+01
      vertex   9.825875e+01 9.486326e+01 3.030000e+01
      vertex   9.670000e+01 9.530000e+01 3.030000e+01
    endloop
  endfacet
  facet normal 0.000000e+00 0.000000e+00 -1.000000e+00
    outer loop
      vertex   9.670000e+01 9.530000e+01 3.030000e+01
      vertex   9.825875e+01 9.486326e+01 3.030000e+01
      vertex   9.843004e+01 9.475091e+01 3.030000e+01
    endloop
  endfacet
  facet normal 0.000000e+00 0.000000e+00 -1.000000e+00
    outer loop
      vertex   9.670000e+01 9.530000e+01 3.030000e+01
      vertex   9.843004e+01 9.475091e+01 3.030000e+01
      vertex   9.859326e+01 9.462713e+01 3.030000e+01
    endloop
  endfacet
  facet normal -0.000000e+00 -0.000000e+00 -1.000000e+00
    outer loop
      vertex   9.859326e+01 9.462713e+01 3.030000e+01
      vertex   9.874766e+01 9.449251e+01 3.030000e+01
      vertex   9.670000e+01 9.530000e+01 3.030000e+01
    endloop
  endfacet
  facet normal 0.000000e+00 0.000000e+00 -1.000000e+00
    outer loop
      vertex   9.670000e+01 9.530000e+01 3.030000e+01
      vertex   9.874766e+01 9.449251e+01 3.030000e+01
      vertex   9.889251e+01 9.434766e+01 3.030000e+01
    endloop
  endfacet
  facet normal 0.000000e+00 0.000000e+00 -1.000000e+00
    outer loop
      vertex   9.670000e+01 9.530000e+01 3.030000e+01
      vertex   9.889251e+01 9.434766e+01 3.030000e+01
      vertex   9.902713e+01 9.419326e+01 3.030000e+01
    endloop
  endfacet
  facet normal -0.000000e+00 -0.000000e+00 -1.000000e+00
    outer loop
      vertex   9.902713e+01 9.419326e+01 3.030000e+01
      vertex   9.915091e+01 9.403004e+01 3.030000e+01
      vertex   9.670000e+01 9.530000e+01 3.030000e+01
    endloop
  endfacet
  facet normal 0.000000e+00 0.000000e+00 -1.000000e+00
    outer loop
      vertex   9.670000e+01 9.530000e+01 3.030000e+01
      vertex   9.915091e+01 9.403004e+01 3.030000e+01
      vertex   9.926326e+01 9.385875e+01 3.030000e+01
    endloop
  endfacet
  facet normal 0.000000e+00 0.000000e+00 -1.000000e+00
    outer loop
      vertex   9.670000e+01 9.530000e+01 3.030000e+01
      vertex   9.926326e+01 9.385875e+01 3.030000e+01
      vertex   9.936365e+01 9.368020e+01 3.030000e+01
    endloop
  endfacet
  facet normal -0.000000e+00 -0.000000e+00 -1.000000e+00
    outer loop
      vertex   9.936365e+01 9.368020e+01 3.030000e+01
      vertex   9.945163e+01 9.349520e+01 3.030000e+01
      vertex   9.670000e+01 9.530000e+01 3.030000e+01
    endloop
  endfacet
  facet normal 0.000000e+00 0.000000e+00 -1.000000e+00
    outer loop
      vertex   9.670000e+01 9.530000e+01 3.030000e+01
      vertex   9.945163e+01 9.349520e+01 3.030000e+01
      vertex   9.952678e+01 9.330464e+01 3.030000e+01
    endloop
  endfacet
  facet normal 0.000000e+00 0.000000e+00 -1.000000e+00
    outer loop
      vertex   9.670000e+01 9.530000e+01 3.030000e+01
      vertex   9.952678e+01 9.330464e+01 3.030000e+01
      vertex   9.958875e+01 9.310939e+01 3.030000e+01
    endloop
  endfacet
  facet normal -0.000000e+00 -0.000000e+00 -1.000000e+00
    outer loop
      vertex   9.958875e+01 9.310939e+01 3.030000e+01
      vertex   9.963725e+01 9.291037e+01 3.030000e+01
      vertex   9.670000e+01 9.530000e+01 3.030000e+01
    endloop
  endfacet
  facet normal 0.000000e+00 0.000000e+00 -1.000000e+00
    outer loop
      vertex   9.670000e+01 9.530000e+01 3.030000e+01
      vertex   9.963725e+01 9.291037e+01 3.030000e+01
      vertex   9.967206e+01 9.270850e+01 3.030000e+01
    endloop
  endfacet
  facet normal 0.000000e+00 0.000000e+00 -1.000000e+00
    outer loop
      vertex   9.670000e+01 9.530000e+01 3.030000e+01
      vertex   9.967206e+01 9.270850e+01 3.030000e+01
      vertex   9.969301e+01 9.250473e+01 3.030000e+01
    endloop
  endfacet
  facet normal -0.000000e+00 -0.000000e+00 -1.000000e+00
    outer loop
      vertex   9.969301e+01 9.250473e+01 3.030000e+01
      vertex   9.970000e+01 9.230000e+01 3.030000e+01
      vertex   9.670000e+01 9.530000e+01 3.030000e+01
    endloop
  endfacet
  facet normal 9.882009e-12 -1.032018e-11 -1.000000e+00
    outer loop
      vertex   9.870000e+01 8.740000e+01 3.030000e+01
      vertex   9.869278e+01 8.725297e+01 3.030000e+01
      vertex   9.720000e+01 8.590000e+01 3.030000e+01
    endloop
  endfacet
  facet normal 9.425452e-13 -4.569987e-13 -1.000000e+00
    outer loop
      vertex   9.720000e+01 8.590000e+01 3.030000e+01
      vertex   9.869278e+01 8.725297e+01 3.030000e+01
      vertex   9.867118e+01 8.710736e+01 3.030000e+01
    endloop
  endfacet
  facet normal 9.713679e-13 -4.921192e-13 -1.000000e+00
    outer loop
      vertex   9.720000e+01 8.590000e+01 3.030000e+01
      vertex   9.867118e+01 8.710736e+01 3.030000e+01
      vertex   9.863541e+01 8.696457e+01 3.030000e+01
    endloop
  endfacet
  facet normal 1.006575e-12 -5.395908e-13 -1.000000e+00
    outer loop
      vertex   9.863541e+01 8.696457e+01 3.030000e+01
      vertex   9.858582e+01 8.682598e+01 3.030000e+01
      vertex   9.720000e+01 8.590000e+01 3.030000e+01
    endloop
  endfacet
  facet normal 1.153178e-12 -7.589973e-13 -1.000000e+00
    outer loop
      vertex   9.720000e+01 8.590000e+01 3.030000e+01
      vertex   9.858582e+01 8.682598e+01 3.030000e+01
      vertex   9.852288e+01 8.669291e+01 3.030000e+01
    endloop
  endfacet
  facet normal 1.195032e-12 -8.288268e-13 -1.000000e+00
    outer loop
      vertex   9.720000e+01 8.590000e+01 3.030000e+01
      vertex   9.852288e+01 8.669291e+01 3.030000e+01
      vertex   9.844720e+01 8.656665e+01 3.030000e+01
    endloop
  endfacet
  facet normal 1.325754e-12 -1.073390e-12 -1.000000e+00
    outer loop
      vertex   9.844720e+01 8.656665e+01 3.030000e+01
      vertex   9.835951e+01 8.644841e+01 3.030000e+01
      vertex   9.720000e+01 8.590000e+01 3.030000e+01
    endloop
  endfacet
  facet normal 1.431885e-12 -1.297785e-12 -1.000000e+00
    outer loop
      vertex   9.720000e+01 8.590000e+01 3.030000e+01
      vertex   9.835951e+01 8.644841e+01 3.030000e+01
      vertex   9.826066e+01 8.633934e+01 3.030000e+01
    endloop
  endfacet
  facet normal 1.647050e-12 -1.817240e-12 -1.000000e+00
    outer loop
      vertex   9.720000e+01 8.590000e+01 3.030000e+01
      vertex   9.826066e+01 8.633934e+01 3.030000e+01
      vertex   9.815159e+01 8.624048e+01 3.030000e+01
    endloop
  endfacet
  facet normal 1.842011e-12 -2.362119e-12 -1.000000e+00
    outer loop
      vertex   9.815159e+01 8.624048e+01 3.030000e+01
      vertex   9.803335e+01 8.615280e+01 3.030000e+01
      vertex   9.720000e+01 8.590000e+01 3.030000e+01
    endloop
  endfacet
  facet normal 2.163422e-12 -3.421670e-12 -1.000000e+00
    outer loop
      vertex   9.720000e+01 8.590000e+01 3.030000e+01
      vertex   9.803335e+01 8.615280e+01 3.030000e+01
      vertex   9.790709e+01 8.607712e+01 3.030000e+01
    endloop
  endfacet
  facet normal 2.536666e-12 -4.911743e-12 -1.000000e+00
    outer loop
      vertex   9.720000e+01 8.590000e+01 3.030000e+01
      vertex   9.790709e+01 8.607712e+01 3.030000e+01
      vertex   9.777402e+01 8.601418e+01 3.030000e+01
    endloop
  endfacet
  facet normal 3.287512e-12 -8.686501e-12 -1.000000e+00
    outer loop
      vertex   9.777402e+01 8.601418e+01 3.030000e+01
      vertex   9.763543e+01 8.596459e+01 3.030000e+01
      vertex   9.720000e+01 8.590000e+01 3.030000e+01
    endloop
  endfacet
  facet normal 4.540482e-12 -1.713334e-11 -1.000000e+00
    outer loop
      vertex   9.720000e+01 8.590000e+01 3.030000e+01
      vertex   9.763543e+01 8.596459e+01 3.030000e+01
      vertex   9.749263e+01 8.592882e+01 3.030000e+01
    endloop
  endfacet
  facet normal 7.863680e-12 -5.087434e-11 -1.000000e+00
    outer loop
      vertex   9.720000e+01 8.590000e+01 3.030000e+01
      vertex   9.749263e+01 8.592882e+01 3.030000e+01
      vertex   9.734702e+01 8.590722e+01 3.030000e+01
    endloop
  endfacet
  facet normal 2.200827e-12 -1.876346e-13 -1.000000e+00
    outer loop
      vertex   8.763620e+01 8.240000e+01 3.030000e+01
      vertex   9.870000e+01 8.090000e+01 3.030000e+01
      vertex   8.719816e+01 7.730000e+01 3.030000e+01
    endloop
  endfacet
  facet normal -1.331602e-12 1.109832e-11 -1.000000e+00
    outer loop
      vertex   8.719816e+01 7.730000e+01 3.030000e+01
      vertex   9.870000e+01 8.090000e+01 3.030000e+01
      vertex   9.970000e+01 7.880000e+01 3.030000e+01
    endloop
  endfacet
  facet normal -6.458400e-16 5.382792e-15 -1.000000e+00
    outer loop
      vertex   8.719816e+01 7.730000e+01 3.030000e+01
      vertex   9.970000e+01 7.880000e+01 3.030000e+01
      vertex   9.820000e+01 7.730000e+01 3.030000e+01
    endloop
  endfacet
  facet normal 3.039401e-14 -2.565706e-14 -1.000000e+00
    outer loop
      vertex   9.820000e+01 7.730000e+01 3.030000e+01
      vertex   9.970000e+01 7.880000e+01 3.030000e+01
      vertex   9.969278e+01 7.865297e+01 3.030000e+01
    endloop
  endfacet
  facet normal 8.248810e-15 -1.223595e-15 -1.000000e+00
    outer loop
      vertex   9.820000e+01 7.730000e+01 3.030000e+01
      vertex   9.969278e+01 7.865297e+01 3.030000e+01
      vertex   9.967118e+01 7.850736e+01 3.030000e+01
    endloop
  endfacet
  facet normal -3.714750e-16 -1.642338e-11 -1.000000e+00
    outer loop
      vertex   8.763620e+01 8.240000e+01 3.030000e+01
      vertex   9.720000e+01 8.240000e+01 3.030000e+01
      vertex   9.870000e+01 8.090000e+01 3.030000e+01
    endloop
  endfacet
  facet normal -5.224100e-10 -5.388330e-10 -1.000000e+00
    outer loop
      vertex   9.870000e+01 8.090000e+01 3.030000e+01
      vertex   9.720000e+01 8.240000e+01 3.030000e+01
      vertex   9.869278e+01 8.104703e+01 3.030000e+01
    endloop
  endfacet
  facet normal -5.843801e-11 -2.691881e-11 -1.000000e+00
    outer loop
      vertex   9.869278e+01 8.104703e+01 3.030000e+01
      vertex   9.720000e+01 8.240000e+01 3.030000e+01
      vertex   9.867118e+01 8.119264e+01 3.030000e+01
    endloop
  endfacet
  facet normal -6.235520e-11 -3.169192e-11 -1.000000e+00
    outer loop
      vertex   9.867118e+01 8.119264e+01 3.030000e+01
      vertex   9.720000e+01 8.240000e+01 3.030000e+01
      vertex   9.863541e+01 8.133543e+01 3.030000e+01
    endloop
  endfacet
  facet normal -6.680711e-11 -3.769463e-11 -1.000000e+00
    outer loop
      vertex   9.863541e+01 8.133543e+01 3.030000e+01
      vertex   9.720000e+01 8.240000e+01 3.030000e+01
      vertex   9.858582e+01 8.147403e+01 3.030000e+01
    endloop
  endfacet
  facet normal -7.190926e-11 -4.533054e-11 -1.000000e+00
    outer loop
      vertex   9.858582e+01 8.147403e+01 3.030000e+01
      vertex   9.720000e+01 8.240000e+01 3.030000e+01
      vertex   9.852288e+01 8.160710e+01 3.030000e+01
    endloop
  endfacet
  facet normal -7.785143e-11 -5.524445e-11 -1.000000e+00
    outer loop
      vertex   9.852288e+01 8.160710e+01 3.030000e+01
      vertex   9.720000e+01 8.240000e+01 3.030000e+01
      vertex   9.844720e+01 8.173336e+01 3.030000e+01
    endloop
  endfacet
  facet normal -8.498291e-11 -6.858650e-11 -1.000000e+00
    outer loop
      vertex   9.844720e+01 8.173336e+01 3.030000e+01
      vertex   9.720000e+01 8.240000e+01 3.030000e+01
      vertex   9.835951e+01 8.185159e+01 3.030000e+01
    endloop
  endfacet
  facet normal -9.361260e-11 -8.683245e-11 -1.000000e+00
    outer loop
      vertex   9.835951e+01 8.185159e+01 3.030000e+01
      vertex   9.720000e+01 8.240000e+01 3.030000e+01
      vertex   9.826066e+01 8.196066e+01 3.030000e+01
    endloop
  endfacet
  facet normal -1.044914e-10 -1.130963e-10 -1.000000e+00
    outer loop
      vertex   9.826066e+01 8.196066e+01 3.030000e+01
      vertex   9.720000e+01 8.240000e+01 3.030000e+01
      vertex   9.815159e+01 8.205952e+01 3.030000e+01
    endloop
  endfacet
  facet normal -1.185248e-10 -1.523169e-10 -1.000000e+00
    outer loop
      vertex   9.815159e+01 8.205952e+01 3.030000e+01
      vertex   9.720000e+01 8.240000e+01 3.030000e+01
      vertex   9.803335e+01 8.214720e+01 3.030000e+01
    endloop
  endfacet
  facet normal -1.376331e-10 -2.153087e-10 -1.000000e+00
    outer loop
      vertex   9.803335e+01 8.214720e+01 3.030000e+01
      vertex   9.720000e+01 8.240000e+01 3.030000e+01
      vertex   9.790709e+01 8.222288e+01 3.030000e+01
    endloop
  endfacet
  facet normal -1.651948e-10 -3.253409e-10 -1.000000e+00
    outer loop
      vertex   9.790709e+01 8.222288e+01 3.030000e+01
      vertex   9.720000e+01 8.240000e+01 3.030000e+01
      vertex   9.777402e+01 8.228582e+01 3.030000e+01
    endloop
  endfacet
  facet normal -2.090040e-10 -5.455847e-10 -1.000000e+00
    outer loop
      vertex   9.777402e+01 8.228582e+01 3.030000e+01
      vertex   9.720000e+01 8.240000e+01 3.030000e+01
      vertex   9.763543e+01 8.233541e+01 3.030000e+01
    endloop
  endfacet
  facet normal -2.907142e-10 -1.096430e-09 -1.000000e+00
    outer loop
      vertex   9.763543e+01 8.233541e+01 3.030000e+01
      vertex   9.720000e+01 8.240000e+01 3.030000e+01
      vertex   9.749263e+01 8.237118e+01 3.030000e+01
    endloop
  endfacet
  facet normal -5.077227e-10 -3.299755e-09 -1.000000e+00
    outer loop
      vertex   9.749263e+01 8.237118e+01 3.030000e+01
      vertex   9.720000e+01 8.240000e+01 3.030000e+01
      vertex   9.734702e+01 8.239278e+01 3.030000e+01
    endloop
  endfacet
  facet normal -4.289902e-11 -8.695689e-12 -1.000000e+00
    outer loop
      vertex   9.870000e+01 8.090000e+01 3.030000e+01
      vertex   9.970000e+01 8.090000e+01 3.030000e+01
      vertex   9.970000e+01 7.880000e+01 3.030000e+01
    endloop
  endfacet
  facet normal 9.119274e-15 -2.284259e-15 -1.000000e+00
    outer loop
      vertex   9.967118e+01 7.850736e+01 3.030000e+01
      vertex   9.963541e+01 7.836457e+01 3.030000e+01
      vertex   9.820000e+01 7.730000e+01 3.030000e+01
    endloop
  endfacet
  facet normal 1.010729e-14 -3.616447e-15 -1.000000e+00
    outer loop
      vertex   9.820000e+01 7.730000e+01 3.030000e+01
      vertex   9.963541e+01 7.836457e+01 3.030000e+01
      vertex   9.958582e+01 7.822597e+01 3.030000e+01
    endloop
  endfacet
  facet normal 1.124436e-14 -5.318185e-15 -1.000000e+00
    outer loop
      vertex   9.820000e+01 7.730000e+01 3.030000e+01
      vertex   9.958582e+01 7.822597e+01 3.030000e+01
      vertex   9.952288e+01 7.809291e+01 3.030000e+01
    endloop
  endfacet
  facet normal 1.257400e-14 -7.536568e-15 -1.000000e+00
    outer loop
      vertex   9.952288e+01 7.809291e+01 3.030000e+01
      vertex   9.944720e+01 7.796664e+01 3.030000e+01
      vertex   9.820000e+01 7.730000e+01 3.030000e+01
    endloop
  endfacet
  facet normal 1.415824e-14 -1.050047e-14 -1.000000e+00
    outer loop
      vertex   9.820000e+01 7.730000e+01 3.030000e+01
      vertex   9.944720e+01 7.796664e+01 3.030000e+01
      vertex   9.935951e+01 7.784841e+01 3.030000e+01
    endloop
  endfacet
  facet normal 1.608859e-14 -1.458185e-14 -1.000000e+00
    outer loop
      vertex   9.820000e+01 7.730000e+01 3.030000e+01
      vertex   9.935951e+01 7.784841e+01 3.030000e+01
      vertex   9.926066e+01 7.773934e+01 3.030000e+01
    endloop
  endfacet
  facet normal 1.850618e-14 -2.041842e-14 -1.000000e+00
    outer loop
      vertex   9.926066e+01 7.773934e+01 3.030000e+01
      vertex   9.915159e+01 7.764048e+01 3.030000e+01
      vertex   9.820000e+01 7.730000e+01 3.030000e+01
    endloop
  endfacet
  facet normal 2.164090e-14 -2.917937e-14 -1.000000e+00
    outer loop
      vertex   9.820000e+01 7.730000e+01 3.030000e+01
      vertex   9.915159e+01 7.764048e+01 3.030000e+01
      vertex   9.903335e+01 7.755280e+01 3.030000e+01
    endloop
  endfacet
  facet normal 2.589496e-14 -4.320312e-14 -1.000000e+00
    outer loop
      vertex   9.820000e+01 7.730000e+01 3.030000e+01
      vertex   9.903335e+01 7.755280e+01 3.030000e+01
      vertex   9.890709e+01 7.747712e+01 3.030000e+01
    endloop
  endfacet
  facet normal 3.204393e-14 -6.775119e-14 -1.000000e+00
    outer loop
      vertex   9.890709e+01 7.747712e+01 3.030000e+01
      vertex   9.877402e+01 7.741418e+01 3.030000e+01
      vertex   9.820000e+01 7.730000e+01 3.030000e+01
    endloop
  endfacet
  facet normal 4.181115e-14 -1.168543e-13 -1.000000e+00
    outer loop
      vertex   9.820000e+01 7.730000e+01 3.030000e+01
      vertex   9.877402e+01 7.741418e+01 3.030000e+01
      vertex   9.863543e+01 7.736459e+01 3.030000e+01
    endloop
  endfacet
  facet normal 6.002176e-14 -2.396203e-13 -1.000000e+00
    outer loop
      vertex   9.820000e+01 7.730000e+01 3.030000e+01
      vertex   9.863543e+01 7.736459e+01 3.030000e+01
      vertex   9.849263e+01 7.732882e+01 3.030000e+01
    endloop
  endfacet
  facet normal 1.083885e-13 -7.306956e-13 -1.000000e+00
    outer loop
      vertex   9.849263e+01 7.732882e+01 3.030000e+01
      vertex   9.834702e+01 7.730722e+01 3.030000e+01
      vertex   9.820000e+01 7.730000e+01 3.030000e+01
    endloop
  endfacet
  facet normal 5.779293e-13 7.071068e-01 -7.071068e-01
    outer loop
      vertex   9.861672e+01 8.690715e+01 2.072249e+01
      vertex   9.865296e+01 8.702731e+01 2.084265e+01
      vertex   9.870000e+01 8.690000e+01 2.071534e+01
    endloop
  endfacet
  facet normal 4.672595e-13 7.071068e-01 -7.071068e-01
    outer loop
      vertex   9.870000e+01 8.690000e+01 2.071534e+01
      vertex   9.865296e+01 8.702731e+01 2.084265e+01
      vertex   9.970000e+01 8.690000e+01 2.071534e+01
    endloop
  endfacet
  facet normal 4.707401e-13 7.071068e-01 -7.071068e-01
    outer loop
      vertex   9.970000e+01 8.690000e+01 2.071534e+01
      vertex   9.865296e+01 8.702731e+01 2.084265e+01
      vertex   9.867903e+01 8.715008e+01 2.096542e+01
    endloop
  endfacet
  facet normal 4.638168e-13 7.071068e-01 -7.071068e-01
    outer loop
      vertex   9.970000e+01 8.690000e+01 2.071534e+01
      vertex   9.867903e+01 8.715008e+01 2.096542e+01
      vertex   9.970000e+01 8.740000e+01 2.121534e+01
    endloop
  endfacet
  facet normal 4.671337e-13 7.071068e-01 -7.071068e-01
    outer loop
      vertex   9.970000e+01 8.740000e+01 2.121534e+01
      vertex   9.867903e+01 8.715008e+01 2.096542e+01
      vertex   9.869475e+01 8.727460e+01 2.108994e+01
    endloop
  endfacet
  facet normal 4.697717e-13 7.071068e-01 -7.071068e-01
    outer loop
      vertex   9.970000e+01 8.740000e+01 2.121534e+01
      vertex   9.869475e+01 8.727460e+01 2.108994e+01
      vertex   9.870000e+01 8.740000e+01 2.121534e+01
    endloop
  endfacet
  facet normal 1.000000e+00 0.000000e+00 -0.000000e+00
    outer loop
      vertex   9.970000e+01 8.690000e+01 2.071534e+01
      vertex   9.970000e+01 8.740000e+01 2.121534e+01
      vertex   9.970000e+01 8.440000e+01 2.071534e+01
    endloop
  endfacet
  facet normal 1.000000e+00 0.000000e+00 0.000000e+00
    outer loop
      vertex   9.970000e+01 8.440000e+01 2.071534e+01
      vertex   9.970000e+01 8.740000e+01 2.121534e+01
      vertex   9.970000e+01 8.740000e+01 3.030000e+01
    endloop
  endfacet
  facet normal 1.000000e+00 0.000000e+00 -0.000000e+00
    outer loop
      vertex   9.970000e+01 8.440000e+01 2.071534e+01
      vertex   9.970000e+01 8.740000e+01 3.030000e+01
      vertex   9.970000e+01 8.090000e+01 3.030000e+01
    endloop
  endfacet
  facet normal 1.000000e+00 0.000000e+00 -0.000000e+00
    outer loop
      vertex   9.970000e+01 8.090000e+01 3.030000e+01
      vertex   9.970000e+01 8.740000e+01 3.030000e+01
      vertex   9.970000e+01 7.880000e+01 3.380000e+01
    endloop
  endfacet
  facet normal 1.000000e+00 0.000000e+00 0.000000e+00
    outer loop
      vertex   9.970000e+01 8.090000e+01 3.030000e+01
      vertex   9.970000e+01 7.880000e+01 3.380000e+01
      vertex   9.970000e+01 7.880000e+01 3.030000e+01
    endloop
  endfacet
  facet normal 1.000000e+00 0.000000e+00 -0.000000e+00
    outer loop
      vertex   9.970000e+01 9.230000e+01 3.030000e+01
      vertex   9.970000e+01 9.230000e+01 3.380000e+01
      vertex   9.970000e+01 8.740000e+01 3.030000e+01
    endloop
  endfacet
  facet normal 1.000000e+00 0.000000e+00 -0.000000e+00
    outer loop
      vertex   9.970000e+01 8.740000e+01 3.030000e+01
      vertex   9.970000e+01 9.230000e+01 3.380000e+01
      vertex   9.970000e+01 7.880000e+01 3.380000e+01
    endloop
  endfacet
  facet normal 1.000000e+00 0.000000e+00 0.000000e+00
    outer loop
      vertex   9.970000e+01 8.440000e+01 2.071534e+01
      vertex   9.970000e+01 8.090000e+01 3.030000e+01
      vertex   9.970000e+01 8.240000e+01 2.071500e+01
    endloop
  endfacet
  facet normal 1.000000e+00 0.000000e+00 0.000000e+00
    outer loop
      vertex   9.970000e+01 8.240000e+01 2.071500e+01
      vertex   9.970000e+01 8.090000e+01 3.030000e+01
      vertex   9.970000e+01 8.090000e+01 2.121500e+01
    endloop
  endfacet
  facet normal 1.000000e+00 0.000000e+00 0.000000e+00
    outer loop
      vertex   9.970000e+01 8.240000e+01 2.071500e+01
      vertex   9.970000e+01 8.090000e+01 2.121500e+01
      vertex   9.970000e+01 8.140000e+01 2.071500e+01
    endloop
  endfacet
  facet normal 1.000000e+00 0.000000e+00 0.000000e+00
    outer loop
      vertex   9.970000e+01 8.240000e+01 1.360000e+01
      vertex   9.970000e+01 8.440000e+01 1.360000e+01
      vertex   9.970000e+01 8.240000e+01 2.071500e+01
    endloop
  endfacet
  facet normal 1.000000e+00 -0.000000e+00 0.000000e+00
    outer loop
      vertex   9.970000e+01 8.240000e+01 2.071500e+01
      vertex   9.970000e+01 8.440000e+01 1.360000e+01
      vertex   9.970000e+01 8.440000e+01 2.071534e+01
    endloop
  endfacet
  facet normal 0.000000e+00 1.000000e+00 -0.000000e+00
    outer loop
      vertex   9.870000e+01 8.740000e+01 2.121534e+01
      vertex   9.870000e+01 8.740000e+01 3.030000e+01
      vertex   9.970000e+01 8.740000e+01 2.121534e+01
    endloop
  endfacet
  facet normal 0.000000e+00 1.000000e+00 -0.000000e+00
    outer loop
      vertex   9.970000e+01 8.740000e+01 2.121534e+01
      vertex   9.870000e+01 8.740000e+01 3.030000e+01
      vertex   9.970000e+01 8.740000e+01 3.030000e+01
    endloop
  endfacet
  facet normal -9.991087e-01 4.220943e-02 -3.743443e-04
    outer loop
      vertex   9.869475e+01 8.727460e+01 2.108994e+01
      vertex   9.869278e+01 8.725297e+01 2.391499e+01
      vertex   9.870000e+01 8.740000e+01 2.121534e+01
    endloop
  endfacet
  facet normal -9.987955e-01 4.906767e-02 -6.666756e-13
    outer loop
      vertex   9.870000e+01 8.740000e+01 2.121534e+01
      vertex   9.869278e+01 8.725297e+01 2.391499e+01
      vertex   9.869278e+01 8.725297e+01 2.710750e+01
    endloop
  endfacet
  facet normal -9.987955e-01 4.906767e-02 -5.890191e-13
    outer loop
      vertex   9.870000e+01 8.740000e+01 2.121534e+01
      vertex   9.869278e+01 8.725297e+01 2.710750e+01
      vertex   9.870000e+01 8.740000e+01 3.030000e+01
    endloop
  endfacet
  facet normal -9.987955e-01 4.906767e-02 -6.624478e-13
    outer loop
      vertex   9.870000e+01 8.740000e+01 3.030000e+01
      vertex   9.869278e+01 8.725297e+01 2.710750e+01
      vertex   9.869278e+01 8.725297e+01 3.030000e+01
    endloop
  endfacet
  facet normal -9.891765e-01 1.467305e-01 -6.560682e-13
    outer loop
      vertex   9.869278e+01 8.725297e+01 3.030000e+01
      vertex   9.869278e+01 8.725297e+01 2.710750e+01
      vertex   9.867118e+01 8.710736e+01 3.030000e+01
    endloop
  endfacet
  facet normal -9.891765e-01 1.467305e-01 -6.560682e-13
    outer loop
      vertex   9.867118e+01 8.710736e+01 3.030000e+01
      vertex   9.869278e+01 8.725297e+01 2.710750e+01
      vertex   9.867118e+01 8.710736e+01 2.710750e+01
    endloop
  endfacet
  facet normal -9.700313e-01 2.429802e-01 -6.433701e-13
    outer loop
      vertex   9.867118e+01 8.710736e+01 3.030000e+01
      vertex   9.867118e+01 8.710736e+01 2.710750e+01
      vertex   9.863541e+01 8.696457e+01 3.030000e+01
    endloop
  endfacet
  facet normal -9.700313e-01 2.429802e-01 -6.412070e-13
    outer loop
      vertex   9.863541e+01 8.696457e+01 3.030000e+01
      vertex   9.867118e+01 8.710736e+01 2.710750e+01
      vertex   9.863541e+01 8.696457e+01 2.710750e+01
    endloop
  endfacet
  facet normal -9.415441e-01 3.368899e-01 -6.214769e-13
    outer loop
      vertex   9.863541e+01 8.696457e+01 3.030000e+01
      vertex   9.863541e+01 8.696457e+01 2.710750e+01
      vertex   9.858582e+01 8.682598e+01 3.030000e+01
    endloop
  endfacet
  facet normal -9.415441e-01 3.368899e-01 -6.286672e-13
    outer loop
      vertex   9.858582e+01 8.682598e+01 3.030000e+01
      vertex   9.863541e+01 8.696457e+01 2.710750e+01
      vertex   9.858582e+01 8.682598e+01 2.710750e+01
    endloop
  endfacet
  facet normal -9.039893e-01 4.275551e-01 -6.035920e-13
    outer loop
      vertex   9.858582e+01 8.682598e+01 3.030000e+01
      vertex   9.858582e+01 8.682598e+01 2.710750e+01
      vertex   9.852288e+01 8.669291e+01 3.030000e+01
    endloop
  endfacet
  facet normal -9.039893e-01 4.275551e-01 -5.995680e-13
    outer loop
      vertex   9.852288e+01 8.669291e+01 3.030000e+01
      vertex   9.858582e+01 8.682598e+01 2.710750e+01
      vertex   9.852288e+01 8.669291e+01 2.710750e+01
    endloop
  endfacet
  facet normal -8.577286e-01 5.141027e-01 -5.688858e-13
    outer loop
      vertex   9.852288e+01 8.669291e+01 3.030000e+01
      vertex   9.852288e+01 8.669291e+01 2.710750e+01
      vertex   9.844720e+01 8.656665e+01 3.030000e+01
    endloop
  endfacet
  facet normal -8.577286e-01 5.141027e-01 -5.727038e-13
    outer loop
      vertex   9.844720e+01 8.656665e+01 3.030000e+01
      vertex   9.852288e+01 8.669291e+01 2.710750e+01
      vertex   9.844720e+01 8.656665e+01 2.710750e+01
    endloop
  endfacet
  facet normal -8.032075e-01 5.956993e-01 -5.363002e-13
    outer loop
      vertex   9.844720e+01 8.656665e+01 3.030000e+01
      vertex   9.844720e+01 8.656665e+01 2.710750e+01
      vertex   9.835951e+01 8.644841e+01 3.030000e+01
    endloop
  endfacet
  facet normal -8.032075e-01 5.956993e-01 -5.327248e-13
    outer loop
      vertex   9.835951e+01 8.644841e+01 3.030000e+01
      vertex   9.844720e+01 8.656665e+01 2.710750e+01
      vertex   9.835951e+01 8.644841e+01 2.710750e+01
    endloop
  endfacet
  facet normal -7.409511e-01 6.715590e-01 -4.914335e-13
    outer loop
      vertex   9.835951e+01 8.644841e+01 3.030000e+01
      vertex   9.835951e+01 8.644841e+01 2.710750e+01
      vertex   9.826066e+01 8.633934e+01 3.030000e+01
    endloop
  endfacet
  facet normal -7.409511e-01 6.715590e-01 -4.914335e-13
    outer loop
      vertex   9.826066e+01 8.633934e+01 3.030000e+01
      vertex   9.835951e+01 8.644841e+01 2.710750e+01
      vertex   9.826066e+01 8.633934e+01 2.710750e+01
    endloop
  endfacet
  facet normal -6.715590e-01 7.409511e-01 -4.454093e-13
    outer loop
      vertex   9.826066e+01 8.633934e+01 3.030000e+01
      vertex   9.826066e+01 8.633934e+01 2.710750e+01
      vertex   9.815159e+01 8.624048e+01 3.030000e+01
    endloop
  endfacet
  facet normal -6.715590e-01 7.409511e-01 -4.454093e-13
    outer loop
      vertex   9.815159e+01 8.624048e+01 3.030000e+01
      vertex   9.826066e+01 8.633934e+01 2.710750e+01
      vertex   9.815159e+01 8.624048e+01 2.710750e+01
    endloop
  endfacet
  facet normal -5.956993e-01 8.032075e-01 -3.950957e-13
    outer loop
      vertex   9.815159e+01 8.624048e+01 3.030000e+01
      vertex   9.815159e+01 8.624048e+01 2.710750e+01
      vertex   9.803335e+01 8.615280e+01 3.030000e+01
    endloop
  endfacet
  facet normal -5.956993e-01 8.032075e-01 -3.950957e-13
    outer loop
      vertex   9.803335e+01 8.615280e+01 3.030000e+01
      vertex   9.815159e+01 8.624048e+01 2.710750e+01
      vertex   9.803335e+01 8.615280e+01 2.710750e+01
    endloop
  endfacet
  facet normal -5.141027e-01 8.577286e-01 -3.409770e-13
    outer loop
      vertex   9.803335e+01 8.615280e+01 3.030000e+01
      vertex   9.803335e+01 8.615280e+01 2.710750e+01
      vertex   9.790709e+01 8.607712e+01 3.030000e+01
    endloop
  endfacet
  facet normal -5.141027e-01 8.577286e-01 -3.409770e-13
    outer loop
      vertex   9.790709e+01 8.607712e+01 3.030000e+01
      vertex   9.803335e+01 8.615280e+01 2.710750e+01
      vertex   9.790709e+01 8.607712e+01 2.710750e+01
    endloop
  endfacet
  facet normal -4.275551e-01 9.039893e-01 -2.835745e-13
    outer loop
      vertex   9.790709e+01 8.607712e+01 3.030000e+01
      vertex   9.790709e+01 8.607712e+01 2.710750e+01
      vertex   9.777402e+01 8.601418e+01 3.030000e+01
    endloop
  endfacet
  facet normal -4.275551e-01 9.039893e-01 -2.835745e-13
    outer loop
      vertex   9.777402e+01 8.601418e+01 3.030000e+01
      vertex   9.790709e+01 8.607712e+01 2.710750e+01
      vertex   9.777402e+01 8.601418e+01 2.710750e+01
    endloop
  endfacet
  facet normal -3.368899e-01 9.415441e-01 -2.234411e-13
    outer loop
      vertex   9.777402e+01 8.601418e+01 3.030000e+01
      vertex   9.777402e+01 8.601418e+01 2.710750e+01
      vertex   9.763543e+01 8.596459e+01 3.030000e+01
    endloop
  endfacet
  facet normal -3.368899e-01 9.415441e-01 -2.234411e-13
    outer loop
      vertex   9.763543e+01 8.596459e+01 3.030000e+01
      vertex   9.777402e+01 8.601418e+01 2.710750e+01
      vertex   9.763543e+01 8.596459e+01 2.710750e+01
    endloop
  endfacet
  facet normal -2.429802e-01 9.700313e-01 -1.611558e-13
    outer loop
      vertex   9.763543e+01 8.596459e+01 3.030000e+01
      vertex   9.763543e+01 8.596459e+01 2.710750e+01
      vertex   9.749263e+01 8.592882e+01 3.030000e+01
    endloop
  endfacet
  facet normal -2.429802e-01 9.700313e-01 -1.611558e-13
    outer loop
      vertex   9.749263e+01 8.592882e+01 3.030000e+01
      vertex   9.763543e+01 8.596459e+01 2.710750e+01
      vertex   9.749263e+01 8.592882e+01 2.710750e+01
    endloop
  endfacet
  facet normal -1.467305e-01 9.891765e-01 -9.731852e-14
    outer loop
      vertex   9.749263e+01 8.592882e+01 3.030000e+01
      vertex   9.749263e+01 8.592882e+01 2.710750e+01
      vertex   9.734702e+01 8.590722e+01 3.030000e+01
    endloop
  endfacet
  facet normal -1.467305e-01 9.891765e-01 -9.666537e-14
    outer loop
      vertex   9.734702e+01 8.590722e+01 3.030000e+01
      vertex   9.749263e+01 8.592882e+01 2.710750e+01
      vertex   9.734702e+01 8.590722e+01 2.710750e+01
    endloop
  endfacet
  facet normal -4.906767e-02 9.987955e-01 -3.232556e-14
    outer loop
      vertex   9.734702e+01 8.590722e+01 3.030000e+01
      vertex   9.734702e+01 8.590722e+01 2.710750e+01
      vertex   9.720000e+01 8.590000e+01 3.030000e+01
    endloop
  endfacet
  facet normal -4.906767e-02 9.987955e-01 -3.276219e-14
    outer loop
      vertex   9.720000e+01 8.590000e+01 3.030000e+01
      vertex   9.734702e+01 8.590722e+01 2.710750e+01
      vertex   9.734702e+01 8.590722e+01 2.391499e+01
    endloop
  endfacet
  facet normal -5.197936e-02 9.986482e-01 -6.721307e-05
    outer loop
      vertex   9.720000e+01 8.590000e+01 3.030000e+01
      vertex   9.734702e+01 8.590722e+01 2.391499e+01
      vertex   9.734240e+01 8.590678e+01 2.083194e+01
    endloop
  endfacet
  facet normal -1.421280e-01 9.898483e-01 6.926174e-05
    outer loop
      vertex   9.734240e+01 8.590678e+01 2.083194e+01
      vertex   9.734702e+01 8.590722e+01 2.391499e+01
      vertex   9.748352e+01 8.592704e+01 2.081982e+01
    endloop
  endfacet
  facet normal -1.467305e-01 9.891765e-01 -1.379985e-04
    outer loop
      vertex   9.748352e+01 8.592704e+01 2.081982e+01
      vertex   9.734702e+01 8.590722e+01 2.391499e+01
      vertex   9.749263e+01 8.592882e+01 2.391499e+01
    endloop
  endfacet
  facet normal -2.354520e-01 9.718860e-01 1.333220e-04
    outer loop
      vertex   9.748352e+01 8.592704e+01 2.081982e+01
      vertex   9.749263e+01 8.592882e+01 2.391499e+01
      vertex   9.762207e+01 8.596061e+01 2.080792e+01
    endloop
  endfacet
  facet normal -2.429802e-01 9.700312e-01 -1.992666e-04
    outer loop
      vertex   9.762207e+01 8.596061e+01 2.080792e+01
      vertex   9.749263e+01 8.592882e+01 2.391499e+01
      vertex   9.763543e+01 8.596459e+01 2.391499e+01
    endloop
  endfacet
  facet normal -3.266501e-01 9.451453e-01 1.922582e-04
    outer loop
      vertex   9.762207e+01 8.596061e+01 2.080792e+01
      vertex   9.763543e+01 8.596459e+01 2.391499e+01
      vertex   9.775681e+01 8.600718e+01 2.079635e+01
    endloop
  endfacet
  facet normal -3.368898e-01 9.415440e-01 -2.554852e-04
    outer loop
      vertex   9.775681e+01 8.600718e+01 2.079635e+01
      vertex   9.763543e+01 8.596459e+01 2.391499e+01
      vertex   9.777402e+01 8.601418e+01 2.391499e+01
    endloop
  endfacet
  facet normal -4.148985e-01 9.098677e-01 2.461531e-04
    outer loop
      vertex   9.775681e+01 8.600718e+01 2.079635e+01
      vertex   9.777402e+01 8.601418e+01 2.391499e+01
      vertex   9.788653e+01 8.606633e+01 2.078521e+01
    endloop
  endfacet
  facet normal -4.275551e-01 9.039893e-01 -3.067377e-04
    outer loop
      vertex   9.788653e+01 8.606633e+01 2.078521e+01
      vertex   9.777402e+01 8.601418e+01 2.391499e+01
      vertex   9.790709e+01 8.607712e+01 2.391499e+01
    endloop
  endfacet
  facet normal -4.994003e-01 8.663713e-01 2.950933e-04
    outer loop
      vertex   9.788653e+01 8.606633e+01 2.078521e+01
      vertex   9.790709e+01 8.607712e+01 2.391499e+01
      vertex   9.801004e+01 8.613753e+01 2.077460e+01
    endloop
  endfacet
  facet normal -5.141027e-01 8.577286e-01 -3.531089e-04
    outer loop
      vertex   9.801004e+01 8.613753e+01 2.077460e+01
      vertex   9.790709e+01 8.607712e+01 2.391499e+01
      vertex   9.803335e+01 8.615280e+01 2.391499e+01
    endloop
  endfacet
  facet normal -5.793920e-01 8.150489e-01 3.391662e-04
    outer loop
      vertex   9.801004e+01 8.613753e+01 2.077460e+01
      vertex   9.803335e+01 8.615280e+01 2.391499e+01
      vertex   9.812623e+01 8.622013e+01 2.076462e+01
    endloop
  endfacet
  facet normal -5.956993e-01 8.032075e-01 -3.946832e-04
    outer loop
      vertex   9.812623e+01 8.622013e+01 2.076462e+01
      vertex   9.803335e+01 8.615280e+01 2.391499e+01
      vertex   9.815159e+01 8.624048e+01 2.391499e+01
    endloop
  endfacet
  facet normal -6.541510e-01 7.563639e-01 3.784587e-04
    outer loop
      vertex   9.812623e+01 8.622013e+01 2.076462e+01
      vertex   9.815159e+01 8.624048e+01 2.391499e+01
      vertex   9.823406e+01 8.631339e+01 2.075536e+01
    endloop
  endfacet
  facet normal -6.715589e-01 7.409511e-01 -4.315428e-04
    outer loop
      vertex   9.823406e+01 8.631339e+01 2.075536e+01
      vertex   9.815159e+01 8.624048e+01 2.391499e+01
      vertex   9.826066e+01 8.633934e+01 2.391499e+01
    endloop
  endfacet
  facet normal -7.230017e-01 6.908461e-01 4.130548e-04
    outer loop
      vertex   9.823406e+01 8.631339e+01 2.075536e+01
      vertex   9.826066e+01 8.633934e+01 2.391499e+01
      vertex   9.833255e+01 8.641647e+01 2.074690e+01
    endloop
  endfacet
  facet normal -7.409510e-01 6.715589e-01 -4.637660e-04
    outer loop
      vertex   9.833255e+01 8.641647e+01 2.074690e+01
      vertex   9.826066e+01 8.633934e+01 2.391499e+01
      vertex   9.835951e+01 8.644841e+01 2.391499e+01
    endloop
  endfacet
  facet normal -7.853222e-01 6.190872e-01 4.430341e-04
    outer loop
      vertex   9.833255e+01 8.641647e+01 2.074690e+01
      vertex   9.835951e+01 8.644841e+01 2.391499e+01
      vertex   9.842080e+01 8.652843e+01 2.073932e+01
    endloop
  endfacet
  facet normal -8.032074e-01 5.956992e-01 -4.914257e-04
    outer loop
      vertex   9.842080e+01 8.652843e+01 2.073932e+01
      vertex   9.835951e+01 8.644841e+01 2.391499e+01
      vertex   9.844720e+01 8.656665e+01 2.391499e+01
    endloop
  endfacet
  facet normal -8.405491e-01 5.417352e-01 4.684699e-04
    outer loop
      vertex   9.842080e+01 8.652843e+01 2.073932e+01
      vertex   9.844720e+01 8.656665e+01 2.391499e+01
      vertex   9.849803e+01 8.664826e+01 2.073269e+01
    endloop
  endfacet
  facet normal -8.577285e-01 5.141027e-01 -5.145883e-04
    outer loop
      vertex   9.849803e+01 8.664826e+01 2.073269e+01
      vertex   9.844720e+01 8.656665e+01 2.391499e+01
      vertex   9.852288e+01 8.669291e+01 2.391499e+01
    endloop
  endfacet
  facet normal -8.881833e-01 4.594890e-01 4.894283e-04
    outer loop
      vertex   9.849803e+01 8.664826e+01 2.073269e+01
      vertex   9.852288e+01 8.669291e+01 2.391499e+01
      vertex   9.856353e+01 8.677488e+01 2.072706e+01
    endloop
  endfacet
  facet normal -9.039892e-01 4.275550e-01 -5.333122e-04
    outer loop
      vertex   9.856353e+01 8.677488e+01 2.072706e+01
      vertex   9.852288e+01 8.669291e+01 2.391499e+01
      vertex   9.858582e+01 8.682598e+01 2.391499e+01
    endloop
  endfacet
  facet normal -9.277945e-01 3.730914e-01 5.059666e-04
    outer loop
      vertex   9.856353e+01 8.677488e+01 2.072706e+01
      vertex   9.858582e+01 8.682598e+01 2.391499e+01
      vertex   9.861672e+01 8.690715e+01 2.072249e+01
    endloop
  endfacet
  facet normal -9.415439e-01 3.368898e-01 -5.476473e-04
    outer loop
      vertex   9.861672e+01 8.690715e+01 2.072249e+01
      vertex   9.858582e+01 8.682598e+01 2.391499e+01
      vertex   9.863541e+01 8.696457e+01 2.391499e+01
    endloop
  endfacet
  facet normal -9.575158e-01 2.883806e-01 4.183343e-04
    outer loop
      vertex   9.861672e+01 8.690715e+01 2.072249e+01
      vertex   9.863541e+01 8.696457e+01 2.391499e+01
      vertex   9.865296e+01 8.702731e+01 2.084265e+01
    endloop
  endfacet
  facet normal -9.700311e-01 2.429801e-01 -5.802955e-04
    outer loop
      vertex   9.865296e+01 8.702731e+01 2.084265e+01
      vertex   9.863541e+01 8.696457e+01 2.391499e+01
      vertex   9.867118e+01 8.710736e+01 2.391499e+01
    endloop
  endfacet
  facet normal -9.782697e-01 2.073362e-01 3.972634e-04
    outer loop
      vertex   9.865296e+01 8.702731e+01 2.084265e+01
      vertex   9.867118e+01 8.710736e+01 2.391499e+01
      vertex   9.867903e+01 8.715008e+01 2.096542e+01
    endloop
  endfacet
  facet normal -9.891764e-01 1.467305e-01 -5.095391e-04
    outer loop
      vertex   9.867903e+01 8.715008e+01 2.096542e+01
      vertex   9.867118e+01 8.710736e+01 2.391499e+01
      vertex   9.869278e+01 8.725297e+01 2.391499e+01
    endloop
  endfacet
  facet normal -9.921624e-01 1.249545e-01 2.639937e-04
    outer loop
      vertex   9.867903e+01 8.715008e+01 2.096542e+01
      vertex   9.869278e+01 8.725297e+01 2.391499e+01
      vertex   9.869475e+01 8.727460e+01 2.108994e+01
    endloop
  endfacet
  facet normal -4.752104e-02 9.988702e-01 -3.156667e-14
    outer loop
      vertex   9.734240e+01 8.590678e+01 2.083194e+01
      vertex   9.720000e+01 8.590000e+01 2.084417e+01
      vertex   9.720000e+01 8.590000e+01 3.030000e+01
    endloop
  endfacet
  facet normal -9.891765e-01 1.467305e-01 -6.598181e-13
    outer loop
      vertex   9.867118e+01 8.710736e+01 2.710750e+01
      vertex   9.869278e+01 8.725297e+01 2.710750e+01
      vertex   9.869278e+01 8.725297e+01 2.391499e+01
    endloop
  endfacet
  facet normal -9.700313e-01 2.429802e-01 -6.455246e-13
    outer loop
      vertex   9.863541e+01 8.696457e+01 2.710750e+01
      vertex   9.867118e+01 8.710736e+01 2.710750e+01
      vertex   9.867118e+01 8.710736e+01 2.391499e+01
    endloop
  endfacet
  facet normal -9.891765e-01 1.467305e-01 -6.591650e-13
    outer loop
      vertex   9.867118e+01 8.710736e+01 2.391499e+01
      vertex   9.867118e+01 8.710736e+01 2.710750e+01
      vertex   9.869278e+01 8.725297e+01 2.391499e+01
    endloop
  endfacet
  facet normal -9.415441e-01 3.368899e-01 -6.286666e-13
    outer loop
      vertex   9.858582e+01 8.682598e+01 2.710750e+01
      vertex   9.863541e+01 8.696457e+01 2.710750e+01
      vertex   9.863541e+01 8.696457e+01 2.391499e+01
    endloop
  endfacet
  facet normal -9.700313e-01 2.429802e-01 -6.476880e-13
    outer loop
      vertex   9.863541e+01 8.696457e+01 2.391499e+01
      vertex   9.863541e+01 8.696457e+01 2.710750e+01
      vertex   9.867118e+01 8.710736e+01 2.391499e+01
    endloop
  endfacet
  facet normal -9.039893e-01 4.275551e-01 -6.035909e-13
    outer loop
      vertex   9.852288e+01 8.669291e+01 2.710750e+01
      vertex   9.858582e+01 8.682598e+01 2.710750e+01
      vertex   9.858582e+01 8.682598e+01 2.391499e+01
    endloop
  endfacet
  facet normal -9.415441e-01 3.368899e-01 -6.286672e-13
    outer loop
      vertex   9.858582e+01 8.682598e+01 2.391499e+01
      vertex   9.858582e+01 8.682598e+01 2.710750e+01
      vertex   9.863541e+01 8.696457e+01 2.391499e+01
    endloop
  endfacet
  facet normal -8.577286e-01 5.141027e-01 -5.727025e-13
    outer loop
      vertex   9.844720e+01 8.656665e+01 2.710750e+01
      vertex   9.852288e+01 8.669291e+01 2.710750e+01
      vertex   9.852288e+01 8.669291e+01 2.391499e+01
    endloop
  endfacet
  facet normal -9.039893e-01 4.275551e-01 -6.035920e-13
    outer loop
      vertex   9.852288e+01 8.669291e+01 2.391499e+01
      vertex   9.852288e+01 8.669291e+01 2.710750e+01
      vertex   9.858582e+01 8.682598e+01 2.391499e+01
    endloop
  endfacet
  facet normal -8.032075e-01 5.956993e-01 -5.363003e-13
    outer loop
      vertex   9.835951e+01 8.644841e+01 2.710750e+01
      vertex   9.844720e+01 8.656665e+01 2.710750e+01
      vertex   9.844720e+01 8.656665e+01 2.391499e+01
    endloop
  endfacet
  facet normal -8.577286e-01 5.141027e-01 -5.727038e-13
    outer loop
      vertex   9.844720e+01 8.656665e+01 2.391499e+01
      vertex   9.844720e+01 8.656665e+01 2.710750e+01
      vertex   9.852288e+01 8.669291e+01 2.391499e+01
    endloop
  endfacet
  facet normal -7.409511e-01 6.715590e-01 -4.947320e-13
    outer loop
      vertex   9.826066e+01 8.633934e+01 2.710750e+01
      vertex   9.835951e+01 8.644841e+01 2.710750e+01
      vertex   9.835951e+01 8.644841e+01 2.391499e+01
    endloop
  endfacet
  facet normal -8.032075e-01 5.956993e-01 -5.363002e-13
    outer loop
      vertex   9.835951e+01 8.644841e+01 2.391499e+01
      vertex   9.835951e+01 8.644841e+01 2.710750e+01
      vertex   9.844720e+01 8.656665e+01 2.391499e+01
    endloop
  endfacet
  facet normal -6.715590e-01 7.409511e-01 -4.483992e-13
    outer loop
      vertex   9.815159e+01 8.624048e+01 2.710750e+01
      vertex   9.826066e+01 8.633934e+01 2.710750e+01
      vertex   9.826066e+01 8.633934e+01 2.391499e+01
    endloop
  endfacet
  facet normal -7.409511e-01 6.715590e-01 -4.947317e-13
    outer loop
      vertex   9.826066e+01 8.633934e+01 2.391499e+01
      vertex   9.826066e+01 8.633934e+01 2.710750e+01
      vertex   9.835951e+01 8.644841e+01 2.391499e+01
    endloop
  endfacet
  facet normal -5.956993e-01 8.032075e-01 -3.977470e-13
    outer loop
      vertex   9.803335e+01 8.615280e+01 2.710750e+01
      vertex   9.815159e+01 8.624048e+01 2.710750e+01
      vertex   9.815159e+01 8.624048e+01 2.391499e+01
    endloop
  endfacet
  facet normal -6.715590e-01 7.409511e-01 -4.483987e-13
    outer loop
      vertex   9.815159e+01 8.624048e+01 2.391499e+01
      vertex   9.815159e+01 8.624048e+01 2.710750e+01
      vertex   9.826066e+01 8.633934e+01 2.391499e+01
    endloop
  endfacet
  facet normal -5.141027e-01 8.577286e-01 -3.432658e-13
    outer loop
      vertex   9.790709e+01 8.607712e+01 2.710750e+01
      vertex   9.803335e+01 8.615280e+01 2.710750e+01
      vertex   9.803335e+01 8.615280e+01 2.391499e+01
    endloop
  endfacet
  facet normal -5.956993e-01 8.032075e-01 -3.977473e-13
    outer loop
      vertex   9.803335e+01 8.615280e+01 2.391499e+01
      vertex   9.803335e+01 8.615280e+01 2.710750e+01
      vertex   9.815159e+01 8.624048e+01 2.391499e+01
    endloop
  endfacet
  facet normal -4.275551e-01 9.039893e-01 -2.854786e-13
    outer loop
      vertex   9.777402e+01 8.601418e+01 2.710750e+01
      vertex   9.790709e+01 8.607712e+01 2.710750e+01
      vertex   9.790709e+01 8.607712e+01 2.391499e+01
    endloop
  endfacet
  facet normal -5.141027e-01 8.577286e-01 -3.432654e-13
    outer loop
      vertex   9.790709e+01 8.607712e+01 2.391499e+01
      vertex   9.790709e+01 8.607712e+01 2.710750e+01
      vertex   9.803335e+01 8.615280e+01 2.391499e+01
    endloop
  endfacet
  facet normal -3.368899e-01 9.415441e-01 -2.249400e-13
    outer loop
      vertex   9.763543e+01 8.596459e+01 2.710750e+01
      vertex   9.777402e+01 8.601418e+01 2.710750e+01
      vertex   9.777402e+01 8.601418e+01 2.391499e+01
    endloop
  endfacet
  facet normal -4.275551e-01 9.039893e-01 -2.854777e-13
    outer loop
      vertex   9.777402e+01 8.601418e+01 2.391499e+01
      vertex   9.777402e+01 8.601418e+01 2.710750e+01
      vertex   9.790709e+01 8.607712e+01 2.391499e+01
    endloop
  endfacet
  facet normal -2.429802e-01 9.700313e-01 -1.622379e-13
    outer loop
      vertex   9.749263e+01 8.592882e+01 2.710750e+01
      vertex   9.763543e+01 8.596459e+01 2.710750e+01
      vertex   9.763543e+01 8.596459e+01 2.391499e+01
    endloop
  endfacet
  facet normal -3.368899e-01 9.415441e-01 -2.249407e-13
    outer loop
      vertex   9.763543e+01 8.596459e+01 2.391499e+01
      vertex   9.763543e+01 8.596459e+01 2.710750e+01
      vertex   9.777402e+01 8.601418e+01 2.391499e+01
    endloop
  endfacet
  facet normal -1.467305e-01 9.891765e-01 -9.797158e-14
    outer loop
      vertex   9.734702e+01 8.590722e+01 2.710750e+01
      vertex   9.749263e+01 8.592882e+01 2.710750e+01
      vertex   9.749263e+01 8.592882e+01 2.391499e+01
    endloop
  endfacet
  facet normal -2.429802e-01 9.700313e-01 -1.622374e-13
    outer loop
      vertex   9.749263e+01 8.592882e+01 2.391499e+01
      vertex   9.749263e+01 8.592882e+01 2.710750e+01
      vertex   9.763543e+01 8.596459e+01 2.391499e+01
    endloop
  endfacet
  facet normal -1.467305e-01 9.891765e-01 -9.797166e-14
    outer loop
      vertex   9.734702e+01 8.590722e+01 2.391499e+01
      vertex   9.734702e+01 8.590722e+01 2.710750e+01
      vertex   9.749263e+01 8.592882e+01 2.391499e+01
    endloop
  endfacet
  facet normal 1.004859e-14 -7.071068e-01 -7.071068e-01
    outer loop
      vertex   9.870000e+01 8.090000e+01 2.121500e+01
      vertex   9.869459e+01 8.102729e+01 2.108771e+01
      vertex   9.970000e+01 8.090000e+01 2.121500e+01
    endloop
  endfacet
  facet normal 7.631693e-15 -7.071068e-01 -7.071068e-01
    outer loop
      vertex   9.970000e+01 8.090000e+01 2.121500e+01
      vertex   9.869459e+01 8.102729e+01 2.108771e+01
      vertex   9.867840e+01 8.115365e+01 2.096135e+01
    endloop
  endfacet
  facet normal 1.237198e-14 -7.071068e-01 -7.071068e-01
    outer loop
      vertex   9.970000e+01 8.090000e+01 2.121500e+01
      vertex   9.867840e+01 8.115365e+01 2.096135e+01
      vertex   9.970000e+01 8.140000e+01 2.071500e+01
    endloop
  endfacet
  facet normal 2.482277e-15 -7.071068e-01 -7.071068e-01
    outer loop
      vertex   9.970000e+01 8.140000e+01 2.071500e+01
      vertex   9.867840e+01 8.115365e+01 2.096135e+01
      vertex   9.865154e+01 8.127819e+01 2.083681e+01
    endloop
  endfacet
  facet normal -5.447528e-11 -7.071068e-01 -7.071068e-01
    outer loop
      vertex   9.970000e+01 8.140000e+01 2.071500e+01
      vertex   9.865154e+01 8.127819e+01 2.083681e+01
      vertex   9.861421e+01 8.140000e+01 2.071500e+01
    endloop
  endfacet
  facet normal 1.421085e-14 -1.000000e+00 -1.564211e-15
    outer loop
      vertex   9.970000e+01 8.090000e+01 2.121500e+01
      vertex   9.970000e+01 8.090000e+01 3.030000e+01
      vertex   9.870000e+01 8.090000e+01 2.121500e+01
    endloop
  endfacet
  facet normal 0.000000e+00 -1.000000e+00 0.000000e+00
    outer loop
      vertex   9.870000e+01 8.090000e+01 2.121500e+01
      vertex   9.970000e+01 8.090000e+01 3.030000e+01
      vertex   9.870000e+01 8.090000e+01 3.030000e+01
    endloop
  endfacet
  facet normal -9.562345e-01 -2.926010e-01 4.303998e-04
    outer loop
      vertex   9.865154e+01 8.127819e+01 2.083681e+01
      vertex   9.863541e+01 8.133543e+01 2.391000e+01
      vertex   9.861421e+01 8.140000e+01 2.071500e+01
    endloop
  endfacet
  facet normal -9.415439e-01 -3.368898e-01 -5.621685e-04
    outer loop
      vertex   9.861421e+01 8.140000e+01 2.071500e+01
      vertex   9.863541e+01 8.133543e+01 2.391000e+01
      vertex   9.858582e+01 8.147403e+01 2.391000e+01
    endloop
  endfacet
  facet normal -9.259768e-01 -3.775800e-01 5.189315e-04
    outer loop
      vertex   9.861421e+01 8.140000e+01 2.071500e+01
      vertex   9.858582e+01 8.147403e+01 2.391000e+01
      vertex   9.856060e+01 8.153147e+01 2.071500e+01
    endloop
  endfacet
  facet normal -9.039892e-01 -4.275550e-01 -5.531395e-04
    outer loop
      vertex   9.856060e+01 8.153147e+01 2.071500e+01
      vertex   9.858582e+01 8.147403e+01 2.391000e+01
      vertex   9.852288e+01 8.160710e+01 2.391000e+01
    endloop
  endfacet
  facet normal -8.861294e-01 -4.634376e-01 5.070505e-04
    outer loop
      vertex   9.856060e+01 8.153147e+01 2.071500e+01
      vertex   9.852288e+01 8.160710e+01 2.391000e+01
      vertex   9.849480e+01 8.165728e+01 2.071500e+01
    endloop
  endfacet
  facet normal -8.577285e-01 -5.141027e-01 -5.384067e-04
    outer loop
      vertex   9.849480e+01 8.165728e+01 2.071500e+01
      vertex   9.852288e+01 8.160710e+01 2.391000e+01
      vertex   9.844720e+01 8.173336e+01 2.391000e+01
    endloop
  endfacet
  facet normal -8.383429e-01 -5.451431e-01 4.894659e-04
    outer loop
      vertex   9.849480e+01 8.165728e+01 2.071500e+01
      vertex   9.844720e+01 8.173336e+01 2.391000e+01
      vertex   9.841740e+01 8.177631e+01 2.071500e+01
    endloop
  endfacet
  facet normal -8.032074e-01 -5.956992e-01 -5.179704e-04
    outer loop
      vertex   9.841740e+01 8.177631e+01 2.071500e+01
      vertex   9.844720e+01 8.173336e+01 2.391000e+01
      vertex   9.835951e+01 8.185159e+01 2.391000e+01
    endloop
  endfacet
  facet normal -7.830453e-01 -6.219645e-01 4.661779e-04
    outer loop
      vertex   9.841740e+01 8.177631e+01 2.071500e+01
      vertex   9.835951e+01 8.185159e+01 2.391000e+01
      vertex   9.832910e+01 8.188749e+01 2.071500e+01
    endloop
  endfacet
  facet normal -7.409510e-01 -6.715589e-01 -4.918307e-04
    outer loop
      vertex   9.832910e+01 8.188749e+01 2.071500e+01
      vertex   9.835951e+01 8.185159e+01 2.391000e+01
      vertex   9.826066e+01 8.196066e+01 2.391000e+01
    endloop
  endfacet
  facet normal -7.207322e-01 -6.932135e-01 4.371867e-04
    outer loop
      vertex   9.832910e+01 8.188749e+01 2.071500e+01
      vertex   9.826066e+01 8.196066e+01 2.391000e+01
      vertex   9.823067e+01 8.198982e+01 2.071500e+01
    endloop
  endfacet
  facet normal -6.715589e-01 -7.409510e-01 -4.599881e-04
    outer loop
      vertex   9.823067e+01 8.198982e+01 2.071500e+01
      vertex   9.826066e+01 8.196066e+01 2.391000e+01
      vertex   9.815159e+01 8.205952e+01 2.391000e+01
    endloop
  endfacet
  facet normal -6.519618e-01 -7.582517e-01 4.024927e-04
    outer loop
      vertex   9.823067e+01 8.198982e+01 2.071500e+01
      vertex   9.815159e+01 8.205952e+01 2.391000e+01
      vertex   9.812302e+01 8.208239e+01 2.071500e+01
    endloop
  endfacet
  facet normal -5.956993e-01 -8.032075e-01 -4.224428e-04
    outer loop
      vertex   9.812302e+01 8.208239e+01 2.071500e+01
      vertex   9.815159e+01 8.205952e+01 2.391000e+01
      vertex   9.803335e+01 8.214720e+01 2.391000e+01
    endloop
  endfacet
  facet normal -5.773502e-01 -8.164965e-01 3.620963e-04
    outer loop
      vertex   9.812302e+01 8.208239e+01 2.071500e+01
      vertex   9.803335e+01 8.214720e+01 2.391000e+01
      vertex   9.800709e+01 8.216436e+01 2.071500e+01
    endloop
  endfacet
  facet normal -5.141027e-01 -8.577285e-01 -3.791954e-04
    outer loop
      vertex   9.800709e+01 8.216436e+01 2.071500e+01
      vertex   9.803335e+01 8.214720e+01 2.391000e+01
      vertex   9.790709e+01 8.222288e+01 2.391000e+01
    endloop
  endfacet
  facet normal -4.975660e-01 -8.674261e-01 3.159980e-04
    outer loop
      vertex   9.800709e+01 8.216436e+01 2.071500e+01
      vertex   9.790709e+01 8.222288e+01 2.391000e+01
      vertex   9.788393e+01 8.223500e+01 2.071500e+01
    endloop
  endfacet
  facet normal -4.275551e-01 -9.039892e-01 -3.302464e-04
    outer loop
      vertex   9.788393e+01 8.223500e+01 2.071500e+01
      vertex   9.790709e+01 8.222288e+01 2.391000e+01
      vertex   9.777402e+01 8.228582e+01 2.391000e+01
    endloop
  endfacet
  facet normal -4.133239e-01 -9.105840e-01 2.641983e-04
    outer loop
      vertex   9.788393e+01 8.223500e+01 2.071500e+01
      vertex   9.777402e+01 8.228582e+01 2.391000e+01
      vertex   9.775465e+01 8.229369e+01 2.071500e+01
    endloop
  endfacet
  facet normal -3.368898e-01 -9.415440e-01 -2.755963e-04
    outer loop
      vertex   9.775465e+01 8.229369e+01 2.071500e+01
      vertex   9.777402e+01 8.228582e+01 2.391000e+01
      vertex   9.763543e+01 8.233541e+01 2.391000e+01
    endloop
  endfacet
  facet normal -3.253787e-01 -9.455838e-01 2.066980e-04
    outer loop
      vertex   9.775465e+01 8.229369e+01 2.071500e+01
      vertex   9.763543e+01 8.233541e+01 2.391000e+01
      vertex   9.762039e+01 8.233989e+01 2.071500e+01
    endloop
  endfacet
  facet normal -2.429802e-01 -9.700312e-01 -2.152459e-04
    outer loop
      vertex   9.762039e+01 8.233989e+01 2.071500e+01
      vertex   9.763543e+01 8.233541e+01 2.391000e+01
      vertex   9.749263e+01 8.237118e+01 2.391000e+01
    endloop
  endfacet
  facet normal -2.345182e-01 -9.721117e-01 1.434976e-04
    outer loop
      vertex   9.762039e+01 8.233989e+01 2.071500e+01
      vertex   9.749263e+01 8.237118e+01 2.391000e+01
      vertex   9.748237e+01 8.237318e+01 2.071500e+01
    endloop
  endfacet
  facet normal -1.467305e-01 -9.891765e-01 -1.491958e-04
    outer loop
      vertex   9.748237e+01 8.237318e+01 2.071500e+01
      vertex   9.749263e+01 8.237118e+01 2.391000e+01
      vertex   9.734702e+01 8.239278e+01 2.391000e+01
    endloop
  endfacet
  facet normal -1.415567e-01 -9.899301e-01 7.459801e-05
    outer loop
      vertex   9.748237e+01 8.237318e+01 2.071500e+01
      vertex   9.734702e+01 8.239278e+01 2.391000e+01
      vertex   9.734182e+01 8.239328e+01 2.071500e+01
    endloop
  endfacet
  facet normal -4.732691e-02 -9.988795e-01 -8.029550e-05
    outer loop
      vertex   9.734182e+01 8.239328e+01 2.071500e+01
      vertex   9.734702e+01 8.239278e+01 2.391000e+01
      vertex   9.720000e+01 8.240000e+01 2.071500e+01
    endloop
  endfacet
  facet normal -4.906767e-02 -9.987955e-01 2.104975e-12
    outer loop
      vertex   9.720000e+01 8.240000e+01 2.071500e+01
      vertex   9.734702e+01 8.239278e+01 2.391000e+01
      vertex   9.734702e+01 8.239278e+01 2.710500e+01
    endloop
  endfacet
  facet normal -4.906767e-02 -9.987955e-01 2.104830e-12
    outer loop
      vertex   9.720000e+01 8.240000e+01 2.071500e+01
      vertex   9.734702e+01 8.239278e+01 2.710500e+01
      vertex   9.720000e+01 8.240000e+01 3.030000e+01
    endloop
  endfacet
  facet normal -4.906767e-02 -9.987955e-01 2.104975e-12
    outer loop
      vertex   9.720000e+01 8.240000e+01 3.030000e+01
      vertex   9.734702e+01 8.239278e+01 2.710500e+01
      vertex   9.734702e+01 8.239278e+01 3.030000e+01
    endloop
  endfacet
  facet normal -1.467305e-01 -9.891765e-01 6.294654e-12
    outer loop
      vertex   9.734702e+01 8.239278e+01 3.030000e+01
      vertex   9.734702e+01 8.239278e+01 2.710500e+01
      vertex   9.749263e+01 8.237118e+01 3.030000e+01
    endloop
  endfacet
  facet normal -1.467305e-01 -9.891765e-01 6.294654e-12
    outer loop
      vertex   9.749263e+01 8.237118e+01 3.030000e+01
      vertex   9.734702e+01 8.239278e+01 2.710500e+01
      vertex   9.749263e+01 8.237118e+01 2.710500e+01
    endloop
  endfacet
  facet normal -2.429802e-01 -9.700313e-01 1.042371e-11
    outer loop
      vertex   9.749263e+01 8.237118e+01 3.030000e+01
      vertex   9.749263e+01 8.237118e+01 2.710500e+01
      vertex   9.763543e+01 8.233541e+01 3.030000e+01
    endloop
  endfacet
  facet normal -2.429802e-01 -9.700313e-01 1.042048e-11
    outer loop
      vertex   9.763543e+01 8.233541e+01 3.030000e+01
      vertex   9.749263e+01 8.237118e+01 2.710500e+01
      vertex   9.763543e+01 8.233541e+01 2.710500e+01
    endloop
  endfacet
  facet normal -3.368899e-01 -9.415441e-01 1.444969e-11
    outer loop
      vertex   9.763543e+01 8.233541e+01 3.030000e+01
      vertex   9.763543e+01 8.233541e+01 2.710500e+01
      vertex   9.777402e+01 8.228582e+01 3.030000e+01
    endloop
  endfacet
  facet normal -3.368899e-01 -9.415441e-01 1.445238e-11
    outer loop
      vertex   9.777402e+01 8.228582e+01 3.030000e+01
      vertex   9.763543e+01 8.233541e+01 2.710500e+01
      vertex   9.777402e+01 8.228582e+01 2.710500e+01
    endloop
  endfacet
  facet normal -4.275551e-01 -9.039893e-01 1.834187e-11
    outer loop
      vertex   9.777402e+01 8.228582e+01 3.030000e+01
      vertex   9.777402e+01 8.228582e+01 2.710500e+01
      vertex   9.790709e+01 8.222288e+01 3.030000e+01
    endloop
  endfacet
  facet normal -4.275551e-01 -9.039893e-01 1.834377e-11
    outer loop
      vertex   9.790709e+01 8.222288e+01 3.030000e+01
      vertex   9.777402e+01 8.228582e+01 2.710500e+01
      vertex   9.790709e+01 8.222288e+01 2.710500e+01
    endloop
  endfacet
  facet normal -5.141027e-01 -8.577286e-01 2.205700e-11
    outer loop
      vertex   9.790709e+01 8.222288e+01 3.030000e+01
      vertex   9.790709e+01 8.222288e+01 2.710500e+01
      vertex   9.803335e+01 8.214720e+01 3.030000e+01
    endloop
  endfacet
  facet normal -5.141027e-01 -8.577286e-01 2.205472e-11
    outer loop
      vertex   9.803335e+01 8.214720e+01 3.030000e+01
      vertex   9.790709e+01 8.222288e+01 2.710500e+01
      vertex   9.803335e+01 8.214720e+01 2.710500e+01
    endloop
  endfacet
  facet normal -5.956993e-01 -8.032075e-01 2.555516e-11
    outer loop
      vertex   9.803335e+01 8.214720e+01 3.030000e+01
      vertex   9.803335e+01 8.214720e+01 2.710500e+01
      vertex   9.815159e+01 8.205952e+01 3.030000e+01
    endloop
  endfacet
  facet normal -5.956993e-01 -8.032075e-01 2.555251e-11
    outer loop
      vertex   9.815159e+01 8.205952e+01 3.030000e+01
      vertex   9.803335e+01 8.214720e+01 2.710500e+01
      vertex   9.815159e+01 8.205952e+01 2.710500e+01
    endloop
  endfacet
  facet normal -6.715590e-01 -7.409511e-01 2.880651e-11
    outer loop
      vertex   9.815159e+01 8.205952e+01 3.030000e+01
      vertex   9.815159e+01 8.205952e+01 2.710500e+01
      vertex   9.826066e+01 8.196066e+01 3.030000e+01
    endloop
  endfacet
  facet normal -6.715590e-01 -7.409511e-01 2.880651e-11
    outer loop
      vertex   9.826066e+01 8.196066e+01 3.030000e+01
      vertex   9.815159e+01 8.205952e+01 2.710500e+01
      vertex   9.826066e+01 8.196066e+01 2.710500e+01
    endloop
  endfacet
  facet normal -7.409511e-01 -6.715590e-01 3.178309e-11
    outer loop
      vertex   9.826066e+01 8.196066e+01 3.030000e+01
      vertex   9.826066e+01 8.196066e+01 2.710500e+01
      vertex   9.835951e+01 8.185159e+01 3.030000e+01
    endloop
  endfacet
  facet normal -7.409511e-01 -6.715590e-01 3.178309e-11
    outer loop
      vertex   9.835951e+01 8.185159e+01 3.030000e+01
      vertex   9.826066e+01 8.196066e+01 2.710500e+01
      vertex   9.835951e+01 8.185159e+01 2.710500e+01
    endloop
  endfacet
  facet normal -8.032075e-01 -5.956993e-01 3.445357e-11
    outer loop
      vertex   9.835951e+01 8.185159e+01 3.030000e+01
      vertex   9.835951e+01 8.185159e+01 2.710500e+01
      vertex   9.844720e+01 8.173336e+01 3.030000e+01
    endloop
  endfacet
  facet normal -8.032075e-01 -5.956993e-01 3.445357e-11
    outer loop
      vertex   9.844720e+01 8.173336e+01 3.030000e+01
      vertex   9.835951e+01 8.185159e+01 2.710500e+01
      vertex   9.844720e+01 8.173336e+01 2.710500e+01
    endloop
  endfacet
  facet normal -8.577286e-01 -5.141027e-01 3.679226e-11
    outer loop
      vertex   9.844720e+01 8.173336e+01 3.030000e+01
      vertex   9.844720e+01 8.173336e+01 2.710500e+01
      vertex   9.852288e+01 8.160710e+01 3.030000e+01
    endloop
  endfacet
  facet normal -8.577286e-01 -5.141027e-01 3.678844e-11
    outer loop
      vertex   9.852288e+01 8.160710e+01 3.030000e+01
      vertex   9.844720e+01 8.173336e+01 2.710500e+01
      vertex   9.852288e+01 8.160710e+01 2.710500e+01
    endloop
  endfacet
  facet normal -9.039893e-01 -4.275551e-01 3.877259e-11
    outer loop
      vertex   9.852288e+01 8.160710e+01 3.030000e+01
      vertex   9.852288e+01 8.160710e+01 2.710500e+01
      vertex   9.858582e+01 8.147403e+01 3.030000e+01
    endloop
  endfacet
  facet normal -9.039893e-01 -4.275551e-01 3.877851e-11
    outer loop
      vertex   9.858582e+01 8.147403e+01 3.030000e+01
      vertex   9.852288e+01 8.160710e+01 2.710500e+01
      vertex   9.858582e+01 8.147403e+01 2.710500e+01
    endloop
  endfacet
  facet normal -9.415441e-01 -3.368899e-01 4.038902e-11
    outer loop
      vertex   9.858582e+01 8.147403e+01 3.030000e+01
      vertex   9.858582e+01 8.147403e+01 2.710500e+01
      vertex   9.863541e+01 8.133543e+01 3.030000e+01
    endloop
  endfacet
  facet normal -9.415441e-01 -3.368899e-01 4.038752e-11
    outer loop
      vertex   9.863541e+01 8.133543e+01 3.030000e+01
      vertex   9.858582e+01 8.147403e+01 2.710500e+01
      vertex   9.863541e+01 8.133543e+01 2.710500e+01
    endloop
  endfacet
  facet normal -9.700313e-01 -2.429802e-01 4.160948e-11
    outer loop
      vertex   9.863541e+01 8.133543e+01 3.030000e+01
      vertex   9.863541e+01 8.133543e+01 2.710500e+01
      vertex   9.867118e+01 8.119264e+01 3.030000e+01
    endloop
  endfacet
  facet normal -9.700313e-01 -2.429802e-01 4.160948e-11
    outer loop
      vertex   9.867118e+01 8.119264e+01 3.030000e+01
      vertex   9.863541e+01 8.133543e+01 2.710500e+01
      vertex   9.867118e+01 8.119264e+01 2.710500e+01
    endloop
  endfacet
  facet normal -9.891765e-01 -1.467305e-01 4.243071e-11
    outer loop
      vertex   9.867118e+01 8.119264e+01 3.030000e+01
      vertex   9.867118e+01 8.119264e+01 2.710500e+01
      vertex   9.869278e+01 8.104703e+01 3.030000e+01
    endloop
  endfacet
  facet normal -9.891765e-01 -1.467305e-01 4.243136e-11
    outer loop
      vertex   9.869278e+01 8.104703e+01 3.030000e+01
      vertex   9.867118e+01 8.119264e+01 2.710500e+01
      vertex   9.869278e+01 8.104703e+01 2.710500e+01
    endloop
  endfacet
  facet normal -9.987955e-01 -4.906767e-02 4.284353e-11
    outer loop
      vertex   9.869278e+01 8.104703e+01 3.030000e+01
      vertex   9.869278e+01 8.104703e+01 2.710500e+01
      vertex   9.870000e+01 8.090000e+01 3.030000e+01
    endloop
  endfacet
  facet normal -9.987955e-01 -4.906767e-02 4.284776e-11
    outer loop
      vertex   9.870000e+01 8.090000e+01 3.030000e+01
      vertex   9.869278e+01 8.104703e+01 2.710500e+01
      vertex   9.869278e+01 8.104703e+01 2.391000e+01
    endloop
  endfacet
  facet normal -9.982593e-01 -5.897759e-02 -2.286205e-04
    outer loop
      vertex   9.870000e+01 8.090000e+01 3.030000e+01
      vertex   9.869278e+01 8.104703e+01 2.391000e+01
      vertex   9.869459e+01 8.102729e+01 2.108771e+01
    endloop
  endfacet
  facet normal -9.919221e-01 -1.268480e-01 2.501609e-04
    outer loop
      vertex   9.869459e+01 8.102729e+01 2.108771e+01
      vertex   9.869278e+01 8.104703e+01 2.391000e+01
      vertex   9.867840e+01 8.115365e+01 2.096135e+01
    endloop
  endfacet
  facet normal -9.891764e-01 -1.467305e-01 -4.822035e-04
    outer loop
      vertex   9.867840e+01 8.115365e+01 2.096135e+01
      vertex   9.869278e+01 8.104703e+01 2.391000e+01
      vertex   9.867118e+01 8.119264e+01 2.391000e+01
    endloop
  endfacet
  facet normal -9.776081e-01 -2.104336e-01 3.883062e-04
    outer loop
      vertex   9.867840e+01 8.115365e+01 2.096135e+01
      vertex   9.867118e+01 8.119264e+01 2.391000e+01
      vertex   9.865154e+01 8.127819e+01 2.083681e+01
    endloop
  endfacet
  facet normal -9.700311e-01 -2.429801e-01 -5.661770e-04
    outer loop
      vertex   9.865154e+01 8.127819e+01 2.083681e+01
      vertex   9.867118e+01 8.119264e+01 2.391000e+01
      vertex   9.863541e+01 8.133543e+01 2.391000e+01
    endloop
  endfacet
  facet normal -9.990979e-01 -4.246684e-02 8.420809e-22
    outer loop
      vertex   9.869459e+01 8.102729e+01 2.108771e+01
      vertex   9.870000e+01 8.090000e+01 2.121500e+01
      vertex   9.870000e+01 8.090000e+01 3.030000e+01
    endloop
  endfacet
  facet normal -9.415441e-01 -3.368899e-01 4.038752e-11
    outer loop
      vertex   9.858582e+01 8.147403e+01 2.710500e+01
      vertex   9.858582e+01 8.147403e+01 2.391000e+01
      vertex   9.863541e+01 8.133543e+01 2.710500e+01
    endloop
  endfacet
  facet normal -9.415441e-01 -3.368899e-01 4.039171e-11
    outer loop
      vertex   9.863541e+01 8.133543e+01 2.710500e+01
      vertex   9.858582e+01 8.147403e+01 2.391000e+01
      vertex   9.863541e+01 8.133543e+01 2.391000e+01
    endloop
  endfacet
  facet normal -9.700313e-01 -2.429802e-01 4.161379e-11
    outer loop
      vertex   9.863541e+01 8.133543e+01 2.710500e+01
      vertex   9.863541e+01 8.133543e+01 2.391000e+01
      vertex   9.867118e+01 8.119264e+01 2.710500e+01
    endloop
  endfacet
  facet normal -9.700313e-01 -2.429802e-01 4.160948e-11
    outer loop
      vertex   9.867118e+01 8.119264e+01 2.710500e+01
      vertex   9.863541e+01 8.133543e+01 2.391000e+01
      vertex   9.867118e+01 8.119264e+01 2.391000e+01
    endloop
  endfacet
  facet normal -9.891765e-01 -1.467305e-01 4.243071e-11
    outer loop
      vertex   9.867118e+01 8.119264e+01 2.710500e+01
      vertex   9.867118e+01 8.119264e+01 2.391000e+01
      vertex   9.869278e+01 8.104703e+01 2.710500e+01
    endloop
  endfacet
  facet normal -9.891765e-01 -1.467305e-01 4.243511e-11
    outer loop
      vertex   9.869278e+01 8.104703e+01 2.710500e+01
      vertex   9.867118e+01 8.119264e+01 2.391000e+01
      vertex   9.869278e+01 8.104703e+01 2.391000e+01
    endloop
  endfacet
  facet normal -9.039893e-01 -4.275551e-01 3.877661e-11
    outer loop
      vertex   9.858582e+01 8.147403e+01 2.391000e+01
      vertex   9.858582e+01 8.147403e+01 2.710500e+01
      vertex   9.852288e+01 8.160710e+01 2.391000e+01
    endloop
  endfacet
  facet normal -9.039893e-01 -4.275551e-01 3.878063e-11
    outer loop
      vertex   9.852288e+01 8.160710e+01 2.391000e+01
      vertex   9.858582e+01 8.147403e+01 2.710500e+01
      vertex   9.852288e+01 8.160710e+01 2.710500e+01
    endloop
  endfacet
  facet normal -8.577286e-01 -5.141027e-01 3.679607e-11
    outer loop
      vertex   9.852288e+01 8.160710e+01 2.391000e+01
      vertex   9.852288e+01 8.160710e+01 2.710500e+01
      vertex   9.844720e+01 8.173336e+01 2.391000e+01
    endloop
  endfacet
  facet normal -8.577286e-01 -5.141027e-01 3.679607e-11
    outer loop
      vertex   9.844720e+01 8.173336e+01 2.391000e+01
      vertex   9.852288e+01 8.160710e+01 2.710500e+01
      vertex   9.844720e+01 8.173336e+01 2.710500e+01
    endloop
  endfacet
  facet normal -8.032075e-01 -5.956993e-01 3.445715e-11
    outer loop
      vertex   9.844720e+01 8.173336e+01 2.391000e+01
      vertex   9.844720e+01 8.173336e+01 2.710500e+01
      vertex   9.835951e+01 8.185159e+01 2.391000e+01
    endloop
  endfacet
  facet normal -8.032075e-01 -5.956993e-01 3.445715e-11
    outer loop
      vertex   9.835951e+01 8.185159e+01 2.391000e+01
      vertex   9.844720e+01 8.173336e+01 2.710500e+01
      vertex   9.835951e+01 8.185159e+01 2.710500e+01
    endloop
  endfacet
  facet normal -7.409511e-01 -6.715590e-01 3.178638e-11
    outer loop
      vertex   9.835951e+01 8.185159e+01 2.391000e+01
      vertex   9.835951e+01 8.185159e+01 2.710500e+01
      vertex   9.826066e+01 8.196066e+01 2.391000e+01
    endloop
  endfacet
  facet normal -7.409511e-01 -6.715590e-01 3.178309e-11
    outer loop
      vertex   9.826066e+01 8.196066e+01 2.391000e+01
      vertex   9.835951e+01 8.185159e+01 2.710500e+01
      vertex   9.826066e+01 8.196066e+01 2.710500e+01
    endloop
  endfacet
  facet normal -6.715590e-01 -7.409511e-01 2.880651e-11
    outer loop
      vertex   9.826066e+01 8.196066e+01 2.391000e+01
      vertex   9.826066e+01 8.196066e+01 2.710500e+01
      vertex   9.815159e+01 8.205952e+01 2.391000e+01
    endloop
  endfacet
  facet normal -6.715590e-01 -7.409511e-01 2.880950e-11
    outer loop
      vertex   9.815159e+01 8.205952e+01 2.391000e+01
      vertex   9.826066e+01 8.196066e+01 2.710500e+01
      vertex   9.815159e+01 8.205952e+01 2.710500e+01
    endloop
  endfacet
  facet normal -5.956993e-01 -8.032075e-01 2.555516e-11
    outer loop
      vertex   9.815159e+01 8.205952e+01 2.391000e+01
      vertex   9.815159e+01 8.205952e+01 2.710500e+01
      vertex   9.803335e+01 8.214720e+01 2.391000e+01
    endloop
  endfacet
  facet normal -5.956993e-01 -8.032075e-01 2.555516e-11
    outer loop
      vertex   9.803335e+01 8.214720e+01 2.391000e+01
      vertex   9.815159e+01 8.205952e+01 2.710500e+01
      vertex   9.803335e+01 8.214720e+01 2.710500e+01
    endloop
  endfacet
  facet normal -5.141027e-01 -8.577286e-01 2.205472e-11
    outer loop
      vertex   9.803335e+01 8.214720e+01 2.391000e+01
      vertex   9.803335e+01 8.214720e+01 2.710500e+01
      vertex   9.790709e+01 8.222288e+01 2.391000e+01
    endloop
  endfacet
  facet normal -5.141027e-01 -8.577286e-01 2.205243e-11
    outer loop
      vertex   9.790709e+01 8.222288e+01 2.391000e+01
      vertex   9.803335e+01 8.214720e+01 2.710500e+01
      vertex   9.790709e+01 8.222288e+01 2.710500e+01
    endloop
  endfacet
  facet normal -4.275551e-01 -9.039893e-01 1.833997e-11
    outer loop
      vertex   9.790709e+01 8.222288e+01 2.391000e+01
      vertex   9.790709e+01 8.222288e+01 2.710500e+01
      vertex   9.777402e+01 8.228582e+01 2.391000e+01
    endloop
  endfacet
  facet normal -4.275551e-01 -9.039893e-01 1.834187e-11
    outer loop
      vertex   9.777402e+01 8.228582e+01 2.391000e+01
      vertex   9.790709e+01 8.222288e+01 2.710500e+01
      vertex   9.777402e+01 8.228582e+01 2.710500e+01
    endloop
  endfacet
  facet normal -3.368899e-01 -9.415441e-01 1.445238e-11
    outer loop
      vertex   9.777402e+01 8.228582e+01 2.391000e+01
      vertex   9.777402e+01 8.228582e+01 2.710500e+01
      vertex   9.763543e+01 8.233541e+01 2.391000e+01
    endloop
  endfacet
  facet normal -3.368899e-01 -9.415441e-01 1.444939e-11
    outer loop
      vertex   9.763543e+01 8.233541e+01 2.391000e+01
      vertex   9.777402e+01 8.228582e+01 2.710500e+01
      vertex   9.763543e+01 8.233541e+01 2.710500e+01
    endloop
  endfacet
  facet normal -2.429802e-01 -9.700313e-01 1.042155e-11
    outer loop
      vertex   9.763543e+01 8.233541e+01 2.391000e+01
      vertex   9.763543e+01 8.233541e+01 2.710500e+01
      vertex   9.749263e+01 8.237118e+01 2.391000e+01
    endloop
  endfacet
  facet normal -2.429802e-01 -9.700313e-01 1.042371e-11
    outer loop
      vertex   9.749263e+01 8.237118e+01 2.391000e+01
      vertex   9.763543e+01 8.233541e+01 2.710500e+01
      vertex   9.749263e+01 8.237118e+01 2.710500e+01
    endloop
  endfacet
  facet normal -1.467305e-01 -9.891765e-01 6.294654e-12
    outer loop
      vertex   9.749263e+01 8.237118e+01 2.391000e+01
      vertex   9.749263e+01 8.237118e+01 2.710500e+01
      vertex   9.734702e+01 8.239278e+01 2.391000e+01
    endloop
  endfacet
  facet normal -1.467305e-01 -9.891765e-01 6.294654e-12
    outer loop
      vertex   9.734702e+01 8.239278e+01 2.391000e+01
      vertex   9.749263e+01 8.237118e+01 2.710500e+01
      vertex   9.734702e+01 8.239278e+01 2.710500e+01
    endloop
  endfacet
  facet normal 6.608047e-13 0.000000e+00 -1.000000e+00
    outer loop
      vertex   9.870000e+01 8.690000e+01 2.071534e+01
      vertex   9.970000e+01 8.690000e+01 2.071534e+01
      vertex   9.870000e+01 8.440000e+01 2.071534e+01
    endloop
  endfacet
  facet normal 6.643575e-13 -1.421085e-15 -1.000000e+00
    outer loop
      vertex   9.870000e+01 8.440000e+01 2.071534e+01
      vertex   9.970000e+01 8.690000e+01 2.071534e+01
      vertex   9.970000e+01 8.440000e+01 2.071534e+01
    endloop
  endfacet
  facet normal -7.703968e-11 -3.564175e-10 -1.000000e+00
    outer loop
      vertex   9.861421e+01 8.140000e+01 2.071500e+01
      vertex   9.856060e+01 8.153147e+01 2.071500e+01
      vertex   9.970000e+01 8.140000e+01 2.071500e+01
    endloop
  endfacet
  facet normal -3.947908e-11 -3.089759e-11 -1.000000e+00
    outer loop
      vertex   9.970000e+01 8.140000e+01 2.071500e+01
      vertex   9.856060e+01 8.153147e+01 2.071500e+01
      vertex   9.849480e+01 8.165728e+01 2.071500e+01
    endloop
  endfacet
  facet normal -4.004079e-11 -3.352877e-11 -1.000000e+00
    outer loop
      vertex   9.970000e+01 8.140000e+01 2.071500e+01
      vertex   9.849480e+01 8.165728e+01 2.071500e+01
      vertex   9.841740e+01 8.177631e+01 2.071500e+01
    endloop
  endfacet
  facet normal -3.020346e-11 0.000000e+00 -1.000000e+00
    outer loop
      vertex   9.970000e+01 8.140000e+01 2.071500e+01
      vertex   9.841740e+01 8.177631e+01 2.071500e+01
      vertex   9.970000e+01 8.240000e+01 2.071500e+01
    endloop
  endfacet
  facet normal -2.024116e-11 -2.048718e-11 -1.000000e+00
    outer loop
      vertex   9.970000e+01 8.240000e+01 2.071500e+01
      vertex   9.841740e+01 8.177631e+01 2.071500e+01
      vertex   9.832910e+01 8.188749e+01 2.071500e+01
    endloop
  endfacet
  facet normal -2.029220e-11 -2.035065e-11 -1.000000e+00
    outer loop
      vertex   9.970000e+01 8.240000e+01 2.071500e+01
      vertex   9.832910e+01 8.188749e+01 2.071500e+01
      vertex   9.823067e+01 8.198982e+01 2.071500e+01
    endloop
  endfacet
  facet normal -2.035146e-11 -2.013838e-11 -1.000000e+00
    outer loop
      vertex   9.823067e+01 8.198982e+01 2.071500e+01
      vertex   9.812302e+01 8.208239e+01 2.071500e+01
      vertex   9.970000e+01 8.240000e+01 2.071500e+01
    endloop
  endfacet
  facet normal -2.038936e-11 -1.995016e-11 -1.000000e+00
    outer loop
      vertex   9.970000e+01 8.240000e+01 2.071500e+01
      vertex   9.812302e+01 8.208239e+01 2.071500e+01
      vertex   9.800709e+01 8.216436e+01 2.071500e+01
    endloop
  endfacet
  facet normal -2.042817e-11 -1.967135e-11 -1.000000e+00
    outer loop
      vertex   9.970000e+01 8.240000e+01 2.071500e+01
      vertex   9.800709e+01 8.216436e+01 2.071500e+01
      vertex   9.788393e+01 8.223500e+01 2.071500e+01
    endloop
  endfacet
  facet normal -2.046273e-11 -1.929103e-11 -1.000000e+00
    outer loop
      vertex   9.788393e+01 8.223500e+01 2.071500e+01
      vertex   9.775465e+01 8.229369e+01 2.071500e+01
      vertex   9.970000e+01 8.240000e+01 2.071500e+01
    endloop
  endfacet
  facet normal -2.049746e-11 -1.865547e-11 -1.000000e+00
    outer loop
      vertex   9.970000e+01 8.240000e+01 2.071500e+01
      vertex   9.775465e+01 8.229369e+01 2.071500e+01
      vertex   9.762039e+01 8.233989e+01 2.071500e+01
    endloop
  endfacet
  facet normal -2.052646e-11 -1.765230e-11 -1.000000e+00
    outer loop
      vertex   9.970000e+01 8.240000e+01 2.071500e+01
      vertex   9.762039e+01 8.233989e+01 2.071500e+01
      vertex   9.748237e+01 8.237318e+01 2.071500e+01
    endloop
  endfacet
  facet normal -2.055366e-11 -1.540266e-11 -1.000000e+00
    outer loop
      vertex   9.748237e+01 8.237318e+01 2.071500e+01
      vertex   9.734182e+01 8.239328e+01 2.071500e+01
      vertex   9.970000e+01 8.240000e+01 2.071500e+01
    endloop
  endfacet
  facet normal -4.108989e-23 -7.228609e-09 -1.000000e+00
    outer loop
      vertex   9.970000e+01 8.240000e+01 2.071500e+01
      vertex   9.734182e+01 8.239328e+01 2.071500e+01
      vertex   9.720000e+01 8.240000e+01 2.071500e+01
    endloop
  endfacet
  facet normal 9.994170e-01 0.000000e+00 -3.414111e-02
    outer loop
      vertex   9.970000e+01 8.440000e+01 1.360000e+01
      vertex   9.970000e+01 8.240000e+01 1.360000e+01
      vertex   9.969301e+01 8.440000e+01 1.339527e+01
    endloop
  endfacet
  facet normal 9.994170e-01 0.000000e+00 -3.414111e-02
    outer loop
      vertex   9.969301e+01 8.440000e+01 1.339527e+01
      vertex   9.970000e+01 8.240000e+01 1.360000e+01
      vertex   9.969301e+01 8.240000e+01 1.339527e+01
    endloop
  endfacet
  facet normal 9.947573e-01 0.000000e+00 -1.022641e-01
    outer loop
      vertex   9.969301e+01 8.440000e+01 1.339527e+01
      vertex   9.969301e+01 8.240000e+01 1.339527e+01
      vertex   9.967206e+01 8.440000e+01 1.319150e+01
    endloop
  endfacet
  facet normal 9.947573e-01 0.000000e+00 -1.022641e-01
    outer loop
      vertex   9.967206e+01 8.440000e+01 1.319150e+01
      vertex   9.969301e+01 8.240000e+01 1.339527e+01
      vertex   9.967206e+01 8.240000e+01 1.319150e+01
    endloop
  endfacet
  facet normal 9.854595e-01 0.000000e+00 -1.699104e-01
    outer loop
      vertex   9.967206e+01 8.440000e+01 1.319150e+01
      vertex   9.967206e+01 8.240000e+01 1.319150e+01
      vertex   9.963725e+01 8.440000e+01 1.298963e+01
    endloop
  endfacet
  facet normal 9.854595e-01 0.000000e+00 -1.699104e-01
    outer loop
      vertex   9.963725e+01 8.440000e+01 1.298963e+01
      vertex   9.967206e+01 8.240000e+01 1.319150e+01
      vertex   9.963725e+01 8.240000e+01 1.298963e+01
    endloop
  endfacet
  facet normal 9.715671e-01 0.000000e+00 -2.367644e-01
    outer loop
      vertex   9.963725e+01 8.440000e+01 1.298963e+01
      vertex   9.963725e+01 8.240000e+01 1.298963e+01
      vertex   9.958875e+01 8.440000e+01 1.279061e+01
    endloop
  endfacet
  facet normal 9.715671e-01 0.000000e+00 -2.367644e-01
    outer loop
      vertex   9.958875e+01 8.440000e+01 1.279061e+01
      vertex   9.963725e+01 8.240000e+01 1.298963e+01
      vertex   9.958875e+01 8.240000e+01 1.279061e+01
    endloop
  endfacet
  facet normal 9.531448e-01 0.000000e+00 -3.025146e-01
    outer loop
      vertex   9.958875e+01 8.440000e+01 1.279061e+01
      vertex   9.958875e+01 8.240000e+01 1.279061e+01
      vertex   9.952678e+01 8.440000e+01 1.259536e+01
    endloop
  endfacet
  facet normal 9.531448e-01 0.000000e+00 -3.025146e-01
    outer loop
      vertex   9.952678e+01 8.440000e+01 1.259536e+01
      vertex   9.958875e+01 8.240000e+01 1.279061e+01
      vertex   9.952678e+01 8.240000e+01 1.259536e+01
    endloop
  endfacet
  facet normal 9.302784e-01 0.000000e+00 -3.668542e-01
    outer loop
      vertex   9.952678e+01 8.440000e+01 1.259536e+01
      vertex   9.952678e+01 8.240000e+01 1.259536e+01
      vertex   9.945163e+01 8.440000e+01 1.240480e+01
    endloop
  endfacet
  facet normal 9.302784e-01 -6.516640e-16 -3.668542e-01
    outer loop
      vertex   9.945163e+01 8.440000e+01 1.240480e+01
      vertex   9.952678e+01 8.240000e+01 1.259536e+01
      vertex   9.945163e+01 8.240000e+01 1.240480e+01
    endloop
  endfacet
  facet normal 9.030747e-01 -7.629159e-16 -4.294834e-01
    outer loop
      vertex   9.945163e+01 8.440000e+01 1.240480e+01
      vertex   9.945163e+01 8.240000e+01 1.240480e+01
      vertex   9.936365e+01 8.440000e+01 1.221981e+01
    endloop
  endfacet
  facet normal 9.030747e-01 0.000000e+00 -4.294834e-01
    outer loop
      vertex   9.936365e+01 8.440000e+01 1.221981e+01
      vertex   9.945163e+01 8.240000e+01 1.240480e+01
      vertex   9.936365e+01 8.240000e+01 1.221981e+01
    endloop
  endfacet
  facet normal 8.716605e-01 0.000000e+00 -4.901102e-01
    outer loop
      vertex   9.936365e+01 8.440000e+01 1.221981e+01
      vertex   9.936365e+01 8.240000e+01 1.221981e+01
      vertex   9.926326e+01 8.440000e+01 1.204125e+01
    endloop
  endfacet
  facet normal 8.716605e-01 0.000000e+00 -4.901102e-01
    outer loop
      vertex   9.926326e+01 8.440000e+01 1.204125e+01
      vertex   9.936365e+01 8.240000e+01 1.221981e+01
      vertex   9.926326e+01 8.240000e+01 1.204125e+01
    endloop
  endfacet
  facet normal 8.361821e-01 0.000000e+00 -5.484519e-01
    outer loop
      vertex   9.926326e+01 8.440000e+01 1.204125e+01
      vertex   9.926326e+01 8.240000e+01 1.204125e+01
      vertex   9.915091e+01 8.440000e+01 1.186996e+01
    endloop
  endfacet
  facet normal 8.361821e-01 0.000000e+00 -5.484519e-01
    outer loop
      vertex   9.915091e+01 8.440000e+01 1.186996e+01
      vertex   9.926326e+01 8.240000e+01 1.204125e+01
      vertex   9.915091e+01 8.240000e+01 1.186996e+01
    endloop
  endfacet
  facet normal 7.968051e-01 0.000000e+00 -6.042364e-01
    outer loop
      vertex   9.915091e+01 8.440000e+01 1.186996e+01
      vertex   9.915091e+01 8.240000e+01 1.186996e+01
      vertex   9.902713e+01 8.440000e+01 1.170674e+01
    endloop
  endfacet
  facet normal 7.968051e-01 0.000000e+00 -6.042364e-01
    outer loop
      vertex   9.902713e+01 8.440000e+01 1.170674e+01
      vertex   9.915091e+01 8.240000e+01 1.186996e+01
      vertex   9.902713e+01 8.240000e+01 1.170674e+01
    endloop
  endfacet
  facet normal 7.537130e-01 0.000000e+00 -6.572037e-01
    outer loop
      vertex   9.902713e+01 8.440000e+01 1.170674e+01
      vertex   9.902713e+01 8.240000e+01 1.170674e+01
      vertex   9.889251e+01 8.440000e+01 1.155234e+01
    endloop
  endfacet
  facet normal 7.537130e-01 -1.167428e-15 -6.572037e-01
    outer loop
      vertex   9.889251e+01 8.440000e+01 1.155234e+01
      vertex   9.902713e+01 8.240000e+01 1.170674e+01
      vertex   9.889251e+01 8.240000e+01 1.155234e+01
    endloop
  endfacet
  facet normal 7.071068e-01 -1.256074e-15 -7.071068e-01
    outer loop
      vertex   9.889251e+01 8.440000e+01 1.155234e+01
      vertex   9.889251e+01 8.240000e+01 1.155234e+01
      vertex   9.874766e+01 8.440000e+01 1.140749e+01
    endloop
  endfacet
  facet normal 7.071068e-01 0.000000e+00 -7.071068e-01
    outer loop
      vertex   9.874766e+01 8.440000e+01 1.140749e+01
      vertex   9.889251e+01 8.240000e+01 1.155234e+01
      vertex   9.874766e+01 8.240000e+01 1.140749e+01
    endloop
  endfacet
  facet normal 6.572037e-01 0.000000e+00 -7.537130e-01
    outer loop
      vertex   9.874766e+01 8.440000e+01 1.140749e+01
      vertex   9.874766e+01 8.240000e+01 1.140749e+01
      vertex   9.859326e+01 8.440000e+01 1.127287e+01
    endloop
  endfacet
  facet normal 6.572037e-01 -6.694316e-16 -7.537130e-01
    outer loop
      vertex   9.859326e+01 8.440000e+01 1.127287e+01
      vertex   9.874766e+01 8.240000e+01 1.140749e+01
      vertex   9.859326e+01 8.240000e+01 1.127287e+01
    endloop
  endfacet
  facet normal 6.042364e-01 -7.077051e-16 -7.968051e-01
    outer loop
      vertex   9.859326e+01 8.440000e+01 1.127287e+01
      vertex   9.859326e+01 8.240000e+01 1.127287e+01
      vertex   9.843004e+01 8.440000e+01 1.114909e+01
    endloop
  endfacet
  facet normal 6.042364e-01 0.000000e+00 -7.968051e-01
    outer loop
      vertex   9.843004e+01 8.440000e+01 1.114909e+01
      vertex   9.859326e+01 8.240000e+01 1.127287e+01
      vertex   9.843004e+01 8.240000e+01 1.114909e+01
    endloop
  endfacet
  facet normal 5.484519e-01 0.000000e+00 -8.361821e-01
    outer loop
      vertex   9.843004e+01 8.440000e+01 1.114909e+01
      vertex   9.843004e+01 8.240000e+01 1.114909e+01
      vertex   9.825875e+01 8.440000e+01 1.103674e+01
    endloop
  endfacet
  facet normal 5.484519e-01 3.154306e-15 -8.361821e-01
    outer loop
      vertex   9.825875e+01 8.440000e+01 1.103674e+01
      vertex   9.843004e+01 8.240000e+01 1.114909e+01
      vertex   9.825875e+01 8.240000e+01 1.103674e+01
    endloop
  endfacet
  facet normal 4.901102e-01 2.708253e-15 -8.716605e-01
    outer loop
      vertex   9.825875e+01 8.440000e+01 1.103674e+01
      vertex   9.825875e+01 8.240000e+01 1.103674e+01
      vertex   9.808019e+01 8.440000e+01 1.093634e+01
    endloop
  endfacet
  facet normal 4.901102e-01 6.190695e-15 -8.716605e-01
    outer loop
      vertex   9.808019e+01 8.440000e+01 1.093634e+01
      vertex   9.825875e+01 8.240000e+01 1.103674e+01
      vertex   9.808019e+01 8.240000e+01 1.093634e+01
    endloop
  endfacet
  facet normal 4.294834e-01 5.301235e-15 -9.030747e-01
    outer loop
      vertex   9.808019e+01 8.440000e+01 1.093634e+01
      vertex   9.808019e+01 8.240000e+01 1.093634e+01
      vertex   9.789520e+01 8.440000e+01 1.084837e+01
    endloop
  endfacet
  facet normal 4.294834e-01 0.000000e+00 -9.030747e-01
    outer loop
      vertex   9.789520e+01 8.440000e+01 1.084837e+01
      vertex   9.808019e+01 8.240000e+01 1.093634e+01
      vertex   9.789520e+01 8.240000e+01 1.084837e+01
    endloop
  endfacet
  facet normal 3.668542e-01 0.000000e+00 -9.302784e-01
    outer loop
      vertex   9.789520e+01 8.440000e+01 1.084837e+01
      vertex   9.789520e+01 8.240000e+01 1.084837e+01
      vertex   9.770464e+01 8.440000e+01 1.077322e+01
    endloop
  endfacet
  facet normal 3.668542e-01 -8.262532e-16 -9.302784e-01
    outer loop
      vertex   9.770464e+01 8.440000e+01 1.077322e+01
      vertex   9.789520e+01 8.240000e+01 1.084837e+01
      vertex   9.770464e+01 8.240000e+01 1.077322e+01
    endloop
  endfacet
  facet normal 3.025146e-01 -8.465626e-16 -9.531448e-01
    outer loop
      vertex   9.770464e+01 8.440000e+01 1.077322e+01
      vertex   9.770464e+01 8.240000e+01 1.077322e+01
      vertex   9.750939e+01 8.440000e+01 1.071125e+01
    endloop
  endfacet
  facet normal 3.025146e-01 -8.465626e-16 -9.531448e-01
    outer loop
      vertex   9.750939e+01 8.440000e+01 1.071125e+01
      vertex   9.770464e+01 8.240000e+01 1.077322e+01
      vertex   9.750939e+01 8.240000e+01 1.071125e+01
    endloop
  endfacet
  facet normal 2.367644e-01 -8.629249e-16 -9.715671e-01
    outer loop
      vertex   9.750939e+01 8.440000e+01 1.071125e+01
      vertex   9.750939e+01 8.240000e+01 1.071125e+01
      vertex   9.731037e+01 8.440000e+01 1.066275e+01
    endloop
  endfacet
  facet normal 2.367644e-01 -1.725850e-15 -9.715671e-01
    outer loop
      vertex   9.731037e+01 8.440000e+01 1.066275e+01
      vertex   9.750939e+01 8.240000e+01 1.071125e+01
      vertex   9.731037e+01 8.240000e+01 1.066275e+01
    endloop
  endfacet
  facet normal 1.699104e-01 -1.750528e-15 -9.854595e-01
    outer loop
      vertex   9.731037e+01 8.440000e+01 1.066275e+01
      vertex   9.731037e+01 8.240000e+01 1.066275e+01
      vertex   9.710850e+01 8.440000e+01 1.062794e+01
    endloop
  endfacet
  facet normal 1.699104e-01 -8.752639e-16 -9.854595e-01
    outer loop
      vertex   9.710850e+01 8.440000e+01 1.062794e+01
      vertex   9.731037e+01 8.240000e+01 1.066275e+01
      vertex   9.710850e+01 8.240000e+01 1.062794e+01
    endloop
  endfacet
  facet normal 1.022641e-01 -8.835219e-16 -9.947573e-01
    outer loop
      vertex   9.710850e+01 8.440000e+01 1.062794e+01
      vertex   9.710850e+01 8.240000e+01 1.062794e+01
      vertex   9.690473e+01 8.440000e+01 1.060699e+01
    endloop
  endfacet
  facet normal 1.022641e-01 8.835219e-16 -9.947573e-01
    outer loop
      vertex   9.690473e+01 8.440000e+01 1.060699e+01
      vertex   9.710850e+01 8.240000e+01 1.062794e+01
      vertex   9.690473e+01 8.240000e+01 1.060699e+01
    endloop
  endfacet
  facet normal 3.414111e-02 8.876606e-16 -9.994170e-01
    outer loop
      vertex   9.690473e+01 8.440000e+01 1.060699e+01
      vertex   9.690473e+01 8.240000e+01 1.060699e+01
      vertex   9.670000e+01 8.440000e+01 1.060000e+01
    endloop
  endfacet
  facet normal 3.414111e-02 0.000000e+00 -9.994170e-01
    outer loop
      vertex   9.670000e+01 8.440000e+01 1.060000e+01
      vertex   9.690473e+01 8.240000e+01 1.060699e+01
      vertex   9.670000e+01 8.240000e+01 1.060000e+01
    endloop
  endfacet
  facet normal -6.546709e-01 3.173682e-18 7.559141e-01
    outer loop
      vertex   8.996689e+01 8.440000e+01 2.381289e+01
      vertex   9.006747e+01 8.240000e+01 2.390000e+01
      vertex   9.006747e+01 8.440000e+01 2.390000e+01
    endloop
  endfacet
  facet normal -7.313108e-01 0.000000e+00 6.820444e-01
    outer loop
      vertex   9.006747e+01 8.440000e+01 2.390000e+01
      vertex   9.006747e+01 8.240000e+01 2.390000e+01
      vertex   9.015822e+01 8.240000e+01 2.399731e+01
    endloop
  endfacet
  facet normal -7.313108e-01 -6.056607e-15 6.820444e-01
    outer loop
      vertex   9.006747e+01 8.440000e+01 2.390000e+01
      vertex   9.015822e+01 8.240000e+01 2.399731e+01
      vertex   9.015822e+01 8.440000e+01 2.399731e+01
    endloop
  endfacet
  facet normal -7.996646e-01 -5.333040e-15 6.004469e-01
    outer loop
      vertex   9.015822e+01 8.440000e+01 2.399731e+01
      vertex   9.015822e+01 8.240000e+01 2.399731e+01
      vertex   9.023811e+01 8.240000e+01 2.410370e+01
    endloop
  endfacet
  facet normal -7.996646e-01 -8.879739e-15 6.004469e-01
    outer loop
      vertex   9.015822e+01 8.440000e+01 2.399731e+01
      vertex   9.023811e+01 8.240000e+01 2.410370e+01
      vertex   9.023811e+01 8.440000e+01 2.410370e+01
    endloop
  endfacet
  facet normal -8.589580e-01 -8.831993e-15 5.120461e-01
    outer loop
      vertex   9.023811e+01 8.440000e+01 2.410370e+01
      vertex   9.023811e+01 8.240000e+01 2.410370e+01
      vertex   9.030624e+01 8.240000e+01 2.421799e+01
    endloop
  endfacet
  facet normal -8.589580e-01 -8.831784e-15 5.120461e-01
    outer loop
      vertex   9.023811e+01 8.440000e+01 2.410370e+01
      vertex   9.030624e+01 8.240000e+01 2.421799e+01
      vertex   9.030624e+01 8.440000e+01 2.421799e+01
    endloop
  endfacet
  facet normal -9.085190e-01 -8.682134e-15 4.178436e-01
    outer loop
      vertex   9.030624e+01 8.440000e+01 2.421799e+01
      vertex   9.030624e+01 8.240000e+01 2.421799e+01
      vertex   9.036184e+01 8.240000e+01 2.433888e+01
    endloop
  endfacet
  facet normal -9.085190e-01 -9.425606e-15 4.178436e-01
    outer loop
      vertex   9.030624e+01 8.440000e+01 2.421799e+01
      vertex   9.036184e+01 8.240000e+01 2.433888e+01
      vertex   9.036184e+01 8.440000e+01 2.433888e+01
    endloop
  endfacet
  facet normal -9.477861e-01 -9.000394e-15 3.189068e-01
    outer loop
      vertex   9.036184e+01 8.440000e+01 2.433888e+01
      vertex   9.036184e+01 8.240000e+01 2.433888e+01
      vertex   9.040427e+01 8.240000e+01 2.446499e+01
    endloop
  endfacet
  facet normal -9.477861e-01 -9.001507e-15 3.189068e-01
    outer loop
      vertex   9.036184e+01 8.440000e+01 2.433888e+01
      vertex   9.040427e+01 8.240000e+01 2.446499e+01
      vertex   9.040427e+01 8.440000e+01 2.446499e+01
    endloop
  endfacet
  facet normal -9.763144e-01 -8.474438e-15 2.163567e-01
    outer loop
      vertex   9.040427e+01 8.440000e+01 2.446499e+01
      vertex   9.040427e+01 8.240000e+01 2.446499e+01
      vertex   9.043306e+01 8.240000e+01 2.459489e+01
    endloop
  endfacet
  facet normal -9.763144e-01 -8.858194e-15 2.163567e-01
    outer loop
      vertex   9.040427e+01 8.440000e+01 2.446499e+01
      vertex   9.043306e+01 8.240000e+01 2.459489e+01
      vertex   9.043306e+01 8.440000e+01 2.459489e+01
    endloop
  endfacet
  facet normal -9.937807e-01 -8.050269e-15 1.113551e-01
    outer loop
      vertex   9.043306e+01 8.440000e+01 2.459489e+01
      vertex   9.043306e+01 8.240000e+01 2.459489e+01
      vertex   9.044787e+01 8.240000e+01 2.472712e+01
    endloop
  endfacet
  facet normal -9.937807e-01 -7.851719e-15 1.113551e-01
    outer loop
      vertex   9.043306e+01 8.440000e+01 2.459489e+01
      vertex   9.044787e+01 8.240000e+01 2.472712e+01
      vertex   9.044787e+01 8.440000e+01 2.472712e+01
    endloop
  endfacet
  facet normal -9.999870e-01 -7.141515e-15 5.091854e-03
    outer loop
      vertex   9.044787e+01 8.440000e+01 2.472712e+01
      vertex   9.044787e+01 8.240000e+01 2.472712e+01
      vertex   9.044855e+01 8.240000e+01 2.486017e+01
    endloop
  endfacet
  facet normal -9.999870e-01 -7.159600e-15 5.091854e-03
    outer loop
      vertex   9.044787e+01 8.440000e+01 2.472712e+01
      vertex   9.044855e+01 8.240000e+01 2.486017e+01
      vertex   9.044855e+01 8.440000e+01 2.486017e+01
    endloop
  endfacet
  facet normal -9.948631e-01 -5.990014e-15 -1.012291e-01
    outer loop
      vertex   9.044855e+01 8.440000e+01 2.486017e+01
      vertex   9.044855e+01 8.240000e+01 2.486017e+01
      vertex   9.043508e+01 8.240000e+01 2.499254e+01
    endloop
  endfacet
  facet normal -9.948631e-01 -6.169967e-15 -1.012291e-01
    outer loop
      vertex   9.044855e+01 8.440000e+01 2.486017e+01
      vertex   9.043508e+01 8.240000e+01 2.499254e+01
      vertex   9.043508e+01 8.440000e+01 2.499254e+01
    endloop
  endfacet
  facet normal -9.784670e-01 -5.119199e-15 -2.064031e-01
    outer loop
      vertex   9.043508e+01 8.440000e+01 2.499254e+01
      vertex   9.043508e+01 8.240000e+01 2.499254e+01
      vertex   9.040762e+01 8.240000e+01 2.512273e+01
    endloop
  endfacet
  facet normal -9.784670e-01 -1.280516e-14 -2.064031e-01
    outer loop
      vertex   9.043508e+01 8.440000e+01 2.499254e+01
      vertex   9.040762e+01 8.240000e+01 2.512273e+01
      vertex   9.040762e+01 8.440000e+01 2.512273e+01
    endloop
  endfacet
  facet normal -9.509845e-01 -1.186635e-14 -3.092384e-01
    outer loop
      vertex   9.040762e+01 8.440000e+01 2.512273e+01
      vertex   9.040762e+01 8.240000e+01 2.512273e+01
      vertex   9.036647e+01 8.240000e+01 2.524927e+01
    endloop
  endfacet
  facet normal -9.509845e-01 -1.131737e-14 -3.092384e-01
    outer loop
      vertex   9.040762e+01 8.440000e+01 2.512273e+01
      vertex   9.036647e+01 8.240000e+01 2.524927e+01
      vertex   9.036647e+01 8.440000e+01 2.524927e+01
    endloop
  endfacet
  facet normal -9.127270e-01 -1.006757e-14 -4.085700e-01
    outer loop
      vertex   9.036647e+01 8.440000e+01 2.524927e+01
      vertex   9.036647e+01 8.240000e+01 2.524927e+01
      vertex   9.031211e+01 8.240000e+01 2.537071e+01
    endloop
  endfacet
  facet normal -9.127270e-01 -9.343375e-15 -4.085700e-01
    outer loop
      vertex   9.036647e+01 8.440000e+01 2.524927e+01
      vertex   9.031211e+01 8.240000e+01 2.537071e+01
      vertex   9.031211e+01 8.440000e+01 2.537071e+01
    endloop
  endfacet
  facet normal -8.641279e-01 -7.810040e-15 -5.032723e-01
    outer loop
      vertex   9.031211e+01 8.440000e+01 2.537071e+01
      vertex   9.031211e+01 8.240000e+01 2.537071e+01
      vertex   9.024515e+01 8.240000e+01 2.548569e+01
    endloop
  endfacet
  facet normal -8.641279e-01 -1.484483e-14 -5.032723e-01
    outer loop
      vertex   9.031211e+01 8.440000e+01 2.537071e+01
      vertex   9.024515e+01 8.240000e+01 2.548569e+01
      vertex   9.024515e+01 8.440000e+01 2.548569e+01
    endloop
  endfacet
  facet normal -8.057378e-01 -1.296699e-14 -5.922723e-01
    outer loop
      vertex   9.024515e+01 8.440000e+01 2.548569e+01
      vertex   9.024515e+01 8.240000e+01 2.548569e+01
      vertex   9.016634e+01 8.240000e+01 2.559290e+01
    endloop
  endfacet
  facet normal -8.057378e-01 -1.519706e-15 -5.922723e-01
    outer loop
      vertex   9.024515e+01 8.440000e+01 2.548569e+01
      vertex   9.016634e+01 8.240000e+01 2.559290e+01
      vertex   9.016634e+01 8.440000e+01 2.559290e+01
    endloop
  endfacet
  facet normal -7.382185e-01 -4.523088e-16 -6.745617e-01
    outer loop
      vertex   9.016634e+01 8.440000e+01 2.559290e+01
      vertex   9.016634e+01 8.240000e+01 2.559290e+01
      vertex   9.007659e+01 8.240000e+01 2.569112e+01
    endloop
  endfacet
  facet normal -7.382185e-01 -1.094067e-14 -6.745617e-01
    outer loop
      vertex   9.016634e+01 8.440000e+01 2.559290e+01
      vertex   9.007659e+01 8.240000e+01 2.569112e+01
      vertex   9.007659e+01 8.440000e+01 2.569112e+01
    endloop
  endfacet
  facet normal -6.623348e-01 -8.795073e-15 -7.492080e-01
    outer loop
      vertex   9.007659e+01 8.440000e+01 2.569112e+01
      vertex   9.007659e+01 8.240000e+01 2.569112e+01
      vertex   8.997690e+01 8.240000e+01 2.577925e+01
    endloop
  endfacet
  facet normal -6.623348e-01 -7.110439e-16 -7.492080e-01
    outer loop
      vertex   9.007659e+01 8.440000e+01 2.569112e+01
      vertex   8.997690e+01 8.240000e+01 2.577925e+01
      vertex   8.997690e+01 8.440000e+01 2.577925e+01
    endloop
  endfacet
  facet normal -5.789466e-01 2.314766e-16 -8.153654e-01
    outer loop
      vertex   8.997690e+01 8.440000e+01 2.577925e+01
      vertex   8.997690e+01 8.240000e+01 2.577925e+01
      vertex   8.986841e+01 8.240000e+01 2.585628e+01
    endloop
  endfacet
  facet normal -5.789466e-01 -2.435018e-15 -8.153654e-01
    outer loop
      vertex   8.997690e+01 8.440000e+01 2.577925e+01
      vertex   8.986841e+01 8.240000e+01 2.585628e+01
      vertex   8.986841e+01 8.440000e+01 2.585628e+01
    endloop
  endfacet
  facet normal -4.889988e-01 -7.511362e-16 -8.722845e-01
    outer loop
      vertex   8.986841e+01 8.440000e+01 2.585628e+01
      vertex   8.986841e+01 8.240000e+01 2.585628e+01
      vertex   8.975235e+01 8.240000e+01 2.592134e+01
    endloop
  endfacet
  facet normal -4.889988e-01 -3.771380e-16 -8.722845e-01
    outer loop
      vertex   8.986841e+01 8.440000e+01 2.585628e+01
      vertex   8.975235e+01 8.240000e+01 2.592134e+01
      vertex   8.975235e+01 8.440000e+01 2.592134e+01
    endloop
  endfacet
  facet normal -3.935103e-01 4.700224e-16 -9.193202e-01
    outer loop
      vertex   8.975235e+01 8.440000e+01 2.592134e+01
      vertex   8.975235e+01 8.240000e+01 2.592134e+01
      vertex   8.963003e+01 8.240000e+01 2.597370e+01
    endloop
  endfacet
  facet normal -3.935103e-01 3.737483e-15 -9.193202e-01
    outer loop
      vertex   8.975235e+01 8.440000e+01 2.592134e+01
      vertex   8.963003e+01 8.240000e+01 2.597370e+01
      vertex   8.963003e+01 8.440000e+01 2.597370e+01
    endloop
  endfacet
  facet normal -2.935633e-01 4.706467e-15 -9.559396e-01
    outer loop
      vertex   8.963003e+01 8.440000e+01 2.597370e+01
      vertex   8.963003e+01 8.240000e+01 2.597370e+01
      vertex   8.950284e+01 8.240000e+01 2.601276e+01
    endloop
  endfacet
  facet normal -2.935633e-01 9.234502e-16 -9.559396e-01
    outer loop
      vertex   8.963003e+01 8.440000e+01 2.597370e+01
      vertex   8.950284e+01 8.240000e+01 2.601276e+01
      vertex   8.950284e+01 8.440000e+01 2.601276e+01
    endloop
  endfacet
  facet normal -1.902900e-01 2.527514e-15 -9.817279e-01
    outer loop
      vertex   8.950284e+01 8.440000e+01 2.601276e+01
      vertex   8.950284e+01 8.240000e+01 2.601276e+01
      vertex   8.937221e+01 8.240000e+01 2.603808e+01
    endloop
  endfacet
  facet normal -1.902900e-01 -5.689501e-16 -9.817279e-01
    outer loop
      vertex   8.950284e+01 8.440000e+01 2.601276e+01
      vertex   8.937221e+01 8.240000e+01 2.603808e+01
      vertex   8.937221e+01 8.440000e+01 2.603808e+01
    endloop
  endfacet
  facet normal -8.486069e-02 1.730984e-15 -9.963928e-01
    outer loop
      vertex   8.937221e+01 8.440000e+01 2.603808e+01
      vertex   8.937221e+01 8.240000e+01 2.603808e+01
      vertex   8.923964e+01 8.240000e+01 2.604937e+01
    endloop
  endfacet
  facet normal -8.486069e-02 2.937086e-15 -9.963928e-01
    outer loop
      vertex   8.937221e+01 8.440000e+01 2.603808e+01
      vertex   8.923964e+01 8.240000e+01 2.604937e+01
      vertex   8.923964e+01 8.440000e+01 2.604937e+01
    endloop
  endfacet
  facet normal 2.153013e-02 3.704871e-15 -9.997682e-01
    outer loop
      vertex   8.923964e+01 8.440000e+01 2.604937e+01
      vertex   8.923964e+01 8.240000e+01 2.604937e+01
      vertex   8.910661e+01 8.240000e+01 2.604651e+01
    endloop
  endfacet
  facet normal 2.153013e-02 3.857860e-15 -9.997682e-01
    outer loop
      vertex   8.923964e+01 8.440000e+01 2.604937e+01
      vertex   8.910661e+01 8.240000e+01 2.604651e+01
      vertex   8.910661e+01 8.440000e+01 2.604651e+01
    endloop
  endfacet
  facet normal 1.276770e-01 5.338037e-15 -9.918158e-01
    outer loop
      vertex   8.910661e+01 8.440000e+01 2.604651e+01
      vertex   8.910661e+01 8.240000e+01 2.604651e+01
      vertex   8.897465e+01 8.240000e+01 2.602952e+01
    endloop
  endfacet
  facet normal 1.276770e-01 8.006587e-15 -9.918158e-01
    outer loop
      vertex   8.910661e+01 8.440000e+01 2.604651e+01
      vertex   8.897465e+01 8.240000e+01 2.602952e+01
      vertex   8.897465e+01 8.440000e+01 2.602952e+01
    endloop
  endfacet
  facet normal 2.323772e-01 1.013661e-14 -9.726257e-01
    outer loop
      vertex   8.897465e+01 8.440000e+01 2.602952e+01
      vertex   8.897465e+01 8.240000e+01 2.602952e+01
      vertex   8.884523e+01 8.240000e+01 2.599860e+01
    endloop
  endfacet
  facet normal 2.323772e-01 5.106780e-15 -9.726257e-01
    outer loop
      vertex   8.897465e+01 8.440000e+01 2.602952e+01
      vertex   8.884523e+01 8.240000e+01 2.599860e+01
      vertex   8.884523e+01 8.440000e+01 2.599860e+01
    endloop
  endfacet
  facet normal 3.344446e-01 5.724504e-15 -9.424154e-01
    outer loop
      vertex   8.884523e+01 8.440000e+01 2.599860e+01
      vertex   8.884523e+01 8.240000e+01 2.599860e+01
      vertex   8.871984e+01 8.240000e+01 2.595410e+01
    endloop
  endfacet
  facet normal 3.344446e-01 4.050447e-15 -9.424154e-01
    outer loop
      vertex   8.884523e+01 8.440000e+01 2.599860e+01
      vertex   8.871984e+01 8.240000e+01 2.595410e+01
      vertex   8.871984e+01 8.440000e+01 2.595410e+01
    endloop
  endfacet
  facet normal 4.327225e-01 4.676112e-15 -9.015272e-01
    outer loop
      vertex   8.871984e+01 8.440000e+01 2.595410e+01
      vertex   8.871984e+01 8.240000e+01 2.595410e+01
      vertex   8.859989e+01 8.240000e+01 2.589652e+01
    endloop
  endfacet
  facet normal 4.327225e-01 7.879525e-15 -9.015272e-01
    outer loop
      vertex   8.871984e+01 8.440000e+01 2.595410e+01
      vertex   8.859989e+01 8.240000e+01 2.589652e+01
      vertex   8.859989e+01 8.440000e+01 2.589652e+01
    endloop
  endfacet
  facet normal 5.260975e-01 8.270118e-15 -8.504243e-01
    outer loop
      vertex   8.859989e+01 8.440000e+01 2.589652e+01
      vertex   8.859989e+01 8.240000e+01 2.589652e+01
      vertex   8.848673e+01 8.240000e+01 2.582652e+01
    endloop
  endfacet
  facet normal 5.260975e-01 1.049899e-14 -8.504243e-01
    outer loop
      vertex   8.859989e+01 8.440000e+01 2.589652e+01
      vertex   8.848673e+01 8.240000e+01 2.582652e+01
      vertex   8.848673e+01 8.440000e+01 2.582652e+01
    endloop
  endfacet
  facet normal 6.135116e-01 1.152405e-14 -7.896857e-01
    outer loop
      vertex   8.848673e+01 8.440000e+01 2.582652e+01
      vertex   8.848673e+01 8.240000e+01 2.582652e+01
      vertex   8.838166e+01 8.240000e+01 2.574489e+01
    endloop
  endfacet
  facet normal 6.135116e-01 1.012173e-14 -7.896857e-01
    outer loop
      vertex   8.848673e+01 8.440000e+01 2.582652e+01
      vertex   8.838166e+01 8.240000e+01 2.574489e+01
      vertex   8.838166e+01 8.440000e+01 2.574489e+01
    endloop
  endfacet
  facet normal 6.939744e-01 1.114095e-14 -7.199997e-01
    outer loop
      vertex   8.838166e+01 8.440000e+01 2.574489e+01
      vertex   8.838166e+01 8.240000e+01 2.574489e+01
      vertex   8.828586e+01 8.240000e+01 2.565256e+01
    endloop
  endfacet
  facet normal 6.939744e-01 6.210076e-15 -7.199997e-01
    outer loop
      vertex   8.838166e+01 8.440000e+01 2.574489e+01
      vertex   8.828586e+01 8.240000e+01 2.565256e+01
      vertex   8.828586e+01 8.440000e+01 2.565256e+01
    endloop
  endfacet
  facet normal 7.665742e-01 6.587535e-15 -6.421558e-01
    outer loop
      vertex   8.828586e+01 8.440000e+01 2.565256e+01
      vertex   8.828586e+01 8.240000e+01 2.565256e+01
      vertex   8.820042e+01 8.240000e+01 2.555056e+01
    endloop
  endfacet
  facet normal 7.665742e-01 6.584553e-15 -6.421558e-01
    outer loop
      vertex   8.828586e+01 8.440000e+01 2.565256e+01
      vertex   8.820042e+01 8.240000e+01 2.555056e+01
      vertex   8.820042e+01 8.440000e+01 2.555056e+01
    endloop
  endfacet
  facet normal 8.304883e-01 6.890469e-15 -5.570360e-01
    outer loop
      vertex   8.820042e+01 8.440000e+01 2.555056e+01
      vertex   8.820042e+01 8.240000e+01 2.555056e+01
      vertex   8.812630e+01 8.240000e+01 2.544006e+01
    endloop
  endfacet
  facet normal 8.304883e-01 6.893467e-15 -5.570360e-01
    outer loop
      vertex   8.820042e+01 8.440000e+01 2.555056e+01
      vertex   8.812630e+01 8.240000e+01 2.544006e+01
      vertex   8.812630e+01 8.440000e+01 2.544006e+01
    endloop
  endfacet
  facet normal 8.849928e-01 7.115332e-15 -4.656048e-01
    outer loop
      vertex   8.812630e+01 8.440000e+01 2.544006e+01
      vertex   8.812630e+01 8.240000e+01 2.544006e+01
      vertex   8.806435e+01 8.240000e+01 2.532230e+01
    endloop
  endfacet
  facet normal 8.849928e-01 7.942599e-15 -4.656048e-01
    outer loop
      vertex   8.812630e+01 8.440000e+01 2.544006e+01
      vertex   8.806435e+01 8.240000e+01 2.532230e+01
      vertex   8.806435e+01 8.440000e+01 2.532230e+01
    endloop
  endfacet
  facet normal 9.294699e-01 7.914870e-15 -3.688981e-01
    outer loop
      vertex   8.806435e+01 8.440000e+01 2.532230e+01
      vertex   8.806435e+01 8.240000e+01 2.532230e+01
      vertex   8.801527e+01 8.240000e+01 2.519863e+01
    endloop
  endfacet
  facet normal 9.294699e-01 6.603033e-15 -3.688981e-01
    outer loop
      vertex   8.806435e+01 8.440000e+01 2.532230e+01
      vertex   8.801527e+01 8.240000e+01 2.519863e+01
      vertex   8.801527e+01 8.440000e+01 2.519863e+01
    endloop
  endfacet
  facet normal 9.634157e-01 6.845480e-15 -2.680116e-01
    outer loop
      vertex   8.801527e+01 8.440000e+01 2.519863e+01
      vertex   8.801527e+01 8.240000e+01 2.519863e+01
      vertex   8.797961e+01 8.240000e+01 2.507045e+01
    endloop
  endfacet
  facet normal 9.634157e-01 6.844623e-15 -2.680116e-01
    outer loop
      vertex   8.801527e+01 8.440000e+01 2.519863e+01
      vertex   8.797961e+01 8.240000e+01 2.507045e+01
      vertex   8.797961e+01 8.440000e+01 2.507045e+01
    endloop
  endfacet
  facet normal 9.864456e-01 7.009118e-15 -1.640885e-01
    outer loop
      vertex   8.797961e+01 8.440000e+01 2.507045e+01
      vertex   8.797961e+01 8.240000e+01 2.507045e+01
      vertex   8.795777e+01 8.240000e+01 2.493919e+01
    endloop
  endfacet
  facet normal 9.864456e-01 7.009063e-15 -1.640885e-01
    outer loop
      vertex   8.797961e+01 8.440000e+01 2.507045e+01
      vertex   8.795777e+01 8.240000e+01 2.493919e+01
      vertex   8.795777e+01 8.440000e+01 2.493919e+01
    endloop
  endfacet
  facet normal 9.982988e-01 7.093339e-15 -5.830612e-02
    outer loop
      vertex   8.795777e+01 8.440000e+01 2.493919e+01
      vertex   8.795777e+01 8.240000e+01 2.493919e+01
      vertex   8.795002e+01 8.240000e+01 2.480636e+01
    endloop
  endfacet
  facet normal 9.982988e-01 1.429002e-14 -5.830612e-02
    outer loop
      vertex   8.795777e+01 8.440000e+01 2.493919e+01
      vertex   8.795002e+01 8.240000e+01 2.480636e+01
      vertex   8.795002e+01 8.440000e+01 2.480636e+01
    endloop
  endfacet
  facet normal 9.988408e-01 1.410887e-14 4.813685e-02
    outer loop
      vertex   8.795002e+01 8.440000e+01 2.480636e+01
      vertex   8.795002e+01 8.240000e+01 2.480636e+01
      vertex   8.795642e+01 8.240000e+01 2.467346e+01
    endloop
  endfacet
  facet normal 9.988408e-01 1.419456e-14 4.813685e-02
    outer loop
      vertex   8.795002e+01 8.440000e+01 2.480636e+01
      vertex   8.795642e+01 8.240000e+01 2.467346e+01
      vertex   8.795642e+01 8.440000e+01 2.467346e+01
    endloop
  endfacet
  facet normal 9.880655e-01 1.404126e-14 1.540344e-01
    outer loop
      vertex   8.795642e+01 8.440000e+01 2.467346e+01
      vertex   8.795642e+01 8.240000e+01 2.467346e+01
      vertex   8.797692e+01 8.240000e+01 2.454200e+01
    endloop
  endfacet
  facet normal 9.880655e-01 7.020485e-15 1.540344e-01
    outer loop
      vertex   8.795642e+01 8.440000e+01 2.467346e+01
      vertex   8.797692e+01 8.240000e+01 2.454200e+01
      vertex   8.797692e+01 8.440000e+01 2.454200e+01
    endloop
  endfacet
  facet normal 9.660950e-01 6.864518e-15 2.581867e-01
    outer loop
      vertex   8.797692e+01 8.440000e+01 2.454200e+01
      vertex   8.797692e+01 8.240000e+01 2.454200e+01
      vertex   8.801127e+01 8.240000e+01 2.441345e+01
    endloop
  endfacet
  facet normal 9.660950e-01 6.863289e-15 2.581867e-01
    outer loop
      vertex   8.797692e+01 8.440000e+01 2.454200e+01
      vertex   8.801127e+01 8.240000e+01 2.441345e+01
      vertex   8.801127e+01 8.440000e+01 2.441345e+01
    endloop
  endfacet
  facet normal 9.331784e-01 6.630631e-15 3.594136e-01
    outer loop
      vertex   8.801127e+01 8.440000e+01 2.441345e+01
      vertex   8.801127e+01 8.240000e+01 2.441345e+01
      vertex   8.805909e+01 8.240000e+01 2.428929e+01
    endloop
  endfacet
  facet normal 9.331784e-01 -4.344726e-19 3.594136e-01
    outer loop
      vertex   8.801127e+01 8.440000e+01 2.441345e+01
      vertex   8.805909e+01 8.240000e+01 2.428929e+01
      vertex   8.805909e+01 8.440000e+01 2.428929e+01
    endloop
  endfacet
  facet normal 8.896884e-01 0.000000e+00 4.565683e-01
    outer loop
      vertex   8.805909e+01 8.440000e+01 2.428929e+01
      vertex   8.805909e+01 8.240000e+01 2.428929e+01
      vertex   8.811984e+01 8.240000e+01 2.417091e+01
    endloop
  endfacet
  facet normal 8.896884e-01 -1.623572e-15 4.565683e-01
    outer loop
      vertex   8.805909e+01 8.440000e+01 2.428929e+01
      vertex   8.811984e+01 8.240000e+01 2.417091e+01
      vertex   8.811984e+01 8.440000e+01 2.417091e+01
    endloop
  endfacet
  facet normal 8.361179e-01 -1.948840e-15 5.485498e-01
    outer loop
      vertex   8.811984e+01 8.440000e+01 2.417091e+01
      vertex   8.811984e+01 8.240000e+01 2.417091e+01
      vertex   8.819283e+01 8.240000e+01 2.405966e+01
    endloop
  endfacet
  facet normal 8.361179e-01 4.964358e-15 5.485498e-01
    outer loop
      vertex   8.811984e+01 8.440000e+01 2.417091e+01
      vertex   8.819283e+01 8.240000e+01 2.405966e+01
      vertex   8.819283e+01 8.440000e+01 2.405966e+01
    endloop
  endfacet
  facet normal 7.730738e-01 4.366248e-15 6.343160e-01
    outer loop
      vertex   8.819283e+01 8.440000e+01 2.405966e+01
      vertex   8.819283e+01 8.240000e+01 2.405966e+01
      vertex   8.827723e+01 8.240000e+01 2.395680e+01
    endloop
  endfacet
  facet normal 7.730738e-01 4.364480e-15 6.343160e-01
    outer loop
      vertex   8.819283e+01 8.440000e+01 2.405966e+01
      vertex   8.827723e+01 8.240000e+01 2.395680e+01
      vertex   8.827723e+01 8.440000e+01 2.395680e+01
    endloop
  endfacet
  facet normal 7.012706e-01 3.716471e-15 7.128952e-01
    outer loop
      vertex   8.827723e+01 8.440000e+01 2.395680e+01
      vertex   8.827723e+01 8.240000e+01 2.395680e+01
      vertex   8.837208e+01 8.240000e+01 2.386349e+01
    endloop
  endfacet
  facet normal 7.012706e-01 3.716536e-15 7.128952e-01
    outer loop
      vertex   8.827723e+01 8.440000e+01 2.395680e+01
      vertex   8.837208e+01 8.240000e+01 2.386349e+01
      vertex   8.837208e+01 8.440000e+01 2.386349e+01
    endloop
  endfacet
  facet normal 6.215216e-01 3.024584e-15 7.833970e-01
    outer loop
      vertex   8.837208e+01 8.440000e+01 2.386349e+01
      vertex   8.837208e+01 8.240000e+01 2.386349e+01
      vertex   8.847632e+01 8.240000e+01 2.378079e+01
    endloop
  endfacet
  facet normal 6.215216e-01 -2.786067e-15 7.833970e-01
    outer loop
      vertex   8.837208e+01 8.440000e+01 2.386349e+01
      vertex   8.847632e+01 8.240000e+01 2.378079e+01
      vertex   8.847632e+01 8.440000e+01 2.378079e+01
    endloop
  endfacet
  facet normal 5.347306e-01 -3.002123e-15 8.450226e-01
    outer loop
      vertex   8.847632e+01 8.440000e+01 2.378079e+01
      vertex   8.847632e+01 8.240000e+01 2.378079e+01
      vertex   8.858875e+01 8.240000e+01 2.370964e+01
    endloop
  endfacet
  facet normal 5.347306e-01 -1.501803e-15 8.450226e-01
    outer loop
      vertex   8.847632e+01 8.440000e+01 2.378079e+01
      vertex   8.858875e+01 8.240000e+01 2.370964e+01
      vertex   8.858875e+01 8.440000e+01 2.370964e+01
    endloop
  endfacet
  facet normal 4.418808e-01 -1.593523e-15 8.970738e-01
    outer loop
      vertex   8.858875e+01 8.440000e+01 2.370964e+01
      vertex   8.858875e+01 8.240000e+01 2.370964e+01
      vertex   8.870811e+01 8.240000e+01 2.365085e+01
    endloop
  endfacet
  facet normal 4.418808e-01 1.545018e-15 8.970738e-01
    outer loop
      vertex   8.858875e+01 8.440000e+01 2.370964e+01
      vertex   8.870811e+01 8.240000e+01 2.365085e+01
      vertex   8.870811e+01 8.440000e+01 2.365085e+01
    endloop
  endfacet
  facet normal 3.440244e-01 7.765109e-16 9.389607e-01
    outer loop
      vertex   8.870811e+01 8.440000e+01 2.365085e+01
      vertex   8.870811e+01 8.240000e+01 2.365085e+01
      vertex   8.883305e+01 8.240000e+01 2.360508e+01
    endloop
  endfacet
  facet normal 3.440244e-01 -1.668292e-15 9.389607e-01
    outer loop
      vertex   8.870811e+01 8.440000e+01 2.365085e+01
      vertex   8.883305e+01 8.240000e+01 2.360508e+01
      vertex   8.883305e+01 8.440000e+01 2.360508e+01
    endloop
  endfacet
  facet normal 2.422700e-01 -1.723437e-15 9.702089e-01
    outer loop
      vertex   8.883305e+01 8.440000e+01 2.360508e+01
      vertex   8.883305e+01 8.240000e+01 2.360508e+01
      vertex   8.896214e+01 8.240000e+01 2.357284e+01
    endloop
  endfacet
  facet normal 2.422700e-01 -1.724920e-15 9.702089e-01
    outer loop
      vertex   8.883305e+01 8.440000e+01 2.360508e+01
      vertex   8.896214e+01 8.240000e+01 2.357284e+01
      vertex   8.896214e+01 8.440000e+01 2.357284e+01
    endloop
  endfacet
  facet normal 1.377706e-01 -2.539917e-15 9.904642e-01
    outer loop
      vertex   8.896214e+01 8.440000e+01 2.357284e+01
      vertex   8.896214e+01 8.240000e+01 2.357284e+01
      vertex   8.909392e+01 8.240000e+01 2.355451e+01
    endloop
  endfacet
  facet normal 1.377706e-01 -3.320704e-15 9.904642e-01
    outer loop
      vertex   8.896214e+01 8.440000e+01 2.357284e+01
      vertex   8.909392e+01 8.240000e+01 2.355451e+01
      vertex   8.909392e+01 8.440000e+01 2.355451e+01
    endloop
  endfacet
  facet normal 3.171023e-02 -4.875761e-15 9.994971e-01
    outer loop
      vertex   8.909392e+01 8.440000e+01 2.355451e+01
      vertex   8.909392e+01 8.240000e+01 2.355451e+01
      vertex   8.922691e+01 8.240000e+01 2.355029e+01
    endloop
  endfacet
  facet normal 3.171023e-02 -3.325757e-15 9.994971e-01
    outer loop
      vertex   8.909392e+01 8.440000e+01 2.355451e+01
      vertex   8.922691e+01 8.240000e+01 2.355029e+01
      vertex   8.922691e+01 8.440000e+01 2.355029e+01
    endloop
  endfacet
  facet normal -7.470945e-02 -4.073628e-15 9.972053e-01
    outer loop
      vertex   8.922691e+01 8.440000e+01 2.355029e+01
      vertex   8.922691e+01 8.240000e+01 2.355029e+01
      vertex   8.935960e+01 8.240000e+01 2.356023e+01
    endloop
  endfacet
  facet normal -7.470945e-02 -4.073624e-15 9.972053e-01
    outer loop
      vertex   8.922691e+01 8.440000e+01 2.355029e+01
      vertex   8.935960e+01 8.240000e+01 2.356023e+01
      vertex   8.935960e+01 8.440000e+01 2.356023e+01
    endloop
  endfacet
  facet normal -1.802826e-01 -4.775487e-15 9.836148e-01
    outer loop
      vertex   8.935960e+01 8.440000e+01 2.356023e+01
      vertex   8.935960e+01 8.240000e+01 2.356023e+01
      vertex   8.949047e+01 8.240000e+01 2.358422e+01
    endloop
  endfacet
  facet normal -1.802826e-01 -6.056044e-15 9.836148e-01
    outer loop
      vertex   8.935960e+01 8.440000e+01 2.356023e+01
      vertex   8.949047e+01 8.240000e+01 2.358422e+01
      vertex   8.949047e+01 8.440000e+01 2.358422e+01
    endloop
  endfacet
  facet normal -2.838132e-01 -7.439852e-15 9.588796e-01
    outer loop
      vertex   8.949047e+01 8.440000e+01 2.358422e+01
      vertex   8.949047e+01 8.240000e+01 2.358422e+01
      vertex   8.961806e+01 8.240000e+01 2.362198e+01
    endloop
  endfacet
  facet normal -2.838132e-01 -7.126848e-15 9.588796e-01
    outer loop
      vertex   8.949047e+01 8.440000e+01 2.358422e+01
      vertex   8.961806e+01 8.240000e+01 2.362198e+01
      vertex   8.961806e+01 8.440000e+01 2.362198e+01
    endloop
  endfacet
  facet normal -3.841279e-01 -7.649617e-15 9.232799e-01
    outer loop
      vertex   8.961806e+01 8.440000e+01 2.362198e+01
      vertex   8.961806e+01 8.240000e+01 2.362198e+01
      vertex   8.974090e+01 8.240000e+01 2.367309e+01
    endloop
  endfacet
  facet normal -3.841279e-01 -9.290368e-15 9.232799e-01
    outer loop
      vertex   8.961806e+01 8.440000e+01 2.362198e+01
      vertex   8.974090e+01 8.240000e+01 2.367309e+01
      vertex   8.974090e+01 8.440000e+01 2.367309e+01
    endloop
  endfacet
  facet normal -4.800904e-01 -9.644264e-15 8.772190e-01
    outer loop
      vertex   8.974090e+01 8.440000e+01 2.367309e+01
      vertex   8.974090e+01 8.240000e+01 2.367309e+01
      vertex   8.985762e+01 8.240000e+01 2.373697e+01
    endloop
  endfacet
  facet normal -4.800904e-01 -9.644590e-15 8.772190e-01
    outer loop
      vertex   8.974090e+01 8.440000e+01 2.367309e+01
      vertex   8.985762e+01 8.240000e+01 2.373697e+01
      vertex   8.985762e+01 8.440000e+01 2.373697e+01
    endloop
  endfacet
  facet normal -5.706133e-01 -9.889562e-15 8.212189e-01
    outer loop
      vertex   8.985762e+01 8.440000e+01 2.373697e+01
      vertex   8.985762e+01 8.240000e+01 2.373697e+01
      vertex   8.996689e+01 8.240000e+01 2.381289e+01
    endloop
  endfacet
  facet normal -5.706133e-01 -9.886645e-15 8.212189e-01
    outer loop
      vertex   8.985762e+01 8.440000e+01 2.373697e+01
      vertex   8.996689e+01 8.240000e+01 2.381289e+01
      vertex   8.996689e+01 8.440000e+01 2.381289e+01
    endloop
  endfacet
  facet normal -6.546709e-01 -1.002281e-14 7.559141e-01
    outer loop
      vertex   8.996689e+01 8.440000e+01 2.381289e+01
      vertex   8.996689e+01 8.240000e+01 2.381289e+01
      vertex   9.006747e+01 8.240000e+01 2.390000e+01
    endloop
  endfacet
  facet normal -1.606665e-13 4.372571e-15 1.000000e+00
    outer loop
      vertex   8.466713e+01 8.174292e+01 3.380000e+01
      vertex   8.480000e+01 8.175000e+01 3.380000e+01
      vertex   8.480000e+01 8.337500e+01 3.380000e+01
    endloop
  endfacet
  facet normal 1.606665e-13 4.372571e-15 1.000000e+00
    outer loop
      vertex   8.480000e+01 8.337500e+01 3.380000e+01
      vertex   8.480000e+01 8.175000e+01 3.380000e+01
      vertex   8.493287e+01 8.174292e+01 3.380000e+01
    endloop
  endfacet
  facet normal 2.729364e-16 -8.684977e-15 1.000000e+00
    outer loop
      vertex   8.480000e+01 8.337500e+01 3.380000e+01
      vertex   8.493287e+01 8.174292e+01 3.380000e+01
      vertex   8.502762e+01 8.338215e+01 3.380000e+01
    endloop
  endfacet
  facet normal -1.383849e-15 -8.589214e-15 1.000000e+00
    outer loop
      vertex   8.502762e+01 8.338215e+01 3.380000e+01
      vertex   8.493287e+01 8.174292e+01 3.380000e+01
      vertex   8.506423e+01 8.172175e+01 3.380000e+01
    endloop
  endfacet
  facet normal 8.073525e-16 -8.540897e-15 1.000000e+00
    outer loop
      vertex   8.502762e+01 8.338215e+01 3.380000e+01
      vertex   8.506423e+01 8.172175e+01 3.380000e+01
      vertex   8.525433e+01 8.340358e+01 3.380000e+01
    endloop
  endfacet
  facet normal -2.235399e-15 -8.196961e-15 1.000000e+00
    outer loop
      vertex   8.525433e+01 8.340358e+01 3.380000e+01
      vertex   8.506423e+01 8.172175e+01 3.380000e+01
      vertex   8.519260e+01 8.168675e+01 3.380000e+01
    endloop
  endfacet
  facet normal 3.308977e-14 -9.467246e-15 1.000000e+00
    outer loop
      vertex   8.525433e+01 8.340358e+01 3.380000e+01
      vertex   8.519260e+01 8.168675e+01 3.380000e+01
      vertex   8.547926e+01 8.343921e+01 3.380000e+01
    endloop
  endfacet
  facet normal -1.490057e-15 -3.810803e-15 1.000000e+00
    outer loop
      vertex   8.547926e+01 8.343921e+01 3.380000e+01
      vertex   8.519260e+01 8.168675e+01 3.380000e+01
      vertex   8.531652e+01 8.163829e+01 3.380000e+01
    endloop
  endfacet
  facet normal 9.000946e-16 -4.026792e-15 1.000000e+00
    outer loop
      vertex   8.547926e+01 8.343921e+01 3.380000e+01
      vertex   8.531652e+01 8.163829e+01 3.380000e+01
      vertex   8.570150e+01 8.348889e+01 3.380000e+01
    endloop
  endfacet
  facet normal -1.800497e-15 -3.464978e-15 1.000000e+00
    outer loop
      vertex   8.570150e+01 8.348889e+01 3.380000e+01
      vertex   8.531652e+01 8.163829e+01 3.380000e+01
      vertex   8.543458e+01 8.157694e+01 3.380000e+01
    endloop
  endfacet
  facet normal 1.125339e-15 -3.873442e-15 1.000000e+00
    outer loop
      vertex   8.570150e+01 8.348889e+01 3.380000e+01
      vertex   8.543458e+01 8.157694e+01 3.380000e+01
      vertex   8.592019e+01 8.355242e+01 3.380000e+01
    endloop
  endfacet
  facet normal -2.051504e-15 -3.092522e-15 1.000000e+00
    outer loop
      vertex   8.592019e+01 8.355242e+01 3.380000e+01
      vertex   8.543458e+01 8.157694e+01 3.380000e+01
      vertex   8.554546e+01 8.150339e+01 3.380000e+01
    endloop
  endfacet
  facet normal 1.336442e-15 -3.712111e-15 1.000000e+00
    outer loop
      vertex   8.592019e+01 8.355242e+01 3.380000e+01
      vertex   8.554546e+01 8.150339e+01 3.380000e+01
      vertex   8.613445e+01 8.362956e+01 3.380000e+01
    endloop
  endfacet
  facet normal -2.253169e-15 -2.717716e-15 1.000000e+00
    outer loop
      vertex   8.613445e+01 8.362956e+01 3.380000e+01
      vertex   8.554546e+01 8.150339e+01 3.380000e+01
      vertex   8.564789e+01 8.141847e+01 3.380000e+01
    endloop
  endfacet
  facet normal 1.536983e-15 -3.551757e-15 1.000000e+00
    outer loop
      vertex   8.613445e+01 8.362956e+01 3.380000e+01
      vertex   8.564789e+01 8.141847e+01 3.380000e+01
      vertex   8.634345e+01 8.372000e+01 3.380000e+01
    endloop
  endfacet
  facet normal -2.419593e-15 -2.356017e-15 1.000000e+00
    outer loop
      vertex   8.634345e+01 8.372000e+01 3.380000e+01
      vertex   8.564789e+01 8.141847e+01 3.380000e+01
      vertex   8.574071e+01 8.132314e+01 3.380000e+01
    endloop
  endfacet
  facet normal 1.732452e-15 -3.400128e-15 1.000000e+00
    outer loop
      vertex   8.634345e+01 8.372000e+01 3.380000e+01
      vertex   8.574071e+01 8.132314e+01 3.380000e+01
      vertex   8.654636e+01 8.382339e+01 3.380000e+01
    endloop
  endfacet
  facet normal -2.566435e-15 -2.014918e-15 1.000000e+00
    outer loop
      vertex   8.654636e+01 8.382339e+01 3.380000e+01
      vertex   8.574071e+01 8.132314e+01 3.380000e+01
      vertex   8.582288e+01 8.121848e+01 3.380000e+01
    endloop
  endfacet
  facet normal -3.019286e-15 -1.889144e-15 1.000000e+00
    outer loop
      vertex   8.654636e+01 8.382339e+01 3.380000e+01
      vertex   8.582288e+01 8.121848e+01 3.380000e+01
      vertex   8.589345e+01 8.110569e+01 3.380000e+01
    endloop
  endfacet
  facet normal 1.802275e-15 -3.047481e-15 1.000000e+00
    outer loop
      vertex   8.654636e+01 8.382339e+01 3.380000e+01
      vertex   8.589345e+01 8.110569e+01 3.380000e+01
      vertex   8.674237e+01 8.393931e+01 3.380000e+01
    endloop
  endfacet
  facet normal -3.190840e-15 -1.551606e-15 1.000000e+00
    outer loop
      vertex   8.674237e+01 8.393931e+01 3.380000e+01
      vertex   8.589345e+01 8.110569e+01 3.380000e+01
      vertex   8.595164e+01 8.098603e+01 3.380000e+01
    endloop
  endfacet
  facet normal 1.998776e-15 -2.941110e-15 1.000000e+00
    outer loop
      vertex   8.674237e+01 8.393931e+01 3.380000e+01
      vertex   8.595164e+01 8.098603e+01 3.380000e+01
      vertex   8.693072e+01 8.406731e+01 3.380000e+01
    endloop
  endfacet
  facet normal -3.399294e-15 -1.225866e-15 1.000000e+00
    outer loop
      vertex   8.693072e+01 8.406731e+01 3.380000e+01
      vertex   8.595164e+01 8.098603e+01 3.380000e+01
      vertex   8.599678e+01 8.086086e+01 3.380000e+01
    endloop
  endfacet
  facet normal 2.220596e-15 -2.862775e-15 1.000000e+00
    outer loop
      vertex   8.693072e+01 8.406731e+01 3.380000e+01
      vertex   8.599678e+01 8.086086e+01 3.380000e+01
      vertex   8.711066e+01 8.420689e+01 3.380000e+01
    endloop
  endfacet
  facet normal 2.649860e-15 -3.005676e-15 1.000000e+00
    outer loop
      vertex   8.711066e+01 8.420689e+01 3.380000e+01
      vertex   8.599678e+01 8.086086e+01 3.380000e+01
      vertex   8.728148e+01 8.435749e+01 3.380000e+01
    endloop
  endfacet
  facet normal -3.321917e-15 -8.115662e-16 1.000000e+00
    outer loop
      vertex   8.728148e+01 8.435749e+01 3.380000e+01
      vertex   8.599678e+01 8.086086e+01 3.380000e+01
      vertex   8.602836e+01 8.073161e+01 3.380000e+01
    endloop
  endfacet
  facet normal 2.864274e-15 -2.949556e-15 1.000000e+00
    outer loop
      vertex   8.728148e+01 8.435749e+01 3.380000e+01
      vertex   8.602836e+01 8.073161e+01 3.380000e+01
      vertex   9.120027e+01 8.575398e+01 3.380000e+01
    endloop
  endfacet
  facet normal 0.000000e+00 0.000000e+00 1.000000e+00
    outer loop
      vertex   9.120027e+01 8.575398e+01 3.380000e+01
      vertex   8.602836e+01 8.073161e+01 3.380000e+01
      vertex   9.133328e+01 8.575044e+01 3.380000e+01
    endloop
  endfacet
  facet normal 0.000000e+00 0.000000e+00 1.000000e+00
    outer loop
      vertex   9.133328e+01 8.575044e+01 3.380000e+01
      vertex   8.602836e+01 8.073161e+01 3.380000e+01
      vertex   8.604602e+01 8.059973e+01 3.380000e+01
    endloop
  endfacet
  facet normal -0.000000e+00 0.000000e+00 1.000000e+00
    outer loop
      vertex   9.133328e+01 8.575044e+01 3.380000e+01
      vertex   8.604602e+01 8.059973e+01 3.380000e+01
      vertex   9.146591e+01 8.576106e+01 3.380000e+01
    endloop
  endfacet
  facet normal 0.000000e+00 0.000000e+00 1.000000e+00
    outer loop
      vertex   9.146591e+01 8.576106e+01 3.380000e+01
      vertex   8.604602e+01 8.059973e+01 3.380000e+01
      vertex   8.604956e+01 8.046672e+01 3.380000e+01
    endloop
  endfacet
  facet normal -2.401204e-08 2.456543e-08 1.000000e+00
    outer loop
      vertex   9.146591e+01 8.576106e+01 3.380000e+01
      vertex   8.604956e+01 8.046672e+01 3.380000e+01
      vertex   9.820000e+01 7.730000e+01 3.380000e+01
    endloop
  endfacet
  facet normal -2.979292e-08 2.384664e-09 1.000000e+00
    outer loop
      vertex   9.820000e+01 7.730000e+01 3.380000e+01
      vertex   8.604956e+01 8.046672e+01 3.380000e+01
      vertex   8.603894e+01 8.033409e+01 3.380000e+01
    endloop
  endfacet
  facet normal -2.902258e-08 5.472314e-09 1.000000e+00
    outer loop
      vertex   9.820000e+01 7.730000e+01 3.380000e+01
      vertex   8.603894e+01 8.033409e+01 3.380000e+01
      vertex   8.601429e+01 8.020334e+01 3.380000e+01
    endloop
  endfacet
  facet normal -2.829372e-08 8.531420e-09 1.000000e+00
    outer loop
      vertex   8.601429e+01 8.020334e+01 3.380000e+01
      vertex   8.597588e+01 8.007595e+01 3.380000e+01
      vertex   9.820000e+01 7.730000e+01 3.380000e+01
    endloop
  endfacet
  facet normal -2.758719e-08 1.164271e-08 1.000000e+00
    outer loop
      vertex   9.820000e+01 7.730000e+01 3.380000e+01
      vertex   8.597588e+01 8.007595e+01 3.380000e+01
      vertex   8.592414e+01 7.995337e+01 3.380000e+01
    endloop
  endfacet
  facet normal -2.688484e-08 1.489212e-08 1.000000e+00
    outer loop
      vertex   9.820000e+01 7.730000e+01 3.380000e+01
      vertex   8.592414e+01 7.995337e+01 3.380000e+01
      vertex   8.585967e+01 7.983697e+01 3.380000e+01
    endloop
  endfacet
  facet normal -2.616768e-08 1.838055e-08 1.000000e+00
    outer loop
      vertex   8.585967e+01 7.983697e+01 3.380000e+01
      vertex   8.578319e+01 7.972809e+01 3.380000e+01
      vertex   9.820000e+01 7.730000e+01 3.380000e+01
    endloop
  endfacet
  facet normal -2.541351e-08 2.223722e-08 1.000000e+00
    outer loop
      vertex   9.820000e+01 7.730000e+01 3.380000e+01
      vertex   8.578319e+01 7.972809e+01 3.380000e+01
      vertex   8.569557e+01 7.962796e+01 3.380000e+01
    endloop
  endfacet
  facet normal -2.459368e-08 2.664085e-08 1.000000e+00
    outer loop
      vertex   9.820000e+01 7.730000e+01 3.380000e+01
      vertex   8.569557e+01 7.962796e+01 3.380000e+01
      vertex   8.559781e+01 7.953771e+01 3.380000e+01
    endloop
  endfacet
  facet normal -2.366755e-08 3.185657e-08 1.000000e+00
    outer loop
      vertex   8.559781e+01 7.953771e+01 3.380000e+01
      vertex   8.549100e+01 7.945836e+01 3.380000e+01
      vertex   9.820000e+01 7.730000e+01 3.380000e+01
    endloop
  endfacet
  facet normal -2.257210e-08 3.830687e-08 1.000000e+00
    outer loop
      vertex   9.820000e+01 7.730000e+01 3.380000e+01
      vertex   8.549100e+01 7.945836e+01 3.380000e+01
      vertex   8.537637e+01 7.939081e+01 3.380000e+01
    endloop
  endfacet
  facet normal -2.120024e-08 4.672097e-08 1.000000e+00
    outer loop
      vertex   9.820000e+01 7.730000e+01 3.380000e+01
      vertex   8.537637e+01 7.939081e+01 3.380000e+01
      vertex   8.525520e+01 7.933583e+01 3.380000e+01
    endloop
  endfacet
  facet normal -1.934937e-08 5.848969e-08 1.000000e+00
    outer loop
      vertex   8.525520e+01 7.933583e+01 3.380000e+01
      vertex   8.512888e+01 7.929404e+01 3.380000e+01
      vertex   9.820000e+01 7.730000e+01 3.380000e+01
    endloop
  endfacet
  facet normal -1.657818e-08 7.665514e-08 1.000000e+00
    outer loop
      vertex   9.820000e+01 7.730000e+01 3.380000e+01
      vertex   8.512888e+01 7.929404e+01 3.380000e+01
      vertex   8.499883e+01 7.926591e+01 3.380000e+01
    endloop
  endfacet
  facet normal -2.735209e-19 1.879781e-07 1.000000e+00
    outer loop
      vertex   9.820000e+01 7.730000e+01 3.380000e+01
      vertex   8.499883e+01 7.926591e+01 3.380000e+01
      vertex   7.980000e+01 7.730000e+01 3.380000e+01
    endloop
  endfacet
  facet normal -2.801406e-08 2.620608e-07 1.000000e+00
    outer loop
      vertex   7.980000e+01 7.730000e+01 3.380000e+01
      vertex   8.499883e+01 7.926591e+01 3.380000e+01
      vertex   8.486653e+01 7.925177e+01 3.380000e+01
    endloop
  endfacet
  facet normal -1.399290e-22 1.893402e-07 1.000000e+00
    outer loop
      vertex   7.980000e+01 7.730000e+01 3.380000e+01
      vertex   8.486653e+01 7.925177e+01 3.380000e+01
      vertex   8.473347e+01 7.925177e+01 3.380000e+01
    endloop
  endfacet
  facet normal 1.593463e-08 1.490624e-07 1.000000e+00
    outer loop
      vertex   8.473347e+01 7.925177e+01 3.380000e+01
      vertex   8.460117e+01 7.926591e+01 3.380000e+01
      vertex   7.980000e+01 7.730000e+01 3.380000e+01
    endloop
  endfacet
  facet normal 2.660293e-08 1.230082e-07 1.000000e+00
    outer loop
      vertex   7.980000e+01 7.730000e+01 3.380000e+01
      vertex   8.460117e+01 7.926591e+01 3.380000e+01
      vertex   8.447112e+01 7.929404e+01 3.380000e+01
    endloop
  endfacet
  facet normal 3.454131e-08 1.044122e-07 1.000000e+00
    outer loop
      vertex   7.980000e+01 7.730000e+01 3.380000e+01
      vertex   8.447112e+01 7.929404e+01 3.380000e+01
      vertex   8.434480e+01 7.933583e+01 3.380000e+01
    endloop
  endfacet
  facet normal 4.091844e-08 9.017584e-08 1.000000e+00
    outer loop
      vertex   8.434480e+01 7.933583e+01 3.380000e+01
      vertex   8.422363e+01 7.939081e+01 3.380000e+01
      vertex   7.980000e+01 7.730000e+01 3.380000e+01
    endloop
  endfacet
  facet normal 4.635628e-08 7.867073e-08 1.000000e+00
    outer loop
      vertex   7.980000e+01 7.730000e+01 3.380000e+01
      vertex   8.422363e+01 7.939081e+01 3.380000e+01
      vertex   8.410900e+01 7.945836e+01 3.380000e+01
    endloop
  endfacet
  facet normal 5.122552e-08 6.894965e-08 1.000000e+00
    outer loop
      vertex   7.980000e+01 7.730000e+01 3.380000e+01
      vertex   8.410900e+01 7.945836e+01 3.380000e+01
      vertex   8.400219e+01 7.953771e+01 3.380000e+01
    endloop
  endfacet
  facet normal 5.577112e-08 6.041347e-08 1.000000e+00
    outer loop
      vertex   8.400219e+01 7.953771e+01 3.380000e+01
      vertex   8.390443e+01 7.962796e+01 3.380000e+01
      vertex   7.980000e+01 7.730000e+01 3.380000e+01
    endloop
  endfacet
  facet normal 6.017307e-08 5.265239e-08 1.000000e+00
    outer loop
      vertex   7.980000e+01 7.730000e+01 3.380000e+01
      vertex   8.390443e+01 7.962796e+01 3.380000e+01
      vertex   8.381681e+01 7.972809e+01 3.380000e+01
    endloop
  endfacet
  facet normal 6.458003e-08 4.536192e-08 1.000000e+00
    outer loop
      vertex   7.980000e+01 7.730000e+01 3.380000e+01
      vertex   8.381681e+01 7.972809e+01 3.380000e+01
      vertex   8.374033e+01 7.983697e+01 3.380000e+01
    endloop
  endfacet
  facet normal 6.913115e-08 3.829329e-08 1.000000e+00
    outer loop
      vertex   8.374033e+01 7.983697e+01 3.380000e+01
      vertex   8.367586e+01 7.995337e+01 3.380000e+01
      vertex   7.980000e+01 7.730000e+01 3.380000e+01
    endloop
  endfacet
  facet normal 7.397384e-08 3.121941e-08 1.000000e+00
    outer loop
      vertex   7.980000e+01 7.730000e+01 3.380000e+01
      vertex   8.367586e+01 7.995337e+01 3.380000e+01
      vertex   8.362412e+01 8.007595e+01 3.380000e+01
    endloop
  endfacet
  facet normal 5.599159e-08 5.599159e-08 1.000000e+00
    outer loop
      vertex   7.980000e+01 7.730000e+01 3.380000e+01
      vertex   8.362412e+01 8.007595e+01 3.380000e+01
      vertex   7.830000e+01 7.880000e+01 3.380000e+01
    endloop
  endfacet
  facet normal 6.473246e-08 1.951881e-08 1.000000e+00
    outer loop
      vertex   7.830000e+01 7.880000e+01 3.380000e+01
      vertex   8.362412e+01 8.007595e+01 3.380000e+01
      vertex   8.358571e+01 8.020334e+01 3.380000e+01
    endloop
  endfacet
  facet normal 6.658155e-08 1.255420e-08 1.000000e+00
    outer loop
      vertex   7.830000e+01 7.880000e+01 3.380000e+01
      vertex   8.358571e+01 8.020334e+01 3.380000e+01
      vertex   8.356106e+01 8.033409e+01 3.380000e+01
    endloop
  endfacet
  facet normal 6.864025e-08 5.494053e-09 1.000000e+00
    outer loop
      vertex   8.356106e+01 8.033409e+01 3.380000e+01
      vertex   8.355044e+01 8.046672e+01 3.380000e+01
      vertex   7.830000e+01 7.880000e+01 3.380000e+01
    endloop
  endfacet
  facet normal 7.098437e-08 -1.890311e-09 1.000000e+00
    outer loop
      vertex   7.830000e+01 7.880000e+01 3.380000e+01
      vertex   8.355044e+01 8.046672e+01 3.380000e+01
      vertex   8.355398e+01 8.059973e+01 3.380000e+01
    endloop
  endfacet
  facet normal 7.371835e-08 -9.871642e-09 1.000000e+00
    outer loop
      vertex   7.830000e+01 7.880000e+01 3.380000e+01
      vertex   8.355398e+01 8.059973e+01 3.380000e+01
      vertex   8.357164e+01 8.073161e+01 3.380000e+01
    endloop
  endfacet
  facet normal 4.744292e-15 -1.159062e-15 1.000000e+00
    outer loop
      vertex   8.360322e+01 8.086086e+01 3.380000e+01
      vertex   8.285763e+01 8.393931e+01 3.380000e+01
      vertex   8.357164e+01 8.073161e+01 3.380000e+01
    endloop
  endfacet
  facet normal -1.773709e-15 -2.609934e-15 1.000000e+00
    outer loop
      vertex   8.357164e+01 8.073161e+01 3.380000e+01
      vertex   8.285763e+01 8.393931e+01 3.380000e+01
      vertex   8.266928e+01 8.406731e+01 3.380000e+01
    endloop
  endfacet
  facet normal -2.091064e-15 -2.695784e-15 1.000000e+00
    outer loop
      vertex   8.357164e+01 8.073161e+01 3.380000e+01
      vertex   8.266928e+01 8.406731e+01 3.380000e+01
      vertex   8.248934e+01 8.420689e+01 3.380000e+01
    endloop
  endfacet
  facet normal 3.828860e-15 -1.380778e-15 1.000000e+00
    outer loop
      vertex   8.360322e+01 8.086086e+01 3.380000e+01
      vertex   8.364836e+01 8.098603e+01 3.380000e+01
      vertex   8.285763e+01 8.393931e+01 3.380000e+01
    endloop
  endfacet
  facet normal 3.190840e-15 -1.551606e-15 1.000000e+00
    outer loop
      vertex   8.285763e+01 8.393931e+01 3.380000e+01
      vertex   8.364836e+01 8.098603e+01 3.380000e+01
      vertex   8.370655e+01 8.110569e+01 3.380000e+01
    endloop
  endfacet
  facet normal -1.802275e-15 -3.047481e-15 1.000000e+00
    outer loop
      vertex   8.285763e+01 8.393931e+01 3.380000e+01
      vertex   8.370655e+01 8.110569e+01 3.380000e+01
      vertex   8.305364e+01 8.382339e+01 3.380000e+01
    endloop
  endfacet
  facet normal 3.019286e-15 -1.889144e-15 1.000000e+00
    outer loop
      vertex   8.305364e+01 8.382339e+01 3.380000e+01
      vertex   8.370655e+01 8.110569e+01 3.380000e+01
      vertex   8.377712e+01 8.121848e+01 3.380000e+01
    endloop
  endfacet
  facet normal 2.566435e-15 -2.014918e-15 1.000000e+00
    outer loop
      vertex   8.305364e+01 8.382339e+01 3.380000e+01
      vertex   8.377712e+01 8.121848e+01 3.380000e+01
      vertex   8.385929e+01 8.132314e+01 3.380000e+01
    endloop
  endfacet
  facet normal -1.732452e-15 -3.400128e-15 1.000000e+00
    outer loop
      vertex   8.305364e+01 8.382339e+01 3.380000e+01
      vertex   8.385929e+01 8.132314e+01 3.380000e+01
      vertex   8.325655e+01 8.372000e+01 3.380000e+01
    endloop
  endfacet
  facet normal 2.419593e-15 -2.356017e-15 1.000000e+00
    outer loop
      vertex   8.325655e+01 8.372000e+01 3.380000e+01
      vertex   8.385929e+01 8.132314e+01 3.380000e+01
      vertex   8.395211e+01 8.141847e+01 3.380000e+01
    endloop
  endfacet
  facet normal -1.536983e-15 -3.551757e-15 1.000000e+00
    outer loop
      vertex   8.325655e+01 8.372000e+01 3.380000e+01
      vertex   8.395211e+01 8.141847e+01 3.380000e+01
      vertex   8.346555e+01 8.362956e+01 3.380000e+01
    endloop
  endfacet
  facet normal 2.253169e-15 -2.717716e-15 1.000000e+00
    outer loop
      vertex   8.346555e+01 8.362956e+01 3.380000e+01
      vertex   8.395211e+01 8.141847e+01 3.380000e+01
      vertex   8.405454e+01 8.150339e+01 3.380000e+01
    endloop
  endfacet
  facet normal -1.336442e-15 -3.712111e-15 1.000000e+00
    outer loop
      vertex   8.346555e+01 8.362956e+01 3.380000e+01
      vertex   8.405454e+01 8.150339e+01 3.380000e+01
      vertex   8.367981e+01 8.355242e+01 3.380000e+01
    endloop
  endfacet
  facet normal 2.051504e-15 -3.092522e-15 1.000000e+00
    outer loop
      vertex   8.367981e+01 8.355242e+01 3.380000e+01
      vertex   8.405454e+01 8.150339e+01 3.380000e+01
      vertex   8.416542e+01 8.157694e+01 3.380000e+01
    endloop
  endfacet
  facet normal -1.125339e-15 -3.873442e-15 1.000000e+00
    outer loop
      vertex   8.367981e+01 8.355242e+01 3.380000e+01
      vertex   8.416542e+01 8.157694e+01 3.380000e+01
      vertex   8.389850e+01 8.348889e+01 3.380000e+01
    endloop
  endfacet
  facet normal 1.800497e-15 -3.464978e-15 1.000000e+00
    outer loop
      vertex   8.389850e+01 8.348889e+01 3.380000e+01
      vertex   8.416542e+01 8.157694e+01 3.380000e+01
      vertex   8.428348e+01 8.163829e+01 3.380000e+01
    endloop
  endfacet
  facet normal -9.000946e-16 -4.026792e-15 1.000000e+00
    outer loop
      vertex   8.389850e+01 8.348889e+01 3.380000e+01
      vertex   8.428348e+01 8.163829e+01 3.380000e+01
      vertex   8.412074e+01 8.343921e+01 3.380000e+01
    endloop
  endfacet
  facet normal 1.490057e-15 -3.810803e-15 1.000000e+00
    outer loop
      vertex   8.412074e+01 8.343921e+01 3.380000e+01
      vertex   8.428348e+01 8.163829e+01 3.380000e+01
      vertex   8.440740e+01 8.168675e+01 3.380000e+01
    endloop
  endfacet
  facet normal -3.308977e-14 -9.467246e-15 1.000000e+00
    outer loop
      vertex   8.412074e+01 8.343921e+01 3.380000e+01
      vertex   8.440740e+01 8.168675e+01 3.380000e+01
      vertex   8.434567e+01 8.340358e+01 3.380000e+01
    endloop
  endfacet
  facet normal 2.235399e-15 -8.196961e-15 1.000000e+00
    outer loop
      vertex   8.434567e+01 8.340358e+01 3.380000e+01
      vertex   8.440740e+01 8.168675e+01 3.380000e+01
      vertex   8.453577e+01 8.172175e+01 3.380000e+01
    endloop
  endfacet
  facet normal -8.073525e-16 -8.540897e-15 1.000000e+00
    outer loop
      vertex   8.434567e+01 8.340358e+01 3.380000e+01
      vertex   8.453577e+01 8.172175e+01 3.380000e+01
      vertex   8.457238e+01 8.338215e+01 3.380000e+01
    endloop
  endfacet
  facet normal 1.383849e-15 -8.589214e-15 1.000000e+00
    outer loop
      vertex   8.457238e+01 8.338215e+01 3.380000e+01
      vertex   8.453577e+01 8.172175e+01 3.380000e+01
      vertex   8.466713e+01 8.174292e+01 3.380000e+01
    endloop
  endfacet
  facet normal -2.729364e-16 -8.684977e-15 1.000000e+00
    outer loop
      vertex   8.457238e+01 8.338215e+01 3.380000e+01
      vertex   8.466713e+01 8.174292e+01 3.380000e+01
      vertex   8.480000e+01 8.337500e+01 3.380000e+01
    endloop
  endfacet
  facet normal -2.087710e-14 6.560894e-16 1.000000e+00
    outer loop
      vertex   8.118215e+01 8.722762e+01 3.380000e+01
      vertex   8.109527e+01 9.529301e+01 3.380000e+01
      vertex   8.117500e+01 8.700000e+01 3.380000e+01
    endloop
  endfacet
  facet normal -5.940147e-15 7.996902e-16 1.000000e+00
    outer loop
      vertex   8.117500e+01 8.700000e+01 3.380000e+01
      vertex   8.109527e+01 9.529301e+01 3.380000e+01
      vertex   7.830000e+01 9.230000e+01 3.380000e+01
    endloop
  endfacet
  facet normal -7.870315e-15 -2.473346e-16 1.000000e+00
    outer loop
      vertex   8.117500e+01 8.700000e+01 3.380000e+01
      vertex   7.830000e+01 9.230000e+01 3.380000e+01
      vertex   8.118215e+01 8.677238e+01 3.380000e+01
    endloop
  endfacet
  facet normal -9.033703e-15 -8.539363e-16 1.000000e+00
    outer loop
      vertex   8.118215e+01 8.677238e+01 3.380000e+01
      vertex   7.830000e+01 9.230000e+01 3.380000e+01
      vertex   8.120358e+01 8.654567e+01 3.380000e+01
    endloop
  endfacet
  facet normal 5.424985e-08 2.737398e-08 1.000000e+00
    outer loop
      vertex   8.120358e+01 8.654567e+01 3.380000e+01
      vertex   7.830000e+01 9.230000e+01 3.380000e+01
      vertex   7.830000e+01 7.880000e+01 3.380000e+01
    endloop
  endfacet
  facet normal 8.947095e-08 1.417081e-08 1.000000e+00
    outer loop
      vertex   8.120358e+01 8.654567e+01 3.380000e+01
      vertex   7.830000e+01 7.880000e+01 3.380000e+01
      vertex   8.123921e+01 8.632074e+01 3.380000e+01
    endloop
  endfacet
  facet normal 7.998382e-08 1.787850e-08 1.000000e+00
    outer loop
      vertex   8.123921e+01 8.632074e+01 3.380000e+01
      vertex   7.830000e+01 7.880000e+01 3.380000e+01
      vertex   8.128889e+01 8.609850e+01 3.380000e+01
    endloop
  endfacet
  facet normal 7.232870e-08 2.101343e-08 1.000000e+00
    outer loop
      vertex   8.128889e+01 8.609850e+01 3.380000e+01
      vertex   7.830000e+01 7.880000e+01 3.380000e+01
      vertex   8.135242e+01 8.587981e+01 3.380000e+01
    endloop
  endfacet
  facet normal 6.597542e-08 2.375261e-08 1.000000e+00
    outer loop
      vertex   8.135242e+01 8.587981e+01 3.380000e+01
      vertex   7.830000e+01 7.880000e+01 3.380000e+01
      vertex   8.142956e+01 8.566555e+01 3.380000e+01
    endloop
  endfacet
  facet normal 6.057632e-08 2.621371e-08 1.000000e+00
    outer loop
      vertex   8.142956e+01 8.566555e+01 3.380000e+01
      vertex   7.830000e+01 7.880000e+01 3.380000e+01
      vertex   8.152000e+01 8.545655e+01 3.380000e+01
    endloop
  endfacet
  facet normal 5.589329e-08 2.847906e-08 1.000000e+00
    outer loop
      vertex   8.152000e+01 8.545655e+01 3.380000e+01
      vertex   7.830000e+01 7.880000e+01 3.380000e+01
      vertex   8.162339e+01 8.525364e+01 3.380000e+01
    endloop
  endfacet
  facet normal 5.175708e-08 3.060905e-08 1.000000e+00
    outer loop
      vertex   8.162339e+01 8.525364e+01 3.380000e+01
      vertex   7.830000e+01 7.880000e+01 3.380000e+01
      vertex   8.173931e+01 8.505763e+01 3.380000e+01
    endloop
  endfacet
  facet normal 4.804332e-08 3.265021e-08 1.000000e+00
    outer loop
      vertex   8.173931e+01 8.505763e+01 3.380000e+01
      vertex   7.830000e+01 7.880000e+01 3.380000e+01
      vertex   8.186731e+01 8.486928e+01 3.380000e+01
    endloop
  endfacet
  facet normal 4.465774e-08 3.464013e-08 1.000000e+00
    outer loop
      vertex   8.186731e+01 8.486928e+01 3.380000e+01
      vertex   7.830000e+01 7.880000e+01 3.380000e+01
      vertex   8.200689e+01 8.468934e+01 3.380000e+01
    endloop
  endfacet
  facet normal 4.152681e-08 3.661081e-08 1.000000e+00
    outer loop
      vertex   8.200689e+01 8.468934e+01 3.380000e+01
      vertex   7.830000e+01 7.880000e+01 3.380000e+01
      vertex   8.215749e+01 8.451852e+01 3.380000e+01
    endloop
  endfacet
  facet normal 3.859112e-08 3.859112e-08 1.000000e+00
    outer loop
      vertex   8.215749e+01 8.451852e+01 3.380000e+01
      vertex   7.830000e+01 7.880000e+01 3.380000e+01
      vertex   8.231852e+01 8.435749e+01 3.380000e+01
    endloop
  endfacet
  facet normal 3.580118e-08 4.060847e-08 1.000000e+00
    outer loop
      vertex   8.231852e+01 8.435749e+01 3.380000e+01
      vertex   7.830000e+01 7.880000e+01 3.380000e+01
      vertex   8.248934e+01 8.420689e+01 3.380000e+01
    endloop
  endfacet
  facet normal 6.292112e-08 1.959554e-08 1.000000e+00
    outer loop
      vertex   8.248934e+01 8.420689e+01 3.380000e+01
      vertex   7.830000e+01 7.880000e+01 3.380000e+01
      vertex   8.357164e+01 8.073161e+01 3.380000e+01
    endloop
  endfacet
  facet normal -8.366371e-15 7.908549e-16 1.000000e+00
    outer loop
      vertex   8.118215e+01 8.722762e+01 3.380000e+01
      vertex   8.120358e+01 8.745433e+01 3.380000e+01
      vertex   8.109527e+01 9.529301e+01 3.380000e+01
    endloop
  endfacet
  facet normal -5.263921e-15 8.337232e-16 1.000000e+00
    outer loop
      vertex   8.109527e+01 9.529301e+01 3.380000e+01
      vertex   8.120358e+01 8.745433e+01 3.380000e+01
      vertex   8.123921e+01 8.767926e+01 3.380000e+01
    endloop
  endfacet
  facet normal 1.280285e-13 3.353583e-15 1.000000e+00
    outer loop
      vertex   8.109527e+01 9.529301e+01 3.380000e+01
      vertex   8.123921e+01 8.767926e+01 3.380000e+01
      vertex   8.128889e+01 8.790150e+01 3.380000e+01
    endloop
  endfacet
  facet normal 0.000000e+00 -0.000000e+00 1.000000e+00
    outer loop
      vertex   8.128889e+01 8.790150e+01 3.380000e+01
      vertex   8.135242e+01 8.812019e+01 3.380000e+01
      vertex   8.109527e+01 9.529301e+01 3.380000e+01
    endloop
  endfacet
  facet normal 0.000000e+00 0.000000e+00 1.000000e+00
    outer loop
      vertex   8.109527e+01 9.529301e+01 3.380000e+01
      vertex   8.135242e+01 8.812019e+01 3.380000e+01
      vertex   8.142956e+01 8.833445e+01 3.380000e+01
    endloop
  endfacet
  facet normal 0.000000e+00 0.000000e+00 1.000000e+00
    outer loop
      vertex   8.109527e+01 9.529301e+01 3.380000e+01
      vertex   8.142956e+01 8.833445e+01 3.380000e+01
      vertex   8.152000e+01 8.854345e+01 3.380000e+01
    endloop
  endfacet
  facet normal 0.000000e+00 -0.000000e+00 1.000000e+00
    outer loop
      vertex   8.152000e+01 8.854345e+01 3.380000e+01
      vertex   8.162339e+01 8.874636e+01 3.380000e+01
      vertex   8.109527e+01 9.529301e+01 3.380000e+01
    endloop
  endfacet
  facet normal 0.000000e+00 0.000000e+00 1.000000e+00
    outer loop
      vertex   8.109527e+01 9.529301e+01 3.380000e+01
      vertex   8.162339e+01 8.874636e+01 3.380000e+01
      vertex   8.173931e+01 8.894237e+01 3.380000e+01
    endloop
  endfacet
  facet normal 0.000000e+00 0.000000e+00 1.000000e+00
    outer loop
      vertex   8.109527e+01 9.529301e+01 3.380000e+01
      vertex   8.173931e+01 8.894237e+01 3.380000e+01
      vertex   8.186731e+01 8.913072e+01 3.380000e+01
    endloop
  endfacet
  facet normal 0.000000e+00 -0.000000e+00 1.000000e+00
    outer loop
      vertex   8.186731e+01 8.913072e+01 3.380000e+01
      vertex   8.200689e+01 8.931066e+01 3.380000e+01
      vertex   8.109527e+01 9.529301e+01 3.380000e+01
    endloop
  endfacet
  facet normal 0.000000e+00 0.000000e+00 1.000000e+00
    outer loop
      vertex   8.109527e+01 9.529301e+01 3.380000e+01
      vertex   8.200689e+01 8.931066e+01 3.380000e+01
      vertex   8.215749e+01 8.948148e+01 3.380000e+01
    endloop
  endfacet
  facet normal 0.000000e+00 0.000000e+00 1.000000e+00
    outer loop
      vertex   8.109527e+01 9.529301e+01 3.380000e+01
      vertex   8.215749e+01 8.948148e+01 3.380000e+01
      vertex   8.231852e+01 8.964251e+01 3.380000e+01
    endloop
  endfacet
  facet normal 0.000000e+00 -0.000000e+00 1.000000e+00
    outer loop
      vertex   8.231852e+01 8.964251e+01 3.380000e+01
      vertex   8.248934e+01 8.979311e+01 3.380000e+01
      vertex   8.109527e+01 9.529301e+01 3.380000e+01
    endloop
  endfacet
  facet normal 0.000000e+00 0.000000e+00 1.000000e+00
    outer loop
      vertex   8.109527e+01 9.529301e+01 3.380000e+01
      vertex   8.248934e+01 8.979311e+01 3.380000e+01
      vertex   8.266928e+01 8.993269e+01 3.380000e+01
    endloop
  endfacet
  facet normal -3.684951e-15 -1.082050e-15 1.000000e+00
    outer loop
      vertex   8.109527e+01 9.529301e+01 3.380000e+01
      vertex   8.266928e+01 8.993269e+01 3.380000e+01
      vertex   8.355000e+01 9.350000e+01 3.380000e+01
    endloop
  endfacet
  facet normal 1.626544e-15 -2.393386e-15 1.000000e+00
    outer loop
      vertex   8.355000e+01 9.350000e+01 3.380000e+01
      vertex   8.266928e+01 8.993269e+01 3.380000e+01
      vertex   8.285763e+01 9.006069e+01 3.380000e+01
    endloop
  endfacet
  facet normal 1.386916e-15 -2.345147e-15 1.000000e+00
    outer loop
      vertex   8.355000e+01 9.350000e+01 3.380000e+01
      vertex   8.285763e+01 9.006069e+01 3.380000e+01
      vertex   8.305364e+01 9.017661e+01 3.380000e+01
    endloop
  endfacet
  facet normal 1.179097e-15 -2.314108e-15 1.000000e+00
    outer loop
      vertex   8.305364e+01 9.017661e+01 3.380000e+01
      vertex   8.325655e+01 9.028000e+01 3.380000e+01
      vertex   8.355000e+01 9.350000e+01 3.380000e+01
    endloop
  endfacet
  facet normal 9.941087e-16 -2.297250e-15 1.000000e+00
    outer loop
      vertex   8.355000e+01 9.350000e+01 3.380000e+01
      vertex   8.325655e+01 9.028000e+01 3.380000e+01
      vertex   8.346555e+01 9.037044e+01 3.380000e+01
    endloop
  endfacet
  facet normal -2.828032e-14 -1.507276e-15 1.000000e+00
    outer loop
      vertex   8.355000e+01 9.350000e+01 3.380000e+01
      vertex   8.346555e+01 9.037044e+01 3.380000e+01
      vertex   8.355708e+01 9.336713e+01 3.380000e+01
    endloop
  endfacet
  facet normal -1.237137e-14 -1.993210e-15 1.000000e+00
    outer loop
      vertex   8.355708e+01 9.336713e+01 3.380000e+01
      vertex   8.346555e+01 9.037044e+01 3.380000e+01
      vertex   8.357825e+01 9.323577e+01 3.380000e+01
    endloop
  endfacet
  facet normal -7.946980e-15 -2.167227e-15 1.000000e+00
    outer loop
      vertex   8.357825e+01 9.323577e+01 3.380000e+01
      vertex   8.346555e+01 9.037044e+01 3.380000e+01
      vertex   8.361325e+01 9.310740e+01 3.380000e+01
    endloop
  endfacet
  facet normal -5.834252e-15 -2.281243e-15 1.000000e+00
    outer loop
      vertex   8.361325e+01 9.310740e+01 3.380000e+01
      vertex   8.346555e+01 9.037044e+01 3.380000e+01
      vertex   8.366171e+01 9.298348e+01 3.380000e+01
    endloop
  endfacet
  facet normal -4.572441e-15 -2.375966e-15 1.000000e+00
    outer loop
      vertex   8.366171e+01 9.298348e+01 3.380000e+01
      vertex   8.346555e+01 9.037044e+01 3.380000e+01
      vertex   8.372306e+01 9.286542e+01 3.380000e+01
    endloop
  endfacet
  facet normal -3.715030e-15 -2.464460e-15 1.000000e+00
    outer loop
      vertex   8.372306e+01 9.286542e+01 3.380000e+01
      vertex   8.346555e+01 9.037044e+01 3.380000e+01
      vertex   8.379661e+01 9.275454e+01 3.380000e+01
    endloop
  endfacet
  facet normal -3.079085e-15 -2.552769e-15 1.000000e+00
    outer loop
      vertex   8.379661e+01 9.275454e+01 3.380000e+01
      vertex   8.346555e+01 9.037044e+01 3.380000e+01
      vertex   8.388153e+01 9.265211e+01 3.380000e+01
    endloop
  endfacet
  facet normal -2.575154e-15 -2.644643e-15 1.000000e+00
    outer loop
      vertex   8.388153e+01 9.265211e+01 3.380000e+01
      vertex   8.346555e+01 9.037044e+01 3.380000e+01
      vertex   8.397686e+01 9.255929e+01 3.380000e+01
    endloop
  endfacet
  facet normal 1.276017e-15 -3.544273e-15 1.000000e+00
    outer loop
      vertex   8.397686e+01 9.255929e+01 3.380000e+01
      vertex   8.346555e+01 9.037044e+01 3.380000e+01
      vertex   8.367981e+01 9.044758e+01 3.380000e+01
    endloop
  endfacet
  facet normal -2.378972e-15 -3.030137e-15 1.000000e+00
    outer loop
      vertex   8.397686e+01 9.255929e+01 3.380000e+01
      vertex   8.367981e+01 9.044758e+01 3.380000e+01
      vertex   8.408152e+01 9.247712e+01 3.380000e+01
    endloop
  endfacet
  facet normal -1.949162e-15 -3.115208e-15 1.000000e+00
    outer loop
      vertex   8.408152e+01 9.247712e+01 3.380000e+01
      vertex   8.367981e+01 9.044758e+01 3.380000e+01
      vertex   8.419431e+01 9.240655e+01 3.380000e+01
    endloop
  endfacet
  facet normal 1.140828e-15 -3.926755e-15 1.000000e+00
    outer loop
      vertex   8.419431e+01 9.240655e+01 3.380000e+01
      vertex   8.367981e+01 9.044758e+01 3.380000e+01
      vertex   8.389850e+01 9.051111e+01 3.380000e+01
    endloop
  endfacet
  facet normal -1.694300e-15 -3.484288e-15 1.000000e+00
    outer loop
      vertex   8.419431e+01 9.240655e+01 3.380000e+01
      vertex   8.389850e+01 9.051111e+01 3.380000e+01
      vertex   8.431397e+01 9.234836e+01 3.380000e+01
    endloop
  endfacet
  facet normal 9.104975e-16 -4.073332e-15 1.000000e+00
    outer loop
      vertex   8.431397e+01 9.234836e+01 3.380000e+01
      vertex   8.389850e+01 9.051111e+01 3.380000e+01
      vertex   8.412074e+01 9.056079e+01 3.380000e+01
    endloop
  endfacet
  facet normal -1.379666e-15 -3.825777e-15 1.000000e+00
    outer loop
      vertex   8.431397e+01 9.234836e+01 3.380000e+01
      vertex   8.412074e+01 9.056079e+01 3.380000e+01
      vertex   8.443914e+01 9.230322e+01 3.380000e+01
    endloop
  endfacet
  facet normal 3.319695e-14 -1.014392e-14 1.000000e+00
    outer loop
      vertex   8.443914e+01 9.230322e+01 3.380000e+01
      vertex   8.412074e+01 9.056079e+01 3.380000e+01
      vertex   8.434567e+01 9.059642e+01 3.380000e+01
    endloop
  endfacet
  facet normal -2.007240e-15 -8.216069e-15 1.000000e+00
    outer loop
      vertex   8.443914e+01 9.230322e+01 3.380000e+01
      vertex   8.434567e+01 9.059642e+01 3.380000e+01
      vertex   8.456839e+01 9.227164e+01 3.380000e+01
    endloop
  endfacet
  facet normal 8.120790e-16 -8.590898e-15 1.000000e+00
    outer loop
      vertex   8.456839e+01 9.227164e+01 3.380000e+01
      vertex   8.434567e+01 9.059642e+01 3.380000e+01
      vertex   8.457238e+01 9.061785e+01 3.380000e+01
    endloop
  endfacet
  facet normal -1.151044e-15 -8.595641e-15 1.000000e+00
    outer loop
      vertex   8.456839e+01 9.227164e+01 3.380000e+01
      vertex   8.457238e+01 9.061785e+01 3.380000e+01
      vertex   8.470027e+01 9.225398e+01 3.380000e+01
    endloop
  endfacet
  facet normal 2.736284e-16 -8.706996e-15 1.000000e+00
    outer loop
      vertex   8.470027e+01 9.225398e+01 3.380000e+01
      vertex   8.457238e+01 9.061785e+01 3.380000e+01
      vertex   8.480000e+01 9.062500e+01 3.380000e+01
    endloop
  endfacet
  facet normal -2.326924e-16 -8.737994e-15 1.000000e+00
    outer loop
      vertex   8.470027e+01 9.225398e+01 3.380000e+01
      vertex   8.480000e+01 9.062500e+01 3.380000e+01
      vertex   8.483328e+01 9.225044e+01 3.380000e+01
    endloop
  endfacet
  facet normal -2.745756e-16 -8.737137e-15 1.000000e+00
    outer loop
      vertex   8.483328e+01 9.225044e+01 3.380000e+01
      vertex   8.480000e+01 9.062500e+01 3.380000e+01
      vertex   8.502762e+01 9.061785e+01 3.380000e+01
    endloop
  endfacet
  facet normal 6.901399e-16 -8.622300e-15 1.000000e+00
    outer loop
      vertex   8.483328e+01 9.225044e+01 3.380000e+01
      vertex   8.502762e+01 9.061785e+01 3.380000e+01
      vertex   8.496591e+01 9.226106e+01 3.380000e+01
    endloop
  endfacet
  facet normal -8.204096e-16 -8.679027e-15 1.000000e+00
    outer loop
      vertex   8.496591e+01 9.226106e+01 3.380000e+01
      vertex   8.502762e+01 9.061785e+01 3.380000e+01
      vertex   8.525433e+01 9.059642e+01 3.380000e+01
    endloop
  endfacet
  facet normal 1.558736e-15 -8.266801e-15 1.000000e+00
    outer loop
      vertex   8.496591e+01 9.226106e+01 3.380000e+01
      vertex   8.525433e+01 9.059642e+01 3.380000e+01
      vertex   8.509666e+01 9.228571e+01 3.380000e+01
    endloop
  endfacet
  facet normal 2.467127e-15 -8.182015e-15 1.000000e+00
    outer loop
      vertex   8.509666e+01 9.228571e+01 3.380000e+01
      vertex   8.525433e+01 9.059642e+01 3.380000e+01
      vertex   8.522405e+01 9.232412e+01 3.380000e+01
    endloop
  endfacet
  facet normal -3.298463e-14 -8.803436e-15 1.000000e+00
    outer loop
      vertex   8.522405e+01 9.232412e+01 3.380000e+01
      vertex   8.525433e+01 9.059642e+01 3.380000e+01
      vertex   8.547926e+01 9.056079e+01 3.380000e+01
    endloop
  endfacet
  facet normal 1.602705e-15 -3.797582e-15 1.000000e+00
    outer loop
      vertex   8.522405e+01 9.232412e+01 3.380000e+01
      vertex   8.547926e+01 9.056079e+01 3.380000e+01
      vertex   8.534663e+01 9.237586e+01 3.380000e+01
    endloop
  endfacet
  facet normal -8.895654e-16 -3.979687e-15 1.000000e+00
    outer loop
      vertex   8.534663e+01 9.237586e+01 3.380000e+01
      vertex   8.547926e+01 9.056079e+01 3.380000e+01
      vertex   8.570150e+01 9.051111e+01 3.380000e+01
    endloop
  endfacet
  facet normal 1.909391e-15 -3.447037e-15 1.000000e+00
    outer loop
      vertex   8.534663e+01 9.237586e+01 3.380000e+01
      vertex   8.570150e+01 9.051111e+01 3.380000e+01
      vertex   8.546303e+01 9.244033e+01 3.380000e+01
    endloop
  endfacet
  facet normal -1.109887e-15 -3.820256e-15 1.000000e+00
    outer loop
      vertex   8.546303e+01 9.244033e+01 3.380000e+01
      vertex   8.570150e+01 9.051111e+01 3.380000e+01
      vertex   8.592019e+01 9.044758e+01 3.380000e+01
    endloop
  endfacet
  facet normal 2.156974e-15 -3.070801e-15 1.000000e+00
    outer loop
      vertex   8.546303e+01 9.244033e+01 3.380000e+01
      vertex   8.592019e+01 9.044758e+01 3.380000e+01
      vertex   8.557191e+01 9.251681e+01 3.380000e+01
    endloop
  endfacet
  facet normal -1.316008e-15 -3.655353e-15 1.000000e+00
    outer loop
      vertex   8.557191e+01 9.251681e+01 3.380000e+01
      vertex   8.592019e+01 9.044758e+01 3.380000e+01
      vertex   8.613445e+01 9.037044e+01 3.380000e+01
    endloop
  endfacet
  facet normal 2.356304e-15 -2.692870e-15 1.000000e+00
    outer loop
      vertex   8.557191e+01 9.251681e+01 3.380000e+01
      vertex   8.613445e+01 9.037044e+01 3.380000e+01
      vertex   8.567204e+01 9.260443e+01 3.380000e+01
    endloop
  endfacet
  facet normal -1.511783e-15 -3.493523e-15 1.000000e+00
    outer loop
      vertex   8.567204e+01 9.260443e+01 3.380000e+01
      vertex   8.613445e+01 9.037044e+01 3.380000e+01
      vertex   8.634345e+01 9.028000e+01 3.380000e+01
    endloop
  endfacet
  facet normal 2.522137e-15 -2.328328e-15 1.000000e+00
    outer loop
      vertex   8.567204e+01 9.260443e+01 3.380000e+01
      vertex   8.634345e+01 9.028000e+01 3.380000e+01
      vertex   8.576229e+01 9.270219e+01 3.380000e+01
    endloop
  endfacet
  facet normal -1.702849e-15 -3.342029e-15 1.000000e+00
    outer loop
      vertex   8.576229e+01 9.270219e+01 3.380000e+01
      vertex   8.634345e+01 9.028000e+01 3.380000e+01
      vertex   8.654636e+01 9.017661e+01 3.380000e+01
    endloop
  endfacet
  facet normal 2.670788e-15 -1.984238e-15 1.000000e+00
    outer loop
      vertex   8.576229e+01 9.270219e+01 3.380000e+01
      vertex   8.654636e+01 9.017661e+01 3.380000e+01
      vertex   8.584164e+01 9.280900e+01 3.380000e+01
    endloop
  endfacet
  facet normal -1.896596e-15 -3.206969e-15 1.000000e+00
    outer loop
      vertex   8.584164e+01 9.280900e+01 3.380000e+01
      vertex   8.654636e+01 9.017661e+01 3.380000e+01
      vertex   8.674237e+01 9.006069e+01 3.380000e+01
    endloop
  endfacet
  facet normal 2.819439e-15 -1.661338e-15 1.000000e+00
    outer loop
      vertex   8.584164e+01 9.280900e+01 3.380000e+01
      vertex   8.674237e+01 9.006069e+01 3.380000e+01
      vertex   8.590919e+01 9.292363e+01 3.380000e+01
    endloop
  endfacet
  facet normal -2.102499e-15 -3.093734e-15 1.000000e+00
    outer loop
      vertex   8.590919e+01 9.292363e+01 3.380000e+01
      vertex   8.674237e+01 9.006069e+01 3.380000e+01
      vertex   8.693072e+01 8.993269e+01 3.380000e+01
    endloop
  endfacet
  facet normal 2.987090e-15 -1.355430e-15 1.000000e+00
    outer loop
      vertex   8.590919e+01 9.292363e+01 3.380000e+01
      vertex   8.693072e+01 8.993269e+01 3.380000e+01
      vertex   8.596417e+01 9.304480e+01 3.380000e+01
    endloop
  endfacet
  facet normal -2.333044e-15 -3.007743e-15 1.000000e+00
    outer loop
      vertex   8.596417e+01 9.304480e+01 3.380000e+01
      vertex   8.693072e+01 8.993269e+01 3.380000e+01
      vertex   8.711066e+01 8.979311e+01 3.380000e+01
    endloop
  endfacet
  facet normal 3.197467e-15 -1.057776e-15 1.000000e+00
    outer loop
      vertex   8.596417e+01 9.304480e+01 3.380000e+01
      vertex   8.711066e+01 8.979311e+01 3.380000e+01
      vertex   8.600596e+01 9.317112e+01 3.380000e+01
    endloop
  endfacet
  facet normal -2.605680e-15 -2.955564e-15 1.000000e+00
    outer loop
      vertex   8.600596e+01 9.317112e+01 3.380000e+01
      vertex   8.711066e+01 8.979311e+01 3.380000e+01
      vertex   8.728148e+01 8.964251e+01 3.380000e+01
    endloop
  endfacet
  facet normal 3.485351e-15 -7.537755e-16 1.000000e+00
    outer loop
      vertex   8.600596e+01 9.317112e+01 3.380000e+01
      vertex   8.728148e+01 8.964251e+01 3.380000e+01
      vertex   8.603409e+01 9.330117e+01 3.380000e+01
    endloop
  endfacet
  facet normal 2.220612e-15 -1.184981e-15 1.000000e+00
    outer loop
      vertex   8.603409e+01 9.330117e+01 3.380000e+01
      vertex   8.728148e+01 8.964251e+01 3.380000e+01
      vertex   9.670000e+01 9.530000e+01 3.380000e+01
    endloop
  endfacet
  facet normal 2.039398e-15 -2.180098e-16 1.000000e+00
    outer loop
      vertex   8.603409e+01 9.330117e+01 3.380000e+01
      vertex   9.670000e+01 9.530000e+01 3.380000e+01
      vertex   8.604823e+01 9.343347e+01 3.380000e+01
    endloop
  endfacet
  facet normal 2.001196e-15 -0.000000e+00 1.000000e+00
    outer loop
      vertex   8.604823e+01 9.343347e+01 3.380000e+01
      vertex   9.670000e+01 9.530000e+01 3.380000e+01
      vertex   8.604823e+01 9.356653e+01 3.380000e+01
    endloop
  endfacet
  facet normal 1.966977e-15 2.102681e-16 1.000000e+00
    outer loop
      vertex   8.604823e+01 9.356653e+01 3.380000e+01
      vertex   9.670000e+01 9.530000e+01 3.380000e+01
      vertex   8.603409e+01 9.369883e+01 3.380000e+01
    endloop
  endfacet
  facet normal 1.935697e-15 4.186324e-16 1.000000e+00
    outer loop
      vertex   8.603409e+01 9.369883e+01 3.380000e+01
      vertex   9.670000e+01 9.530000e+01 3.380000e+01
      vertex   8.600596e+01 9.382888e+01 3.380000e+01
    endloop
  endfacet
  facet normal 1.906523e-15 6.307099e-16 1.000000e+00
    outer loop
      vertex   8.600596e+01 9.382888e+01 3.380000e+01
      vertex   9.670000e+01 9.530000e+01 3.380000e+01
      vertex   8.596417e+01 9.395520e+01 3.380000e+01
    endloop
  endfacet
  facet normal 1.878741e-15 8.525026e-16 1.000000e+00
    outer loop
      vertex   8.596417e+01 9.395520e+01 3.380000e+01
      vertex   9.670000e+01 9.530000e+01 3.380000e+01
      vertex   8.590919e+01 9.407637e+01 3.380000e+01
    endloop
  endfacet
  facet normal 1.851685e-15 1.091095e-15 1.000000e+00
    outer loop
      vertex   8.590919e+01 9.407637e+01 3.380000e+01
      vertex   9.670000e+01 9.530000e+01 3.380000e+01
      vertex   8.584164e+01 9.419100e+01 3.380000e+01
    endloop
  endfacet
  facet normal -4.490750e-15 6.319065e-14 1.000000e+00
    outer loop
      vertex   8.584164e+01 9.419100e+01 3.380000e+01
      vertex   9.670000e+01 9.530000e+01 3.380000e+01
      vertex   8.576229e+01 9.429781e+01 3.380000e+01
    endloop
  endfacet
  facet normal 1.197925e-15 1.105873e-15 1.000000e+00
    outer loop
      vertex   8.576229e+01 9.429781e+01 3.380000e+01
      vertex   9.670000e+01 9.530000e+01 3.380000e+01
      vertex   8.567204e+01 9.439557e+01 3.380000e+01
    endloop
  endfacet
  facet normal 1.178192e-15 1.346481e-15 1.000000e+00
    outer loop
      vertex   8.567204e+01 9.439557e+01 3.380000e+01
      vertex   9.670000e+01 9.530000e+01 3.380000e+01
      vertex   8.557191e+01 9.448319e+01 3.380000e+01
    endloop
  endfacet
  facet normal 1.156204e-15 1.646044e-15 1.000000e+00
    outer loop
      vertex   8.557191e+01 9.448319e+01 3.380000e+01
      vertex   9.670000e+01 9.530000e+01 3.380000e+01
      vertex   8.546303e+01 9.455967e+01 3.380000e+01
    endloop
  endfacet
  facet normal 1.130223e-15 2.040399e-15 1.000000e+00
    outer loop
      vertex   8.546303e+01 9.455967e+01 3.380000e+01
      vertex   9.670000e+01 9.530000e+01 3.380000e+01
      vertex   8.534663e+01 9.462414e+01 3.380000e+01
    endloop
  endfacet
  facet normal 1.096956e-15 2.599219e-15 1.000000e+00
    outer loop
      vertex   8.534663e+01 9.462414e+01 3.380000e+01
      vertex   9.670000e+01 9.530000e+01 3.380000e+01
      vertex   8.522405e+01 9.467588e+01 3.380000e+01
    endloop
  endfacet
  facet normal 1.049096e-15 3.479237e-15 1.000000e+00
    outer loop
      vertex   8.522405e+01 9.467588e+01 3.380000e+01
      vertex   9.670000e+01 9.530000e+01 3.380000e+01
      vertex   8.509666e+01 9.471429e+01 3.380000e+01
    endloop
  endfacet
  facet normal 9.660882e-16 5.123677e-15 1.000000e+00
    outer loop
      vertex   8.509666e+01 9.471429e+01 3.380000e+01
      vertex   9.670000e+01 9.530000e+01 3.380000e+01
      vertex   8.496591e+01 9.473894e+01 3.380000e+01
    endloop
  endfacet
  facet normal 0.000000e+00 2.532861e-14 1.000000e+00
    outer loop
      vertex   8.496591e+01 9.473894e+01 3.380000e+01
      vertex   9.670000e+01 9.530000e+01 3.380000e+01
      vertex   8.130000e+01 9.530000e+01 3.380000e+01
    endloop
  endfacet
  facet normal 4.250016e-15 5.309781e-14 1.000000e+00
    outer loop
      vertex   8.496591e+01 9.473894e+01 3.380000e+01
      vertex   8.130000e+01 9.530000e+01 3.380000e+01
      vertex   8.483328e+01 9.474956e+01 3.380000e+01
    endloop
  endfacet
  facet normal -5.871440e-16 2.204825e-14 1.000000e+00
    outer loop
      vertex   8.483328e+01 9.474956e+01 3.380000e+01
      vertex   8.130000e+01 9.530000e+01 3.380000e+01
      vertex   8.470027e+01 9.474602e+01 3.380000e+01
    endloop
  endfacet
  facet normal -1.885415e-15 1.407969e-14 1.000000e+00
    outer loop
      vertex   8.470027e+01 9.474602e+01 3.380000e+01
      vertex   8.130000e+01 9.530000e+01 3.380000e+01
      vertex   8.456839e+01 9.472836e+01 3.380000e+01
    endloop
  endfacet
  facet normal -2.533916e-15 1.037187e-14 1.000000e+00
    outer loop
      vertex   8.456839e+01 9.472836e+01 3.380000e+01
      vertex   8.130000e+01 9.530000e+01 3.380000e+01
      vertex   8.443914e+01 9.469678e+01 3.380000e+01
    endloop
  endfacet
  facet normal -2.953300e-15 8.189422e-15 1.000000e+00
    outer loop
      vertex   8.443914e+01 9.469678e+01 3.380000e+01
      vertex   8.130000e+01 9.530000e+01 3.380000e+01
      vertex   8.431397e+01 9.465164e+01 3.380000e+01
    endloop
  endfacet
  facet normal -3.268886e-15 6.722387e-15 1.000000e+00
    outer loop
      vertex   8.431397e+01 9.465164e+01 3.380000e+01
      vertex   8.130000e+01 9.530000e+01 3.380000e+01
      vertex   8.419431e+01 9.459345e+01 3.380000e+01
    endloop
  endfacet
  facet normal -3.531933e-15 5.644840e-15 1.000000e+00
    outer loop
      vertex   8.419431e+01 9.459345e+01 3.380000e+01
      vertex   8.130000e+01 9.530000e+01 3.380000e+01
      vertex   8.408152e+01 9.452288e+01 3.380000e+01
    endloop
  endfacet
  facet normal -3.768109e-15 4.799504e-15 1.000000e+00
    outer loop
      vertex   8.408152e+01 9.452288e+01 3.380000e+01
      vertex   8.130000e+01 9.530000e+01 3.380000e+01
      vertex   8.397686e+01 9.444071e+01 3.380000e+01
    endloop
  endfacet
  facet normal -3.992559e-15 4.100296e-15 1.000000e+00
    outer loop
      vertex   8.397686e+01 9.444071e+01 3.380000e+01
      vertex   8.130000e+01 9.530000e+01 3.380000e+01
      vertex   8.388153e+01 9.434789e+01 3.380000e+01
    endloop
  endfacet
  facet normal -4.215750e-15 3.495140e-15 1.000000e+00
    outer loop
      vertex   8.388153e+01 9.434789e+01 3.380000e+01
      vertex   8.130000e+01 9.530000e+01 3.380000e+01
      vertex   8.379661e+01 9.424546e+01 3.380000e+01
    endloop
  endfacet
  facet normal 1.669758e-14 5.300714e-14 1.000000e+00
    outer loop
      vertex   8.379661e+01 9.424546e+01 3.380000e+01
      vertex   8.130000e+01 9.530000e+01 3.380000e+01
      vertex   8.372306e+01 9.413458e+01 3.380000e+01
    endloop
  endfacet
  facet normal -7.038234e-15 3.657260e-15 1.000000e+00
    outer loop
      vertex   8.372306e+01 9.413458e+01 3.380000e+01
      vertex   8.130000e+01 9.530000e+01 3.380000e+01
      vertex   8.366171e+01 9.401652e+01 3.380000e+01
    endloop
  endfacet
  facet normal -7.443978e-15 2.910661e-15 1.000000e+00
    outer loop
      vertex   8.366171e+01 9.401652e+01 3.380000e+01
      vertex   8.130000e+01 9.530000e+01 3.380000e+01
      vertex   8.361325e+01 9.389260e+01 3.380000e+01
    endloop
  endfacet
  facet normal -7.903504e-15 2.155370e-15 1.000000e+00
    outer loop
      vertex   8.361325e+01 9.389260e+01 3.380000e+01
      vertex   8.130000e+01 9.530000e+01 3.380000e+01
      vertex   8.357825e+01 9.376423e+01 3.380000e+01
    endloop
  endfacet
  facet normal -8.439815e-15 1.359779e-15 1.000000e+00
    outer loop
      vertex   8.357825e+01 9.376423e+01 3.380000e+01
      vertex   8.130000e+01 9.530000e+01 3.380000e+01
      vertex   8.355708e+01 9.363287e+01 3.380000e+01
    endloop
  endfacet
  facet normal -9.086473e-15 4.842882e-16 1.000000e+00
    outer loop
      vertex   8.355708e+01 9.363287e+01 3.380000e+01
      vertex   8.130000e+01 9.530000e+01 3.380000e+01
      vertex   8.355000e+01 9.350000e+01 3.380000e+01
    endloop
  endfacet
  facet normal 6.618296e-14 9.457106e-14 1.000000e+00
    outer loop
      vertex   8.355000e+01 9.350000e+01 3.380000e+01
      vertex   8.130000e+01 9.530000e+01 3.380000e+01
      vertex   8.109527e+01 9.529301e+01 3.380000e+01
    endloop
  endfacet
  facet normal -0.000000e+00 -0.000000e+00 1.000000e+00
    outer loop
      vertex   8.744251e+01 8.948148e+01 3.380000e+01
      vertex   9.120027e+01 8.824602e+01 3.380000e+01
      vertex   8.728148e+01 8.964251e+01 3.380000e+01
    endloop
  endfacet
  facet normal 0.000000e+00 0.000000e+00 1.000000e+00
    outer loop
      vertex   8.728148e+01 8.964251e+01 3.380000e+01
      vertex   9.120027e+01 8.824602e+01 3.380000e+01
      vertex   9.133328e+01 8.824956e+01 3.380000e+01
    endloop
  endfacet
  facet normal 5.492142e-16 1.597541e-15 1.000000e+00
    outer loop
      vertex   8.728148e+01 8.964251e+01 3.380000e+01
      vertex   9.133328e+01 8.824956e+01 3.380000e+01
      vertex   9.670000e+01 9.530000e+01 3.380000e+01
    endloop
  endfacet
  facet normal 1.520661e-16 1.899846e-15 1.000000e+00
    outer loop
      vertex   9.670000e+01 9.530000e+01 3.380000e+01
      vertex   9.133328e+01 8.824956e+01 3.380000e+01
      vertex   9.146591e+01 8.823894e+01 3.380000e+01
    endloop
  endfacet
  facet normal 3.329424e-16 1.765770e-15 1.000000e+00
    outer loop
      vertex   9.670000e+01 9.530000e+01 3.380000e+01
      vertex   9.146591e+01 8.823894e+01 3.380000e+01
      vertex   9.159666e+01 8.821429e+01 3.380000e+01
    endloop
  endfacet
  facet normal 0.000000e+00 0.000000e+00 1.000000e+00
    outer loop
      vertex   9.120027e+01 8.824602e+01 3.380000e+01
      vertex   8.744251e+01 8.948148e+01 3.380000e+01
      vertex   9.106839e+01 8.822836e+01 3.380000e+01
    endloop
  endfacet
  facet normal 0.000000e+00 0.000000e+00 1.000000e+00
    outer loop
      vertex   9.106839e+01 8.822836e+01 3.380000e+01
      vertex   8.744251e+01 8.948148e+01 3.380000e+01
      vertex   8.759311e+01 8.931066e+01 3.380000e+01
    endloop
  endfacet
  facet normal 0.000000e+00 0.000000e+00 1.000000e+00
    outer loop
      vertex   9.106839e+01 8.822836e+01 3.380000e+01
      vertex   8.759311e+01 8.931066e+01 3.380000e+01
      vertex   9.093914e+01 8.819678e+01 3.380000e+01
    endloop
  endfacet
  facet normal 0.000000e+00 0.000000e+00 1.000000e+00
    outer loop
      vertex   9.093914e+01 8.819678e+01 3.380000e+01
      vertex   8.759311e+01 8.931066e+01 3.380000e+01
      vertex   8.773269e+01 8.913072e+01 3.380000e+01
    endloop
  endfacet
  facet normal 0.000000e+00 0.000000e+00 1.000000e+00
    outer loop
      vertex   9.093914e+01 8.819678e+01 3.380000e+01
      vertex   8.773269e+01 8.913072e+01 3.380000e+01
      vertex   9.081397e+01 8.815164e+01 3.380000e+01
    endloop
  endfacet
  facet normal 0.000000e+00 0.000000e+00 1.000000e+00
    outer loop
      vertex   9.081397e+01 8.815164e+01 3.380000e+01
      vertex   8.773269e+01 8.913072e+01 3.380000e+01
      vertex   8.786069e+01 8.894237e+01 3.380000e+01
    endloop
  endfacet
  facet normal 0.000000e+00 0.000000e+00 1.000000e+00
    outer loop
      vertex   9.081397e+01 8.815164e+01 3.380000e+01
      vertex   8.786069e+01 8.894237e+01 3.380000e+01
      vertex   9.069431e+01 8.809345e+01 3.380000e+01
    endloop
  endfacet
  facet normal 0.000000e+00 0.000000e+00 1.000000e+00
    outer loop
      vertex   9.069431e+01 8.809345e+01 3.380000e+01
      vertex   8.786069e+01 8.894237e+01 3.380000e+01
      vertex   8.797661e+01 8.874636e+01 3.380000e+01
    endloop
  endfacet
  facet normal 0.000000e+00 0.000000e+00 1.000000e+00
    outer loop
      vertex   9.069431e+01 8.809345e+01 3.380000e+01
      vertex   8.797661e+01 8.874636e+01 3.380000e+01
      vertex   9.058152e+01 8.802288e+01 3.380000e+01
    endloop
  endfacet
  facet normal 0.000000e+00 0.000000e+00 1.000000e+00
    outer loop
      vertex   9.058152e+01 8.802288e+01 3.380000e+01
      vertex   8.797661e+01 8.874636e+01 3.380000e+01
      vertex   8.808000e+01 8.854345e+01 3.380000e+01
    endloop
  endfacet
  facet normal 0.000000e+00 0.000000e+00 1.000000e+00
    outer loop
      vertex   9.058152e+01 8.802288e+01 3.380000e+01
      vertex   8.808000e+01 8.854345e+01 3.380000e+01
      vertex   9.047686e+01 8.794071e+01 3.380000e+01
    endloop
  endfacet
  facet normal 0.000000e+00 0.000000e+00 1.000000e+00
    outer loop
      vertex   9.047686e+01 8.794071e+01 3.380000e+01
      vertex   8.808000e+01 8.854345e+01 3.380000e+01
      vertex   8.817044e+01 8.833445e+01 3.380000e+01
    endloop
  endfacet
  facet normal 0.000000e+00 0.000000e+00 1.000000e+00
    outer loop
      vertex   9.047686e+01 8.794071e+01 3.380000e+01
      vertex   8.817044e+01 8.833445e+01 3.380000e+01
      vertex   9.038153e+01 8.784789e+01 3.380000e+01
    endloop
  endfacet
  facet normal 0.000000e+00 0.000000e+00 1.000000e+00
    outer loop
      vertex   9.038153e+01 8.784789e+01 3.380000e+01
      vertex   8.817044e+01 8.833445e+01 3.380000e+01
      vertex   8.824758e+01 8.812019e+01 3.380000e+01
    endloop
  endfacet
  facet normal 0.000000e+00 0.000000e+00 1.000000e+00
    outer loop
      vertex   9.038153e+01 8.784789e+01 3.380000e+01
      vertex   8.824758e+01 8.812019e+01 3.380000e+01
      vertex   9.029661e+01 8.774546e+01 3.380000e+01
    endloop
  endfacet
  facet normal 0.000000e+00 0.000000e+00 1.000000e+00
    outer loop
      vertex   9.029661e+01 8.774546e+01 3.380000e+01
      vertex   8.824758e+01 8.812019e+01 3.380000e+01
      vertex   8.831111e+01 8.790150e+01 3.380000e+01
    endloop
  endfacet
  facet normal 4.786839e-15 6.090843e-14 1.000000e+00
    outer loop
      vertex   9.029661e+01 8.774546e+01 3.380000e+01
      vertex   8.831111e+01 8.790150e+01 3.380000e+01
      vertex   9.022306e+01 8.763458e+01 3.380000e+01
    endloop
  endfacet
  facet normal 7.711148e-16 3.214372e-14 1.000000e+00
    outer loop
      vertex   9.022306e+01 8.763458e+01 3.380000e+01
      vertex   8.831111e+01 8.790150e+01 3.380000e+01
      vertex   8.836079e+01 8.767926e+01 3.380000e+01
    endloop
  endfacet
  facet normal 0.000000e+00 0.000000e+00 1.000000e+00
    outer loop
      vertex   9.022306e+01 8.763458e+01 3.380000e+01
      vertex   8.836079e+01 8.767926e+01 3.380000e+01
      vertex   9.016171e+01 8.751652e+01 3.380000e+01
    endloop
  endfacet
  facet normal 0.000000e+00 0.000000e+00 1.000000e+00
    outer loop
      vertex   9.016171e+01 8.751652e+01 3.380000e+01
      vertex   8.836079e+01 8.767926e+01 3.380000e+01
      vertex   9.011325e+01 8.739260e+01 3.380000e+01
    endloop
  endfacet
  facet normal 0.000000e+00 0.000000e+00 1.000000e+00
    outer loop
      vertex   9.011325e+01 8.739260e+01 3.380000e+01
      vertex   8.836079e+01 8.767926e+01 3.380000e+01
      vertex   8.839642e+01 8.745433e+01 3.380000e+01
    endloop
  endfacet
  facet normal 0.000000e+00 0.000000e+00 1.000000e+00
    outer loop
      vertex   9.011325e+01 8.739260e+01 3.380000e+01
      vertex   8.839642e+01 8.745433e+01 3.380000e+01
      vertex   9.007825e+01 8.726423e+01 3.380000e+01
    endloop
  endfacet
  facet normal 0.000000e+00 0.000000e+00 1.000000e+00
    outer loop
      vertex   9.007825e+01 8.726423e+01 3.380000e+01
      vertex   8.839642e+01 8.745433e+01 3.380000e+01
      vertex   8.841785e+01 8.722762e+01 3.380000e+01
    endloop
  endfacet
  facet normal 0.000000e+00 0.000000e+00 1.000000e+00
    outer loop
      vertex   9.007825e+01 8.726423e+01 3.380000e+01
      vertex   8.841785e+01 8.722762e+01 3.380000e+01
      vertex   9.005708e+01 8.713287e+01 3.380000e+01
    endloop
  endfacet
  facet normal 0.000000e+00 0.000000e+00 1.000000e+00
    outer loop
      vertex   9.005708e+01 8.713287e+01 3.380000e+01
      vertex   8.841785e+01 8.722762e+01 3.380000e+01
      vertex   8.842500e+01 8.700000e+01 3.380000e+01
    endloop
  endfacet
  facet normal 0.000000e+00 0.000000e+00 1.000000e+00
    outer loop
      vertex   9.005708e+01 8.713287e+01 3.380000e+01
      vertex   8.842500e+01 8.700000e+01 3.380000e+01
      vertex   9.005000e+01 8.700000e+01 3.380000e+01
    endloop
  endfacet
  facet normal 0.000000e+00 0.000000e+00 1.000000e+00
    outer loop
      vertex   9.005000e+01 8.700000e+01 3.380000e+01
      vertex   8.842500e+01 8.700000e+01 3.380000e+01
      vertex   9.005708e+01 8.686713e+01 3.380000e+01
    endloop
  endfacet
  facet normal 0.000000e+00 0.000000e+00 1.000000e+00
    outer loop
      vertex   9.005708e+01 8.686713e+01 3.380000e+01
      vertex   8.842500e+01 8.700000e+01 3.380000e+01
      vertex   8.841785e+01 8.677238e+01 3.380000e+01
    endloop
  endfacet
  facet normal 0.000000e+00 0.000000e+00 1.000000e+00
    outer loop
      vertex   9.005708e+01 8.686713e+01 3.380000e+01
      vertex   8.841785e+01 8.677238e+01 3.380000e+01
      vertex   9.007825e+01 8.673577e+01 3.380000e+01
    endloop
  endfacet
  facet normal 0.000000e+00 0.000000e+00 1.000000e+00
    outer loop
      vertex   9.007825e+01 8.673577e+01 3.380000e+01
      vertex   8.841785e+01 8.677238e+01 3.380000e+01
      vertex   8.839642e+01 8.654567e+01 3.380000e+01
    endloop
  endfacet
  facet normal 0.000000e+00 0.000000e+00 1.000000e+00
    outer loop
      vertex   9.007825e+01 8.673577e+01 3.380000e+01
      vertex   8.839642e+01 8.654567e+01 3.380000e+01
      vertex   9.011325e+01 8.660740e+01 3.380000e+01
    endloop
  endfacet
  facet normal 0.000000e+00 0.000000e+00 1.000000e+00
    outer loop
      vertex   9.011325e+01 8.660740e+01 3.380000e+01
      vertex   8.839642e+01 8.654567e+01 3.380000e+01
      vertex   8.836079e+01 8.632074e+01 3.380000e+01
    endloop
  endfacet
  facet normal 0.000000e+00 0.000000e+00 1.000000e+00
    outer loop
      vertex   9.011325e+01 8.660740e+01 3.380000e+01
      vertex   8.836079e+01 8.632074e+01 3.380000e+01
      vertex   9.016171e+01 8.648348e+01 3.380000e+01
    endloop
  endfacet
  facet normal 0.000000e+00 0.000000e+00 1.000000e+00
    outer loop
      vertex   9.016171e+01 8.648348e+01 3.380000e+01
      vertex   8.836079e+01 8.632074e+01 3.380000e+01
      vertex   9.022306e+01 8.636542e+01 3.380000e+01
    endloop
  endfacet
  facet normal 0.000000e+00 0.000000e+00 1.000000e+00
    outer loop
      vertex   9.022306e+01 8.636542e+01 3.380000e+01
      vertex   8.836079e+01 8.632074e+01 3.380000e+01
      vertex   8.831111e+01 8.609850e+01 3.380000e+01
    endloop
  endfacet
  facet normal 0.000000e+00 0.000000e+00 1.000000e+00
    outer loop
      vertex   9.022306e+01 8.636542e+01 3.380000e+01
      vertex   8.831111e+01 8.609850e+01 3.380000e+01
      vertex   9.029661e+01 8.625454e+01 3.380000e+01
    endloop
  endfacet
  facet normal 0.000000e+00 0.000000e+00 1.000000e+00
    outer loop
      vertex   9.029661e+01 8.625454e+01 3.380000e+01
      vertex   8.831111e+01 8.609850e+01 3.380000e+01
      vertex   8.824758e+01 8.587981e+01 3.380000e+01
    endloop
  endfacet
  facet normal 0.000000e+00 0.000000e+00 1.000000e+00
    outer loop
      vertex   9.029661e+01 8.625454e+01 3.380000e+01
      vertex   8.824758e+01 8.587981e+01 3.380000e+01
      vertex   9.038153e+01 8.615211e+01 3.380000e+01
    endloop
  endfacet
  facet normal 0.000000e+00 0.000000e+00 1.000000e+00
    outer loop
      vertex   9.038153e+01 8.615211e+01 3.380000e+01
      vertex   8.824758e+01 8.587981e+01 3.380000e+01
      vertex   8.817044e+01 8.566555e+01 3.380000e+01
    endloop
  endfacet
  facet normal 0.000000e+00 0.000000e+00 1.000000e+00
    outer loop
      vertex   9.038153e+01 8.615211e+01 3.380000e+01
      vertex   8.817044e+01 8.566555e+01 3.380000e+01
      vertex   9.047686e+01 8.605929e+01 3.380000e+01
    endloop
  endfacet
  facet normal 0.000000e+00 0.000000e+00 1.000000e+00
    outer loop
      vertex   9.047686e+01 8.605929e+01 3.380000e+01
      vertex   8.817044e+01 8.566555e+01 3.380000e+01
      vertex   8.808000e+01 8.545655e+01 3.380000e+01
    endloop
  endfacet
  facet normal 0.000000e+00 0.000000e+00 1.000000e+00
    outer loop
      vertex   9.047686e+01 8.605929e+01 3.380000e+01
      vertex   8.808000e+01 8.545655e+01 3.380000e+01
      vertex   9.058152e+01 8.597712e+01 3.380000e+01
    endloop
  endfacet
  facet normal 0.000000e+00 0.000000e+00 1.000000e+00
    outer loop
      vertex   9.058152e+01 8.597712e+01 3.380000e+01
      vertex   8.808000e+01 8.545655e+01 3.380000e+01
      vertex   8.797661e+01 8.525364e+01 3.380000e+01
    endloop
  endfacet
  facet normal 0.000000e+00 0.000000e+00 1.000000e+00
    outer loop
      vertex   9.058152e+01 8.597712e+01 3.380000e+01
      vertex   8.797661e+01 8.525364e+01 3.380000e+01
      vertex   9.069431e+01 8.590655e+01 3.380000e+01
    endloop
  endfacet
  facet normal 0.000000e+00 0.000000e+00 1.000000e+00
    outer loop
      vertex   9.069431e+01 8.590655e+01 3.380000e+01
      vertex   8.797661e+01 8.525364e+01 3.380000e+01
      vertex   8.786069e+01 8.505763e+01 3.380000e+01
    endloop
  endfacet
  facet normal 0.000000e+00 0.000000e+00 1.000000e+00
    outer loop
      vertex   9.069431e+01 8.590655e+01 3.380000e+01
      vertex   8.786069e+01 8.505763e+01 3.380000e+01
      vertex   9.081397e+01 8.584836e+01 3.380000e+01
    endloop
  endfacet
  facet normal 0.000000e+00 0.000000e+00 1.000000e+00
    outer loop
      vertex   9.081397e+01 8.584836e+01 3.380000e+01
      vertex   8.786069e+01 8.505763e+01 3.380000e+01
      vertex   8.773269e+01 8.486928e+01 3.380000e+01
    endloop
  endfacet
  facet normal 0.000000e+00 0.000000e+00 1.000000e+00
    outer loop
      vertex   9.081397e+01 8.584836e+01 3.380000e+01
      vertex   8.773269e+01 8.486928e+01 3.380000e+01
      vertex   9.093914e+01 8.580322e+01 3.380000e+01
    endloop
  endfacet
  facet normal -1.485865e-14 5.101321e-14 1.000000e+00
    outer loop
      vertex   9.093914e+01 8.580322e+01 3.380000e+01
      vertex   8.773269e+01 8.486928e+01 3.380000e+01
      vertex   8.759311e+01 8.468934e+01 3.380000e+01
    endloop
  endfacet
  facet normal 8.988072e-16 3.679014e-15 1.000000e+00
    outer loop
      vertex   9.093914e+01 8.580322e+01 3.380000e+01
      vertex   8.759311e+01 8.468934e+01 3.380000e+01
      vertex   9.106839e+01 8.577164e+01 3.380000e+01
    endloop
  endfacet
  facet normal 2.818387e-15 -2.484743e-15 1.000000e+00
    outer loop
      vertex   9.106839e+01 8.577164e+01 3.380000e+01
      vertex   8.759311e+01 8.468934e+01 3.380000e+01
      vertex   8.744251e+01 8.451852e+01 3.380000e+01
    endloop
  endfacet
  facet normal 5.472513e-16 4.086702e-15 1.000000e+00
    outer loop
      vertex   9.106839e+01 8.577164e+01 3.380000e+01
      vertex   8.744251e+01 8.451852e+01 3.380000e+01
      vertex   9.120027e+01 8.575398e+01 3.380000e+01
    endloop
  endfacet
  facet normal 2.817056e-15 -2.817056e-15 1.000000e+00
    outer loop
      vertex   9.120027e+01 8.575398e+01 3.380000e+01
      vertex   8.744251e+01 8.451852e+01 3.380000e+01
      vertex   8.728148e+01 8.435749e+01 3.380000e+01
    endloop
  endfacet
  facet normal 4.968396e-16 1.647726e-15 1.000000e+00
    outer loop
      vertex   9.159666e+01 8.821429e+01 3.380000e+01
      vertex   9.172405e+01 8.817588e+01 3.380000e+01
      vertex   9.670000e+01 9.530000e+01 3.380000e+01
    endloop
  endfacet
  facet normal 6.501908e-16 1.540616e-15 1.000000e+00
    outer loop
      vertex   9.670000e+01 9.530000e+01 3.380000e+01
      vertex   9.172405e+01 8.817588e+01 3.380000e+01
      vertex   9.184663e+01 8.812414e+01 3.380000e+01
    endloop
  endfacet
  facet normal 7.980042e-16 1.440643e-15 1.000000e+00
    outer loop
      vertex   9.670000e+01 9.530000e+01 3.380000e+01
      vertex   9.184663e+01 8.812414e+01 3.380000e+01
      vertex   9.196303e+01 8.805967e+01 3.380000e+01
    endloop
  endfacet
  facet normal -7.446461e-08 4.871832e-08 1.000000e+00
    outer loop
      vertex   9.670000e+01 9.530000e+01 3.380000e+01
      vertex   9.196303e+01 8.805967e+01 3.380000e+01
      vertex   9.970000e+01 9.230000e+01 3.380000e+01
    endloop
  endfacet
  facet normal -2.682989e-08 -3.819669e-08 1.000000e+00
    outer loop
      vertex   9.970000e+01 9.230000e+01 3.380000e+01
      vertex   9.196303e+01 8.805967e+01 3.380000e+01
      vertex   9.207191e+01 8.798319e+01 3.380000e+01
    endloop
  endfacet
  facet normal -2.941916e-08 -3.362128e-08 1.000000e+00
    outer loop
      vertex   9.970000e+01 9.230000e+01 3.380000e+01
      vertex   9.207191e+01 8.798319e+01 3.380000e+01
      vertex   9.217204e+01 8.789557e+01 3.380000e+01
    endloop
  endfacet
  facet normal -3.187431e-08 -2.942499e-08 1.000000e+00
    outer loop
      vertex   9.217204e+01 8.789557e+01 3.380000e+01
      vertex   9.226229e+01 8.779781e+01 3.380000e+01
      vertex   9.970000e+01 9.230000e+01 3.380000e+01
    endloop
  endfacet
  facet normal -3.427281e-08 -2.546261e-08 1.000000e+00
    outer loop
      vertex   9.970000e+01 9.230000e+01 3.380000e+01
      vertex   9.226229e+01 8.779781e+01 3.380000e+01
      vertex   9.234164e+01 8.769100e+01 3.380000e+01
    endloop
  endfacet
  facet normal -3.668275e-08 -2.161510e-08 1.000000e+00
    outer loop
      vertex   9.970000e+01 9.230000e+01 3.380000e+01
      vertex   9.234164e+01 8.769100e+01 3.380000e+01
      vertex   9.240919e+01 8.757637e+01 3.380000e+01
    endloop
  endfacet
  facet normal -3.917110e-08 -1.777439e-08 1.000000e+00
    outer loop
      vertex   9.240919e+01 8.757637e+01 3.380000e+01
      vertex   9.246417e+01 8.745520e+01 3.380000e+01
      vertex   9.970000e+01 9.230000e+01 3.380000e+01
    endloop
  endfacet
  facet normal -4.181092e-08 -1.383176e-08 1.000000e+00
    outer loop
      vertex   9.970000e+01 9.230000e+01 3.380000e+01
      vertex   9.246417e+01 8.745520e+01 3.380000e+01
      vertex   9.250596e+01 8.732888e+01 3.380000e+01
    endloop
  endfacet
  facet normal -4.469010e-08 -9.665109e-09 1.000000e+00
    outer loop
      vertex   9.970000e+01 9.230000e+01 3.380000e+01
      vertex   9.250596e+01 8.732888e+01 3.380000e+01
      vertex   9.253409e+01 8.719883e+01 3.380000e+01
    endloop
  endfacet
  facet normal -4.792349e-08 -5.122977e-09 1.000000e+00
    outer loop
      vertex   9.253409e+01 8.719883e+01 3.380000e+01
      vertex   9.254823e+01 8.706653e+01 3.380000e+01
      vertex   9.970000e+01 9.230000e+01 3.380000e+01
    endloop
  endfacet
  facet normal -5.167235e-08 -1.833745e-22 1.000000e+00
    outer loop
      vertex   9.970000e+01 9.230000e+01 3.380000e+01
      vertex   9.254823e+01 8.706653e+01 3.380000e+01
      vertex   9.254823e+01 8.693347e+01 3.380000e+01
    endloop
  endfacet
  facet normal -5.617870e-08 6.005452e-09 1.000000e+00
    outer loop
      vertex   9.970000e+01 9.230000e+01 3.380000e+01
      vertex   9.254823e+01 8.693347e+01 3.380000e+01
      vertex   9.253409e+01 8.680117e+01 3.380000e+01
    endloop
  endfacet
  facet normal -5.157036e-08 0.000000e+00 1.000000e+00
    outer loop
      vertex   9.970000e+01 9.230000e+01 3.380000e+01
      vertex   9.253409e+01 8.680117e+01 3.380000e+01
      vertex   9.970000e+01 7.880000e+01 3.380000e+01
    endloop
  endfacet
  facet normal -4.153949e-08 8.983729e-09 1.000000e+00
    outer loop
      vertex   9.970000e+01 7.880000e+01 3.380000e+01
      vertex   9.253409e+01 8.680117e+01 3.380000e+01
      vertex   9.250596e+01 8.667112e+01 3.380000e+01
    endloop
  endfacet
  facet normal -3.771699e-08 1.247742e-08 1.000000e+00
    outer loop
      vertex   9.970000e+01 7.880000e+01 3.380000e+01
      vertex   9.250596e+01 8.667112e+01 3.380000e+01
      vertex   9.246417e+01 8.654480e+01 3.380000e+01
    endloop
  endfacet
  facet normal -3.437621e-08 1.559865e-08 1.000000e+00
    outer loop
      vertex   9.246417e+01 8.654480e+01 3.380000e+01
      vertex   9.240919e+01 8.642363e+01 3.380000e+01
      vertex   9.970000e+01 7.880000e+01 3.380000e+01
    endloop
  endfacet
  facet normal -3.136290e-08 1.848041e-08 1.000000e+00
    outer loop
      vertex   9.970000e+01 7.880000e+01 3.380000e+01
      vertex   9.240919e+01 8.642363e+01 3.380000e+01
      vertex   9.234164e+01 8.630900e+01 3.380000e+01
    endloop
  endfacet
  facet normal -2.856504e-08 2.122214e-08 1.000000e+00
    outer loop
      vertex   9.970000e+01 7.880000e+01 3.380000e+01
      vertex   9.234164e+01 8.630900e+01 3.380000e+01
      vertex   9.226229e+01 8.620219e+01 3.380000e+01
    endloop
  endfacet
  facet normal -2.589492e-08 2.390507e-08 1.000000e+00
    outer loop
      vertex   9.226229e+01 8.620219e+01 3.380000e+01
      vertex   9.217204e+01 8.610443e+01 3.380000e+01
      vertex   9.970000e+01 7.880000e+01 3.380000e+01
    endloop
  endfacet
  facet normal -2.327760e-08 2.660248e-08 1.000000e+00
    outer loop
      vertex   9.970000e+01 7.880000e+01 3.380000e+01
      vertex   9.217204e+01 8.610443e+01 3.380000e+01
      vertex   9.207191e+01 8.601681e+01 3.380000e+01
    endloop
  endfacet
  facet normal -2.064243e-08 2.938783e-08 1.000000e+00
    outer loop
      vertex   9.970000e+01 7.880000e+01 3.380000e+01
      vertex   9.207191e+01 8.601681e+01 3.380000e+01
      vertex   9.196303e+01 8.594033e+01 3.380000e+01
    endloop
  endfacet
  facet normal -1.791538e-08 3.234275e-08 1.000000e+00
    outer loop
      vertex   9.196303e+01 8.594033e+01 3.380000e+01
      vertex   9.184663e+01 8.587586e+01 3.380000e+01
      vertex   9.970000e+01 7.880000e+01 3.380000e+01
    endloop
  endfacet
  facet normal -1.501042e-08 3.556691e-08 1.000000e+00
    outer loop
      vertex   9.970000e+01 7.880000e+01 3.380000e+01
      vertex   9.184663e+01 8.587586e+01 3.380000e+01
      vertex   9.172405e+01 8.582412e+01 3.380000e+01
    endloop
  endfacet
  facet normal -2.463646e-08 2.463646e-08 1.000000e+00
    outer loop
      vertex   9.970000e+01 7.880000e+01 3.380000e+01
      vertex   9.172405e+01 8.582412e+01 3.380000e+01
      vertex   9.820000e+01 7.730000e+01 3.380000e+01
    endloop
  endfacet
  facet normal -1.063588e-08 3.527299e-08 1.000000e+00
    outer loop
      vertex   9.820000e+01 7.730000e+01 3.380000e+01
      vertex   9.172405e+01 8.582412e+01 3.380000e+01
      vertex   9.159666e+01 8.578571e+01 3.380000e+01
    endloop
  endfacet
  facet normal -7.160748e-09 3.797724e-08 1.000000e+00
    outer loop
      vertex   9.820000e+01 7.730000e+01 3.380000e+01
      vertex   9.159666e+01 8.578571e+01 3.380000e+01
      vertex   9.146591e+01 8.576106e+01 3.380000e+01
    endloop
  endfacet
  facet normal 1.741383e-06 1.864566e-06 1.000000e+00
    outer loop
      vertex   9.970000e+01 9.230000e+01 3.380000e+01
      vertex   9.969301e+01 9.250473e+01 3.380000e+01
      vertex   9.670000e+01 9.530000e+01 3.380000e+01
    endloop
  endfacet
  facet normal -1.050460e-14 -1.079906e-15 1.000000e+00
    outer loop
      vertex   9.670000e+01 9.530000e+01 3.380000e+01
      vertex   9.969301e+01 9.250473e+01 3.380000e+01
      vertex   9.967206e+01 9.270850e+01 3.380000e+01
    endloop
  endfacet
  facet normal -1.125506e-14 -1.940569e-15 1.000000e+00
    outer loop
      vertex   9.670000e+01 9.530000e+01 3.380000e+01
      vertex   9.967206e+01 9.270850e+01 3.380000e+01
      vertex   9.963725e+01 9.291037e+01 3.380000e+01
    endloop
  endfacet
  facet normal -1.206910e-14 -2.941160e-15 1.000000e+00
    outer loop
      vertex   9.963725e+01 9.291037e+01 3.380000e+01
      vertex   9.958875e+01 9.310939e+01 3.380000e+01
      vertex   9.670000e+01 9.530000e+01 3.380000e+01
    endloop
  endfacet
  facet normal -1.295734e-14 -4.112474e-15 1.000000e+00
    outer loop
      vertex   9.670000e+01 9.530000e+01 3.380000e+01
      vertex   9.958875e+01 9.310939e+01 3.380000e+01
      vertex   9.952678e+01 9.330464e+01 3.380000e+01
    endloop
  endfacet
  facet normal -1.393280e-14 -5.494381e-15 1.000000e+00
    outer loop
      vertex   9.670000e+01 9.530000e+01 3.380000e+01
      vertex   9.952678e+01 9.330464e+01 3.380000e+01
      vertex   9.945163e+01 9.349520e+01 3.380000e+01
    endloop
  endfacet
  facet normal 2.160209e-14 4.868291e-14 1.000000e+00
    outer loop
      vertex   9.945163e+01 9.349520e+01 3.380000e+01
      vertex   9.936365e+01 9.368020e+01 3.380000e+01
      vertex   9.670000e+01 9.530000e+01 3.380000e+01
    endloop
  endfacet
  facet normal -1.216069e-14 -6.837612e-15 1.000000e+00
    outer loop
      vertex   9.670000e+01 9.530000e+01 3.380000e+01
      vertex   9.936365e+01 9.368020e+01 3.380000e+01
      vertex   9.926326e+01 9.385875e+01 3.380000e+01
    endloop
  endfacet
  facet normal -1.317492e-14 -8.641433e-15 1.000000e+00
    outer loop
      vertex   9.670000e+01 9.530000e+01 3.380000e+01
      vertex   9.926326e+01 9.385875e+01 3.380000e+01
      vertex   9.915091e+01 9.403004e+01 3.380000e+01
    endloop
  endfacet
  facet normal -1.432672e-14 -1.086429e-14 1.000000e+00
    outer loop
      vertex   9.915091e+01 9.403004e+01 3.380000e+01
      vertex   9.902713e+01 9.419326e+01 3.380000e+01
      vertex   9.670000e+01 9.530000e+01 3.380000e+01
    endloop
  endfacet
  facet normal -1.564946e-14 -1.364562e-14 1.000000e+00
    outer loop
      vertex   9.670000e+01 9.530000e+01 3.380000e+01
      vertex   9.902713e+01 9.419326e+01 3.380000e+01
      vertex   9.889251e+01 9.434766e+01 3.380000e+01
    endloop
  endfacet
  facet normal -1.718823e-14 -1.718823e-14 1.000000e+00
    outer loop
      vertex   9.670000e+01 9.530000e+01 3.380000e+01
      vertex   9.889251e+01 9.434766e+01 3.380000e+01
      vertex   9.874766e+01 9.449251e+01 3.380000e+01
    endloop
  endfacet
  facet normal -1.900544e-14 -2.179636e-14 1.000000e+00
    outer loop
      vertex   9.874766e+01 9.449251e+01 3.380000e+01
      vertex   9.859326e+01 9.462713e+01 3.380000e+01
      vertex   9.670000e+01 9.530000e+01 3.380000e+01
    endloop
  endfacet
  facet normal -2.119006e-14 -2.794328e-14 1.000000e+00
    outer loop
      vertex   9.670000e+01 9.530000e+01 3.380000e+01
      vertex   9.859326e+01 9.462713e+01 3.380000e+01
      vertex   9.843004e+01 9.475091e+01 3.380000e+01
    endloop
  endfacet
  facet normal -2.387348e-14 -3.639805e-14 1.000000e+00
    outer loop
      vertex   9.670000e+01 9.530000e+01 3.380000e+01
      vertex   9.843004e+01 9.475091e+01 3.380000e+01
      vertex   9.825875e+01 9.486326e+01 3.380000e+01
    endloop
  endfacet
  facet normal -2.725843e-14 -4.847908e-14 1.000000e+00
    outer loop
      vertex   9.825875e+01 9.486326e+01 3.380000e+01
      vertex   9.808019e+01 9.496366e+01 3.380000e+01
      vertex   9.670000e+01 9.530000e+01 3.380000e+01
    endloop
  endfacet
  facet normal -3.167522e-14 -6.660348e-14 1.000000e+00
    outer loop
      vertex   9.670000e+01 9.530000e+01 3.380000e+01
      vertex   9.808019e+01 9.496366e+01 3.380000e+01
      vertex   9.789520e+01 9.505163e+01 3.380000e+01
    endloop
  endfacet
  facet normal -3.770190e-14 -9.560546e-14 1.000000e+00
    outer loop
      vertex   9.670000e+01 9.530000e+01 3.380000e+01
      vertex   9.789520e+01 9.505163e+01 3.380000e+01
      vertex   9.770464e+01 9.512678e+01 3.380000e+01
    endloop
  endfacet
  facet normal -4.645322e-14 -1.463620e-13 1.000000e+00
    outer loop
      vertex   9.770464e+01 9.512678e+01 3.380000e+01
      vertex   9.750939e+01 9.518875e+01 3.380000e+01
      vertex   9.670000e+01 9.530000e+01 3.380000e+01
    endloop
  endfacet
  facet normal -6.040634e-14 -2.478785e-13 1.000000e+00
    outer loop
      vertex   9.670000e+01 9.530000e+01 3.380000e+01
      vertex   9.750939e+01 9.518875e+01 3.380000e+01
      vertex   9.731037e+01 9.523725e+01 3.380000e+01
    endloop
  endfacet
  facet normal -8.649726e-14 -5.016736e-13 1.000000e+00
    outer loop
      vertex   9.670000e+01 9.530000e+01 3.380000e+01
      vertex   9.731037e+01 9.523725e+01 3.380000e+01
      vertex   9.710850e+01 9.527206e+01 3.380000e+01
    endloop
  endfacet
  facet normal -1.559379e-13 -1.516859e-12 1.000000e+00
    outer loop
      vertex   9.710850e+01 9.527206e+01 3.380000e+01
      vertex   9.690473e+01 9.529301e+01 3.380000e+01
      vertex   9.670000e+01 9.530000e+01 3.380000e+01
    endloop
  endfacet
  facet normal -0.000000e+00 0.000000e+00 1.000000e+00
    outer loop
      vertex   8.089150e+01 9.527206e+01 3.380000e+01
      vertex   8.068963e+01 9.523725e+01 3.380000e+01
      vertex   8.109527e+01 9.529301e+01 3.380000e+01
    endloop
  endfacet
  facet normal 0.000000e+00 0.000000e+00 1.000000e+00
    outer loop
      vertex   8.109527e+01 9.529301e+01 3.380000e+01
      vertex   8.068963e+01 9.523725e+01 3.380000e+01
      vertex   8.049061e+01 9.518875e+01 3.380000e+01
    endloop
  endfacet
  facet normal 0.000000e+00 0.000000e+00 1.000000e+00
    outer loop
      vertex   8.109527e+01 9.529301e+01 3.380000e+01
      vertex   8.049061e+01 9.518875e+01 3.380000e+01
      vertex   8.029536e+01 9.512678e+01 3.380000e+01
    endloop
  endfacet
  facet normal -4.153478e-14 1.998763e-13 1.000000e+00
    outer loop
      vertex   8.029536e+01 9.512678e+01 3.380000e+01
      vertex   8.010480e+01 9.505163e+01 3.380000e+01
      vertex   8.109527e+01 9.529301e+01 3.380000e+01
    endloop
  endfacet
  facet normal 1.471279e-14 -3.093657e-14 1.000000e+00
    outer loop
      vertex   8.109527e+01 9.529301e+01 3.380000e+01
      vertex   8.010480e+01 9.505163e+01 3.380000e+01
      vertex   7.991980e+01 9.496366e+01 3.380000e+01
    endloop
  endfacet
  facet normal 1.204885e-14 -2.142887e-14 1.000000e+00
    outer loop
      vertex   8.109527e+01 9.529301e+01 3.380000e+01
      vertex   7.991980e+01 9.496366e+01 3.380000e+01
      vertex   7.974125e+01 9.486326e+01 3.380000e+01
    endloop
  endfacet
  facet normal 1.016774e-14 -1.550196e-14 1.000000e+00
    outer loop
      vertex   7.974125e+01 9.486326e+01 3.380000e+01
      vertex   7.956996e+01 9.475091e+01 3.380000e+01
      vertex   8.109527e+01 9.529301e+01 3.380000e+01
    endloop
  endfacet
  facet normal 8.767238e-15 -1.156134e-14 1.000000e+00
    outer loop
      vertex   8.109527e+01 9.529301e+01 3.380000e+01
      vertex   7.956996e+01 9.475091e+01 3.380000e+01
      vertex   7.940674e+01 9.462713e+01 3.380000e+01
    endloop
  endfacet
  facet normal 7.682525e-15 -8.810692e-15 1.000000e+00
    outer loop
      vertex   8.109527e+01 9.529301e+01 3.380000e+01
      vertex   7.940674e+01 9.462713e+01 3.380000e+01
      vertex   7.925234e+01 9.449251e+01 3.380000e+01
    endloop
  endfacet
  facet normal 6.816191e-15 -6.816191e-15 1.000000e+00
    outer loop
      vertex   7.925234e+01 9.449251e+01 3.380000e+01
      vertex   7.910749e+01 9.434766e+01 3.380000e+01
      vertex   8.109527e+01 9.529301e+01 3.380000e+01
    endloop
  endfacet
  facet normal 6.107042e-15 -5.325065e-15 1.000000e+00
    outer loop
      vertex   8.109527e+01 9.529301e+01 3.380000e+01
      vertex   7.910749e+01 9.434766e+01 3.380000e+01
      vertex   7.897287e+01 9.419326e+01 3.380000e+01
    endloop
  endfacet
  facet normal 5.514728e-15 -4.181950e-15 1.000000e+00
    outer loop
      vertex   8.109527e+01 9.529301e+01 3.380000e+01
      vertex   7.897287e+01 9.419326e+01 3.380000e+01
      vertex   7.884909e+01 9.403004e+01 3.380000e+01
    endloop
  endfacet
  facet normal 5.011574e-15 -3.287092e-15 1.000000e+00
    outer loop
      vertex   7.884909e+01 9.403004e+01 3.380000e+01
      vertex   7.873674e+01 9.385875e+01 3.380000e+01
      vertex   8.109527e+01 9.529301e+01 3.380000e+01
    endloop
  endfacet
  facet normal 4.577974e-15 -2.574066e-15 1.000000e+00
    outer loop
      vertex   8.109527e+01 9.529301e+01 3.380000e+01
      vertex   7.873674e+01 9.385875e+01 3.380000e+01
      vertex   7.863634e+01 9.368020e+01 3.380000e+01
    endloop
  endfacet
  facet normal 4.199651e-15 -1.997266e-15 1.000000e+00
    outer loop
      vertex   8.109527e+01 9.529301e+01 3.380000e+01
      vertex   7.863634e+01 9.368020e+01 3.380000e+01
      vertex   7.854837e+01 9.349520e+01 3.380000e+01
    endloop
  endfacet
  facet normal 3.865963e-15 -1.524538e-15 1.000000e+00
    outer loop
      vertex   7.854837e+01 9.349520e+01 3.380000e+01
      vertex   7.847322e+01 9.330464e+01 3.380000e+01
      vertex   8.109527e+01 9.529301e+01 3.380000e+01
    endloop
  endfacet
  facet normal 3.568816e-15 -1.132691e-15 1.000000e+00
    outer loop
      vertex   8.109527e+01 9.529301e+01 3.380000e+01
      vertex   7.847322e+01 9.330464e+01 3.380000e+01
      vertex   7.841125e+01 9.310939e+01 3.380000e+01
    endloop
  endfacet
  facet normal 3.301944e-15 -8.046618e-16 1.000000e+00
    outer loop
      vertex   8.109527e+01 9.529301e+01 3.380000e+01
      vertex   7.841125e+01 9.310939e+01 3.380000e+01
      vertex   7.836275e+01 9.291037e+01 3.380000e+01
    endloop
  endfacet
  facet normal 3.060420e-15 -5.276697e-16 1.000000e+00
    outer loop
      vertex   7.836275e+01 9.291037e+01 3.380000e+01
      vertex   7.832794e+01 9.270850e+01 3.380000e+01
      vertex   8.109527e+01 9.529301e+01 3.380000e+01
    endloop
  endfacet
  facet normal 2.840313e-15 -2.919930e-16 1.000000e+00
    outer loop
      vertex   8.109527e+01 9.529301e+01 3.380000e+01
      vertex   7.832794e+01 9.270850e+01 3.380000e+01
      vertex   7.830699e+01 9.250473e+01 3.380000e+01
    endloop
  endfacet
  facet normal 1.104415e-13 -1.078932e-13 1.000000e+00
    outer loop
      vertex   8.109527e+01 9.529301e+01 3.380000e+01
      vertex   7.830699e+01 9.250473e+01 3.380000e+01
      vertex   7.830000e+01 9.230000e+01 3.380000e+01
    endloop
  endfacet
  facet normal 0.000000e+00 0.000000e+00 1.000000e+00
    outer loop
      vertex   7.830000e+01 7.880000e+01 3.380000e+01
      vertex   7.830722e+01 7.865297e+01 3.380000e+01
      vertex   7.980000e+01 7.730000e+01 3.380000e+01
    endloop
  endfacet
  facet normal 0.000000e+00 0.000000e+00 1.000000e+00
    outer loop
      vertex   7.980000e+01 7.730000e+01 3.380000e+01
      vertex   7.830722e+01 7.865297e+01 3.380000e+01
      vertex   7.832882e+01 7.850736e+01 3.380000e+01
    endloop
  endfacet
  facet normal 0.000000e+00 0.000000e+00 1.000000e+00
    outer loop
      vertex   7.980000e+01 7.730000e+01 3.380000e+01
      vertex   7.832882e+01 7.850736e+01 3.380000e+01
      vertex   7.836459e+01 7.836457e+01 3.380000e+01
    endloop
  endfacet
  facet normal 0.000000e+00 0.000000e+00 1.000000e+00
    outer loop
      vertex   7.836459e+01 7.836457e+01 3.380000e+01
      vertex   7.841418e+01 7.822597e+01 3.380000e+01
      vertex   7.980000e+01 7.730000e+01 3.380000e+01
    endloop
  endfacet
  facet normal 0.000000e+00 0.000000e+00 1.000000e+00
    outer loop
      vertex   7.980000e+01 7.730000e+01 3.380000e+01
      vertex   7.841418e+01 7.822597e+01 3.380000e+01
      vertex   7.847712e+01 7.809291e+01 3.380000e+01
    endloop
  endfacet
  facet normal 0.000000e+00 0.000000e+00 1.000000e+00
    outer loop
      vertex   7.980000e+01 7.730000e+01 3.380000e+01
      vertex   7.847712e+01 7.809291e+01 3.380000e+01
      vertex   7.855280e+01 7.796664e+01 3.380000e+01
    endloop
  endfacet
  facet normal 0.000000e+00 0.000000e+00 1.000000e+00
    outer loop
      vertex   7.855280e+01 7.796664e+01 3.380000e+01
      vertex   7.864048e+01 7.784841e+01 3.380000e+01
      vertex   7.980000e+01 7.730000e+01 3.380000e+01
    endloop
  endfacet
  facet normal 0.000000e+00 0.000000e+00 1.000000e+00
    outer loop
      vertex   7.980000e+01 7.730000e+01 3.380000e+01
      vertex   7.864048e+01 7.784841e+01 3.380000e+01
      vertex   7.873934e+01 7.773934e+01 3.380000e+01
    endloop
  endfacet
  facet normal 0.000000e+00 0.000000e+00 1.000000e+00
    outer loop
      vertex   7.980000e+01 7.730000e+01 3.380000e+01
      vertex   7.873934e+01 7.773934e+01 3.380000e+01
      vertex   7.884841e+01 7.764048e+01 3.380000e+01
    endloop
  endfacet
  facet normal 0.000000e+00 0.000000e+00 1.000000e+00
    outer loop
      vertex   7.884841e+01 7.764048e+01 3.380000e+01
      vertex   7.896664e+01 7.755280e+01 3.380000e+01
      vertex   7.980000e+01 7.730000e+01 3.380000e+01
    endloop
  endfacet
  facet normal 0.000000e+00 0.000000e+00 1.000000e+00
    outer loop
      vertex   7.980000e+01 7.730000e+01 3.380000e+01
      vertex   7.896664e+01 7.755280e+01 3.380000e+01
      vertex   7.909290e+01 7.747712e+01 3.380000e+01
    endloop
  endfacet
  facet normal 0.000000e+00 0.000000e+00 1.000000e+00
    outer loop
      vertex   7.980000e+01 7.730000e+01 3.380000e+01
      vertex   7.909290e+01 7.747712e+01 3.380000e+01
      vertex   7.922597e+01 7.741418e+01 3.380000e+01
    endloop
  endfacet
  facet normal 0.000000e+00 0.000000e+00 1.000000e+00
    outer loop
      vertex   7.922597e+01 7.741418e+01 3.380000e+01
      vertex   7.936457e+01 7.736459e+01 3.380000e+01
      vertex   7.980000e+01 7.730000e+01 3.380000e+01
    endloop
  endfacet
  facet normal 0.000000e+00 0.000000e+00 1.000000e+00
    outer loop
      vertex   7.980000e+01 7.730000e+01 3.380000e+01
      vertex   7.936457e+01 7.736459e+01 3.380000e+01
      vertex   7.950736e+01 7.732882e+01 3.380000e+01
    endloop
  endfacet
  facet normal 0.000000e+00 0.000000e+00 1.000000e+00
    outer loop
      vertex   7.980000e+01 7.730000e+01 3.380000e+01
      vertex   7.950736e+01 7.732882e+01 3.380000e+01
      vertex   7.965297e+01 7.730722e+01 3.380000e+01
    endloop
  endfacet
  facet normal 0.000000e+00 -0.000000e+00 1.000000e+00
    outer loop
      vertex   9.834702e+01 7.730722e+01 3.380000e+01
      vertex   9.849263e+01 7.732882e+01 3.380000e+01
      vertex   9.820000e+01 7.730000e+01 3.380000e+01
    endloop
  endfacet
  facet normal 0.000000e+00 0.000000e+00 1.000000e+00
    outer loop
      vertex   9.820000e+01 7.730000e+01 3.380000e+01
      vertex   9.849263e+01 7.732882e+01 3.380000e+01
      vertex   9.863543e+01 7.736459e+01 3.380000e+01
    endloop
  endfacet
  facet normal 0.000000e+00 0.000000e+00 1.000000e+00
    outer loop
      vertex   9.820000e+01 7.730000e+01 3.380000e+01
      vertex   9.863543e+01 7.736459e+01 3.380000e+01
      vertex   9.877402e+01 7.741418e+01 3.380000e+01
    endloop
  endfacet
  facet normal 0.000000e+00 -0.000000e+00 1.000000e+00
    outer loop
      vertex   9.877402e+01 7.741418e+01 3.380000e+01
      vertex   9.890709e+01 7.747712e+01 3.380000e+01
      vertex   9.820000e+01 7.730000e+01 3.380000e+01
    endloop
  endfacet
  facet normal 0.000000e+00 0.000000e+00 1.000000e+00
    outer loop
      vertex   9.820000e+01 7.730000e+01 3.380000e+01
      vertex   9.890709e+01 7.747712e+01 3.380000e+01
      vertex   9.903335e+01 7.755280e+01 3.380000e+01
    endloop
  endfacet
  facet normal 0.000000e+00 0.000000e+00 1.000000e+00
    outer loop
      vertex   9.820000e+01 7.730000e+01 3.380000e+01
      vertex   9.903335e+01 7.755280e+01 3.380000e+01
      vertex   9.915159e+01 7.764048e+01 3.380000e+01
    endloop
  endfacet
  facet normal 0.000000e+00 -0.000000e+00 1.000000e+00
    outer loop
      vertex   9.915159e+01 7.764048e+01 3.380000e+01
      vertex   9.926066e+01 7.773934e+01 3.380000e+01
      vertex   9.820000e+01 7.730000e+01 3.380000e+01
    endloop
  endfacet
  facet normal 0.000000e+00 0.000000e+00 1.000000e+00
    outer loop
      vertex   9.820000e+01 7.730000e+01 3.380000e+01
      vertex   9.926066e+01 7.773934e+01 3.380000e+01
      vertex   9.935951e+01 7.784841e+01 3.380000e+01
    endloop
  endfacet
  facet normal 0.000000e+00 0.000000e+00 1.000000e+00
    outer loop
      vertex   9.820000e+01 7.730000e+01 3.380000e+01
      vertex   9.935951e+01 7.784841e+01 3.380000e+01
      vertex   9.944720e+01 7.796664e+01 3.380000e+01
    endloop
  endfacet
  facet normal 0.000000e+00 -0.000000e+00 1.000000e+00
    outer loop
      vertex   9.944720e+01 7.796664e+01 3.380000e+01
      vertex   9.952288e+01 7.809291e+01 3.380000e+01
      vertex   9.820000e+01 7.730000e+01 3.380000e+01
    endloop
  endfacet
  facet normal 0.000000e+00 0.000000e+00 1.000000e+00
    outer loop
      vertex   9.820000e+01 7.730000e+01 3.380000e+01
      vertex   9.952288e+01 7.809291e+01 3.380000e+01
      vertex   9.958582e+01 7.822597e+01 3.380000e+01
    endloop
  endfacet
  facet normal 0.000000e+00 0.000000e+00 1.000000e+00
    outer loop
      vertex   9.820000e+01 7.730000e+01 3.380000e+01
      vertex   9.958582e+01 7.822597e+01 3.380000e+01
      vertex   9.963541e+01 7.836457e+01 3.380000e+01
    endloop
  endfacet
  facet normal 0.000000e+00 -0.000000e+00 1.000000e+00
    outer loop
      vertex   9.963541e+01 7.836457e+01 3.380000e+01
      vertex   9.967118e+01 7.850736e+01 3.380000e+01
      vertex   9.820000e+01 7.730000e+01 3.380000e+01
    endloop
  endfacet
  facet normal 0.000000e+00 0.000000e+00 1.000000e+00
    outer loop
      vertex   9.820000e+01 7.730000e+01 3.380000e+01
      vertex   9.967118e+01 7.850736e+01 3.380000e+01
      vertex   9.969278e+01 7.865297e+01 3.380000e+01
    endloop
  endfacet
  facet normal 0.000000e+00 0.000000e+00 1.000000e+00
    outer loop
      vertex   9.820000e+01 7.730000e+01 3.380000e+01
      vertex   9.969278e+01 7.865297e+01 3.380000e+01
      vertex   9.970000e+01 7.880000e+01 3.380000e+01
    endloop
  endfacet
  facet normal 0.000000e+00 -2.895160e-15 -1.000000e+00
    outer loop
      vertex   8.783804e+01 8.475000e+01 3.180000e+01
      vertex   9.058152e+01 8.597712e+01 3.180000e+01
      vertex   9.130000e+01 8.475000e+01 3.180000e+01
    endloop
  endfacet
  facet normal -2.858780e-15 -4.568987e-15 -1.000000e+00
    outer loop
      vertex   9.130000e+01 8.475000e+01 3.180000e+01
      vertex   9.058152e+01 8.597712e+01 3.180000e+01
      vertex   9.069431e+01 8.590655e+01 3.180000e+01
    endloop
  endfacet
  facet normal -2.004102e-15 -4.121388e-15 -1.000000e+00
    outer loop
      vertex   9.130000e+01 8.475000e+01 3.180000e+01
      vertex   9.069431e+01 8.590655e+01 3.180000e+01
      vertex   9.081397e+01 8.584836e+01 3.180000e+01
    endloop
  endfacet
  facet normal 1.081019e-15 3.840262e-16 -1.000000e+00
    outer loop
      vertex   8.719816e+01 7.730000e+01 3.180000e+01
      vertex   8.604956e+01 8.053328e+01 3.180000e+01
      vertex   8.783804e+01 8.475000e+01 3.180000e+01
    endloop
  endfacet
  facet normal 1.671085e-15 1.337558e-16 -1.000000e+00
    outer loop
      vertex   8.783804e+01 8.475000e+01 3.180000e+01
      vertex   8.604956e+01 8.053328e+01 3.180000e+01
      vertex   8.603894e+01 8.066591e+01 3.180000e+01
    endloop
  endfacet
  facet normal 6.852404e-15 -2.148682e-15 -1.000000e+00
    outer loop
      vertex   8.783804e+01 8.475000e+01 3.180000e+01
      vertex   8.603894e+01 8.066591e+01 3.180000e+01
      vertex   8.716316e+01 8.425116e+01 3.180000e+01
    endloop
  endfacet
  facet normal 0.000000e+00 0.000000e+00 -1.000000e+00
    outer loop
      vertex   8.716316e+01 8.425116e+01 3.180000e+01
      vertex   8.603894e+01 8.066591e+01 3.180000e+01
      vertex   8.601429e+01 8.079666e+01 3.180000e+01
    endloop
  endfacet
  facet normal 0.000000e+00 0.000000e+00 -1.000000e+00
    outer loop
      vertex   8.716316e+01 8.425116e+01 3.180000e+01
      vertex   8.601429e+01 8.079666e+01 3.180000e+01
      vertex   8.698589e+01 8.410820e+01 3.180000e+01
    endloop
  endfacet
  facet normal 0.000000e+00 0.000000e+00 -1.000000e+00
    outer loop
      vertex   8.698589e+01 8.410820e+01 3.180000e+01
      vertex   8.601429e+01 8.079666e+01 3.180000e+01
      vertex   8.597588e+01 8.092405e+01 3.180000e+01
    endloop
  endfacet
  facet normal 0.000000e+00 0.000000e+00 -1.000000e+00
    outer loop
      vertex   8.698589e+01 8.410820e+01 3.180000e+01
      vertex   8.597588e+01 8.092405e+01 3.180000e+01
      vertex   8.680000e+01 8.397665e+01 3.180000e+01
    endloop
  endfacet
  facet normal 0.000000e+00 0.000000e+00 -1.000000e+00
    outer loop
      vertex   8.680000e+01 8.397665e+01 3.180000e+01
      vertex   8.597588e+01 8.092405e+01 3.180000e+01
      vertex   8.592414e+01 8.104663e+01 3.180000e+01
    endloop
  endfacet
  facet normal 0.000000e+00 0.000000e+00 -1.000000e+00
    outer loop
      vertex   8.680000e+01 8.397665e+01 3.180000e+01
      vertex   8.592414e+01 8.104663e+01 3.180000e+01
      vertex   8.660622e+01 8.385704e+01 3.180000e+01
    endloop
  endfacet
  facet normal 0.000000e+00 0.000000e+00 -1.000000e+00
    outer loop
      vertex   8.660622e+01 8.385704e+01 3.180000e+01
      vertex   8.592414e+01 8.104663e+01 3.180000e+01
      vertex   8.585967e+01 8.116303e+01 3.180000e+01
    endloop
  endfacet
  facet normal 0.000000e+00 0.000000e+00 -1.000000e+00
    outer loop
      vertex   8.660622e+01 8.385704e+01 3.180000e+01
      vertex   8.585967e+01 8.116303e+01 3.180000e+01
      vertex   8.640530e+01 8.374983e+01 3.180000e+01
    endloop
  endfacet
  facet normal 0.000000e+00 0.000000e+00 -1.000000e+00
    outer loop
      vertex   8.640530e+01 8.374983e+01 3.180000e+01
      vertex   8.585967e+01 8.116303e+01 3.180000e+01
      vertex   8.578319e+01 8.127191e+01 3.180000e+01
    endloop
  endfacet
  facet normal 0.000000e+00 0.000000e+00 -1.000000e+00
    outer loop
      vertex   8.640530e+01 8.374983e+01 3.180000e+01
      vertex   8.578319e+01 8.127191e+01 3.180000e+01
      vertex   8.619806e+01 8.365544e+01 3.180000e+01
    endloop
  endfacet
  facet normal 0.000000e+00 0.000000e+00 -1.000000e+00
    outer loop
      vertex   8.619806e+01 8.365544e+01 3.180000e+01
      vertex   8.578319e+01 8.127191e+01 3.180000e+01
      vertex   8.569557e+01 8.137204e+01 3.180000e+01
    endloop
  endfacet
  facet normal 0.000000e+00 0.000000e+00 -1.000000e+00
    outer loop
      vertex   8.619806e+01 8.365544e+01 3.180000e+01
      vertex   8.569557e+01 8.137204e+01 3.180000e+01
      vertex   8.598529e+01 8.357426e+01 3.180000e+01
    endloop
  endfacet
  facet normal 0.000000e+00 0.000000e+00 -1.000000e+00
    outer loop
      vertex   8.598529e+01 8.357426e+01 3.180000e+01
      vertex   8.569557e+01 8.137204e+01 3.180000e+01
      vertex   8.559781e+01 8.146229e+01 3.180000e+01
    endloop
  endfacet
  facet normal 0.000000e+00 0.000000e+00 -1.000000e+00
    outer loop
      vertex   8.598529e+01 8.357426e+01 3.180000e+01
      vertex   8.559781e+01 8.146229e+01 3.180000e+01
      vertex   8.576785e+01 8.350659e+01 3.180000e+01
    endloop
  endfacet
  facet normal 0.000000e+00 0.000000e+00 -1.000000e+00
    outer loop
      vertex   8.576785e+01 8.350659e+01 3.180000e+01
      vertex   8.559781e+01 8.146229e+01 3.180000e+01
      vertex   8.549100e+01 8.154164e+01 3.180000e+01
    endloop
  endfacet
  facet normal 0.000000e+00 0.000000e+00 -1.000000e+00
    outer loop
      vertex   8.576785e+01 8.350659e+01 3.180000e+01
      vertex   8.549100e+01 8.154164e+01 3.180000e+01
      vertex   8.554658e+01 8.345271e+01 3.180000e+01
    endloop
  endfacet
  facet normal 0.000000e+00 0.000000e+00 -1.000000e+00
    outer loop
      vertex   8.554658e+01 8.345271e+01 3.180000e+01
      vertex   8.549100e+01 8.154164e+01 3.180000e+01
      vertex   8.537637e+01 8.160919e+01 3.180000e+01
    endloop
  endfacet
  facet normal 0.000000e+00 0.000000e+00 -1.000000e+00
    outer loop
      vertex   8.554658e+01 8.345271e+01 3.180000e+01
      vertex   8.537637e+01 8.160919e+01 3.180000e+01
      vertex   8.525520e+01 8.166417e+01 3.180000e+01
    endloop
  endfacet
  facet normal -4.995144e-08 -6.722631e-08 -1.000000e+00
    outer loop
      vertex   7.980000e+01 7.730000e+01 3.180000e+01
      vertex   8.453577e+01 7.927825e+01 3.180000e+01
      vertex   8.719816e+01 7.730000e+01 3.180000e+01
    endloop
  endfacet
  facet normal 0.000000e+00 0.000000e+00 -1.000000e+00
    outer loop
      vertex   8.719816e+01 7.730000e+01 3.180000e+01
      vertex   8.453577e+01 7.927825e+01 3.180000e+01
      vertex   8.466713e+01 7.925708e+01 3.180000e+01
    endloop
  endfacet
  facet normal 0.000000e+00 0.000000e+00 -1.000000e+00
    outer loop
      vertex   8.719816e+01 7.730000e+01 3.180000e+01
      vertex   8.466713e+01 7.925708e+01 3.180000e+01
      vertex   8.480000e+01 7.925000e+01 3.180000e+01
    endloop
  endfacet
  facet normal 2.643357e-06 2.643357e-06 -1.000000e+00
    outer loop
      vertex   7.965297e+01 7.730722e+01 3.180000e+01
      vertex   7.830000e+01 7.880000e+01 3.180000e+01
      vertex   7.980000e+01 7.730000e+01 3.180000e+01
    endloop
  endfacet
  facet normal -5.291576e-08 -5.291576e-08 -1.000000e+00
    outer loop
      vertex   7.980000e+01 7.730000e+01 3.180000e+01
      vertex   7.830000e+01 7.880000e+01 3.180000e+01
      vertex   8.355044e+01 8.053328e+01 3.180000e+01
    endloop
  endfacet
  facet normal -9.632333e-08 -2.565086e-09 -1.000000e+00
    outer loop
      vertex   7.980000e+01 7.730000e+01 3.180000e+01
      vertex   8.355044e+01 8.053328e+01 3.180000e+01
      vertex   8.355398e+01 8.040027e+01 3.180000e+01
    endloop
  endfacet
  facet normal 4.242561e-08 2.860102e-07 -1.000000e+00
    outer loop
      vertex   7.965297e+01 7.730722e+01 3.180000e+01
      vertex   7.950736e+01 7.732882e+01 3.180000e+01
      vertex   7.830000e+01 7.880000e+01 3.180000e+01
    endloop
  endfacet
  facet normal 7.920192e-08 3.161918e-07 -1.000000e+00
    outer loop
      vertex   7.830000e+01 7.880000e+01 3.180000e+01
      vertex   7.950736e+01 7.732882e+01 3.180000e+01
      vertex   7.936457e+01 7.736459e+01 3.180000e+01
    endloop
  endfacet
  facet normal 1.253927e-07 3.504492e-07 -1.000000e+00
    outer loop
      vertex   7.830000e+01 7.880000e+01 3.180000e+01
      vertex   7.936457e+01 7.736459e+01 3.180000e+01
      vertex   7.922597e+01 7.741418e+01 3.180000e+01
    endloop
  endfacet
  facet normal 1.843969e-07 3.898746e-07 -1.000000e+00
    outer loop
      vertex   7.922597e+01 7.741418e+01 3.180000e+01
      vertex   7.909290e+01 7.747712e+01 3.180000e+01
      vertex   7.830000e+01 7.880000e+01 3.180000e+01
    endloop
  endfacet
  facet normal 2.613148e-07 4.359773e-07 -1.000000e+00
    outer loop
      vertex   7.830000e+01 7.880000e+01 3.180000e+01
      vertex   7.909290e+01 7.747712e+01 3.180000e+01
      vertex   7.896664e+01 7.755280e+01 3.180000e+01
    endloop
  endfacet
  facet normal 3.640818e-07 4.909075e-07 -1.000000e+00
    outer loop
      vertex   7.830000e+01 7.880000e+01 3.180000e+01
      vertex   7.896664e+01 7.755280e+01 3.180000e+01
      vertex   7.884841e+01 7.764048e+01 3.180000e+01
    endloop
  endfacet
  facet normal 5.055952e-07 5.578383e-07 -1.000000e+00
    outer loop
      vertex   7.884841e+01 7.764048e+01 3.180000e+01
      vertex   7.873934e+01 7.773934e+01 3.180000e+01
      vertex   7.830000e+01 7.880000e+01 3.180000e+01
    endloop
  endfacet
  facet normal 7.079661e-07 6.416631e-07 -1.000000e+00
    outer loop
      vertex   7.830000e+01 7.880000e+01 3.180000e+01
      vertex   7.873934e+01 7.773934e+01 3.180000e+01
      vertex   7.864048e+01 7.784841e+01 3.180000e+01
    endloop
  endfacet
  facet normal 1.011734e-06 7.503529e-07 -1.000000e+00
    outer loop
      vertex   7.830000e+01 7.880000e+01 3.180000e+01
      vertex   7.864048e+01 7.784841e+01 3.180000e+01
      vertex   7.855280e+01 7.796664e+01 3.180000e+01
    endloop
  endfacet
  facet normal 1.497978e-06 8.978535e-07 -1.000000e+00
    outer loop
      vertex   7.855280e+01 7.796664e+01 3.180000e+01
      vertex   7.847712e+01 7.809291e+01 3.180000e+01
      vertex   7.830000e+01 7.880000e+01 3.180000e+01
    endloop
  endfacet
  facet normal 2.349131e-06 1.111056e-06 -1.000000e+00
    outer loop
      vertex   7.830000e+01 7.880000e+01 3.180000e+01
      vertex   7.847712e+01 7.809291e+01 3.180000e+01
      vertex   7.841418e+01 7.822597e+01 3.180000e+01
    endloop
  endfacet
  facet normal 4.051680e-06 1.449714e-06 -1.000000e+00
    outer loop
      vertex   7.830000e+01 7.880000e+01 3.180000e+01
      vertex   7.841418e+01 7.822597e+01 3.180000e+01
      vertex   7.836459e+01 7.836457e+01 3.180000e+01
    endloop
  endfacet
  facet normal 8.308333e-06 2.081129e-06 -1.000000e+00
    outer loop
      vertex   7.836459e+01 7.836457e+01 3.180000e+01
      vertex   7.832882e+01 7.850736e+01 3.180000e+01
      vertex   7.830000e+01 7.880000e+01 3.180000e+01
    endloop
  endfacet
  facet normal 2.533534e-05 3.758143e-06 -1.000000e+00
    outer loop
      vertex   7.830000e+01 7.880000e+01 3.180000e+01
      vertex   7.832882e+01 7.850736e+01 3.180000e+01
      vertex   7.830722e+01 7.865297e+01 3.180000e+01
    endloop
  endfacet
  facet normal -1.279994e-07 7.899715e-16 -1.000000e+00
    outer loop
      vertex   7.830000e+01 9.230000e+01 3.180000e+01
      vertex   8.118711e+01 8.670389e+01 3.180000e+01
      vertex   7.830000e+01 7.880000e+01 3.180000e+01
    endloop
  endfacet
  facet normal -9.761946e-08 -1.109710e-08 -1.000000e+00
    outer loop
      vertex   7.830000e+01 7.880000e+01 3.180000e+01
      vertex   8.118711e+01 8.670389e+01 3.180000e+01
      vertex   8.121284e+01 8.647762e+01 3.180000e+01
    endloop
  endfacet
  facet normal -8.637532e-08 -1.536304e-08 -1.000000e+00
    outer loop
      vertex   7.830000e+01 7.880000e+01 3.180000e+01
      vertex   8.121284e+01 8.647762e+01 3.180000e+01
      vertex   8.125271e+01 8.625342e+01 3.180000e+01
    endloop
  endfacet
  facet normal 2.629697e-05 -2.703410e-06 -1.000000e+00
    outer loop
      vertex   7.830699e+01 9.250473e+01 3.180000e+01
      vertex   7.832794e+01 9.270850e+01 3.180000e+01
      vertex   7.830000e+01 9.230000e+01 3.180000e+01
    endloop
  endfacet
  facet normal 8.697242e-06 -1.499556e-06 -1.000000e+00
    outer loop
      vertex   7.830000e+01 9.230000e+01 3.180000e+01
      vertex   7.832794e+01 9.270850e+01 3.180000e+01
      vertex   7.836275e+01 9.291037e+01 3.180000e+01
    endloop
  endfacet
  facet normal 4.297335e-06 -1.047232e-06 -1.000000e+00
    outer loop
      vertex   7.830000e+01 9.230000e+01 3.180000e+01
      vertex   7.836275e+01 9.291037e+01 3.180000e+01
      vertex   7.841125e+01 9.310939e+01 3.180000e+01
    endloop
  endfacet
  facet normal 2.537399e-06 -8.053342e-07 -1.000000e+00
    outer loop
      vertex   7.841125e+01 9.310939e+01 3.180000e+01
      vertex   7.847322e+01 9.330464e+01 3.180000e+01
      vertex   7.830000e+01 9.230000e+01 3.180000e+01
    endloop
  endfacet
  facet normal 1.657460e-06 -6.536174e-07 -1.000000e+00
    outer loop
      vertex   7.830000e+01 9.230000e+01 3.180000e+01
      vertex   7.847322e+01 9.330464e+01 3.180000e+01
      vertex   7.854837e+01 9.349520e+01 3.180000e+01
    endloop
  endfacet
  facet normal 1.154668e-06 -5.491361e-07 -1.000000e+00
    outer loop
      vertex   7.830000e+01 9.230000e+01 3.180000e+01
      vertex   7.854837e+01 9.349520e+01 3.180000e+01
      vertex   7.863634e+01 9.368020e+01 3.180000e+01
    endloop
  endfacet
  facet normal 8.404554e-07 -4.725645e-07 -1.000000e+00
    outer loop
      vertex   7.863634e+01 9.368020e+01 3.180000e+01
      vertex   7.873674e+01 9.385875e+01 3.180000e+01
      vertex   7.830000e+01 9.230000e+01 3.180000e+01
    endloop
  endfacet
  facet normal 6.310131e-07 -4.138815e-07 -1.000000e+00
    outer loop
      vertex   7.830000e+01 9.230000e+01 3.180000e+01
      vertex   7.873674e+01 9.385875e+01 3.180000e+01
      vertex   7.884909e+01 9.403004e+01 3.180000e+01
    endloop
  endfacet
  facet normal 4.844374e-07 -3.673605e-07 -1.000000e+00
    outer loop
      vertex   7.830000e+01 9.230000e+01 3.180000e+01
      vertex   7.884909e+01 9.403004e+01 3.180000e+01
      vertex   7.897287e+01 9.419326e+01 3.180000e+01
    endloop
  endfacet
  facet normal 3.778717e-07 -3.294870e-07 -1.000000e+00
    outer loop
      vertex   7.897287e+01 9.419326e+01 3.180000e+01
      vertex   7.910749e+01 9.434766e+01 3.180000e+01
      vertex   7.830000e+01 9.230000e+01 3.180000e+01
    endloop
  endfacet
  facet normal 2.979830e-07 -2.979830e-07 -1.000000e+00
    outer loop
      vertex   7.830000e+01 9.230000e+01 3.180000e+01
      vertex   7.910749e+01 9.434766e+01 3.180000e+01
      vertex   7.925234e+01 9.449251e+01 3.180000e+01
    endloop
  endfacet
  facet normal 2.365667e-07 -2.713061e-07 -1.000000e+00
    outer loop
      vertex   7.830000e+01 9.230000e+01 3.180000e+01
      vertex   7.925234e+01 9.449251e+01 3.180000e+01
      vertex   7.940674e+01 9.462713e+01 3.180000e+01
    endloop
  endfacet
  facet normal -1.447953e-07 -8.993833e-08 -1.000000e+00
    outer loop
      vertex   7.830000e+01 9.230000e+01 3.180000e+01
      vertex   7.940674e+01 9.462713e+01 3.180000e+01
      vertex   8.243684e+01 8.974884e+01 3.180000e+01
    endloop
  endfacet
  facet normal 7.508559e-16 -9.901520e-16 -1.000000e+00
    outer loop
      vertex   8.243684e+01 8.974884e+01 3.180000e+01
      vertex   7.940674e+01 9.462713e+01 3.180000e+01
      vertex   7.956996e+01 9.475091e+01 3.180000e+01
    endloop
  endfacet
  facet normal 6.771488e-16 -1.032396e-15 -1.000000e+00
    outer loop
      vertex   8.243684e+01 8.974884e+01 3.180000e+01
      vertex   7.956996e+01 9.475091e+01 3.180000e+01
      vertex   7.974125e+01 9.486326e+01 3.180000e+01
    endloop
  endfacet
  facet normal 6.025846e-16 -1.071696e-15 -1.000000e+00
    outer loop
      vertex   7.974125e+01 9.486326e+01 3.180000e+01
      vertex   7.991980e+01 9.496366e+01 3.180000e+01
      vertex   8.243684e+01 8.974884e+01 3.180000e+01
    endloop
  endfacet
  facet normal 5.270216e-16 -1.108168e-15 -1.000000e+00
    outer loop
      vertex   8.243684e+01 8.974884e+01 3.180000e+01
      vertex   7.991980e+01 9.496366e+01 3.180000e+01
      vertex   8.010480e+01 9.505163e+01 3.180000e+01
    endloop
  endfacet
  facet normal 4.503088e-16 -1.141905e-15 -1.000000e+00
    outer loop
      vertex   8.243684e+01 8.974884e+01 3.180000e+01
      vertex   8.010480e+01 9.505163e+01 3.180000e+01
      vertex   8.029536e+01 9.512678e+01 3.180000e+01
    endloop
  endfacet
  facet normal 3.722851e-16 -1.172974e-15 -1.000000e+00
    outer loop
      vertex   8.029536e+01 9.512678e+01 3.180000e+01
      vertex   8.049061e+01 9.518875e+01 3.180000e+01
      vertex   8.243684e+01 8.974884e+01 3.180000e+01
    endloop
  endfacet
  facet normal 8.175132e-16 -1.013684e-15 -1.000000e+00
    outer loop
      vertex   8.243684e+01 8.974884e+01 3.180000e+01
      vertex   8.049061e+01 9.518875e+01 3.180000e+01
      vertex   8.261411e+01 8.989180e+01 3.180000e+01
    endloop
  endfacet
  facet normal 2.978011e-16 -1.222032e-15 -1.000000e+00
    outer loop
      vertex   8.261411e+01 8.989180e+01 3.180000e+01
      vertex   8.049061e+01 9.518875e+01 3.180000e+01
      vertex   8.068963e+01 9.523725e+01 3.180000e+01
    endloop
  endfacet
  facet normal 2.157904e-16 -1.251558e-15 -1.000000e+00
    outer loop
      vertex   8.261411e+01 8.989180e+01 3.180000e+01
      vertex   8.068963e+01 9.523725e+01 3.180000e+01
      vertex   8.089150e+01 9.527206e+01 3.180000e+01
    endloop
  endfacet
  facet normal 2.170359e-15 -6.257596e-16 -1.000000e+00
    outer loop
      vertex   8.261411e+01 8.989180e+01 3.180000e+01
      vertex   8.089150e+01 9.527206e+01 3.180000e+01
      vertex   8.357825e+01 9.323577e+01 3.180000e+01
    endloop
  endfacet
  facet normal 3.158757e-16 -3.072627e-15 -1.000000e+00
    outer loop
      vertex   8.357825e+01 9.323577e+01 3.180000e+01
      vertex   8.089150e+01 9.527206e+01 3.180000e+01
      vertex   8.109527e+01 9.529301e+01 3.180000e+01
    endloop
  endfacet
  facet normal 1.733601e-06 2.092365e-06 -1.000000e+00
    outer loop
      vertex   8.357825e+01 9.323577e+01 3.180000e+01
      vertex   8.109527e+01 9.529301e+01 3.180000e+01
      vertex   8.130000e+01 9.530000e+01 3.180000e+01
    endloop
  endfacet
  facet normal -5.969916e-08 3.006500e-07 -1.000000e+00
    outer loop
      vertex   8.749018e+01 9.530000e+01 3.180000e+01
      vertex   8.470027e+01 9.474602e+01 3.180000e+01
      vertex   8.130000e+01 9.530000e+01 3.180000e+01
    endloop
  endfacet
  facet normal -4.902961e-08 3.661378e-07 -1.000000e+00
    outer loop
      vertex   8.130000e+01 9.530000e+01 3.180000e+01
      vertex   8.470027e+01 9.474602e+01 3.180000e+01
      vertex   8.456839e+01 9.472836e+01 3.180000e+01
    endloop
  endfacet
  facet normal -6.589369e-08 2.697172e-07 -1.000000e+00
    outer loop
      vertex   8.130000e+01 9.530000e+01 3.180000e+01
      vertex   8.456839e+01 9.472836e+01 3.180000e+01
      vertex   8.443914e+01 9.469678e+01 3.180000e+01
    endloop
  endfacet
  facet normal -9.587367e-15 -8.234538e-16 -1.000000e+00
    outer loop
      vertex   8.800982e+01 8.925000e+01 3.180000e+01
      vertex   8.723098e+01 8.968904e+01 3.180000e+01
      vertex   8.749018e+01 9.530000e+01 3.180000e+01
    endloop
  endfacet
  facet normal -1.033969e-15 -1.218583e-15 -1.000000e+00
    outer loop
      vertex   8.749018e+01 9.530000e+01 3.180000e+01
      vertex   8.723098e+01 8.968904e+01 3.180000e+01
      vertex   8.705734e+01 8.983638e+01 3.180000e+01
    endloop
  endfacet
  facet normal -3.296541e-15 -1.039335e-15 -1.000000e+00
    outer loop
      vertex   8.749018e+01 9.530000e+01 3.180000e+01
      vertex   8.705734e+01 8.983638e+01 3.180000e+01
      vertex   8.600596e+01 9.317112e+01 3.180000e+01
    endloop
  endfacet
  facet normal 0.000000e+00 0.000000e+00 -1.000000e+00
    outer loop
      vertex   8.600596e+01 9.317112e+01 3.180000e+01
      vertex   8.705734e+01 8.983638e+01 3.180000e+01
      vertex   8.687479e+01 8.997252e+01 3.180000e+01
    endloop
  endfacet
  facet normal 0.000000e+00 -0.000000e+00 -1.000000e+00
    outer loop
      vertex   8.600596e+01 9.317112e+01 3.180000e+01
      vertex   8.687479e+01 8.997252e+01 3.180000e+01
      vertex   8.596417e+01 9.304480e+01 3.180000e+01
    endloop
  endfacet
  facet normal 0.000000e+00 0.000000e+00 -1.000000e+00
    outer loop
      vertex   8.596417e+01 9.304480e+01 3.180000e+01
      vertex   8.687479e+01 8.997252e+01 3.180000e+01
      vertex   8.668405e+01 9.009693e+01 3.180000e+01
    endloop
  endfacet
  facet normal 0.000000e+00 -0.000000e+00 -1.000000e+00
    outer loop
      vertex   8.596417e+01 9.304480e+01 3.180000e+01
      vertex   8.668405e+01 9.009693e+01 3.180000e+01
      vertex   8.590919e+01 9.292363e+01 3.180000e+01
    endloop
  endfacet
  facet normal 0.000000e+00 0.000000e+00 -1.000000e+00
    outer loop
      vertex   8.590919e+01 9.292363e+01 3.180000e+01
      vertex   8.668405e+01 9.009693e+01 3.180000e+01
      vertex   8.648587e+01 9.020912e+01 3.180000e+01
    endloop
  endfacet
  facet normal 0.000000e+00 -0.000000e+00 -1.000000e+00
    outer loop
      vertex   8.590919e+01 9.292363e+01 3.180000e+01
      vertex   8.648587e+01 9.020912e+01 3.180000e+01
      vertex   8.584164e+01 9.280900e+01 3.180000e+01
    endloop
  endfacet
  facet normal 0.000000e+00 0.000000e+00 -1.000000e+00
    outer loop
      vertex   8.584164e+01 9.280900e+01 3.180000e+01
      vertex   8.648587e+01 9.020912e+01 3.180000e+01
      vertex   8.628104e+01 9.030865e+01 3.180000e+01
    endloop
  endfacet
  facet normal 0.000000e+00 -0.000000e+00 -1.000000e+00
    outer loop
      vertex   8.584164e+01 9.280900e+01 3.180000e+01
      vertex   8.628104e+01 9.030865e+01 3.180000e+01
      vertex   8.576229e+01 9.270219e+01 3.180000e+01
    endloop
  endfacet
  facet normal 0.000000e+00 0.000000e+00 -1.000000e+00
    outer loop
      vertex   8.576229e+01 9.270219e+01 3.180000e+01
      vertex   8.628104e+01 9.030865e+01 3.180000e+01
      vertex   8.607037e+01 9.039511e+01 3.180000e+01
    endloop
  endfacet
  facet normal 0.000000e+00 -0.000000e+00 -1.000000e+00
    outer loop
      vertex   8.576229e+01 9.270219e+01 3.180000e+01
      vertex   8.607037e+01 9.039511e+01 3.180000e+01
      vertex   8.567204e+01 9.260443e+01 3.180000e+01
    endloop
  endfacet
  facet normal 0.000000e+00 0.000000e+00 -1.000000e+00
    outer loop
      vertex   8.567204e+01 9.260443e+01 3.180000e+01
      vertex   8.607037e+01 9.039511e+01 3.180000e+01
      vertex   8.585468e+01 9.046818e+01 3.180000e+01
    endloop
  endfacet
  facet normal 0.000000e+00 -0.000000e+00 -1.000000e+00
    outer loop
      vertex   8.567204e+01 9.260443e+01 3.180000e+01
      vertex   8.585468e+01 9.046818e+01 3.180000e+01
      vertex   8.557191e+01 9.251681e+01 3.180000e+01
    endloop
  endfacet
  facet normal 0.000000e+00 -0.000000e+00 -1.000000e+00
    outer loop
      vertex   8.557191e+01 9.251681e+01 3.180000e+01
      vertex   8.585468e+01 9.046818e+01 3.180000e+01
      vertex   8.546303e+01 9.244033e+01 3.180000e+01
    endloop
  endfacet
  facet normal 0.000000e+00 0.000000e+00 -1.000000e+00
    outer loop
      vertex   8.546303e+01 9.244033e+01 3.180000e+01
      vertex   8.585468e+01 9.046818e+01 3.180000e+01
      vertex   8.563483e+01 9.052756e+01 3.180000e+01
    endloop
  endfacet
  facet normal 0.000000e+00 -0.000000e+00 -1.000000e+00
    outer loop
      vertex   8.546303e+01 9.244033e+01 3.180000e+01
      vertex   8.563483e+01 9.052756e+01 3.180000e+01
      vertex   8.534663e+01 9.237586e+01 3.180000e+01
    endloop
  endfacet
  facet normal 0.000000e+00 0.000000e+00 -1.000000e+00
    outer loop
      vertex   8.534663e+01 9.237586e+01 3.180000e+01
      vertex   8.563483e+01 9.052756e+01 3.180000e+01
      vertex   8.541169e+01 9.057302e+01 3.180000e+01
    endloop
  endfacet
  facet normal 0.000000e+00 -0.000000e+00 -1.000000e+00
    outer loop
      vertex   8.534663e+01 9.237586e+01 3.180000e+01
      vertex   8.541169e+01 9.057302e+01 3.180000e+01
      vertex   8.522405e+01 9.232412e+01 3.180000e+01
    endloop
  endfacet
  facet normal 0.000000e+00 -0.000000e+00 -1.000000e+00
    outer loop
      vertex   8.522405e+01 9.232412e+01 3.180000e+01
      vertex   8.541169e+01 9.057302e+01 3.180000e+01
      vertex   8.518613e+01 9.060438e+01 3.180000e+01
    endloop
  endfacet
  facet normal 0.000000e+00 0.000000e+00 -1.000000e+00
    outer loop
      vertex   8.522405e+01 9.232412e+01 3.180000e+01
      vertex   8.518613e+01 9.060438e+01 3.180000e+01
      vertex   8.509666e+01 9.228571e+01 3.180000e+01
    endloop
  endfacet
  facet normal 0.000000e+00 -0.000000e+00 -1.000000e+00
    outer loop
      vertex   8.509666e+01 9.228571e+01 3.180000e+01
      vertex   8.518613e+01 9.060438e+01 3.180000e+01
      vertex   8.496591e+01 9.226106e+01 3.180000e+01
    endloop
  endfacet
  facet normal 0.000000e+00 -0.000000e+00 -1.000000e+00
    outer loop
      vertex   8.496591e+01 9.226106e+01 3.180000e+01
      vertex   8.518613e+01 9.060438e+01 3.180000e+01
      vertex   8.495904e+01 9.062151e+01 3.180000e+01
    endloop
  endfacet
  facet normal 0.000000e+00 0.000000e+00 -1.000000e+00
    outer loop
      vertex   8.496591e+01 9.226106e+01 3.180000e+01
      vertex   8.495904e+01 9.062151e+01 3.180000e+01
      vertex   8.483328e+01 9.225044e+01 3.180000e+01
    endloop
  endfacet
  facet normal 0.000000e+00 -0.000000e+00 -1.000000e+00
    outer loop
      vertex   8.483328e+01 9.225044e+01 3.180000e+01
      vertex   8.495904e+01 9.062151e+01 3.180000e+01
      vertex   8.473133e+01 9.062435e+01 3.180000e+01
    endloop
  endfacet
  facet normal -0.000000e+00 0.000000e+00 -1.000000e+00
    outer loop
      vertex   8.483328e+01 9.225044e+01 3.180000e+01
      vertex   8.473133e+01 9.062435e+01 3.180000e+01
      vertex   8.470027e+01 9.225398e+01 3.180000e+01
    endloop
  endfacet
  facet normal 0.000000e+00 -0.000000e+00 -1.000000e+00
    outer loop
      vertex   8.470027e+01 9.225398e+01 3.180000e+01
      vertex   8.473133e+01 9.062435e+01 3.180000e+01
      vertex   8.450389e+01 9.061289e+01 3.180000e+01
    endloop
  endfacet
  facet normal -0.000000e+00 0.000000e+00 -1.000000e+00
    outer loop
      vertex   8.470027e+01 9.225398e+01 3.180000e+01
      vertex   8.450389e+01 9.061289e+01 3.180000e+01
      vertex   8.456839e+01 9.227164e+01 3.180000e+01
    endloop
  endfacet
  facet normal -0.000000e+00 0.000000e+00 -1.000000e+00
    outer loop
      vertex   8.456839e+01 9.227164e+01 3.180000e+01
      vertex   8.450389e+01 9.061289e+01 3.180000e+01
      vertex   8.443914e+01 9.230322e+01 3.180000e+01
    endloop
  endfacet
  facet normal 0.000000e+00 -0.000000e+00 -1.000000e+00
    outer loop
      vertex   8.443914e+01 9.230322e+01 3.180000e+01
      vertex   8.450389e+01 9.061289e+01 3.180000e+01
      vertex   8.427762e+01 9.058716e+01 3.180000e+01
    endloop
  endfacet
  facet normal -0.000000e+00 0.000000e+00 -1.000000e+00
    outer loop
      vertex   8.443914e+01 9.230322e+01 3.180000e+01
      vertex   8.427762e+01 9.058716e+01 3.180000e+01
      vertex   8.431397e+01 9.234836e+01 3.180000e+01
    endloop
  endfacet
  facet normal 0.000000e+00 0.000000e+00 -1.000000e+00
    outer loop
      vertex   8.431397e+01 9.234836e+01 3.180000e+01
      vertex   8.427762e+01 9.058716e+01 3.180000e+01
      vertex   8.405342e+01 9.054729e+01 3.180000e+01
    endloop
  endfacet
  facet normal -0.000000e+00 0.000000e+00 -1.000000e+00
    outer loop
      vertex   8.431397e+01 9.234836e+01 3.180000e+01
      vertex   8.405342e+01 9.054729e+01 3.180000e+01
      vertex   8.419431e+01 9.240655e+01 3.180000e+01
    endloop
  endfacet
  facet normal 0.000000e+00 0.000000e+00 -1.000000e+00
    outer loop
      vertex   8.419431e+01 9.240655e+01 3.180000e+01
      vertex   8.405342e+01 9.054729e+01 3.180000e+01
      vertex   8.383215e+01 9.049341e+01 3.180000e+01
    endloop
  endfacet
  facet normal -0.000000e+00 0.000000e+00 -1.000000e+00
    outer loop
      vertex   8.419431e+01 9.240655e+01 3.180000e+01
      vertex   8.383215e+01 9.049341e+01 3.180000e+01
      vertex   8.408152e+01 9.247712e+01 3.180000e+01
    endloop
  endfacet
  facet normal -0.000000e+00 0.000000e+00 -1.000000e+00
    outer loop
      vertex   8.408152e+01 9.247712e+01 3.180000e+01
      vertex   8.383215e+01 9.049341e+01 3.180000e+01
      vertex   8.397686e+01 9.255929e+01 3.180000e+01
    endloop
  endfacet
  facet normal 0.000000e+00 0.000000e+00 -1.000000e+00
    outer loop
      vertex   8.397686e+01 9.255929e+01 3.180000e+01
      vertex   8.383215e+01 9.049341e+01 3.180000e+01
      vertex   8.361471e+01 9.042574e+01 3.180000e+01
    endloop
  endfacet
  facet normal -0.000000e+00 0.000000e+00 -1.000000e+00
    outer loop
      vertex   8.397686e+01 9.255929e+01 3.180000e+01
      vertex   8.361471e+01 9.042574e+01 3.180000e+01
      vertex   8.388153e+01 9.265211e+01 3.180000e+01
    endloop
  endfacet
  facet normal 0.000000e+00 0.000000e+00 -1.000000e+00
    outer loop
      vertex   8.388153e+01 9.265211e+01 3.180000e+01
      vertex   8.361471e+01 9.042574e+01 3.180000e+01
      vertex   8.340194e+01 9.034456e+01 3.180000e+01
    endloop
  endfacet
  facet normal -0.000000e+00 0.000000e+00 -1.000000e+00
    outer loop
      vertex   8.388153e+01 9.265211e+01 3.180000e+01
      vertex   8.340194e+01 9.034456e+01 3.180000e+01
      vertex   8.379661e+01 9.275454e+01 3.180000e+01
    endloop
  endfacet
  facet normal 0.000000e+00 0.000000e+00 -1.000000e+00
    outer loop
      vertex   8.379661e+01 9.275454e+01 3.180000e+01
      vertex   8.340194e+01 9.034456e+01 3.180000e+01
      vertex   8.319470e+01 9.025017e+01 3.180000e+01
    endloop
  endfacet
  facet normal -0.000000e+00 0.000000e+00 -1.000000e+00
    outer loop
      vertex   8.379661e+01 9.275454e+01 3.180000e+01
      vertex   8.319470e+01 9.025017e+01 3.180000e+01
      vertex   8.372306e+01 9.286542e+01 3.180000e+01
    endloop
  endfacet
  facet normal 0.000000e+00 0.000000e+00 -1.000000e+00
    outer loop
      vertex   8.372306e+01 9.286542e+01 3.180000e+01
      vertex   8.319470e+01 9.025017e+01 3.180000e+01
      vertex   8.299378e+01 9.014296e+01 3.180000e+01
    endloop
  endfacet
  facet normal -0.000000e+00 0.000000e+00 -1.000000e+00
    outer loop
      vertex   8.372306e+01 9.286542e+01 3.180000e+01
      vertex   8.299378e+01 9.014296e+01 3.180000e+01
      vertex   8.366171e+01 9.298348e+01 3.180000e+01
    endloop
  endfacet
  facet normal 0.000000e+00 0.000000e+00 -1.000000e+00
    outer loop
      vertex   8.366171e+01 9.298348e+01 3.180000e+01
      vertex   8.299378e+01 9.014296e+01 3.180000e+01
      vertex   8.280000e+01 9.002335e+01 3.180000e+01
    endloop
  endfacet
  facet normal -0.000000e+00 0.000000e+00 -1.000000e+00
    outer loop
      vertex   8.366171e+01 9.298348e+01 3.180000e+01
      vertex   8.280000e+01 9.002335e+01 3.180000e+01
      vertex   8.361325e+01 9.310740e+01 3.180000e+01
    endloop
  endfacet
  facet normal 0.000000e+00 0.000000e+00 -1.000000e+00
    outer loop
      vertex   8.361325e+01 9.310740e+01 3.180000e+01
      vertex   8.280000e+01 9.002335e+01 3.180000e+01
      vertex   8.261411e+01 8.989180e+01 3.180000e+01
    endloop
  endfacet
  facet normal -0.000000e+00 0.000000e+00 -1.000000e+00
    outer loop
      vertex   8.361325e+01 9.310740e+01 3.180000e+01
      vertex   8.261411e+01 8.989180e+01 3.180000e+01
      vertex   8.357825e+01 9.323577e+01 3.180000e+01
    endloop
  endfacet
  facet normal 3.239375e-15 9.984940e-16 -1.000000e+00
    outer loop
      vertex   9.130000e+01 8.925000e+01 3.180000e+01
      vertex   9.058152e+01 8.802288e+01 3.180000e+01
      vertex   8.800982e+01 8.925000e+01 3.180000e+01
    endloop
  endfacet
  facet normal 1.718485e-15 -2.188863e-15 -1.000000e+00
    outer loop
      vertex   8.800982e+01 8.925000e+01 3.180000e+01
      vertex   9.058152e+01 8.802288e+01 3.180000e+01
      vertex   9.047686e+01 8.794071e+01 3.180000e+01
    endloop
  endfacet
  facet normal 1.864128e-15 -1.914431e-15 -1.000000e+00
    outer loop
      vertex   8.800982e+01 8.925000e+01 3.180000e+01
      vertex   9.047686e+01 8.794071e+01 3.180000e+01
      vertex   9.038153e+01 8.784789e+01 3.180000e+01
    endloop
  endfacet
  facet normal 2.096109e-06 6.971851e-08 -1.000000e+00
    outer loop
      vertex   9.147653e+01 8.924306e+01 3.180000e+01
      vertex   9.133328e+01 8.824956e+01 3.180000e+01
      vertex   9.130000e+01 8.925000e+01 3.180000e+01
    endloop
  endfacet
  facet normal -9.448304e-17 3.547998e-15 -1.000000e+00
    outer loop
      vertex   9.130000e+01 8.925000e+01 3.180000e+01
      vertex   9.133328e+01 8.824956e+01 3.180000e+01
      vertex   9.120027e+01 8.824602e+01 3.180000e+01
    endloop
  endfacet
  facet normal -4.802448e-16 3.586318e-15 -1.000000e+00
    outer loop
      vertex   9.130000e+01 8.925000e+01 3.180000e+01
      vertex   9.120027e+01 8.824602e+01 3.180000e+01
      vertex   9.106839e+01 8.822836e+01 3.180000e+01
    endloop
  endfacet
  facet normal 2.943277e-08 3.677199e-07 -1.000000e+00
    outer loop
      vertex   9.133328e+01 8.824956e+01 3.180000e+01
      vertex   9.147653e+01 8.924306e+01 3.180000e+01
      vertex   9.146591e+01 8.823894e+01 3.180000e+01
    endloop
  endfacet
  facet normal 4.350490e-08 3.675710e-07 -1.000000e+00
    outer loop
      vertex   9.146591e+01 8.823894e+01 3.180000e+01
      vertex   9.147653e+01 8.924306e+01 3.180000e+01
      vertex   9.165198e+01 8.922230e+01 3.180000e+01
    endloop
  endfacet
  facet normal 6.841802e-08 3.628570e-07 -1.000000e+00
    outer loop
      vertex   9.146591e+01 8.823894e+01 3.180000e+01
      vertex   9.165198e+01 8.922230e+01 3.180000e+01
      vertex   9.159666e+01 8.821429e+01 3.180000e+01
    endloop
  endfacet
  facet normal 7.213615e-08 3.626529e-07 -1.000000e+00
    outer loop
      vertex   9.159666e+01 8.821429e+01 3.180000e+01
      vertex   9.165198e+01 8.922230e+01 3.180000e+01
      vertex   9.182525e+01 8.918783e+01 3.180000e+01
    endloop
  endfacet
  facet normal 1.068903e-07 3.544925e-07 -1.000000e+00
    outer loop
      vertex   9.159666e+01 8.821429e+01 3.180000e+01
      vertex   9.182525e+01 8.918783e+01 3.180000e+01
      vertex   9.172405e+01 8.817588e+01 3.180000e+01
    endloop
  endfacet
  facet normal 1.001668e-07 3.551649e-07 -1.000000e+00
    outer loop
      vertex   9.172405e+01 8.817588e+01 3.180000e+01
      vertex   9.182525e+01 8.918783e+01 3.180000e+01
      vertex   9.199529e+01 8.913988e+01 3.180000e+01
    endloop
  endfacet
  facet normal 1.446134e-07 3.426590e-07 -1.000000e+00
    outer loop
      vertex   9.172405e+01 8.817588e+01 3.180000e+01
      vertex   9.199529e+01 8.913988e+01 3.180000e+01
      vertex   9.184663e+01 8.812414e+01 3.180000e+01
    endloop
  endfacet
  facet normal 1.273459e-07 3.451861e-07 -1.000000e+00
    outer loop
      vertex   9.184663e+01 8.812414e+01 3.180000e+01
      vertex   9.199529e+01 8.913988e+01 3.180000e+01
      vertex   9.216104e+01 8.907873e+01 3.180000e+01
    endloop
  endfacet
  facet normal 1.549427e-07 3.360968e-07 -1.000000e+00
    outer loop
      vertex   9.184663e+01 8.812414e+01 3.180000e+01
      vertex   9.216104e+01 8.907873e+01 3.180000e+01
      vertex   9.232148e+01 8.900476e+01 3.180000e+01
    endloop
  endfacet
  facet normal 1.789893e-07 3.231306e-07 -1.000000e+00
    outer loop
      vertex   9.184663e+01 8.812414e+01 3.180000e+01
      vertex   9.232148e+01 8.900476e+01 3.180000e+01
      vertex   9.196303e+01 8.805967e+01 3.180000e+01
    endloop
  endfacet
  facet normal 1.806162e-07 3.225135e-07 -1.000000e+00
    outer loop
      vertex   9.196303e+01 8.805967e+01 3.180000e+01
      vertex   9.232148e+01 8.900476e+01 3.180000e+01
      vertex   9.247562e+01 8.891844e+01 3.180000e+01
    endloop
  endfacet
  facet normal 2.129723e-07 3.032004e-07 -1.000000e+00
    outer loop
      vertex   9.196303e+01 8.805967e+01 3.180000e+01
      vertex   9.247562e+01 8.891844e+01 3.180000e+01
      vertex   9.207191e+01 8.798319e+01 3.180000e+01
    endloop
  endfacet
  facet normal 2.049158e-07 3.066781e-07 -1.000000e+00
    outer loop
      vertex   9.207191e+01 8.798319e+01 3.180000e+01
      vertex   9.247562e+01 8.891844e+01 3.180000e+01
      vertex   9.262252e+01 8.882029e+01 3.180000e+01
    endloop
  endfacet
  facet normal 2.451763e-07 2.801964e-07 -1.000000e+00
    outer loop
      vertex   9.207191e+01 8.798319e+01 3.180000e+01
      vertex   9.262252e+01 8.882029e+01 3.180000e+01
      vertex   9.217204e+01 8.789557e+01 3.180000e+01
    endloop
  endfacet
  facet normal 2.276282e-07 2.887449e-07 -1.000000e+00
    outer loop
      vertex   9.217204e+01 8.789557e+01 3.180000e+01
      vertex   9.262252e+01 8.882029e+01 3.180000e+01
      vertex   9.276126e+01 8.871091e+01 3.180000e+01
    endloop
  endfacet
  facet normal 2.753906e-07 2.542287e-07 -1.000000e+00
    outer loop
      vertex   9.217204e+01 8.789557e+01 3.180000e+01
      vertex   9.276126e+01 8.871091e+01 3.180000e+01
      vertex   9.226229e+01 8.779781e+01 3.180000e+01
    endloop
  endfacet
  facet normal 2.485597e-07 2.688904e-07 -1.000000e+00
    outer loop
      vertex   9.226229e+01 8.779781e+01 3.180000e+01
      vertex   9.276126e+01 8.871091e+01 3.180000e+01
      vertex   9.289099e+01 8.859099e+01 3.180000e+01
    endloop
  endfacet
  facet normal 2.713459e-07 2.508295e-07 -1.000000e+00
    outer loop
      vertex   9.226229e+01 8.779781e+01 3.180000e+01
      vertex   9.289099e+01 8.859099e+01 3.180000e+01
      vertex   9.301091e+01 8.846126e+01 3.180000e+01
    endloop
  endfacet
  facet normal 2.976566e-07 2.211413e-07 -1.000000e+00
    outer loop
      vertex   9.226229e+01 8.779781e+01 3.180000e+01
      vertex   9.301091e+01 8.846126e+01 3.180000e+01
      vertex   9.234164e+01 8.769100e+01 3.180000e+01
    endloop
  endfacet
  facet normal 2.895031e-07 2.282258e-07 -1.000000e+00
    outer loop
      vertex   9.234164e+01 8.769100e+01 3.180000e+01
      vertex   9.301091e+01 8.846126e+01 3.180000e+01
      vertex   9.312029e+01 8.832252e+01 3.180000e+01
    endloop
  endfacet
  facet normal 3.211336e-07 1.892261e-07 -1.000000e+00
    outer loop
      vertex   9.234164e+01 8.769100e+01 3.180000e+01
      vertex   9.312029e+01 8.832252e+01 3.180000e+01
      vertex   9.240919e+01 8.757637e+01 3.180000e+01
    endloop
  endfacet
  facet normal 3.054980e-07 2.041272e-07 -1.000000e+00
    outer loop
      vertex   9.240919e+01 8.757637e+01 3.180000e+01
      vertex   9.312029e+01 8.832252e+01 3.180000e+01
      vertex   9.321844e+01 8.817562e+01 3.180000e+01
    endloop
  endfacet
  facet normal 3.227924e-07 1.807724e-07 -1.000000e+00
    outer loop
      vertex   9.240919e+01 8.757637e+01 3.180000e+01
      vertex   9.321844e+01 8.817562e+01 3.180000e+01
      vertex   9.330476e+01 8.802148e+01 3.180000e+01
    endloop
  endfacet
  facet normal 3.367033e-07 1.527834e-07 -1.000000e+00
    outer loop
      vertex   9.240919e+01 8.757637e+01 3.180000e+01
      vertex   9.330476e+01 8.802148e+01 3.180000e+01
      vertex   9.246417e+01 8.745520e+01 3.180000e+01
    endloop
  endfacet
  facet normal 3.354496e-07 1.546444e-07 -1.000000e+00
    outer loop
      vertex   9.246417e+01 8.745520e+01 3.180000e+01
      vertex   9.330476e+01 8.802148e+01 3.180000e+01
      vertex   9.337873e+01 8.786104e+01 3.180000e+01
    endloop
  endfacet
  facet normal 3.523484e-07 1.165628e-07 -1.000000e+00
    outer loop
      vertex   9.246417e+01 8.745520e+01 3.180000e+01
      vertex   9.337873e+01 8.786104e+01 3.180000e+01
      vertex   9.250596e+01 8.732888e+01 3.180000e+01
    endloop
  endfacet
  facet normal 3.456657e-07 1.275228e-07 -1.000000e+00
    outer loop
      vertex   9.250596e+01 8.732888e+01 3.180000e+01
      vertex   9.337873e+01 8.786104e+01 3.180000e+01
      vertex   9.343988e+01 8.769529e+01 3.180000e+01
    endloop
  endfacet
  facet normal 3.562755e-07 1.004801e-07 -1.000000e+00
    outer loop
      vertex   9.250596e+01 8.732888e+01 3.180000e+01
      vertex   9.343988e+01 8.769529e+01 3.180000e+01
      vertex   9.348783e+01 8.752525e+01 3.180000e+01
    endloop
  endfacet
  facet normal 3.607669e-07 7.802291e-08 -1.000000e+00
    outer loop
      vertex   9.250596e+01 8.732888e+01 3.180000e+01
      vertex   9.348783e+01 8.752525e+01 3.180000e+01
      vertex   9.253409e+01 8.719883e+01 3.180000e+01
    endloop
  endfacet
  facet normal 3.627735e-07 7.216013e-08 -1.000000e+00
    outer loop
      vertex   9.253409e+01 8.719883e+01 3.180000e+01
      vertex   9.348783e+01 8.752525e+01 3.180000e+01
      vertex   9.352230e+01 8.735198e+01 3.180000e+01
    endloop
  endfacet
  facet normal 3.678622e-07 3.932414e-08 -1.000000e+00
    outer loop
      vertex   9.253409e+01 8.719883e+01 3.180000e+01
      vertex   9.352230e+01 8.735198e+01 3.180000e+01
      vertex   9.254823e+01 8.706653e+01 3.180000e+01
    endloop
  endfacet
  facet normal 3.666684e-07 4.339806e-08 -1.000000e+00
    outer loop
      vertex   9.254823e+01 8.706653e+01 3.180000e+01
      vertex   9.352230e+01 8.735198e+01 3.180000e+01
      vertex   9.354306e+01 8.717653e+01 3.180000e+01
    endloop
  endfacet
  facet normal 3.698603e-07 1.453185e-08 -1.000000e+00
    outer loop
      vertex   9.254823e+01 8.706653e+01 3.180000e+01
      vertex   9.354306e+01 8.717653e+01 3.180000e+01
      vertex   9.355000e+01 8.700000e+01 3.180000e+01
    endloop
  endfacet
  facet normal 3.688952e-07 0.000000e+00 -1.000000e+00
    outer loop
      vertex   9.254823e+01 8.706653e+01 3.180000e+01
      vertex   9.355000e+01 8.700000e+01 3.180000e+01
      vertex   9.254823e+01 8.693347e+01 3.180000e+01
    endloop
  endfacet
  facet normal 3.698603e-07 -1.453185e-08 -1.000000e+00
    outer loop
      vertex   9.254823e+01 8.693347e+01 3.180000e+01
      vertex   9.355000e+01 8.700000e+01 3.180000e+01
      vertex   9.354306e+01 8.682347e+01 3.180000e+01
    endloop
  endfacet
  facet normal 3.666684e-07 -4.339806e-08 -1.000000e+00
    outer loop
      vertex   9.254823e+01 8.693347e+01 3.180000e+01
      vertex   9.354306e+01 8.682347e+01 3.180000e+01
      vertex   9.352230e+01 8.664802e+01 3.180000e+01
    endloop
  endfacet
  facet normal 3.678622e-07 -3.932414e-08 -1.000000e+00
    outer loop
      vertex   9.254823e+01 8.693347e+01 3.180000e+01
      vertex   9.352230e+01 8.664802e+01 3.180000e+01
      vertex   9.253409e+01 8.680117e+01 3.180000e+01
    endloop
  endfacet
  facet normal 3.627735e-07 -7.216013e-08 -1.000000e+00
    outer loop
      vertex   9.253409e+01 8.680117e+01 3.180000e+01
      vertex   9.352230e+01 8.664802e+01 3.180000e+01
      vertex   9.348783e+01 8.647475e+01 3.180000e+01
    endloop
  endfacet
  facet normal 3.607669e-07 -7.802291e-08 -1.000000e+00
    outer loop
      vertex   9.253409e+01 8.680117e+01 3.180000e+01
      vertex   9.348783e+01 8.647475e+01 3.180000e+01
      vertex   9.250596e+01 8.667112e+01 3.180000e+01
    endloop
  endfacet
  facet normal 3.562755e-07 -1.004801e-07 -1.000000e+00
    outer loop
      vertex   9.250596e+01 8.667112e+01 3.180000e+01
      vertex   9.348783e+01 8.647475e+01 3.180000e+01
      vertex   9.343988e+01 8.630471e+01 3.180000e+01
    endloop
  endfacet
  facet normal 3.456657e-07 -1.275228e-07 -1.000000e+00
    outer loop
      vertex   9.250596e+01 8.667112e+01 3.180000e+01
      vertex   9.343988e+01 8.630471e+01 3.180000e+01
      vertex   9.337873e+01 8.613896e+01 3.180000e+01
    endloop
  endfacet
  facet normal 3.523484e-07 -1.165628e-07 -1.000000e+00
    outer loop
      vertex   9.250596e+01 8.667112e+01 3.180000e+01
      vertex   9.337873e+01 8.613896e+01 3.180000e+01
      vertex   9.246417e+01 8.654480e+01 3.180000e+01
    endloop
  endfacet
  facet normal 3.354496e-07 -1.546444e-07 -1.000000e+00
    outer loop
      vertex   9.246417e+01 8.654480e+01 3.180000e+01
      vertex   9.337873e+01 8.613896e+01 3.180000e+01
      vertex   9.330476e+01 8.597852e+01 3.180000e+01
    endloop
  endfacet
  facet normal 3.367033e-07 -1.527834e-07 -1.000000e+00
    outer loop
      vertex   9.246417e+01 8.654480e+01 3.180000e+01
      vertex   9.330476e+01 8.597852e+01 3.180000e+01
      vertex   9.240919e+01 8.642363e+01 3.180000e+01
    endloop
  endfacet
  facet normal 3.227924e-07 -1.807724e-07 -1.000000e+00
    outer loop
      vertex   9.240919e+01 8.642363e+01 3.180000e+01
      vertex   9.330476e+01 8.597852e+01 3.180000e+01
      vertex   9.321844e+01 8.582438e+01 3.180000e+01
    endloop
  endfacet
  facet normal 3.054980e-07 -2.041272e-07 -1.000000e+00
    outer loop
      vertex   9.240919e+01 8.642363e+01 3.180000e+01
      vertex   9.321844e+01 8.582438e+01 3.180000e+01
      vertex   9.312029e+01 8.567748e+01 3.180000e+01
    endloop
  endfacet
  facet normal 3.211336e-07 -1.892261e-07 -1.000000e+00
    outer loop
      vertex   9.240919e+01 8.642363e+01 3.180000e+01
      vertex   9.312029e+01 8.567748e+01 3.180000e+01
      vertex   9.234164e+01 8.630900e+01 3.180000e+01
    endloop
  endfacet
  facet normal 2.895031e-07 -2.282258e-07 -1.000000e+00
    outer loop
      vertex   9.234164e+01 8.630900e+01 3.180000e+01
      vertex   9.312029e+01 8.567748e+01 3.180000e+01
      vertex   9.301091e+01 8.553874e+01 3.180000e+01
    endloop
  endfacet
  facet normal 2.976566e-07 -2.211413e-07 -1.000000e+00
    outer loop
      vertex   9.234164e+01 8.630900e+01 3.180000e+01
      vertex   9.301091e+01 8.553874e+01 3.180000e+01
      vertex   9.226229e+01 8.620219e+01 3.180000e+01
    endloop
  endfacet
  facet normal 2.713459e-07 -2.508295e-07 -1.000000e+00
    outer loop
      vertex   9.226229e+01 8.620219e+01 3.180000e+01
      vertex   9.301091e+01 8.553874e+01 3.180000e+01
      vertex   9.289099e+01 8.540901e+01 3.180000e+01
    endloop
  endfacet
  facet normal 2.485597e-07 -2.688904e-07 -1.000000e+00
    outer loop
      vertex   9.226229e+01 8.620219e+01 3.180000e+01
      vertex   9.289099e+01 8.540901e+01 3.180000e+01
      vertex   9.276126e+01 8.528909e+01 3.180000e+01
    endloop
  endfacet
  facet normal 2.753906e-07 -2.542287e-07 -1.000000e+00
    outer loop
      vertex   9.226229e+01 8.620219e+01 3.180000e+01
      vertex   9.276126e+01 8.528909e+01 3.180000e+01
      vertex   9.217204e+01 8.610443e+01 3.180000e+01
    endloop
  endfacet
  facet normal 2.276282e-07 -2.887449e-07 -1.000000e+00
    outer loop
      vertex   9.217204e+01 8.610443e+01 3.180000e+01
      vertex   9.276126e+01 8.528909e+01 3.180000e+01
      vertex   9.262252e+01 8.517971e+01 3.180000e+01
    endloop
  endfacet
  facet normal 2.451763e-07 -2.801964e-07 -1.000000e+00
    outer loop
      vertex   9.217204e+01 8.610443e+01 3.180000e+01
      vertex   9.262252e+01 8.517971e+01 3.180000e+01
      vertex   9.207191e+01 8.601681e+01 3.180000e+01
    endloop
  endfacet
  facet normal 2.049158e-07 -3.066781e-07 -1.000000e+00
    outer loop
      vertex   9.207191e+01 8.601681e+01 3.180000e+01
      vertex   9.262252e+01 8.517971e+01 3.180000e+01
      vertex   9.247562e+01 8.508156e+01 3.180000e+01
    endloop
  endfacet
  facet normal 2.129723e-07 -3.032004e-07 -1.000000e+00
    outer loop
      vertex   9.207191e+01 8.601681e+01 3.180000e+01
      vertex   9.247562e+01 8.508156e+01 3.180000e+01
      vertex   9.196303e+01 8.594033e+01 3.180000e+01
    endloop
  endfacet
  facet normal 1.806162e-07 -3.225135e-07 -1.000000e+00
    outer loop
      vertex   9.196303e+01 8.594033e+01 3.180000e+01
      vertex   9.247562e+01 8.508156e+01 3.180000e+01
      vertex   9.232148e+01 8.499524e+01 3.180000e+01
    endloop
  endfacet
  facet normal 1.789893e-07 -3.231306e-07 -1.000000e+00
    outer loop
      vertex   9.196303e+01 8.594033e+01 3.180000e+01
      vertex   9.232148e+01 8.499524e+01 3.180000e+01
      vertex   9.184663e+01 8.587586e+01 3.180000e+01
    endloop
  endfacet
  facet normal 1.549427e-07 -3.360968e-07 -1.000000e+00
    outer loop
      vertex   9.184663e+01 8.587586e+01 3.180000e+01
      vertex   9.232148e+01 8.499524e+01 3.180000e+01
      vertex   9.216104e+01 8.492127e+01 3.180000e+01
    endloop
  endfacet
  facet normal 1.273459e-07 -3.451861e-07 -1.000000e+00
    outer loop
      vertex   9.184663e+01 8.587586e+01 3.180000e+01
      vertex   9.216104e+01 8.492127e+01 3.180000e+01
      vertex   9.199529e+01 8.486012e+01 3.180000e+01
    endloop
  endfacet
  facet normal 1.446134e-07 -3.426590e-07 -1.000000e+00
    outer loop
      vertex   9.184663e+01 8.587586e+01 3.180000e+01
      vertex   9.199529e+01 8.486012e+01 3.180000e+01
      vertex   9.172405e+01 8.582412e+01 3.180000e+01
    endloop
  endfacet
  facet normal 1.001668e-07 -3.551649e-07 -1.000000e+00
    outer loop
      vertex   9.172405e+01 8.582412e+01 3.180000e+01
      vertex   9.199529e+01 8.486012e+01 3.180000e+01
      vertex   9.182525e+01 8.481217e+01 3.180000e+01
    endloop
  endfacet
  facet normal 1.068903e-07 -3.544925e-07 -1.000000e+00
    outer loop
      vertex   9.172405e+01 8.582412e+01 3.180000e+01
      vertex   9.182525e+01 8.481217e+01 3.180000e+01
      vertex   9.159666e+01 8.578571e+01 3.180000e+01
    endloop
  endfacet
  facet normal 7.213615e-08 -3.626529e-07 -1.000000e+00
    outer loop
      vertex   9.159666e+01 8.578571e+01 3.180000e+01
      vertex   9.182525e+01 8.481217e+01 3.180000e+01
      vertex   9.165198e+01 8.477770e+01 3.180000e+01
    endloop
  endfacet
  facet normal 6.841802e-08 -3.628570e-07 -1.000000e+00
    outer loop
      vertex   9.159666e+01 8.578571e+01 3.180000e+01
      vertex   9.165198e+01 8.477770e+01 3.180000e+01
      vertex   9.146591e+01 8.576106e+01 3.180000e+01
    endloop
  endfacet
  facet normal 4.350490e-08 -3.675710e-07 -1.000000e+00
    outer loop
      vertex   9.146591e+01 8.576106e+01 3.180000e+01
      vertex   9.165198e+01 8.477770e+01 3.180000e+01
      vertex   9.147653e+01 8.475694e+01 3.180000e+01
    endloop
  endfacet
  facet normal 2.943277e-08 -3.677199e-07 -1.000000e+00
    outer loop
      vertex   9.146591e+01 8.576106e+01 3.180000e+01
      vertex   9.147653e+01 8.475694e+01 3.180000e+01
      vertex   9.133328e+01 8.575044e+01 3.180000e+01
    endloop
  endfacet
  facet normal 2.096109e-06 -6.971851e-08 -1.000000e+00
    outer loop
      vertex   9.133328e+01 8.575044e+01 3.180000e+01
      vertex   9.147653e+01 8.475694e+01 3.180000e+01
      vertex   9.130000e+01 8.475000e+01 3.180000e+01
    endloop
  endfacet
  facet normal -9.448304e-17 -3.547998e-15 -1.000000e+00
    outer loop
      vertex   9.133328e+01 8.575044e+01 3.180000e+01
      vertex   9.130000e+01 8.475000e+01 3.180000e+01
      vertex   9.120027e+01 8.575398e+01 3.180000e+01
    endloop
  endfacet
  facet normal -4.802448e-16 -3.586318e-15 -1.000000e+00
    outer loop
      vertex   9.120027e+01 8.575398e+01 3.180000e+01
      vertex   9.130000e+01 8.475000e+01 3.180000e+01
      vertex   9.106839e+01 8.577164e+01 3.180000e+01
    endloop
  endfacet
  facet normal -8.993747e-16 -3.681337e-15 -1.000000e+00
    outer loop
      vertex   9.106839e+01 8.577164e+01 3.180000e+01
      vertex   9.130000e+01 8.475000e+01 3.180000e+01
      vertex   9.093914e+01 8.580322e+01 3.180000e+01
    endloop
  endfacet
  facet normal -1.387945e-15 -3.848735e-15 -1.000000e+00
    outer loop
      vertex   9.093914e+01 8.580322e+01 3.180000e+01
      vertex   9.130000e+01 8.475000e+01 3.180000e+01
      vertex   9.081397e+01 8.584836e+01 3.180000e+01
    endloop
  endfacet
  facet normal -0.000000e+00 0.000000e+00 -1.000000e+00
    outer loop
      vertex   9.005708e+01 8.686713e+01 3.180000e+01
      vertex   8.842151e+01 8.684096e+01 3.180000e+01
      vertex   9.005000e+01 8.700000e+01 3.180000e+01
    endloop
  endfacet
  facet normal -0.000000e+00 0.000000e+00 -1.000000e+00
    outer loop
      vertex   9.005000e+01 8.700000e+01 3.180000e+01
      vertex   8.842151e+01 8.684096e+01 3.180000e+01
      vertex   8.842435e+01 8.706867e+01 3.180000e+01
    endloop
  endfacet
  facet normal 0.000000e+00 0.000000e+00 -1.000000e+00
    outer loop
      vertex   9.005000e+01 8.700000e+01 3.180000e+01
      vertex   8.842435e+01 8.706867e+01 3.180000e+01
      vertex   9.005708e+01 8.713287e+01 3.180000e+01
    endloop
  endfacet
  facet normal -0.000000e+00 0.000000e+00 -1.000000e+00
    outer loop
      vertex   9.005708e+01 8.713287e+01 3.180000e+01
      vertex   8.842435e+01 8.706867e+01 3.180000e+01
      vertex   8.841289e+01 8.729611e+01 3.180000e+01
    endloop
  endfacet
  facet normal 0.000000e+00 0.000000e+00 -1.000000e+00
    outer loop
      vertex   9.005708e+01 8.713287e+01 3.180000e+01
      vertex   8.841289e+01 8.729611e+01 3.180000e+01
      vertex   9.007825e+01 8.726423e+01 3.180000e+01
    endloop
  endfacet
  facet normal 0.000000e+00 0.000000e+00 -1.000000e+00
    outer loop
      vertex   9.007825e+01 8.726423e+01 3.180000e+01
      vertex   8.841289e+01 8.729611e+01 3.180000e+01
      vertex   8.838716e+01 8.752238e+01 3.180000e+01
    endloop
  endfacet
  facet normal 0.000000e+00 0.000000e+00 -1.000000e+00
    outer loop
      vertex   9.007825e+01 8.726423e+01 3.180000e+01
      vertex   8.838716e+01 8.752238e+01 3.180000e+01
      vertex   9.011325e+01 8.739260e+01 3.180000e+01
    endloop
  endfacet
  facet normal 0.000000e+00 0.000000e+00 -1.000000e+00
    outer loop
      vertex   9.011325e+01 8.739260e+01 3.180000e+01
      vertex   8.838716e+01 8.752238e+01 3.180000e+01
      vertex   8.834729e+01 8.774658e+01 3.180000e+01
    endloop
  endfacet
  facet normal 0.000000e+00 0.000000e+00 -1.000000e+00
    outer loop
      vertex   9.011325e+01 8.739260e+01 3.180000e+01
      vertex   8.834729e+01 8.774658e+01 3.180000e+01
      vertex   9.016171e+01 8.751652e+01 3.180000e+01
    endloop
  endfacet
  facet normal 0.000000e+00 0.000000e+00 -1.000000e+00
    outer loop
      vertex   9.016171e+01 8.751652e+01 3.180000e+01
      vertex   8.834729e+01 8.774658e+01 3.180000e+01
      vertex   8.829341e+01 8.796785e+01 3.180000e+01
    endloop
  endfacet
  facet normal 0.000000e+00 0.000000e+00 -1.000000e+00
    outer loop
      vertex   9.016171e+01 8.751652e+01 3.180000e+01
      vertex   8.829341e+01 8.796785e+01 3.180000e+01
      vertex   9.022306e+01 8.763458e+01 3.180000e+01
    endloop
  endfacet
  facet normal 0.000000e+00 0.000000e+00 -1.000000e+00
    outer loop
      vertex   9.022306e+01 8.763458e+01 3.180000e+01
      vertex   8.829341e+01 8.796785e+01 3.180000e+01
      vertex   9.029661e+01 8.774546e+01 3.180000e+01
    endloop
  endfacet
  facet normal 0.000000e+00 0.000000e+00 -1.000000e+00
    outer loop
      vertex   9.029661e+01 8.774546e+01 3.180000e+01
      vertex   8.829341e+01 8.796785e+01 3.180000e+01
      vertex   8.822574e+01 8.818529e+01 3.180000e+01
    endloop
  endfacet
  facet normal 0.000000e+00 0.000000e+00 -1.000000e+00
    outer loop
      vertex   9.029661e+01 8.774546e+01 3.180000e+01
      vertex   8.822574e+01 8.818529e+01 3.180000e+01
      vertex   9.038153e+01 8.784789e+01 3.180000e+01
    endloop
  endfacet
  facet normal 0.000000e+00 0.000000e+00 -1.000000e+00
    outer loop
      vertex   9.038153e+01 8.784789e+01 3.180000e+01
      vertex   8.822574e+01 8.818529e+01 3.180000e+01
      vertex   8.814456e+01 8.839806e+01 3.180000e+01
    endloop
  endfacet
  facet normal -2.134234e-15 -8.677796e-15 -1.000000e+00
    outer loop
      vertex   9.038153e+01 8.784789e+01 3.180000e+01
      vertex   8.814456e+01 8.839806e+01 3.180000e+01
      vertex   8.800982e+01 8.925000e+01 3.180000e+01
    endloop
  endfacet
  facet normal -2.805706e-14 -1.277769e-14 -1.000000e+00
    outer loop
      vertex   8.800982e+01 8.925000e+01 3.180000e+01
      vertex   8.814456e+01 8.839806e+01 3.180000e+01
      vertex   8.805017e+01 8.860530e+01 3.180000e+01
    endloop
  endfacet
  facet normal -2.339873e-14 -1.248609e-14 -1.000000e+00
    outer loop
      vertex   8.800982e+01 8.925000e+01 3.180000e+01
      vertex   8.805017e+01 8.860530e+01 3.180000e+01
      vertex   8.794296e+01 8.880622e+01 3.180000e+01
    endloop
  endfacet
  facet normal 0.000000e+00 -0.000000e+00 -1.000000e+00
    outer loop
      vertex   8.842151e+01 8.684096e+01 3.180000e+01
      vertex   9.005708e+01 8.686713e+01 3.180000e+01
      vertex   8.840438e+01 8.661387e+01 3.180000e+01
    endloop
  endfacet
  facet normal 0.000000e+00 0.000000e+00 -1.000000e+00
    outer loop
      vertex   8.840438e+01 8.661387e+01 3.180000e+01
      vertex   9.005708e+01 8.686713e+01 3.180000e+01
      vertex   9.007825e+01 8.673577e+01 3.180000e+01
    endloop
  endfacet
  facet normal 0.000000e+00 0.000000e+00 -1.000000e+00
    outer loop
      vertex   8.840438e+01 8.661387e+01 3.180000e+01
      vertex   9.007825e+01 8.673577e+01 3.180000e+01
      vertex   9.011325e+01 8.660740e+01 3.180000e+01
    endloop
  endfacet
  facet normal 0.000000e+00 -0.000000e+00 -1.000000e+00
    outer loop
      vertex   8.840438e+01 8.661387e+01 3.180000e+01
      vertex   9.011325e+01 8.660740e+01 3.180000e+01
      vertex   8.837302e+01 8.638831e+01 3.180000e+01
    endloop
  endfacet
  facet normal 0.000000e+00 0.000000e+00 -1.000000e+00
    outer loop
      vertex   8.837302e+01 8.638831e+01 3.180000e+01
      vertex   9.011325e+01 8.660740e+01 3.180000e+01
      vertex   9.016171e+01 8.648348e+01 3.180000e+01
    endloop
  endfacet
  facet normal 0.000000e+00 -0.000000e+00 -1.000000e+00
    outer loop
      vertex   8.837302e+01 8.638831e+01 3.180000e+01
      vertex   9.016171e+01 8.648348e+01 3.180000e+01
      vertex   8.832756e+01 8.616517e+01 3.180000e+01
    endloop
  endfacet
  facet normal 0.000000e+00 0.000000e+00 -1.000000e+00
    outer loop
      vertex   8.832756e+01 8.616517e+01 3.180000e+01
      vertex   9.016171e+01 8.648348e+01 3.180000e+01
      vertex   9.022306e+01 8.636542e+01 3.180000e+01
    endloop
  endfacet
  facet normal 0.000000e+00 -0.000000e+00 -1.000000e+00
    outer loop
      vertex   8.832756e+01 8.616517e+01 3.180000e+01
      vertex   9.022306e+01 8.636542e+01 3.180000e+01
      vertex   8.826818e+01 8.594532e+01 3.180000e+01
    endloop
  endfacet
  facet normal 0.000000e+00 0.000000e+00 -1.000000e+00
    outer loop
      vertex   8.826818e+01 8.594532e+01 3.180000e+01
      vertex   9.022306e+01 8.636542e+01 3.180000e+01
      vertex   9.029661e+01 8.625454e+01 3.180000e+01
    endloop
  endfacet
  facet normal 0.000000e+00 -0.000000e+00 -1.000000e+00
    outer loop
      vertex   8.826818e+01 8.594532e+01 3.180000e+01
      vertex   9.029661e+01 8.625454e+01 3.180000e+01
      vertex   8.819511e+01 8.572963e+01 3.180000e+01
    endloop
  endfacet
  facet normal 0.000000e+00 0.000000e+00 -1.000000e+00
    outer loop
      vertex   8.819511e+01 8.572963e+01 3.180000e+01
      vertex   9.029661e+01 8.625454e+01 3.180000e+01
      vertex   9.038153e+01 8.615211e+01 3.180000e+01
    endloop
  endfacet
  facet normal 0.000000e+00 -0.000000e+00 -1.000000e+00
    outer loop
      vertex   8.819511e+01 8.572963e+01 3.180000e+01
      vertex   9.038153e+01 8.615211e+01 3.180000e+01
      vertex   8.810865e+01 8.551896e+01 3.180000e+01
    endloop
  endfacet
  facet normal 0.000000e+00 0.000000e+00 -1.000000e+00
    outer loop
      vertex   8.810865e+01 8.551896e+01 3.180000e+01
      vertex   9.038153e+01 8.615211e+01 3.180000e+01
      vertex   9.047686e+01 8.605929e+01 3.180000e+01
    endloop
  endfacet
  facet normal 0.000000e+00 -0.000000e+00 -1.000000e+00
    outer loop
      vertex   8.810865e+01 8.551896e+01 3.180000e+01
      vertex   9.047686e+01 8.605929e+01 3.180000e+01
      vertex   8.800912e+01 8.531413e+01 3.180000e+01
    endloop
  endfacet
  facet normal 2.093355e-15 -6.932560e-15 -1.000000e+00
    outer loop
      vertex   8.800912e+01 8.531413e+01 3.180000e+01
      vertex   9.047686e+01 8.605929e+01 3.180000e+01
      vertex   8.783804e+01 8.475000e+01 3.180000e+01
    endloop
  endfacet
  facet normal 2.396048e-14 -1.356426e-14 -1.000000e+00
    outer loop
      vertex   8.800912e+01 8.531413e+01 3.180000e+01
      vertex   8.783804e+01 8.475000e+01 3.180000e+01
      vertex   8.789693e+01 8.511595e+01 3.180000e+01
    endloop
  endfacet
  facet normal 1.975934e-14 -1.288814e-14 -1.000000e+00
    outer loop
      vertex   8.789693e+01 8.511595e+01 3.180000e+01
      vertex   8.783804e+01 8.475000e+01 3.180000e+01
      vertex   8.777252e+01 8.492521e+01 3.180000e+01
    endloop
  endfacet
  facet normal 1.810901e-14 -1.350523e-14 -1.000000e+00
    outer loop
      vertex   8.777252e+01 8.492521e+01 3.180000e+01
      vertex   8.783804e+01 8.475000e+01 3.180000e+01
      vertex   8.763638e+01 8.474266e+01 3.180000e+01
    endloop
  endfacet
  facet normal 1.817888e-14 -1.542479e-14 -1.000000e+00
    outer loop
      vertex   8.763638e+01 8.474266e+01 3.180000e+01
      vertex   8.783804e+01 8.475000e+01 3.180000e+01
      vertex   8.748904e+01 8.456902e+01 3.180000e+01
    endloop
  endfacet
  facet normal 2.033117e-14 -1.957512e-14 -1.000000e+00
    outer loop
      vertex   8.748904e+01 8.456902e+01 3.180000e+01
      vertex   8.783804e+01 8.475000e+01 3.180000e+01
      vertex   8.733109e+01 8.440497e+01 3.180000e+01
    endloop
  endfacet
  facet normal 2.728361e-14 -2.979009e-14 -1.000000e+00
    outer loop
      vertex   8.733109e+01 8.440497e+01 3.180000e+01
      vertex   8.783804e+01 8.475000e+01 3.180000e+01
      vertex   8.716316e+01 8.425116e+01 3.180000e+01
    endloop
  endfacet
  facet normal -8.249685e-16 -1.050776e-15 -1.000000e+00
    outer loop
      vertex   9.047686e+01 8.605929e+01 3.180000e+01
      vertex   9.058152e+01 8.597712e+01 3.180000e+01
      vertex   8.783804e+01 8.475000e+01 3.180000e+01
    endloop
  endfacet
  facet normal -8.993747e-16 3.681337e-15 -1.000000e+00
    outer loop
      vertex   9.106839e+01 8.822836e+01 3.180000e+01
      vertex   9.093914e+01 8.819678e+01 3.180000e+01
      vertex   9.130000e+01 8.925000e+01 3.180000e+01
    endloop
  endfacet
  facet normal -1.387945e-15 3.848735e-15 -1.000000e+00
    outer loop
      vertex   9.130000e+01 8.925000e+01 3.180000e+01
      vertex   9.093914e+01 8.819678e+01 3.180000e+01
      vertex   9.081397e+01 8.815164e+01 3.180000e+01
    endloop
  endfacet
  facet normal -2.004102e-15 4.121388e-15 -1.000000e+00
    outer loop
      vertex   9.130000e+01 8.925000e+01 3.180000e+01
      vertex   9.081397e+01 8.815164e+01 3.180000e+01
      vertex   9.069431e+01 8.809345e+01 3.180000e+01
    endloop
  endfacet
  facet normal -2.858780e-15 4.568987e-15 -1.000000e+00
    outer loop
      vertex   9.069431e+01 8.809345e+01 3.180000e+01
      vertex   9.058152e+01 8.802288e+01 3.180000e+01
      vertex   9.130000e+01 8.925000e+01 3.180000e+01
    endloop
  endfacet
  facet normal -5.059771e-08 -3.123195e-08 -1.000000e+00
    outer loop
      vertex   8.165704e+01 8.519378e+01 3.180000e+01
      vertex   8.177665e+01 8.500000e+01 3.180000e+01
      vertex   7.830000e+01 7.880000e+01 3.180000e+01
    endloop
  endfacet
  facet normal -4.699174e-08 -3.325400e-08 -1.000000e+00
    outer loop
      vertex   7.830000e+01 7.880000e+01 3.180000e+01
      vertex   8.177665e+01 8.500000e+01 3.180000e+01
      vertex   8.190820e+01 8.481411e+01 3.180000e+01
    endloop
  endfacet
  facet normal -4.368994e-08 -3.523493e-08 -1.000000e+00
    outer loop
      vertex   7.830000e+01 7.880000e+01 3.180000e+01
      vertex   8.190820e+01 8.481411e+01 3.180000e+01
      vertex   8.205116e+01 8.463684e+01 3.180000e+01
    endloop
  endfacet
  facet normal -4.062358e-08 -3.720559e-08 -1.000000e+00
    outer loop
      vertex   8.205116e+01 8.463684e+01 3.180000e+01
      vertex   8.220497e+01 8.446891e+01 3.180000e+01
      vertex   7.830000e+01 7.880000e+01 3.180000e+01
    endloop
  endfacet
  facet normal -3.773669e-08 -3.919419e-08 -1.000000e+00
    outer loop
      vertex   7.830000e+01 7.880000e+01 3.180000e+01
      vertex   8.220497e+01 8.446891e+01 3.180000e+01
      vertex   8.236902e+01 8.431096e+01 3.180000e+01
    endloop
  endfacet
  facet normal -6.294191e-08 -2.058391e-08 -1.000000e+00
    outer loop
      vertex   7.830000e+01 7.880000e+01 3.180000e+01
      vertex   8.236902e+01 8.431096e+01 3.180000e+01
      vertex   8.356106e+01 8.066591e+01 3.180000e+01
    endloop
  endfacet
  facet normal 0.000000e+00 0.000000e+00 -1.000000e+00
    outer loop
      vertex   8.356106e+01 8.066591e+01 3.180000e+01
      vertex   8.236902e+01 8.431096e+01 3.180000e+01
      vertex   8.358571e+01 8.079666e+01 3.180000e+01
    endloop
  endfacet
  facet normal 0.000000e+00 0.000000e+00 -1.000000e+00
    outer loop
      vertex   8.358571e+01 8.079666e+01 3.180000e+01
      vertex   8.236902e+01 8.431096e+01 3.180000e+01
      vertex   8.254266e+01 8.416362e+01 3.180000e+01
    endloop
  endfacet
  facet normal 0.000000e+00 0.000000e+00 -1.000000e+00
    outer loop
      vertex   8.358571e+01 8.079666e+01 3.180000e+01
      vertex   8.254266e+01 8.416362e+01 3.180000e+01
      vertex   8.272521e+01 8.402748e+01 3.180000e+01
    endloop
  endfacet
  facet normal 0.000000e+00 0.000000e+00 -1.000000e+00
    outer loop
      vertex   8.358571e+01 8.079666e+01 3.180000e+01
      vertex   8.272521e+01 8.402748e+01 3.180000e+01
      vertex   8.362412e+01 8.092405e+01 3.180000e+01
    endloop
  endfacet
  facet normal 0.000000e+00 0.000000e+00 -1.000000e+00
    outer loop
      vertex   8.362412e+01 8.092405e+01 3.180000e+01
      vertex   8.272521e+01 8.402748e+01 3.180000e+01
      vertex   8.291595e+01 8.390307e+01 3.180000e+01
    endloop
  endfacet
  facet normal 0.000000e+00 0.000000e+00 -1.000000e+00
    outer loop
      vertex   8.362412e+01 8.092405e+01 3.180000e+01
      vertex   8.291595e+01 8.390307e+01 3.180000e+01
      vertex   8.367586e+01 8.104663e+01 3.180000e+01
    endloop
  endfacet
  facet normal 0.000000e+00 0.000000e+00 -1.000000e+00
    outer loop
      vertex   8.367586e+01 8.104663e+01 3.180000e+01
      vertex   8.291595e+01 8.390307e+01 3.180000e+01
      vertex   8.311413e+01 8.379088e+01 3.180000e+01
    endloop
  endfacet
  facet normal 0.000000e+00 0.000000e+00 -1.000000e+00
    outer loop
      vertex   8.367586e+01 8.104663e+01 3.180000e+01
      vertex   8.311413e+01 8.379088e+01 3.180000e+01
      vertex   8.374033e+01 8.116303e+01 3.180000e+01
    endloop
  endfacet
  facet normal 0.000000e+00 0.000000e+00 -1.000000e+00
    outer loop
      vertex   8.374033e+01 8.116303e+01 3.180000e+01
      vertex   8.311413e+01 8.379088e+01 3.180000e+01
      vertex   8.331896e+01 8.369135e+01 3.180000e+01
    endloop
  endfacet
  facet normal 0.000000e+00 0.000000e+00 -1.000000e+00
    outer loop
      vertex   8.374033e+01 8.116303e+01 3.180000e+01
      vertex   8.331896e+01 8.369135e+01 3.180000e+01
      vertex   8.381681e+01 8.127191e+01 3.180000e+01
    endloop
  endfacet
  facet normal 0.000000e+00 0.000000e+00 -1.000000e+00
    outer loop
      vertex   8.381681e+01 8.127191e+01 3.180000e+01
      vertex   8.331896e+01 8.369135e+01 3.180000e+01
      vertex   8.390443e+01 8.137204e+01 3.180000e+01
    endloop
  endfacet
  facet normal 0.000000e+00 0.000000e+00 -1.000000e+00
    outer loop
      vertex   8.390443e+01 8.137204e+01 3.180000e+01
      vertex   8.331896e+01 8.369135e+01 3.180000e+01
      vertex   8.352963e+01 8.360489e+01 3.180000e+01
    endloop
  endfacet
  facet normal 0.000000e+00 0.000000e+00 -1.000000e+00
    outer loop
      vertex   8.390443e+01 8.137204e+01 3.180000e+01
      vertex   8.352963e+01 8.360489e+01 3.180000e+01
      vertex   8.400219e+01 8.146229e+01 3.180000e+01
    endloop
  endfacet
  facet normal 0.000000e+00 0.000000e+00 -1.000000e+00
    outer loop
      vertex   8.400219e+01 8.146229e+01 3.180000e+01
      vertex   8.352963e+01 8.360489e+01 3.180000e+01
      vertex   8.374532e+01 8.353182e+01 3.180000e+01
    endloop
  endfacet
  facet normal 0.000000e+00 0.000000e+00 -1.000000e+00
    outer loop
      vertex   8.400219e+01 8.146229e+01 3.180000e+01
      vertex   8.374532e+01 8.353182e+01 3.180000e+01
      vertex   8.410900e+01 8.154164e+01 3.180000e+01
    endloop
  endfacet
  facet normal 0.000000e+00 0.000000e+00 -1.000000e+00
    outer loop
      vertex   8.410900e+01 8.154164e+01 3.180000e+01
      vertex   8.374532e+01 8.353182e+01 3.180000e+01
      vertex   8.396517e+01 8.347244e+01 3.180000e+01
    endloop
  endfacet
  facet normal 0.000000e+00 0.000000e+00 -1.000000e+00
    outer loop
      vertex   8.410900e+01 8.154164e+01 3.180000e+01
      vertex   8.396517e+01 8.347244e+01 3.180000e+01
      vertex   8.422363e+01 8.160919e+01 3.180000e+01
    endloop
  endfacet
  facet normal 0.000000e+00 0.000000e+00 -1.000000e+00
    outer loop
      vertex   8.422363e+01 8.160919e+01 3.180000e+01
      vertex   8.396517e+01 8.347244e+01 3.180000e+01
      vertex   8.418831e+01 8.342698e+01 3.180000e+01
    endloop
  endfacet
  facet normal 0.000000e+00 0.000000e+00 -1.000000e+00
    outer loop
      vertex   8.422363e+01 8.160919e+01 3.180000e+01
      vertex   8.418831e+01 8.342698e+01 3.180000e+01
      vertex   8.434480e+01 8.166417e+01 3.180000e+01
    endloop
  endfacet
  facet normal 0.000000e+00 0.000000e+00 -1.000000e+00
    outer loop
      vertex   8.434480e+01 8.166417e+01 3.180000e+01
      vertex   8.418831e+01 8.342698e+01 3.180000e+01
      vertex   8.447112e+01 8.170596e+01 3.180000e+01
    endloop
  endfacet
  facet normal 0.000000e+00 0.000000e+00 -1.000000e+00
    outer loop
      vertex   8.447112e+01 8.170596e+01 3.180000e+01
      vertex   8.418831e+01 8.342698e+01 3.180000e+01
      vertex   8.441387e+01 8.339562e+01 3.180000e+01
    endloop
  endfacet
  facet normal 0.000000e+00 0.000000e+00 -1.000000e+00
    outer loop
      vertex   8.447112e+01 8.170596e+01 3.180000e+01
      vertex   8.441387e+01 8.339562e+01 3.180000e+01
      vertex   8.460117e+01 8.173409e+01 3.180000e+01
    endloop
  endfacet
  facet normal 0.000000e+00 0.000000e+00 -1.000000e+00
    outer loop
      vertex   8.460117e+01 8.173409e+01 3.180000e+01
      vertex   8.441387e+01 8.339562e+01 3.180000e+01
      vertex   8.464096e+01 8.337849e+01 3.180000e+01
    endloop
  endfacet
  facet normal 0.000000e+00 0.000000e+00 -1.000000e+00
    outer loop
      vertex   8.460117e+01 8.173409e+01 3.180000e+01
      vertex   8.464096e+01 8.337849e+01 3.180000e+01
      vertex   8.473347e+01 8.174823e+01 3.180000e+01
    endloop
  endfacet
  facet normal 0.000000e+00 0.000000e+00 -1.000000e+00
    outer loop
      vertex   8.473347e+01 8.174823e+01 3.180000e+01
      vertex   8.464096e+01 8.337849e+01 3.180000e+01
      vertex   8.486867e+01 8.337565e+01 3.180000e+01
    endloop
  endfacet
  facet normal 0.000000e+00 0.000000e+00 -1.000000e+00
    outer loop
      vertex   8.473347e+01 8.174823e+01 3.180000e+01
      vertex   8.486867e+01 8.337565e+01 3.180000e+01
      vertex   8.486653e+01 8.174823e+01 3.180000e+01
    endloop
  endfacet
  facet normal 0.000000e+00 0.000000e+00 -1.000000e+00
    outer loop
      vertex   8.486653e+01 8.174823e+01 3.180000e+01
      vertex   8.486867e+01 8.337565e+01 3.180000e+01
      vertex   8.499883e+01 8.173409e+01 3.180000e+01
    endloop
  endfacet
  facet normal 0.000000e+00 0.000000e+00 -1.000000e+00
    outer loop
      vertex   8.499883e+01 8.173409e+01 3.180000e+01
      vertex   8.486867e+01 8.337565e+01 3.180000e+01
      vertex   8.509611e+01 8.338711e+01 3.180000e+01
    endloop
  endfacet
  facet normal 0.000000e+00 0.000000e+00 -1.000000e+00
    outer loop
      vertex   8.499883e+01 8.173409e+01 3.180000e+01
      vertex   8.509611e+01 8.338711e+01 3.180000e+01
      vertex   8.512888e+01 8.170596e+01 3.180000e+01
    endloop
  endfacet
  facet normal 0.000000e+00 0.000000e+00 -1.000000e+00
    outer loop
      vertex   8.512888e+01 8.170596e+01 3.180000e+01
      vertex   8.509611e+01 8.338711e+01 3.180000e+01
      vertex   8.532238e+01 8.341284e+01 3.180000e+01
    endloop
  endfacet
  facet normal 0.000000e+00 0.000000e+00 -1.000000e+00
    outer loop
      vertex   8.512888e+01 8.170596e+01 3.180000e+01
      vertex   8.532238e+01 8.341284e+01 3.180000e+01
      vertex   8.525520e+01 8.166417e+01 3.180000e+01
    endloop
  endfacet
  facet normal 0.000000e+00 0.000000e+00 -1.000000e+00
    outer loop
      vertex   8.525520e+01 8.166417e+01 3.180000e+01
      vertex   8.532238e+01 8.341284e+01 3.180000e+01
      vertex   8.554658e+01 8.345271e+01 3.180000e+01
    endloop
  endfacet
  facet normal -2.085022e-14 -1.287001e-14 -1.000000e+00
    outer loop
      vertex   8.794296e+01 8.880622e+01 3.180000e+01
      vertex   8.782335e+01 8.900000e+01 3.180000e+01
      vertex   8.800982e+01 8.925000e+01 3.180000e+01
    endloop
  endfacet
  facet normal -1.955353e-14 -1.383718e-14 -1.000000e+00
    outer loop
      vertex   8.800982e+01 8.925000e+01 3.180000e+01
      vertex   8.782335e+01 8.900000e+01 3.180000e+01
      vertex   8.769180e+01 8.918589e+01 3.180000e+01
    endloop
  endfacet
  facet normal -1.921847e-14 -1.549925e-14 -1.000000e+00
    outer loop
      vertex   8.800982e+01 8.925000e+01 3.180000e+01
      vertex   8.769180e+01 8.918589e+01 3.180000e+01
      vertex   8.754884e+01 8.936316e+01 3.180000e+01
    endloop
  endfacet
  facet normal -1.988415e-14 -1.821114e-14 -1.000000e+00
    outer loop
      vertex   8.754884e+01 8.936316e+01 3.180000e+01
      vertex   8.739503e+01 8.953109e+01 3.180000e+01
      vertex   8.800982e+01 8.925000e+01 3.180000e+01
    endloop
  endfacet
  facet normal -2.200955e-14 -2.285963e-14 -1.000000e+00
    outer loop
      vertex   8.800982e+01 8.925000e+01 3.180000e+01
      vertex   8.739503e+01 8.953109e+01 3.180000e+01
      vertex   8.723098e+01 8.968904e+01 3.180000e+01
    endloop
  endfacet
  facet normal -5.338468e-08 5.828902e-08 -1.000000e+00
    outer loop
      vertex   8.243684e+01 8.974884e+01 3.180000e+01
      vertex   8.226891e+01 8.959503e+01 3.180000e+01
      vertex   7.830000e+01 9.230000e+01 3.180000e+01
    endloop
  endfacet
  facet normal -5.621980e-08 5.412916e-08 -1.000000e+00
    outer loop
      vertex   7.830000e+01 9.230000e+01 3.180000e+01
      vertex   8.226891e+01 8.959503e+01 3.180000e+01
      vertex   8.211096e+01 8.943098e+01 3.180000e+01
    endloop
  endfacet
  facet normal -5.917211e-08 5.020756e-08 -1.000000e+00
    outer loop
      vertex   7.830000e+01 9.230000e+01 3.180000e+01
      vertex   8.211096e+01 8.943098e+01 3.180000e+01
      vertex   8.196362e+01 8.925734e+01 3.180000e+01
    endloop
  endfacet
  facet normal -6.228953e-08 4.645392e-08 -1.000000e+00
    outer loop
      vertex   8.196362e+01 8.925734e+01 3.180000e+01
      vertex   8.182748e+01 8.907479e+01 3.180000e+01
      vertex   7.830000e+01 9.230000e+01 3.180000e+01
    endloop
  endfacet
  facet normal -6.562591e-08 4.280486e-08 -1.000000e+00
    outer loop
      vertex   7.830000e+01 9.230000e+01 3.180000e+01
      vertex   8.182748e+01 8.907479e+01 3.180000e+01
      vertex   8.170307e+01 8.888405e+01 3.180000e+01
    endloop
  endfacet
  facet normal -6.924446e-08 3.919996e-08 -1.000000e+00
    outer loop
      vertex   7.830000e+01 9.230000e+01 3.180000e+01
      vertex   8.170307e+01 8.888405e+01 3.180000e+01
      vertex   8.159088e+01 8.868587e+01 3.180000e+01
    endloop
  endfacet
  facet normal -7.322227e-08 3.557792e-08 -1.000000e+00
    outer loop
      vertex   8.159088e+01 8.868587e+01 3.180000e+01
      vertex   8.149135e+01 8.848104e+01 3.180000e+01
      vertex   7.830000e+01 9.230000e+01 3.180000e+01
    endloop
  endfacet
  facet normal -7.765650e-08 3.187241e-08 -1.000000e+00
    outer loop
      vertex   7.830000e+01 9.230000e+01 3.180000e+01
      vertex   8.149135e+01 8.848104e+01 3.180000e+01
      vertex   8.140489e+01 8.827037e+01 3.180000e+01
    endloop
  endfacet
  facet normal -8.267331e-08 2.800689e-08 -1.000000e+00
    outer loop
      vertex   7.830000e+01 9.230000e+01 3.180000e+01
      vertex   8.140489e+01 8.827037e+01 3.180000e+01
      vertex   8.133182e+01 8.805468e+01 3.180000e+01
    endloop
  endfacet
  facet normal -8.844144e-08 2.388755e-08 -1.000000e+00
    outer loop
      vertex   8.133182e+01 8.805468e+01 3.180000e+01
      vertex   8.127244e+01 8.783483e+01 3.180000e+01
      vertex   7.830000e+01 9.230000e+01 3.180000e+01
    endloop
  endfacet
  facet normal -9.519361e-08 1.939266e-08 -1.000000e+00
    outer loop
      vertex   7.830000e+01 9.230000e+01 3.180000e+01
      vertex   8.127244e+01 8.783483e+01 3.180000e+01
      vertex   8.122698e+01 8.761169e+01 3.180000e+01
    endloop
  endfacet
  facet normal -1.032617e-07 1.435561e-08 -1.000000e+00
    outer loop
      vertex   7.830000e+01 9.230000e+01 3.180000e+01
      vertex   8.122698e+01 8.761169e+01 3.180000e+01
      vertex   8.119562e+01 8.738613e+01 3.180000e+01
    endloop
  endfacet
  facet normal -1.131378e-07 8.535912e-09 -1.000000e+00
    outer loop
      vertex   8.119562e+01 8.738613e+01 3.180000e+01
      vertex   8.117849e+01 8.715904e+01 3.180000e+01
      vertex   7.830000e+01 9.230000e+01 3.180000e+01
    endloop
  endfacet
  facet normal -1.255852e-07 1.566446e-09 -1.000000e+00
    outer loop
      vertex   7.830000e+01 9.230000e+01 3.180000e+01
      vertex   8.117849e+01 8.715904e+01 3.180000e+01
      vertex   8.117565e+01 8.693133e+01 3.180000e+01
    endloop
  endfacet
  facet normal -1.418581e-07 -7.149924e-09 -1.000000e+00
    outer loop
      vertex   7.830000e+01 9.230000e+01 3.180000e+01
      vertex   8.117565e+01 8.693133e+01 3.180000e+01
      vertex   8.118711e+01 8.670389e+01 3.180000e+01
    endloop
  endfacet
  facet normal -7.751179e-08 -1.887438e-08 -1.000000e+00
    outer loop
      vertex   8.125271e+01 8.625342e+01 3.180000e+01
      vertex   8.130659e+01 8.603215e+01 3.180000e+01
      vertex   7.830000e+01 7.880000e+01 3.180000e+01
    endloop
  endfacet
  facet normal -7.029474e-08 -2.187469e-08 -1.000000e+00
    outer loop
      vertex   7.830000e+01 7.880000e+01 3.180000e+01
      vertex   8.130659e+01 8.603215e+01 3.180000e+01
      vertex   8.137426e+01 8.581471e+01 3.180000e+01
    endloop
  endfacet
  facet normal -6.425970e-08 -2.451960e-08 -1.000000e+00
    outer loop
      vertex   7.830000e+01 7.880000e+01 3.180000e+01
      vertex   8.137426e+01 8.581471e+01 3.180000e+01
      vertex   8.145544e+01 8.560194e+01 3.180000e+01
    endloop
  endfacet
  facet normal -5.909782e-08 -2.691422e-08 -1.000000e+00
    outer loop
      vertex   8.145544e+01 8.560194e+01 3.180000e+01
      vertex   8.154983e+01 8.539470e+01 3.180000e+01
      vertex   7.830000e+01 7.880000e+01 3.180000e+01
    endloop
  endfacet
  facet normal -5.459507e-08 -2.913315e-08 -1.000000e+00
    outer loop
      vertex   7.830000e+01 7.880000e+01 3.180000e+01
      vertex   8.154983e+01 8.539470e+01 3.180000e+01
      vertex   8.165704e+01 8.519378e+01 3.180000e+01
    endloop
  endfacet
  facet normal 0.000000e+00 0.000000e+00 -1.000000e+00
    outer loop
      vertex   8.480000e+01 7.925000e+01 3.180000e+01
      vertex   8.493287e+01 7.925708e+01 3.180000e+01
      vertex   8.719816e+01 7.730000e+01 3.180000e+01
    endloop
  endfacet
  facet normal 0.000000e+00 0.000000e+00 -1.000000e+00
    outer loop
      vertex   8.719816e+01 7.730000e+01 3.180000e+01
      vertex   8.493287e+01 7.925708e+01 3.180000e+01
      vertex   8.506423e+01 7.927825e+01 3.180000e+01
    endloop
  endfacet
  facet normal 0.000000e+00 0.000000e+00 -1.000000e+00
    outer loop
      vertex   8.719816e+01 7.730000e+01 3.180000e+01
      vertex   8.506423e+01 7.927825e+01 3.180000e+01
      vertex   8.519260e+01 7.931325e+01 3.180000e+01
    endloop
  endfacet
  facet normal 0.000000e+00 0.000000e+00 -1.000000e+00
    outer loop
      vertex   8.519260e+01 7.931325e+01 3.180000e+01
      vertex   8.531652e+01 7.936171e+01 3.180000e+01
      vertex   8.719816e+01 7.730000e+01 3.180000e+01
    endloop
  endfacet
  facet normal 0.000000e+00 0.000000e+00 -1.000000e+00
    outer loop
      vertex   8.719816e+01 7.730000e+01 3.180000e+01
      vertex   8.531652e+01 7.936171e+01 3.180000e+01
      vertex   8.543458e+01 7.942306e+01 3.180000e+01
    endloop
  endfacet
  facet normal 0.000000e+00 0.000000e+00 -1.000000e+00
    outer loop
      vertex   8.719816e+01 7.730000e+01 3.180000e+01
      vertex   8.543458e+01 7.942306e+01 3.180000e+01
      vertex   8.554546e+01 7.949661e+01 3.180000e+01
    endloop
  endfacet
  facet normal 0.000000e+00 0.000000e+00 -1.000000e+00
    outer loop
      vertex   8.554546e+01 7.949661e+01 3.180000e+01
      vertex   8.564789e+01 7.958153e+01 3.180000e+01
      vertex   8.719816e+01 7.730000e+01 3.180000e+01
    endloop
  endfacet
  facet normal 0.000000e+00 0.000000e+00 -1.000000e+00
    outer loop
      vertex   8.719816e+01 7.730000e+01 3.180000e+01
      vertex   8.564789e+01 7.958153e+01 3.180000e+01
      vertex   8.574071e+01 7.967686e+01 3.180000e+01
    endloop
  endfacet
  facet normal 0.000000e+00 0.000000e+00 -1.000000e+00
    outer loop
      vertex   8.719816e+01 7.730000e+01 3.180000e+01
      vertex   8.574071e+01 7.967686e+01 3.180000e+01
      vertex   8.582288e+01 7.978152e+01 3.180000e+01
    endloop
  endfacet
  facet normal 0.000000e+00 0.000000e+00 -1.000000e+00
    outer loop
      vertex   8.582288e+01 7.978152e+01 3.180000e+01
      vertex   8.589345e+01 7.989431e+01 3.180000e+01
      vertex   8.719816e+01 7.730000e+01 3.180000e+01
    endloop
  endfacet
  facet normal 0.000000e+00 0.000000e+00 -1.000000e+00
    outer loop
      vertex   8.719816e+01 7.730000e+01 3.180000e+01
      vertex   8.589345e+01 7.989431e+01 3.180000e+01
      vertex   8.595164e+01 8.001397e+01 3.180000e+01
    endloop
  endfacet
  facet normal 0.000000e+00 0.000000e+00 -1.000000e+00
    outer loop
      vertex   8.719816e+01 7.730000e+01 3.180000e+01
      vertex   8.595164e+01 8.001397e+01 3.180000e+01
      vertex   8.599678e+01 8.013914e+01 3.180000e+01
    endloop
  endfacet
  facet normal 0.000000e+00 0.000000e+00 -1.000000e+00
    outer loop
      vertex   8.599678e+01 8.013914e+01 3.180000e+01
      vertex   8.602836e+01 8.026839e+01 3.180000e+01
      vertex   8.719816e+01 7.730000e+01 3.180000e+01
    endloop
  endfacet
  facet normal 0.000000e+00 0.000000e+00 -1.000000e+00
    outer loop
      vertex   8.719816e+01 7.730000e+01 3.180000e+01
      vertex   8.602836e+01 8.026839e+01 3.180000e+01
      vertex   8.604602e+01 8.040027e+01 3.180000e+01
    endloop
  endfacet
  facet normal 0.000000e+00 0.000000e+00 -1.000000e+00
    outer loop
      vertex   8.719816e+01 7.730000e+01 3.180000e+01
      vertex   8.604602e+01 8.040027e+01 3.180000e+01
      vertex   8.604956e+01 8.053328e+01 3.180000e+01
    endloop
  endfacet
  facet normal -7.229456e-08 5.786549e-09 -1.000000e+00
    outer loop
      vertex   8.356106e+01 8.066591e+01 3.180000e+01
      vertex   8.355044e+01 8.053328e+01 3.180000e+01
      vertex   7.830000e+01 7.880000e+01 3.180000e+01
    endloop
  endfacet
  facet normal -8.863903e-08 -1.186968e-08 -1.000000e+00
    outer loop
      vertex   8.355398e+01 8.040027e+01 3.180000e+01
      vertex   8.357164e+01 8.026839e+01 3.180000e+01
      vertex   7.980000e+01 7.730000e+01 3.180000e+01
    endloop
  endfacet
  facet normal -8.217963e-08 -2.007702e-08 -1.000000e+00
    outer loop
      vertex   7.980000e+01 7.730000e+01 3.180000e+01
      vertex   8.357164e+01 8.026839e+01 3.180000e+01
      vertex   8.360322e+01 8.013914e+01 3.180000e+01
    endloop
  endfacet
  facet normal -7.655738e-08 -2.760841e-08 -1.000000e+00
    outer loop
      vertex   7.980000e+01 7.730000e+01 3.180000e+01
      vertex   8.360322e+01 8.013914e+01 3.180000e+01
      vertex   8.364836e+01 8.001397e+01 3.180000e+01
    endloop
  endfacet
  facet normal -7.150603e-08 -3.477114e-08 -1.000000e+00
    outer loop
      vertex   8.364836e+01 8.001397e+01 3.180000e+01
      vertex   8.370655e+01 7.989431e+01 3.180000e+01
      vertex   7.980000e+01 7.730000e+01 3.180000e+01
    endloop
  endfacet
  facet normal -6.682876e-08 -4.181424e-08 -1.000000e+00
    outer loop
      vertex   7.980000e+01 7.730000e+01 3.180000e+01
      vertex   8.370655e+01 7.989431e+01 3.180000e+01
      vertex   8.377712e+01 7.978152e+01 3.180000e+01
    endloop
  endfacet
  facet normal -6.236722e-08 -4.896474e-08 -1.000000e+00
    outer loop
      vertex   7.980000e+01 7.730000e+01 3.180000e+01
      vertex   8.377712e+01 7.978152e+01 3.180000e+01
      vertex   8.385929e+01 7.967686e+01 3.180000e+01
    endloop
  endfacet
  facet normal -5.798031e-08 -5.645685e-08 -1.000000e+00
    outer loop
      vertex   8.385929e+01 7.967686e+01 3.180000e+01
      vertex   8.395211e+01 7.958153e+01 3.180000e+01
      vertex   7.980000e+01 7.730000e+01 3.180000e+01
    endloop
  endfacet
  facet normal -5.352648e-08 -6.456228e-08 -1.000000e+00
    outer loop
      vertex   7.980000e+01 7.730000e+01 3.180000e+01
      vertex   8.395211e+01 7.958153e+01 3.180000e+01
      vertex   8.405454e+01 7.949661e+01 3.180000e+01
    endloop
  endfacet
  facet normal -4.884462e-08 -7.363042e-08 -1.000000e+00
    outer loop
      vertex   7.980000e+01 7.730000e+01 3.180000e+01
      vertex   8.405454e+01 7.949661e+01 3.180000e+01
      vertex   8.416542e+01 7.942306e+01 3.180000e+01
    endloop
  endfacet
  facet normal -4.372765e-08 -8.415191e-08 -1.000000e+00
    outer loop
      vertex   8.416542e+01 7.942306e+01 3.180000e+01
      vertex   8.428348e+01 7.936171e+01 3.180000e+01
      vertex   7.980000e+01 7.730000e+01 3.180000e+01
    endloop
  endfacet
  facet normal -3.787807e-08 -9.687269e-08 -1.000000e+00
    outer loop
      vertex   7.980000e+01 7.730000e+01 3.180000e+01
      vertex   8.428348e+01 7.936171e+01 3.180000e+01
      vertex   8.440740e+01 7.931325e+01 3.180000e+01
    endloop
  endfacet
  facet normal -3.082198e-08 -1.130208e-07 -1.000000e+00
    outer loop
      vertex   7.980000e+01 7.730000e+01 3.180000e+01
      vertex   8.440740e+01 7.931325e+01 3.180000e+01
      vertex   8.453577e+01 7.927825e+01 3.180000e+01
    endloop
  endfacet
  facet normal -1.575272e-07 8.395841e-09 -1.000000e+00
    outer loop
      vertex   8.355708e+01 9.363287e+01 3.180000e+01
      vertex   8.355000e+01 9.350000e+01 3.180000e+01
      vertex   8.130000e+01 9.530000e+01 3.180000e+01
    endloop
  endfacet
  facet normal -1.715589e-07 -9.143695e-09 -1.000000e+00
    outer loop
      vertex   8.130000e+01 9.530000e+01 3.180000e+01
      vertex   8.355000e+01 9.350000e+01 3.180000e+01
      vertex   8.355708e+01 9.336713e+01 3.180000e+01
    endloop
  endfacet
  facet normal -1.899341e-07 -3.060119e-08 -1.000000e+00
    outer loop
      vertex   8.130000e+01 9.530000e+01 3.180000e+01
      vertex   8.355708e+01 9.336713e+01 3.180000e+01
      vertex   8.357825e+01 9.323577e+01 3.180000e+01
    endloop
  endfacet
  facet normal -6.940160e-15 1.500946e-15 -1.000000e+00
    outer loop
      vertex   8.600596e+01 9.317112e+01 3.180000e+01
      vertex   8.603409e+01 9.330117e+01 3.180000e+01
      vertex   8.749018e+01 9.530000e+01 3.180000e+01
    endloop
  endfacet
  facet normal -5.718994e-15 6.113552e-16 -1.000000e+00
    outer loop
      vertex   8.749018e+01 9.530000e+01 3.180000e+01
      vertex   8.603409e+01 9.330117e+01 3.180000e+01
      vertex   8.604823e+01 9.343347e+01 3.180000e+01
    endloop
  endfacet
  facet normal -4.927630e-15 0.000000e+00 -1.000000e+00
    outer loop
      vertex   8.749018e+01 9.530000e+01 3.180000e+01
      vertex   8.604823e+01 9.343347e+01 3.180000e+01
      vertex   8.604823e+01 9.356653e+01 3.180000e+01
    endloop
  endfacet
  facet normal -4.366490e-15 -4.667738e-16 -1.000000e+00
    outer loop
      vertex   8.604823e+01 9.356653e+01 3.180000e+01
      vertex   8.603409e+01 9.369883e+01 3.180000e+01
      vertex   8.749018e+01 9.530000e+01 3.180000e+01
    endloop
  endfacet
  facet normal -3.942239e-15 -8.525863e-16 -1.000000e+00
    outer loop
      vertex   8.749018e+01 9.530000e+01 3.180000e+01
      vertex   8.603409e+01 9.369883e+01 3.180000e+01
      vertex   8.600596e+01 9.382888e+01 3.180000e+01
    endloop
  endfacet
  facet normal -3.605175e-15 -1.192653e-15 -1.000000e+00
    outer loop
      vertex   8.749018e+01 9.530000e+01 3.180000e+01
      vertex   8.600596e+01 9.382888e+01 3.180000e+01
      vertex   8.596417e+01 9.395520e+01 3.180000e+01
    endloop
  endfacet
  facet normal -3.326146e-15 -1.509281e-15 -1.000000e+00
    outer loop
      vertex   8.596417e+01 9.395520e+01 3.180000e+01
      vertex   8.590919e+01 9.407637e+01 3.180000e+01
      vertex   8.749018e+01 9.530000e+01 3.180000e+01
    endloop
  endfacet
  facet normal -3.086613e-15 -1.818769e-15 -1.000000e+00
    outer loop
      vertex   8.749018e+01 9.530000e+01 3.180000e+01
      vertex   8.590919e+01 9.407637e+01 3.180000e+01
      vertex   8.584164e+01 9.419100e+01 3.180000e+01
    endloop
  endfacet
  facet normal -2.873824e-15 -2.135082e-15 -1.000000e+00
    outer loop
      vertex   8.749018e+01 9.530000e+01 3.180000e+01
      vertex   8.584164e+01 9.419100e+01 3.180000e+01
      vertex   8.576229e+01 9.429781e+01 3.180000e+01
    endloop
  endfacet
  facet normal -2.678185e-15 -2.472385e-15 -1.000000e+00
    outer loop
      vertex   8.576229e+01 9.429781e+01 3.180000e+01
      vertex   8.567204e+01 9.439557e+01 3.180000e+01
      vertex   8.749018e+01 9.530000e+01 3.180000e+01
    endloop
  endfacet
  facet normal -2.491594e-15 -2.847484e-15 -1.000000e+00
    outer loop
      vertex   8.749018e+01 9.530000e+01 3.180000e+01
      vertex   8.567204e+01 9.439557e+01 3.180000e+01
      vertex   8.557191e+01 9.448319e+01 3.180000e+01
    endloop
  endfacet
  facet normal -2.306102e-15 -3.283110e-15 -1.000000e+00
    outer loop
      vertex   8.749018e+01 9.530000e+01 3.180000e+01
      vertex   8.557191e+01 9.448319e+01 3.180000e+01
      vertex   8.546303e+01 9.455967e+01 3.180000e+01
    endloop
  endfacet
  facet normal -2.112393e-15 -3.813519e-15 -1.000000e+00
    outer loop
      vertex   8.546303e+01 9.455967e+01 3.180000e+01
      vertex   8.534663e+01 9.462414e+01 3.180000e+01
      vertex   8.749018e+01 9.530000e+01 3.180000e+01
    endloop
  endfacet
  facet normal -1.897316e-15 -4.495656e-15 -1.000000e+00
    outer loop
      vertex   8.749018e+01 9.530000e+01 3.180000e+01
      vertex   8.534663e+01 9.462414e+01 3.180000e+01
      vertex   8.522405e+01 9.467588e+01 3.180000e+01
    endloop
  endfacet
  facet normal -1.638708e-15 -5.434635e-15 -1.000000e+00
    outer loop
      vertex   8.749018e+01 9.530000e+01 3.180000e+01
      vertex   8.522405e+01 9.467588e+01 3.180000e+01
      vertex   8.509666e+01 9.471429e+01 3.180000e+01
    endloop
  endfacet
  facet normal -1.291926e-15 -6.851767e-15 -1.000000e+00
    outer loop
      vertex   8.509666e+01 9.471429e+01 3.180000e+01
      vertex   8.496591e+01 9.473894e+01 3.180000e+01
      vertex   8.749018e+01 9.530000e+01 3.180000e+01
    endloop
  endfacet
  facet normal -7.452801e-16 -9.311197e-15 -1.000000e+00
    outer loop
      vertex   8.749018e+01 9.530000e+01 3.180000e+01
      vertex   8.496591e+01 9.473894e+01 3.180000e+01
      vertex   8.483328e+01 9.474956e+01 3.180000e+01
    endloop
  endfacet
  facet normal 3.944574e-16 -1.481254e-14 -1.000000e+00
    outer loop
      vertex   8.749018e+01 9.530000e+01 3.180000e+01
      vertex   8.483328e+01 9.474956e+01 3.180000e+01
      vertex   8.470027e+01 9.474602e+01 3.180000e+01
    endloop
  endfacet
  facet normal -7.679964e-08 2.129633e-07 -1.000000e+00
    outer loop
      vertex   8.443914e+01 9.469678e+01 3.180000e+01
      vertex   8.431397e+01 9.465164e+01 3.180000e+01
      vertex   8.130000e+01 9.530000e+01 3.180000e+01
    endloop
  endfacet
  facet normal -8.500636e-08 1.748136e-07 -1.000000e+00
    outer loop
      vertex   8.130000e+01 9.530000e+01 3.180000e+01
      vertex   8.431397e+01 9.465164e+01 3.180000e+01
      vertex   8.419431e+01 9.459345e+01 3.180000e+01
    endloop
  endfacet
  facet normal -9.184679e-08 1.467923e-07 -1.000000e+00
    outer loop
      vertex   8.130000e+01 9.530000e+01 3.180000e+01
      vertex   8.419431e+01 9.459345e+01 3.180000e+01
      vertex   8.408152e+01 9.452288e+01 3.180000e+01
    endloop
  endfacet
  facet normal -9.798849e-08 1.248096e-07 -1.000000e+00
    outer loop
      vertex   8.408152e+01 9.452288e+01 3.180000e+01
      vertex   8.397686e+01 9.444071e+01 3.180000e+01
      vertex   8.130000e+01 9.530000e+01 3.180000e+01
    endloop
  endfacet
  facet normal -1.038252e-07 1.066269e-07 -1.000000e+00
    outer loop
      vertex   8.130000e+01 9.530000e+01 3.180000e+01
      vertex   8.397686e+01 9.444071e+01 3.180000e+01
      vertex   8.388153e+01 9.434789e+01 3.180000e+01
    endloop
  endfacet
  facet normal -1.096292e-07 9.089002e-08 -1.000000e+00
    outer loop
      vertex   8.130000e+01 9.530000e+01 3.180000e+01
      vertex   8.388153e+01 9.434789e+01 3.180000e+01
      vertex   8.379661e+01 9.424546e+01 3.180000e+01
    endloop
  endfacet
  facet normal -1.156225e-07 7.670112e-08 -1.000000e+00
    outer loop
      vertex   8.379661e+01 9.424546e+01 3.180000e+01
      vertex   8.372306e+01 9.413458e+01 3.180000e+01
      vertex   8.130000e+01 9.530000e+01 3.180000e+01
    endloop
  endfacet
  facet normal -1.220180e-07 6.340392e-08 -1.000000e+00
    outer loop
      vertex   8.130000e+01 9.530000e+01 3.180000e+01
      vertex   8.372306e+01 9.413458e+01 3.180000e+01
      vertex   8.366171e+01 9.401652e+01 3.180000e+01
    endloop
  endfacet
  facet normal -1.290522e-07 5.046054e-08 -1.000000e+00
    outer loop
      vertex   8.130000e+01 9.530000e+01 3.180000e+01
      vertex   8.366171e+01 9.401652e+01 3.180000e+01
      vertex   8.361325e+01 9.389260e+01 3.180000e+01
    endloop
  endfacet
  facet normal -1.370187e-07 3.736648e-08 -1.000000e+00
    outer loop
      vertex   8.361325e+01 9.389260e+01 3.180000e+01
      vertex   8.357825e+01 9.376423e+01 3.180000e+01
      vertex   8.130000e+01 9.530000e+01 3.180000e+01
    endloop
  endfacet
  facet normal -1.463165e-07 2.357374e-08 -1.000000e+00
    outer loop
      vertex   8.130000e+01 9.530000e+01 3.180000e+01
      vertex   8.357825e+01 9.376423e+01 3.180000e+01
      vertex   8.355708e+01 9.363287e+01 3.180000e+01
    endloop
  endfacet
  facet normal -3.414111e-02 9.994170e-01 1.420257e-14
    outer loop
      vertex   8.130000e+01 9.530000e+01 3.380000e+01
      vertex   8.130000e+01 9.530000e+01 3.180000e+01
      vertex   8.109527e+01 9.529301e+01 3.380000e+01
    endloop
  endfacet
  facet normal -3.414111e-02 9.994170e-01 0.000000e+00
    outer loop
      vertex   8.109527e+01 9.529301e+01 3.380000e+01
      vertex   8.130000e+01 9.530000e+01 3.180000e+01
      vertex   8.109527e+01 9.529301e+01 3.180000e+01
    endloop
  endfacet
  facet normal -1.022641e-01 9.947573e-01 0.000000e+00
    outer loop
      vertex   8.109527e+01 9.529301e+01 3.380000e+01
      vertex   8.109527e+01 9.529301e+01 3.180000e+01
      vertex   8.089150e+01 9.527206e+01 3.380000e+01
    endloop
  endfacet
  facet normal -1.022641e-01 9.947573e-01 0.000000e+00
    outer loop
      vertex   8.089150e+01 9.527206e+01 3.380000e+01
      vertex   8.109527e+01 9.529301e+01 3.180000e+01
      vertex   8.089150e+01 9.527206e+01 3.180000e+01
    endloop
  endfacet
  facet normal -1.699104e-01 9.854595e-01 0.000000e+00
    outer loop
      vertex   8.089150e+01 9.527206e+01 3.380000e+01
      vertex   8.089150e+01 9.527206e+01 3.180000e+01
      vertex   8.068963e+01 9.523725e+01 3.380000e+01
    endloop
  endfacet
  facet normal -1.699104e-01 9.854595e-01 0.000000e+00
    outer loop
      vertex   8.068963e+01 9.523725e+01 3.380000e+01
      vertex   8.089150e+01 9.527206e+01 3.180000e+01
      vertex   8.068963e+01 9.523725e+01 3.180000e+01
    endloop
  endfacet
  facet normal -2.367644e-01 9.715671e-01 0.000000e+00
    outer loop
      vertex   8.068963e+01 9.523725e+01 3.380000e+01
      vertex   8.068963e+01 9.523725e+01 3.180000e+01
      vertex   8.049061e+01 9.518875e+01 3.380000e+01
    endloop
  endfacet
  facet normal -2.367644e-01 9.715671e-01 0.000000e+00
    outer loop
      vertex   8.049061e+01 9.518875e+01 3.380000e+01
      vertex   8.068963e+01 9.523725e+01 3.180000e+01
      vertex   8.049061e+01 9.518875e+01 3.180000e+01
    endloop
  endfacet
  facet normal -3.025146e-01 9.531448e-01 0.000000e+00
    outer loop
      vertex   8.049061e+01 9.518875e+01 3.380000e+01
      vertex   8.049061e+01 9.518875e+01 3.180000e+01
      vertex   8.029536e+01 9.512678e+01 3.380000e+01
    endloop
  endfacet
  facet normal -3.025146e-01 9.531448e-01 0.000000e+00
    outer loop
      vertex   8.029536e+01 9.512678e+01 3.380000e+01
      vertex   8.049061e+01 9.518875e+01 3.180000e+01
      vertex   8.029536e+01 9.512678e+01 3.180000e+01
    endloop
  endfacet
  facet normal -3.668542e-01 9.302784e-01 0.000000e+00
    outer loop
      vertex   8.029536e+01 9.512678e+01 3.380000e+01
      vertex   8.029536e+01 9.512678e+01 3.180000e+01
      vertex   8.010480e+01 9.505163e+01 3.380000e+01
    endloop
  endfacet
  facet normal -3.668542e-01 9.302784e-01 0.000000e+00
    outer loop
      vertex   8.010480e+01 9.505163e+01 3.380000e+01
      vertex   8.029536e+01 9.512678e+01 3.180000e+01
      vertex   8.010480e+01 9.505163e+01 3.180000e+01
    endloop
  endfacet
  facet normal -4.294834e-01 9.030747e-01 0.000000e+00
    outer loop
      vertex   8.010480e+01 9.505163e+01 3.380000e+01
      vertex   8.010480e+01 9.505163e+01 3.180000e+01
      vertex   7.991980e+01 9.496366e+01 3.380000e+01
    endloop
  endfacet
  facet normal -4.294834e-01 9.030747e-01 0.000000e+00
    outer loop
      vertex   7.991980e+01 9.496366e+01 3.380000e+01
      vertex   8.010480e+01 9.505163e+01 3.180000e+01
      vertex   7.991980e+01 9.496366e+01 3.180000e+01
    endloop
  endfacet
  facet normal -4.901102e-01 8.716605e-01 0.000000e+00
    outer loop
      vertex   7.991980e+01 9.496366e+01 3.380000e+01
      vertex   7.991980e+01 9.496366e+01 3.180000e+01
      vertex   7.974125e+01 9.486326e+01 3.380000e+01
    endloop
  endfacet
  facet normal -4.901102e-01 8.716605e-01 0.000000e+00
    outer loop
      vertex   7.974125e+01 9.486326e+01 3.380000e+01
      vertex   7.991980e+01 9.496366e+01 3.180000e+01
      vertex   7.974125e+01 9.486326e+01 3.180000e+01
    endloop
  endfacet
  facet normal -5.484519e-01 8.361821e-01 0.000000e+00
    outer loop
      vertex   7.974125e+01 9.486326e+01 3.380000e+01
      vertex   7.974125e+01 9.486326e+01 3.180000e+01
      vertex   7.956996e+01 9.475091e+01 3.380000e+01
    endloop
  endfacet
  facet normal -5.484519e-01 8.361821e-01 0.000000e+00
    outer loop
      vertex   7.956996e+01 9.475091e+01 3.380000e+01
      vertex   7.974125e+01 9.486326e+01 3.180000e+01
      vertex   7.956996e+01 9.475091e+01 3.180000e+01
    endloop
  endfacet
  facet normal -6.042364e-01 7.968051e-01 0.000000e+00
    outer loop
      vertex   7.956996e+01 9.475091e+01 3.380000e+01
      vertex   7.956996e+01 9.475091e+01 3.180000e+01
      vertex   7.940674e+01 9.462713e+01 3.380000e+01
    endloop
  endfacet
  facet normal -6.042364e-01 7.968051e-01 0.000000e+00
    outer loop
      vertex   7.940674e+01 9.462713e+01 3.380000e+01
      vertex   7.956996e+01 9.475091e+01 3.180000e+01
      vertex   7.940674e+01 9.462713e+01 3.180000e+01
    endloop
  endfacet
  facet normal -6.572037e-01 7.537130e-01 0.000000e+00
    outer loop
      vertex   7.940674e+01 9.462713e+01 3.380000e+01
      vertex   7.940674e+01 9.462713e+01 3.180000e+01
      vertex   7.925234e+01 9.449251e+01 3.380000e+01
    endloop
  endfacet
  facet normal -6.572037e-01 7.537130e-01 0.000000e+00
    outer loop
      vertex   7.925234e+01 9.449251e+01 3.380000e+01
      vertex   7.940674e+01 9.462713e+01 3.180000e+01
      vertex   7.925234e+01 9.449251e+01 3.180000e+01
    endloop
  endfacet
  facet normal -7.071068e-01 7.071068e-01 0.000000e+00
    outer loop
      vertex   7.925234e+01 9.449251e+01 3.380000e+01
      vertex   7.925234e+01 9.449251e+01 3.180000e+01
      vertex   7.910749e+01 9.434766e+01 3.380000e+01
    endloop
  endfacet
  facet normal -7.071068e-01 7.071068e-01 0.000000e+00
    outer loop
      vertex   7.910749e+01 9.434766e+01 3.380000e+01
      vertex   7.925234e+01 9.449251e+01 3.180000e+01
      vertex   7.910749e+01 9.434766e+01 3.180000e+01
    endloop
  endfacet
  facet normal -7.537130e-01 6.572037e-01 0.000000e+00
    outer loop
      vertex   7.910749e+01 9.434766e+01 3.380000e+01
      vertex   7.910749e+01 9.434766e+01 3.180000e+01
      vertex   7.897287e+01 9.419326e+01 3.380000e+01
    endloop
  endfacet
  facet normal -7.537130e-01 6.572037e-01 0.000000e+00
    outer loop
      vertex   7.897287e+01 9.419326e+01 3.380000e+01
      vertex   7.910749e+01 9.434766e+01 3.180000e+01
      vertex   7.897287e+01 9.419326e+01 3.180000e+01
    endloop
  endfacet
  facet normal -7.968051e-01 6.042364e-01 0.000000e+00
    outer loop
      vertex   7.897287e+01 9.419326e+01 3.380000e+01
      vertex   7.897287e+01 9.419326e+01 3.180000e+01
      vertex   7.884909e+01 9.403004e+01 3.380000e+01
    endloop
  endfacet
  facet normal -7.968051e-01 6.042364e-01 0.000000e+00
    outer loop
      vertex   7.884909e+01 9.403004e+01 3.380000e+01
      vertex   7.897287e+01 9.419326e+01 3.180000e+01
      vertex   7.884909e+01 9.403004e+01 3.180000e+01
    endloop
  endfacet
  facet normal -8.361821e-01 5.484519e-01 0.000000e+00
    outer loop
      vertex   7.884909e+01 9.403004e+01 3.380000e+01
      vertex   7.884909e+01 9.403004e+01 3.180000e+01
      vertex   7.873674e+01 9.385875e+01 3.380000e+01
    endloop
  endfacet
  facet normal -8.361821e-01 5.484519e-01 0.000000e+00
    outer loop
      vertex   7.873674e+01 9.385875e+01 3.380000e+01
      vertex   7.884909e+01 9.403004e+01 3.180000e+01
      vertex   7.873674e+01 9.385875e+01 3.180000e+01
    endloop
  endfacet
  facet normal -8.716605e-01 4.901102e-01 0.000000e+00
    outer loop
      vertex   7.873674e+01 9.385875e+01 3.380000e+01
      vertex   7.873674e+01 9.385875e+01 3.180000e+01
      vertex   7.863634e+01 9.368020e+01 3.380000e+01
    endloop
  endfacet
  facet normal -8.716605e-01 4.901102e-01 0.000000e+00
    outer loop
      vertex   7.863634e+01 9.368020e+01 3.380000e+01
      vertex   7.873674e+01 9.385875e+01 3.180000e+01
      vertex   7.863634e+01 9.368020e+01 3.180000e+01
    endloop
  endfacet
  facet normal -9.030747e-01 4.294834e-01 0.000000e+00
    outer loop
      vertex   7.863634e+01 9.368020e+01 3.380000e+01
      vertex   7.863634e+01 9.368020e+01 3.180000e+01
      vertex   7.854837e+01 9.349520e+01 3.380000e+01
    endloop
  endfacet
  facet normal -9.030747e-01 4.294834e-01 0.000000e+00
    outer loop
      vertex   7.854837e+01 9.349520e+01 3.380000e+01
      vertex   7.863634e+01 9.368020e+01 3.180000e+01
      vertex   7.854837e+01 9.349520e+01 3.180000e+01
    endloop
  endfacet
  facet normal -9.302784e-01 3.668542e-01 0.000000e+00
    outer loop
      vertex   7.854837e+01 9.349520e+01 3.380000e+01
      vertex   7.854837e+01 9.349520e+01 3.180000e+01
      vertex   7.847322e+01 9.330464e+01 3.380000e+01
    endloop
  endfacet
  facet normal -9.302784e-01 3.668542e-01 0.000000e+00
    outer loop
      vertex   7.847322e+01 9.330464e+01 3.380000e+01
      vertex   7.854837e+01 9.349520e+01 3.180000e+01
      vertex   7.847322e+01 9.330464e+01 3.180000e+01
    endloop
  endfacet
  facet normal -9.531448e-01 3.025146e-01 0.000000e+00
    outer loop
      vertex   7.847322e+01 9.330464e+01 3.380000e+01
      vertex   7.847322e+01 9.330464e+01 3.180000e+01
      vertex   7.841125e+01 9.310939e+01 3.380000e+01
    endloop
  endfacet
  facet normal -9.531448e-01 3.025146e-01 0.000000e+00
    outer loop
      vertex   7.841125e+01 9.310939e+01 3.380000e+01
      vertex   7.847322e+01 9.330464e+01 3.180000e+01
      vertex   7.841125e+01 9.310939e+01 3.180000e+01
    endloop
  endfacet
  facet normal -9.715671e-01 2.367644e-01 0.000000e+00
    outer loop
      vertex   7.841125e+01 9.310939e+01 3.380000e+01
      vertex   7.841125e+01 9.310939e+01 3.180000e+01
      vertex   7.836275e+01 9.291037e+01 3.380000e+01
    endloop
  endfacet
  facet normal -9.715671e-01 2.367644e-01 0.000000e+00
    outer loop
      vertex   7.836275e+01 9.291037e+01 3.380000e+01
      vertex   7.841125e+01 9.310939e+01 3.180000e+01
      vertex   7.836275e+01 9.291037e+01 3.180000e+01
    endloop
  endfacet
  facet normal -9.854595e-01 1.699104e-01 0.000000e+00
    outer loop
      vertex   7.836275e+01 9.291037e+01 3.380000e+01
      vertex   7.836275e+01 9.291037e+01 3.180000e+01
      vertex   7.832794e+01 9.270850e+01 3.380000e+01
    endloop
  endfacet
  facet normal -9.854595e-01 1.699104e-01 0.000000e+00
    outer loop
      vertex   7.832794e+01 9.270850e+01 3.380000e+01
      vertex   7.836275e+01 9.291037e+01 3.180000e+01
      vertex   7.832794e+01 9.270850e+01 3.180000e+01
    endloop
  endfacet
  facet normal -9.947573e-01 1.022641e-01 0.000000e+00
    outer loop
      vertex   7.832794e+01 9.270850e+01 3.380000e+01
      vertex   7.832794e+01 9.270850e+01 3.180000e+01
      vertex   7.830699e+01 9.250473e+01 3.380000e+01
    endloop
  endfacet
  facet normal -9.947573e-01 1.022641e-01 0.000000e+00
    outer loop
      vertex   7.830699e+01 9.250473e+01 3.380000e+01
      vertex   7.832794e+01 9.270850e+01 3.180000e+01
      vertex   7.830699e+01 9.250473e+01 3.180000e+01
    endloop
  endfacet
  facet normal -9.994170e-01 3.414111e-02 0.000000e+00
    outer loop
      vertex   7.830699e+01 9.250473e+01 3.380000e+01
      vertex   7.830699e+01 9.250473e+01 3.180000e+01
      vertex   7.830000e+01 9.230000e+01 3.180000e+01
    endloop
  endfacet
  facet normal -9.994170e-01 3.414111e-02 0.000000e+00
    outer loop
      vertex   7.830000e+01 9.230000e+01 3.180000e+01
      vertex   7.830000e+01 9.230000e+01 3.380000e+01
      vertex   7.830699e+01 9.250473e+01 3.380000e+01
    endloop
  endfacet
  facet normal -1.000000e+00 3.746402e-12 0.000000e+00
    outer loop
      vertex   7.830000e+01 9.230000e+01 3.180000e+01
      vertex   7.830000e+01 7.880000e+01 3.180000e+01
      vertex   7.830000e+01 9.230000e+01 3.380000e+01
    endloop
  endfacet
  facet normal -1.000000e+00 6.922392e-19 2.528822e-11
    outer loop
      vertex   7.830000e+01 9.230000e+01 3.380000e+01
      vertex   7.830000e+01 7.880000e+01 3.180000e+01
      vertex   7.830000e+01 7.880000e+01 3.380000e+01
    endloop
  endfacet
  facet normal -9.987955e-01 -4.906767e-02 2.525776e-11
    outer loop
      vertex   7.830000e+01 7.880000e+01 3.380000e+01
      vertex   7.830000e+01 7.880000e+01 3.180000e+01
      vertex   7.830722e+01 7.865297e+01 3.380000e+01
    endloop
  endfacet
  facet normal -9.987955e-01 -4.906767e-02 -0.000000e+00
    outer loop
      vertex   7.830722e+01 7.865297e+01 3.380000e+01
      vertex   7.830000e+01 7.880000e+01 3.180000e+01
      vertex   7.830722e+01 7.865297e+01 3.180000e+01
    endloop
  endfacet
  facet normal -9.891765e-01 -1.467305e-01 -0.000000e+00
    outer loop
      vertex   7.830722e+01 7.865297e+01 3.380000e+01
      vertex   7.830722e+01 7.865297e+01 3.180000e+01
      vertex   7.832882e+01 7.850736e+01 3.380000e+01
    endloop
  endfacet
  facet normal -9.891765e-01 -1.467305e-01 -0.000000e+00
    outer loop
      vertex   7.832882e+01 7.850736e+01 3.380000e+01
      vertex   7.830722e+01 7.865297e+01 3.180000e+01
      vertex   7.832882e+01 7.850736e+01 3.180000e+01
    endloop
  endfacet
  facet normal -9.700313e-01 -2.429802e-01 -0.000000e+00
    outer loop
      vertex   7.832882e+01 7.850736e+01 3.380000e+01
      vertex   7.832882e+01 7.850736e+01 3.180000e+01
      vertex   7.836459e+01 7.836457e+01 3.380000e+01
    endloop
  endfacet
  facet normal -9.700313e-01 -2.429802e-01 -0.000000e+00
    outer loop
      vertex   7.836459e+01 7.836457e+01 3.380000e+01
      vertex   7.832882e+01 7.850736e+01 3.180000e+01
      vertex   7.836459e+01 7.836457e+01 3.180000e+01
    endloop
  endfacet
  facet normal -9.415441e-01 -3.368899e-01 -0.000000e+00
    outer loop
      vertex   7.836459e+01 7.836457e+01 3.380000e+01
      vertex   7.836459e+01 7.836457e+01 3.180000e+01
      vertex   7.841418e+01 7.822597e+01 3.380000e+01
    endloop
  endfacet
  facet normal -9.415441e-01 -3.368899e-01 -0.000000e+00
    outer loop
      vertex   7.841418e+01 7.822597e+01 3.380000e+01
      vertex   7.836459e+01 7.836457e+01 3.180000e+01
      vertex   7.841418e+01 7.822597e+01 3.180000e+01
    endloop
  endfacet
  facet normal -9.039893e-01 -4.275551e-01 -0.000000e+00
    outer loop
      vertex   7.841418e+01 7.822597e+01 3.380000e+01
      vertex   7.841418e+01 7.822597e+01 3.180000e+01
      vertex   7.847712e+01 7.809291e+01 3.380000e+01
    endloop
  endfacet
  facet normal -9.039893e-01 -4.275551e-01 -0.000000e+00
    outer loop
      vertex   7.847712e+01 7.809291e+01 3.380000e+01
      vertex   7.841418e+01 7.822597e+01 3.180000e+01
      vertex   7.847712e+01 7.809291e+01 3.180000e+01
    endloop
  endfacet
  facet normal -8.577286e-01 -5.141027e-01 -0.000000e+00
    outer loop
      vertex   7.847712e+01 7.809291e+01 3.380000e+01
      vertex   7.847712e+01 7.809291e+01 3.180000e+01
      vertex   7.855280e+01 7.796664e+01 3.380000e+01
    endloop
  endfacet
  facet normal -8.577286e-01 -5.141027e-01 -0.000000e+00
    outer loop
      vertex   7.855280e+01 7.796664e+01 3.380000e+01
      vertex   7.847712e+01 7.809291e+01 3.180000e+01
      vertex   7.855280e+01 7.796664e+01 3.180000e+01
    endloop
  endfacet
  facet normal -8.032075e-01 -5.956993e-01 -0.000000e+00
    outer loop
      vertex   7.855280e+01 7.796664e+01 3.380000e+01
      vertex   7.855280e+01 7.796664e+01 3.180000e+01
      vertex   7.864048e+01 7.784841e+01 3.380000e+01
    endloop
  endfacet
  facet normal -8.032075e-01 -5.956993e-01 -0.000000e+00
    outer loop
      vertex   7.864048e+01 7.784841e+01 3.380000e+01
      vertex   7.855280e+01 7.796664e+01 3.180000e+01
      vertex   7.864048e+01 7.784841e+01 3.180000e+01
    endloop
  endfacet
  facet normal -7.409511e-01 -6.715590e-01 -0.000000e+00
    outer loop
      vertex   7.864048e+01 7.784841e+01 3.380000e+01
      vertex   7.864048e+01 7.784841e+01 3.180000e+01
      vertex   7.873934e+01 7.773934e+01 3.380000e+01
    endloop
  endfacet
  facet normal -7.409511e-01 -6.715590e-01 -0.000000e+00
    outer loop
      vertex   7.873934e+01 7.773934e+01 3.380000e+01
      vertex   7.864048e+01 7.784841e+01 3.180000e+01
      vertex   7.873934e+01 7.773934e+01 3.180000e+01
    endloop
  endfacet
  facet normal -6.715590e-01 -7.409511e-01 -0.000000e+00
    outer loop
      vertex   7.873934e+01 7.773934e+01 3.380000e+01
      vertex   7.873934e+01 7.773934e+01 3.180000e+01
      vertex   7.884841e+01 7.764048e+01 3.380000e+01
    endloop
  endfacet
  facet normal -6.715590e-01 -7.409511e-01 -0.000000e+00
    outer loop
      vertex   7.884841e+01 7.764048e+01 3.380000e+01
      vertex   7.873934e+01 7.773934e+01 3.180000e+01
      vertex   7.884841e+01 7.764048e+01 3.180000e+01
    endloop
  endfacet
  facet normal -5.956993e-01 -8.032075e-01 -0.000000e+00
    outer loop
      vertex   7.884841e+01 7.764048e+01 3.380000e+01
      vertex   7.884841e+01 7.764048e+01 3.180000e+01
      vertex   7.896664e+01 7.755280e+01 3.380000e+01
    endloop
  endfacet
  facet normal -5.956993e-01 -8.032075e-01 -0.000000e+00
    outer loop
      vertex   7.896664e+01 7.755280e+01 3.380000e+01
      vertex   7.884841e+01 7.764048e+01 3.180000e+01
      vertex   7.896664e+01 7.755280e+01 3.180000e+01
    endloop
  endfacet
  facet normal -5.141027e-01 -8.577286e-01 -0.000000e+00
    outer loop
      vertex   7.896664e+01 7.755280e+01 3.380000e+01
      vertex   7.896664e+01 7.755280e+01 3.180000e+01
      vertex   7.909290e+01 7.747712e+01 3.380000e+01
    endloop
  endfacet
  facet normal -5.141027e-01 -8.577286e-01 -0.000000e+00
    outer loop
      vertex   7.909290e+01 7.747712e+01 3.380000e+01
      vertex   7.896664e+01 7.755280e+01 3.180000e+01
      vertex   7.909290e+01 7.747712e+01 3.180000e+01
    endloop
  endfacet
  facet normal -4.275551e-01 -9.039893e-01 -0.000000e+00
    outer loop
      vertex   7.909290e+01 7.747712e+01 3.380000e+01
      vertex   7.909290e+01 7.747712e+01 3.180000e+01
      vertex   7.922597e+01 7.741418e+01 3.380000e+01
    endloop
  endfacet
  facet normal -4.275551e-01 -9.039893e-01 -0.000000e+00
    outer loop
      vertex   7.922597e+01 7.741418e+01 3.380000e+01
      vertex   7.909290e+01 7.747712e+01 3.180000e+01
      vertex   7.922597e+01 7.741418e+01 3.180000e+01
    endloop
  endfacet
  facet normal -3.368899e-01 -9.415441e-01 -0.000000e+00
    outer loop
      vertex   7.922597e+01 7.741418e+01 3.380000e+01
      vertex   7.922597e+01 7.741418e+01 3.180000e+01
      vertex   7.936457e+01 7.736459e+01 3.380000e+01
    endloop
  endfacet
  facet normal -3.368899e-01 -9.415441e-01 -0.000000e+00
    outer loop
      vertex   7.936457e+01 7.736459e+01 3.380000e+01
      vertex   7.922597e+01 7.741418e+01 3.180000e+01
      vertex   7.936457e+01 7.736459e+01 3.180000e+01
    endloop
  endfacet
  facet normal -2.429802e-01 -9.700313e-01 -0.000000e+00
    outer loop
      vertex   7.936457e+01 7.736459e+01 3.380000e+01
      vertex   7.936457e+01 7.736459e+01 3.180000e+01
      vertex   7.950736e+01 7.732882e+01 3.380000e+01
    endloop
  endfacet
  facet normal -2.429802e-01 -9.700313e-01 -0.000000e+00
    outer loop
      vertex   7.950736e+01 7.732882e+01 3.380000e+01
      vertex   7.936457e+01 7.736459e+01 3.180000e+01
      vertex   7.950736e+01 7.732882e+01 3.180000e+01
    endloop
  endfacet
  facet normal -1.467305e-01 -9.891765e-01 -0.000000e+00
    outer loop
      vertex   7.950736e+01 7.732882e+01 3.380000e+01
      vertex   7.950736e+01 7.732882e+01 3.180000e+01
      vertex   7.965297e+01 7.730722e+01 3.380000e+01
    endloop
  endfacet
  facet normal -1.467305e-01 -9.891765e-01 -0.000000e+00
    outer loop
      vertex   7.965297e+01 7.730722e+01 3.380000e+01
      vertex   7.950736e+01 7.732882e+01 3.180000e+01
      vertex   7.965297e+01 7.730722e+01 3.180000e+01
    endloop
  endfacet
  facet normal -4.906767e-02 -9.987955e-01 -0.000000e+00
    outer loop
      vertex   7.965297e+01 7.730722e+01 3.380000e+01
      vertex   7.965297e+01 7.730722e+01 3.180000e+01
      vertex   7.980000e+01 7.730000e+01 3.180000e+01
    endloop
  endfacet
  facet normal -4.906767e-02 -9.987955e-01 0.000000e+00
    outer loop
      vertex   7.980000e+01 7.730000e+01 3.180000e+01
      vertex   7.980000e+01 7.730000e+01 3.380000e+01
      vertex   7.965297e+01 7.730722e+01 3.380000e+01
    endloop
  endfacet
  facet normal 0.000000e+00 -1.000000e+00 0.000000e+00
    outer loop
      vertex   7.980000e+01 7.730000e+01 3.180000e+01
      vertex   8.719816e+01 7.730000e+01 3.180000e+01
      vertex   7.980000e+01 7.730000e+01 3.380000e+01
    endloop
  endfacet
  facet normal 1.455068e-12 -1.000000e+00 5.382412e-12
    outer loop
      vertex   7.980000e+01 7.730000e+01 3.380000e+01
      vertex   8.719816e+01 7.730000e+01 3.180000e+01
      vertex   9.820000e+01 7.730000e+01 3.380000e+01
    endloop
  endfacet
  facet normal 1.042939e-12 -1.000000e+00 7.649500e-12
    outer loop
      vertex   9.820000e+01 7.730000e+01 3.380000e+01
      vertex   8.719816e+01 7.730000e+01 3.180000e+01
      vertex   9.820000e+01 7.730000e+01 3.030000e+01
    endloop
  endfacet
  facet normal 0.000000e+00 -1.000000e+00 0.000000e+00
    outer loop
      vertex   9.820000e+01 7.730000e+01 3.030000e+01
      vertex   8.719816e+01 7.730000e+01 3.180000e+01
      vertex   8.719816e+01 7.730000e+01 3.030000e+01
    endloop
  endfacet
  facet normal 0.000000e+00 0.000000e+00 -1.000000e+00
    outer loop
      vertex   9.670000e+01 8.240000e+01 1.060000e+01
      vertex   8.659971e+01 8.240000e+01 1.060000e+01
      vertex   9.670000e+01 8.440000e+01 1.060000e+01
    endloop
  endfacet
  facet normal -0.000000e+00 0.000000e+00 -1.000000e+00
    outer loop
      vertex   9.670000e+01 8.440000e+01 1.060000e+01
      vertex   8.659971e+01 8.240000e+01 1.060000e+01
      vertex   8.659971e+01 8.440000e+01 1.060000e+01
    endloop
  endfacet
  facet normal -8.557440e-02 4.121600e-14 -9.963318e-01
    outer loop
      vertex   9.861672e+01 8.690715e+01 2.072249e+01
      vertex   9.870000e+01 8.690000e+01 2.071534e+01
      vertex   9.856353e+01 8.677488e+01 2.072706e+01
    endloop
  endfacet
  facet normal -8.557440e-02 -6.713353e-15 -9.963318e-01
    outer loop
      vertex   9.856353e+01 8.677488e+01 2.072706e+01
      vertex   9.870000e+01 8.690000e+01 2.071534e+01
      vertex   9.849803e+01 8.664826e+01 2.073269e+01
    endloop
  endfacet
  facet normal -8.557440e-02 9.497056e-14 -9.963318e-01
    outer loop
      vertex   9.849803e+01 8.664826e+01 2.073269e+01
      vertex   9.870000e+01 8.690000e+01 2.071534e+01
      vertex   9.842080e+01 8.652843e+01 2.073932e+01
    endloop
  endfacet
  facet normal -8.557440e-02 -5.995041e-19 -9.963318e-01
    outer loop
      vertex   9.842080e+01 8.652843e+01 2.073932e+01
      vertex   9.870000e+01 8.690000e+01 2.071534e+01
      vertex   9.870000e+01 8.440000e+01 2.071534e+01
    endloop
  endfacet
  facet normal -8.557440e-02 -5.286681e-15 -9.963318e-01
    outer loop
      vertex   9.842080e+01 8.652843e+01 2.073932e+01
      vertex   9.870000e+01 8.440000e+01 2.071534e+01
      vertex   9.833255e+01 8.641647e+01 2.074690e+01
    endloop
  endfacet
  facet normal -8.557440e-02 2.185434e-15 -9.963318e-01
    outer loop
      vertex   9.833255e+01 8.641647e+01 2.074690e+01
      vertex   9.870000e+01 8.440000e+01 2.071534e+01
      vertex   9.823406e+01 8.631339e+01 2.075536e+01
    endloop
  endfacet
  facet normal -8.557440e-02 1.886587e-15 -9.963318e-01
    outer loop
      vertex   9.823406e+01 8.631339e+01 2.075536e+01
      vertex   9.870000e+01 8.440000e+01 2.071534e+01
      vertex   9.812623e+01 8.622013e+01 2.076462e+01
    endloop
  endfacet
  facet normal -8.557440e-02 5.037921e-15 -9.963318e-01
    outer loop
      vertex   9.812623e+01 8.622013e+01 2.076462e+01
      vertex   9.870000e+01 8.440000e+01 2.071534e+01
      vertex   9.801004e+01 8.613753e+01 2.077460e+01
    endloop
  endfacet
  facet normal -8.557440e-02 -1.504435e-14 -9.963318e-01
    outer loop
      vertex   9.801004e+01 8.613753e+01 2.077460e+01
      vertex   9.870000e+01 8.440000e+01 2.071534e+01
      vertex   9.788653e+01 8.606633e+01 2.078521e+01
    endloop
  endfacet
  facet normal -8.557440e-02 1.128836e-14 -9.963318e-01
    outer loop
      vertex   9.788653e+01 8.606633e+01 2.078521e+01
      vertex   9.870000e+01 8.440000e+01 2.071534e+01
      vertex   9.775681e+01 8.600718e+01 2.079635e+01
    endloop
  endfacet
  facet normal -8.557440e-02 2.157538e-16 -9.963318e-01
    outer loop
      vertex   9.775681e+01 8.600718e+01 2.079635e+01
      vertex   9.870000e+01 8.440000e+01 2.071534e+01
      vertex   9.762207e+01 8.596061e+01 2.080792e+01
    endloop
  endfacet
  facet normal -8.557440e-02 -5.926036e-15 -9.963318e-01
    outer loop
      vertex   9.762207e+01 8.596061e+01 2.080792e+01
      vertex   9.870000e+01 8.440000e+01 2.071534e+01
      vertex   9.748352e+01 8.592704e+01 2.081982e+01
    endloop
  endfacet
  facet normal -8.557440e-02 -9.467500e-15 -9.963318e-01
    outer loop
      vertex   9.748352e+01 8.592704e+01 2.081982e+01
      vertex   9.870000e+01 8.440000e+01 2.071534e+01
      vertex   9.734240e+01 8.590678e+01 2.083194e+01
    endloop
  endfacet
  facet normal -8.557440e-02 5.626201e-14 -9.963318e-01
    outer loop
      vertex   9.734240e+01 8.590678e+01 2.083194e+01
      vertex   9.870000e+01 8.440000e+01 2.071534e+01
      vertex   9.720000e+01 8.590000e+01 2.084417e+01
    endloop
  endfacet
  facet normal -8.557440e-02 -3.169397e-15 -9.963318e-01
    outer loop
      vertex   9.720000e+01 8.590000e+01 2.084417e+01
      vertex   9.870000e+01 8.440000e+01 2.071534e+01
      vertex   9.145000e+01 8.440000e+01 2.133804e+01
    endloop
  endfacet
  facet normal -8.557440e-02 -2.379934e-15 -9.963318e-01
    outer loop
      vertex   9.720000e+01 8.590000e+01 2.084417e+01
      vertex   9.145000e+01 8.440000e+01 2.133804e+01
      vertex   9.145000e+01 8.590000e+01 2.133804e+01
    endloop
  endfacet
  facet normal -3.925982e-02 -9.992290e-01 -0.000000e+00
    outer loop
      vertex   9.130000e+01 8.925000e+01 3.180000e+01
      vertex   9.130000e+01 8.925000e+01 3.030000e+01
      vertex   9.147653e+01 8.924306e+01 3.180000e+01
    endloop
  endfacet
  facet normal -4.002030e-02 -9.991989e-01 8.964034e-05
    outer loop
      vertex   9.147653e+01 8.924306e+01 3.180000e+01
      vertex   9.130000e+01 8.925000e+01 3.030000e+01
      vertex   9.147995e+01 8.924279e+01 3.030000e+01
    endloop
  endfacet
  facet normal -1.175374e-01 -9.930685e-01 -8.790390e-05
    outer loop
      vertex   9.147653e+01 8.924306e+01 3.180000e+01
      vertex   9.147995e+01 8.924279e+01 3.030000e+01
      vertex   9.165198e+01 8.922230e+01 3.180000e+01
    endloop
  endfacet
  facet normal -1.198045e-01 -9.927975e-01 1.758077e-04
    outer loop
      vertex   9.165198e+01 8.922230e+01 3.180000e+01
      vertex   9.147995e+01 8.924279e+01 3.030000e+01
      vertex   9.165874e+01 8.922122e+01 3.030000e+01
    endloop
  endfacet
  facet normal -1.950903e-01 -9.807853e-01 -1.723348e-04
    outer loop
      vertex   9.165198e+01 8.922230e+01 3.180000e+01
      vertex   9.165874e+01 8.922122e+01 3.030000e+01
      vertex   9.182525e+01 8.918783e+01 3.180000e+01
    endloop
  endfacet
  facet normal -1.988212e-01 -9.800357e-01 2.585020e-04
    outer loop
      vertex   9.182525e+01 8.918783e+01 3.180000e+01
      vertex   9.165874e+01 8.922122e+01 3.030000e+01
      vertex   9.183524e+01 8.918541e+01 3.030000e+01
    endloop
  endfacet
  facet normal -2.714404e-01 -9.624552e-01 -2.532924e-04
    outer loop
      vertex   9.182525e+01 8.918783e+01 3.180000e+01
      vertex   9.183524e+01 8.918541e+01 3.030000e+01
      vertex   9.199529e+01 8.913988e+01 3.180000e+01
    endloop
  endfacet
  facet normal -2.765641e-01 -9.609954e-01 3.377229e-04
    outer loop
      vertex   9.199529e+01 8.913988e+01 3.180000e+01
      vertex   9.183524e+01 8.918541e+01 3.030000e+01
      vertex   9.200830e+01 8.913560e+01 3.030000e+01
    endloop
  endfacet
  facet normal -3.461170e-01 -9.381913e-01 -3.307766e-04
    outer loop
      vertex   9.199529e+01 8.913988e+01 3.180000e+01
      vertex   9.200830e+01 8.913560e+01 3.030000e+01
      vertex   9.216104e+01 8.907873e+01 3.180000e+01
    endloop
  endfacet
  facet normal -3.525353e-01 -9.357984e-01 4.134703e-04
    outer loop
      vertex   9.216104e+01 8.907873e+01 3.180000e+01
      vertex   9.200830e+01 8.913560e+01 3.030000e+01
      vertex   9.217683e+01 8.907212e+01 3.030000e+01
    endloop
  endfacet
  facet normal -4.186597e-01 -9.081431e-01 -4.047872e-04
    outer loop
      vertex   9.216104e+01 8.907873e+01 3.180000e+01
      vertex   9.217683e+01 8.907212e+01 3.030000e+01
      vertex   9.232148e+01 8.900476e+01 3.180000e+01
    endloop
  endfacet
  facet normal -4.262479e-01 -9.046063e-01 4.857441e-04
    outer loop
      vertex   9.232148e+01 8.900476e+01 3.180000e+01
      vertex   9.217683e+01 8.907212e+01 3.030000e+01
      vertex   9.233975e+01 8.899535e+01 3.030000e+01
    endloop
  endfacet
  facet normal -4.886212e-01 -8.724959e-01 -4.753240e-04
    outer loop
      vertex   9.232148e+01 8.900476e+01 3.180000e+01
      vertex   9.233975e+01 8.899535e+01 3.030000e+01
      vertex   9.247562e+01 8.891844e+01 3.180000e+01
    endloop
  endfacet
  facet normal -4.972297e-01 -8.676188e-01 5.545439e-04
    outer loop
      vertex   9.247562e+01 8.891844e+01 3.180000e+01
      vertex   9.233975e+01 8.899535e+01 3.030000e+01
      vertex   9.249600e+01 8.890581e+01 3.030000e+01
    endloop
  endfacet
  facet normal -5.555702e-01 -8.314695e-01 -5.423868e-04
    outer loop
      vertex   9.247562e+01 8.891844e+01 3.180000e+01
      vertex   9.249600e+01 8.890581e+01 3.030000e+01
      vertex   9.262252e+01 8.882029e+01 3.180000e+01
    endloop
  endfacet
  facet normal -5.650260e-01 -8.250729e-01 6.198697e-04
    outer loop
      vertex   9.262252e+01 8.882029e+01 3.180000e+01
      vertex   9.249600e+01 8.890581e+01 3.030000e+01
      vertex   9.264458e+01 8.880405e+01 3.030000e+01
    endloop
  endfacet
  facet normal -6.190938e-01 -7.853168e-01 -6.059756e-04
    outer loop
      vertex   9.262252e+01 8.882029e+01 3.180000e+01
      vertex   9.264458e+01 8.880405e+01 3.030000e+01
      vertex   9.276126e+01 8.871091e+01 3.180000e+01
    endloop
  endfacet
  facet normal -6.292025e-01 -7.772411e-01 6.817214e-04
    outer loop
      vertex   9.276126e+01 8.871091e+01 3.180000e+01
      vertex   9.264458e+01 8.880405e+01 3.030000e+01
      vertex   9.278456e+01 8.869073e+01 3.030000e+01
    endloop
  endfacet
  facet normal -6.788006e-01 -7.343223e-01 -6.660901e-04
    outer loop
      vertex   9.276126e+01 8.871091e+01 3.180000e+01
      vertex   9.278456e+01 8.869073e+01 3.030000e+01
      vertex   9.289099e+01 8.859099e+01 3.180000e+01
    endloop
  endfacet
  facet normal -6.893480e-01 -7.244300e-01 7.400987e-04
    outer loop
      vertex   9.289099e+01 8.859099e+01 3.180000e+01
      vertex   9.278456e+01 8.869073e+01 3.030000e+01
      vertex   9.291502e+01 8.856659e+01 3.030000e+01
    endloop
  endfacet
  facet normal -7.343223e-01 -6.788006e-01 -7.227302e-04
    outer loop
      vertex   9.289099e+01 8.859099e+01 3.180000e+01
      vertex   9.291502e+01 8.856659e+01 3.030000e+01
      vertex   9.301091e+01 8.846126e+01 3.180000e+01
    endloop
  endfacet
  facet normal -7.450772e-01 -6.669778e-01 7.950016e-04
    outer loop
      vertex   9.301091e+01 8.846126e+01 3.180000e+01
      vertex   9.291502e+01 8.856659e+01 3.030000e+01
      vertex   9.303514e+01 8.843241e+01 3.030000e+01
    endloop
  endfacet
  facet normal -7.853167e-01 -6.190938e-01 -7.758959e-04
    outer loop
      vertex   9.301091e+01 8.846126e+01 3.180000e+01
      vertex   9.303514e+01 8.843241e+01 3.030000e+01
      vertex   9.312029e+01 8.832252e+01 3.180000e+01
    endloop
  endfacet
  facet normal -7.960330e-01 -6.052526e-01 8.464299e-04
    outer loop
      vertex   9.312029e+01 8.832252e+01 3.180000e+01
      vertex   9.303514e+01 8.843241e+01 3.030000e+01
      vertex   9.314414e+01 8.828905e+01 3.030000e+01
    endloop
  endfacet
  facet normal -8.314693e-01 -5.555700e-01 -8.255868e-04
    outer loop
      vertex   9.312029e+01 8.832252e+01 3.180000e+01
      vertex   9.314414e+01 8.828905e+01 3.030000e+01
      vertex   9.321844e+01 8.817562e+01 3.180000e+01
    endloop
  endfacet
  facet normal -8.418891e-01 -5.396499e-01 8.943835e-04
    outer loop
      vertex   9.321844e+01 8.817562e+01 3.180000e+01
      vertex   9.314414e+01 8.828905e+01 3.030000e+01
      vertex   9.324133e+01 8.813743e+01 3.030000e+01
    endloop
  endfacet
  facet normal -8.724957e-01 -4.886211e-01 -8.718031e-04
    outer loop
      vertex   9.321844e+01 8.817562e+01 3.180000e+01
      vertex   9.324133e+01 8.813743e+01 3.030000e+01
      vertex   9.330476e+01 8.802148e+01 3.180000e+01
    endloop
  endfacet
  facet normal -8.823515e-01 -4.705899e-01 9.388623e-04
    outer loop
      vertex   9.330476e+01 8.802148e+01 3.180000e+01
      vertex   9.324133e+01 8.813743e+01 3.030000e+01
      vertex   9.332608e+01 8.797853e+01 3.030000e+01
    endloop
  endfacet
  facet normal -9.081428e-01 -4.186596e-01 -9.145444e-04
    outer loop
      vertex   9.330476e+01 8.802148e+01 3.180000e+01
      vertex   9.332608e+01 8.797853e+01 3.030000e+01
      vertex   9.337873e+01 8.786104e+01 3.180000e+01
    endloop
  endfacet
  facet normal -9.171612e-01 -3.985151e-01 9.798662e-04
    outer loop
      vertex   9.337873e+01 8.786104e+01 3.180000e+01
      vertex   9.332608e+01 8.797853e+01 3.030000e+01
      vertex   9.339785e+01 8.781335e+01 3.030000e+01
    endloop
  endfacet
  facet normal -9.381909e-01 -3.461169e-01 -9.538109e-04
    outer loop
      vertex   9.337873e+01 8.786104e+01 3.180000e+01
      vertex   9.339785e+01 8.781335e+01 3.030000e+01
      vertex   9.343988e+01 8.769529e+01 3.180000e+01
    endloop
  endfacet
  facet normal -9.460951e-01 -3.238872e-01 1.017395e-03
    outer loop
      vertex   9.343988e+01 8.769529e+01 3.180000e+01
      vertex   9.339785e+01 8.781335e+01 3.030000e+01
      vertex   9.345617e+01 8.764297e+01 3.030000e+01
    endloop
  endfacet
  facet normal -9.624548e-01 -2.714403e-01 -9.896022e-04
    outer loop
      vertex   9.343988e+01 8.769529e+01 3.180000e+01
      vertex   9.345617e+01 8.764297e+01 3.030000e+01
      vertex   9.348783e+01 8.752525e+01 3.180000e+01
    endloop
  endfacet
  facet normal -9.689679e-01 -2.471844e-01 1.051449e-03
    outer loop
      vertex   9.348783e+01 8.752525e+01 3.180000e+01
      vertex   9.345617e+01 8.764297e+01 3.030000e+01
      vertex   9.350069e+01 8.746847e+01 3.030000e+01
    endloop
  endfacet
  facet normal -9.807848e-01 -1.950902e-01 -1.021918e-03
    outer loop
      vertex   9.348783e+01 8.752525e+01 3.180000e+01
      vertex   9.350069e+01 8.746847e+01 3.030000e+01
      vertex   9.352230e+01 8.735198e+01 3.180000e+01
    endloop
  endfacet
  facet normal -9.856330e-01 -1.688979e-01 1.082028e-03
    outer loop
      vertex   9.352230e+01 8.735198e+01 3.180000e+01
      vertex   9.350069e+01 8.746847e+01 3.030000e+01
      vertex   9.353111e+01 8.729096e+01 3.030000e+01
    endloop
  endfacet
  facet normal -9.930679e-01 -1.175373e-01 -1.050760e-03
    outer loop
      vertex   9.352230e+01 8.735198e+01 3.180000e+01
      vertex   9.353111e+01 8.729096e+01 3.030000e+01
      vertex   9.354306e+01 8.717653e+01 3.180000e+01
    endloop
  endfacet
  facet normal -9.959836e-01 -8.952943e-02 1.109131e-03
    outer loop
      vertex   9.354306e+01 8.717653e+01 3.180000e+01
      vertex   9.353111e+01 8.729096e+01 3.030000e+01
      vertex   9.354723e+01 8.711160e+01 3.030000e+01
    endloop
  endfacet
  facet normal -9.992285e-01 -3.925979e-02 -1.076125e-03
    outer loop
      vertex   9.354306e+01 8.717653e+01 3.180000e+01
      vertex   9.354723e+01 8.711160e+01 3.030000e+01
      vertex   9.355000e+01 8.700000e+01 3.180000e+01
    endloop
  endfacet
  facet normal -9.999534e-01 -9.587379e-03 1.132759e-03
    outer loop
      vertex   9.355000e+01 8.700000e+01 3.180000e+01
      vertex   9.354723e+01 8.711160e+01 3.030000e+01
      vertex   9.354896e+01 8.693151e+01 3.030000e+01
    endloop
  endfacet
  facet normal -9.992284e-01 3.925979e-02 -1.098016e-03
    outer loop
      vertex   9.355000e+01 8.700000e+01 3.180000e+01
      vertex   9.354896e+01 8.693151e+01 3.030000e+01
      vertex   9.354306e+01 8.682347e+01 3.180000e+01
    endloop
  endfacet
  facet normal -9.975170e-01 7.041609e-02 1.152912e-03
    outer loop
      vertex   9.354306e+01 8.682347e+01 3.180000e+01
      vertex   9.354896e+01 8.693151e+01 3.030000e+01
      vertex   9.353628e+01 8.675187e+01 3.030000e+01
    endloop
  endfacet
  facet normal -9.930678e-01 1.175373e-01 -1.116431e-03
    outer loop
      vertex   9.354306e+01 8.682347e+01 3.180000e+01
      vertex   9.353628e+01 8.675187e+01 3.030000e+01
      vertex   9.352230e+01 8.664802e+01 3.180000e+01
    endloop
  endfacet
  facet normal -9.886901e-01 1.499684e-01 1.169589e-03
    outer loop
      vertex   9.352230e+01 8.664802e+01 3.180000e+01
      vertex   9.353628e+01 8.675187e+01 3.030000e+01
      vertex   9.350927e+01 8.657381e+01 3.030000e+01
    endloop
  endfacet
  facet normal -9.807847e-01 1.950902e-01 -1.131370e-03
    outer loop
      vertex   9.352230e+01 8.664802e+01 3.180000e+01
      vertex   9.350927e+01 8.657381e+01 3.030000e+01
      vertex   9.348783e+01 8.647475e+01 3.180000e+01
    endloop
  endfacet
  facet normal -9.735291e-01 2.285600e-01 1.182791e-03
    outer loop
      vertex   9.348783e+01 8.647475e+01 3.180000e+01
      vertex   9.350927e+01 8.657381e+01 3.030000e+01
      vertex   9.346811e+01 8.639849e+01 3.030000e+01
    endloop
  endfacet
  facet normal -9.624546e-01 2.714403e-01 -1.142835e-03
    outer loop
      vertex   9.348783e+01 8.647475e+01 3.180000e+01
      vertex   9.346811e+01 8.639849e+01 3.030000e+01
      vertex   9.343988e+01 8.630471e+01 3.180000e+01
    endloop
  endfacet
  facet normal -9.521312e-01 3.056873e-01 1.192518e-03
    outer loop
      vertex   9.343988e+01 8.630471e+01 3.180000e+01
      vertex   9.346811e+01 8.639849e+01 3.030000e+01
      vertex   9.341305e+01 8.622702e+01 3.030000e+01
    endloop
  endfacet
  facet normal -9.381907e-01 3.461168e-01 -1.150823e-03
    outer loop
      vertex   9.343988e+01 8.630471e+01 3.180000e+01
      vertex   9.341305e+01 8.622702e+01 3.030000e+01
      vertex   9.337873e+01 8.613896e+01 3.180000e+01
    endloop
  endfacet
  facet normal -9.246335e-01 3.808562e-01 1.198769e-03
    outer loop
      vertex   9.337873e+01 8.613896e+01 3.180000e+01
      vertex   9.341305e+01 8.622702e+01 3.030000e+01
      vertex   9.334447e+01 8.606050e+01 3.030000e+01
    endloop
  endfacet
  facet normal -9.081426e-01 4.186595e-01 -1.155337e-03
    outer loop
      vertex   9.337873e+01 8.613896e+01 3.180000e+01
      vertex   9.334447e+01 8.606050e+01 3.030000e+01
      vertex   9.330476e+01 8.597852e+01 3.180000e+01
    endloop
  endfacet
  facet normal -8.912121e-01 4.535852e-01 1.201544e-03
    outer loop
      vertex   9.330476e+01 8.597852e+01 3.180000e+01
      vertex   9.334447e+01 8.606050e+01 3.030000e+01
      vertex   9.326278e+01 8.590000e+01 3.030000e+01
    endloop
  endfacet
  facet normal -8.724954e-01 4.886209e-01 -1.156374e-03
    outer loop
      vertex   9.330476e+01 8.597852e+01 3.180000e+01
      vertex   9.326278e+01 8.590000e+01 3.030000e+01
      vertex   9.321844e+01 8.582438e+01 3.180000e+01
    endloop
  endfacet
  facet normal -8.649882e-01 5.017922e-01 -2.704401e-04
    outer loop
      vertex   9.321844e+01 8.582438e+01 3.180000e+01
      vertex   9.326278e+01 8.590000e+01 3.030000e+01
      vertex   9.324856e+01 8.587500e+01 2.940000e+01
    endloop
  endfacet
  facet normal -8.451899e-01 5.344657e-01 6.671645e-04
    outer loop
      vertex   9.321844e+01 8.582438e+01 3.180000e+01
      vertex   9.324856e+01 8.587500e+01 2.940000e+01
      vertex   9.315171e+01 8.572185e+01 2.940000e+01
    endloop
  endfacet
  facet normal -8.451900e-01 5.344658e-01 -5.048681e-04
    outer loop
      vertex   9.315171e+01 8.572185e+01 2.940000e+01
      vertex   9.324856e+01 8.587500e+01 2.940000e+01
      vertex   9.317309e+01 8.575339e+01 2.700000e+01
    endloop
  endfacet
  facet normal -8.107156e-01 5.854400e-01 4.719560e-04
    outer loop
      vertex   9.315171e+01 8.572185e+01 2.940000e+01
      vertex   9.317309e+01 8.575339e+01 2.700000e+01
      vertex   9.307247e+01 8.561405e+01 2.700000e+01
    endloop
  endfacet
  facet normal -8.692035e-01 4.944545e-01 0.000000e+00
    outer loop
      vertex   9.326278e+01 8.590000e+01 3.030000e+01
      vertex   9.326278e+01 8.590000e+01 2.700000e+01
      vertex   9.324856e+01 8.587500e+01 2.940000e+01
    endloop
  endfacet
  facet normal -8.530374e-01 5.218496e-01 3.811667e-04
    outer loop
      vertex   9.324856e+01 8.587500e+01 2.940000e+01
      vertex   9.326278e+01 8.590000e+01 2.700000e+01
      vertex   9.317309e+01 8.575339e+01 2.700000e+01
    endloop
  endfacet
  facet normal -7.994426e-01 6.007422e-01 -5.875913e-04
    outer loop
      vertex   9.315171e+01 8.572185e+01 2.940000e+01
      vertex   9.307247e+01 8.561405e+01 2.700000e+01
      vertex   9.304286e+01 8.557700e+01 2.940000e+01
    endloop
  endfacet
  facet normal -7.636633e-01 6.456144e-01 5.466128e-04
    outer loop
      vertex   9.304286e+01 8.557700e+01 2.940000e+01
      vertex   9.307247e+01 8.561405e+01 2.700000e+01
      vertex   9.296151e+01 8.548280e+01 2.700000e+01
    endloop
  endfacet
  facet normal -7.485106e-01 6.631225e-01 -6.541813e-04
    outer loop
      vertex   9.304286e+01 8.557700e+01 2.940000e+01
      vertex   9.296151e+01 8.548280e+01 2.700000e+01
      vertex   9.292271e+01 8.544137e+01 2.940000e+01
    endloop
  endfacet
  facet normal -7.121552e-01 7.020218e-01 6.051358e-04
    outer loop
      vertex   9.292271e+01 8.544137e+01 2.940000e+01
      vertex   9.296151e+01 8.548280e+01 2.700000e+01
      vertex   9.284085e+01 8.536040e+01 2.700000e+01
    endloop
  endfacet
  facet normal -6.927242e-01 7.212023e-01 -7.046371e-04
    outer loop
      vertex   9.292271e+01 8.544137e+01 2.940000e+01
      vertex   9.284085e+01 8.536040e+01 2.700000e+01
      vertex   9.279203e+01 8.531585e+01 2.940000e+01
    endloop
  endfacet
  facet normal -6.564918e-01 7.543329e-01 6.475241e-04
    outer loop
      vertex   9.279203e+01 8.531585e+01 2.940000e+01
      vertex   9.284085e+01 8.536040e+01 2.700000e+01
      vertex   9.271121e+01 8.524757e+01 2.700000e+01
    endloop
  endfacet
  facet normal -6.324452e-01 7.746048e-01 -7.389577e-04
    outer loop
      vertex   9.279203e+01 8.531585e+01 2.940000e+01
      vertex   9.271121e+01 8.524757e+01 2.700000e+01
      vertex   9.265167e+01 8.520125e+01 2.940000e+01
    endloop
  endfacet
  facet normal -5.969978e-01 8.022426e-01 6.737769e-04
    outer loop
      vertex   9.265167e+01 8.520125e+01 2.940000e+01
      vertex   9.271121e+01 8.524757e+01 2.700000e+01
      vertex   9.257332e+01 8.514497e+01 2.700000e+01
    endloop
  endfacet
  facet normal -5.680646e-01 8.229836e-01 -7.571425e-04
    outer loop
      vertex   9.265167e+01 8.520125e+01 2.940000e+01
      vertex   9.257332e+01 8.514497e+01 2.700000e+01
      vertex   9.250255e+01 8.509832e+01 2.940000e+01
    endloop
  endfacet
  facet normal -5.340204e-01 8.454713e-01 6.838937e-04
    outer loop
      vertex   9.250255e+01 8.509832e+01 2.940000e+01
      vertex   9.257332e+01 8.514497e+01 2.700000e+01
      vertex   9.242801e+01 8.505319e+01 2.700000e+01
    endloop
  endfacet
  facet normal -4.999999e-01 8.660252e-01 -7.591913e-04
    outer loop
      vertex   9.250255e+01 8.509832e+01 2.940000e+01
      vertex   9.242801e+01 8.505319e+01 2.700000e+01
      vertex   9.234563e+01 8.500772e+01 2.940000e+01
    endloop
  endfacet
  facet normal -4.679271e-01 8.837668e-01 6.778744e-04
    outer loop
      vertex   9.234563e+01 8.500772e+01 2.940000e+01
      vertex   9.242801e+01 8.505319e+01 2.700000e+01
      vertex   9.227612e+01 8.497276e+01 2.700000e+01
    endloop
  endfacet
  facet normal -4.286924e-01 9.034502e-01 -7.451040e-04
    outer loop
      vertex   9.234563e+01 8.500772e+01 2.940000e+01
      vertex   9.227612e+01 8.497276e+01 2.700000e+01
      vertex   9.218192e+01 8.493005e+01 2.940000e+01
    endloop
  endfacet
  facet normal -3.991035e-01 9.169057e-01 6.557191e-04
    outer loop
      vertex   9.218192e+01 8.493005e+01 2.940000e+01
      vertex   9.227612e+01 8.497276e+01 2.700000e+01
      vertex   9.211853e+01 8.490417e+01 2.700000e+01
    endloop
  endfacet
  facet normal -3.546048e-01 9.350160e-01 -7.148808e-04
    outer loop
      vertex   9.218192e+01 8.493005e+01 2.940000e+01
      vertex   9.211853e+01 8.490417e+01 2.700000e+01
      vertex   9.201250e+01 8.486579e+01 2.940000e+01
    endloop
  endfacet
  facet normal -3.279512e-01 9.446945e-01 6.174281e-04
    outer loop
      vertex   9.201250e+01 8.486579e+01 2.940000e+01
      vertex   9.211853e+01 8.490417e+01 2.700000e+01
      vertex   9.195617e+01 8.484781e+01 2.700000e+01
    endloop
  endfacet
  facet normal -2.782174e-01 9.605179e-01 -6.685222e-04
    outer loop
      vertex   9.201250e+01 8.486579e+01 2.940000e+01
      vertex   9.195617e+01 8.484781e+01 2.700000e+01
      vertex   9.183846e+01 8.481538e+01 2.940000e+01
    endloop
  endfacet
  facet normal -2.548853e-01 9.669711e-01 5.630022e-04
    outer loop
      vertex   9.183846e+01 8.481538e+01 2.940000e+01
      vertex   9.195617e+01 8.484781e+01 2.700000e+01
      vertex   9.178998e+01 8.480400e+01 2.700000e+01
    endloop
  endfacet
  facet normal -2.000257e-01 9.797905e-01 -6.060292e-04
    outer loop
      vertex   9.183846e+01 8.481538e+01 2.940000e+01
      vertex   9.178998e+01 8.480400e+01 2.700000e+01
      vertex   9.166093e+01 8.477914e+01 2.940000e+01
    endloop
  endfacet
  facet normal -1.803322e-01 9.836056e-01 4.924422e-04
    outer loop
      vertex   9.166093e+01 8.477914e+01 2.940000e+01
      vertex   9.178998e+01 8.480400e+01 2.700000e+01
      vertex   9.162093e+01 8.477300e+01 2.700000e+01
    endloop
  endfacet
  facet normal -1.205367e-01 9.927087e-01 -5.274026e-04
    outer loop
      vertex   9.166093e+01 8.477914e+01 2.940000e+01
      vertex   9.162093e+01 8.477300e+01 2.700000e+01
      vertex   9.148105e+01 8.475730e+01 2.940000e+01
    endloop
  endfacet
  facet normal -1.047268e-01 9.945009e-01 4.057494e-04
    outer loop
      vertex   9.148105e+01 8.475730e+01 2.940000e+01
      vertex   9.162093e+01 8.477300e+01 2.700000e+01
      vertex   9.145000e+01 8.475501e+01 2.700000e+01
    endloop
  endfacet
  facet normal -7.356812e-02 9.972902e-01 -7.471430e-09
    outer loop
      vertex   9.148105e+01 8.475730e+01 2.940000e+01
      vertex   9.145000e+01 8.475501e+01 2.700000e+01
      vertex   9.145000e+01 8.475501e+01 2.830000e+01
    endloop
  endfacet
  facet normal -7.603114e-02 9.971054e-01 6.990124e-05
    outer loop
      vertex   9.145000e+01 8.475501e+01 2.830000e+01
      vertex   9.144767e+01 8.475482e+01 2.836692e+01
      vertex   9.148105e+01 8.475730e+01 2.940000e+01
    endloop
  endfacet
  facet normal -7.088859e-02 9.974842e-01 -9.718259e-05
    outer loop
      vertex   9.148105e+01 8.475730e+01 2.940000e+01
      vertex   9.144767e+01 8.475482e+01 2.836692e+01
      vertex   9.144065e+01 8.475433e+01 2.843476e+01
    endloop
  endfacet
  facet normal -6.347260e-02 9.979835e-01 -4.091039e-04
    outer loop
      vertex   9.148105e+01 8.475730e+01 2.940000e+01
      vertex   9.144065e+01 8.475433e+01 2.843476e+01
      vertex   9.142893e+01 8.475361e+01 2.850289e+01
    endloop
  endfacet
  facet normal -5.571304e-02 9.984465e-01 -8.618408e-04
    outer loop
      vertex   9.142893e+01 8.475361e+01 2.850289e+01
      vertex   9.141247e+01 8.475275e+01 2.857069e+01
      vertex   9.148105e+01 8.475730e+01 2.940000e+01
    endloop
  endfacet
  facet normal -4.796841e-02 9.988477e-01 -1.504479e-03
    outer loop
      vertex   9.148105e+01 8.475730e+01 2.940000e+01
      vertex   9.141247e+01 8.475275e+01 2.857069e+01
      vertex   9.139126e+01 8.475184e+01 2.863755e+01
    endloop
  endfacet
  facet normal -5.272986e-02 9.986084e-01 -9.420112e-04
    outer loop
      vertex   9.148105e+01 8.475730e+01 2.940000e+01
      vertex   9.139126e+01 8.475184e+01 2.863755e+01
      vertex   9.130000e+01 8.475000e+01 3.180000e+01
    endloop
  endfacet
  facet normal -3.522238e-02 9.993794e-01 -4.363672e-04
    outer loop
      vertex   9.130000e+01 8.475000e+01 3.180000e+01
      vertex   9.139126e+01 8.475184e+01 2.863755e+01
      vertex   9.136526e+01 8.475095e+01 2.870284e+01
    endloop
  endfacet
  facet normal -2.203266e-02 9.997572e-01 -1.583280e-04
    outer loop
      vertex   9.130000e+01 8.475000e+01 3.180000e+01
      vertex   9.136526e+01 8.475095e+01 2.870284e+01
      vertex   9.133463e+01 8.475028e+01 2.876601e+01
    endloop
  endfacet
  facet normal -8.162452e-03 9.999667e-01 4.740451e-15
    outer loop
      vertex   9.133463e+01 8.475028e+01 2.876601e+01
      vertex   9.130000e+01 8.475000e+01 2.882678e+01
      vertex   9.130000e+01 8.475000e+01 3.180000e+01
    endloop
  endfacet
  facet normal -3.925982e-02 9.992290e-01 7.602113e-05
    outer loop
      vertex   9.130000e+01 8.475000e+01 3.180000e+01
      vertex   9.147653e+01 8.475694e+01 3.180000e+01
      vertex   9.148105e+01 8.475730e+01 2.940000e+01
    endloop
  endfacet
  facet normal -1.175374e-01 9.930685e-01 -7.222198e-05
    outer loop
      vertex   9.148105e+01 8.475730e+01 2.940000e+01
      vertex   9.147653e+01 8.475694e+01 3.180000e+01
      vertex   9.165198e+01 8.477770e+01 3.180000e+01
    endloop
  endfacet
  facet normal -1.205367e-01 9.927089e-01 1.444439e-04
    outer loop
      vertex   9.148105e+01 8.475730e+01 2.940000e+01
      vertex   9.165198e+01 8.477770e+01 3.180000e+01
      vertex   9.166093e+01 8.477914e+01 2.940000e+01
    endloop
  endfacet
  facet normal -1.950903e-01 9.807853e-01 -1.406445e-04
    outer loop
      vertex   9.166093e+01 8.477914e+01 2.940000e+01
      vertex   9.165198e+01 8.477770e+01 3.180000e+01
      vertex   9.182525e+01 8.481217e+01 3.180000e+01
    endloop
  endfacet
  facet normal -2.000257e-01 9.797906e-01 2.109666e-04
    outer loop
      vertex   9.166093e+01 8.477914e+01 2.940000e+01
      vertex   9.182525e+01 8.481217e+01 3.180000e+01
      vertex   9.183846e+01 8.481538e+01 2.940000e+01
    endloop
  endfacet
  facet normal -2.714404e-01 9.624552e-01 -2.052673e-04
    outer loop
      vertex   9.183846e+01 8.481538e+01 2.940000e+01
      vertex   9.182525e+01 8.481217e+01 3.180000e+01
      vertex   9.199529e+01 8.486012e+01 3.180000e+01
    endloop
  endfacet
  facet normal -2.782175e-01 9.605181e-01 2.736894e-04
    outer loop
      vertex   9.183846e+01 8.481538e+01 2.940000e+01
      vertex   9.199529e+01 8.486012e+01 3.180000e+01
      vertex   9.201250e+01 8.486579e+01 2.940000e+01
    endloop
  endfacet
  facet normal -3.461170e-01 9.381913e-01 -2.660901e-04
    outer loop
      vertex   9.201250e+01 8.486579e+01 2.940000e+01
      vertex   9.199529e+01 8.486012e+01 3.180000e+01
      vertex   9.216104e+01 8.492127e+01 3.180000e+01
    endloop
  endfacet
  facet normal -3.546049e-01 9.350162e-01 3.326122e-04
    outer loop
      vertex   9.201250e+01 8.486579e+01 2.940000e+01
      vertex   9.216104e+01 8.492127e+01 3.180000e+01
      vertex   9.218192e+01 8.493005e+01 2.940000e+01
    endloop
  endfacet
  facet normal -4.186597e-01 9.081431e-01 -3.231127e-04
    outer loop
      vertex   9.218192e+01 8.493005e+01 2.940000e+01
      vertex   9.216104e+01 8.492127e+01 3.180000e+01
      vertex   9.232148e+01 8.499524e+01 3.180000e+01
    endloop
  endfacet
  facet normal -4.286925e-01 9.034504e-01 3.877345e-04
    outer loop
      vertex   9.218192e+01 8.493005e+01 2.940000e+01
      vertex   9.232148e+01 8.499524e+01 3.180000e+01
      vertex   9.234563e+01 8.500772e+01 2.940000e+01
    endloop
  endfacet
  facet normal -4.886212e-01 8.724959e-01 -3.763348e-04
    outer loop
      vertex   9.234563e+01 8.500772e+01 2.940000e+01
      vertex   9.232148e+01 8.499524e+01 3.180000e+01
      vertex   9.247562e+01 8.508156e+01 3.180000e+01
    endloop
  endfacet
  facet normal -5.000000e-01 8.660253e-01 4.390563e-04
    outer loop
      vertex   9.234563e+01 8.500772e+01 2.940000e+01
      vertex   9.247562e+01 8.508156e+01 3.180000e+01
      vertex   9.250255e+01 8.509832e+01 2.940000e+01
    endloop
  endfacet
  facet normal -5.555702e-01 8.314695e-01 -4.257563e-04
    outer loop
      vertex   9.250255e+01 8.509832e+01 2.940000e+01
      vertex   9.247562e+01 8.508156e+01 3.180000e+01
      vertex   9.262252e+01 8.517971e+01 3.180000e+01
    endloop
  endfacet
  facet normal -5.680647e-01 8.229838e-01 4.865774e-04
    outer loop
      vertex   9.250255e+01 8.509832e+01 2.940000e+01
      vertex   9.262252e+01 8.517971e+01 3.180000e+01
      vertex   9.265167e+01 8.520125e+01 2.940000e+01
    endloop
  endfacet
  facet normal -6.190939e-01 7.853168e-01 -4.713768e-04
    outer loop
      vertex   9.265167e+01 8.520125e+01 2.940000e+01
      vertex   9.262252e+01 8.517971e+01 3.180000e+01
      vertex   9.276126e+01 8.528909e+01 3.180000e+01
    endloop
  endfacet
  facet normal -6.324453e-01 7.746049e-01 5.302974e-04
    outer loop
      vertex   9.265167e+01 8.520125e+01 2.940000e+01
      vertex   9.276126e+01 8.528909e+01 3.180000e+01
      vertex   9.279203e+01 8.531585e+01 2.940000e+01
    endloop
  endfacet
  facet normal -6.788007e-01 7.343224e-01 -5.131963e-04
    outer loop
      vertex   9.279203e+01 8.531585e+01 2.940000e+01
      vertex   9.276126e+01 8.528909e+01 3.180000e+01
      vertex   9.289099e+01 8.540901e+01 3.180000e+01
    endloop
  endfacet
  facet normal -6.927242e-01 7.212023e-01 5.702163e-04
    outer loop
      vertex   9.279203e+01 8.531585e+01 2.940000e+01
      vertex   9.289099e+01 8.540901e+01 3.180000e+01
      vertex   9.292271e+01 8.544137e+01 2.940000e+01
    endloop
  endfacet
  facet normal -7.343224e-01 6.788006e-01 -5.512146e-04
    outer loop
      vertex   9.292271e+01 8.544137e+01 2.940000e+01
      vertex   9.289099e+01 8.540901e+01 3.180000e+01
      vertex   9.301091e+01 8.553874e+01 3.180000e+01
    endloop
  endfacet
  facet normal -7.485106e-01 6.631225e-01 6.063339e-04
    outer loop
      vertex   9.292271e+01 8.544137e+01 2.940000e+01
      vertex   9.301091e+01 8.553874e+01 3.180000e+01
      vertex   9.304286e+01 8.557700e+01 2.940000e+01
    endloop
  endfacet
  facet normal -7.853168e-01 6.190938e-01 -5.854315e-04
    outer loop
      vertex   9.304286e+01 8.557700e+01 2.940000e+01
      vertex   9.301091e+01 8.553874e+01 3.180000e+01
      vertex   9.312029e+01 8.567748e+01 3.180000e+01
    endloop
  endfacet
  facet normal -7.994426e-01 6.007421e-01 6.386500e-04
    outer loop
      vertex   9.304286e+01 8.557700e+01 2.940000e+01
      vertex   9.312029e+01 8.567748e+01 3.180000e+01
      vertex   9.315171e+01 8.572185e+01 2.940000e+01
    endloop
  endfacet
  facet normal -8.314695e-01 5.555701e-01 -6.158468e-04
    outer loop
      vertex   9.315171e+01 8.572185e+01 2.940000e+01
      vertex   9.312029e+01 8.567748e+01 3.180000e+01
      vertex   9.321844e+01 8.582438e+01 3.180000e+01
    endloop
  endfacet
  facet normal -0.000000e+00 1.000000e+00 -0.000000e+00
    outer loop
      vertex   8.783804e+01 8.475000e+01 2.930000e+01
      vertex   8.783804e+01 8.475000e+01 3.180000e+01
      vertex   9.045000e+01 8.475000e+01 2.930000e+01
    endloop
  endfacet
  facet normal 0.000000e+00 1.000000e+00 -0.000000e+00
    outer loop
      vertex   9.045000e+01 8.475000e+01 2.930000e+01
      vertex   8.783804e+01 8.475000e+01 3.180000e+01
      vertex   9.130000e+01 8.475000e+01 3.180000e+01
    endloop
  endfacet
  facet normal -0.000000e+00 1.000000e+00 0.000000e+00
    outer loop
      vertex   9.045000e+01 8.475000e+01 2.930000e+01
      vertex   9.130000e+01 8.475000e+01 3.180000e+01
      vertex   9.056265e+01 8.475000e+01 2.929363e+01
    endloop
  endfacet
  facet normal -0.000000e+00 1.000000e+00 0.000000e+00
    outer loop
      vertex   9.056265e+01 8.475000e+01 2.929363e+01
      vertex   9.130000e+01 8.475000e+01 3.180000e+01
      vertex   9.067386e+01 8.475000e+01 2.927462e+01
    endloop
  endfacet
  facet normal -0.000000e+00 1.000000e+00 0.000000e+00
    outer loop
      vertex   9.067386e+01 8.475000e+01 2.927462e+01
      vertex   9.130000e+01 8.475000e+01 3.180000e+01
      vertex   9.078223e+01 8.475000e+01 2.924320e+01
    endloop
  endfacet
  facet normal -0.000000e+00 1.000000e+00 0.000000e+00
    outer loop
      vertex   9.078223e+01 8.475000e+01 2.924320e+01
      vertex   9.130000e+01 8.475000e+01 3.180000e+01
      vertex   9.088636e+01 8.475000e+01 2.919977e+01
    endloop
  endfacet
  facet normal -0.000000e+00 1.000000e+00 0.000000e+00
    outer loop
      vertex   9.088636e+01 8.475000e+01 2.919977e+01
      vertex   9.130000e+01 8.475000e+01 3.180000e+01
      vertex   9.098494e+01 8.475000e+01 2.914489e+01
    endloop
  endfacet
  facet normal -0.000000e+00 1.000000e+00 0.000000e+00
    outer loop
      vertex   9.098494e+01 8.475000e+01 2.914489e+01
      vertex   9.130000e+01 8.475000e+01 3.180000e+01
      vertex   9.107671e+01 8.475000e+01 2.907925e+01
    endloop
  endfacet
  facet normal -0.000000e+00 1.000000e+00 0.000000e+00
    outer loop
      vertex   9.107671e+01 8.475000e+01 2.907925e+01
      vertex   9.130000e+01 8.475000e+01 3.180000e+01
      vertex   9.116050e+01 8.475000e+01 2.900370e+01
    endloop
  endfacet
  facet normal -0.000000e+00 1.000000e+00 0.000000e+00
    outer loop
      vertex   9.116050e+01 8.475000e+01 2.900370e+01
      vertex   9.130000e+01 8.475000e+01 3.180000e+01
      vertex   9.123525e+01 8.475000e+01 2.891918e+01
    endloop
  endfacet
  facet normal -2.126486e-13 1.000000e+00 4.779623e-15
    outer loop
      vertex   9.123525e+01 8.475000e+01 2.891918e+01
      vertex   9.130000e+01 8.475000e+01 3.180000e+01
      vertex   9.130000e+01 8.475000e+01 2.882678e+01
    endloop
  endfacet
  facet normal -9.963318e-01 -8.557440e-02 1.887831e-14
    outer loop
      vertex   8.800982e+01 8.925000e+01 3.030000e+01
      vertex   8.800982e+01 8.925000e+01 3.180000e+01
      vertex   8.749018e+01 9.530000e+01 3.030000e+01
    endloop
  endfacet
  facet normal -9.963318e-01 -8.557440e-02 0.000000e+00
    outer loop
      vertex   8.749018e+01 9.530000e+01 3.030000e+01
      vertex   8.800982e+01 8.925000e+01 3.180000e+01
      vertex   8.749018e+01 9.530000e+01 3.180000e+01
    endloop
  endfacet
  facet normal 0.000000e+00 -1.000000e+00 0.000000e+00
    outer loop
      vertex   9.130000e+01 8.925000e+01 3.030000e+01
      vertex   9.130000e+01 8.925000e+01 3.180000e+01
      vertex   8.800982e+01 8.925000e+01 3.030000e+01
    endloop
  endfacet
  facet normal 0.000000e+00 -1.000000e+00 0.000000e+00
    outer loop
      vertex   8.800982e+01 8.925000e+01 3.030000e+01
      vertex   9.130000e+01 8.925000e+01 3.180000e+01
      vertex   8.800982e+01 8.925000e+01 3.180000e+01
    endloop
  endfacet
  facet normal 9.994170e-01 3.414111e-02 0.000000e+00
    outer loop
      vertex   9.970000e+01 9.230000e+01 3.380000e+01
      vertex   9.970000e+01 9.230000e+01 3.030000e+01
      vertex   9.969301e+01 9.250473e+01 3.380000e+01
    endloop
  endfacet
  facet normal 9.994170e-01 3.414111e-02 0.000000e+00
    outer loop
      vertex   9.969301e+01 9.250473e+01 3.380000e+01
      vertex   9.970000e+01 9.230000e+01 3.030000e+01
      vertex   9.969301e+01 9.250473e+01 3.030000e+01
    endloop
  endfacet
  facet normal 9.947573e-01 1.022641e-01 0.000000e+00
    outer loop
      vertex   9.969301e+01 9.250473e+01 3.380000e+01
      vertex   9.969301e+01 9.250473e+01 3.030000e+01
      vertex   9.967206e+01 9.270850e+01 3.380000e+01
    endloop
  endfacet
  facet normal 9.947573e-01 1.022641e-01 0.000000e+00
    outer loop
      vertex   9.967206e+01 9.270850e+01 3.380000e+01
      vertex   9.969301e+01 9.250473e+01 3.030000e+01
      vertex   9.967206e+01 9.270850e+01 3.030000e+01
    endloop
  endfacet
  facet normal 9.854595e-01 1.699104e-01 0.000000e+00
    outer loop
      vertex   9.967206e+01 9.270850e+01 3.380000e+01
      vertex   9.967206e+01 9.270850e+01 3.030000e+01
      vertex   9.963725e+01 9.291037e+01 3.380000e+01
    endloop
  endfacet
  facet normal 9.854595e-01 1.699104e-01 0.000000e+00
    outer loop
      vertex   9.963725e+01 9.291037e+01 3.380000e+01
      vertex   9.967206e+01 9.270850e+01 3.030000e+01
      vertex   9.963725e+01 9.291037e+01 3.030000e+01
    endloop
  endfacet
  facet normal 9.715671e-01 2.367644e-01 0.000000e+00
    outer loop
      vertex   9.963725e+01 9.291037e+01 3.380000e+01
      vertex   9.963725e+01 9.291037e+01 3.030000e+01
      vertex   9.958875e+01 9.310939e+01 3.380000e+01
    endloop
  endfacet
  facet normal 9.715671e-01 2.367644e-01 0.000000e+00
    outer loop
      vertex   9.958875e+01 9.310939e+01 3.380000e+01
      vertex   9.963725e+01 9.291037e+01 3.030000e+01
      vertex   9.958875e+01 9.310939e+01 3.030000e+01
    endloop
  endfacet
  facet normal 9.531448e-01 3.025146e-01 0.000000e+00
    outer loop
      vertex   9.958875e+01 9.310939e+01 3.380000e+01
      vertex   9.958875e+01 9.310939e+01 3.030000e+01
      vertex   9.952678e+01 9.330464e+01 3.380000e+01
    endloop
  endfacet
  facet normal 9.531448e-01 3.025146e-01 0.000000e+00
    outer loop
      vertex   9.952678e+01 9.330464e+01 3.380000e+01
      vertex   9.958875e+01 9.310939e+01 3.030000e+01
      vertex   9.952678e+01 9.330464e+01 3.030000e+01
    endloop
  endfacet
  facet normal 9.302784e-01 3.668542e-01 0.000000e+00
    outer loop
      vertex   9.952678e+01 9.330464e+01 3.380000e+01
      vertex   9.952678e+01 9.330464e+01 3.030000e+01
      vertex   9.945163e+01 9.349520e+01 3.380000e+01
    endloop
  endfacet
  facet normal 9.302784e-01 3.668542e-01 0.000000e+00
    outer loop
      vertex   9.945163e+01 9.349520e+01 3.380000e+01
      vertex   9.952678e+01 9.330464e+01 3.030000e+01
      vertex   9.945163e+01 9.349520e+01 3.030000e+01
    endloop
  endfacet
  facet normal 9.030747e-01 4.294834e-01 0.000000e+00
    outer loop
      vertex   9.945163e+01 9.349520e+01 3.380000e+01
      vertex   9.945163e+01 9.349520e+01 3.030000e+01
      vertex   9.936365e+01 9.368020e+01 3.380000e+01
    endloop
  endfacet
  facet normal 9.030747e-01 4.294834e-01 0.000000e+00
    outer loop
      vertex   9.936365e+01 9.368020e+01 3.380000e+01
      vertex   9.945163e+01 9.349520e+01 3.030000e+01
      vertex   9.936365e+01 9.368020e+01 3.030000e+01
    endloop
  endfacet
  facet normal 8.716605e-01 4.901102e-01 0.000000e+00
    outer loop
      vertex   9.936365e+01 9.368020e+01 3.380000e+01
      vertex   9.936365e+01 9.368020e+01 3.030000e+01
      vertex   9.926326e+01 9.385875e+01 3.380000e+01
    endloop
  endfacet
  facet normal 8.716605e-01 4.901102e-01 0.000000e+00
    outer loop
      vertex   9.926326e+01 9.385875e+01 3.380000e+01
      vertex   9.936365e+01 9.368020e+01 3.030000e+01
      vertex   9.926326e+01 9.385875e+01 3.030000e+01
    endloop
  endfacet
  facet normal 8.361821e-01 5.484519e-01 0.000000e+00
    outer loop
      vertex   9.926326e+01 9.385875e+01 3.380000e+01
      vertex   9.926326e+01 9.385875e+01 3.030000e+01
      vertex   9.915091e+01 9.403004e+01 3.380000e+01
    endloop
  endfacet
  facet normal 8.361821e-01 5.484519e-01 0.000000e+00
    outer loop
      vertex   9.915091e+01 9.403004e+01 3.380000e+01
      vertex   9.926326e+01 9.385875e+01 3.030000e+01
      vertex   9.915091e+01 9.403004e+01 3.030000e+01
    endloop
  endfacet
  facet normal 7.968051e-01 6.042364e-01 0.000000e+00
    outer loop
      vertex   9.915091e+01 9.403004e+01 3.380000e+01
      vertex   9.915091e+01 9.403004e+01 3.030000e+01
      vertex   9.902713e+01 9.419326e+01 3.380000e+01
    endloop
  endfacet
  facet normal 7.968051e-01 6.042364e-01 0.000000e+00
    outer loop
      vertex   9.902713e+01 9.419326e+01 3.380000e+01
      vertex   9.915091e+01 9.403004e+01 3.030000e+01
      vertex   9.902713e+01 9.419326e+01 3.030000e+01
    endloop
  endfacet
  facet normal 7.537130e-01 6.572037e-01 0.000000e+00
    outer loop
      vertex   9.902713e+01 9.419326e+01 3.380000e+01
      vertex   9.902713e+01 9.419326e+01 3.030000e+01
      vertex   9.889251e+01 9.434766e+01 3.380000e+01
    endloop
  endfacet
  facet normal 7.537130e-01 6.572037e-01 0.000000e+00
    outer loop
      vertex   9.889251e+01 9.434766e+01 3.380000e+01
      vertex   9.902713e+01 9.419326e+01 3.030000e+01
      vertex   9.889251e+01 9.434766e+01 3.030000e+01
    endloop
  endfacet
  facet normal 7.071068e-01 7.071068e-01 0.000000e+00
    outer loop
      vertex   9.889251e+01 9.434766e+01 3.380000e+01
      vertex   9.889251e+01 9.434766e+01 3.030000e+01
      vertex   9.874766e+01 9.449251e+01 3.380000e+01
    endloop
  endfacet
  facet normal 7.071068e-01 7.071068e-01 0.000000e+00
    outer loop
      vertex   9.874766e+01 9.449251e+01 3.380000e+01
      vertex   9.889251e+01 9.434766e+01 3.030000e+01
      vertex   9.874766e+01 9.449251e+01 3.030000e+01
    endloop
  endfacet
  facet normal 6.572037e-01 7.537130e-01 0.000000e+00
    outer loop
      vertex   9.874766e+01 9.449251e+01 3.380000e+01
      vertex   9.874766e+01 9.449251e+01 3.030000e+01
      vertex   9.859326e+01 9.462713e+01 3.380000e+01
    endloop
  endfacet
  facet normal 6.572037e-01 7.537130e-01 0.000000e+00
    outer loop
      vertex   9.859326e+01 9.462713e+01 3.380000e+01
      vertex   9.874766e+01 9.449251e+01 3.030000e+01
      vertex   9.859326e+01 9.462713e+01 3.030000e+01
    endloop
  endfacet
  facet normal 6.042364e-01 7.968051e-01 0.000000e+00
    outer loop
      vertex   9.859326e+01 9.462713e+01 3.380000e+01
      vertex   9.859326e+01 9.462713e+01 3.030000e+01
      vertex   9.843004e+01 9.475091e+01 3.380000e+01
    endloop
  endfacet
  facet normal 6.042364e-01 7.968051e-01 0.000000e+00
    outer loop
      vertex   9.843004e+01 9.475091e+01 3.380000e+01
      vertex   9.859326e+01 9.462713e+01 3.030000e+01
      vertex   9.843004e+01 9.475091e+01 3.030000e+01
    endloop
  endfacet
  facet normal 5.484519e-01 8.361821e-01 0.000000e+00
    outer loop
      vertex   9.843004e+01 9.475091e+01 3.380000e+01
      vertex   9.843004e+01 9.475091e+01 3.030000e+01
      vertex   9.825875e+01 9.486326e+01 3.380000e+01
    endloop
  endfacet
  facet normal 5.484519e-01 8.361821e-01 0.000000e+00
    outer loop
      vertex   9.825875e+01 9.486326e+01 3.380000e+01
      vertex   9.843004e+01 9.475091e+01 3.030000e+01
      vertex   9.825875e+01 9.486326e+01 3.030000e+01
    endloop
  endfacet
  facet normal 4.901102e-01 8.716605e-01 0.000000e+00
    outer loop
      vertex   9.825875e+01 9.486326e+01 3.380000e+01
      vertex   9.825875e+01 9.486326e+01 3.030000e+01
      vertex   9.808019e+01 9.496366e+01 3.380000e+01
    endloop
  endfacet
  facet normal 4.901102e-01 8.716605e-01 0.000000e+00
    outer loop
      vertex   9.808019e+01 9.496366e+01 3.380000e+01
      vertex   9.825875e+01 9.486326e+01 3.030000e+01
      vertex   9.808019e+01 9.496366e+01 3.030000e+01
    endloop
  endfacet
  facet normal 4.294834e-01 9.030747e-01 0.000000e+00
    outer loop
      vertex   9.808019e+01 9.496366e+01 3.380000e+01
      vertex   9.808019e+01 9.496366e+01 3.030000e+01
      vertex   9.789520e+01 9.505163e+01 3.380000e+01
    endloop
  endfacet
  facet normal 4.294834e-01 9.030747e-01 0.000000e+00
    outer loop
      vertex   9.789520e+01 9.505163e+01 3.380000e+01
      vertex   9.808019e+01 9.496366e+01 3.030000e+01
      vertex   9.789520e+01 9.505163e+01 3.030000e+01
    endloop
  endfacet
  facet normal 3.668542e-01 9.302784e-01 0.000000e+00
    outer loop
      vertex   9.789520e+01 9.505163e+01 3.380000e+01
      vertex   9.789520e+01 9.505163e+01 3.030000e+01
      vertex   9.770464e+01 9.512678e+01 3.380000e+01
    endloop
  endfacet
  facet normal 3.668542e-01 9.302784e-01 0.000000e+00
    outer loop
      vertex   9.770464e+01 9.512678e+01 3.380000e+01
      vertex   9.789520e+01 9.505163e+01 3.030000e+01
      vertex   9.770464e+01 9.512678e+01 3.030000e+01
    endloop
  endfacet
  facet normal 3.025146e-01 9.531448e-01 0.000000e+00
    outer loop
      vertex   9.770464e+01 9.512678e+01 3.380000e+01
      vertex   9.770464e+01 9.512678e+01 3.030000e+01
      vertex   9.750939e+01 9.518875e+01 3.380000e+01
    endloop
  endfacet
  facet normal 3.025146e-01 9.531448e-01 0.000000e+00
    outer loop
      vertex   9.750939e+01 9.518875e+01 3.380000e+01
      vertex   9.770464e+01 9.512678e+01 3.030000e+01
      vertex   9.750939e+01 9.518875e+01 3.030000e+01
    endloop
  endfacet
  facet normal 2.367644e-01 9.715671e-01 0.000000e+00
    outer loop
      vertex   9.750939e+01 9.518875e+01 3.380000e+01
      vertex   9.750939e+01 9.518875e+01 3.030000e+01
      vertex   9.731037e+01 9.523725e+01 3.380000e+01
    endloop
  endfacet
  facet normal 2.367644e-01 9.715671e-01 0.000000e+00
    outer loop
      vertex   9.731037e+01 9.523725e+01 3.380000e+01
      vertex   9.750939e+01 9.518875e+01 3.030000e+01
      vertex   9.731037e+01 9.523725e+01 3.030000e+01
    endloop
  endfacet
  facet normal 1.699104e-01 9.854595e-01 0.000000e+00
    outer loop
      vertex   9.731037e+01 9.523725e+01 3.380000e+01
      vertex   9.731037e+01 9.523725e+01 3.030000e+01
      vertex   9.710850e+01 9.527206e+01 3.380000e+01
    endloop
  endfacet
  facet normal 1.699104e-01 9.854595e-01 0.000000e+00
    outer loop
      vertex   9.710850e+01 9.527206e+01 3.380000e+01
      vertex   9.731037e+01 9.523725e+01 3.030000e+01
      vertex   9.710850e+01 9.527206e+01 3.030000e+01
    endloop
  endfacet
  facet normal 1.022641e-01 9.947573e-01 0.000000e+00
    outer loop
      vertex   9.710850e+01 9.527206e+01 3.380000e+01
      vertex   9.710850e+01 9.527206e+01 3.030000e+01
      vertex   9.690473e+01 9.529301e+01 3.380000e+01
    endloop
  endfacet
  facet normal 1.022641e-01 9.947573e-01 0.000000e+00
    outer loop
      vertex   9.690473e+01 9.529301e+01 3.380000e+01
      vertex   9.710850e+01 9.527206e+01 3.030000e+01
      vertex   9.690473e+01 9.529301e+01 3.030000e+01
    endloop
  endfacet
  facet normal 3.414111e-02 9.994170e-01 0.000000e+00
    outer loop
      vertex   9.690473e+01 9.529301e+01 3.380000e+01
      vertex   9.690473e+01 9.529301e+01 3.030000e+01
      vertex   9.670000e+01 9.530000e+01 3.380000e+01
    endloop
  endfacet
  facet normal 3.414111e-02 9.994170e-01 8.115755e-15
    outer loop
      vertex   9.670000e+01 9.530000e+01 3.380000e+01
      vertex   9.690473e+01 9.529301e+01 3.030000e+01
      vertex   9.670000e+01 9.530000e+01 3.030000e+01
    endloop
  endfacet
  facet normal 8.483762e-22 1.000000e+00 1.421086e-14
    outer loop
      vertex   8.130000e+01 9.530000e+01 3.180000e+01
      vertex   8.130000e+01 9.530000e+01 3.380000e+01
      vertex   8.749018e+01 9.530000e+01 3.180000e+01
    endloop
  endfacet
  facet normal 0.000000e+00 1.000000e+00 1.421085e-14
    outer loop
      vertex   8.749018e+01 9.530000e+01 3.180000e+01
      vertex   8.130000e+01 9.530000e+01 3.380000e+01
      vertex   9.670000e+01 9.530000e+01 3.380000e+01
    endloop
  endfacet
  facet normal 1.322582e-15 1.000000e+00 8.120489e-15
    outer loop
      vertex   8.749018e+01 9.530000e+01 3.180000e+01
      vertex   9.670000e+01 9.530000e+01 3.380000e+01
      vertex   9.670000e+01 9.530000e+01 3.030000e+01
    endloop
  endfacet
  facet normal 0.000000e+00 1.000000e+00 0.000000e+00
    outer loop
      vertex   9.670000e+01 9.530000e+01 3.030000e+01
      vertex   8.749018e+01 9.530000e+01 3.030000e+01
      vertex   8.749018e+01 9.530000e+01 3.180000e+01
    endloop
  endfacet
  facet normal 9.995063e-01 3.141075e-02 -7.533811e-04
    outer loop
      vertex   8.118215e+01 8.677238e+01 3.380000e+01
      vertex   8.117565e+01 8.693133e+01 3.180000e+01
      vertex   8.117500e+01 8.700000e+01 3.380000e+01
    endloop
  endfacet
  facet normal 9.999219e-01 -1.247220e-02 7.533811e-04
    outer loop
      vertex   8.117500e+01 8.700000e+01 3.380000e+01
      vertex   8.117565e+01 8.693133e+01 3.180000e+01
      vertex   8.117849e+01 8.715904e+01 3.180000e+01
    endloop
  endfacet
  facet normal 9.995063e-01 -3.141075e-02 -7.533811e-04
    outer loop
      vertex   8.117500e+01 8.700000e+01 3.380000e+01
      vertex   8.117849e+01 8.715904e+01 3.180000e+01
      vertex   8.118215e+01 8.722762e+01 3.380000e+01
    endloop
  endfacet
  facet normal 9.971657e-01 -7.523321e-02 7.533811e-04
    outer loop
      vertex   8.118215e+01 8.722762e+01 3.380000e+01
      vertex   8.117849e+01 8.715904e+01 3.180000e+01
      vertex   8.119562e+01 8.738613e+01 3.180000e+01
    endloop
  endfacet
  facet normal 9.955617e-01 -9.410829e-02 -7.533811e-04
    outer loop
      vertex   8.118215e+01 8.722762e+01 3.380000e+01
      vertex   8.119562e+01 8.738613e+01 3.180000e+01
      vertex   8.120358e+01 8.745433e+01 3.380000e+01
    endloop
  endfacet
  facet normal 9.904741e-01 -1.376973e-01 7.533811e-04
    outer loop
      vertex   8.120358e+01 8.745433e+01 3.380000e+01
      vertex   8.119562e+01 8.738613e+01 3.180000e+01
      vertex   8.122698e+01 8.761169e+01 3.180000e+01
    endloop
  endfacet
  facet normal 9.876881e-01 -1.564344e-01 -7.533811e-04
    outer loop
      vertex   8.120358e+01 8.745433e+01 3.380000e+01
      vertex   8.122698e+01 8.761169e+01 3.180000e+01
      vertex   8.123921e+01 8.767926e+01 3.380000e+01
    endloop
  endfacet
  facet normal 9.798735e-01 -1.996180e-01 7.533811e-04
    outer loop
      vertex   8.123921e+01 8.767926e+01 3.380000e+01
      vertex   8.122698e+01 8.761169e+01 3.180000e+01
      vertex   8.127244e+01 8.783483e+01 3.180000e+01
    endloop
  endfacet
  facet normal 9.759165e-01 -2.181432e-01 -7.533811e-04
    outer loop
      vertex   8.123921e+01 8.767926e+01 3.380000e+01
      vertex   8.127244e+01 8.783483e+01 3.180000e+01
      vertex   8.128889e+01 8.790150e+01 3.380000e+01
    endloop
  endfacet
  facet normal 9.654058e-01 -2.607508e-01 7.533811e-04
    outer loop
      vertex   8.128889e+01 8.790150e+01 3.380000e+01
      vertex   8.127244e+01 8.783483e+01 3.180000e+01
      vertex   8.133182e+01 8.805468e+01 3.180000e+01
    endloop
  endfacet
  facet normal 9.602934e-01 -2.789910e-01 -7.533811e-04
    outer loop
      vertex   8.128889e+01 8.790150e+01 3.380000e+01
      vertex   8.133182e+01 8.805468e+01 3.180000e+01
      vertex   8.135242e+01 8.812019e+01 3.380000e+01
    endloop
  endfacet
  facet normal 9.471281e-01 -3.208546e-01 7.533811e-04
    outer loop
      vertex   8.135242e+01 8.812019e+01 3.380000e+01
      vertex   8.133182e+01 8.805468e+01 3.180000e+01
      vertex   8.140489e+01 8.827037e+01 3.180000e+01
    endloop
  endfacet
  facet normal 9.408805e-01 -3.387378e-01 -7.533811e-04
    outer loop
      vertex   8.135242e+01 8.812019e+01 3.380000e+01
      vertex   8.140489e+01 8.827037e+01 3.180000e+01
      vertex   8.142956e+01 8.833445e+01 3.380000e+01
    endloop
  endfacet
  facet normal 9.251126e-01 -3.796922e-01 7.533811e-04
    outer loop
      vertex   8.142956e+01 8.833445e+01 3.380000e+01
      vertex   8.140489e+01 8.827037e+01 3.180000e+01
      vertex   8.149135e+01 8.848104e+01 3.180000e+01
    endloop
  endfacet
  facet normal 9.177544e-01 -3.971478e-01 -7.533811e-04
    outer loop
      vertex   8.142956e+01 8.833445e+01 3.380000e+01
      vertex   8.149135e+01 8.848104e+01 3.180000e+01
      vertex   8.152000e+01 8.854345e+01 3.380000e+01
    endloop
  endfacet
  facet normal 8.994460e-01 -4.370312e-01 7.533811e-04
    outer loop
      vertex   8.152000e+01 8.854345e+01 3.380000e+01
      vertex   8.149135e+01 8.848104e+01 3.180000e+01
      vertex   8.159088e+01 8.868587e+01 3.180000e+01
    endloop
  endfacet
  facet normal 8.910063e-01 -4.539904e-01 -7.533811e-04
    outer loop
      vertex   8.152000e+01 8.854345e+01 3.380000e+01
      vertex   8.159088e+01 8.868587e+01 3.180000e+01
      vertex   8.162339e+01 8.874636e+01 3.380000e+01
    endloop
  endfacet
  facet normal 8.702297e-01 -4.926455e-01 7.533811e-04
    outer loop
      vertex   8.162339e+01 8.874636e+01 3.380000e+01
      vertex   8.159088e+01 8.868587e+01 3.180000e+01
      vertex   8.170307e+01 8.888405e+01 3.180000e+01
    endloop
  endfacet
  facet normal 8.607418e-01 -5.090413e-01 -7.533811e-04
    outer loop
      vertex   8.162339e+01 8.874636e+01 3.380000e+01
      vertex   8.170307e+01 8.888405e+01 3.180000e+01
      vertex   8.173931e+01 8.894237e+01 3.380000e+01
    endloop
  endfacet
  facet normal 8.375791e-01 -5.463156e-01 7.533811e-04
    outer loop
      vertex   8.173931e+01 8.894237e+01 3.380000e+01
      vertex   8.170307e+01 8.888405e+01 3.180000e+01
      vertex   8.182748e+01 8.907479e+01 3.180000e+01
    endloop
  endfacet
  facet normal 8.270803e-01 -5.620832e-01 -7.533811e-04
    outer loop
      vertex   8.173931e+01 8.894237e+01 3.380000e+01
      vertex   8.182748e+01 8.907479e+01 3.180000e+01
      vertex   8.186731e+01 8.913072e+01 3.380000e+01
    endloop
  endfacet
  facet normal 8.016229e-01 -5.978296e-01 7.533811e-04
    outer loop
      vertex   8.186731e+01 8.913072e+01 3.380000e+01
      vertex   8.182748e+01 8.907479e+01 3.180000e+01
      vertex   8.196362e+01 8.925734e+01 3.180000e+01
    endloop
  endfacet
  facet normal 7.901548e-01 -6.129069e-01 -7.533811e-04
    outer loop
      vertex   8.186731e+01 8.913072e+01 3.380000e+01
      vertex   8.196362e+01 8.925734e+01 3.180000e+01
      vertex   8.200689e+01 8.931066e+01 3.380000e+01
    endloop
  endfacet
  facet normal 7.625030e-01 -6.469842e-01 7.533811e-04
    outer loop
      vertex   8.200689e+01 8.931066e+01 3.380000e+01
      vertex   8.196362e+01 8.925734e+01 3.180000e+01
      vertex   8.211096e+01 8.943098e+01 3.180000e+01
    endloop
  endfacet
  facet normal 7.501109e-01 -6.613117e-01 -7.533811e-04
    outer loop
      vertex   8.200689e+01 8.931066e+01 3.380000e+01
      vertex   8.211096e+01 8.943098e+01 3.180000e+01
      vertex   8.215749e+01 8.948148e+01 3.380000e+01
    endloop
  endfacet
  facet normal 7.203739e-01 -6.935855e-01 7.533811e-04
    outer loop
      vertex   8.215749e+01 8.948148e+01 3.380000e+01
      vertex   8.211096e+01 8.943098e+01 3.180000e+01
      vertex   8.226891e+01 8.959503e+01 3.180000e+01
    endloop
  endfacet
  facet normal 7.071066e-01 -7.071066e-01 -7.533811e-04
    outer loop
      vertex   8.215749e+01 8.948148e+01 3.380000e+01
      vertex   8.226891e+01 8.959503e+01 3.180000e+01
      vertex   8.231852e+01 8.964251e+01 3.380000e+01
    endloop
  endfacet
  facet normal 6.754018e-01 -7.374495e-01 7.533811e-04
    outer loop
      vertex   8.231852e+01 8.964251e+01 3.380000e+01
      vertex   8.226891e+01 8.959503e+01 3.180000e+01
      vertex   8.243684e+01 8.974884e+01 3.180000e+01
    endloop
  endfacet
  facet normal 6.613117e-01 -7.501109e-01 -7.533811e-04
    outer loop
      vertex   8.231852e+01 8.964251e+01 3.380000e+01
      vertex   8.243684e+01 8.974884e+01 3.180000e+01
      vertex   8.248934e+01 8.979311e+01 3.380000e+01
    endloop
  endfacet
  facet normal 6.277642e-01 -7.784032e-01 7.533811e-04
    outer loop
      vertex   8.248934e+01 8.979311e+01 3.380000e+01
      vertex   8.243684e+01 8.974884e+01 3.180000e+01
      vertex   8.261411e+01 8.989180e+01 3.180000e+01
    endloop
  endfacet
  facet normal 6.129069e-01 -7.901548e-01 -7.533811e-04
    outer loop
      vertex   8.248934e+01 8.979311e+01 3.380000e+01
      vertex   8.261411e+01 8.989180e+01 3.180000e+01
      vertex   8.266928e+01 8.993269e+01 3.380000e+01
    endloop
  endfacet
  facet normal 5.776491e-01 -8.162848e-01 7.533811e-04
    outer loop
      vertex   8.266928e+01 8.993269e+01 3.380000e+01
      vertex   8.261411e+01 8.989180e+01 3.180000e+01
      vertex   8.280000e+01 9.002335e+01 3.180000e+01
    endloop
  endfacet
  facet normal 5.620832e-01 -8.270803e-01 -7.533811e-04
    outer loop
      vertex   8.266928e+01 8.993269e+01 3.380000e+01
      vertex   8.280000e+01 9.002335e+01 3.180000e+01
      vertex   8.285763e+01 9.006069e+01 3.380000e+01
    endloop
  endfacet
  facet normal 5.252543e-01 -8.509450e-01 7.533811e-04
    outer loop
      vertex   8.285763e+01 9.006069e+01 3.380000e+01
      vertex   8.280000e+01 9.002335e+01 3.180000e+01
      vertex   8.299378e+01 9.014296e+01 3.180000e+01
    endloop
  endfacet
  facet normal 5.090413e-01 -8.607418e-01 -7.533811e-04
    outer loop
      vertex   8.285763e+01 9.006069e+01 3.380000e+01
      vertex   8.299378e+01 9.014296e+01 3.180000e+01
      vertex   8.305364e+01 9.017661e+01 3.380000e+01
    endloop
  endfacet
  facet normal 4.707866e-01 -8.822468e-01 7.533811e-04
    outer loop
      vertex   8.305364e+01 9.017661e+01 3.380000e+01
      vertex   8.299378e+01 9.014296e+01 3.180000e+01
      vertex   8.319470e+01 9.025017e+01 3.180000e+01
    endloop
  endfacet
  facet normal 4.539904e-01 -8.910063e-01 -7.533811e-04
    outer loop
      vertex   8.305364e+01 9.017661e+01 3.380000e+01
      vertex   8.319470e+01 9.025017e+01 3.180000e+01
      vertex   8.325655e+01 9.028000e+01 3.380000e+01
    endloop
  endfacet
  facet normal 4.144609e-01 -9.100668e-01 7.533811e-04
    outer loop
      vertex   8.325655e+01 9.028000e+01 3.380000e+01
      vertex   8.319470e+01 9.025017e+01 3.180000e+01
      vertex   8.340194e+01 9.034456e+01 3.180000e+01
    endloop
  endfacet
  facet normal 3.971478e-01 -9.177544e-01 -7.533811e-04
    outer loop
      vertex   8.325655e+01 9.028000e+01 3.380000e+01
      vertex   8.340194e+01 9.034456e+01 3.180000e+01
      vertex   8.346555e+01 9.037044e+01 3.380000e+01
    endloop
  endfacet
  facet normal 3.564995e-01 -9.342952e-01 7.533811e-04
    outer loop
      vertex   8.346555e+01 9.037044e+01 3.380000e+01
      vertex   8.340194e+01 9.034456e+01 3.180000e+01
      vertex   8.361471e+01 9.042574e+01 3.180000e+01
    endloop
  endfacet
  facet normal 3.387378e-01 -9.408805e-01 -7.533811e-04
    outer loop
      vertex   8.346555e+01 9.037044e+01 3.380000e+01
      vertex   8.361471e+01 9.042574e+01 3.180000e+01
      vertex   8.367981e+01 9.044758e+01 3.380000e+01
    endloop
  endfacet
  facet normal 2.971311e-01 -9.548364e-01 7.533811e-04
    outer loop
      vertex   8.367981e+01 9.044758e+01 3.380000e+01
      vertex   8.361471e+01 9.042574e+01 3.180000e+01
      vertex   8.383215e+01 9.049341e+01 3.180000e+01
    endloop
  endfacet
  facet normal 2.789910e-01 -9.602934e-01 -7.533811e-04
    outer loop
      vertex   8.367981e+01 9.044758e+01 3.380000e+01
      vertex   8.383215e+01 9.049341e+01 3.180000e+01
      vertex   8.389850e+01 9.051111e+01 3.380000e+01
    endloop
  endfacet
  facet normal 2.365901e-01 -9.716093e-01 7.533811e-04
    outer loop
      vertex   8.389850e+01 9.051111e+01 3.380000e+01
      vertex   8.383215e+01 9.049341e+01 3.180000e+01
      vertex   8.405342e+01 9.054729e+01 3.180000e+01
    endloop
  endfacet
  facet normal 2.181432e-01 -9.759165e-01 -7.533811e-04
    outer loop
      vertex   8.389850e+01 9.051111e+01 3.380000e+01
      vertex   8.405342e+01 9.054729e+01 3.180000e+01
      vertex   8.412074e+01 9.056079e+01 3.380000e+01
    endloop
  endfacet
  facet normal 1.751154e-01 -9.845476e-01 7.533811e-04
    outer loop
      vertex   8.412074e+01 9.056079e+01 3.380000e+01
      vertex   8.405342e+01 9.054729e+01 3.180000e+01
      vertex   8.427762e+01 9.058716e+01 3.180000e+01
    endloop
  endfacet
  facet normal 1.564344e-01 -9.876881e-01 -7.533811e-04
    outer loop
      vertex   8.412074e+01 9.056079e+01 3.380000e+01
      vertex   8.427762e+01 9.058716e+01 3.180000e+01
      vertex   8.434567e+01 9.059642e+01 3.380000e+01
    endloop
  endfacet
  facet normal 1.129496e-01 -9.936004e-01 7.533811e-04
    outer loop
      vertex   8.434567e+01 9.059642e+01 3.380000e+01
      vertex   8.427762e+01 9.058716e+01 3.180000e+01
      vertex   8.450389e+01 9.061289e+01 3.180000e+01
    endloop
  endfacet
  facet normal 9.410829e-02 -9.955617e-01 -7.533811e-04
    outer loop
      vertex   8.434567e+01 9.059642e+01 3.380000e+01
      vertex   8.450389e+01 9.061289e+01 3.180000e+01
      vertex   8.457238e+01 9.061785e+01 3.380000e+01
    endloop
  endfacet
  facet normal 5.033802e-02 -9.987320e-01 7.533811e-04
    outer loop
      vertex   8.457238e+01 9.061785e+01 3.380000e+01
      vertex   8.450389e+01 9.061289e+01 3.180000e+01
      vertex   8.473133e+01 9.062435e+01 3.180000e+01
    endloop
  endfacet
  facet normal 3.141075e-02 -9.995063e-01 -7.533811e-04
    outer loop
      vertex   8.457238e+01 9.061785e+01 3.380000e+01
      vertex   8.473133e+01 9.062435e+01 3.180000e+01
      vertex   8.480000e+01 9.062500e+01 3.380000e+01
    endloop
  endfacet
  facet normal -1.247220e-02 -9.999219e-01 7.533811e-04
    outer loop
      vertex   8.480000e+01 9.062500e+01 3.380000e+01
      vertex   8.473133e+01 9.062435e+01 3.180000e+01
      vertex   8.495904e+01 9.062151e+01 3.180000e+01
    endloop
  endfacet
  facet normal -3.141075e-02 -9.995063e-01 -7.533811e-04
    outer loop
      vertex   8.480000e+01 9.062500e+01 3.380000e+01
      vertex   8.495904e+01 9.062151e+01 3.180000e+01
      vertex   8.502762e+01 9.061785e+01 3.380000e+01
    endloop
  endfacet
  facet normal -7.523321e-02 -9.971657e-01 7.533811e-04
    outer loop
      vertex   8.502762e+01 9.061785e+01 3.380000e+01
      vertex   8.495904e+01 9.062151e+01 3.180000e+01
      vertex   8.518613e+01 9.060438e+01 3.180000e+01
    endloop
  endfacet
  facet normal -9.410829e-02 -9.955617e-01 -7.533811e-04
    outer loop
      vertex   8.502762e+01 9.061785e+01 3.380000e+01
      vertex   8.518613e+01 9.060438e+01 3.180000e+01
      vertex   8.525433e+01 9.059642e+01 3.380000e+01
    endloop
  endfacet
  facet normal -1.376973e-01 -9.904741e-01 7.533811e-04
    outer loop
      vertex   8.525433e+01 9.059642e+01 3.380000e+01
      vertex   8.518613e+01 9.060438e+01 3.180000e+01
      vertex   8.541169e+01 9.057302e+01 3.180000e+01
    endloop
  endfacet
  facet normal -1.564344e-01 -9.876881e-01 -7.533811e-04
    outer loop
      vertex   8.525433e+01 9.059642e+01 3.380000e+01
      vertex   8.541169e+01 9.057302e+01 3.180000e+01
      vertex   8.547926e+01 9.056079e+01 3.380000e+01
    endloop
  endfacet
  facet normal -1.996180e-01 -9.798735e-01 7.533811e-04
    outer loop
      vertex   8.547926e+01 9.056079e+01 3.380000e+01
      vertex   8.541169e+01 9.057302e+01 3.180000e+01
      vertex   8.563483e+01 9.052756e+01 3.180000e+01
    endloop
  endfacet
  facet normal -2.181432e-01 -9.759165e-01 -7.533811e-04
    outer loop
      vertex   8.547926e+01 9.056079e+01 3.380000e+01
      vertex   8.563483e+01 9.052756e+01 3.180000e+01
      vertex   8.570150e+01 9.051111e+01 3.380000e+01
    endloop
  endfacet
  facet normal -2.607508e-01 -9.654058e-01 7.533811e-04
    outer loop
      vertex   8.570150e+01 9.051111e+01 3.380000e+01
      vertex   8.563483e+01 9.052756e+01 3.180000e+01
      vertex   8.585468e+01 9.046818e+01 3.180000e+01
    endloop
  endfacet
  facet normal -2.789910e-01 -9.602934e-01 -7.533811e-04
    outer loop
      vertex   8.570150e+01 9.051111e+01 3.380000e+01
      vertex   8.585468e+01 9.046818e+01 3.180000e+01
      vertex   8.592019e+01 9.044758e+01 3.380000e+01
    endloop
  endfacet
  facet normal -3.208546e-01 -9.471281e-01 7.533811e-04
    outer loop
      vertex   8.592019e+01 9.044758e+01 3.380000e+01
      vertex   8.585468e+01 9.046818e+01 3.180000e+01
      vertex   8.607037e+01 9.039511e+01 3.180000e+01
    endloop
  endfacet
  facet normal -3.387378e-01 -9.408805e-01 -7.533811e-04
    outer loop
      vertex   8.592019e+01 9.044758e+01 3.380000e+01
      vertex   8.607037e+01 9.039511e+01 3.180000e+01
      vertex   8.613445e+01 9.037044e+01 3.380000e+01
    endloop
  endfacet
  facet normal -3.796922e-01 -9.251126e-01 7.533811e-04
    outer loop
      vertex   8.613445e+01 9.037044e+01 3.380000e+01
      vertex   8.607037e+01 9.039511e+01 3.180000e+01
      vertex   8.628104e+01 9.030865e+01 3.180000e+01
    endloop
  endfacet
  facet normal -3.971478e-01 -9.177544e-01 -7.533811e-04
    outer loop
      vertex   8.613445e+01 9.037044e+01 3.380000e+01
      vertex   8.628104e+01 9.030865e+01 3.180000e+01
      vertex   8.634345e+01 9.028000e+01 3.380000e+01
    endloop
  endfacet
  facet normal -4.370312e-01 -8.994460e-01 7.533811e-04
    outer loop
      vertex   8.634345e+01 9.028000e+01 3.380000e+01
      vertex   8.628104e+01 9.030865e+01 3.180000e+01
      vertex   8.648587e+01 9.020912e+01 3.180000e+01
    endloop
  endfacet
  facet normal -4.539904e-01 -8.910063e-01 -7.533811e-04
    outer loop
      vertex   8.634345e+01 9.028000e+01 3.380000e+01
      vertex   8.648587e+01 9.020912e+01 3.180000e+01
      vertex   8.654636e+01 9.017661e+01 3.380000e+01
    endloop
  endfacet
  facet normal -4.926455e-01 -8.702297e-01 7.533811e-04
    outer loop
      vertex   8.654636e+01 9.017661e+01 3.380000e+01
      vertex   8.648587e+01 9.020912e+01 3.180000e+01
      vertex   8.668405e+01 9.009693e+01 3.180000e+01
    endloop
  endfacet
  facet normal -5.090413e-01 -8.607418e-01 -7.533811e-04
    outer loop
      vertex   8.654636e+01 9.017661e+01 3.380000e+01
      vertex   8.668405e+01 9.009693e+01 3.180000e+01
      vertex   8.674237e+01 9.006069e+01 3.380000e+01
    endloop
  endfacet
  facet normal -5.463156e-01 -8.375791e-01 7.533811e-04
    outer loop
      vertex   8.674237e+01 9.006069e+01 3.380000e+01
      vertex   8.668405e+01 9.009693e+01 3.180000e+01
      vertex   8.687479e+01 8.997252e+01 3.180000e+01
    endloop
  endfacet
  facet normal -5.620832e-01 -8.270803e-01 -7.533811e-04
    outer loop
      vertex   8.674237e+01 9.006069e+01 3.380000e+01
      vertex   8.687479e+01 8.997252e+01 3.180000e+01
      vertex   8.693072e+01 8.993269e+01 3.380000e+01
    endloop
  endfacet
  facet normal -5.978296e-01 -8.016229e-01 7.533811e-04
    outer loop
      vertex   8.693072e+01 8.993269e+01 3.380000e+01
      vertex   8.687479e+01 8.997252e+01 3.180000e+01
      vertex   8.705734e+01 8.983638e+01 3.180000e+01
    endloop
  endfacet
  facet normal -6.129069e-01 -7.901548e-01 -7.533811e-04
    outer loop
      vertex   8.693072e+01 8.993269e+01 3.380000e+01
      vertex   8.705734e+01 8.983638e+01 3.180000e+01
      vertex   8.711066e+01 8.979311e+01 3.380000e+01
    endloop
  endfacet
  facet normal -6.469842e-01 -7.625030e-01 7.533811e-04
    outer loop
      vertex   8.711066e+01 8.979311e+01 3.380000e+01
      vertex   8.705734e+01 8.983638e+01 3.180000e+01
      vertex   8.723098e+01 8.968904e+01 3.180000e+01
    endloop
  endfacet
  facet normal -6.613117e-01 -7.501109e-01 -7.533811e-04
    outer loop
      vertex   8.711066e+01 8.979311e+01 3.380000e+01
      vertex   8.723098e+01 8.968904e+01 3.180000e+01
      vertex   8.728148e+01 8.964251e+01 3.380000e+01
    endloop
  endfacet
  facet normal -6.935855e-01 -7.203739e-01 7.533811e-04
    outer loop
      vertex   8.728148e+01 8.964251e+01 3.380000e+01
      vertex   8.723098e+01 8.968904e+01 3.180000e+01
      vertex   8.739503e+01 8.953109e+01 3.180000e+01
    endloop
  endfacet
  facet normal -7.071066e-01 -7.071066e-01 -7.533811e-04
    outer loop
      vertex   8.728148e+01 8.964251e+01 3.380000e+01
      vertex   8.739503e+01 8.953109e+01 3.180000e+01
      vertex   8.744251e+01 8.948148e+01 3.380000e+01
    endloop
  endfacet
  facet normal -7.374495e-01 -6.754018e-01 7.533811e-04
    outer loop
      vertex   8.744251e+01 8.948148e+01 3.380000e+01
      vertex   8.739503e+01 8.953109e+01 3.180000e+01
      vertex   8.754884e+01 8.936316e+01 3.180000e+01
    endloop
  endfacet
  facet normal -7.501109e-01 -6.613117e-01 -7.533811e-04
    outer loop
      vertex   8.744251e+01 8.948148e+01 3.380000e+01
      vertex   8.754884e+01 8.936316e+01 3.180000e+01
      vertex   8.759311e+01 8.931066e+01 3.380000e+01
    endloop
  endfacet
  facet normal -7.784032e-01 -6.277642e-01 7.533811e-04
    outer loop
      vertex   8.759311e+01 8.931066e+01 3.380000e+01
      vertex   8.754884e+01 8.936316e+01 3.180000e+01
      vertex   8.769180e+01 8.918589e+01 3.180000e+01
    endloop
  endfacet
  facet normal -7.901548e-01 -6.129069e-01 -7.533811e-04
    outer loop
      vertex   8.759311e+01 8.931066e+01 3.380000e+01
      vertex   8.769180e+01 8.918589e+01 3.180000e+01
      vertex   8.773269e+01 8.913072e+01 3.380000e+01
    endloop
  endfacet
  facet normal -8.162848e-01 -5.776491e-01 7.533811e-04
    outer loop
      vertex   8.773269e+01 8.913072e+01 3.380000e+01
      vertex   8.769180e+01 8.918589e+01 3.180000e+01
      vertex   8.782335e+01 8.900000e+01 3.180000e+01
    endloop
  endfacet
  facet normal -8.270803e-01 -5.620832e-01 -7.533811e-04
    outer loop
      vertex   8.773269e+01 8.913072e+01 3.380000e+01
      vertex   8.782335e+01 8.900000e+01 3.180000e+01
      vertex   8.786069e+01 8.894237e+01 3.380000e+01
    endloop
  endfacet
  facet normal -8.509450e-01 -5.252543e-01 7.533811e-04
    outer loop
      vertex   8.786069e+01 8.894237e+01 3.380000e+01
      vertex   8.782335e+01 8.900000e+01 3.180000e+01
      vertex   8.794296e+01 8.880622e+01 3.180000e+01
    endloop
  endfacet
  facet normal -8.607418e-01 -5.090413e-01 -7.533811e-04
    outer loop
      vertex   8.786069e+01 8.894237e+01 3.380000e+01
      vertex   8.794296e+01 8.880622e+01 3.180000e+01
      vertex   8.797661e+01 8.874636e+01 3.380000e+01
    endloop
  endfacet
  facet normal -8.822468e-01 -4.707866e-01 7.533811e-04
    outer loop
      vertex   8.797661e+01 8.874636e+01 3.380000e+01
      vertex   8.794296e+01 8.880622e+01 3.180000e+01
      vertex   8.805017e+01 8.860530e+01 3.180000e+01
    endloop
  endfacet
  facet normal -8.910063e-01 -4.539904e-01 -7.533811e-04
    outer loop
      vertex   8.797661e+01 8.874636e+01 3.380000e+01
      vertex   8.805017e+01 8.860530e+01 3.180000e+01
      vertex   8.808000e+01 8.854345e+01 3.380000e+01
    endloop
  endfacet
  facet normal -9.100668e-01 -4.144609e-01 7.533811e-04
    outer loop
      vertex   8.808000e+01 8.854345e+01 3.380000e+01
      vertex   8.805017e+01 8.860530e+01 3.180000e+01
      vertex   8.814456e+01 8.839806e+01 3.180000e+01
    endloop
  endfacet
  facet normal -9.177544e-01 -3.971478e-01 -7.533811e-04
    outer loop
      vertex   8.808000e+01 8.854345e+01 3.380000e+01
      vertex   8.814456e+01 8.839806e+01 3.180000e+01
      vertex   8.817044e+01 8.833445e+01 3.380000e+01
    endloop
  endfacet
  facet normal -9.342952e-01 -3.564995e-01 7.533811e-04
    outer loop
      vertex   8.817044e+01 8.833445e+01 3.380000e+01
      vertex   8.814456e+01 8.839806e+01 3.180000e+01
      vertex   8.822574e+01 8.818529e+01 3.180000e+01
    endloop
  endfacet
  facet normal -9.408805e-01 -3.387378e-01 -7.533811e-04
    outer loop
      vertex   8.817044e+01 8.833445e+01 3.380000e+01
      vertex   8.822574e+01 8.818529e+01 3.180000e+01
      vertex   8.824758e+01 8.812019e+01 3.380000e+01
    endloop
  endfacet
  facet normal -9.548364e-01 -2.971311e-01 7.533811e-04
    outer loop
      vertex   8.824758e+01 8.812019e+01 3.380000e+01
      vertex   8.822574e+01 8.818529e+01 3.180000e+01
      vertex   8.829341e+01 8.796785e+01 3.180000e+01
    endloop
  endfacet
  facet normal -9.602934e-01 -2.789910e-01 -7.533811e-04
    outer loop
      vertex   8.824758e+01 8.812019e+01 3.380000e+01
      vertex   8.829341e+01 8.796785e+01 3.180000e+01
      vertex   8.831111e+01 8.790150e+01 3.380000e+01
    endloop
  endfacet
  facet normal -9.716093e-01 -2.365901e-01 7.533811e-04
    outer loop
      vertex   8.831111e+01 8.790150e+01 3.380000e+01
      vertex   8.829341e+01 8.796785e+01 3.180000e+01
      vertex   8.834729e+01 8.774658e+01 3.180000e+01
    endloop
  endfacet
  facet normal -9.759165e-01 -2.181432e-01 -7.533811e-04
    outer loop
      vertex   8.831111e+01 8.790150e+01 3.380000e+01
      vertex   8.834729e+01 8.774658e+01 3.180000e+01
      vertex   8.836079e+01 8.767926e+01 3.380000e+01
    endloop
  endfacet
  facet normal -9.845476e-01 -1.751154e-01 7.533811e-04
    outer loop
      vertex   8.836079e+01 8.767926e+01 3.380000e+01
      vertex   8.834729e+01 8.774658e+01 3.180000e+01
      vertex   8.838716e+01 8.752238e+01 3.180000e+01
    endloop
  endfacet
  facet normal -9.876881e-01 -1.564344e-01 -7.533811e-04
    outer loop
      vertex   8.836079e+01 8.767926e+01 3.380000e+01
      vertex   8.838716e+01 8.752238e+01 3.180000e+01
      vertex   8.839642e+01 8.745433e+01 3.380000e+01
    endloop
  endfacet
  facet normal -9.936004e-01 -1.129496e-01 7.533811e-04
    outer loop
      vertex   8.839642e+01 8.745433e+01 3.380000e+01
      vertex   8.838716e+01 8.752238e+01 3.180000e+01
      vertex   8.841289e+01 8.729611e+01 3.180000e+01
    endloop
  endfacet
  facet normal -9.955617e-01 -9.410829e-02 -7.533811e-04
    outer loop
      vertex   8.839642e+01 8.745433e+01 3.380000e+01
      vertex   8.841289e+01 8.729611e+01 3.180000e+01
      vertex   8.841785e+01 8.722762e+01 3.380000e+01
    endloop
  endfacet
  facet normal -9.987320e-01 -5.033802e-02 7.533811e-04
    outer loop
      vertex   8.841785e+01 8.722762e+01 3.380000e+01
      vertex   8.841289e+01 8.729611e+01 3.180000e+01
      vertex   8.842435e+01 8.706867e+01 3.180000e+01
    endloop
  endfacet
  facet normal -9.995063e-01 -3.141075e-02 -7.533811e-04
    outer loop
      vertex   8.841785e+01 8.722762e+01 3.380000e+01
      vertex   8.842435e+01 8.706867e+01 3.180000e+01
      vertex   8.842500e+01 8.700000e+01 3.380000e+01
    endloop
  endfacet
  facet normal -9.999219e-01 1.247220e-02 7.533811e-04
    outer loop
      vertex   8.842500e+01 8.700000e+01 3.380000e+01
      vertex   8.842435e+01 8.706867e+01 3.180000e+01
      vertex   8.842151e+01 8.684096e+01 3.180000e+01
    endloop
  endfacet
  facet normal -9.995063e-01 3.141075e-02 -7.533811e-04
    outer loop
      vertex   8.842500e+01 8.700000e+01 3.380000e+01
      vertex   8.842151e+01 8.684096e+01 3.180000e+01
      vertex   8.841785e+01 8.677238e+01 3.380000e+01
    endloop
  endfacet
  facet normal -9.971657e-01 7.523321e-02 7.533811e-04
    outer loop
      vertex   8.841785e+01 8.677238e+01 3.380000e+01
      vertex   8.842151e+01 8.684096e+01 3.180000e+01
      vertex   8.840438e+01 8.661387e+01 3.180000e+01
    endloop
  endfacet
  facet normal -9.955617e-01 9.410829e-02 -7.533811e-04
    outer loop
      vertex   8.841785e+01 8.677238e+01 3.380000e+01
      vertex   8.840438e+01 8.661387e+01 3.180000e+01
      vertex   8.839642e+01 8.654567e+01 3.380000e+01
    endloop
  endfacet
  facet normal -9.904741e-01 1.376973e-01 7.533811e-04
    outer loop
      vertex   8.839642e+01 8.654567e+01 3.380000e+01
      vertex   8.840438e+01 8.661387e+01 3.180000e+01
      vertex   8.837302e+01 8.638831e+01 3.180000e+01
    endloop
  endfacet
  facet normal -9.876881e-01 1.564344e-01 -7.533811e-04
    outer loop
      vertex   8.839642e+01 8.654567e+01 3.380000e+01
      vertex   8.837302e+01 8.638831e+01 3.180000e+01
      vertex   8.836079e+01 8.632074e+01 3.380000e+01
    endloop
  endfacet
  facet normal -9.798735e-01 1.996180e-01 7.533811e-04
    outer loop
      vertex   8.836079e+01 8.632074e+01 3.380000e+01
      vertex   8.837302e+01 8.638831e+01 3.180000e+01
      vertex   8.832756e+01 8.616517e+01 3.180000e+01
    endloop
  endfacet
  facet normal -9.759165e-01 2.181432e-01 -7.533811e-04
    outer loop
      vertex   8.836079e+01 8.632074e+01 3.380000e+01
      vertex   8.832756e+01 8.616517e+01 3.180000e+01
      vertex   8.831111e+01 8.609850e+01 3.380000e+01
    endloop
  endfacet
  facet normal -9.654058e-01 2.607508e-01 7.533811e-04
    outer loop
      vertex   8.831111e+01 8.609850e+01 3.380000e+01
      vertex   8.832756e+01 8.616517e+01 3.180000e+01
      vertex   8.826818e+01 8.594532e+01 3.180000e+01
    endloop
  endfacet
  facet normal -9.602934e-01 2.789910e-01 -7.533811e-04
    outer loop
      vertex   8.831111e+01 8.609850e+01 3.380000e+01
      vertex   8.826818e+01 8.594532e+01 3.180000e+01
      vertex   8.824758e+01 8.587981e+01 3.380000e+01
    endloop
  endfacet
  facet normal -9.471281e-01 3.208546e-01 7.533811e-04
    outer loop
      vertex   8.824758e+01 8.587981e+01 3.380000e+01
      vertex   8.826818e+01 8.594532e+01 3.180000e+01
      vertex   8.819511e+01 8.572963e+01 3.180000e+01
    endloop
  endfacet
  facet normal -9.408805e-01 3.387378e-01 -7.533811e-04
    outer loop
      vertex   8.824758e+01 8.587981e+01 3.380000e+01
      vertex   8.819511e+01 8.572963e+01 3.180000e+01
      vertex   8.817044e+01 8.566555e+01 3.380000e+01
    endloop
  endfacet
  facet normal -9.251126e-01 3.796922e-01 7.533811e-04
    outer loop
      vertex   8.817044e+01 8.566555e+01 3.380000e+01
      vertex   8.819511e+01 8.572963e+01 3.180000e+01
      vertex   8.810865e+01 8.551896e+01 3.180000e+01
    endloop
  endfacet
  facet normal -9.177544e-01 3.971478e-01 -7.533811e-04
    outer loop
      vertex   8.817044e+01 8.566555e+01 3.380000e+01
      vertex   8.810865e+01 8.551896e+01 3.180000e+01
      vertex   8.808000e+01 8.545655e+01 3.380000e+01
    endloop
  endfacet
  facet normal -8.994460e-01 4.370312e-01 7.533811e-04
    outer loop
      vertex   8.808000e+01 8.545655e+01 3.380000e+01
      vertex   8.810865e+01 8.551896e+01 3.180000e+01
      vertex   8.800912e+01 8.531413e+01 3.180000e+01
    endloop
  endfacet
  facet normal -8.910063e-01 4.539904e-01 -7.533811e-04
    outer loop
      vertex   8.808000e+01 8.545655e+01 3.380000e+01
      vertex   8.800912e+01 8.531413e+01 3.180000e+01
      vertex   8.797661e+01 8.525364e+01 3.380000e+01
    endloop
  endfacet
  facet normal -8.702297e-01 4.926455e-01 7.533811e-04
    outer loop
      vertex   8.797661e+01 8.525364e+01 3.380000e+01
      vertex   8.800912e+01 8.531413e+01 3.180000e+01
      vertex   8.789693e+01 8.511595e+01 3.180000e+01
    endloop
  endfacet
  facet normal -8.607418e-01 5.090413e-01 -7.533811e-04
    outer loop
      vertex   8.797661e+01 8.525364e+01 3.380000e+01
      vertex   8.789693e+01 8.511595e+01 3.180000e+01
      vertex   8.786069e+01 8.505763e+01 3.380000e+01
    endloop
  endfacet
  facet normal -8.375791e-01 5.463156e-01 7.533811e-04
    outer loop
      vertex   8.786069e+01 8.505763e+01 3.380000e+01
      vertex   8.789693e+01 8.511595e+01 3.180000e+01
      vertex   8.777252e+01 8.492521e+01 3.180000e+01
    endloop
  endfacet
  facet normal -8.270803e-01 5.620832e-01 -7.533811e-04
    outer loop
      vertex   8.786069e+01 8.505763e+01 3.380000e+01
      vertex   8.777252e+01 8.492521e+01 3.180000e+01
      vertex   8.773269e+01 8.486928e+01 3.380000e+01
    endloop
  endfacet
  facet normal -8.016229e-01 5.978296e-01 7.533811e-04
    outer loop
      vertex   8.773269e+01 8.486928e+01 3.380000e+01
      vertex   8.777252e+01 8.492521e+01 3.180000e+01
      vertex   8.763638e+01 8.474266e+01 3.180000e+01
    endloop
  endfacet
  facet normal -7.901548e-01 6.129069e-01 -7.533811e-04
    outer loop
      vertex   8.773269e+01 8.486928e+01 3.380000e+01
      vertex   8.763638e+01 8.474266e+01 3.180000e+01
      vertex   8.759311e+01 8.468934e+01 3.380000e+01
    endloop
  endfacet
  facet normal -7.625030e-01 6.469842e-01 7.533811e-04
    outer loop
      vertex   8.759311e+01 8.468934e+01 3.380000e+01
      vertex   8.763638e+01 8.474266e+01 3.180000e+01
      vertex   8.748904e+01 8.456902e+01 3.180000e+01
    endloop
  endfacet
  facet normal -7.501109e-01 6.613117e-01 -7.533811e-04
    outer loop
      vertex   8.759311e+01 8.468934e+01 3.380000e+01
      vertex   8.748904e+01 8.456902e+01 3.180000e+01
      vertex   8.744251e+01 8.451852e+01 3.380000e+01
    endloop
  endfacet
  facet normal -7.203739e-01 6.935855e-01 7.533811e-04
    outer loop
      vertex   8.744251e+01 8.451852e+01 3.380000e+01
      vertex   8.748904e+01 8.456902e+01 3.180000e+01
      vertex   8.733109e+01 8.440497e+01 3.180000e+01
    endloop
  endfacet
  facet normal -7.071066e-01 7.071066e-01 -7.533811e-04
    outer loop
      vertex   8.744251e+01 8.451852e+01 3.380000e+01
      vertex   8.733109e+01 8.440497e+01 3.180000e+01
      vertex   8.728148e+01 8.435749e+01 3.380000e+01
    endloop
  endfacet
  facet normal -6.754018e-01 7.374495e-01 7.533811e-04
    outer loop
      vertex   8.728148e+01 8.435749e+01 3.380000e+01
      vertex   8.733109e+01 8.440497e+01 3.180000e+01
      vertex   8.716316e+01 8.425116e+01 3.180000e+01
    endloop
  endfacet
  facet normal -6.613117e-01 7.501109e-01 -7.533811e-04
    outer loop
      vertex   8.728148e+01 8.435749e+01 3.380000e+01
      vertex   8.716316e+01 8.425116e+01 3.180000e+01
      vertex   8.711066e+01 8.420689e+01 3.380000e+01
    endloop
  endfacet
  facet normal -6.277642e-01 7.784032e-01 7.533811e-04
    outer loop
      vertex   8.711066e+01 8.420689e+01 3.380000e+01
      vertex   8.716316e+01 8.425116e+01 3.180000e+01
      vertex   8.698589e+01 8.410820e+01 3.180000e+01
    endloop
  endfacet
  facet normal -6.129069e-01 7.901548e-01 -7.533811e-04
    outer loop
      vertex   8.711066e+01 8.420689e+01 3.380000e+01
      vertex   8.698589e+01 8.410820e+01 3.180000e+01
      vertex   8.693072e+01 8.406731e+01 3.380000e+01
    endloop
  endfacet
  facet normal -5.776491e-01 8.162848e-01 7.533811e-04
    outer loop
      vertex   8.693072e+01 8.406731e+01 3.380000e+01
      vertex   8.698589e+01 8.410820e+01 3.180000e+01
      vertex   8.680000e+01 8.397665e+01 3.180000e+01
    endloop
  endfacet
  facet normal -5.620832e-01 8.270803e-01 -7.533811e-04
    outer loop
      vertex   8.693072e+01 8.406731e+01 3.380000e+01
      vertex   8.680000e+01 8.397665e+01 3.180000e+01
      vertex   8.674237e+01 8.393931e+01 3.380000e+01
    endloop
  endfacet
  facet normal -5.252543e-01 8.509450e-01 7.533811e-04
    outer loop
      vertex   8.674237e+01 8.393931e+01 3.380000e+01
      vertex   8.680000e+01 8.397665e+01 3.180000e+01
      vertex   8.660622e+01 8.385704e+01 3.180000e+01
    endloop
  endfacet
  facet normal -5.090413e-01 8.607418e-01 -7.533811e-04
    outer loop
      vertex   8.674237e+01 8.393931e+01 3.380000e+01
      vertex   8.660622e+01 8.385704e+01 3.180000e+01
      vertex   8.654636e+01 8.382339e+01 3.380000e+01
    endloop
  endfacet
  facet normal -4.707866e-01 8.822468e-01 7.533811e-04
    outer loop
      vertex   8.654636e+01 8.382339e+01 3.380000e+01
      vertex   8.660622e+01 8.385704e+01 3.180000e+01
      vertex   8.640530e+01 8.374983e+01 3.180000e+01
    endloop
  endfacet
  facet normal -4.539904e-01 8.910063e-01 -7.533811e-04
    outer loop
      vertex   8.654636e+01 8.382339e+01 3.380000e+01
      vertex   8.640530e+01 8.374983e+01 3.180000e+01
      vertex   8.634345e+01 8.372000e+01 3.380000e+01
    endloop
  endfacet
  facet normal -4.144609e-01 9.100668e-01 7.533811e-04
    outer loop
      vertex   8.634345e+01 8.372000e+01 3.380000e+01
      vertex   8.640530e+01 8.374983e+01 3.180000e+01
      vertex   8.619806e+01 8.365544e+01 3.180000e+01
    endloop
  endfacet
  facet normal -3.971478e-01 9.177544e-01 -7.533811e-04
    outer loop
      vertex   8.634345e+01 8.372000e+01 3.380000e+01
      vertex   8.619806e+01 8.365544e+01 3.180000e+01
      vertex   8.613445e+01 8.362956e+01 3.380000e+01
    endloop
  endfacet
  facet normal -3.564995e-01 9.342952e-01 7.533811e-04
    outer loop
      vertex   8.613445e+01 8.362956e+01 3.380000e+01
      vertex   8.619806e+01 8.365544e+01 3.180000e+01
      vertex   8.598529e+01 8.357426e+01 3.180000e+01
    endloop
  endfacet
  facet normal -3.387378e-01 9.408805e-01 -7.533811e-04
    outer loop
      vertex   8.613445e+01 8.362956e+01 3.380000e+01
      vertex   8.598529e+01 8.357426e+01 3.180000e+01
      vertex   8.592019e+01 8.355242e+01 3.380000e+01
    endloop
  endfacet
  facet normal -2.971311e-01 9.548364e-01 7.533811e-04
    outer loop
      vertex   8.592019e+01 8.355242e+01 3.380000e+01
      vertex   8.598529e+01 8.357426e+01 3.180000e+01
      vertex   8.576785e+01 8.350659e+01 3.180000e+01
    endloop
  endfacet
  facet normal -2.789910e-01 9.602934e-01 -7.533811e-04
    outer loop
      vertex   8.592019e+01 8.355242e+01 3.380000e+01
      vertex   8.576785e+01 8.350659e+01 3.180000e+01
      vertex   8.570150e+01 8.348889e+01 3.380000e+01
    endloop
  endfacet
  facet normal -2.365901e-01 9.716093e-01 7.533811e-04
    outer loop
      vertex   8.570150e+01 8.348889e+01 3.380000e+01
      vertex   8.576785e+01 8.350659e+01 3.180000e+01
      vertex   8.554658e+01 8.345271e+01 3.180000e+01
    endloop
  endfacet
  facet normal -2.181432e-01 9.759165e-01 -7.533811e-04
    outer loop
      vertex   8.570150e+01 8.348889e+01 3.380000e+01
      vertex   8.554658e+01 8.345271e+01 3.180000e+01
      vertex   8.547926e+01 8.343921e+01 3.380000e+01
    endloop
  endfacet
  facet normal -1.751154e-01 9.845476e-01 7.533811e-04
    outer loop
      vertex   8.547926e+01 8.343921e+01 3.380000e+01
      vertex   8.554658e+01 8.345271e+01 3.180000e+01
      vertex   8.532238e+01 8.341284e+01 3.180000e+01
    endloop
  endfacet
  facet normal -1.564344e-01 9.876881e-01 -7.533811e-04
    outer loop
      vertex   8.547926e+01 8.343921e+01 3.380000e+01
      vertex   8.532238e+01 8.341284e+01 3.180000e+01
      vertex   8.525433e+01 8.340358e+01 3.380000e+01
    endloop
  endfacet
  facet normal -1.129496e-01 9.936004e-01 7.533811e-04
    outer loop
      vertex   8.525433e+01 8.340358e+01 3.380000e+01
      vertex   8.532238e+01 8.341284e+01 3.180000e+01
      vertex   8.509611e+01 8.338711e+01 3.180000e+01
    endloop
  endfacet
  facet normal -9.410829e-02 9.955617e-01 -7.533811e-04
    outer loop
      vertex   8.525433e+01 8.340358e+01 3.380000e+01
      vertex   8.509611e+01 8.338711e+01 3.180000e+01
      vertex   8.502762e+01 8.338215e+01 3.380000e+01
    endloop
  endfacet
  facet normal -5.033802e-02 9.987320e-01 7.533811e-04
    outer loop
      vertex   8.502762e+01 8.338215e+01 3.380000e+01
      vertex   8.509611e+01 8.338711e+01 3.180000e+01
      vertex   8.486867e+01 8.337565e+01 3.180000e+01
    endloop
  endfacet
  facet normal -3.141075e-02 9.995063e-01 -7.533811e-04
    outer loop
      vertex   8.502762e+01 8.338215e+01 3.380000e+01
      vertex   8.486867e+01 8.337565e+01 3.180000e+01
      vertex   8.480000e+01 8.337500e+01 3.380000e+01
    endloop
  endfacet
  facet normal 1.247220e-02 9.999219e-01 7.533811e-04
    outer loop
      vertex   8.480000e+01 8.337500e+01 3.380000e+01
      vertex   8.486867e+01 8.337565e+01 3.180000e+01
      vertex   8.464096e+01 8.337849e+01 3.180000e+01
    endloop
  endfacet
  facet normal 3.141075e-02 9.995063e-01 -7.533811e-04
    outer loop
      vertex   8.480000e+01 8.337500e+01 3.380000e+01
      vertex   8.464096e+01 8.337849e+01 3.180000e+01
      vertex   8.457238e+01 8.338215e+01 3.380000e+01
    endloop
  endfacet
  facet normal 7.523321e-02 9.971657e-01 7.533811e-04
    outer loop
      vertex   8.457238e+01 8.338215e+01 3.380000e+01
      vertex   8.464096e+01 8.337849e+01 3.180000e+01
      vertex   8.441387e+01 8.339562e+01 3.180000e+01
    endloop
  endfacet
  facet normal 9.410829e-02 9.955617e-01 -7.533811e-04
    outer loop
      vertex   8.457238e+01 8.338215e+01 3.380000e+01
      vertex   8.441387e+01 8.339562e+01 3.180000e+01
      vertex   8.434567e+01 8.340358e+01 3.380000e+01
    endloop
  endfacet
  facet normal 1.376973e-01 9.904741e-01 7.533811e-04
    outer loop
      vertex   8.434567e+01 8.340358e+01 3.380000e+01
      vertex   8.441387e+01 8.339562e+01 3.180000e+01
      vertex   8.418831e+01 8.342698e+01 3.180000e+01
    endloop
  endfacet
  facet normal 1.564344e-01 9.876881e-01 -7.533811e-04
    outer loop
      vertex   8.434567e+01 8.340358e+01 3.380000e+01
      vertex   8.418831e+01 8.342698e+01 3.180000e+01
      vertex   8.412074e+01 8.343921e+01 3.380000e+01
    endloop
  endfacet
  facet normal 1.996180e-01 9.798735e-01 7.533811e-04
    outer loop
      vertex   8.412074e+01 8.343921e+01 3.380000e+01
      vertex   8.418831e+01 8.342698e+01 3.180000e+01
      vertex   8.396517e+01 8.347244e+01 3.180000e+01
    endloop
  endfacet
  facet normal 2.181432e-01 9.759165e-01 -7.533811e-04
    outer loop
      vertex   8.412074e+01 8.343921e+01 3.380000e+01
      vertex   8.396517e+01 8.347244e+01 3.180000e+01
      vertex   8.389850e+01 8.348889e+01 3.380000e+01
    endloop
  endfacet
  facet normal 2.607508e-01 9.654058e-01 7.533811e-04
    outer loop
      vertex   8.389850e+01 8.348889e+01 3.380000e+01
      vertex   8.396517e+01 8.347244e+01 3.180000e+01
      vertex   8.374532e+01 8.353182e+01 3.180000e+01
    endloop
  endfacet
  facet normal 2.789910e-01 9.602934e-01 -7.533811e-04
    outer loop
      vertex   8.389850e+01 8.348889e+01 3.380000e+01
      vertex   8.374532e+01 8.353182e+01 3.180000e+01
      vertex   8.367981e+01 8.355242e+01 3.380000e+01
    endloop
  endfacet
  facet normal 3.208546e-01 9.471281e-01 7.533811e-04
    outer loop
      vertex   8.367981e+01 8.355242e+01 3.380000e+01
      vertex   8.374532e+01 8.353182e+01 3.180000e+01
      vertex   8.352963e+01 8.360489e+01 3.180000e+01
    endloop
  endfacet
  facet normal 3.387378e-01 9.408805e-01 -7.533811e-04
    outer loop
      vertex   8.367981e+01 8.355242e+01 3.380000e+01
      vertex   8.352963e+01 8.360489e+01 3.180000e+01
      vertex   8.346555e+01 8.362956e+01 3.380000e+01
    endloop
  endfacet
  facet normal 3.796922e-01 9.251126e-01 7.533811e-04
    outer loop
      vertex   8.346555e+01 8.362956e+01 3.380000e+01
      vertex   8.352963e+01 8.360489e+01 3.180000e+01
      vertex   8.331896e+01 8.369135e+01 3.180000e+01
    endloop
  endfacet
  facet normal 3.971478e-01 9.177544e-01 -7.533811e-04
    outer loop
      vertex   8.346555e+01 8.362956e+01 3.380000e+01
      vertex   8.331896e+01 8.369135e+01 3.180000e+01
      vertex   8.325655e+01 8.372000e+01 3.380000e+01
    endloop
  endfacet
  facet normal 4.370312e-01 8.994460e-01 7.533811e-04
    outer loop
      vertex   8.325655e+01 8.372000e+01 3.380000e+01
      vertex   8.331896e+01 8.369135e+01 3.180000e+01
      vertex   8.311413e+01 8.379088e+01 3.180000e+01
    endloop
  endfacet
  facet normal 4.539904e-01 8.910063e-01 -7.533811e-04
    outer loop
      vertex   8.325655e+01 8.372000e+01 3.380000e+01
      vertex   8.311413e+01 8.379088e+01 3.180000e+01
      vertex   8.305364e+01 8.382339e+01 3.380000e+01
    endloop
  endfacet
  facet normal 4.926455e-01 8.702297e-01 7.533811e-04
    outer loop
      vertex   8.305364e+01 8.382339e+01 3.380000e+01
      vertex   8.311413e+01 8.379088e+01 3.180000e+01
      vertex   8.291595e+01 8.390307e+01 3.180000e+01
    endloop
  endfacet
  facet normal 5.090413e-01 8.607418e-01 -7.533811e-04
    outer loop
      vertex   8.305364e+01 8.382339e+01 3.380000e+01
      vertex   8.291595e+01 8.390307e+01 3.180000e+01
      vertex   8.285763e+01 8.393931e+01 3.380000e+01
    endloop
  endfacet
  facet normal 5.463156e-01 8.375791e-01 7.533811e-04
    outer loop
      vertex   8.285763e+01 8.393931e+01 3.380000e+01
      vertex   8.291595e+01 8.390307e+01 3.180000e+01
      vertex   8.272521e+01 8.402748e+01 3.180000e+01
    endloop
  endfacet
  facet normal 5.620832e-01 8.270803e-01 -7.533811e-04
    outer loop
      vertex   8.285763e+01 8.393931e+01 3.380000e+01
      vertex   8.272521e+01 8.402748e+01 3.180000e+01
      vertex   8.266928e+01 8.406731e+01 3.380000e+01
    endloop
  endfacet
  facet normal 5.978296e-01 8.016229e-01 7.533811e-04
    outer loop
      vertex   8.266928e+01 8.406731e+01 3.380000e+01
      vertex   8.272521e+01 8.402748e+01 3.180000e+01
      vertex   8.254266e+01 8.416362e+01 3.180000e+01
    endloop
  endfacet
  facet normal 6.129069e-01 7.901548e-01 -7.533811e-04
    outer loop
      vertex   8.266928e+01 8.406731e+01 3.380000e+01
      vertex   8.254266e+01 8.416362e+01 3.180000e+01
      vertex   8.248934e+01 8.420689e+01 3.380000e+01
    endloop
  endfacet
  facet normal 6.469842e-01 7.625030e-01 7.533811e-04
    outer loop
      vertex   8.248934e+01 8.420689e+01 3.380000e+01
      vertex   8.254266e+01 8.416362e+01 3.180000e+01
      vertex   8.236902e+01 8.431096e+01 3.180000e+01
    endloop
  endfacet
  facet normal 6.613117e-01 7.501109e-01 -7.533811e-04
    outer loop
      vertex   8.248934e+01 8.420689e+01 3.380000e+01
      vertex   8.236902e+01 8.431096e+01 3.180000e+01
      vertex   8.231852e+01 8.435749e+01 3.380000e+01
    endloop
  endfacet
  facet normal 6.935855e-01 7.203739e-01 7.533811e-04
    outer loop
      vertex   8.231852e+01 8.435749e+01 3.380000e+01
      vertex   8.236902e+01 8.431096e+01 3.180000e+01
      vertex   8.220497e+01 8.446891e+01 3.180000e+01
    endloop
  endfacet
  facet normal 7.071066e-01 7.071066e-01 -7.533811e-04
    outer loop
      vertex   8.231852e+01 8.435749e+01 3.380000e+01
      vertex   8.220497e+01 8.446891e+01 3.180000e+01
      vertex   8.215749e+01 8.451852e+01 3.380000e+01
    endloop
  endfacet
  facet normal 7.374495e-01 6.754018e-01 7.533811e-04
    outer loop
      vertex   8.215749e+01 8.451852e+01 3.380000e+01
      vertex   8.220497e+01 8.446891e+01 3.180000e+01
      vertex   8.205116e+01 8.463684e+01 3.180000e+01
    endloop
  endfacet
  facet normal 7.501109e-01 6.613117e-01 -7.533811e-04
    outer loop
      vertex   8.215749e+01 8.451852e+01 3.380000e+01
      vertex   8.205116e+01 8.463684e+01 3.180000e+01
      vertex   8.200689e+01 8.468934e+01 3.380000e+01
    endloop
  endfacet
  facet normal 7.784032e-01 6.277642e-01 7.533811e-04
    outer loop
      vertex   8.200689e+01 8.468934e+01 3.380000e+01
      vertex   8.205116e+01 8.463684e+01 3.180000e+01
      vertex   8.190820e+01 8.481411e+01 3.180000e+01
    endloop
  endfacet
  facet normal 7.901548e-01 6.129069e-01 -7.533811e-04
    outer loop
      vertex   8.200689e+01 8.468934e+01 3.380000e+01
      vertex   8.190820e+01 8.481411e+01 3.180000e+01
      vertex   8.186731e+01 8.486928e+01 3.380000e+01
    endloop
  endfacet
  facet normal 8.162848e-01 5.776491e-01 7.533811e-04
    outer loop
      vertex   8.186731e+01 8.486928e+01 3.380000e+01
      vertex   8.190820e+01 8.481411e+01 3.180000e+01
      vertex   8.177665e+01 8.500000e+01 3.180000e+01
    endloop
  endfacet
  facet normal 8.270803e-01 5.620832e-01 -7.533811e-04
    outer loop
      vertex   8.186731e+01 8.486928e+01 3.380000e+01
      vertex   8.177665e+01 8.500000e+01 3.180000e+01
      vertex   8.173931e+01 8.505763e+01 3.380000e+01
    endloop
  endfacet
  facet normal 8.509450e-01 5.252543e-01 7.533811e-04
    outer loop
      vertex   8.173931e+01 8.505763e+01 3.380000e+01
      vertex   8.177665e+01 8.500000e+01 3.180000e+01
      vertex   8.165704e+01 8.519378e+01 3.180000e+01
    endloop
  endfacet
  facet normal 8.607418e-01 5.090413e-01 -7.533811e-04
    outer loop
      vertex   8.173931e+01 8.505763e+01 3.380000e+01
      vertex   8.165704e+01 8.519378e+01 3.180000e+01
      vertex   8.162339e+01 8.525364e+01 3.380000e+01
    endloop
  endfacet
  facet normal 8.822468e-01 4.707866e-01 7.533811e-04
    outer loop
      vertex   8.162339e+01 8.525364e+01 3.380000e+01
      vertex   8.165704e+01 8.519378e+01 3.180000e+01
      vertex   8.154983e+01 8.539470e+01 3.180000e+01
    endloop
  endfacet
  facet normal 8.910063e-01 4.539904e-01 -7.533811e-04
    outer loop
      vertex   8.162339e+01 8.525364e+01 3.380000e+01
      vertex   8.154983e+01 8.539470e+01 3.180000e+01
      vertex   8.152000e+01 8.545655e+01 3.380000e+01
    endloop
  endfacet
  facet normal 9.100668e-01 4.144609e-01 7.533811e-04
    outer loop
      vertex   8.152000e+01 8.545655e+01 3.380000e+01
      vertex   8.154983e+01 8.539470e+01 3.180000e+01
      vertex   8.145544e+01 8.560194e+01 3.180000e+01
    endloop
  endfacet
  facet normal 9.177544e-01 3.971478e-01 -7.533811e-04
    outer loop
      vertex   8.152000e+01 8.545655e+01 3.380000e+01
      vertex   8.145544e+01 8.560194e+01 3.180000e+01
      vertex   8.142956e+01 8.566555e+01 3.380000e+01
    endloop
  endfacet
  facet normal 9.342952e-01 3.564995e-01 7.533811e-04
    outer loop
      vertex   8.142956e+01 8.566555e+01 3.380000e+01
      vertex   8.145544e+01 8.560194e+01 3.180000e+01
      vertex   8.137426e+01 8.581471e+01 3.180000e+01
    endloop
  endfacet
  facet normal 9.408805e-01 3.387378e-01 -7.533811e-04
    outer loop
      vertex   8.142956e+01 8.566555e+01 3.380000e+01
      vertex   8.137426e+01 8.581471e+01 3.180000e+01
      vertex   8.135242e+01 8.587981e+01 3.380000e+01
    endloop
  endfacet
  facet normal 9.548364e-01 2.971311e-01 7.533811e-04
    outer loop
      vertex   8.135242e+01 8.587981e+01 3.380000e+01
      vertex   8.137426e+01 8.581471e+01 3.180000e+01
      vertex   8.130659e+01 8.603215e+01 3.180000e+01
    endloop
  endfacet
  facet normal 9.602934e-01 2.789910e-01 -7.533811e-04
    outer loop
      vertex   8.135242e+01 8.587981e+01 3.380000e+01
      vertex   8.130659e+01 8.603215e+01 3.180000e+01
      vertex   8.128889e+01 8.609850e+01 3.380000e+01
    endloop
  endfacet
  facet normal 9.716093e-01 2.365901e-01 7.533811e-04
    outer loop
      vertex   8.128889e+01 8.609850e+01 3.380000e+01
      vertex   8.130659e+01 8.603215e+01 3.180000e+01
      vertex   8.125271e+01 8.625342e+01 3.180000e+01
    endloop
  endfacet
  facet normal 9.759165e-01 2.181432e-01 -7.533811e-04
    outer loop
      vertex   8.128889e+01 8.609850e+01 3.380000e+01
      vertex   8.125271e+01 8.625342e+01 3.180000e+01
      vertex   8.123921e+01 8.632074e+01 3.380000e+01
    endloop
  endfacet
  facet normal 9.845476e-01 1.751154e-01 7.533811e-04
    outer loop
      vertex   8.123921e+01 8.632074e+01 3.380000e+01
      vertex   8.125271e+01 8.625342e+01 3.180000e+01
      vertex   8.121284e+01 8.647762e+01 3.180000e+01
    endloop
  endfacet
  facet normal 9.876881e-01 1.564344e-01 -7.533811e-04
    outer loop
      vertex   8.123921e+01 8.632074e+01 3.380000e+01
      vertex   8.121284e+01 8.647762e+01 3.180000e+01
      vertex   8.120358e+01 8.654567e+01 3.380000e+01
    endloop
  endfacet
  facet normal 9.936004e-01 1.129496e-01 7.533811e-04
    outer loop
      vertex   8.120358e+01 8.654567e+01 3.380000e+01
      vertex   8.121284e+01 8.647762e+01 3.180000e+01
      vertex   8.118711e+01 8.670389e+01 3.180000e+01
    endloop
  endfacet
  facet normal 9.955617e-01 9.410829e-02 -7.533811e-04
    outer loop
      vertex   8.120358e+01 8.654567e+01 3.380000e+01
      vertex   8.118711e+01 8.670389e+01 3.180000e+01
      vertex   8.118215e+01 8.677238e+01 3.380000e+01
    endloop
  endfacet
  facet normal 9.987320e-01 5.033802e-02 7.533811e-04
    outer loop
      vertex   8.118215e+01 8.677238e+01 3.380000e+01
      vertex   8.118711e+01 8.670389e+01 3.180000e+01
      vertex   8.117565e+01 8.693133e+01 3.180000e+01
    endloop
  endfacet
  facet normal 9.985827e-01 5.322217e-02 0.000000e+00
    outer loop
      vertex   9.005708e+01 8.686713e+01 3.380000e+01
      vertex   9.005708e+01 8.686713e+01 3.180000e+01
      vertex   9.005000e+01 8.700000e+01 3.380000e+01
    endloop
  endfacet
  facet normal 9.985827e-01 5.322217e-02 0.000000e+00
    outer loop
      vertex   9.005000e+01 8.700000e+01 3.380000e+01
      vertex   9.005708e+01 8.686713e+01 3.180000e+01
      vertex   9.005000e+01 8.700000e+01 3.180000e+01
    endloop
  endfacet
  facet normal 9.985827e-01 -5.322217e-02 0.000000e+00
    outer loop
      vertex   9.005000e+01 8.700000e+01 3.380000e+01
      vertex   9.005000e+01 8.700000e+01 3.180000e+01
      vertex   9.005708e+01 8.713287e+01 3.380000e+01
    endloop
  endfacet
  facet normal 9.985827e-01 -5.322217e-02 0.000000e+00
    outer loop
      vertex   9.005708e+01 8.713287e+01 3.380000e+01
      vertex   9.005000e+01 8.700000e+01 3.180000e+01
      vertex   9.005708e+01 8.713287e+01 3.180000e+01
    endloop
  endfacet
  facet normal 9.872684e-01 -1.590635e-01 0.000000e+00
    outer loop
      vertex   9.005708e+01 8.713287e+01 3.380000e+01
      vertex   9.005708e+01 8.713287e+01 3.180000e+01
      vertex   9.007825e+01 8.726423e+01 3.380000e+01
    endloop
  endfacet
  facet normal 9.872684e-01 -1.590635e-01 0.000000e+00
    outer loop
      vertex   9.007825e+01 8.726423e+01 3.380000e+01
      vertex   9.005708e+01 8.713287e+01 3.180000e+01
      vertex   9.007825e+01 8.726423e+01 3.180000e+01
    endloop
  endfacet
  facet normal 9.647679e-01 -2.631026e-01 0.000000e+00
    outer loop
      vertex   9.007825e+01 8.726423e+01 3.380000e+01
      vertex   9.007825e+01 8.726423e+01 3.180000e+01
      vertex   9.011325e+01 8.739260e+01 3.380000e+01
    endloop
  endfacet
  facet normal 9.647679e-01 -2.631026e-01 0.000000e+00
    outer loop
      vertex   9.011325e+01 8.739260e+01 3.380000e+01
      vertex   9.007825e+01 8.726423e+01 3.180000e+01
      vertex   9.011325e+01 8.739260e+01 3.180000e+01
    endloop
  endfacet
  facet normal 9.313362e-01 -3.641606e-01 0.000000e+00
    outer loop
      vertex   9.011325e+01 8.739260e+01 3.380000e+01
      vertex   9.011325e+01 8.739260e+01 3.180000e+01
      vertex   9.016171e+01 8.751652e+01 3.380000e+01
    endloop
  endfacet
  facet normal 9.313362e-01 -3.641606e-01 0.000000e+00
    outer loop
      vertex   9.016171e+01 8.751652e+01 3.380000e+01
      vertex   9.011325e+01 8.739260e+01 3.180000e+01
      vertex   9.016171e+01 8.751652e+01 3.180000e+01
    endloop
  endfacet
  facet normal 8.873521e-01 -4.610925e-01 0.000000e+00
    outer loop
      vertex   9.016171e+01 8.751652e+01 3.380000e+01
      vertex   9.016171e+01 8.751652e+01 3.180000e+01
      vertex   9.022306e+01 8.763458e+01 3.380000e+01
    endloop
  endfacet
  facet normal 8.873521e-01 -4.610925e-01 0.000000e+00
    outer loop
      vertex   9.022306e+01 8.763458e+01 3.380000e+01
      vertex   9.016171e+01 8.751652e+01 3.180000e+01
      vertex   9.022306e+01 8.763458e+01 3.180000e+01
    endloop
  endfacet
  facet normal 8.333139e-01 -5.528001e-01 0.000000e+00
    outer loop
      vertex   9.022306e+01 8.763458e+01 3.380000e+01
      vertex   9.022306e+01 8.763458e+01 3.180000e+01
      vertex   9.029661e+01 8.774546e+01 3.380000e+01
    endloop
  endfacet
  facet normal 8.333139e-01 -5.528001e-01 0.000000e+00
    outer loop
      vertex   9.029661e+01 8.774546e+01 3.380000e+01
      vertex   9.022306e+01 8.763458e+01 3.180000e+01
      vertex   9.029661e+01 8.774546e+01 3.180000e+01
    endloop
  endfacet
  facet normal 7.698340e-01 -6.382442e-01 0.000000e+00
    outer loop
      vertex   9.029661e+01 8.774546e+01 3.380000e+01
      vertex   9.029661e+01 8.774546e+01 3.180000e+01
      vertex   9.038153e+01 8.784789e+01 3.380000e+01
    endloop
  endfacet
  facet normal 7.698340e-01 -6.382442e-01 0.000000e+00
    outer loop
      vertex   9.038153e+01 8.784789e+01 3.380000e+01
      vertex   9.029661e+01 8.774546e+01 3.180000e+01
      vertex   9.038153e+01 8.784789e+01 3.180000e+01
    endloop
  endfacet
  facet normal 6.976315e-01 -7.164567e-01 0.000000e+00
    outer loop
      vertex   9.038153e+01 8.784789e+01 3.380000e+01
      vertex   9.038153e+01 8.784789e+01 3.180000e+01
      vertex   9.047686e+01 8.794071e+01 3.380000e+01
    endloop
  endfacet
  facet normal 6.976315e-01 -7.164567e-01 0.000000e+00
    outer loop
      vertex   9.047686e+01 8.794071e+01 3.380000e+01
      vertex   9.038153e+01 8.784789e+01 3.180000e+01
      vertex   9.047686e+01 8.794071e+01 3.180000e+01
    endloop
  endfacet
  facet normal 6.175246e-01 -7.865516e-01 0.000000e+00
    outer loop
      vertex   9.047686e+01 8.794071e+01 3.380000e+01
      vertex   9.047686e+01 8.794071e+01 3.180000e+01
      vertex   9.058152e+01 8.802288e+01 3.380000e+01
    endloop
  endfacet
  facet normal 6.175246e-01 -7.865516e-01 0.000000e+00
    outer loop
      vertex   9.058152e+01 8.802288e+01 3.380000e+01
      vertex   9.047686e+01 8.794071e+01 3.180000e+01
      vertex   9.058152e+01 8.802288e+01 3.180000e+01
    endloop
  endfacet
  facet normal 5.304209e-01 -8.477344e-01 0.000000e+00
    outer loop
      vertex   9.058152e+01 8.802288e+01 3.380000e+01
      vertex   9.058152e+01 8.802288e+01 3.180000e+01
      vertex   9.069431e+01 8.809345e+01 3.380000e+01
    endloop
  endfacet
  facet normal 5.304209e-01 -8.477344e-01 0.000000e+00
    outer loop
      vertex   9.069431e+01 8.809345e+01 3.380000e+01
      vertex   9.058152e+01 8.802288e+01 3.180000e+01
      vertex   9.069431e+01 8.809345e+01 3.180000e+01
    endloop
  endfacet
  facet normal 4.373073e-01 -8.993121e-01 0.000000e+00
    outer loop
      vertex   9.069431e+01 8.809345e+01 3.380000e+01
      vertex   9.069431e+01 8.809345e+01 3.180000e+01
      vertex   9.081397e+01 8.815164e+01 3.380000e+01
    endloop
  endfacet
  facet normal 4.373073e-01 -8.993121e-01 0.000000e+00
    outer loop
      vertex   9.081397e+01 8.815164e+01 3.380000e+01
      vertex   9.069431e+01 8.809345e+01 3.180000e+01
      vertex   9.081397e+01 8.815164e+01 3.180000e+01
    endloop
  endfacet
  facet normal 3.392389e-01 -9.407003e-01 0.000000e+00
    outer loop
      vertex   9.081397e+01 8.815164e+01 3.380000e+01
      vertex   9.081397e+01 8.815164e+01 3.180000e+01
      vertex   9.093914e+01 8.819678e+01 3.380000e+01
    endloop
  endfacet
  facet normal 3.392389e-01 -9.407003e-01 0.000000e+00
    outer loop
      vertex   9.093914e+01 8.819678e+01 3.380000e+01
      vertex   9.081397e+01 8.815164e+01 3.180000e+01
      vertex   9.093914e+01 8.819678e+01 3.180000e+01
    endloop
  endfacet
  facet normal 2.373267e-01 -9.714299e-01 0.000000e+00
    outer loop
      vertex   9.093914e+01 8.819678e+01 3.380000e+01
      vertex   9.093914e+01 8.819678e+01 3.180000e+01
      vertex   9.106839e+01 8.822836e+01 3.380000e+01
    endloop
  endfacet
  facet normal 2.373267e-01 -9.714299e-01 0.000000e+00
    outer loop
      vertex   9.106839e+01 8.822836e+01 3.380000e+01
      vertex   9.093914e+01 8.819678e+01 3.180000e+01
      vertex   9.106839e+01 8.822836e+01 3.180000e+01
    endloop
  endfacet
  facet normal 1.327255e-01 -9.911528e-01 0.000000e+00
    outer loop
      vertex   9.106839e+01 8.822836e+01 3.380000e+01
      vertex   9.106839e+01 8.822836e+01 3.180000e+01
      vertex   9.120027e+01 8.824602e+01 3.380000e+01
    endloop
  endfacet
  facet normal 1.327255e-01 -9.911528e-01 0.000000e+00
    outer loop
      vertex   9.120027e+01 8.824602e+01 3.380000e+01
      vertex   9.106839e+01 8.822836e+01 3.180000e+01
      vertex   9.120027e+01 8.824602e+01 3.180000e+01
    endloop
  endfacet
  facet normal 2.662052e-02 -9.996456e-01 0.000000e+00
    outer loop
      vertex   9.120027e+01 8.824602e+01 3.380000e+01
      vertex   9.120027e+01 8.824602e+01 3.180000e+01
      vertex   9.133328e+01 8.824956e+01 3.380000e+01
    endloop
  endfacet
  facet normal 2.662052e-02 -9.996456e-01 0.000000e+00
    outer loop
      vertex   9.133328e+01 8.824956e+01 3.380000e+01
      vertex   9.120027e+01 8.824602e+01 3.180000e+01
      vertex   9.133328e+01 8.824956e+01 3.180000e+01
    endloop
  endfacet
  facet normal -7.978611e-02 -9.968120e-01 -0.000000e+00
    outer loop
      vertex   9.133328e+01 8.824956e+01 3.380000e+01
      vertex   9.133328e+01 8.824956e+01 3.180000e+01
      vertex   9.146591e+01 8.823894e+01 3.380000e+01
    endloop
  endfacet
  facet normal -7.978611e-02 -9.968120e-01 -0.000000e+00
    outer loop
      vertex   9.146591e+01 8.823894e+01 3.380000e+01
      vertex   9.133328e+01 8.824956e+01 3.180000e+01
      vertex   9.146591e+01 8.823894e+01 3.180000e+01
    endloop
  endfacet
  facet normal -1.852887e-01 -9.826841e-01 -0.000000e+00
    outer loop
      vertex   9.146591e+01 8.823894e+01 3.380000e+01
      vertex   9.146591e+01 8.823894e+01 3.180000e+01
      vertex   9.159666e+01 8.821429e+01 3.380000e+01
    endloop
  endfacet
  facet normal -1.852887e-01 -9.826841e-01 -0.000000e+00
    outer loop
      vertex   9.159666e+01 8.821429e+01 3.380000e+01
      vertex   9.146591e+01 8.823894e+01 3.180000e+01
      vertex   9.159666e+01 8.821429e+01 3.180000e+01
    endloop
  endfacet
  facet normal -2.886919e-01 -9.574220e-01 -0.000000e+00
    outer loop
      vertex   9.159666e+01 8.821429e+01 3.380000e+01
      vertex   9.159666e+01 8.821429e+01 3.180000e+01
      vertex   9.172405e+01 8.817588e+01 3.380000e+01
    endloop
  endfacet
  facet normal -2.886919e-01 -9.574220e-01 -0.000000e+00
    outer loop
      vertex   9.172405e+01 8.817588e+01 3.380000e+01
      vertex   9.159666e+01 8.821429e+01 3.180000e+01
      vertex   9.172405e+01 8.817588e+01 3.180000e+01
    endloop
  endfacet
  facet normal -3.888242e-01 -9.213120e-01 -0.000000e+00
    outer loop
      vertex   9.172405e+01 8.817588e+01 3.380000e+01
      vertex   9.172405e+01 8.817588e+01 3.180000e+01
      vertex   9.184663e+01 8.812414e+01 3.380000e+01
    endloop
  endfacet
  facet normal -3.888242e-01 -9.213120e-01 -0.000000e+00
    outer loop
      vertex   9.184663e+01 8.812414e+01 3.380000e+01
      vertex   9.172405e+01 8.817588e+01 3.180000e+01
      vertex   9.184663e+01 8.812414e+01 3.180000e+01
    endloop
  endfacet
  facet normal -4.845509e-01 -8.747631e-01 -0.000000e+00
    outer loop
      vertex   9.184663e+01 8.812414e+01 3.380000e+01
      vertex   9.184663e+01 8.812414e+01 3.180000e+01
      vertex   9.196303e+01 8.805967e+01 3.380000e+01
    endloop
  endfacet
  facet normal -4.845509e-01 -8.747631e-01 -0.000000e+00
    outer loop
      vertex   9.196303e+01 8.805967e+01 3.380000e+01
      vertex   9.184663e+01 8.812414e+01 3.180000e+01
      vertex   9.196303e+01 8.805967e+01 3.180000e+01
    endloop
  endfacet
  facet normal -5.747874e-01 -8.183028e-01 -0.000000e+00
    outer loop
      vertex   9.196303e+01 8.805967e+01 3.380000e+01
      vertex   9.196303e+01 8.805967e+01 3.180000e+01
      vertex   9.207191e+01 8.798319e+01 3.380000e+01
    endloop
  endfacet
  facet normal -5.747874e-01 -8.183028e-01 -0.000000e+00
    outer loop
      vertex   9.207191e+01 8.798319e+01 3.380000e+01
      vertex   9.196303e+01 8.805967e+01 3.180000e+01
      vertex   9.207191e+01 8.798319e+01 3.180000e+01
    endloop
  endfacet
  facet normal -6.585114e-01 -7.525708e-01 -0.000000e+00
    outer loop
      vertex   9.207191e+01 8.798319e+01 3.380000e+01
      vertex   9.207191e+01 8.798319e+01 3.180000e+01
      vertex   9.217204e+01 8.789557e+01 3.380000e+01
    endloop
  endfacet
  facet normal -6.585114e-01 -7.525708e-01 -0.000000e+00
    outer loop
      vertex   9.217204e+01 8.789557e+01 3.380000e+01
      vertex   9.207191e+01 8.798319e+01 3.180000e+01
      vertex   9.217204e+01 8.789557e+01 3.180000e+01
    endloop
  endfacet
  facet normal -7.347742e-01 -6.783118e-01 -0.000000e+00
    outer loop
      vertex   9.217204e+01 8.789557e+01 3.380000e+01
      vertex   9.217204e+01 8.789557e+01 3.180000e+01
      vertex   9.226229e+01 8.779781e+01 3.380000e+01
    endloop
  endfacet
  facet normal -7.347742e-01 -6.783118e-01 -0.000000e+00
    outer loop
      vertex   9.226229e+01 8.779781e+01 3.380000e+01
      vertex   9.217204e+01 8.789557e+01 3.180000e+01
      vertex   9.226229e+01 8.779781e+01 3.180000e+01
    endloop
  endfacet
  facet normal -8.027116e-01 -5.963674e-01 -0.000000e+00
    outer loop
      vertex   9.226229e+01 8.779781e+01 3.380000e+01
      vertex   9.226229e+01 8.779781e+01 3.180000e+01
      vertex   9.234164e+01 8.769100e+01 3.380000e+01
    endloop
  endfacet
  facet normal -8.027116e-01 -5.963674e-01 -0.000000e+00
    outer loop
      vertex   9.234164e+01 8.769100e+01 3.380000e+01
      vertex   9.226229e+01 8.779781e+01 3.180000e+01
      vertex   9.234164e+01 8.769100e+01 3.180000e+01
    endloop
  endfacet
  facet normal -8.615541e-01 -5.076658e-01 -0.000000e+00
    outer loop
      vertex   9.234164e+01 8.769100e+01 3.380000e+01
      vertex   9.234164e+01 8.769100e+01 3.180000e+01
      vertex   9.240919e+01 8.757637e+01 3.380000e+01
    endloop
  endfacet
  facet normal -8.615541e-01 -5.076658e-01 -0.000000e+00
    outer loop
      vertex   9.240919e+01 8.757637e+01 3.380000e+01
      vertex   9.234164e+01 8.769100e+01 3.180000e+01
      vertex   9.240919e+01 8.757637e+01 3.180000e+01
    endloop
  endfacet
  facet normal -9.106348e-01 -4.132122e-01 -0.000000e+00
    outer loop
      vertex   9.240919e+01 8.757637e+01 3.380000e+01
      vertex   9.240919e+01 8.757637e+01 3.180000e+01
      vertex   9.246417e+01 8.745520e+01 3.380000e+01
    endloop
  endfacet
  facet normal -9.106348e-01 -4.132122e-01 -0.000000e+00
    outer loop
      vertex   9.246417e+01 8.745520e+01 3.380000e+01
      vertex   9.240919e+01 8.757637e+01 3.180000e+01
      vertex   9.246417e+01 8.745520e+01 3.180000e+01
    endloop
  endfacet
  facet normal -9.493976e-01 -3.140767e-01 -0.000000e+00
    outer loop
      vertex   9.246417e+01 8.745520e+01 3.380000e+01
      vertex   9.246417e+01 8.745520e+01 3.180000e+01
      vertex   9.250596e+01 8.732888e+01 3.380000e+01
    endloop
  endfacet
  facet normal -9.493976e-01 -3.140767e-01 -0.000000e+00
    outer loop
      vertex   9.250596e+01 8.732888e+01 3.380000e+01
      vertex   9.246417e+01 8.745520e+01 3.180000e+01
      vertex   9.250596e+01 8.732888e+01 3.180000e+01
    endloop
  endfacet
  facet normal -9.774034e-01 -2.113826e-01 -0.000000e+00
    outer loop
      vertex   9.250596e+01 8.732888e+01 3.380000e+01
      vertex   9.250596e+01 8.732888e+01 3.180000e+01
      vertex   9.253409e+01 8.719883e+01 3.380000e+01
    endloop
  endfacet
  facet normal -9.774034e-01 -2.113826e-01 -0.000000e+00
    outer loop
      vertex   9.253409e+01 8.719883e+01 3.380000e+01
      vertex   9.250596e+01 8.732888e+01 3.180000e+01
      vertex   9.253409e+01 8.719883e+01 3.180000e+01
    endloop
  endfacet
  facet normal -9.943348e-01 -1.062935e-01 -0.000000e+00
    outer loop
      vertex   9.253409e+01 8.719883e+01 3.380000e+01
      vertex   9.253409e+01 8.719883e+01 3.180000e+01
      vertex   9.254823e+01 8.706653e+01 3.380000e+01
    endloop
  endfacet
  facet normal -9.943348e-01 -1.062935e-01 -0.000000e+00
    outer loop
      vertex   9.254823e+01 8.706653e+01 3.380000e+01
      vertex   9.253409e+01 8.719883e+01 3.180000e+01
      vertex   9.254823e+01 8.706653e+01 3.180000e+01
    endloop
  endfacet
  facet normal -1.000000e+00 -0.000000e+00 -0.000000e+00
    outer loop
      vertex   9.254823e+01 8.706653e+01 3.380000e+01
      vertex   9.254823e+01 8.706653e+01 3.180000e+01
      vertex   9.254823e+01 8.693347e+01 3.380000e+01
    endloop
  endfacet
  facet normal -1.000000e+00 0.000000e+00 0.000000e+00
    outer loop
      vertex   9.254823e+01 8.693347e+01 3.380000e+01
      vertex   9.254823e+01 8.706653e+01 3.180000e+01
      vertex   9.254823e+01 8.693347e+01 3.180000e+01
    endloop
  endfacet
  facet normal -9.943348e-01 1.062935e-01 0.000000e+00
    outer loop
      vertex   9.254823e+01 8.693347e+01 3.380000e+01
      vertex   9.254823e+01 8.693347e+01 3.180000e+01
      vertex   9.253409e+01 8.680117e+01 3.380000e+01
    endloop
  endfacet
  facet normal -9.943348e-01 1.062935e-01 0.000000e+00
    outer loop
      vertex   9.253409e+01 8.680117e+01 3.380000e+01
      vertex   9.254823e+01 8.693347e+01 3.180000e+01
      vertex   9.253409e+01 8.680117e+01 3.180000e+01
    endloop
  endfacet
  facet normal -9.774034e-01 2.113826e-01 0.000000e+00
    outer loop
      vertex   9.253409e+01 8.680117e+01 3.380000e+01
      vertex   9.253409e+01 8.680117e+01 3.180000e+01
      vertex   9.250596e+01 8.667112e+01 3.380000e+01
    endloop
  endfacet
  facet normal -9.774034e-01 2.113826e-01 0.000000e+00
    outer loop
      vertex   9.250596e+01 8.667112e+01 3.380000e+01
      vertex   9.253409e+01 8.680117e+01 3.180000e+01
      vertex   9.250596e+01 8.667112e+01 3.180000e+01
    endloop
  endfacet
  facet normal -9.493976e-01 3.140767e-01 0.000000e+00
    outer loop
      vertex   9.250596e+01 8.667112e+01 3.380000e+01
      vertex   9.250596e+01 8.667112e+01 3.180000e+01
      vertex   9.246417e+01 8.654480e+01 3.380000e+01
    endloop
  endfacet
  facet normal -9.493976e-01 3.140767e-01 0.000000e+00
    outer loop
      vertex   9.246417e+01 8.654480e+01 3.380000e+01
      vertex   9.250596e+01 8.667112e+01 3.180000e+01
      vertex   9.246417e+01 8.654480e+01 3.180000e+01
    endloop
  endfacet
  facet normal -9.106348e-01 4.132122e-01 0.000000e+00
    outer loop
      vertex   9.246417e+01 8.654480e+01 3.380000e+01
      vertex   9.246417e+01 8.654480e+01 3.180000e+01
      vertex   9.240919e+01 8.642363e+01 3.380000e+01
    endloop
  endfacet
  facet normal -9.106348e-01 4.132122e-01 0.000000e+00
    outer loop
      vertex   9.240919e+01 8.642363e+01 3.380000e+01
      vertex   9.246417e+01 8.654480e+01 3.180000e+01
      vertex   9.240919e+01 8.642363e+01 3.180000e+01
    endloop
  endfacet
  facet normal -8.615541e-01 5.076658e-01 0.000000e+00
    outer loop
      vertex   9.240919e+01 8.642363e+01 3.380000e+01
      vertex   9.240919e+01 8.642363e+01 3.180000e+01
      vertex   9.234164e+01 8.630900e+01 3.380000e+01
    endloop
  endfacet
  facet normal -8.615541e-01 5.076658e-01 0.000000e+00
    outer loop
      vertex   9.234164e+01 8.630900e+01 3.380000e+01
      vertex   9.240919e+01 8.642363e+01 3.180000e+01
      vertex   9.234164e+01 8.630900e+01 3.180000e+01
    endloop
  endfacet
  facet normal -8.027116e-01 5.963674e-01 0.000000e+00
    outer loop
      vertex   9.234164e+01 8.630900e+01 3.380000e+01
      vertex   9.234164e+01 8.630900e+01 3.180000e+01
      vertex   9.226229e+01 8.620219e+01 3.380000e+01
    endloop
  endfacet
  facet normal -8.027116e-01 5.963674e-01 0.000000e+00
    outer loop
      vertex   9.226229e+01 8.620219e+01 3.380000e+01
      vertex   9.234164e+01 8.630900e+01 3.180000e+01
      vertex   9.226229e+01 8.620219e+01 3.180000e+01
    endloop
  endfacet
  facet normal -7.347742e-01 6.783118e-01 0.000000e+00
    outer loop
      vertex   9.226229e+01 8.620219e+01 3.380000e+01
      vertex   9.226229e+01 8.620219e+01 3.180000e+01
      vertex   9.217204e+01 8.610443e+01 3.380000e+01
    endloop
  endfacet
  facet normal -7.347742e-01 6.783118e-01 0.000000e+00
    outer loop
      vertex   9.217204e+01 8.610443e+01 3.380000e+01
      vertex   9.226229e+01 8.620219e+01 3.180000e+01
      vertex   9.217204e+01 8.610443e+01 3.180000e+01
    endloop
  endfacet
  facet normal -6.585114e-01 7.525708e-01 0.000000e+00
    outer loop
      vertex   9.217204e+01 8.610443e+01 3.380000e+01
      vertex   9.217204e+01 8.610443e+01 3.180000e+01
      vertex   9.207191e+01 8.601681e+01 3.380000e+01
    endloop
  endfacet
  facet normal -6.585114e-01 7.525708e-01 0.000000e+00
    outer loop
      vertex   9.207191e+01 8.601681e+01 3.380000e+01
      vertex   9.217204e+01 8.610443e+01 3.180000e+01
      vertex   9.207191e+01 8.601681e+01 3.180000e+01
    endloop
  endfacet
  facet normal -5.747874e-01 8.183028e-01 0.000000e+00
    outer loop
      vertex   9.207191e+01 8.601681e+01 3.380000e+01
      vertex   9.207191e+01 8.601681e+01 3.180000e+01
      vertex   9.196303e+01 8.594033e+01 3.380000e+01
    endloop
  endfacet
  facet normal -5.747874e-01 8.183028e-01 0.000000e+00
    outer loop
      vertex   9.196303e+01 8.594033e+01 3.380000e+01
      vertex   9.207191e+01 8.601681e+01 3.180000e+01
      vertex   9.196303e+01 8.594033e+01 3.180000e+01
    endloop
  endfacet
  facet normal -4.845509e-01 8.747631e-01 0.000000e+00
    outer loop
      vertex   9.196303e+01 8.594033e+01 3.380000e+01
      vertex   9.196303e+01 8.594033e+01 3.180000e+01
      vertex   9.184663e+01 8.587586e+01 3.380000e+01
    endloop
  endfacet
  facet normal -4.845509e-01 8.747631e-01 0.000000e+00
    outer loop
      vertex   9.184663e+01 8.587586e+01 3.380000e+01
      vertex   9.196303e+01 8.594033e+01 3.180000e+01
      vertex   9.184663e+01 8.587586e+01 3.180000e+01
    endloop
  endfacet
  facet normal -3.888242e-01 9.213120e-01 0.000000e+00
    outer loop
      vertex   9.184663e+01 8.587586e+01 3.380000e+01
      vertex   9.184663e+01 8.587586e+01 3.180000e+01
      vertex   9.172405e+01 8.582412e+01 3.380000e+01
    endloop
  endfacet
  facet normal -3.888242e-01 9.213120e-01 0.000000e+00
    outer loop
      vertex   9.172405e+01 8.582412e+01 3.380000e+01
      vertex   9.184663e+01 8.587586e+01 3.180000e+01
      vertex   9.172405e+01 8.582412e+01 3.180000e+01
    endloop
  endfacet
  facet normal -2.886919e-01 9.574220e-01 0.000000e+00
    outer loop
      vertex   9.172405e+01 8.582412e+01 3.380000e+01
      vertex   9.172405e+01 8.582412e+01 3.180000e+01
      vertex   9.159666e+01 8.578571e+01 3.380000e+01
    endloop
  endfacet
  facet normal -2.886919e-01 9.574220e-01 0.000000e+00
    outer loop
      vertex   9.159666e+01 8.578571e+01 3.380000e+01
      vertex   9.172405e+01 8.582412e+01 3.180000e+01
      vertex   9.159666e+01 8.578571e+01 3.180000e+01
    endloop
  endfacet
  facet normal -1.852887e-01 9.826841e-01 0.000000e+00
    outer loop
      vertex   9.159666e+01 8.578571e+01 3.380000e+01
      vertex   9.159666e+01 8.578571e+01 3.180000e+01
      vertex   9.146591e+01 8.576106e+01 3.380000e+01
    endloop
  endfacet
  facet normal -1.852887e-01 9.826841e-01 0.000000e+00
    outer loop
      vertex   9.146591e+01 8.576106e+01 3.380000e+01
      vertex   9.159666e+01 8.578571e+01 3.180000e+01
      vertex   9.146591e+01 8.576106e+01 3.180000e+01
    endloop
  endfacet
  facet normal -7.978611e-02 9.968120e-01 0.000000e+00
    outer loop
      vertex   9.146591e+01 8.576106e+01 3.380000e+01
      vertex   9.146591e+01 8.576106e+01 3.180000e+01
      vertex   9.133328e+01 8.575044e+01 3.380000e+01
    endloop
  endfacet
  facet normal -7.978611e-02 9.968120e-01 0.000000e+00
    outer loop
      vertex   9.133328e+01 8.575044e+01 3.380000e+01
      vertex   9.146591e+01 8.576106e+01 3.180000e+01
      vertex   9.133328e+01 8.575044e+01 3.180000e+01
    endloop
  endfacet
  facet normal 2.662052e-02 9.996456e-01 0.000000e+00
    outer loop
      vertex   9.133328e+01 8.575044e+01 3.380000e+01
      vertex   9.133328e+01 8.575044e+01 3.180000e+01
      vertex   9.120027e+01 8.575398e+01 3.380000e+01
    endloop
  endfacet
  facet normal 2.662052e-02 9.996456e-01 0.000000e+00
    outer loop
      vertex   9.120027e+01 8.575398e+01 3.380000e+01
      vertex   9.133328e+01 8.575044e+01 3.180000e+01
      vertex   9.120027e+01 8.575398e+01 3.180000e+01
    endloop
  endfacet
  facet normal 1.327255e-01 9.911528e-01 0.000000e+00
    outer loop
      vertex   9.120027e+01 8.575398e+01 3.380000e+01
      vertex   9.120027e+01 8.575398e+01 3.180000e+01
      vertex   9.106839e+01 8.577164e+01 3.380000e+01
    endloop
  endfacet
  facet normal 1.327255e-01 9.911528e-01 0.000000e+00
    outer loop
      vertex   9.106839e+01 8.577164e+01 3.380000e+01
      vertex   9.120027e+01 8.575398e+01 3.180000e+01
      vertex   9.106839e+01 8.577164e+01 3.180000e+01
    endloop
  endfacet
  facet normal 2.373267e-01 9.714299e-01 0.000000e+00
    outer loop
      vertex   9.106839e+01 8.577164e+01 3.380000e+01
      vertex   9.106839e+01 8.577164e+01 3.180000e+01
      vertex   9.093914e+01 8.580322e+01 3.380000e+01
    endloop
  endfacet
  facet normal 2.373267e-01 9.714299e-01 0.000000e+00
    outer loop
      vertex   9.093914e+01 8.580322e+01 3.380000e+01
      vertex   9.106839e+01 8.577164e+01 3.180000e+01
      vertex   9.093914e+01 8.580322e+01 3.180000e+01
    endloop
  endfacet
  facet normal 3.392389e-01 9.407003e-01 0.000000e+00
    outer loop
      vertex   9.093914e+01 8.580322e+01 3.380000e+01
      vertex   9.093914e+01 8.580322e+01 3.180000e+01
      vertex   9.081397e+01 8.584836e+01 3.380000e+01
    endloop
  endfacet
  facet normal 3.392389e-01 9.407003e-01 0.000000e+00
    outer loop
      vertex   9.081397e+01 8.584836e+01 3.380000e+01
      vertex   9.093914e+01 8.580322e+01 3.180000e+01
      vertex   9.081397e+01 8.584836e+01 3.180000e+01
    endloop
  endfacet
  facet normal 4.373073e-01 8.993121e-01 0.000000e+00
    outer loop
      vertex   9.081397e+01 8.584836e+01 3.380000e+01
      vertex   9.081397e+01 8.584836e+01 3.180000e+01
      vertex   9.069431e+01 8.590655e+01 3.380000e+01
    endloop
  endfacet
  facet normal 4.373073e-01 8.993121e-01 0.000000e+00
    outer loop
      vertex   9.069431e+01 8.590655e+01 3.380000e+01
      vertex   9.081397e+01 8.584836e+01 3.180000e+01
      vertex   9.069431e+01 8.590655e+01 3.180000e+01
    endloop
  endfacet
  facet normal 5.304209e-01 8.477344e-01 0.000000e+00
    outer loop
      vertex   9.069431e+01 8.590655e+01 3.380000e+01
      vertex   9.069431e+01 8.590655e+01 3.180000e+01
      vertex   9.058152e+01 8.597712e+01 3.380000e+01
    endloop
  endfacet
  facet normal 5.304209e-01 8.477344e-01 0.000000e+00
    outer loop
      vertex   9.058152e+01 8.597712e+01 3.380000e+01
      vertex   9.069431e+01 8.590655e+01 3.180000e+01
      vertex   9.058152e+01 8.597712e+01 3.180000e+01
    endloop
  endfacet
  facet normal 6.175246e-01 7.865516e-01 0.000000e+00
    outer loop
      vertex   9.058152e+01 8.597712e+01 3.380000e+01
      vertex   9.058152e+01 8.597712e+01 3.180000e+01
      vertex   9.047686e+01 8.605929e+01 3.380000e+01
    endloop
  endfacet
  facet normal 6.175246e-01 7.865516e-01 0.000000e+00
    outer loop
      vertex   9.047686e+01 8.605929e+01 3.380000e+01
      vertex   9.058152e+01 8.597712e+01 3.180000e+01
      vertex   9.047686e+01 8.605929e+01 3.180000e+01
    endloop
  endfacet
  facet normal 6.976315e-01 7.164567e-01 0.000000e+00
    outer loop
      vertex   9.047686e+01 8.605929e+01 3.380000e+01
      vertex   9.047686e+01 8.605929e+01 3.180000e+01
      vertex   9.038153e+01 8.615211e+01 3.380000e+01
    endloop
  endfacet
  facet normal 6.976315e-01 7.164567e-01 0.000000e+00
    outer loop
      vertex   9.038153e+01 8.615211e+01 3.380000e+01
      vertex   9.047686e+01 8.605929e+01 3.180000e+01
      vertex   9.038153e+01 8.615211e+01 3.180000e+01
    endloop
  endfacet
  facet normal 7.698340e-01 6.382442e-01 0.000000e+00
    outer loop
      vertex   9.038153e+01 8.615211e+01 3.380000e+01
      vertex   9.038153e+01 8.615211e+01 3.180000e+01
      vertex   9.029661e+01 8.625454e+01 3.380000e+01
    endloop
  endfacet
  facet normal 7.698340e-01 6.382442e-01 0.000000e+00
    outer loop
      vertex   9.029661e+01 8.625454e+01 3.380000e+01
      vertex   9.038153e+01 8.615211e+01 3.180000e+01
      vertex   9.029661e+01 8.625454e+01 3.180000e+01
    endloop
  endfacet
  facet normal 8.333139e-01 5.528001e-01 0.000000e+00
    outer loop
      vertex   9.029661e+01 8.625454e+01 3.380000e+01
      vertex   9.029661e+01 8.625454e+01 3.180000e+01
      vertex   9.022306e+01 8.636542e+01 3.380000e+01
    endloop
  endfacet
  facet normal 8.333139e-01 5.528001e-01 0.000000e+00
    outer loop
      vertex   9.022306e+01 8.636542e+01 3.380000e+01
      vertex   9.029661e+01 8.625454e+01 3.180000e+01
      vertex   9.022306e+01 8.636542e+01 3.180000e+01
    endloop
  endfacet
  facet normal 8.873521e-01 4.610925e-01 0.000000e+00
    outer loop
      vertex   9.022306e+01 8.636542e+01 3.380000e+01
      vertex   9.022306e+01 8.636542e+01 3.180000e+01
      vertex   9.016171e+01 8.648348e+01 3.380000e+01
    endloop
  endfacet
  facet normal 8.873521e-01 4.610925e-01 0.000000e+00
    outer loop
      vertex   9.016171e+01 8.648348e+01 3.380000e+01
      vertex   9.022306e+01 8.636542e+01 3.180000e+01
      vertex   9.016171e+01 8.648348e+01 3.180000e+01
    endloop
  endfacet
  facet normal 9.313362e-01 3.641606e-01 0.000000e+00
    outer loop
      vertex   9.016171e+01 8.648348e+01 3.380000e+01
      vertex   9.016171e+01 8.648348e+01 3.180000e+01
      vertex   9.011325e+01 8.660740e+01 3.380000e+01
    endloop
  endfacet
  facet normal 9.313362e-01 3.641606e-01 0.000000e+00
    outer loop
      vertex   9.011325e+01 8.660740e+01 3.380000e+01
      vertex   9.016171e+01 8.648348e+01 3.180000e+01
      vertex   9.011325e+01 8.660740e+01 3.180000e+01
    endloop
  endfacet
  facet normal 9.647679e-01 2.631026e-01 0.000000e+00
    outer loop
      vertex   9.011325e+01 8.660740e+01 3.380000e+01
      vertex   9.011325e+01 8.660740e+01 3.180000e+01
      vertex   9.007825e+01 8.673577e+01 3.380000e+01
    endloop
  endfacet
  facet normal 9.647679e-01 2.631026e-01 0.000000e+00
    outer loop
      vertex   9.007825e+01 8.673577e+01 3.380000e+01
      vertex   9.011325e+01 8.660740e+01 3.180000e+01
      vertex   9.007825e+01 8.673577e+01 3.180000e+01
    endloop
  endfacet
  facet normal 9.872684e-01 1.590635e-01 0.000000e+00
    outer loop
      vertex   9.007825e+01 8.673577e+01 3.380000e+01
      vertex   9.007825e+01 8.673577e+01 3.180000e+01
      vertex   9.005708e+01 8.686713e+01 3.380000e+01
    endloop
  endfacet
  facet normal 9.872684e-01 1.590635e-01 0.000000e+00
    outer loop
      vertex   9.005708e+01 8.686713e+01 3.380000e+01
      vertex   9.007825e+01 8.673577e+01 3.180000e+01
      vertex   9.005708e+01 8.686713e+01 3.180000e+01
    endloop
  endfacet
  facet normal 9.985827e-01 5.322217e-02 0.000000e+00
    outer loop
      vertex   8.355708e+01 9.336713e+01 3.380000e+01
      vertex   8.355708e+01 9.336713e+01 3.180000e+01
      vertex   8.355000e+01 9.350000e+01 3.380000e+01
    endloop
  endfacet
  facet normal 9.985827e-01 5.322217e-02 0.000000e+00
    outer loop
      vertex   8.355000e+01 9.350000e+01 3.380000e+01
      vertex   8.355708e+01 9.336713e+01 3.180000e+01
      vertex   8.355000e+01 9.350000e+01 3.180000e+01
    endloop
  endfacet
  facet normal 9.985827e-01 -5.322217e-02 0.000000e+00
    outer loop
      vertex   8.355000e+01 9.350000e+01 3.380000e+01
      vertex   8.355000e+01 9.350000e+01 3.180000e+01
      vertex   8.355708e+01 9.363287e+01 3.380000e+01
    endloop
  endfacet
  facet normal 9.985827e-01 -5.322217e-02 0.000000e+00
    outer loop
      vertex   8.355708e+01 9.363287e+01 3.380000e+01
      vertex   8.355000e+01 9.350000e+01 3.180000e+01
      vertex   8.355708e+01 9.363287e+01 3.180000e+01
    endloop
  endfacet
  facet normal 9.872684e-01 -1.590635e-01 0.000000e+00
    outer loop
      vertex   8.355708e+01 9.363287e+01 3.380000e+01
      vertex   8.355708e+01 9.363287e+01 3.180000e+01
      vertex   8.357825e+01 9.376423e+01 3.380000e+01
    endloop
  endfacet
  facet normal 9.872684e-01 -1.590635e-01 0.000000e+00
    outer loop
      vertex   8.357825e+01 9.376423e+01 3.380000e+01
      vertex   8.355708e+01 9.363287e+01 3.180000e+01
      vertex   8.357825e+01 9.376423e+01 3.180000e+01
    endloop
  endfacet
  facet normal 9.647679e-01 -2.631026e-01 0.000000e+00
    outer loop
      vertex   8.357825e+01 9.376423e+01 3.380000e+01
      vertex   8.357825e+01 9.376423e+01 3.180000e+01
      vertex   8.361325e+01 9.389260e+01 3.380000e+01
    endloop
  endfacet
  facet normal 9.647679e-01 -2.631026e-01 0.000000e+00
    outer loop
      vertex   8.361325e+01 9.389260e+01 3.380000e+01
      vertex   8.357825e+01 9.376423e+01 3.180000e+01
      vertex   8.361325e+01 9.389260e+01 3.180000e+01
    endloop
  endfacet
  facet normal 9.313362e-01 -3.641606e-01 0.000000e+00
    outer loop
      vertex   8.361325e+01 9.389260e+01 3.380000e+01
      vertex   8.361325e+01 9.389260e+01 3.180000e+01
      vertex   8.366171e+01 9.401652e+01 3.380000e+01
    endloop
  endfacet
  facet normal 9.313362e-01 -3.641606e-01 0.000000e+00
    outer loop
      vertex   8.366171e+01 9.401652e+01 3.380000e+01
      vertex   8.361325e+01 9.389260e+01 3.180000e+01
      vertex   8.366171e+01 9.401652e+01 3.180000e+01
    endloop
  endfacet
  facet normal 8.873521e-01 -4.610925e-01 0.000000e+00
    outer loop
      vertex   8.366171e+01 9.401652e+01 3.380000e+01
      vertex   8.366171e+01 9.401652e+01 3.180000e+01
      vertex   8.372306e+01 9.413458e+01 3.380000e+01
    endloop
  endfacet
  facet normal 8.873521e-01 -4.610925e-01 0.000000e+00
    outer loop
      vertex   8.372306e+01 9.413458e+01 3.380000e+01
      vertex   8.366171e+01 9.401652e+01 3.180000e+01
      vertex   8.372306e+01 9.413458e+01 3.180000e+01
    endloop
  endfacet
  facet normal 8.333139e-01 -5.528001e-01 0.000000e+00
    outer loop
      vertex   8.372306e+01 9.413458e+01 3.380000e+01
      vertex   8.372306e+01 9.413458e+01 3.180000e+01
      vertex   8.379661e+01 9.424546e+01 3.380000e+01
    endloop
  endfacet
  facet normal 8.333139e-01 -5.528001e-01 0.000000e+00
    outer loop
      vertex   8.379661e+01 9.424546e+01 3.380000e+01
      vertex   8.372306e+01 9.413458e+01 3.180000e+01
      vertex   8.379661e+01 9.424546e+01 3.180000e+01
    endloop
  endfacet
  facet normal 7.698340e-01 -6.382442e-01 0.000000e+00
    outer loop
      vertex   8.379661e+01 9.424546e+01 3.380000e+01
      vertex   8.379661e+01 9.424546e+01 3.180000e+01
      vertex   8.388153e+01 9.434789e+01 3.380000e+01
    endloop
  endfacet
  facet normal 7.698340e-01 -6.382442e-01 0.000000e+00
    outer loop
      vertex   8.388153e+01 9.434789e+01 3.380000e+01
      vertex   8.379661e+01 9.424546e+01 3.180000e+01
      vertex   8.388153e+01 9.434789e+01 3.180000e+01
    endloop
  endfacet
  facet normal 6.976315e-01 -7.164567e-01 0.000000e+00
    outer loop
      vertex   8.388153e+01 9.434789e+01 3.380000e+01
      vertex   8.388153e+01 9.434789e+01 3.180000e+01
      vertex   8.397686e+01 9.444071e+01 3.380000e+01
    endloop
  endfacet
  facet normal 6.976315e-01 -7.164567e-01 0.000000e+00
    outer loop
      vertex   8.397686e+01 9.444071e+01 3.380000e+01
      vertex   8.388153e+01 9.434789e+01 3.180000e+01
      vertex   8.397686e+01 9.444071e+01 3.180000e+01
    endloop
  endfacet
  facet normal 6.175246e-01 -7.865516e-01 0.000000e+00
    outer loop
      vertex   8.397686e+01 9.444071e+01 3.380000e+01
      vertex   8.397686e+01 9.444071e+01 3.180000e+01
      vertex   8.408152e+01 9.452288e+01 3.380000e+01
    endloop
  endfacet
  facet normal 6.175246e-01 -7.865516e-01 0.000000e+00
    outer loop
      vertex   8.408152e+01 9.452288e+01 3.380000e+01
      vertex   8.397686e+01 9.444071e+01 3.180000e+01
      vertex   8.408152e+01 9.452288e+01 3.180000e+01
    endloop
  endfacet
  facet normal 5.304209e-01 -8.477344e-01 0.000000e+00
    outer loop
      vertex   8.408152e+01 9.452288e+01 3.380000e+01
      vertex   8.408152e+01 9.452288e+01 3.180000e+01
      vertex   8.419431e+01 9.459345e+01 3.380000e+01
    endloop
  endfacet
  facet normal 5.304209e-01 -8.477344e-01 0.000000e+00
    outer loop
      vertex   8.419431e+01 9.459345e+01 3.380000e+01
      vertex   8.408152e+01 9.452288e+01 3.180000e+01
      vertex   8.419431e+01 9.459345e+01 3.180000e+01
    endloop
  endfacet
  facet normal 4.373073e-01 -8.993121e-01 0.000000e+00
    outer loop
      vertex   8.419431e+01 9.459345e+01 3.380000e+01
      vertex   8.419431e+01 9.459345e+01 3.180000e+01
      vertex   8.431397e+01 9.465164e+01 3.380000e+01
    endloop
  endfacet
  facet normal 4.373073e-01 -8.993121e-01 0.000000e+00
    outer loop
      vertex   8.431397e+01 9.465164e+01 3.380000e+01
      vertex   8.419431e+01 9.459345e+01 3.180000e+01
      vertex   8.431397e+01 9.465164e+01 3.180000e+01
    endloop
  endfacet
  facet normal 3.392389e-01 -9.407003e-01 0.000000e+00
    outer loop
      vertex   8.431397e+01 9.465164e+01 3.380000e+01
      vertex   8.431397e+01 9.465164e+01 3.180000e+01
      vertex   8.443914e+01 9.469678e+01 3.380000e+01
    endloop
  endfacet
  facet normal 3.392389e-01 -9.407003e-01 0.000000e+00
    outer loop
      vertex   8.443914e+01 9.469678e+01 3.380000e+01
      vertex   8.431397e+01 9.465164e+01 3.180000e+01
      vertex   8.443914e+01 9.469678e+01 3.180000e+01
    endloop
  endfacet
  facet normal 2.373267e-01 -9.714299e-01 0.000000e+00
    outer loop
      vertex   8.443914e+01 9.469678e+01 3.380000e+01
      vertex   8.443914e+01 9.469678e+01 3.180000e+01
      vertex   8.456839e+01 9.472836e+01 3.380000e+01
    endloop
  endfacet
  facet normal 2.373267e-01 -9.714299e-01 0.000000e+00
    outer loop
      vertex   8.456839e+01 9.472836e+01 3.380000e+01
      vertex   8.443914e+01 9.469678e+01 3.180000e+01
      vertex   8.456839e+01 9.472836e+01 3.180000e+01
    endloop
  endfacet
  facet normal 1.327255e-01 -9.911528e-01 0.000000e+00
    outer loop
      vertex   8.456839e+01 9.472836e+01 3.380000e+01
      vertex   8.456839e+01 9.472836e+01 3.180000e+01
      vertex   8.470027e+01 9.474602e+01 3.380000e+01
    endloop
  endfacet
  facet normal 1.327255e-01 -9.911528e-01 0.000000e+00
    outer loop
      vertex   8.470027e+01 9.474602e+01 3.380000e+01
      vertex   8.456839e+01 9.472836e+01 3.180000e+01
      vertex   8.470027e+01 9.474602e+01 3.180000e+01
    endloop
  endfacet
  facet normal 2.662052e-02 -9.996456e-01 0.000000e+00
    outer loop
      vertex   8.470027e+01 9.474602e+01 3.380000e+01
      vertex   8.470027e+01 9.474602e+01 3.180000e+01
      vertex   8.483328e+01 9.474956e+01 3.380000e+01
    endloop
  endfacet
  facet normal 2.662052e-02 -9.996456e-01 0.000000e+00
    outer loop
      vertex   8.483328e+01 9.474956e+01 3.380000e+01
      vertex   8.470027e+01 9.474602e+01 3.180000e+01
      vertex   8.483328e+01 9.474956e+01 3.180000e+01
    endloop
  endfacet
  facet normal -7.978611e-02 -9.968120e-01 -0.000000e+00
    outer loop
      vertex   8.483328e+01 9.474956e+01 3.380000e+01
      vertex   8.483328e+01 9.474956e+01 3.180000e+01
      vertex   8.496591e+01 9.473894e+01 3.380000e+01
    endloop
  endfacet
  facet normal -7.978611e-02 -9.968120e-01 -0.000000e+00
    outer loop
      vertex   8.496591e+01 9.473894e+01 3.380000e+01
      vertex   8.483328e+01 9.474956e+01 3.180000e+01
      vertex   8.496591e+01 9.473894e+01 3.180000e+01
    endloop
  endfacet
  facet normal -1.852887e-01 -9.826841e-01 -0.000000e+00
    outer loop
      vertex   8.496591e+01 9.473894e+01 3.380000e+01
      vertex   8.496591e+01 9.473894e+01 3.180000e+01
      vertex   8.509666e+01 9.471429e+01 3.380000e+01
    endloop
  endfacet
  facet normal -1.852887e-01 -9.826841e-01 -0.000000e+00
    outer loop
      vertex   8.509666e+01 9.471429e+01 3.380000e+01
      vertex   8.496591e+01 9.473894e+01 3.180000e+01
      vertex   8.509666e+01 9.471429e+01 3.180000e+01
    endloop
  endfacet
  facet normal -2.886919e-01 -9.574220e-01 -0.000000e+00
    outer loop
      vertex   8.509666e+01 9.471429e+01 3.380000e+01
      vertex   8.509666e+01 9.471429e+01 3.180000e+01
      vertex   8.522405e+01 9.467588e+01 3.380000e+01
    endloop
  endfacet
  facet normal -2.886919e-01 -9.574220e-01 -0.000000e+00
    outer loop
      vertex   8.522405e+01 9.467588e+01 3.380000e+01
      vertex   8.509666e+01 9.471429e+01 3.180000e+01
      vertex   8.522405e+01 9.467588e+01 3.180000e+01
    endloop
  endfacet
  facet normal -3.888242e-01 -9.213120e-01 -0.000000e+00
    outer loop
      vertex   8.522405e+01 9.467588e+01 3.380000e+01
      vertex   8.522405e+01 9.467588e+01 3.180000e+01
      vertex   8.534663e+01 9.462414e+01 3.380000e+01
    endloop
  endfacet
  facet normal -3.888242e-01 -9.213120e-01 -0.000000e+00
    outer loop
      vertex   8.534663e+01 9.462414e+01 3.380000e+01
      vertex   8.522405e+01 9.467588e+01 3.180000e+01
      vertex   8.534663e+01 9.462414e+01 3.180000e+01
    endloop
  endfacet
  facet normal -4.845509e-01 -8.747631e-01 -0.000000e+00
    outer loop
      vertex   8.534663e+01 9.462414e+01 3.380000e+01
      vertex   8.534663e+01 9.462414e+01 3.180000e+01
      vertex   8.546303e+01 9.455967e+01 3.380000e+01
    endloop
  endfacet
  facet normal -4.845509e-01 -8.747631e-01 -0.000000e+00
    outer loop
      vertex   8.546303e+01 9.455967e+01 3.380000e+01
      vertex   8.534663e+01 9.462414e+01 3.180000e+01
      vertex   8.546303e+01 9.455967e+01 3.180000e+01
    endloop
  endfacet
  facet normal -5.747874e-01 -8.183028e-01 -0.000000e+00
    outer loop
      vertex   8.546303e+01 9.455967e+01 3.380000e+01
      vertex   8.546303e+01 9.455967e+01 3.180000e+01
      vertex   8.557191e+01 9.448319e+01 3.380000e+01
    endloop
  endfacet
  facet normal -5.747874e-01 -8.183028e-01 -0.000000e+00
    outer loop
      vertex   8.557191e+01 9.448319e+01 3.380000e+01
      vertex   8.546303e+01 9.455967e+01 3.180000e+01
      vertex   8.557191e+01 9.448319e+01 3.180000e+01
    endloop
  endfacet
  facet normal -6.585114e-01 -7.525708e-01 -0.000000e+00
    outer loop
      vertex   8.557191e+01 9.448319e+01 3.380000e+01
      vertex   8.557191e+01 9.448319e+01 3.180000e+01
      vertex   8.567204e+01 9.439557e+01 3.380000e+01
    endloop
  endfacet
  facet normal -6.585114e-01 -7.525708e-01 -0.000000e+00
    outer loop
      vertex   8.567204e+01 9.439557e+01 3.380000e+01
      vertex   8.557191e+01 9.448319e+01 3.180000e+01
      vertex   8.567204e+01 9.439557e+01 3.180000e+01
    endloop
  endfacet
  facet normal -7.347742e-01 -6.783118e-01 -0.000000e+00
    outer loop
      vertex   8.567204e+01 9.439557e+01 3.380000e+01
      vertex   8.567204e+01 9.439557e+01 3.180000e+01
      vertex   8.576229e+01 9.429781e+01 3.380000e+01
    endloop
  endfacet
  facet normal -7.347742e-01 -6.783118e-01 -0.000000e+00
    outer loop
      vertex   8.576229e+01 9.429781e+01 3.380000e+01
      vertex   8.567204e+01 9.439557e+01 3.180000e+01
      vertex   8.576229e+01 9.429781e+01 3.180000e+01
    endloop
  endfacet
  facet normal -8.027116e-01 -5.963674e-01 -0.000000e+00
    outer loop
      vertex   8.576229e+01 9.429781e+01 3.380000e+01
      vertex   8.576229e+01 9.429781e+01 3.180000e+01
      vertex   8.584164e+01 9.419100e+01 3.380000e+01
    endloop
  endfacet
  facet normal -8.027116e-01 -5.963674e-01 -0.000000e+00
    outer loop
      vertex   8.584164e+01 9.419100e+01 3.380000e+01
      vertex   8.576229e+01 9.429781e+01 3.180000e+01
      vertex   8.584164e+01 9.419100e+01 3.180000e+01
    endloop
  endfacet
  facet normal -8.615541e-01 -5.076658e-01 -0.000000e+00
    outer loop
      vertex   8.584164e+01 9.419100e+01 3.380000e+01
      vertex   8.584164e+01 9.419100e+01 3.180000e+01
      vertex   8.590919e+01 9.407637e+01 3.380000e+01
    endloop
  endfacet
  facet normal -8.615541e-01 -5.076658e-01 -0.000000e+00
    outer loop
      vertex   8.590919e+01 9.407637e+01 3.380000e+01
      vertex   8.584164e+01 9.419100e+01 3.180000e+01
      vertex   8.590919e+01 9.407637e+01 3.180000e+01
    endloop
  endfacet
  facet normal -9.106348e-01 -4.132122e-01 -0.000000e+00
    outer loop
      vertex   8.590919e+01 9.407637e+01 3.380000e+01
      vertex   8.590919e+01 9.407637e+01 3.180000e+01
      vertex   8.596417e+01 9.395520e+01 3.380000e+01
    endloop
  endfacet
  facet normal -9.106348e-01 -4.132122e-01 -0.000000e+00
    outer loop
      vertex   8.596417e+01 9.395520e+01 3.380000e+01
      vertex   8.590919e+01 9.407637e+01 3.180000e+01
      vertex   8.596417e+01 9.395520e+01 3.180000e+01
    endloop
  endfacet
  facet normal -9.493976e-01 -3.140767e-01 -0.000000e+00
    outer loop
      vertex   8.596417e+01 9.395520e+01 3.380000e+01
      vertex   8.596417e+01 9.395520e+01 3.180000e+01
      vertex   8.600596e+01 9.382888e+01 3.380000e+01
    endloop
  endfacet
  facet normal -9.493976e-01 -3.140767e-01 -0.000000e+00
    outer loop
      vertex   8.600596e+01 9.382888e+01 3.380000e+01
      vertex   8.596417e+01 9.395520e+01 3.180000e+01
      vertex   8.600596e+01 9.382888e+01 3.180000e+01
    endloop
  endfacet
  facet normal -9.774034e-01 -2.113826e-01 -0.000000e+00
    outer loop
      vertex   8.600596e+01 9.382888e+01 3.380000e+01
      vertex   8.600596e+01 9.382888e+01 3.180000e+01
      vertex   8.603409e+01 9.369883e+01 3.380000e+01
    endloop
  endfacet
  facet normal -9.774034e-01 -2.113826e-01 -0.000000e+00
    outer loop
      vertex   8.603409e+01 9.369883e+01 3.380000e+01
      vertex   8.600596e+01 9.382888e+01 3.180000e+01
      vertex   8.603409e+01 9.369883e+01 3.180000e+01
    endloop
  endfacet
  facet normal -9.943348e-01 -1.062935e-01 -0.000000e+00
    outer loop
      vertex   8.603409e+01 9.369883e+01 3.380000e+01
      vertex   8.603409e+01 9.369883e+01 3.180000e+01
      vertex   8.604823e+01 9.356653e+01 3.380000e+01
    endloop
  endfacet
  facet normal -9.943348e-01 -1.062935e-01 -0.000000e+00
    outer loop
      vertex   8.604823e+01 9.356653e+01 3.380000e+01
      vertex   8.603409e+01 9.369883e+01 3.180000e+01
      vertex   8.604823e+01 9.356653e+01 3.180000e+01
    endloop
  endfacet
  facet normal -1.000000e+00 -0.000000e+00 -0.000000e+00
    outer loop
      vertex   8.604823e+01 9.356653e+01 3.380000e+01
      vertex   8.604823e+01 9.356653e+01 3.180000e+01
      vertex   8.604823e+01 9.343347e+01 3.380000e+01
    endloop
  endfacet
  facet normal -1.000000e+00 0.000000e+00 0.000000e+00
    outer loop
      vertex   8.604823e+01 9.343347e+01 3.380000e+01
      vertex   8.604823e+01 9.356653e+01 3.180000e+01
      vertex   8.604823e+01 9.343347e+01 3.180000e+01
    endloop
  endfacet
  facet normal -9.943348e-01 1.062935e-01 0.000000e+00
    outer loop
      vertex   8.604823e+01 9.343347e+01 3.380000e+01
      vertex   8.604823e+01 9.343347e+01 3.180000e+01
      vertex   8.603409e+01 9.330117e+01 3.380000e+01
    endloop
  endfacet
  facet normal -9.943348e-01 1.062935e-01 0.000000e+00
    outer loop
      vertex   8.603409e+01 9.330117e+01 3.380000e+01
      vertex   8.604823e+01 9.343347e+01 3.180000e+01
      vertex   8.603409e+01 9.330117e+01 3.180000e+01
    endloop
  endfacet
  facet normal -9.774034e-01 2.113826e-01 0.000000e+00
    outer loop
      vertex   8.603409e+01 9.330117e+01 3.380000e+01
      vertex   8.603409e+01 9.330117e+01 3.180000e+01
      vertex   8.600596e+01 9.317112e+01 3.380000e+01
    endloop
  endfacet
  facet normal -9.774034e-01 2.113826e-01 0.000000e+00
    outer loop
      vertex   8.600596e+01 9.317112e+01 3.380000e+01
      vertex   8.603409e+01 9.330117e+01 3.180000e+01
      vertex   8.600596e+01 9.317112e+01 3.180000e+01
    endloop
  endfacet
  facet normal -9.493976e-01 3.140767e-01 0.000000e+00
    outer loop
      vertex   8.600596e+01 9.317112e+01 3.380000e+01
      vertex   8.600596e+01 9.317112e+01 3.180000e+01
      vertex   8.596417e+01 9.304480e+01 3.380000e+01
    endloop
  endfacet
  facet normal -9.493976e-01 3.140767e-01 0.000000e+00
    outer loop
      vertex   8.596417e+01 9.304480e+01 3.380000e+01
      vertex   8.600596e+01 9.317112e+01 3.180000e+01
      vertex   8.596417e+01 9.304480e+01 3.180000e+01
    endloop
  endfacet
  facet normal -9.106348e-01 4.132122e-01 0.000000e+00
    outer loop
      vertex   8.596417e+01 9.304480e+01 3.380000e+01
      vertex   8.596417e+01 9.304480e+01 3.180000e+01
      vertex   8.590919e+01 9.292363e+01 3.380000e+01
    endloop
  endfacet
  facet normal -9.106348e-01 4.132122e-01 0.000000e+00
    outer loop
      vertex   8.590919e+01 9.292363e+01 3.380000e+01
      vertex   8.596417e+01 9.304480e+01 3.180000e+01
      vertex   8.590919e+01 9.292363e+01 3.180000e+01
    endloop
  endfacet
  facet normal -8.615541e-01 5.076658e-01 0.000000e+00
    outer loop
      vertex   8.590919e+01 9.292363e+01 3.380000e+01
      vertex   8.590919e+01 9.292363e+01 3.180000e+01
      vertex   8.584164e+01 9.280900e+01 3.380000e+01
    endloop
  endfacet
  facet normal -8.615541e-01 5.076658e-01 0.000000e+00
    outer loop
      vertex   8.584164e+01 9.280900e+01 3.380000e+01
      vertex   8.590919e+01 9.292363e+01 3.180000e+01
      vertex   8.584164e+01 9.280900e+01 3.180000e+01
    endloop
  endfacet
  facet normal -8.027116e-01 5.963674e-01 0.000000e+00
    outer loop
      vertex   8.584164e+01 9.280900e+01 3.380000e+01
      vertex   8.584164e+01 9.280900e+01 3.180000e+01
      vertex   8.576229e+01 9.270219e+01 3.380000e+01
    endloop
  endfacet
  facet normal -8.027116e-01 5.963674e-01 0.000000e+00
    outer loop
      vertex   8.576229e+01 9.270219e+01 3.380000e+01
      vertex   8.584164e+01 9.280900e+01 3.180000e+01
      vertex   8.576229e+01 9.270219e+01 3.180000e+01
    endloop
  endfacet
  facet normal -7.347742e-01 6.783118e-01 0.000000e+00
    outer loop
      vertex   8.576229e+01 9.270219e+01 3.380000e+01
      vertex   8.576229e+01 9.270219e+01 3.180000e+01
      vertex   8.567204e+01 9.260443e+01 3.380000e+01
    endloop
  endfacet
  facet normal -7.347742e-01 6.783118e-01 0.000000e+00
    outer loop
      vertex   8.567204e+01 9.260443e+01 3.380000e+01
      vertex   8.576229e+01 9.270219e+01 3.180000e+01
      vertex   8.567204e+01 9.260443e+01 3.180000e+01
    endloop
  endfacet
  facet normal -6.585114e-01 7.525708e-01 0.000000e+00
    outer loop
      vertex   8.567204e+01 9.260443e+01 3.380000e+01
      vertex   8.567204e+01 9.260443e+01 3.180000e+01
      vertex   8.557191e+01 9.251681e+01 3.380000e+01
    endloop
  endfacet
  facet normal -6.585114e-01 7.525708e-01 0.000000e+00
    outer loop
      vertex   8.557191e+01 9.251681e+01 3.380000e+01
      vertex   8.567204e+01 9.260443e+01 3.180000e+01
      vertex   8.557191e+01 9.251681e+01 3.180000e+01
    endloop
  endfacet
  facet normal -5.747874e-01 8.183028e-01 0.000000e+00
    outer loop
      vertex   8.557191e+01 9.251681e+01 3.380000e+01
      vertex   8.557191e+01 9.251681e+01 3.180000e+01
      vertex   8.546303e+01 9.244033e+01 3.380000e+01
    endloop
  endfacet
  facet normal -5.747874e-01 8.183028e-01 0.000000e+00
    outer loop
      vertex   8.546303e+01 9.244033e+01 3.380000e+01
      vertex   8.557191e+01 9.251681e+01 3.180000e+01
      vertex   8.546303e+01 9.244033e+01 3.180000e+01
    endloop
  endfacet
  facet normal -4.845509e-01 8.747631e-01 0.000000e+00
    outer loop
      vertex   8.546303e+01 9.244033e+01 3.380000e+01
      vertex   8.546303e+01 9.244033e+01 3.180000e+01
      vertex   8.534663e+01 9.237586e+01 3.380000e+01
    endloop
  endfacet
  facet normal -4.845509e-01 8.747631e-01 0.000000e+00
    outer loop
      vertex   8.534663e+01 9.237586e+01 3.380000e+01
      vertex   8.546303e+01 9.244033e+01 3.180000e+01
      vertex   8.534663e+01 9.237586e+01 3.180000e+01
    endloop
  endfacet
  facet normal -3.888242e-01 9.213120e-01 0.000000e+00
    outer loop
      vertex   8.534663e+01 9.237586e+01 3.380000e+01
      vertex   8.534663e+01 9.237586e+01 3.180000e+01
      vertex   8.522405e+01 9.232412e+01 3.380000e+01
    endloop
  endfacet
  facet normal -3.888242e-01 9.213120e-01 0.000000e+00
    outer loop
      vertex   8.522405e+01 9.232412e+01 3.380000e+01
      vertex   8.534663e+01 9.237586e+01 3.180000e+01
      vertex   8.522405e+01 9.232412e+01 3.180000e+01
    endloop
  endfacet
  facet normal -2.886919e-01 9.574220e-01 0.000000e+00
    outer loop
      vertex   8.522405e+01 9.232412e+01 3.380000e+01
      vertex   8.522405e+01 9.232412e+01 3.180000e+01
      vertex   8.509666e+01 9.228571e+01 3.380000e+01
    endloop
  endfacet
  facet normal -2.886919e-01 9.574220e-01 0.000000e+00
    outer loop
      vertex   8.509666e+01 9.228571e+01 3.380000e+01
      vertex   8.522405e+01 9.232412e+01 3.180000e+01
      vertex   8.509666e+01 9.228571e+01 3.180000e+01
    endloop
  endfacet
  facet normal -1.852887e-01 9.826841e-01 0.000000e+00
    outer loop
      vertex   8.509666e+01 9.228571e+01 3.380000e+01
      vertex   8.509666e+01 9.228571e+01 3.180000e+01
      vertex   8.496591e+01 9.226106e+01 3.380000e+01
    endloop
  endfacet
  facet normal -1.852887e-01 9.826841e-01 0.000000e+00
    outer loop
      vertex   8.496591e+01 9.226106e+01 3.380000e+01
      vertex   8.509666e+01 9.228571e+01 3.180000e+01
      vertex   8.496591e+01 9.226106e+01 3.180000e+01
    endloop
  endfacet
  facet normal -7.978611e-02 9.968120e-01 0.000000e+00
    outer loop
      vertex   8.496591e+01 9.226106e+01 3.380000e+01
      vertex   8.496591e+01 9.226106e+01 3.180000e+01
      vertex   8.483328e+01 9.225044e+01 3.380000e+01
    endloop
  endfacet
  facet normal -7.978611e-02 9.968120e-01 0.000000e+00
    outer loop
      vertex   8.483328e+01 9.225044e+01 3.380000e+01
      vertex   8.496591e+01 9.226106e+01 3.180000e+01
      vertex   8.483328e+01 9.225044e+01 3.180000e+01
    endloop
  endfacet
  facet normal 2.662052e-02 9.996456e-01 0.000000e+00
    outer loop
      vertex   8.483328e+01 9.225044e+01 3.380000e+01
      vertex   8.483328e+01 9.225044e+01 3.180000e+01
      vertex   8.470027e+01 9.225398e+01 3.380000e+01
    endloop
  endfacet
  facet normal 2.662052e-02 9.996456e-01 0.000000e+00
    outer loop
      vertex   8.470027e+01 9.225398e+01 3.380000e+01
      vertex   8.483328e+01 9.225044e+01 3.180000e+01
      vertex   8.470027e+01 9.225398e+01 3.180000e+01
    endloop
  endfacet
  facet normal 1.327255e-01 9.911528e-01 0.000000e+00
    outer loop
      vertex   8.470027e+01 9.225398e+01 3.380000e+01
      vertex   8.470027e+01 9.225398e+01 3.180000e+01
      vertex   8.456839e+01 9.227164e+01 3.380000e+01
    endloop
  endfacet
  facet normal 1.327255e-01 9.911528e-01 0.000000e+00
    outer loop
      vertex   8.456839e+01 9.227164e+01 3.380000e+01
      vertex   8.470027e+01 9.225398e+01 3.180000e+01
      vertex   8.456839e+01 9.227164e+01 3.180000e+01
    endloop
  endfacet
  facet normal 2.373267e-01 9.714299e-01 0.000000e+00
    outer loop
      vertex   8.456839e+01 9.227164e+01 3.380000e+01
      vertex   8.456839e+01 9.227164e+01 3.180000e+01
      vertex   8.443914e+01 9.230322e+01 3.380000e+01
    endloop
  endfacet
  facet normal 2.373267e-01 9.714299e-01 0.000000e+00
    outer loop
      vertex   8.443914e+01 9.230322e+01 3.380000e+01
      vertex   8.456839e+01 9.227164e+01 3.180000e+01
      vertex   8.443914e+01 9.230322e+01 3.180000e+01
    endloop
  endfacet
  facet normal 3.392389e-01 9.407003e-01 0.000000e+00
    outer loop
      vertex   8.443914e+01 9.230322e+01 3.380000e+01
      vertex   8.443914e+01 9.230322e+01 3.180000e+01
      vertex   8.431397e+01 9.234836e+01 3.380000e+01
    endloop
  endfacet
  facet normal 3.392389e-01 9.407003e-01 0.000000e+00
    outer loop
      vertex   8.431397e+01 9.234836e+01 3.380000e+01
      vertex   8.443914e+01 9.230322e+01 3.180000e+01
      vertex   8.431397e+01 9.234836e+01 3.180000e+01
    endloop
  endfacet
  facet normal 4.373073e-01 8.993121e-01 0.000000e+00
    outer loop
      vertex   8.431397e+01 9.234836e+01 3.380000e+01
      vertex   8.431397e+01 9.234836e+01 3.180000e+01
      vertex   8.419431e+01 9.240655e+01 3.380000e+01
    endloop
  endfacet
  facet normal 4.373073e-01 8.993121e-01 0.000000e+00
    outer loop
      vertex   8.419431e+01 9.240655e+01 3.380000e+01
      vertex   8.431397e+01 9.234836e+01 3.180000e+01
      vertex   8.419431e+01 9.240655e+01 3.180000e+01
    endloop
  endfacet
  facet normal 5.304209e-01 8.477344e-01 0.000000e+00
    outer loop
      vertex   8.419431e+01 9.240655e+01 3.380000e+01
      vertex   8.419431e+01 9.240655e+01 3.180000e+01
      vertex   8.408152e+01 9.247712e+01 3.380000e+01
    endloop
  endfacet
  facet normal 5.304209e-01 8.477344e-01 0.000000e+00
    outer loop
      vertex   8.408152e+01 9.247712e+01 3.380000e+01
      vertex   8.419431e+01 9.240655e+01 3.180000e+01
      vertex   8.408152e+01 9.247712e+01 3.180000e+01
    endloop
  endfacet
  facet normal 6.175246e-01 7.865516e-01 0.000000e+00
    outer loop
      vertex   8.408152e+01 9.247712e+01 3.380000e+01
      vertex   8.408152e+01 9.247712e+01 3.180000e+01
      vertex   8.397686e+01 9.255929e+01 3.380000e+01
    endloop
  endfacet
  facet normal 6.175246e-01 7.865516e-01 0.000000e+00
    outer loop
      vertex   8.397686e+01 9.255929e+01 3.380000e+01
      vertex   8.408152e+01 9.247712e+01 3.180000e+01
      vertex   8.397686e+01 9.255929e+01 3.180000e+01
    endloop
  endfacet
  facet normal 6.976315e-01 7.164567e-01 0.000000e+00
    outer loop
      vertex   8.397686e+01 9.255929e+01 3.380000e+01
      vertex   8.397686e+01 9.255929e+01 3.180000e+01
      vertex   8.388153e+01 9.265211e+01 3.380000e+01
    endloop
  endfacet
  facet normal 6.976315e-01 7.164567e-01 0.000000e+00
    outer loop
      vertex   8.388153e+01 9.265211e+01 3.380000e+01
      vertex   8.397686e+01 9.255929e+01 3.180000e+01
      vertex   8.388153e+01 9.265211e+01 3.180000e+01
    endloop
  endfacet
  facet normal 7.698340e-01 6.382442e-01 0.000000e+00
    outer loop
      vertex   8.388153e+01 9.265211e+01 3.380000e+01
      vertex   8.388153e+01 9.265211e+01 3.180000e+01
      vertex   8.379661e+01 9.275454e+01 3.380000e+01
    endloop
  endfacet
  facet normal 7.698340e-01 6.382442e-01 0.000000e+00
    outer loop
      vertex   8.379661e+01 9.275454e+01 3.380000e+01
      vertex   8.388153e+01 9.265211e+01 3.180000e+01
      vertex   8.379661e+01 9.275454e+01 3.180000e+01
    endloop
  endfacet
  facet normal 8.333139e-01 5.528001e-01 0.000000e+00
    outer loop
      vertex   8.379661e+01 9.275454e+01 3.380000e+01
      vertex   8.379661e+01 9.275454e+01 3.180000e+01
      vertex   8.372306e+01 9.286542e+01 3.380000e+01
    endloop
  endfacet
  facet normal 8.333139e-01 5.528001e-01 0.000000e+00
    outer loop
      vertex   8.372306e+01 9.286542e+01 3.380000e+01
      vertex   8.379661e+01 9.275454e+01 3.180000e+01
      vertex   8.372306e+01 9.286542e+01 3.180000e+01
    endloop
  endfacet
  facet normal 8.873521e-01 4.610925e-01 0.000000e+00
    outer loop
      vertex   8.372306e+01 9.286542e+01 3.380000e+01
      vertex   8.372306e+01 9.286542e+01 3.180000e+01
      vertex   8.366171e+01 9.298348e+01 3.380000e+01
    endloop
  endfacet
  facet normal 8.873521e-01 4.610925e-01 0.000000e+00
    outer loop
      vertex   8.366171e+01 9.298348e+01 3.380000e+01
      vertex   8.372306e+01 9.286542e+01 3.180000e+01
      vertex   8.366171e+01 9.298348e+01 3.180000e+01
    endloop
  endfacet
  facet normal 9.313362e-01 3.641606e-01 0.000000e+00
    outer loop
      vertex   8.366171e+01 9.298348e+01 3.380000e+01
      vertex   8.366171e+01 9.298348e+01 3.180000e+01
      vertex   8.361325e+01 9.310740e+01 3.380000e+01
    endloop
  endfacet
  facet normal 9.313362e-01 3.641606e-01 0.000000e+00
    outer loop
      vertex   8.361325e+01 9.310740e+01 3.380000e+01
      vertex   8.366171e+01 9.298348e+01 3.180000e+01
      vertex   8.361325e+01 9.310740e+01 3.180000e+01
    endloop
  endfacet
  facet normal 9.647679e-01 2.631026e-01 0.000000e+00
    outer loop
      vertex   8.361325e+01 9.310740e+01 3.380000e+01
      vertex   8.361325e+01 9.310740e+01 3.180000e+01
      vertex   8.357825e+01 9.323577e+01 3.380000e+01
    endloop
  endfacet
  facet normal 9.647679e-01 2.631026e-01 0.000000e+00
    outer loop
      vertex   8.357825e+01 9.323577e+01 3.380000e+01
      vertex   8.361325e+01 9.310740e+01 3.180000e+01
      vertex   8.357825e+01 9.323577e+01 3.180000e+01
    endloop
  endfacet
  facet normal 9.872684e-01 1.590635e-01 0.000000e+00
    outer loop
      vertex   8.357825e+01 9.323577e+01 3.380000e+01
      vertex   8.357825e+01 9.323577e+01 3.180000e+01
      vertex   8.355708e+01 9.336713e+01 3.380000e+01
    endloop
  endfacet
  facet normal 9.872684e-01 1.590635e-01 0.000000e+00
    outer loop
      vertex   8.355708e+01 9.336713e+01 3.380000e+01
      vertex   8.357825e+01 9.323577e+01 3.180000e+01
      vertex   8.355708e+01 9.336713e+01 3.180000e+01
    endloop
  endfacet
  facet normal 4.906767e-02 -9.987955e-01 7.640286e-12
    outer loop
      vertex   9.820000e+01 7.730000e+01 3.380000e+01
      vertex   9.820000e+01 7.730000e+01 3.030000e+01
      vertex   9.834702e+01 7.730722e+01 3.205000e+01
    endloop
  endfacet
  facet normal 4.906767e-02 -9.987955e-01 0.000000e+00
    outer loop
      vertex   9.834702e+01 7.730722e+01 3.205000e+01
      vertex   9.820000e+01 7.730000e+01 3.030000e+01
      vertex   9.834702e+01 7.730722e+01 3.030000e+01
    endloop
  endfacet
  facet normal 1.467305e-01 -9.891765e-01 0.000000e+00
    outer loop
      vertex   9.834702e+01 7.730722e+01 3.205000e+01
      vertex   9.834702e+01 7.730722e+01 3.030000e+01
      vertex   9.849263e+01 7.732882e+01 3.205000e+01
    endloop
  endfacet
  facet normal 1.467305e-01 -9.891765e-01 0.000000e+00
    outer loop
      vertex   9.849263e+01 7.732882e+01 3.205000e+01
      vertex   9.834702e+01 7.730722e+01 3.030000e+01
      vertex   9.849263e+01 7.732882e+01 3.030000e+01
    endloop
  endfacet
  facet normal 2.429802e-01 -9.700313e-01 0.000000e+00
    outer loop
      vertex   9.849263e+01 7.732882e+01 3.205000e+01
      vertex   9.849263e+01 7.732882e+01 3.030000e+01
      vertex   9.863543e+01 7.736459e+01 3.205000e+01
    endloop
  endfacet
  facet normal 2.429802e-01 -9.700313e-01 0.000000e+00
    outer loop
      vertex   9.863543e+01 7.736459e+01 3.205000e+01
      vertex   9.849263e+01 7.732882e+01 3.030000e+01
      vertex   9.863543e+01 7.736459e+01 3.030000e+01
    endloop
  endfacet
  facet normal 3.368899e-01 -9.415441e-01 0.000000e+00
    outer loop
      vertex   9.863543e+01 7.736459e+01 3.205000e+01
      vertex   9.863543e+01 7.736459e+01 3.030000e+01
      vertex   9.877402e+01 7.741418e+01 3.205000e+01
    endloop
  endfacet
  facet normal 3.368899e-01 -9.415441e-01 7.645798e-15
    outer loop
      vertex   9.877402e+01 7.741418e+01 3.205000e+01
      vertex   9.863543e+01 7.736459e+01 3.030000e+01
      vertex   9.877402e+01 7.741418e+01 3.030000e+01
    endloop
  endfacet
  facet normal 4.275551e-01 -9.039893e-01 7.340835e-15
    outer loop
      vertex   9.877402e+01 7.741418e+01 3.205000e+01
      vertex   9.877402e+01 7.741418e+01 3.030000e+01
      vertex   9.890709e+01 7.747712e+01 3.205000e+01
    endloop
  endfacet
  facet normal 4.275551e-01 -9.039893e-01 7.340835e-15
    outer loop
      vertex   9.890709e+01 7.747712e+01 3.205000e+01
      vertex   9.877402e+01 7.741418e+01 3.030000e+01
      vertex   9.890709e+01 7.747712e+01 3.030000e+01
    endloop
  endfacet
  facet normal 5.141027e-01 -8.577286e-01 6.965175e-15
    outer loop
      vertex   9.890709e+01 7.747712e+01 3.205000e+01
      vertex   9.890709e+01 7.747712e+01 3.030000e+01
      vertex   9.903335e+01 7.755280e+01 3.205000e+01
    endloop
  endfacet
  facet normal 5.141027e-01 -8.577286e-01 0.000000e+00
    outer loop
      vertex   9.903335e+01 7.755280e+01 3.205000e+01
      vertex   9.890709e+01 7.747712e+01 3.030000e+01
      vertex   9.903335e+01 7.755280e+01 3.030000e+01
    endloop
  endfacet
  facet normal 5.956993e-01 -8.032075e-01 0.000000e+00
    outer loop
      vertex   9.903335e+01 7.755280e+01 3.205000e+01
      vertex   9.903335e+01 7.755280e+01 3.030000e+01
      vertex   9.915159e+01 7.764048e+01 3.205000e+01
    endloop
  endfacet
  facet normal 5.956993e-01 -8.032075e-01 0.000000e+00
    outer loop
      vertex   9.915159e+01 7.764048e+01 3.205000e+01
      vertex   9.903335e+01 7.755280e+01 3.030000e+01
      vertex   9.915159e+01 7.764048e+01 3.030000e+01
    endloop
  endfacet
  facet normal 6.715590e-01 -7.409511e-01 0.000000e+00
    outer loop
      vertex   9.915159e+01 7.764048e+01 3.205000e+01
      vertex   9.915159e+01 7.764048e+01 3.030000e+01
      vertex   9.926066e+01 7.773934e+01 3.205000e+01
    endloop
  endfacet
  facet normal 6.715590e-01 -7.409511e-01 0.000000e+00
    outer loop
      vertex   9.926066e+01 7.773934e+01 3.205000e+01
      vertex   9.915159e+01 7.764048e+01 3.030000e+01
      vertex   9.926066e+01 7.773934e+01 3.030000e+01
    endloop
  endfacet
  facet normal 7.409511e-01 -6.715590e-01 0.000000e+00
    outer loop
      vertex   9.926066e+01 7.773934e+01 3.205000e+01
      vertex   9.926066e+01 7.773934e+01 3.030000e+01
      vertex   9.935951e+01 7.784841e+01 3.205000e+01
    endloop
  endfacet
  facet normal 7.409511e-01 -6.715590e-01 0.000000e+00
    outer loop
      vertex   9.935951e+01 7.784841e+01 3.205000e+01
      vertex   9.926066e+01 7.773934e+01 3.030000e+01
      vertex   9.935951e+01 7.784841e+01 3.030000e+01
    endloop
  endfacet
  facet normal 8.032075e-01 -5.956993e-01 0.000000e+00
    outer loop
      vertex   9.935951e+01 7.784841e+01 3.205000e+01
      vertex   9.935951e+01 7.784841e+01 3.030000e+01
      vertex   9.944720e+01 7.796664e+01 3.205000e+01
    endloop
  endfacet
  facet normal 8.032075e-01 -5.956993e-01 1.135981e-14
    outer loop
      vertex   9.944720e+01 7.796664e+01 3.205000e+01
      vertex   9.935951e+01 7.784841e+01 3.030000e+01
      vertex   9.944720e+01 7.796664e+01 3.030000e+01
    endloop
  endfacet
  facet normal 8.577286e-01 -5.141027e-01 1.113994e-14
    outer loop
      vertex   9.944720e+01 7.796664e+01 3.205000e+01
      vertex   9.944720e+01 7.796664e+01 3.030000e+01
      vertex   9.952288e+01 7.809291e+01 3.205000e+01
    endloop
  endfacet
  facet normal 8.577286e-01 -5.141027e-01 -6.965175e-15
    outer loop
      vertex   9.952288e+01 7.809291e+01 3.205000e+01
      vertex   9.944720e+01 7.796664e+01 3.030000e+01
      vertex   9.952288e+01 7.809291e+01 3.030000e+01
    endloop
  endfacet
  facet normal 9.039893e-01 -4.275551e-01 -7.340835e-15
    outer loop
      vertex   9.952288e+01 7.809291e+01 3.205000e+01
      vertex   9.952288e+01 7.809291e+01 3.030000e+01
      vertex   9.958582e+01 7.822597e+01 3.205000e+01
    endloop
  endfacet
  facet normal 9.039893e-01 -4.275551e-01 0.000000e+00
    outer loop
      vertex   9.958582e+01 7.822597e+01 3.205000e+01
      vertex   9.952288e+01 7.809291e+01 3.030000e+01
      vertex   9.958582e+01 7.822597e+01 3.030000e+01
    endloop
  endfacet
  facet normal 9.415441e-01 -3.368899e-01 0.000000e+00
    outer loop
      vertex   9.958582e+01 7.822597e+01 3.205000e+01
      vertex   9.958582e+01 7.822597e+01 3.030000e+01
      vertex   9.963541e+01 7.836457e+01 3.205000e+01
    endloop
  endfacet
  facet normal 9.415441e-01 -3.368899e-01 1.802731e-14
    outer loop
      vertex   9.963541e+01 7.836457e+01 3.205000e+01
      vertex   9.958582e+01 7.822597e+01 3.030000e+01
      vertex   9.963541e+01 7.836457e+01 3.030000e+01
    endloop
  endfacet
  facet normal 9.700313e-01 -2.429802e-01 1.772737e-14
    outer loop
      vertex   9.963541e+01 7.836457e+01 3.205000e+01
      vertex   9.963541e+01 7.836457e+01 3.030000e+01
      vertex   9.967118e+01 7.850736e+01 3.205000e+01
    endloop
  endfacet
  facet normal 9.700313e-01 -2.429802e-01 0.000000e+00
    outer loop
      vertex   9.967118e+01 7.850736e+01 3.205000e+01
      vertex   9.963541e+01 7.836457e+01 3.030000e+01
      vertex   9.967118e+01 7.850736e+01 3.030000e+01
    endloop
  endfacet
  facet normal 9.891765e-01 -1.467305e-01 0.000000e+00
    outer loop
      vertex   9.967118e+01 7.850736e+01 3.205000e+01
      vertex   9.967118e+01 7.850736e+01 3.030000e+01
      vertex   9.969278e+01 7.865297e+01 3.205000e+01
    endloop
  endfacet
  facet normal 9.891765e-01 -1.467305e-01 0.000000e+00
    outer loop
      vertex   9.969278e+01 7.865297e+01 3.205000e+01
      vertex   9.967118e+01 7.850736e+01 3.030000e+01
      vertex   9.969278e+01 7.865297e+01 3.030000e+01
    endloop
  endfacet
  facet normal 9.987955e-01 -4.906767e-02 0.000000e+00
    outer loop
      vertex   9.969278e+01 7.865297e+01 3.205000e+01
      vertex   9.969278e+01 7.865297e+01 3.030000e+01
      vertex   9.970000e+01 7.880000e+01 3.030000e+01
    endloop
  endfacet
  facet normal 9.987955e-01 -4.906767e-02 0.000000e+00
    outer loop
      vertex   9.970000e+01 7.880000e+01 3.030000e+01
      vertex   9.970000e+01 7.880000e+01 3.380000e+01
      vertex   9.969278e+01 7.865297e+01 3.205000e+01
    endloop
  endfacet
  facet normal 9.987955e-01 -4.906767e-02 0.000000e+00
    outer loop
      vertex   9.969278e+01 7.865297e+01 3.205000e+01
      vertex   9.970000e+01 7.880000e+01 3.380000e+01
      vertex   9.969278e+01 7.865297e+01 3.380000e+01
    endloop
  endfacet
  facet normal 9.891765e-01 -1.467305e-01 0.000000e+00
    outer loop
      vertex   9.969278e+01 7.865297e+01 3.205000e+01
      vertex   9.969278e+01 7.865297e+01 3.380000e+01
      vertex   9.967118e+01 7.850736e+01 3.205000e+01
    endloop
  endfacet
  facet normal 9.891765e-01 -1.467305e-01 0.000000e+00
    outer loop
      vertex   9.967118e+01 7.850736e+01 3.205000e+01
      vertex   9.969278e+01 7.865297e+01 3.380000e+01
      vertex   9.967118e+01 7.850736e+01 3.380000e+01
    endloop
  endfacet
  facet normal 9.700313e-01 -2.429802e-01 0.000000e+00
    outer loop
      vertex   9.967118e+01 7.850736e+01 3.205000e+01
      vertex   9.967118e+01 7.850736e+01 3.380000e+01
      vertex   9.963541e+01 7.836457e+01 3.205000e+01
    endloop
  endfacet
  facet normal 9.700313e-01 -2.429802e-01 -1.772737e-14
    outer loop
      vertex   9.963541e+01 7.836457e+01 3.205000e+01
      vertex   9.967118e+01 7.850736e+01 3.380000e+01
      vertex   9.963541e+01 7.836457e+01 3.380000e+01
    endloop
  endfacet
  facet normal 9.415441e-01 -3.368899e-01 -1.802731e-14
    outer loop
      vertex   9.963541e+01 7.836457e+01 3.205000e+01
      vertex   9.963541e+01 7.836457e+01 3.380000e+01
      vertex   9.958582e+01 7.822597e+01 3.205000e+01
    endloop
  endfacet
  facet normal 9.415441e-01 -3.368899e-01 0.000000e+00
    outer loop
      vertex   9.958582e+01 7.822597e+01 3.205000e+01
      vertex   9.963541e+01 7.836457e+01 3.380000e+01
      vertex   9.958582e+01 7.822597e+01 3.380000e+01
    endloop
  endfacet
  facet normal 9.039893e-01 -4.275551e-01 0.000000e+00
    outer loop
      vertex   9.958582e+01 7.822597e+01 3.205000e+01
      vertex   9.958582e+01 7.822597e+01 3.380000e+01
      vertex   9.952288e+01 7.809291e+01 3.205000e+01
    endloop
  endfacet
  facet normal 9.039893e-01 -4.275551e-01 7.340835e-15
    outer loop
      vertex   9.952288e+01 7.809291e+01 3.205000e+01
      vertex   9.958582e+01 7.822597e+01 3.380000e+01
      vertex   9.952288e+01 7.809291e+01 3.380000e+01
    endloop
  endfacet
  facet normal 8.577286e-01 -5.141027e-01 6.965175e-15
    outer loop
      vertex   9.952288e+01 7.809291e+01 3.205000e+01
      vertex   9.952288e+01 7.809291e+01 3.380000e+01
      vertex   9.944720e+01 7.796664e+01 3.205000e+01
    endloop
  endfacet
  facet normal 8.577286e-01 -5.141027e-01 -1.113994e-14
    outer loop
      vertex   9.944720e+01 7.796664e+01 3.205000e+01
      vertex   9.952288e+01 7.809291e+01 3.380000e+01
      vertex   9.944720e+01 7.796664e+01 3.380000e+01
    endloop
  endfacet
  facet normal 8.032075e-01 -5.956993e-01 -1.135981e-14
    outer loop
      vertex   9.944720e+01 7.796664e+01 3.205000e+01
      vertex   9.944720e+01 7.796664e+01 3.380000e+01
      vertex   9.935951e+01 7.784841e+01 3.205000e+01
    endloop
  endfacet
  facet normal 8.032075e-01 -5.956993e-01 0.000000e+00
    outer loop
      vertex   9.935951e+01 7.784841e+01 3.205000e+01
      vertex   9.944720e+01 7.796664e+01 3.380000e+01
      vertex   9.935951e+01 7.784841e+01 3.380000e+01
    endloop
  endfacet
  facet normal 7.409511e-01 -6.715590e-01 0.000000e+00
    outer loop
      vertex   9.935951e+01 7.784841e+01 3.205000e+01
      vertex   9.935951e+01 7.784841e+01 3.380000e+01
      vertex   9.926066e+01 7.773934e+01 3.205000e+01
    endloop
  endfacet
  facet normal 7.409511e-01 -6.715590e-01 0.000000e+00
    outer loop
      vertex   9.926066e+01 7.773934e+01 3.205000e+01
      vertex   9.935951e+01 7.784841e+01 3.380000e+01
      vertex   9.926066e+01 7.773934e+01 3.380000e+01
    endloop
  endfacet
  facet normal 6.715590e-01 -7.409511e-01 0.000000e+00
    outer loop
      vertex   9.926066e+01 7.773934e+01 3.205000e+01
      vertex   9.926066e+01 7.773934e+01 3.380000e+01
      vertex   9.915159e+01 7.764048e+01 3.205000e+01
    endloop
  endfacet
  facet normal 6.715590e-01 -7.409511e-01 0.000000e+00
    outer loop
      vertex   9.915159e+01 7.764048e+01 3.205000e+01
      vertex   9.926066e+01 7.773934e+01 3.380000e+01
      vertex   9.915159e+01 7.764048e+01 3.380000e+01
    endloop
  endfacet
  facet normal 5.956993e-01 -8.032075e-01 0.000000e+00
    outer loop
      vertex   9.915159e+01 7.764048e+01 3.205000e+01
      vertex   9.915159e+01 7.764048e+01 3.380000e+01
      vertex   9.903335e+01 7.755280e+01 3.205000e+01
    endloop
  endfacet
  facet normal 5.956993e-01 -8.032075e-01 0.000000e+00
    outer loop
      vertex   9.903335e+01 7.755280e+01 3.205000e+01
      vertex   9.915159e+01 7.764048e+01 3.380000e+01
      vertex   9.903335e+01 7.755280e+01 3.380000e+01
    endloop
  endfacet
  facet normal 5.141027e-01 -8.577286e-01 0.000000e+00
    outer loop
      vertex   9.903335e+01 7.755280e+01 3.205000e+01
      vertex   9.903335e+01 7.755280e+01 3.380000e+01
      vertex   9.890709e+01 7.747712e+01 3.205000e+01
    endloop
  endfacet
  facet normal 5.141027e-01 -8.577286e-01 -6.965175e-15
    outer loop
      vertex   9.890709e+01 7.747712e+01 3.205000e+01
      vertex   9.903335e+01 7.755280e+01 3.380000e+01
      vertex   9.890709e+01 7.747712e+01 3.380000e+01
    endloop
  endfacet
  facet normal 4.275551e-01 -9.039893e-01 -7.340835e-15
    outer loop
      vertex   9.890709e+01 7.747712e+01 3.205000e+01
      vertex   9.890709e+01 7.747712e+01 3.380000e+01
      vertex   9.877402e+01 7.741418e+01 3.205000e+01
    endloop
  endfacet
  facet normal 4.275551e-01 -9.039893e-01 -7.340835e-15
    outer loop
      vertex   9.877402e+01 7.741418e+01 3.205000e+01
      vertex   9.890709e+01 7.747712e+01 3.380000e+01
      vertex   9.877402e+01 7.741418e+01 3.380000e+01
    endloop
  endfacet
  facet normal 3.368899e-01 -9.415441e-01 -7.645798e-15
    outer loop
      vertex   9.877402e+01 7.741418e+01 3.205000e+01
      vertex   9.877402e+01 7.741418e+01 3.380000e+01
      vertex   9.863543e+01 7.736459e+01 3.205000e+01
    endloop
  endfacet
  facet normal 3.368899e-01 -9.415441e-01 0.000000e+00
    outer loop
      vertex   9.863543e+01 7.736459e+01 3.205000e+01
      vertex   9.877402e+01 7.741418e+01 3.380000e+01
      vertex   9.863543e+01 7.736459e+01 3.380000e+01
    endloop
  endfacet
  facet normal 2.429802e-01 -9.700313e-01 0.000000e+00
    outer loop
      vertex   9.863543e+01 7.736459e+01 3.205000e+01
      vertex   9.863543e+01 7.736459e+01 3.380000e+01
      vertex   9.849263e+01 7.732882e+01 3.205000e+01
    endloop
  endfacet
  facet normal 2.429802e-01 -9.700313e-01 0.000000e+00
    outer loop
      vertex   9.849263e+01 7.732882e+01 3.205000e+01
      vertex   9.863543e+01 7.736459e+01 3.380000e+01
      vertex   9.849263e+01 7.732882e+01 3.380000e+01
    endloop
  endfacet
  facet normal 1.467305e-01 -9.891765e-01 0.000000e+00
    outer loop
      vertex   9.849263e+01 7.732882e+01 3.205000e+01
      vertex   9.849263e+01 7.732882e+01 3.380000e+01
      vertex   9.834702e+01 7.730722e+01 3.205000e+01
    endloop
  endfacet
  facet normal 1.467305e-01 -9.891765e-01 0.000000e+00
    outer loop
      vertex   9.834702e+01 7.730722e+01 3.205000e+01
      vertex   9.849263e+01 7.732882e+01 3.380000e+01
      vertex   9.834702e+01 7.730722e+01 3.380000e+01
    endloop
  endfacet
  facet normal 4.906767e-02 -9.987955e-01 0.000000e+00
    outer loop
      vertex   9.834702e+01 7.730722e+01 3.205000e+01
      vertex   9.834702e+01 7.730722e+01 3.380000e+01
      vertex   9.820000e+01 7.730000e+01 3.380000e+01
    endloop
  endfacet
  facet normal 8.557440e-02 4.719575e-15 -9.963318e-01
    outer loop
      vertex   8.109971e+01 8.590000e+01 2.100734e+01
      vertex   8.695000e+01 8.590000e+01 2.150982e+01
      vertex   8.109971e+01 8.440000e+01 2.100734e+01
    endloop
  endfacet
  facet normal 8.557440e-02 3.964444e-15 -9.963318e-01
    outer loop
      vertex   8.109971e+01 8.440000e+01 2.100734e+01
      vertex   8.695000e+01 8.590000e+01 2.150982e+01
      vertex   8.695000e+01 8.440000e+01 2.150982e+01
    endloop
  endfacet
  facet normal 1.000000e+00 0.000000e+00 -2.588411e-15
    outer loop
      vertex   8.695000e+01 8.440000e+01 2.700000e+01
      vertex   8.695000e+01 8.440000e+01 2.150982e+01
      vertex   8.695000e+01 8.590000e+01 2.700000e+01
    endloop
  endfacet
  facet normal 1.000000e+00 1.894781e-14 -7.765233e-15
    outer loop
      vertex   8.695000e+01 8.590000e+01 2.700000e+01
      vertex   8.695000e+01 8.440000e+01 2.150982e+01
      vertex   8.695000e+01 8.590000e+01 2.150982e+01
    endloop
  endfacet
  facet normal -1.000000e+00 -0.000000e+00 -0.000000e+00
    outer loop
      vertex   8.359971e+01 8.440000e+01 1.550983e+01
      vertex   8.359971e+01 8.440000e+01 1.360000e+01
      vertex   8.359971e+01 8.240000e+01 1.550983e+01
    endloop
  endfacet
  facet normal -1.000000e+00 0.000000e+00 0.000000e+00
    outer loop
      vertex   8.359971e+01 8.240000e+01 1.550983e+01
      vertex   8.359971e+01 8.440000e+01 1.360000e+01
      vertex   8.359971e+01 8.240000e+01 1.360000e+01
    endloop
  endfacet
  facet normal -9.994170e-01 -6.064679e-17 -3.414111e-02
    outer loop
      vertex   8.359971e+01 8.240000e+01 1.360000e+01
      vertex   8.359971e+01 8.440000e+01 1.360000e+01
      vertex   8.360670e+01 8.240000e+01 1.339527e+01
    endloop
  endfacet
  facet normal -9.994170e-01 -6.064679e-17 -3.414111e-02
    outer loop
      vertex   8.360670e+01 8.240000e+01 1.339527e+01
      vertex   8.359971e+01 8.440000e+01 1.360000e+01
      vertex   8.360670e+01 8.440000e+01 1.339527e+01
    endloop
  endfacet
  facet normal -9.947573e-01 -1.816576e-16 -1.022641e-01
    outer loop
      vertex   8.360670e+01 8.240000e+01 1.339527e+01
      vertex   8.360670e+01 8.440000e+01 1.339527e+01
      vertex   8.362765e+01 8.240000e+01 1.319150e+01
    endloop
  endfacet
  facet normal -9.947573e-01 0.000000e+00 -1.022641e-01
    outer loop
      vertex   8.362765e+01 8.240000e+01 1.319150e+01
      vertex   8.360670e+01 8.440000e+01 1.339527e+01
      vertex   8.362765e+01 8.440000e+01 1.319150e+01
    endloop
  endfacet
  facet normal -9.854595e-01 0.000000e+00 -1.699104e-01
    outer loop
      vertex   8.362765e+01 8.240000e+01 1.319150e+01
      vertex   8.362765e+01 8.440000e+01 1.319150e+01
      vertex   8.366245e+01 8.240000e+01 1.298963e+01
    endloop
  endfacet
  facet normal -9.854595e-01 0.000000e+00 -1.699104e-01
    outer loop
      vertex   8.366245e+01 8.240000e+01 1.298963e+01
      vertex   8.362765e+01 8.440000e+01 1.319150e+01
      vertex   8.366245e+01 8.440000e+01 1.298963e+01
    endloop
  endfacet
  facet normal -9.715671e-01 0.000000e+00 -2.367644e-01
    outer loop
      vertex   8.366245e+01 8.240000e+01 1.298963e+01
      vertex   8.366245e+01 8.440000e+01 1.298963e+01
      vertex   8.371095e+01 8.240000e+01 1.279061e+01
    endloop
  endfacet
  facet normal -9.715671e-01 -2.102890e-16 -2.367644e-01
    outer loop
      vertex   8.371095e+01 8.240000e+01 1.279061e+01
      vertex   8.366245e+01 8.440000e+01 1.298963e+01
      vertex   8.371095e+01 8.440000e+01 1.279061e+01
    endloop
  endfacet
  facet normal -9.531448e-01 -2.686869e-16 -3.025146e-01
    outer loop
      vertex   8.371095e+01 8.240000e+01 1.279061e+01
      vertex   8.371095e+01 8.440000e+01 1.279061e+01
      vertex   8.377292e+01 8.240000e+01 1.259536e+01
    endloop
  endfacet
  facet normal -9.531448e-01 0.000000e+00 -3.025146e-01
    outer loop
      vertex   8.377292e+01 8.240000e+01 1.259536e+01
      vertex   8.371095e+01 8.440000e+01 1.279061e+01
      vertex   8.377292e+01 8.440000e+01 1.259536e+01
    endloop
  endfacet
  facet normal -9.302784e-01 0.000000e+00 -3.668542e-01
    outer loop
      vertex   8.377292e+01 8.240000e+01 1.259536e+01
      vertex   8.377292e+01 8.440000e+01 1.259536e+01
      vertex   8.384807e+01 8.240000e+01 1.240480e+01
    endloop
  endfacet
  facet normal -9.302784e-01 -9.774960e-16 -3.668542e-01
    outer loop
      vertex   8.384807e+01 8.240000e+01 1.240480e+01
      vertex   8.377292e+01 8.440000e+01 1.259536e+01
      vertex   8.384807e+01 8.440000e+01 1.240480e+01
    endloop
  endfacet
  facet normal -9.030747e-01 -1.144374e-15 -4.294834e-01
    outer loop
      vertex   8.384807e+01 8.240000e+01 1.240480e+01
      vertex   8.384807e+01 8.440000e+01 1.240480e+01
      vertex   8.393605e+01 8.240000e+01 1.221981e+01
    endloop
  endfacet
  facet normal -9.030747e-01 -3.814579e-16 -4.294834e-01
    outer loop
      vertex   8.393605e+01 8.240000e+01 1.221981e+01
      vertex   8.384807e+01 8.440000e+01 1.240480e+01
      vertex   8.393605e+01 8.440000e+01 1.221981e+01
    endloop
  endfacet
  facet normal -8.716605e-01 -4.353053e-16 -4.901102e-01
    outer loop
      vertex   8.393605e+01 8.240000e+01 1.221981e+01
      vertex   8.393605e+01 8.440000e+01 1.221981e+01
      vertex   8.403645e+01 8.240000e+01 1.204125e+01
    endloop
  endfacet
  facet normal -8.716605e-01 0.000000e+00 -4.901102e-01
    outer loop
      vertex   8.403645e+01 8.240000e+01 1.204125e+01
      vertex   8.393605e+01 8.440000e+01 1.221981e+01
      vertex   8.403645e+01 8.440000e+01 1.204125e+01
    endloop
  endfacet
  facet normal -8.361821e-01 0.000000e+00 -5.484519e-01
    outer loop
      vertex   8.403645e+01 8.240000e+01 1.204125e+01
      vertex   8.403645e+01 8.440000e+01 1.204125e+01
      vertex   8.414880e+01 8.240000e+01 1.186996e+01
    endloop
  endfacet
  facet normal -8.361821e-01 5.454308e-15 -5.484519e-01
    outer loop
      vertex   8.414880e+01 8.240000e+01 1.186996e+01
      vertex   8.403645e+01 8.440000e+01 1.204125e+01
      vertex   8.414880e+01 8.440000e+01 1.186996e+01
    endloop
  endfacet
  facet normal -7.968051e-01 5.124971e-15 -6.042364e-01
    outer loop
      vertex   8.414880e+01 8.240000e+01 1.186996e+01
      vertex   8.414880e+01 8.440000e+01 1.186996e+01
      vertex   8.427257e+01 8.240000e+01 1.170674e+01
    endloop
  endfacet
  facet normal -7.968051e-01 -5.366697e-16 -6.042364e-01
    outer loop
      vertex   8.427257e+01 8.240000e+01 1.170674e+01
      vertex   8.414880e+01 8.440000e+01 1.186996e+01
      vertex   8.427257e+01 8.440000e+01 1.170674e+01
    endloop
  endfacet
  facet normal -7.537130e-01 -5.837141e-16 -6.572037e-01
    outer loop
      vertex   8.427257e+01 8.240000e+01 1.170674e+01
      vertex   8.427257e+01 8.440000e+01 1.170674e+01
      vertex   8.440720e+01 8.240000e+01 1.155234e+01
    endloop
  endfacet
  facet normal -7.537130e-01 0.000000e+00 -6.572037e-01
    outer loop
      vertex   8.440720e+01 8.240000e+01 1.155234e+01
      vertex   8.427257e+01 8.440000e+01 1.170674e+01
      vertex   8.440720e+01 8.440000e+01 1.155234e+01
    endloop
  endfacet
  facet normal -7.071068e-01 0.000000e+00 -7.071068e-01
    outer loop
      vertex   8.440720e+01 8.240000e+01 1.155234e+01
      vertex   8.440720e+01 8.440000e+01 1.155234e+01
      vertex   8.455205e+01 8.240000e+01 1.140749e+01
    endloop
  endfacet
  facet normal -7.071068e-01 0.000000e+00 -7.071068e-01
    outer loop
      vertex   8.455205e+01 8.240000e+01 1.140749e+01
      vertex   8.440720e+01 8.440000e+01 1.155234e+01
      vertex   8.455205e+01 8.440000e+01 1.140749e+01
    endloop
  endfacet
  facet normal -6.572037e-01 0.000000e+00 -7.537130e-01
    outer loop
      vertex   8.455205e+01 8.240000e+01 1.140749e+01
      vertex   8.455205e+01 8.440000e+01 1.140749e+01
      vertex   8.470644e+01 8.240000e+01 1.127287e+01
    endloop
  endfacet
  facet normal -6.572037e-01 9.339426e-15 -7.537130e-01
    outer loop
      vertex   8.470644e+01 8.240000e+01 1.127287e+01
      vertex   8.455205e+01 8.440000e+01 1.140749e+01
      vertex   8.470644e+01 8.440000e+01 1.127287e+01
    endloop
  endfacet
  facet normal -6.042364e-01 8.586716e-15 -7.968051e-01
    outer loop
      vertex   8.470644e+01 8.240000e+01 1.127287e+01
      vertex   8.470644e+01 8.440000e+01 1.127287e+01
      vertex   8.486967e+01 8.240000e+01 1.114909e+01
    endloop
  endfacet
  facet normal -6.042364e-01 0.000000e+00 -7.968051e-01
    outer loop
      vertex   8.486967e+01 8.240000e+01 1.114909e+01
      vertex   8.470644e+01 8.440000e+01 1.127287e+01
      vertex   8.486967e+01 8.440000e+01 1.114909e+01
    endloop
  endfacet
  facet normal -5.484519e-01 0.000000e+00 -8.361821e-01
    outer loop
      vertex   8.486967e+01 8.240000e+01 1.114909e+01
      vertex   8.486967e+01 8.440000e+01 1.114909e+01
      vertex   8.504095e+01 8.240000e+01 1.103674e+01
    endloop
  endfacet
  facet normal -5.484519e-01 7.426789e-16 -8.361821e-01
    outer loop
      vertex   8.504095e+01 8.240000e+01 1.103674e+01
      vertex   8.486967e+01 8.440000e+01 1.114909e+01
      vertex   8.504095e+01 8.440000e+01 1.103674e+01
    endloop
  endfacet
  facet normal -4.901102e-01 7.741900e-16 -8.716605e-01
    outer loop
      vertex   8.504095e+01 8.240000e+01 1.103674e+01
      vertex   8.504095e+01 8.440000e+01 1.103674e+01
      vertex   8.521951e+01 8.240000e+01 1.093634e+01
    endloop
  endfacet
  facet normal -4.901102e-01 0.000000e+00 -8.716605e-01
    outer loop
      vertex   8.521951e+01 8.240000e+01 1.093634e+01
      vertex   8.504095e+01 8.440000e+01 1.103674e+01
      vertex   8.521951e+01 8.440000e+01 1.093634e+01
    endloop
  endfacet
  facet normal -4.294834e-01 0.000000e+00 -9.030747e-01
    outer loop
      vertex   8.521951e+01 8.240000e+01 1.093634e+01
      vertex   8.521951e+01 8.440000e+01 1.093634e+01
      vertex   8.540450e+01 8.240000e+01 1.084837e+01
    endloop
  endfacet
  facet normal -4.294834e-01 0.000000e+00 -9.030747e-01
    outer loop
      vertex   8.540450e+01 8.240000e+01 1.084837e+01
      vertex   8.521951e+01 8.440000e+01 1.093634e+01
      vertex   8.540450e+01 8.440000e+01 1.084837e+01
    endloop
  endfacet
  facet normal -3.668542e-01 0.000000e+00 -9.302784e-01
    outer loop
      vertex   8.540450e+01 8.240000e+01 1.084837e+01
      vertex   8.540450e+01 8.440000e+01 1.084837e+01
      vertex   8.559507e+01 8.240000e+01 1.077322e+01
    endloop
  endfacet
  facet normal -3.668542e-01 0.000000e+00 -9.302784e-01
    outer loop
      vertex   8.559507e+01 8.240000e+01 1.077322e+01
      vertex   8.540450e+01 8.440000e+01 1.084837e+01
      vertex   8.559507e+01 8.440000e+01 1.077322e+01
    endloop
  endfacet
  facet normal -3.025146e-01 0.000000e+00 -9.531448e-01
    outer loop
      vertex   8.559507e+01 8.240000e+01 1.077322e+01
      vertex   8.559507e+01 8.440000e+01 1.077322e+01
      vertex   8.579032e+01 8.240000e+01 1.071125e+01
    endloop
  endfacet
  facet normal -3.025146e-01 8.465626e-16 -9.531448e-01
    outer loop
      vertex   8.579032e+01 8.240000e+01 1.071125e+01
      vertex   8.559507e+01 8.440000e+01 1.077322e+01
      vertex   8.579032e+01 8.440000e+01 1.071125e+01
    endloop
  endfacet
  facet normal -2.367644e-01 8.629249e-16 -9.715671e-01
    outer loop
      vertex   8.579032e+01 8.240000e+01 1.071125e+01
      vertex   8.579032e+01 8.440000e+01 1.071125e+01
      vertex   8.598934e+01 8.240000e+01 1.066275e+01
    endloop
  endfacet
  facet normal -2.367644e-01 -1.725850e-15 -9.715671e-01
    outer loop
      vertex   8.598934e+01 8.240000e+01 1.066275e+01
      vertex   8.579032e+01 8.440000e+01 1.071125e+01
      vertex   8.598934e+01 8.440000e+01 1.066275e+01
    endloop
  endfacet
  facet normal -1.699104e-01 -1.750528e-15 -9.854595e-01
    outer loop
      vertex   8.598934e+01 8.240000e+01 1.066275e+01
      vertex   8.598934e+01 8.440000e+01 1.066275e+01
      vertex   8.619121e+01 8.240000e+01 1.062794e+01
    endloop
  endfacet
  facet normal -1.699104e-01 0.000000e+00 -9.854595e-01
    outer loop
      vertex   8.619121e+01 8.240000e+01 1.062794e+01
      vertex   8.598934e+01 8.440000e+01 1.066275e+01
      vertex   8.619121e+01 8.440000e+01 1.062794e+01
    endloop
  endfacet
  facet normal -1.022641e-01 0.000000e+00 -9.947573e-01
    outer loop
      vertex   8.619121e+01 8.240000e+01 1.062794e+01
      vertex   8.619121e+01 8.440000e+01 1.062794e+01
      vertex   8.639498e+01 8.240000e+01 1.060699e+01
    endloop
  endfacet
  facet normal -1.022641e-01 0.000000e+00 -9.947573e-01
    outer loop
      vertex   8.639498e+01 8.240000e+01 1.060699e+01
      vertex   8.619121e+01 8.440000e+01 1.062794e+01
      vertex   8.639498e+01 8.440000e+01 1.060699e+01
    endloop
  endfacet
  facet normal -3.414111e-02 0.000000e+00 -9.994170e-01
    outer loop
      vertex   8.639498e+01 8.240000e+01 1.060699e+01
      vertex   8.639498e+01 8.440000e+01 1.060699e+01
      vertex   8.659971e+01 8.240000e+01 1.060000e+01
    endloop
  endfacet
  facet normal -3.414111e-02 0.000000e+00 -9.994170e-01
    outer loop
      vertex   8.659971e+01 8.240000e+01 1.060000e+01
      vertex   8.639498e+01 8.440000e+01 1.060699e+01
      vertex   8.659971e+01 8.440000e+01 1.060000e+01
    endloop
  endfacet
  facet normal 5.972019e-01 -7.705214e-04 8.020906e-01
    outer loop
      vertex   8.694488e+01 8.440000e+01 1.546186e+01
      vertex   8.706928e+01 8.240000e+01 1.536731e+01
      vertex   8.712754e+01 8.440000e+01 1.532586e+01
    endloop
  endfacet
  facet normal 5.620832e-01 7.705214e-04 8.270803e-01
    outer loop
      vertex   8.712754e+01 8.440000e+01 1.532586e+01
      vertex   8.706928e+01 8.240000e+01 1.536731e+01
      vertex   8.725763e+01 8.240000e+01 1.523931e+01
    endloop
  endfacet
  facet normal 5.456598e-01 -7.705214e-04 8.380065e-01
    outer loop
      vertex   8.712754e+01 8.440000e+01 1.532586e+01
      vertex   8.725763e+01 8.240000e+01 1.523931e+01
      vertex   8.731838e+01 8.440000e+01 1.520159e+01
    endloop
  endfacet
  facet normal 5.090413e-01 7.705214e-04 8.607418e-01
    outer loop
      vertex   8.731838e+01 8.440000e+01 1.520159e+01
      vertex   8.725763e+01 8.240000e+01 1.523931e+01
      vertex   8.745364e+01 8.240000e+01 1.512339e+01
    endloop
  endfacet
  facet normal 4.919642e-01 -7.705214e-04 8.706151e-01
    outer loop
      vertex   8.731838e+01 8.440000e+01 1.520159e+01
      vertex   8.745364e+01 8.240000e+01 1.512339e+01
      vertex   8.751664e+01 8.440000e+01 1.508956e+01
    endloop
  endfacet
  facet normal 4.539904e-01 7.705214e-04 8.910063e-01
    outer loop
      vertex   8.751664e+01 8.440000e+01 1.508956e+01
      vertex   8.745364e+01 8.240000e+01 1.512339e+01
      vertex   8.765655e+01 8.240000e+01 1.502000e+01
    endloop
  endfacet
  facet normal 4.363270e-01 -7.705214e-04 8.997878e-01
    outer loop
      vertex   8.751664e+01 8.440000e+01 1.508956e+01
      vertex   8.765655e+01 8.240000e+01 1.502000e+01
      vertex   8.772155e+01 8.440000e+01 1.499020e+01
    endloop
  endfacet
  facet normal 3.971478e-01 7.705214e-04 9.177544e-01
    outer loop
      vertex   8.772155e+01 8.440000e+01 1.499020e+01
      vertex   8.765655e+01 8.240000e+01 1.502000e+01
      vertex   8.786555e+01 8.240000e+01 1.492956e+01
    endloop
  endfacet
  facet normal 3.789679e-01 -7.705214e-04 9.254095e-01
    outer loop
      vertex   8.772155e+01 8.440000e+01 1.499020e+01
      vertex   8.786555e+01 8.240000e+01 1.492956e+01
      vertex   8.793229e+01 8.440000e+01 1.490389e+01
    endloop
  endfacet
  facet normal 3.387378e-01 7.705214e-04 9.408805e-01
    outer loop
      vertex   8.793229e+01 8.440000e+01 1.490389e+01
      vertex   8.786555e+01 8.240000e+01 1.492956e+01
      vertex   8.807981e+01 8.240000e+01 1.485242e+01
    endloop
  endfacet
  facet normal 3.201131e-01 -7.705214e-04 9.473790e-01
    outer loop
      vertex   8.793229e+01 8.440000e+01 1.490389e+01
      vertex   8.807981e+01 8.240000e+01 1.485242e+01
      vertex   8.814803e+01 8.440000e+01 1.483100e+01
    endloop
  endfacet
  facet normal 2.789910e-01 7.705214e-04 9.602934e-01
    outer loop
      vertex   8.814803e+01 8.440000e+01 1.483100e+01
      vertex   8.807981e+01 8.240000e+01 1.485242e+01
      vertex   8.829850e+01 8.240000e+01 1.478889e+01
    endloop
  endfacet
  facet normal 2.599950e-01 -7.705214e-04 9.656096e-01
    outer loop
      vertex   8.814803e+01 8.440000e+01 1.483100e+01
      vertex   8.829850e+01 8.240000e+01 1.478889e+01
      vertex   8.836793e+01 8.440000e+01 1.477179e+01
    endloop
  endfacet
  facet normal 2.181432e-01 7.705214e-04 9.759165e-01
    outer loop
      vertex   8.836793e+01 8.440000e+01 1.477179e+01
      vertex   8.829850e+01 8.240000e+01 1.478889e+01
      vertex   8.852074e+01 8.240000e+01 1.473921e+01
    endloop
  endfacet
  facet normal 1.988509e-01 -7.705214e-04 9.800295e-01
    outer loop
      vertex   8.836793e+01 8.440000e+01 1.477179e+01
      vertex   8.852074e+01 8.240000e+01 1.473921e+01
      vertex   8.859111e+01 8.440000e+01 1.472650e+01
    endloop
  endfacet
  facet normal 1.564344e-01 7.705214e-04 9.876880e-01
    outer loop
      vertex   8.859111e+01 8.440000e+01 1.472650e+01
      vertex   8.852074e+01 8.240000e+01 1.473921e+01
      vertex   8.874567e+01 8.240000e+01 1.470358e+01
    endloop
  endfacet
  facet normal 1.369219e-01 -7.705214e-04 9.905815e-01
    outer loop
      vertex   8.859111e+01 8.440000e+01 1.472650e+01
      vertex   8.874567e+01 8.240000e+01 1.470358e+01
      vertex   8.881669e+01 8.440000e+01 1.469532e+01
    endloop
  endfacet
  facet normal 9.410829e-02 7.705214e-04 9.955617e-01
    outer loop
      vertex   8.881669e+01 8.440000e+01 1.469532e+01
      vertex   8.874567e+01 8.240000e+01 1.470358e+01
      vertex   8.897238e+01 8.240000e+01 1.468215e+01
    endloop
  endfacet
  facet normal 7.445261e-02 -7.705214e-04 9.972243e-01
    outer loop
      vertex   8.881669e+01 8.440000e+01 1.469532e+01
      vertex   8.897238e+01 8.240000e+01 1.468215e+01
      vertex   8.904379e+01 8.440000e+01 1.467837e+01
    endloop
  endfacet
  facet normal 3.141075e-02 7.705214e-04 9.995063e-01
    outer loop
      vertex   8.904379e+01 8.440000e+01 1.467837e+01
      vertex   8.897238e+01 8.240000e+01 1.468215e+01
      vertex   8.920000e+01 8.240000e+01 1.467500e+01
    endloop
  endfacet
  facet normal 1.168947e-02 -7.705214e-04 9.999314e-01
    outer loop
      vertex   8.904379e+01 8.440000e+01 1.467837e+01
      vertex   8.920000e+01 8.240000e+01 1.467500e+01
      vertex   8.927150e+01 8.440000e+01 1.467571e+01
    endloop
  endfacet
  facet normal -3.141075e-02 7.705214e-04 9.995063e-01
    outer loop
      vertex   8.927150e+01 8.440000e+01 1.467571e+01
      vertex   8.920000e+01 8.240000e+01 1.467500e+01
      vertex   8.942762e+01 8.240000e+01 1.468215e+01
    endloop
  endfacet
  facet normal -5.111981e-02 -7.705214e-04 9.986922e-01
    outer loop
      vertex   8.927150e+01 8.440000e+01 1.467571e+01
      vertex   8.942762e+01 8.240000e+01 1.468215e+01
      vertex   8.949893e+01 8.440000e+01 1.468735e+01
    endloop
  endfacet
  facet normal -9.410829e-02 7.705214e-04 9.955617e-01
    outer loop
      vertex   8.949893e+01 8.440000e+01 1.468735e+01
      vertex   8.942762e+01 8.240000e+01 1.468215e+01
      vertex   8.965433e+01 8.240000e+01 1.470358e+01
    endloop
  endfacet
  facet normal -1.137273e-01 -7.705214e-04 9.935117e-01
    outer loop
      vertex   8.949893e+01 8.440000e+01 1.468735e+01
      vertex   8.965433e+01 8.240000e+01 1.470358e+01
      vertex   8.972518e+01 8.440000e+01 1.471325e+01
    endloop
  endfacet
  facet normal -1.564344e-01 7.705214e-04 9.876880e-01
    outer loop
      vertex   8.972518e+01 8.440000e+01 1.471325e+01
      vertex   8.965433e+01 8.240000e+01 1.470358e+01
      vertex   8.987926e+01 8.240000e+01 1.473921e+01
    endloop
  endfacet
  facet normal -1.758860e-01 -7.705214e-04 9.844102e-01
    outer loop
      vertex   8.972518e+01 8.440000e+01 1.471325e+01
      vertex   8.987926e+01 8.240000e+01 1.473921e+01
      vertex   8.994936e+01 8.440000e+01 1.475330e+01
    endloop
  endfacet
  facet normal -2.181432e-01 7.705214e-04 9.759165e-01
    outer loop
      vertex   8.994936e+01 8.440000e+01 1.475330e+01
      vertex   8.987926e+01 8.240000e+01 1.473921e+01
      vertex   9.010150e+01 8.240000e+01 1.478889e+01
    endloop
  endfacet
  facet normal -2.373506e-01 -7.705214e-04 9.714237e-01
    outer loop
      vertex   8.994936e+01 8.440000e+01 1.475330e+01
      vertex   9.010150e+01 8.240000e+01 1.478889e+01
      vertex   9.017058e+01 8.440000e+01 1.480735e+01
    endloop
  endfacet
  facet normal -2.789910e-01 7.705214e-04 9.602934e-01
    outer loop
      vertex   9.017058e+01 8.440000e+01 1.480735e+01
      vertex   9.010150e+01 8.240000e+01 1.478889e+01
      vertex   9.032019e+01 8.240000e+01 1.485242e+01
    endloop
  endfacet
  facet normal -2.978784e-01 -7.705214e-04 9.546035e-01
    outer loop
      vertex   9.017058e+01 8.440000e+01 1.480735e+01
      vertex   9.032019e+01 8.240000e+01 1.485242e+01
      vertex   9.038797e+01 8.440000e+01 1.487519e+01
    endloop
  endfacet
  facet normal -3.387378e-01 7.705214e-04 9.408805e-01
    outer loop
      vertex   9.038797e+01 8.440000e+01 1.487519e+01
      vertex   9.032019e+01 8.240000e+01 1.485242e+01
      vertex   9.053445e+01 8.240000e+01 1.492956e+01
    endloop
  endfacet
  facet normal -3.572307e-01 -7.705214e-04 9.340159e-01
    outer loop
      vertex   9.038797e+01 8.440000e+01 1.487519e+01
      vertex   9.053445e+01 8.240000e+01 1.492956e+01
      vertex   9.060067e+01 8.440000e+01 1.495654e+01
    endloop
  endfacet
  facet normal -3.971478e-01 7.705214e-04 9.177544e-01
    outer loop
      vertex   9.060067e+01 8.440000e+01 1.495654e+01
      vertex   9.053445e+01 8.240000e+01 1.492956e+01
      vertex   9.074345e+01 8.240000e+01 1.502000e+01
    endloop
  endfacet
  facet normal -4.151731e-01 -7.705214e-04 9.097421e-01
    outer loop
      vertex   9.060067e+01 8.440000e+01 1.495654e+01
      vertex   9.074345e+01 8.240000e+01 1.502000e+01
      vertex   9.080785e+01 8.440000e+01 1.505108e+01
    endloop
  endfacet
  facet normal -4.539904e-01 7.705214e-04 8.910063e-01
    outer loop
      vertex   9.080785e+01 8.440000e+01 1.505108e+01
      vertex   9.074345e+01 8.240000e+01 1.502000e+01
      vertex   9.094636e+01 8.240000e+01 1.512339e+01
    endloop
  endfacet
  facet normal -4.714771e-01 -7.705214e-04 8.818780e-01
    outer loop
      vertex   9.080785e+01 8.440000e+01 1.505108e+01
      vertex   9.094636e+01 8.240000e+01 1.512339e+01
      vertex   9.100868e+01 8.440000e+01 1.515845e+01
    endloop
  endfacet
  facet normal -5.090413e-01 7.705214e-04 8.607418e-01
    outer loop
      vertex   9.100868e+01 8.440000e+01 1.515845e+01
      vertex   9.094636e+01 8.240000e+01 1.512339e+01
      vertex   9.114237e+01 8.240000e+01 1.523931e+01
    endloop
  endfacet
  facet normal -5.259203e-01 -7.705214e-04 8.505335e-01
    outer loop
      vertex   9.100868e+01 8.440000e+01 1.515845e+01
      vertex   9.114237e+01 8.240000e+01 1.523931e+01
      vertex   9.120237e+01 8.440000e+01 1.527822e+01
    endloop
  endfacet
  facet normal -5.620832e-01 7.705214e-04 8.270803e-01
    outer loop
      vertex   9.120237e+01 8.440000e+01 1.527822e+01
      vertex   9.114237e+01 8.240000e+01 1.523931e+01
      vertex   9.133072e+01 8.240000e+01 1.536731e+01
    endloop
  endfacet
  facet normal -5.782879e-01 -7.705214e-04 8.158324e-01
    outer loop
      vertex   9.120237e+01 8.440000e+01 1.527822e+01
      vertex   9.133072e+01 8.240000e+01 1.536731e+01
      vertex   9.138815e+01 8.440000e+01 1.540991e+01
    endloop
  endfacet
  facet normal -6.129069e-01 7.705214e-04 7.901548e-01
    outer loop
      vertex   9.138815e+01 8.440000e+01 1.540991e+01
      vertex   9.133072e+01 8.240000e+01 1.536731e+01
      vertex   9.151066e+01 8.240000e+01 1.550689e+01
    endloop
  endfacet
  facet normal -6.283734e-01 -7.705214e-04 7.779115e-01
    outer loop
      vertex   9.138815e+01 8.440000e+01 1.540991e+01
      vertex   9.151066e+01 8.240000e+01 1.550689e+01
      vertex   9.156531e+01 8.440000e+01 1.555301e+01
    endloop
  endfacet
  facet normal -6.613117e-01 7.705214e-04 7.501108e-01
    outer loop
      vertex   9.156531e+01 8.440000e+01 1.555301e+01
      vertex   9.151066e+01 8.240000e+01 1.550689e+01
      vertex   9.168148e+01 8.240000e+01 1.565749e+01
    endloop
  endfacet
  facet normal -6.759789e-01 -7.705214e-04 7.369206e-01
    outer loop
      vertex   9.156531e+01 8.440000e+01 1.555301e+01
      vertex   9.168148e+01 8.240000e+01 1.565749e+01
      vertex   9.173312e+01 8.440000e+01 1.570695e+01
    endloop
  endfacet
  facet normal -7.071066e-01 7.705214e-04 7.071066e-01
    outer loop
      vertex   9.173312e+01 8.440000e+01 1.570695e+01
      vertex   9.168148e+01 8.240000e+01 1.565749e+01
      vertex   9.184251e+01 8.240000e+01 1.581852e+01
    endloop
  endfacet
  facet normal -7.209166e-01 -7.705214e-04 6.930214e-01
    outer loop
      vertex   9.173312e+01 8.440000e+01 1.570695e+01
      vertex   9.184251e+01 8.240000e+01 1.581852e+01
      vertex   9.189094e+01 8.440000e+01 1.587112e+01
    endloop
  endfacet
  facet normal -7.501108e-01 7.705214e-04 6.613117e-01
    outer loop
      vertex   9.189094e+01 8.440000e+01 1.587112e+01
      vertex   9.184251e+01 8.240000e+01 1.581852e+01
      vertex   9.199311e+01 8.240000e+01 1.598934e+01
    endloop
  endfacet
  facet normal -7.630092e-01 -7.705214e-04 6.463871e-01
    outer loop
      vertex   9.189094e+01 8.440000e+01 1.587112e+01
      vertex   9.199311e+01 8.240000e+01 1.598934e+01
      vertex   9.203814e+01 8.440000e+01 1.604488e+01
    endloop
  endfacet
  facet normal -7.901548e-01 7.705214e-04 6.129069e-01
    outer loop
      vertex   9.203814e+01 8.440000e+01 1.604488e+01
      vertex   9.199311e+01 8.240000e+01 1.598934e+01
      vertex   9.213269e+01 8.240000e+01 1.616928e+01
    endloop
  endfacet
  facet normal -8.020906e-01 -7.705214e-04 5.972019e-01
    outer loop
      vertex   9.203814e+01 8.440000e+01 1.604488e+01
      vertex   9.213269e+01 8.240000e+01 1.616928e+01
      vertex   9.217414e+01 8.440000e+01 1.622754e+01
    endloop
  endfacet
  facet normal -8.270803e-01 7.705214e-04 5.620832e-01
    outer loop
      vertex   9.217414e+01 8.440000e+01 1.622754e+01
      vertex   9.213269e+01 8.240000e+01 1.616928e+01
      vertex   9.226069e+01 8.240000e+01 1.635763e+01
    endloop
  endfacet
  facet normal -8.380065e-01 -7.705214e-04 5.456598e-01
    outer loop
      vertex   9.217414e+01 8.440000e+01 1.622754e+01
      vertex   9.226069e+01 8.240000e+01 1.635763e+01
      vertex   9.229841e+01 8.440000e+01 1.641838e+01
    endloop
  endfacet
  facet normal -8.607418e-01 7.705214e-04 5.090413e-01
    outer loop
      vertex   9.229841e+01 8.440000e+01 1.641838e+01
      vertex   9.226069e+01 8.240000e+01 1.635763e+01
      vertex   9.237661e+01 8.240000e+01 1.655364e+01
    endloop
  endfacet
  facet normal -8.706151e-01 -7.705214e-04 4.919642e-01
    outer loop
      vertex   9.229841e+01 8.440000e+01 1.641838e+01
      vertex   9.237661e+01 8.240000e+01 1.655364e+01
      vertex   9.241044e+01 8.440000e+01 1.661664e+01
    endloop
  endfacet
  facet normal -8.910063e-01 7.705214e-04 4.539904e-01
    outer loop
      vertex   9.241044e+01 8.440000e+01 1.661664e+01
      vertex   9.237661e+01 8.240000e+01 1.655364e+01
      vertex   9.248000e+01 8.240000e+01 1.675655e+01
    endloop
  endfacet
  facet normal -8.997878e-01 -7.705214e-04 4.363270e-01
    outer loop
      vertex   9.241044e+01 8.440000e+01 1.661664e+01
      vertex   9.248000e+01 8.240000e+01 1.675655e+01
      vertex   9.250980e+01 8.440000e+01 1.682155e+01
    endloop
  endfacet
  facet normal -9.177544e-01 7.705214e-04 3.971478e-01
    outer loop
      vertex   9.250980e+01 8.440000e+01 1.682155e+01
      vertex   9.248000e+01 8.240000e+01 1.675655e+01
      vertex   9.257044e+01 8.240000e+01 1.696555e+01
    endloop
  endfacet
  facet normal -9.254095e-01 -7.705214e-04 3.789679e-01
    outer loop
      vertex   9.250980e+01 8.440000e+01 1.682155e+01
      vertex   9.257044e+01 8.240000e+01 1.696555e+01
      vertex   9.259611e+01 8.440000e+01 1.703229e+01
    endloop
  endfacet
  facet normal -9.408805e-01 7.705214e-04 3.387378e-01
    outer loop
      vertex   9.259611e+01 8.440000e+01 1.703229e+01
      vertex   9.257044e+01 8.240000e+01 1.696555e+01
      vertex   9.264758e+01 8.240000e+01 1.717981e+01
    endloop
  endfacet
  facet normal -9.473790e-01 -7.705214e-04 3.201131e-01
    outer loop
      vertex   9.259611e+01 8.440000e+01 1.703229e+01
      vertex   9.264758e+01 8.240000e+01 1.717981e+01
      vertex   9.266900e+01 8.440000e+01 1.724803e+01
    endloop
  endfacet
  facet normal -9.602934e-01 7.705214e-04 2.789910e-01
    outer loop
      vertex   9.266900e+01 8.440000e+01 1.724803e+01
      vertex   9.264758e+01 8.240000e+01 1.717981e+01
      vertex   9.271111e+01 8.240000e+01 1.739850e+01
    endloop
  endfacet
  facet normal -9.656096e-01 -7.705214e-04 2.599950e-01
    outer loop
      vertex   9.266900e+01 8.440000e+01 1.724803e+01
      vertex   9.271111e+01 8.240000e+01 1.739850e+01
      vertex   9.272821e+01 8.440000e+01 1.746793e+01
    endloop
  endfacet
  facet normal -9.759165e-01 7.705214e-04 2.181432e-01
    outer loop
      vertex   9.272821e+01 8.440000e+01 1.746793e+01
      vertex   9.271111e+01 8.240000e+01 1.739850e+01
      vertex   9.276079e+01 8.240000e+01 1.762074e+01
    endloop
  endfacet
  facet normal -9.800295e-01 -7.705214e-04 1.988509e-01
    outer loop
      vertex   9.272821e+01 8.440000e+01 1.746793e+01
      vertex   9.276079e+01 8.240000e+01 1.762074e+01
      vertex   9.277350e+01 8.440000e+01 1.769111e+01
    endloop
  endfacet
  facet normal -9.876880e-01 7.705214e-04 1.564344e-01
    outer loop
      vertex   9.277350e+01 8.440000e+01 1.769111e+01
      vertex   9.276079e+01 8.240000e+01 1.762074e+01
      vertex   9.279642e+01 8.240000e+01 1.784567e+01
    endloop
  endfacet
  facet normal -9.905815e-01 -7.705214e-04 1.369219e-01
    outer loop
      vertex   9.277350e+01 8.440000e+01 1.769111e+01
      vertex   9.279642e+01 8.240000e+01 1.784567e+01
      vertex   9.280468e+01 8.440000e+01 1.791669e+01
    endloop
  endfacet
  facet normal -9.955617e-01 7.705214e-04 9.410829e-02
    outer loop
      vertex   9.280468e+01 8.440000e+01 1.791669e+01
      vertex   9.279642e+01 8.240000e+01 1.784567e+01
      vertex   9.281785e+01 8.240000e+01 1.807238e+01
    endloop
  endfacet
  facet normal -9.972243e-01 -7.705214e-04 7.445261e-02
    outer loop
      vertex   9.280468e+01 8.440000e+01 1.791669e+01
      vertex   9.281785e+01 8.240000e+01 1.807238e+01
      vertex   9.282163e+01 8.440000e+01 1.814379e+01
    endloop
  endfacet
  facet normal -9.995063e-01 7.705214e-04 3.141075e-02
    outer loop
      vertex   9.282163e+01 8.440000e+01 1.814379e+01
      vertex   9.281785e+01 8.240000e+01 1.807238e+01
      vertex   9.282500e+01 8.240000e+01 1.830000e+01
    endloop
  endfacet
  facet normal -9.999314e-01 -7.705214e-04 1.168947e-02
    outer loop
      vertex   9.282163e+01 8.440000e+01 1.814379e+01
      vertex   9.282500e+01 8.240000e+01 1.830000e+01
      vertex   9.282429e+01 8.440000e+01 1.837150e+01
    endloop
  endfacet
  facet normal -9.995063e-01 7.705214e-04 -3.141075e-02
    outer loop
      vertex   9.282429e+01 8.440000e+01 1.837150e+01
      vertex   9.282500e+01 8.240000e+01 1.830000e+01
      vertex   9.281785e+01 8.240000e+01 1.852762e+01
    endloop
  endfacet
  facet normal -9.986922e-01 -7.705214e-04 -5.111981e-02
    outer loop
      vertex   9.282429e+01 8.440000e+01 1.837150e+01
      vertex   9.281785e+01 8.240000e+01 1.852762e+01
      vertex   9.281265e+01 8.440000e+01 1.859893e+01
    endloop
  endfacet
  facet normal -9.955617e-01 7.705214e-04 -9.410829e-02
    outer loop
      vertex   9.281265e+01 8.440000e+01 1.859893e+01
      vertex   9.281785e+01 8.240000e+01 1.852762e+01
      vertex   9.279642e+01 8.240000e+01 1.875433e+01
    endloop
  endfacet
  facet normal -9.935117e-01 -7.705214e-04 -1.137273e-01
    outer loop
      vertex   9.281265e+01 8.440000e+01 1.859893e+01
      vertex   9.279642e+01 8.240000e+01 1.875433e+01
      vertex   9.278675e+01 8.440000e+01 1.882518e+01
    endloop
  endfacet
  facet normal -9.876880e-01 7.705214e-04 -1.564344e-01
    outer loop
      vertex   9.278675e+01 8.440000e+01 1.882518e+01
      vertex   9.279642e+01 8.240000e+01 1.875433e+01
      vertex   9.276079e+01 8.240000e+01 1.897926e+01
    endloop
  endfacet
  facet normal -9.844102e-01 -7.705214e-04 -1.758860e-01
    outer loop
      vertex   9.278675e+01 8.440000e+01 1.882518e+01
      vertex   9.276079e+01 8.240000e+01 1.897926e+01
      vertex   9.274670e+01 8.440000e+01 1.904936e+01
    endloop
  endfacet
  facet normal -9.759165e-01 7.705214e-04 -2.181432e-01
    outer loop
      vertex   9.274670e+01 8.440000e+01 1.904936e+01
      vertex   9.276079e+01 8.240000e+01 1.897926e+01
      vertex   9.271111e+01 8.240000e+01 1.920150e+01
    endloop
  endfacet
  facet normal -9.714237e-01 -7.705214e-04 -2.373506e-01
    outer loop
      vertex   9.274670e+01 8.440000e+01 1.904936e+01
      vertex   9.271111e+01 8.240000e+01 1.920150e+01
      vertex   9.269265e+01 8.440000e+01 1.927058e+01
    endloop
  endfacet
  facet normal -9.602934e-01 7.705214e-04 -2.789910e-01
    outer loop
      vertex   9.269265e+01 8.440000e+01 1.927058e+01
      vertex   9.271111e+01 8.240000e+01 1.920150e+01
      vertex   9.264758e+01 8.240000e+01 1.942019e+01
    endloop
  endfacet
  facet normal -9.546035e-01 -7.705214e-04 -2.978784e-01
    outer loop
      vertex   9.269265e+01 8.440000e+01 1.927058e+01
      vertex   9.264758e+01 8.240000e+01 1.942019e+01
      vertex   9.262481e+01 8.440000e+01 1.948797e+01
    endloop
  endfacet
  facet normal -9.408805e-01 7.705214e-04 -3.387378e-01
    outer loop
      vertex   9.262481e+01 8.440000e+01 1.948797e+01
      vertex   9.264758e+01 8.240000e+01 1.942019e+01
      vertex   9.257044e+01 8.240000e+01 1.963445e+01
    endloop
  endfacet
  facet normal -9.340159e-01 -7.705214e-04 -3.572307e-01
    outer loop
      vertex   9.262481e+01 8.440000e+01 1.948797e+01
      vertex   9.257044e+01 8.240000e+01 1.963445e+01
      vertex   9.254346e+01 8.440000e+01 1.970067e+01
    endloop
  endfacet
  facet normal -9.177544e-01 7.705214e-04 -3.971478e-01
    outer loop
      vertex   9.254346e+01 8.440000e+01 1.970067e+01
      vertex   9.257044e+01 8.240000e+01 1.963445e+01
      vertex   9.248000e+01 8.240000e+01 1.984345e+01
    endloop
  endfacet
  facet normal -9.097421e-01 -7.705214e-04 -4.151731e-01
    outer loop
      vertex   9.254346e+01 8.440000e+01 1.970067e+01
      vertex   9.248000e+01 8.240000e+01 1.984345e+01
      vertex   9.244892e+01 8.440000e+01 1.990785e+01
    endloop
  endfacet
  facet normal -8.910063e-01 7.705214e-04 -4.539904e-01
    outer loop
      vertex   9.244892e+01 8.440000e+01 1.990785e+01
      vertex   9.248000e+01 8.240000e+01 1.984345e+01
      vertex   9.237661e+01 8.240000e+01 2.004636e+01
    endloop
  endfacet
  facet normal -8.818780e-01 -7.705214e-04 -4.714771e-01
    outer loop
      vertex   9.244892e+01 8.440000e+01 1.990785e+01
      vertex   9.237661e+01 8.240000e+01 2.004636e+01
      vertex   9.234155e+01 8.440000e+01 2.010868e+01
    endloop
  endfacet
  facet normal -8.607418e-01 7.705214e-04 -5.090413e-01
    outer loop
      vertex   9.234155e+01 8.440000e+01 2.010868e+01
      vertex   9.237661e+01 8.240000e+01 2.004636e+01
      vertex   9.226069e+01 8.240000e+01 2.024237e+01
    endloop
  endfacet
  facet normal -8.505335e-01 -7.705214e-04 -5.259203e-01
    outer loop
      vertex   9.234155e+01 8.440000e+01 2.010868e+01
      vertex   9.226069e+01 8.240000e+01 2.024237e+01
      vertex   9.222178e+01 8.440000e+01 2.030237e+01
    endloop
  endfacet
  facet normal -8.270803e-01 7.705214e-04 -5.620832e-01
    outer loop
      vertex   9.222178e+01 8.440000e+01 2.030237e+01
      vertex   9.226069e+01 8.240000e+01 2.024237e+01
      vertex   9.213269e+01 8.240000e+01 2.043072e+01
    endloop
  endfacet
  facet normal -8.158324e-01 -7.705214e-04 -5.782879e-01
    outer loop
      vertex   9.222178e+01 8.440000e+01 2.030237e+01
      vertex   9.213269e+01 8.240000e+01 2.043072e+01
      vertex   9.209009e+01 8.440000e+01 2.048815e+01
    endloop
  endfacet
  facet normal -7.901548e-01 7.705214e-04 -6.129069e-01
    outer loop
      vertex   9.209009e+01 8.440000e+01 2.048815e+01
      vertex   9.213269e+01 8.240000e+01 2.043072e+01
      vertex   9.199311e+01 8.240000e+01 2.061066e+01
    endloop
  endfacet
  facet normal -7.779115e-01 -7.705214e-04 -6.283734e-01
    outer loop
      vertex   9.209009e+01 8.440000e+01 2.048815e+01
      vertex   9.199311e+01 8.240000e+01 2.061066e+01
      vertex   9.194699e+01 8.440000e+01 2.066531e+01
    endloop
  endfacet
  facet normal -7.501108e-01 7.705214e-04 -6.613117e-01
    outer loop
      vertex   9.194699e+01 8.440000e+01 2.066531e+01
      vertex   9.199311e+01 8.240000e+01 2.061066e+01
      vertex   9.184251e+01 8.240000e+01 2.078148e+01
    endloop
  endfacet
  facet normal -7.369206e-01 -7.705214e-04 -6.759789e-01
    outer loop
      vertex   9.194699e+01 8.440000e+01 2.066531e+01
      vertex   9.184251e+01 8.240000e+01 2.078148e+01
      vertex   9.179305e+01 8.440000e+01 2.083312e+01
    endloop
  endfacet
  facet normal -7.071066e-01 7.705214e-04 -7.071066e-01
    outer loop
      vertex   9.179305e+01 8.440000e+01 2.083312e+01
      vertex   9.184251e+01 8.240000e+01 2.078148e+01
      vertex   9.168148e+01 8.240000e+01 2.094251e+01
    endloop
  endfacet
  facet normal -6.930214e-01 -7.705214e-04 -7.209166e-01
    outer loop
      vertex   9.179305e+01 8.440000e+01 2.083312e+01
      vertex   9.168148e+01 8.240000e+01 2.094251e+01
      vertex   9.162888e+01 8.440000e+01 2.099094e+01
    endloop
  endfacet
  facet normal -6.613117e-01 7.705214e-04 -7.501108e-01
    outer loop
      vertex   9.162888e+01 8.440000e+01 2.099094e+01
      vertex   9.168148e+01 8.240000e+01 2.094251e+01
      vertex   9.151066e+01 8.240000e+01 2.109311e+01
    endloop
  endfacet
  facet normal -6.463871e-01 -7.705214e-04 -7.630092e-01
    outer loop
      vertex   9.162888e+01 8.440000e+01 2.099094e+01
      vertex   9.151066e+01 8.240000e+01 2.109311e+01
      vertex   9.145512e+01 8.440000e+01 2.113814e+01
    endloop
  endfacet
  facet normal -6.129069e-01 7.705214e-04 -7.901548e-01
    outer loop
      vertex   9.145512e+01 8.440000e+01 2.113814e+01
      vertex   9.151066e+01 8.240000e+01 2.109311e+01
      vertex   9.133072e+01 8.240000e+01 2.123269e+01
    endloop
  endfacet
  facet normal -5.972019e-01 -7.705214e-04 -8.020906e-01
    outer loop
      vertex   9.145512e+01 8.440000e+01 2.113814e+01
      vertex   9.133072e+01 8.240000e+01 2.123269e+01
      vertex   9.127246e+01 8.440000e+01 2.127414e+01
    endloop
  endfacet
  facet normal -5.620832e-01 7.705214e-04 -8.270803e-01
    outer loop
      vertex   9.127246e+01 8.440000e+01 2.127414e+01
      vertex   9.133072e+01 8.240000e+01 2.123269e+01
      vertex   9.114237e+01 8.240000e+01 2.136069e+01
    endloop
  endfacet
  facet normal -5.456598e-01 -7.705214e-04 -8.380065e-01
    outer loop
      vertex   9.127246e+01 8.440000e+01 2.127414e+01
      vertex   9.114237e+01 8.240000e+01 2.136069e+01
      vertex   9.108162e+01 8.440000e+01 2.139841e+01
    endloop
  endfacet
  facet normal -5.090413e-01 7.705214e-04 -8.607418e-01
    outer loop
      vertex   9.108162e+01 8.440000e+01 2.139841e+01
      vertex   9.114237e+01 8.240000e+01 2.136069e+01
      vertex   9.094636e+01 8.240000e+01 2.147661e+01
    endloop
  endfacet
  facet normal -4.919642e-01 -7.705214e-04 -8.706151e-01
    outer loop
      vertex   9.108162e+01 8.440000e+01 2.139841e+01
      vertex   9.094636e+01 8.240000e+01 2.147661e+01
      vertex   9.088336e+01 8.440000e+01 2.151044e+01
    endloop
  endfacet
  facet normal -4.539904e-01 7.705214e-04 -8.910063e-01
    outer loop
      vertex   9.088336e+01 8.440000e+01 2.151044e+01
      vertex   9.094636e+01 8.240000e+01 2.147661e+01
      vertex   9.074345e+01 8.240000e+01 2.158000e+01
    endloop
  endfacet
  facet normal -4.363270e-01 -7.705214e-04 -8.997878e-01
    outer loop
      vertex   9.088336e+01 8.440000e+01 2.151044e+01
      vertex   9.074345e+01 8.240000e+01 2.158000e+01
      vertex   9.067845e+01 8.440000e+01 2.160980e+01
    endloop
  endfacet
  facet normal -3.971478e-01 7.705214e-04 -9.177544e-01
    outer loop
      vertex   9.067845e+01 8.440000e+01 2.160980e+01
      vertex   9.074345e+01 8.240000e+01 2.158000e+01
      vertex   9.053445e+01 8.240000e+01 2.167044e+01
    endloop
  endfacet
  facet normal -3.789679e-01 -7.705214e-04 -9.254095e-01
    outer loop
      vertex   9.067845e+01 8.440000e+01 2.160980e+01
      vertex   9.053445e+01 8.240000e+01 2.167044e+01
      vertex   9.046771e+01 8.440000e+01 2.169611e+01
    endloop
  endfacet
  facet normal -3.387378e-01 7.705214e-04 -9.408805e-01
    outer loop
      vertex   9.046771e+01 8.440000e+01 2.169611e+01
      vertex   9.053445e+01 8.240000e+01 2.167044e+01
      vertex   9.032019e+01 8.240000e+01 2.174758e+01
    endloop
  endfacet
  facet normal -3.201131e-01 -7.705214e-04 -9.473790e-01
    outer loop
      vertex   9.046771e+01 8.440000e+01 2.169611e+01
      vertex   9.032019e+01 8.240000e+01 2.174758e+01
      vertex   9.025197e+01 8.440000e+01 2.176900e+01
    endloop
  endfacet
  facet normal -2.789910e-01 7.705214e-04 -9.602934e-01
    outer loop
      vertex   9.025197e+01 8.440000e+01 2.176900e+01
      vertex   9.032019e+01 8.240000e+01 2.174758e+01
      vertex   9.010150e+01 8.240000e+01 2.181111e+01
    endloop
  endfacet
  facet normal -2.599950e-01 -7.705214e-04 -9.656096e-01
    outer loop
      vertex   9.025197e+01 8.440000e+01 2.176900e+01
      vertex   9.010150e+01 8.240000e+01 2.181111e+01
      vertex   9.003207e+01 8.440000e+01 2.182821e+01
    endloop
  endfacet
  facet normal -2.181432e-01 7.705214e-04 -9.759165e-01
    outer loop
      vertex   9.003207e+01 8.440000e+01 2.182821e+01
      vertex   9.010150e+01 8.240000e+01 2.181111e+01
      vertex   8.987926e+01 8.240000e+01 2.186079e+01
    endloop
  endfacet
  facet normal -1.988509e-01 -7.705214e-04 -9.800295e-01
    outer loop
      vertex   9.003207e+01 8.440000e+01 2.182821e+01
      vertex   8.987926e+01 8.240000e+01 2.186079e+01
      vertex   8.980889e+01 8.440000e+01 2.187350e+01
    endloop
  endfacet
  facet normal -1.564344e-01 7.705214e-04 -9.876880e-01
    outer loop
      vertex   8.980889e+01 8.440000e+01 2.187350e+01
      vertex   8.987926e+01 8.240000e+01 2.186079e+01
      vertex   8.965433e+01 8.240000e+01 2.189642e+01
    endloop
  endfacet
  facet normal -1.369219e-01 -7.705214e-04 -9.905815e-01
    outer loop
      vertex   8.980889e+01 8.440000e+01 2.187350e+01
      vertex   8.965433e+01 8.240000e+01 2.189642e+01
      vertex   8.958331e+01 8.440000e+01 2.190468e+01
    endloop
  endfacet
  facet normal -9.410829e-02 7.705214e-04 -9.955617e-01
    outer loop
      vertex   8.958331e+01 8.440000e+01 2.190468e+01
      vertex   8.965433e+01 8.240000e+01 2.189642e+01
      vertex   8.942762e+01 8.240000e+01 2.191785e+01
    endloop
  endfacet
  facet normal -7.445261e-02 -7.705214e-04 -9.972243e-01
    outer loop
      vertex   8.958331e+01 8.440000e+01 2.190468e+01
      vertex   8.942762e+01 8.240000e+01 2.191785e+01
      vertex   8.935621e+01 8.440000e+01 2.192163e+01
    endloop
  endfacet
  facet normal -3.141075e-02 7.705214e-04 -9.995063e-01
    outer loop
      vertex   8.935621e+01 8.440000e+01 2.192163e+01
      vertex   8.942762e+01 8.240000e+01 2.191785e+01
      vertex   8.920000e+01 8.240000e+01 2.192500e+01
    endloop
  endfacet
  facet normal -1.168947e-02 -7.705214e-04 -9.999314e-01
    outer loop
      vertex   8.935621e+01 8.440000e+01 2.192163e+01
      vertex   8.920000e+01 8.240000e+01 2.192500e+01
      vertex   8.912850e+01 8.440000e+01 2.192429e+01
    endloop
  endfacet
  facet normal 3.141075e-02 7.705214e-04 -9.995063e-01
    outer loop
      vertex   8.912850e+01 8.440000e+01 2.192429e+01
      vertex   8.920000e+01 8.240000e+01 2.192500e+01
      vertex   8.897238e+01 8.240000e+01 2.191785e+01
    endloop
  endfacet
  facet normal 5.111981e-02 -7.705214e-04 -9.986922e-01
    outer loop
      vertex   8.912850e+01 8.440000e+01 2.192429e+01
      vertex   8.897238e+01 8.240000e+01 2.191785e+01
      vertex   8.890107e+01 8.440000e+01 2.191265e+01
    endloop
  endfacet
  facet normal 9.410829e-02 7.705214e-04 -9.955617e-01
    outer loop
      vertex   8.890107e+01 8.440000e+01 2.191265e+01
      vertex   8.897238e+01 8.240000e+01 2.191785e+01
      vertex   8.874567e+01 8.240000e+01 2.189642e+01
    endloop
  endfacet
  facet normal 1.137273e-01 -7.705214e-04 -9.935117e-01
    outer loop
      vertex   8.890107e+01 8.440000e+01 2.191265e+01
      vertex   8.874567e+01 8.240000e+01 2.189642e+01
      vertex   8.867482e+01 8.440000e+01 2.188675e+01
    endloop
  endfacet
  facet normal 1.564344e-01 7.705214e-04 -9.876880e-01
    outer loop
      vertex   8.867482e+01 8.440000e+01 2.188675e+01
      vertex   8.874567e+01 8.240000e+01 2.189642e+01
      vertex   8.852074e+01 8.240000e+01 2.186079e+01
    endloop
  endfacet
  facet normal 1.758860e-01 -7.705214e-04 -9.844102e-01
    outer loop
      vertex   8.867482e+01 8.440000e+01 2.188675e+01
      vertex   8.852074e+01 8.240000e+01 2.186079e+01
      vertex   8.845064e+01 8.440000e+01 2.184670e+01
    endloop
  endfacet
  facet normal 2.181432e-01 7.705214e-04 -9.759165e-01
    outer loop
      vertex   8.845064e+01 8.440000e+01 2.184670e+01
      vertex   8.852074e+01 8.240000e+01 2.186079e+01
      vertex   8.829850e+01 8.240000e+01 2.181111e+01
    endloop
  endfacet
  facet normal 2.373506e-01 -7.705214e-04 -9.714237e-01
    outer loop
      vertex   8.845064e+01 8.440000e+01 2.184670e+01
      vertex   8.829850e+01 8.240000e+01 2.181111e+01
      vertex   8.822942e+01 8.440000e+01 2.179265e+01
    endloop
  endfacet
  facet normal 2.789910e-01 7.705214e-04 -9.602934e-01
    outer loop
      vertex   8.822942e+01 8.440000e+01 2.179265e+01
      vertex   8.829850e+01 8.240000e+01 2.181111e+01
      vertex   8.807981e+01 8.240000e+01 2.174758e+01
    endloop
  endfacet
  facet normal 2.978784e-01 -7.705214e-04 -9.546035e-01
    outer loop
      vertex   8.822942e+01 8.440000e+01 2.179265e+01
      vertex   8.807981e+01 8.240000e+01 2.174758e+01
      vertex   8.801203e+01 8.440000e+01 2.172481e+01
    endloop
  endfacet
  facet normal 3.387378e-01 7.705214e-04 -9.408805e-01
    outer loop
      vertex   8.801203e+01 8.440000e+01 2.172481e+01
      vertex   8.807981e+01 8.240000e+01 2.174758e+01
      vertex   8.786555e+01 8.240000e+01 2.167044e+01
    endloop
  endfacet
  facet normal 3.572307e-01 -7.705214e-04 -9.340159e-01
    outer loop
      vertex   8.801203e+01 8.440000e+01 2.172481e+01
      vertex   8.786555e+01 8.240000e+01 2.167044e+01
      vertex   8.779933e+01 8.440000e+01 2.164346e+01
    endloop
  endfacet
  facet normal 3.971478e-01 7.705214e-04 -9.177544e-01
    outer loop
      vertex   8.779933e+01 8.440000e+01 2.164346e+01
      vertex   8.786555e+01 8.240000e+01 2.167044e+01
      vertex   8.765655e+01 8.240000e+01 2.158000e+01
    endloop
  endfacet
  facet normal 4.151731e-01 -7.705214e-04 -9.097421e-01
    outer loop
      vertex   8.779933e+01 8.440000e+01 2.164346e+01
      vertex   8.765655e+01 8.240000e+01 2.158000e+01
      vertex   8.759215e+01 8.440000e+01 2.154892e+01
    endloop
  endfacet
  facet normal 4.539904e-01 7.705214e-04 -8.910063e-01
    outer loop
      vertex   8.759215e+01 8.440000e+01 2.154892e+01
      vertex   8.765655e+01 8.240000e+01 2.158000e+01
      vertex   8.745364e+01 8.240000e+01 2.147661e+01
    endloop
  endfacet
  facet normal 4.714771e-01 -7.705214e-04 -8.818780e-01
    outer loop
      vertex   8.759215e+01 8.440000e+01 2.154892e+01
      vertex   8.745364e+01 8.240000e+01 2.147661e+01
      vertex   8.739132e+01 8.440000e+01 2.144155e+01
    endloop
  endfacet
  facet normal 5.090413e-01 7.705214e-04 -8.607418e-01
    outer loop
      vertex   8.739132e+01 8.440000e+01 2.144155e+01
      vertex   8.745364e+01 8.240000e+01 2.147661e+01
      vertex   8.725763e+01 8.240000e+01 2.136069e+01
    endloop
  endfacet
  facet normal 5.259203e-01 -7.705214e-04 -8.505335e-01
    outer loop
      vertex   8.739132e+01 8.440000e+01 2.144155e+01
      vertex   8.725763e+01 8.240000e+01 2.136069e+01
      vertex   8.719763e+01 8.440000e+01 2.132178e+01
    endloop
  endfacet
  facet normal 5.620832e-01 7.705214e-04 -8.270803e-01
    outer loop
      vertex   8.719763e+01 8.440000e+01 2.132178e+01
      vertex   8.725763e+01 8.240000e+01 2.136069e+01
      vertex   8.706928e+01 8.240000e+01 2.123269e+01
    endloop
  endfacet
  facet normal 5.782879e-01 -7.705214e-04 -8.158324e-01
    outer loop
      vertex   8.719763e+01 8.440000e+01 2.132178e+01
      vertex   8.706928e+01 8.240000e+01 2.123269e+01
      vertex   8.701185e+01 8.440000e+01 2.119009e+01
    endloop
  endfacet
  facet normal 6.129069e-01 7.705214e-04 -7.901548e-01
    outer loop
      vertex   8.701185e+01 8.440000e+01 2.119009e+01
      vertex   8.706928e+01 8.240000e+01 2.123269e+01
      vertex   8.688934e+01 8.240000e+01 2.109311e+01
    endloop
  endfacet
  facet normal 6.283734e-01 -7.705214e-04 -7.779115e-01
    outer loop
      vertex   8.701185e+01 8.440000e+01 2.119009e+01
      vertex   8.688934e+01 8.240000e+01 2.109311e+01
      vertex   8.683469e+01 8.440000e+01 2.104699e+01
    endloop
  endfacet
  facet normal 6.613117e-01 7.705214e-04 -7.501108e-01
    outer loop
      vertex   8.683469e+01 8.440000e+01 2.104699e+01
      vertex   8.688934e+01 8.240000e+01 2.109311e+01
      vertex   8.671852e+01 8.240000e+01 2.094251e+01
    endloop
  endfacet
  facet normal 6.759789e-01 -7.705214e-04 -7.369206e-01
    outer loop
      vertex   8.683469e+01 8.440000e+01 2.104699e+01
      vertex   8.671852e+01 8.240000e+01 2.094251e+01
      vertex   8.666688e+01 8.440000e+01 2.089305e+01
    endloop
  endfacet
  facet normal 7.071066e-01 7.705214e-04 -7.071066e-01
    outer loop
      vertex   8.666688e+01 8.440000e+01 2.089305e+01
      vertex   8.671852e+01 8.240000e+01 2.094251e+01
      vertex   8.655749e+01 8.240000e+01 2.078148e+01
    endloop
  endfacet
  facet normal 7.209166e-01 -7.705214e-04 -6.930214e-01
    outer loop
      vertex   8.666688e+01 8.440000e+01 2.089305e+01
      vertex   8.655749e+01 8.240000e+01 2.078148e+01
      vertex   8.650906e+01 8.440000e+01 2.072888e+01
    endloop
  endfacet
  facet normal 7.501108e-01 7.705214e-04 -6.613117e-01
    outer loop
      vertex   8.650906e+01 8.440000e+01 2.072888e+01
      vertex   8.655749e+01 8.240000e+01 2.078148e+01
      vertex   8.640689e+01 8.240000e+01 2.061066e+01
    endloop
  endfacet
  facet normal 7.630092e-01 -7.705214e-04 -6.463871e-01
    outer loop
      vertex   8.650906e+01 8.440000e+01 2.072888e+01
      vertex   8.640689e+01 8.240000e+01 2.061066e+01
      vertex   8.636186e+01 8.440000e+01 2.055512e+01
    endloop
  endfacet
  facet normal 7.901548e-01 7.705214e-04 -6.129069e-01
    outer loop
      vertex   8.636186e+01 8.440000e+01 2.055512e+01
      vertex   8.640689e+01 8.240000e+01 2.061066e+01
      vertex   8.626731e+01 8.240000e+01 2.043072e+01
    endloop
  endfacet
  facet normal 8.020906e-01 -7.705214e-04 -5.972019e-01
    outer loop
      vertex   8.636186e+01 8.440000e+01 2.055512e+01
      vertex   8.626731e+01 8.240000e+01 2.043072e+01
      vertex   8.622586e+01 8.440000e+01 2.037246e+01
    endloop
  endfacet
  facet normal 8.270803e-01 7.705214e-04 -5.620832e-01
    outer loop
      vertex   8.622586e+01 8.440000e+01 2.037246e+01
      vertex   8.626731e+01 8.240000e+01 2.043072e+01
      vertex   8.613931e+01 8.240000e+01 2.024237e+01
    endloop
  endfacet
  facet normal 8.380065e-01 -7.705214e-04 -5.456598e-01
    outer loop
      vertex   8.622586e+01 8.440000e+01 2.037246e+01
      vertex   8.613931e+01 8.240000e+01 2.024237e+01
      vertex   8.610159e+01 8.440000e+01 2.018162e+01
    endloop
  endfacet
  facet normal 8.607418e-01 7.705214e-04 -5.090413e-01
    outer loop
      vertex   8.610159e+01 8.440000e+01 2.018162e+01
      vertex   8.613931e+01 8.240000e+01 2.024237e+01
      vertex   8.602339e+01 8.240000e+01 2.004636e+01
    endloop
  endfacet
  facet normal 8.706151e-01 -7.705214e-04 -4.919642e-01
    outer loop
      vertex   8.610159e+01 8.440000e+01 2.018162e+01
      vertex   8.602339e+01 8.240000e+01 2.004636e+01
      vertex   8.598956e+01 8.440000e+01 1.998336e+01
    endloop
  endfacet
  facet normal 8.910063e-01 7.705214e-04 -4.539904e-01
    outer loop
      vertex   8.598956e+01 8.440000e+01 1.998336e+01
      vertex   8.602339e+01 8.240000e+01 2.004636e+01
      vertex   8.592000e+01 8.240000e+01 1.984345e+01
    endloop
  endfacet
  facet normal 8.997878e-01 -7.705214e-04 -4.363270e-01
    outer loop
      vertex   8.598956e+01 8.440000e+01 1.998336e+01
      vertex   8.592000e+01 8.240000e+01 1.984345e+01
      vertex   8.589020e+01 8.440000e+01 1.977845e+01
    endloop
  endfacet
  facet normal 9.177544e-01 7.705214e-04 -3.971478e-01
    outer loop
      vertex   8.589020e+01 8.440000e+01 1.977845e+01
      vertex   8.592000e+01 8.240000e+01 1.984345e+01
      vertex   8.582956e+01 8.240000e+01 1.963445e+01
    endloop
  endfacet
  facet normal 9.254095e-01 -7.705214e-04 -3.789679e-01
    outer loop
      vertex   8.589020e+01 8.440000e+01 1.977845e+01
      vertex   8.582956e+01 8.240000e+01 1.963445e+01
      vertex   8.580389e+01 8.440000e+01 1.956771e+01
    endloop
  endfacet
  facet normal 9.408805e-01 7.705214e-04 -3.387378e-01
    outer loop
      vertex   8.580389e+01 8.440000e+01 1.956771e+01
      vertex   8.582956e+01 8.240000e+01 1.963445e+01
      vertex   8.575242e+01 8.240000e+01 1.942019e+01
    endloop
  endfacet
  facet normal 9.473790e-01 -7.705214e-04 -3.201131e-01
    outer loop
      vertex   8.580389e+01 8.440000e+01 1.956771e+01
      vertex   8.575242e+01 8.240000e+01 1.942019e+01
      vertex   8.573100e+01 8.440000e+01 1.935197e+01
    endloop
  endfacet
  facet normal 9.602934e-01 7.705214e-04 -2.789910e-01
    outer loop
      vertex   8.573100e+01 8.440000e+01 1.935197e+01
      vertex   8.575242e+01 8.240000e+01 1.942019e+01
      vertex   8.568889e+01 8.240000e+01 1.920150e+01
    endloop
  endfacet
  facet normal 9.656096e-01 -7.705214e-04 -2.599950e-01
    outer loop
      vertex   8.573100e+01 8.440000e+01 1.935197e+01
      vertex   8.568889e+01 8.240000e+01 1.920150e+01
      vertex   8.567179e+01 8.440000e+01 1.913207e+01
    endloop
  endfacet
  facet normal 9.759165e-01 7.705214e-04 -2.181432e-01
    outer loop
      vertex   8.567179e+01 8.440000e+01 1.913207e+01
      vertex   8.568889e+01 8.240000e+01 1.920150e+01
      vertex   8.563921e+01 8.240000e+01 1.897926e+01
    endloop
  endfacet
  facet normal 9.800295e-01 -7.705214e-04 -1.988509e-01
    outer loop
      vertex   8.567179e+01 8.440000e+01 1.913207e+01
      vertex   8.563921e+01 8.240000e+01 1.897926e+01
      vertex   8.562650e+01 8.440000e+01 1.890889e+01
    endloop
  endfacet
  facet normal 9.876880e-01 7.705214e-04 -1.564344e-01
    outer loop
      vertex   8.562650e+01 8.440000e+01 1.890889e+01
      vertex   8.563921e+01 8.240000e+01 1.897926e+01
      vertex   8.560358e+01 8.240000e+01 1.875433e+01
    endloop
  endfacet
  facet normal 9.905815e-01 -7.705214e-04 -1.369219e-01
    outer loop
      vertex   8.562650e+01 8.440000e+01 1.890889e+01
      vertex   8.560358e+01 8.240000e+01 1.875433e+01
      vertex   8.559532e+01 8.440000e+01 1.868331e+01
    endloop
  endfacet
  facet normal 9.955617e-01 7.705214e-04 -9.410829e-02
    outer loop
      vertex   8.559532e+01 8.440000e+01 1.868331e+01
      vertex   8.560358e+01 8.240000e+01 1.875433e+01
      vertex   8.558215e+01 8.240000e+01 1.852762e+01
    endloop
  endfacet
  facet normal 9.972243e-01 -7.705214e-04 -7.445261e-02
    outer loop
      vertex   8.559532e+01 8.440000e+01 1.868331e+01
      vertex   8.558215e+01 8.240000e+01 1.852762e+01
      vertex   8.557837e+01 8.440000e+01 1.845621e+01
    endloop
  endfacet
  facet normal 9.995063e-01 7.705214e-04 -3.141075e-02
    outer loop
      vertex   8.557837e+01 8.440000e+01 1.845621e+01
      vertex   8.558215e+01 8.240000e+01 1.852762e+01
      vertex   8.557500e+01 8.240000e+01 1.830000e+01
    endloop
  endfacet
  facet normal 9.999314e-01 -7.705214e-04 -1.168947e-02
    outer loop
      vertex   8.557837e+01 8.440000e+01 1.845621e+01
      vertex   8.557500e+01 8.240000e+01 1.830000e+01
      vertex   8.557571e+01 8.440000e+01 1.822850e+01
    endloop
  endfacet
  facet normal 9.995063e-01 7.705214e-04 3.141075e-02
    outer loop
      vertex   8.557571e+01 8.440000e+01 1.822850e+01
      vertex   8.557500e+01 8.240000e+01 1.830000e+01
      vertex   8.558215e+01 8.240000e+01 1.807238e+01
    endloop
  endfacet
  facet normal 9.986922e-01 -7.705214e-04 5.111981e-02
    outer loop
      vertex   8.557571e+01 8.440000e+01 1.822850e+01
      vertex   8.558215e+01 8.240000e+01 1.807238e+01
      vertex   8.558735e+01 8.440000e+01 1.800107e+01
    endloop
  endfacet
  facet normal 9.955617e-01 7.705214e-04 9.410829e-02
    outer loop
      vertex   8.558735e+01 8.440000e+01 1.800107e+01
      vertex   8.558215e+01 8.240000e+01 1.807238e+01
      vertex   8.560358e+01 8.240000e+01 1.784567e+01
    endloop
  endfacet
  facet normal 9.935117e-01 -7.705214e-04 1.137273e-01
    outer loop
      vertex   8.558735e+01 8.440000e+01 1.800107e+01
      vertex   8.560358e+01 8.240000e+01 1.784567e+01
      vertex   8.561325e+01 8.440000e+01 1.777482e+01
    endloop
  endfacet
  facet normal 9.876880e-01 7.705214e-04 1.564344e-01
    outer loop
      vertex   8.561325e+01 8.440000e+01 1.777482e+01
      vertex   8.560358e+01 8.240000e+01 1.784567e+01
      vertex   8.563921e+01 8.240000e+01 1.762074e+01
    endloop
  endfacet
  facet normal 9.844102e-01 -7.705214e-04 1.758860e-01
    outer loop
      vertex   8.561325e+01 8.440000e+01 1.777482e+01
      vertex   8.563921e+01 8.240000e+01 1.762074e+01
      vertex   8.565330e+01 8.440000e+01 1.755064e+01
    endloop
  endfacet
  facet normal 9.759165e-01 7.705214e-04 2.181432e-01
    outer loop
      vertex   8.565330e+01 8.440000e+01 1.755064e+01
      vertex   8.563921e+01 8.240000e+01 1.762074e+01
      vertex   8.568889e+01 8.240000e+01 1.739850e+01
    endloop
  endfacet
  facet normal 9.714237e-01 -7.705214e-04 2.373506e-01
    outer loop
      vertex   8.565330e+01 8.440000e+01 1.755064e+01
      vertex   8.568889e+01 8.240000e+01 1.739850e+01
      vertex   8.570735e+01 8.440000e+01 1.732942e+01
    endloop
  endfacet
  facet normal 9.602934e-01 7.705214e-04 2.789910e-01
    outer loop
      vertex   8.570735e+01 8.440000e+01 1.732942e+01
      vertex   8.568889e+01 8.240000e+01 1.739850e+01
      vertex   8.575242e+01 8.240000e+01 1.717981e+01
    endloop
  endfacet
  facet normal 9.546035e-01 -7.705214e-04 2.978784e-01
    outer loop
      vertex   8.570735e+01 8.440000e+01 1.732942e+01
      vertex   8.575242e+01 8.240000e+01 1.717981e+01
      vertex   8.577519e+01 8.440000e+01 1.711203e+01
    endloop
  endfacet
  facet normal 9.408805e-01 7.705214e-04 3.387378e-01
    outer loop
      vertex   8.577519e+01 8.440000e+01 1.711203e+01
      vertex   8.575242e+01 8.240000e+01 1.717981e+01
      vertex   8.582956e+01 8.240000e+01 1.696555e+01
    endloop
  endfacet
  facet normal 9.340159e-01 -7.705214e-04 3.572307e-01
    outer loop
      vertex   8.577519e+01 8.440000e+01 1.711203e+01
      vertex   8.582956e+01 8.240000e+01 1.696555e+01
      vertex   8.585654e+01 8.440000e+01 1.689933e+01
    endloop
  endfacet
  facet normal 9.177544e-01 7.705214e-04 3.971478e-01
    outer loop
      vertex   8.585654e+01 8.440000e+01 1.689933e+01
      vertex   8.582956e+01 8.240000e+01 1.696555e+01
      vertex   8.592000e+01 8.240000e+01 1.675655e+01
    endloop
  endfacet
  facet normal 9.097421e-01 -7.705214e-04 4.151731e-01
    outer loop
      vertex   8.585654e+01 8.440000e+01 1.689933e+01
      vertex   8.592000e+01 8.240000e+01 1.675655e+01
      vertex   8.595108e+01 8.440000e+01 1.669215e+01
    endloop
  endfacet
  facet normal 8.910063e-01 7.705214e-04 4.539904e-01
    outer loop
      vertex   8.595108e+01 8.440000e+01 1.669215e+01
      vertex   8.592000e+01 8.240000e+01 1.675655e+01
      vertex   8.602339e+01 8.240000e+01 1.655364e+01
    endloop
  endfacet
  facet normal 8.818780e-01 -7.705214e-04 4.714771e-01
    outer loop
      vertex   8.595108e+01 8.440000e+01 1.669215e+01
      vertex   8.602339e+01 8.240000e+01 1.655364e+01
      vertex   8.605845e+01 8.440000e+01 1.649132e+01
    endloop
  endfacet
  facet normal 8.607418e-01 7.705214e-04 5.090413e-01
    outer loop
      vertex   8.605845e+01 8.440000e+01 1.649132e+01
      vertex   8.602339e+01 8.240000e+01 1.655364e+01
      vertex   8.613931e+01 8.240000e+01 1.635763e+01
    endloop
  endfacet
  facet normal 8.505335e-01 -7.705214e-04 5.259203e-01
    outer loop
      vertex   8.605845e+01 8.440000e+01 1.649132e+01
      vertex   8.613931e+01 8.240000e+01 1.635763e+01
      vertex   8.617822e+01 8.440000e+01 1.629763e+01
    endloop
  endfacet
  facet normal 8.270803e-01 7.705214e-04 5.620832e-01
    outer loop
      vertex   8.617822e+01 8.440000e+01 1.629763e+01
      vertex   8.613931e+01 8.240000e+01 1.635763e+01
      vertex   8.626731e+01 8.240000e+01 1.616928e+01
    endloop
  endfacet
  facet normal 8.158324e-01 -7.705214e-04 5.782879e-01
    outer loop
      vertex   8.617822e+01 8.440000e+01 1.629763e+01
      vertex   8.626731e+01 8.240000e+01 1.616928e+01
      vertex   8.630991e+01 8.440000e+01 1.611185e+01
    endloop
  endfacet
  facet normal 7.901548e-01 7.705214e-04 6.129069e-01
    outer loop
      vertex   8.630991e+01 8.440000e+01 1.611185e+01
      vertex   8.626731e+01 8.240000e+01 1.616928e+01
      vertex   8.640689e+01 8.240000e+01 1.598934e+01
    endloop
  endfacet
  facet normal 7.779115e-01 -7.705214e-04 6.283734e-01
    outer loop
      vertex   8.630991e+01 8.440000e+01 1.611185e+01
      vertex   8.640689e+01 8.240000e+01 1.598934e+01
      vertex   8.645301e+01 8.440000e+01 1.593469e+01
    endloop
  endfacet
  facet normal 7.501108e-01 7.705214e-04 6.613117e-01
    outer loop
      vertex   8.645301e+01 8.440000e+01 1.593469e+01
      vertex   8.640689e+01 8.240000e+01 1.598934e+01
      vertex   8.655749e+01 8.240000e+01 1.581852e+01
    endloop
  endfacet
  facet normal 7.369206e-01 -7.705214e-04 6.759789e-01
    outer loop
      vertex   8.645301e+01 8.440000e+01 1.593469e+01
      vertex   8.655749e+01 8.240000e+01 1.581852e+01
      vertex   8.660695e+01 8.440000e+01 1.576688e+01
    endloop
  endfacet
  facet normal 7.071066e-01 7.705214e-04 7.071066e-01
    outer loop
      vertex   8.660695e+01 8.440000e+01 1.576688e+01
      vertex   8.655749e+01 8.240000e+01 1.581852e+01
      vertex   8.671852e+01 8.240000e+01 1.565749e+01
    endloop
  endfacet
  facet normal 6.930214e-01 -7.705214e-04 7.209166e-01
    outer loop
      vertex   8.660695e+01 8.440000e+01 1.576688e+01
      vertex   8.671852e+01 8.240000e+01 1.565749e+01
      vertex   8.677112e+01 8.440000e+01 1.560906e+01
    endloop
  endfacet
  facet normal 6.613117e-01 7.705214e-04 7.501108e-01
    outer loop
      vertex   8.677112e+01 8.440000e+01 1.560906e+01
      vertex   8.671852e+01 8.240000e+01 1.565749e+01
      vertex   8.688934e+01 8.240000e+01 1.550689e+01
    endloop
  endfacet
  facet normal 6.463871e-01 -7.705214e-04 7.630092e-01
    outer loop
      vertex   8.677112e+01 8.440000e+01 1.560906e+01
      vertex   8.688934e+01 8.240000e+01 1.550689e+01
      vertex   8.694488e+01 8.440000e+01 1.546186e+01
    endloop
  endfacet
  facet normal 6.129069e-01 7.705214e-04 7.901548e-01
    outer loop
      vertex   8.694488e+01 8.440000e+01 1.546186e+01
      vertex   8.688934e+01 8.240000e+01 1.550689e+01
      vertex   8.706928e+01 8.240000e+01 1.536731e+01
    endloop
  endfacet
  facet normal -5.322217e-02 -0.000000e+00 -9.985827e-01
    outer loop
      vertex   8.283287e+01 8.440000e+01 1.954292e+01
      vertex   8.283287e+01 8.240000e+01 1.954292e+01
      vertex   8.270000e+01 8.440000e+01 1.955000e+01
    endloop
  endfacet
  facet normal -5.322217e-02 -0.000000e+00 -9.985827e-01
    outer loop
      vertex   8.270000e+01 8.440000e+01 1.955000e+01
      vertex   8.283287e+01 8.240000e+01 1.954292e+01
      vertex   8.270000e+01 8.240000e+01 1.955000e+01
    endloop
  endfacet
  facet normal 5.322217e-02 0.000000e+00 -9.985827e-01
    outer loop
      vertex   8.270000e+01 8.440000e+01 1.955000e+01
      vertex   8.270000e+01 8.240000e+01 1.955000e+01
      vertex   8.256713e+01 8.440000e+01 1.954292e+01
    endloop
  endfacet
  facet normal 5.322217e-02 0.000000e+00 -9.985827e-01
    outer loop
      vertex   8.256713e+01 8.440000e+01 1.954292e+01
      vertex   8.270000e+01 8.240000e+01 1.955000e+01
      vertex   8.256713e+01 8.240000e+01 1.954292e+01
    endloop
  endfacet
  facet normal 1.590635e-01 0.000000e+00 -9.872684e-01
    outer loop
      vertex   8.256713e+01 8.440000e+01 1.954292e+01
      vertex   8.256713e+01 8.240000e+01 1.954292e+01
      vertex   8.243577e+01 8.440000e+01 1.952175e+01
    endloop
  endfacet
  facet normal 1.590635e-01 0.000000e+00 -9.872684e-01
    outer loop
      vertex   8.243577e+01 8.440000e+01 1.952175e+01
      vertex   8.256713e+01 8.240000e+01 1.954292e+01
      vertex   8.243577e+01 8.240000e+01 1.952175e+01
    endloop
  endfacet
  facet normal 2.631026e-01 0.000000e+00 -9.647679e-01
    outer loop
      vertex   8.243577e+01 8.440000e+01 1.952175e+01
      vertex   8.243577e+01 8.240000e+01 1.952175e+01
      vertex   8.230740e+01 8.440000e+01 1.948675e+01
    endloop
  endfacet
  facet normal 2.631026e-01 0.000000e+00 -9.647679e-01
    outer loop
      vertex   8.230740e+01 8.440000e+01 1.948675e+01
      vertex   8.243577e+01 8.240000e+01 1.952175e+01
      vertex   8.230740e+01 8.240000e+01 1.948675e+01
    endloop
  endfacet
  facet normal 3.641606e-01 0.000000e+00 -9.313362e-01
    outer loop
      vertex   8.230740e+01 8.440000e+01 1.948675e+01
      vertex   8.230740e+01 8.240000e+01 1.948675e+01
      vertex   8.218348e+01 8.440000e+01 1.943829e+01
    endloop
  endfacet
  facet normal 3.641606e-01 0.000000e+00 -9.313362e-01
    outer loop
      vertex   8.218348e+01 8.440000e+01 1.943829e+01
      vertex   8.230740e+01 8.240000e+01 1.948675e+01
      vertex   8.218348e+01 8.240000e+01 1.943829e+01
    endloop
  endfacet
  facet normal 4.610925e-01 0.000000e+00 -8.873521e-01
    outer loop
      vertex   8.218348e+01 8.440000e+01 1.943829e+01
      vertex   8.218348e+01 8.240000e+01 1.943829e+01
      vertex   8.206542e+01 8.440000e+01 1.937694e+01
    endloop
  endfacet
  facet normal 4.610925e-01 0.000000e+00 -8.873521e-01
    outer loop
      vertex   8.206542e+01 8.440000e+01 1.937694e+01
      vertex   8.218348e+01 8.240000e+01 1.943829e+01
      vertex   8.206542e+01 8.240000e+01 1.937694e+01
    endloop
  endfacet
  facet normal 5.528001e-01 0.000000e+00 -8.333139e-01
    outer loop
      vertex   8.206542e+01 8.440000e+01 1.937694e+01
      vertex   8.206542e+01 8.240000e+01 1.937694e+01
      vertex   8.195454e+01 8.440000e+01 1.930339e+01
    endloop
  endfacet
  facet normal 5.528001e-01 0.000000e+00 -8.333139e-01
    outer loop
      vertex   8.195454e+01 8.440000e+01 1.930339e+01
      vertex   8.206542e+01 8.240000e+01 1.937694e+01
      vertex   8.195454e+01 8.240000e+01 1.930339e+01
    endloop
  endfacet
  facet normal 6.382442e-01 0.000000e+00 -7.698340e-01
    outer loop
      vertex   8.195454e+01 8.440000e+01 1.930339e+01
      vertex   8.195454e+01 8.240000e+01 1.930339e+01
      vertex   8.185211e+01 8.440000e+01 1.921847e+01
    endloop
  endfacet
  facet normal 6.382442e-01 0.000000e+00 -7.698340e-01
    outer loop
      vertex   8.185211e+01 8.440000e+01 1.921847e+01
      vertex   8.195454e+01 8.240000e+01 1.930339e+01
      vertex   8.185211e+01 8.240000e+01 1.921847e+01
    endloop
  endfacet
  facet normal 7.164567e-01 0.000000e+00 -6.976315e-01
    outer loop
      vertex   8.185211e+01 8.440000e+01 1.921847e+01
      vertex   8.185211e+01 8.240000e+01 1.921847e+01
      vertex   8.175929e+01 8.440000e+01 1.912314e+01
    endloop
  endfacet
  facet normal 7.164567e-01 0.000000e+00 -6.976315e-01
    outer loop
      vertex   8.175929e+01 8.440000e+01 1.912314e+01
      vertex   8.185211e+01 8.240000e+01 1.921847e+01
      vertex   8.175929e+01 8.240000e+01 1.912314e+01
    endloop
  endfacet
  facet normal 7.865516e-01 0.000000e+00 -6.175246e-01
    outer loop
      vertex   8.175929e+01 8.440000e+01 1.912314e+01
      vertex   8.175929e+01 8.240000e+01 1.912314e+01
      vertex   8.167712e+01 8.440000e+01 1.901848e+01
    endloop
  endfacet
  facet normal 7.865516e-01 0.000000e+00 -6.175246e-01
    outer loop
      vertex   8.167712e+01 8.440000e+01 1.901848e+01
      vertex   8.175929e+01 8.240000e+01 1.912314e+01
      vertex   8.167712e+01 8.240000e+01 1.901848e+01
    endloop
  endfacet
  facet normal 8.477344e-01 0.000000e+00 -5.304209e-01
    outer loop
      vertex   8.167712e+01 8.440000e+01 1.901848e+01
      vertex   8.167712e+01 8.240000e+01 1.901848e+01
      vertex   8.160655e+01 8.440000e+01 1.890569e+01
    endloop
  endfacet
  facet normal 8.477344e-01 0.000000e+00 -5.304209e-01
    outer loop
      vertex   8.160655e+01 8.440000e+01 1.890569e+01
      vertex   8.167712e+01 8.240000e+01 1.901848e+01
      vertex   8.160655e+01 8.240000e+01 1.890569e+01
    endloop
  endfacet
  facet normal 8.993121e-01 0.000000e+00 -4.373073e-01
    outer loop
      vertex   8.160655e+01 8.440000e+01 1.890569e+01
      vertex   8.160655e+01 8.240000e+01 1.890569e+01
      vertex   8.154836e+01 8.440000e+01 1.878603e+01
    endloop
  endfacet
  facet normal 8.993121e-01 0.000000e+00 -4.373073e-01
    outer loop
      vertex   8.154836e+01 8.440000e+01 1.878603e+01
      vertex   8.160655e+01 8.240000e+01 1.890569e+01
      vertex   8.154836e+01 8.240000e+01 1.878603e+01
    endloop
  endfacet
  facet normal 9.407003e-01 0.000000e+00 -3.392389e-01
    outer loop
      vertex   8.154836e+01 8.440000e+01 1.878603e+01
      vertex   8.154836e+01 8.240000e+01 1.878603e+01
      vertex   8.150322e+01 8.440000e+01 1.866086e+01
    endloop
  endfacet
  facet normal 9.407003e-01 0.000000e+00 -3.392389e-01
    outer loop
      vertex   8.150322e+01 8.440000e+01 1.866086e+01
      vertex   8.154836e+01 8.240000e+01 1.878603e+01
      vertex   8.150322e+01 8.240000e+01 1.866086e+01
    endloop
  endfacet
  facet normal 9.714299e-01 0.000000e+00 -2.373267e-01
    outer loop
      vertex   8.150322e+01 8.440000e+01 1.866086e+01
      vertex   8.150322e+01 8.240000e+01 1.866086e+01
      vertex   8.147164e+01 8.440000e+01 1.853161e+01
    endloop
  endfacet
  facet normal 9.714299e-01 0.000000e+00 -2.373267e-01
    outer loop
      vertex   8.147164e+01 8.440000e+01 1.853161e+01
      vertex   8.150322e+01 8.240000e+01 1.866086e+01
      vertex   8.147164e+01 8.240000e+01 1.853161e+01
    endloop
  endfacet
  facet normal 9.911528e-01 0.000000e+00 -1.327255e-01
    outer loop
      vertex   8.147164e+01 8.440000e+01 1.853161e+01
      vertex   8.147164e+01 8.240000e+01 1.853161e+01
      vertex   8.145398e+01 8.440000e+01 1.839973e+01
    endloop
  endfacet
  facet normal 9.911528e-01 0.000000e+00 -1.327255e-01
    outer loop
      vertex   8.145398e+01 8.440000e+01 1.839973e+01
      vertex   8.147164e+01 8.240000e+01 1.853161e+01
      vertex   8.145398e+01 8.240000e+01 1.839973e+01
    endloop
  endfacet
  facet normal 9.996456e-01 0.000000e+00 -2.662052e-02
    outer loop
      vertex   8.145398e+01 8.440000e+01 1.839973e+01
      vertex   8.145398e+01 8.240000e+01 1.839973e+01
      vertex   8.145044e+01 8.440000e+01 1.826672e+01
    endloop
  endfacet
  facet normal 9.996456e-01 0.000000e+00 -2.662052e-02
    outer loop
      vertex   8.145044e+01 8.440000e+01 1.826672e+01
      vertex   8.145398e+01 8.240000e+01 1.839973e+01
      vertex   8.145044e+01 8.240000e+01 1.826672e+01
    endloop
  endfacet
  facet normal 9.968120e-01 0.000000e+00 7.978611e-02
    outer loop
      vertex   8.145044e+01 8.440000e+01 1.826672e+01
      vertex   8.145044e+01 8.240000e+01 1.826672e+01
      vertex   8.146106e+01 8.440000e+01 1.813409e+01
    endloop
  endfacet
  facet normal 9.968120e-01 0.000000e+00 7.978611e-02
    outer loop
      vertex   8.146106e+01 8.440000e+01 1.813409e+01
      vertex   8.145044e+01 8.240000e+01 1.826672e+01
      vertex   8.146106e+01 8.240000e+01 1.813409e+01
    endloop
  endfacet
  facet normal 9.826841e-01 0.000000e+00 1.852887e-01
    outer loop
      vertex   8.146106e+01 8.440000e+01 1.813409e+01
      vertex   8.146106e+01 8.240000e+01 1.813409e+01
      vertex   8.148571e+01 8.440000e+01 1.800334e+01
    endloop
  endfacet
  facet normal 9.826841e-01 0.000000e+00 1.852887e-01
    outer loop
      vertex   8.148571e+01 8.440000e+01 1.800334e+01
      vertex   8.146106e+01 8.240000e+01 1.813409e+01
      vertex   8.148571e+01 8.240000e+01 1.800334e+01
    endloop
  endfacet
  facet normal 9.574220e-01 0.000000e+00 2.886919e-01
    outer loop
      vertex   8.148571e+01 8.440000e+01 1.800334e+01
      vertex   8.148571e+01 8.240000e+01 1.800334e+01
      vertex   8.152412e+01 8.440000e+01 1.787595e+01
    endloop
  endfacet
  facet normal 9.574220e-01 0.000000e+00 2.886919e-01
    outer loop
      vertex   8.152412e+01 8.440000e+01 1.787595e+01
      vertex   8.148571e+01 8.240000e+01 1.800334e+01
      vertex   8.152412e+01 8.240000e+01 1.787595e+01
    endloop
  endfacet
  facet normal 9.213120e-01 0.000000e+00 3.888242e-01
    outer loop
      vertex   8.152412e+01 8.440000e+01 1.787595e+01
      vertex   8.152412e+01 8.240000e+01 1.787595e+01
      vertex   8.157586e+01 8.440000e+01 1.775337e+01
    endloop
  endfacet
  facet normal 9.213120e-01 0.000000e+00 3.888242e-01
    outer loop
      vertex   8.157586e+01 8.440000e+01 1.775337e+01
      vertex   8.152412e+01 8.240000e+01 1.787595e+01
      vertex   8.157586e+01 8.240000e+01 1.775337e+01
    endloop
  endfacet
  facet normal 8.747631e-01 0.000000e+00 4.845509e-01
    outer loop
      vertex   8.157586e+01 8.440000e+01 1.775337e+01
      vertex   8.157586e+01 8.240000e+01 1.775337e+01
      vertex   8.164033e+01 8.440000e+01 1.763697e+01
    endloop
  endfacet
  facet normal 8.747631e-01 0.000000e+00 4.845509e-01
    outer loop
      vertex   8.164033e+01 8.440000e+01 1.763697e+01
      vertex   8.157586e+01 8.240000e+01 1.775337e+01
      vertex   8.164033e+01 8.240000e+01 1.763697e+01
    endloop
  endfacet
  facet normal 8.183028e-01 0.000000e+00 5.747874e-01
    outer loop
      vertex   8.164033e+01 8.440000e+01 1.763697e+01
      vertex   8.164033e+01 8.240000e+01 1.763697e+01
      vertex   8.171681e+01 8.440000e+01 1.752809e+01
    endloop
  endfacet
  facet normal 8.183028e-01 0.000000e+00 5.747874e-01
    outer loop
      vertex   8.171681e+01 8.440000e+01 1.752809e+01
      vertex   8.164033e+01 8.240000e+01 1.763697e+01
      vertex   8.171681e+01 8.240000e+01 1.752809e+01
    endloop
  endfacet
  facet normal 7.525708e-01 0.000000e+00 6.585114e-01
    outer loop
      vertex   8.171681e+01 8.440000e+01 1.752809e+01
      vertex   8.171681e+01 8.240000e+01 1.752809e+01
      vertex   8.180443e+01 8.440000e+01 1.742796e+01
    endloop
  endfacet
  facet normal 7.525708e-01 0.000000e+00 6.585114e-01
    outer loop
      vertex   8.180443e+01 8.440000e+01 1.742796e+01
      vertex   8.171681e+01 8.240000e+01 1.752809e+01
      vertex   8.180443e+01 8.240000e+01 1.742796e+01
    endloop
  endfacet
  facet normal 6.783118e-01 0.000000e+00 7.347742e-01
    outer loop
      vertex   8.180443e+01 8.440000e+01 1.742796e+01
      vertex   8.180443e+01 8.240000e+01 1.742796e+01
      vertex   8.190219e+01 8.440000e+01 1.733771e+01
    endloop
  endfacet
  facet normal 6.783118e-01 0.000000e+00 7.347742e-01
    outer loop
      vertex   8.190219e+01 8.440000e+01 1.733771e+01
      vertex   8.180443e+01 8.240000e+01 1.742796e+01
      vertex   8.190219e+01 8.240000e+01 1.733771e+01
    endloop
  endfacet
  facet normal 5.963674e-01 0.000000e+00 8.027116e-01
    outer loop
      vertex   8.190219e+01 8.440000e+01 1.733771e+01
      vertex   8.190219e+01 8.240000e+01 1.733771e+01
      vertex   8.200900e+01 8.440000e+01 1.725836e+01
    endloop
  endfacet
  facet normal 5.963674e-01 0.000000e+00 8.027116e-01
    outer loop
      vertex   8.200900e+01 8.440000e+01 1.725836e+01
      vertex   8.190219e+01 8.240000e+01 1.733771e+01
      vertex   8.200900e+01 8.240000e+01 1.725836e+01
    endloop
  endfacet
  facet normal 5.076658e-01 0.000000e+00 8.615541e-01
    outer loop
      vertex   8.200900e+01 8.440000e+01 1.725836e+01
      vertex   8.200900e+01 8.240000e+01 1.725836e+01
      vertex   8.212363e+01 8.440000e+01 1.719081e+01
    endloop
  endfacet
  facet normal 5.076658e-01 0.000000e+00 8.615541e-01
    outer loop
      vertex   8.212363e+01 8.440000e+01 1.719081e+01
      vertex   8.200900e+01 8.240000e+01 1.725836e+01
      vertex   8.212363e+01 8.240000e+01 1.719081e+01
    endloop
  endfacet
  facet normal 4.132122e-01 0.000000e+00 9.106348e-01
    outer loop
      vertex   8.212363e+01 8.440000e+01 1.719081e+01
      vertex   8.212363e+01 8.240000e+01 1.719081e+01
      vertex   8.224480e+01 8.440000e+01 1.713583e+01
    endloop
  endfacet
  facet normal 4.132122e-01 0.000000e+00 9.106348e-01
    outer loop
      vertex   8.224480e+01 8.440000e+01 1.713583e+01
      vertex   8.212363e+01 8.240000e+01 1.719081e+01
      vertex   8.224480e+01 8.240000e+01 1.713583e+01
    endloop
  endfacet
  facet normal 3.140767e-01 0.000000e+00 9.493976e-01
    outer loop
      vertex   8.224480e+01 8.440000e+01 1.713583e+01
      vertex   8.224480e+01 8.240000e+01 1.713583e+01
      vertex   8.237112e+01 8.440000e+01 1.709404e+01
    endloop
  endfacet
  facet normal 3.140767e-01 0.000000e+00 9.493976e-01
    outer loop
      vertex   8.237112e+01 8.440000e+01 1.709404e+01
      vertex   8.224480e+01 8.240000e+01 1.713583e+01
      vertex   8.237112e+01 8.240000e+01 1.709404e+01
    endloop
  endfacet
  facet normal 2.113826e-01 0.000000e+00 9.774034e-01
    outer loop
      vertex   8.237112e+01 8.440000e+01 1.709404e+01
      vertex   8.237112e+01 8.240000e+01 1.709404e+01
      vertex   8.250117e+01 8.440000e+01 1.706591e+01
    endloop
  endfacet
  facet normal 2.113826e-01 0.000000e+00 9.774034e-01
    outer loop
      vertex   8.250117e+01 8.440000e+01 1.706591e+01
      vertex   8.237112e+01 8.240000e+01 1.709404e+01
      vertex   8.250117e+01 8.240000e+01 1.706591e+01
    endloop
  endfacet
  facet normal 1.062935e-01 0.000000e+00 9.943348e-01
    outer loop
      vertex   8.250117e+01 8.440000e+01 1.706591e+01
      vertex   8.250117e+01 8.240000e+01 1.706591e+01
      vertex   8.263347e+01 8.440000e+01 1.705177e+01
    endloop
  endfacet
  facet normal 1.062935e-01 0.000000e+00 9.943348e-01
    outer loop
      vertex   8.263347e+01 8.440000e+01 1.705177e+01
      vertex   8.250117e+01 8.240000e+01 1.706591e+01
      vertex   8.263347e+01 8.240000e+01 1.705177e+01
    endloop
  endfacet
  facet normal -0.000000e+00 0.000000e+00 1.000000e+00
    outer loop
      vertex   8.263347e+01 8.440000e+01 1.705177e+01
      vertex   8.263347e+01 8.240000e+01 1.705177e+01
      vertex   8.276653e+01 8.440000e+01 1.705177e+01
    endloop
  endfacet
  facet normal 0.000000e+00 0.000000e+00 1.000000e+00
    outer loop
      vertex   8.276653e+01 8.440000e+01 1.705177e+01
      vertex   8.263347e+01 8.240000e+01 1.705177e+01
      vertex   8.276653e+01 8.240000e+01 1.705177e+01
    endloop
  endfacet
  facet normal -1.062935e-01 0.000000e+00 9.943348e-01
    outer loop
      vertex   8.276653e+01 8.440000e+01 1.705177e+01
      vertex   8.276653e+01 8.240000e+01 1.705177e+01
      vertex   8.289883e+01 8.440000e+01 1.706591e+01
    endloop
  endfacet
  facet normal -1.062935e-01 0.000000e+00 9.943348e-01
    outer loop
      vertex   8.289883e+01 8.440000e+01 1.706591e+01
      vertex   8.276653e+01 8.240000e+01 1.705177e+01
      vertex   8.289883e+01 8.240000e+01 1.706591e+01
    endloop
  endfacet
  facet normal -2.113826e-01 0.000000e+00 9.774034e-01
    outer loop
      vertex   8.289883e+01 8.440000e+01 1.706591e+01
      vertex   8.289883e+01 8.240000e+01 1.706591e+01
      vertex   8.302888e+01 8.440000e+01 1.709404e+01
    endloop
  endfacet
  facet normal -2.113826e-01 0.000000e+00 9.774034e-01
    outer loop
      vertex   8.302888e+01 8.440000e+01 1.709404e+01
      vertex   8.289883e+01 8.240000e+01 1.706591e+01
      vertex   8.302888e+01 8.240000e+01 1.709404e+01
    endloop
  endfacet
  facet normal -3.140767e-01 0.000000e+00 9.493976e-01
    outer loop
      vertex   8.302888e+01 8.440000e+01 1.709404e+01
      vertex   8.302888e+01 8.240000e+01 1.709404e+01
      vertex   8.315520e+01 8.440000e+01 1.713583e+01
    endloop
  endfacet
  facet normal -3.140767e-01 0.000000e+00 9.493976e-01
    outer loop
      vertex   8.315520e+01 8.440000e+01 1.713583e+01
      vertex   8.302888e+01 8.240000e+01 1.709404e+01
      vertex   8.315520e+01 8.240000e+01 1.713583e+01
    endloop
  endfacet
  facet normal -4.132122e-01 0.000000e+00 9.106348e-01
    outer loop
      vertex   8.315520e+01 8.440000e+01 1.713583e+01
      vertex   8.315520e+01 8.240000e+01 1.713583e+01
      vertex   8.327637e+01 8.440000e+01 1.719081e+01
    endloop
  endfacet
  facet normal -4.132122e-01 0.000000e+00 9.106348e-01
    outer loop
      vertex   8.327637e+01 8.440000e+01 1.719081e+01
      vertex   8.315520e+01 8.240000e+01 1.713583e+01
      vertex   8.327637e+01 8.240000e+01 1.719081e+01
    endloop
  endfacet
  facet normal -5.076658e-01 0.000000e+00 8.615541e-01
    outer loop
      vertex   8.327637e+01 8.440000e+01 1.719081e+01
      vertex   8.327637e+01 8.240000e+01 1.719081e+01
      vertex   8.339100e+01 8.440000e+01 1.725836e+01
    endloop
  endfacet
  facet normal -5.076658e-01 0.000000e+00 8.615541e-01
    outer loop
      vertex   8.339100e+01 8.440000e+01 1.725836e+01
      vertex   8.327637e+01 8.240000e+01 1.719081e+01
      vertex   8.339100e+01 8.240000e+01 1.725836e+01
    endloop
  endfacet
  facet normal -5.963674e-01 0.000000e+00 8.027116e-01
    outer loop
      vertex   8.339100e+01 8.440000e+01 1.725836e+01
      vertex   8.339100e+01 8.240000e+01 1.725836e+01
      vertex   8.349781e+01 8.440000e+01 1.733771e+01
    endloop
  endfacet
  facet normal -5.963674e-01 0.000000e+00 8.027116e-01
    outer loop
      vertex   8.349781e+01 8.440000e+01 1.733771e+01
      vertex   8.339100e+01 8.240000e+01 1.725836e+01
      vertex   8.349781e+01 8.240000e+01 1.733771e+01
    endloop
  endfacet
  facet normal -6.783118e-01 0.000000e+00 7.347742e-01
    outer loop
      vertex   8.349781e+01 8.440000e+01 1.733771e+01
      vertex   8.349781e+01 8.240000e+01 1.733771e+01
      vertex   8.359557e+01 8.440000e+01 1.742796e+01
    endloop
  endfacet
  facet normal -6.783118e-01 0.000000e+00 7.347742e-01
    outer loop
      vertex   8.359557e+01 8.440000e+01 1.742796e+01
      vertex   8.349781e+01 8.240000e+01 1.733771e+01
      vertex   8.359557e+01 8.240000e+01 1.742796e+01
    endloop
  endfacet
  facet normal -7.525708e-01 0.000000e+00 6.585114e-01
    outer loop
      vertex   8.359557e+01 8.440000e+01 1.742796e+01
      vertex   8.359557e+01 8.240000e+01 1.742796e+01
      vertex   8.368319e+01 8.440000e+01 1.752809e+01
    endloop
  endfacet
  facet normal -7.525708e-01 0.000000e+00 6.585114e-01
    outer loop
      vertex   8.368319e+01 8.440000e+01 1.752809e+01
      vertex   8.359557e+01 8.240000e+01 1.742796e+01
      vertex   8.368319e+01 8.240000e+01 1.752809e+01
    endloop
  endfacet
  facet normal -8.183028e-01 0.000000e+00 5.747874e-01
    outer loop
      vertex   8.368319e+01 8.440000e+01 1.752809e+01
      vertex   8.368319e+01 8.240000e+01 1.752809e+01
      vertex   8.375967e+01 8.440000e+01 1.763697e+01
    endloop
  endfacet
  facet normal -8.183028e-01 0.000000e+00 5.747874e-01
    outer loop
      vertex   8.375967e+01 8.440000e+01 1.763697e+01
      vertex   8.368319e+01 8.240000e+01 1.752809e+01
      vertex   8.375967e+01 8.240000e+01 1.763697e+01
    endloop
  endfacet
  facet normal -8.747631e-01 0.000000e+00 4.845509e-01
    outer loop
      vertex   8.375967e+01 8.440000e+01 1.763697e+01
      vertex   8.375967e+01 8.240000e+01 1.763697e+01
      vertex   8.382414e+01 8.440000e+01 1.775337e+01
    endloop
  endfacet
  facet normal -8.747631e-01 0.000000e+00 4.845509e-01
    outer loop
      vertex   8.382414e+01 8.440000e+01 1.775337e+01
      vertex   8.375967e+01 8.240000e+01 1.763697e+01
      vertex   8.382414e+01 8.240000e+01 1.775337e+01
    endloop
  endfacet
  facet normal -9.213120e-01 0.000000e+00 3.888242e-01
    outer loop
      vertex   8.382414e+01 8.440000e+01 1.775337e+01
      vertex   8.382414e+01 8.240000e+01 1.775337e+01
      vertex   8.387588e+01 8.440000e+01 1.787595e+01
    endloop
  endfacet
  facet normal -9.213120e-01 0.000000e+00 3.888242e-01
    outer loop
      vertex   8.387588e+01 8.440000e+01 1.787595e+01
      vertex   8.382414e+01 8.240000e+01 1.775337e+01
      vertex   8.387588e+01 8.240000e+01 1.787595e+01
    endloop
  endfacet
  facet normal -9.574220e-01 0.000000e+00 2.886919e-01
    outer loop
      vertex   8.387588e+01 8.440000e+01 1.787595e+01
      vertex   8.387588e+01 8.240000e+01 1.787595e+01
      vertex   8.391429e+01 8.440000e+01 1.800334e+01
    endloop
  endfacet
  facet normal -9.574220e-01 0.000000e+00 2.886919e-01
    outer loop
      vertex   8.391429e+01 8.440000e+01 1.800334e+01
      vertex   8.387588e+01 8.240000e+01 1.787595e+01
      vertex   8.391429e+01 8.240000e+01 1.800334e+01
    endloop
  endfacet
  facet normal -9.826841e-01 0.000000e+00 1.852887e-01
    outer loop
      vertex   8.391429e+01 8.440000e+01 1.800334e+01
      vertex   8.391429e+01 8.240000e+01 1.800334e+01
      vertex   8.393894e+01 8.440000e+01 1.813409e+01
    endloop
  endfacet
  facet normal -9.826841e-01 0.000000e+00 1.852887e-01
    outer loop
      vertex   8.393894e+01 8.440000e+01 1.813409e+01
      vertex   8.391429e+01 8.240000e+01 1.800334e+01
      vertex   8.393894e+01 8.240000e+01 1.813409e+01
    endloop
  endfacet
  facet normal -9.968120e-01 0.000000e+00 7.978611e-02
    outer loop
      vertex   8.393894e+01 8.440000e+01 1.813409e+01
      vertex   8.393894e+01 8.240000e+01 1.813409e+01
      vertex   8.394956e+01 8.440000e+01 1.826672e+01
    endloop
  endfacet
  facet normal -9.968120e-01 0.000000e+00 7.978611e-02
    outer loop
      vertex   8.394956e+01 8.440000e+01 1.826672e+01
      vertex   8.393894e+01 8.240000e+01 1.813409e+01
      vertex   8.394956e+01 8.240000e+01 1.826672e+01
    endloop
  endfacet
  facet normal -9.996456e-01 -0.000000e+00 -2.662052e-02
    outer loop
      vertex   8.394956e+01 8.440000e+01 1.826672e+01
      vertex   8.394956e+01 8.240000e+01 1.826672e+01
      vertex   8.394602e+01 8.440000e+01 1.839973e+01
    endloop
  endfacet
  facet normal -9.996456e-01 -0.000000e+00 -2.662052e-02
    outer loop
      vertex   8.394602e+01 8.440000e+01 1.839973e+01
      vertex   8.394956e+01 8.240000e+01 1.826672e+01
      vertex   8.394602e+01 8.240000e+01 1.839973e+01
    endloop
  endfacet
  facet normal -9.911528e-01 -0.000000e+00 -1.327255e-01
    outer loop
      vertex   8.394602e+01 8.440000e+01 1.839973e+01
      vertex   8.394602e+01 8.240000e+01 1.839973e+01
      vertex   8.392836e+01 8.440000e+01 1.853161e+01
    endloop
  endfacet
  facet normal -9.911528e-01 -0.000000e+00 -1.327255e-01
    outer loop
      vertex   8.392836e+01 8.440000e+01 1.853161e+01
      vertex   8.394602e+01 8.240000e+01 1.839973e+01
      vertex   8.392836e+01 8.240000e+01 1.853161e+01
    endloop
  endfacet
  facet normal -9.714299e-01 -0.000000e+00 -2.373267e-01
    outer loop
      vertex   8.392836e+01 8.440000e+01 1.853161e+01
      vertex   8.392836e+01 8.240000e+01 1.853161e+01
      vertex   8.389678e+01 8.440000e+01 1.866086e+01
    endloop
  endfacet
  facet normal -9.714299e-01 -0.000000e+00 -2.373267e-01
    outer loop
      vertex   8.389678e+01 8.440000e+01 1.866086e+01
      vertex   8.392836e+01 8.240000e+01 1.853161e+01
      vertex   8.389678e+01 8.240000e+01 1.866086e+01
    endloop
  endfacet
  facet normal -9.407003e-01 -0.000000e+00 -3.392389e-01
    outer loop
      vertex   8.389678e+01 8.440000e+01 1.866086e+01
      vertex   8.389678e+01 8.240000e+01 1.866086e+01
      vertex   8.385164e+01 8.440000e+01 1.878603e+01
    endloop
  endfacet
  facet normal -9.407003e-01 -0.000000e+00 -3.392389e-01
    outer loop
      vertex   8.385164e+01 8.440000e+01 1.878603e+01
      vertex   8.389678e+01 8.240000e+01 1.866086e+01
      vertex   8.385164e+01 8.240000e+01 1.878603e+01
    endloop
  endfacet
  facet normal -8.993121e-01 -0.000000e+00 -4.373073e-01
    outer loop
      vertex   8.385164e+01 8.440000e+01 1.878603e+01
      vertex   8.385164e+01 8.240000e+01 1.878603e+01
      vertex   8.379345e+01 8.440000e+01 1.890569e+01
    endloop
  endfacet
  facet normal -8.993121e-01 -0.000000e+00 -4.373073e-01
    outer loop
      vertex   8.379345e+01 8.440000e+01 1.890569e+01
      vertex   8.385164e+01 8.240000e+01 1.878603e+01
      vertex   8.379345e+01 8.240000e+01 1.890569e+01
    endloop
  endfacet
  facet normal -8.477344e-01 -0.000000e+00 -5.304209e-01
    outer loop
      vertex   8.379345e+01 8.440000e+01 1.890569e+01
      vertex   8.379345e+01 8.240000e+01 1.890569e+01
      vertex   8.372288e+01 8.440000e+01 1.901848e+01
    endloop
  endfacet
  facet normal -8.477344e-01 -0.000000e+00 -5.304209e-01
    outer loop
      vertex   8.372288e+01 8.440000e+01 1.901848e+01
      vertex   8.379345e+01 8.240000e+01 1.890569e+01
      vertex   8.372288e+01 8.240000e+01 1.901848e+01
    endloop
  endfacet
  facet normal -7.865516e-01 -0.000000e+00 -6.175246e-01
    outer loop
      vertex   8.372288e+01 8.440000e+01 1.901848e+01
      vertex   8.372288e+01 8.240000e+01 1.901848e+01
      vertex   8.364071e+01 8.440000e+01 1.912314e+01
    endloop
  endfacet
  facet normal -7.865516e-01 -0.000000e+00 -6.175246e-01
    outer loop
      vertex   8.364071e+01 8.440000e+01 1.912314e+01
      vertex   8.372288e+01 8.240000e+01 1.901848e+01
      vertex   8.364071e+01 8.240000e+01 1.912314e+01
    endloop
  endfacet
  facet normal -7.164567e-01 -0.000000e+00 -6.976315e-01
    outer loop
      vertex   8.364071e+01 8.440000e+01 1.912314e+01
      vertex   8.364071e+01 8.240000e+01 1.912314e+01
      vertex   8.354789e+01 8.440000e+01 1.921847e+01
    endloop
  endfacet
  facet normal -7.164567e-01 -0.000000e+00 -6.976315e-01
    outer loop
      vertex   8.354789e+01 8.440000e+01 1.921847e+01
      vertex   8.364071e+01 8.240000e+01 1.912314e+01
      vertex   8.354789e+01 8.240000e+01 1.921847e+01
    endloop
  endfacet
  facet normal -6.382442e-01 -0.000000e+00 -7.698340e-01
    outer loop
      vertex   8.354789e+01 8.440000e+01 1.921847e+01
      vertex   8.354789e+01 8.240000e+01 1.921847e+01
      vertex   8.344546e+01 8.440000e+01 1.930339e+01
    endloop
  endfacet
  facet normal -6.382442e-01 -0.000000e+00 -7.698340e-01
    outer loop
      vertex   8.344546e+01 8.440000e+01 1.930339e+01
      vertex   8.354789e+01 8.240000e+01 1.921847e+01
      vertex   8.344546e+01 8.240000e+01 1.930339e+01
    endloop
  endfacet
  facet normal -5.528001e-01 -0.000000e+00 -8.333139e-01
    outer loop
      vertex   8.344546e+01 8.440000e+01 1.930339e+01
      vertex   8.344546e+01 8.240000e+01 1.930339e+01
      vertex   8.333458e+01 8.440000e+01 1.937694e+01
    endloop
  endfacet
  facet normal -5.528001e-01 -0.000000e+00 -8.333139e-01
    outer loop
      vertex   8.333458e+01 8.440000e+01 1.937694e+01
      vertex   8.344546e+01 8.240000e+01 1.930339e+01
      vertex   8.333458e+01 8.240000e+01 1.937694e+01
    endloop
  endfacet
  facet normal -4.610925e-01 -0.000000e+00 -8.873521e-01
    outer loop
      vertex   8.333458e+01 8.440000e+01 1.937694e+01
      vertex   8.333458e+01 8.240000e+01 1.937694e+01
      vertex   8.321652e+01 8.440000e+01 1.943829e+01
    endloop
  endfacet
  facet normal -4.610925e-01 -0.000000e+00 -8.873521e-01
    outer loop
      vertex   8.321652e+01 8.440000e+01 1.943829e+01
      vertex   8.333458e+01 8.240000e+01 1.937694e+01
      vertex   8.321652e+01 8.240000e+01 1.943829e+01
    endloop
  endfacet
  facet normal -3.641606e-01 -0.000000e+00 -9.313362e-01
    outer loop
      vertex   8.321652e+01 8.440000e+01 1.943829e+01
      vertex   8.321652e+01 8.240000e+01 1.943829e+01
      vertex   8.309260e+01 8.440000e+01 1.948675e+01
    endloop
  endfacet
  facet normal -3.641606e-01 -0.000000e+00 -9.313362e-01
    outer loop
      vertex   8.309260e+01 8.440000e+01 1.948675e+01
      vertex   8.321652e+01 8.240000e+01 1.943829e+01
      vertex   8.309260e+01 8.240000e+01 1.948675e+01
    endloop
  endfacet
  facet normal -2.631026e-01 -0.000000e+00 -9.647679e-01
    outer loop
      vertex   8.309260e+01 8.440000e+01 1.948675e+01
      vertex   8.309260e+01 8.240000e+01 1.948675e+01
      vertex   8.296423e+01 8.440000e+01 1.952175e+01
    endloop
  endfacet
  facet normal -2.631026e-01 -0.000000e+00 -9.647679e-01
    outer loop
      vertex   8.296423e+01 8.440000e+01 1.952175e+01
      vertex   8.309260e+01 8.240000e+01 1.948675e+01
      vertex   8.296423e+01 8.240000e+01 1.952175e+01
    endloop
  endfacet
  facet normal -1.590635e-01 -0.000000e+00 -9.872684e-01
    outer loop
      vertex   8.296423e+01 8.440000e+01 1.952175e+01
      vertex   8.296423e+01 8.240000e+01 1.952175e+01
      vertex   8.283287e+01 8.440000e+01 1.954292e+01
    endloop
  endfacet
  facet normal -1.590635e-01 -0.000000e+00 -9.872684e-01
    outer loop
      vertex   8.283287e+01 8.440000e+01 1.954292e+01
      vertex   8.296423e+01 8.240000e+01 1.952175e+01
      vertex   8.283287e+01 8.240000e+01 1.954292e+01
    endloop
  endfacet
  facet normal -5.322217e-02 -0.000000e+00 -9.985827e-01
    outer loop
      vertex   9.583287e+01 8.440000e+01 1.954292e+01
      vertex   9.583287e+01 8.240000e+01 1.954292e+01
      vertex   9.570000e+01 8.440000e+01 1.955000e+01
    endloop
  endfacet
  facet normal -5.322217e-02 -0.000000e+00 -9.985827e-01
    outer loop
      vertex   9.570000e+01 8.440000e+01 1.955000e+01
      vertex   9.583287e+01 8.240000e+01 1.954292e+01
      vertex   9.570000e+01 8.240000e+01 1.955000e+01
    endloop
  endfacet
  facet normal 5.322217e-02 0.000000e+00 -9.985827e-01
    outer loop
      vertex   9.570000e+01 8.440000e+01 1.955000e+01
      vertex   9.570000e+01 8.240000e+01 1.955000e+01
      vertex   9.556713e+01 8.440000e+01 1.954292e+01
    endloop
  endfacet
  facet normal 5.322217e-02 0.000000e+00 -9.985827e-01
    outer loop
      vertex   9.556713e+01 8.440000e+01 1.954292e+01
      vertex   9.570000e+01 8.240000e+01 1.955000e+01
      vertex   9.556713e+01 8.240000e+01 1.954292e+01
    endloop
  endfacet
  facet normal 1.590635e-01 0.000000e+00 -9.872684e-01
    outer loop
      vertex   9.556713e+01 8.440000e+01 1.954292e+01
      vertex   9.556713e+01 8.240000e+01 1.954292e+01
      vertex   9.543577e+01 8.440000e+01 1.952175e+01
    endloop
  endfacet
  facet normal 1.590635e-01 0.000000e+00 -9.872684e-01
    outer loop
      vertex   9.543577e+01 8.440000e+01 1.952175e+01
      vertex   9.556713e+01 8.240000e+01 1.954292e+01
      vertex   9.543577e+01 8.240000e+01 1.952175e+01
    endloop
  endfacet
  facet normal 2.631026e-01 0.000000e+00 -9.647679e-01
    outer loop
      vertex   9.543577e+01 8.440000e+01 1.952175e+01
      vertex   9.543577e+01 8.240000e+01 1.952175e+01
      vertex   9.530740e+01 8.440000e+01 1.948675e+01
    endloop
  endfacet
  facet normal 2.631026e-01 0.000000e+00 -9.647679e-01
    outer loop
      vertex   9.530740e+01 8.440000e+01 1.948675e+01
      vertex   9.543577e+01 8.240000e+01 1.952175e+01
      vertex   9.530740e+01 8.240000e+01 1.948675e+01
    endloop
  endfacet
  facet normal 3.641606e-01 0.000000e+00 -9.313362e-01
    outer loop
      vertex   9.530740e+01 8.440000e+01 1.948675e+01
      vertex   9.530740e+01 8.240000e+01 1.948675e+01
      vertex   9.518348e+01 8.440000e+01 1.943829e+01
    endloop
  endfacet
  facet normal 3.641606e-01 0.000000e+00 -9.313362e-01
    outer loop
      vertex   9.518348e+01 8.440000e+01 1.943829e+01
      vertex   9.530740e+01 8.240000e+01 1.948675e+01
      vertex   9.518348e+01 8.240000e+01 1.943829e+01
    endloop
  endfacet
  facet normal 4.610925e-01 0.000000e+00 -8.873521e-01
    outer loop
      vertex   9.518348e+01 8.440000e+01 1.943829e+01
      vertex   9.518348e+01 8.240000e+01 1.943829e+01
      vertex   9.506542e+01 8.440000e+01 1.937694e+01
    endloop
  endfacet
  facet normal 4.610925e-01 0.000000e+00 -8.873521e-01
    outer loop
      vertex   9.506542e+01 8.440000e+01 1.937694e+01
      vertex   9.518348e+01 8.240000e+01 1.943829e+01
      vertex   9.506542e+01 8.240000e+01 1.937694e+01
    endloop
  endfacet
  facet normal 5.528001e-01 0.000000e+00 -8.333139e-01
    outer loop
      vertex   9.506542e+01 8.440000e+01 1.937694e+01
      vertex   9.506542e+01 8.240000e+01 1.937694e+01
      vertex   9.495454e+01 8.440000e+01 1.930339e+01
    endloop
  endfacet
  facet normal 5.528001e-01 0.000000e+00 -8.333139e-01
    outer loop
      vertex   9.495454e+01 8.440000e+01 1.930339e+01
      vertex   9.506542e+01 8.240000e+01 1.937694e+01
      vertex   9.495454e+01 8.240000e+01 1.930339e+01
    endloop
  endfacet
  facet normal 6.382442e-01 0.000000e+00 -7.698340e-01
    outer loop
      vertex   9.495454e+01 8.440000e+01 1.930339e+01
      vertex   9.495454e+01 8.240000e+01 1.930339e+01
      vertex   9.485211e+01 8.440000e+01 1.921847e+01
    endloop
  endfacet
  facet normal 6.382442e-01 0.000000e+00 -7.698340e-01
    outer loop
      vertex   9.485211e+01 8.440000e+01 1.921847e+01
      vertex   9.495454e+01 8.240000e+01 1.930339e+01
      vertex   9.485211e+01 8.240000e+01 1.921847e+01
    endloop
  endfacet
  facet normal 7.164567e-01 0.000000e+00 -6.976315e-01
    outer loop
      vertex   9.485211e+01 8.440000e+01 1.921847e+01
      vertex   9.485211e+01 8.240000e+01 1.921847e+01
      vertex   9.475929e+01 8.440000e+01 1.912314e+01
    endloop
  endfacet
  facet normal 7.164567e-01 0.000000e+00 -6.976315e-01
    outer loop
      vertex   9.475929e+01 8.440000e+01 1.912314e+01
      vertex   9.485211e+01 8.240000e+01 1.921847e+01
      vertex   9.475929e+01 8.240000e+01 1.912314e+01
    endloop
  endfacet
  facet normal 7.865516e-01 0.000000e+00 -6.175246e-01
    outer loop
      vertex   9.475929e+01 8.440000e+01 1.912314e+01
      vertex   9.475929e+01 8.240000e+01 1.912314e+01
      vertex   9.467712e+01 8.440000e+01 1.901848e+01
    endloop
  endfacet
  facet normal 7.865516e-01 0.000000e+00 -6.175246e-01
    outer loop
      vertex   9.467712e+01 8.440000e+01 1.901848e+01
      vertex   9.475929e+01 8.240000e+01 1.912314e+01
      vertex   9.467712e+01 8.240000e+01 1.901848e+01
    endloop
  endfacet
  facet normal 8.477344e-01 0.000000e+00 -5.304209e-01
    outer loop
      vertex   9.467712e+01 8.440000e+01 1.901848e+01
      vertex   9.467712e+01 8.240000e+01 1.901848e+01
      vertex   9.460655e+01 8.440000e+01 1.890569e+01
    endloop
  endfacet
  facet normal 8.477344e-01 0.000000e+00 -5.304209e-01
    outer loop
      vertex   9.460655e+01 8.440000e+01 1.890569e+01
      vertex   9.467712e+01 8.240000e+01 1.901848e+01
      vertex   9.460655e+01 8.240000e+01 1.890569e+01
    endloop
  endfacet
  facet normal 8.993121e-01 0.000000e+00 -4.373073e-01
    outer loop
      vertex   9.460655e+01 8.440000e+01 1.890569e+01
      vertex   9.460655e+01 8.240000e+01 1.890569e+01
      vertex   9.454836e+01 8.440000e+01 1.878603e+01
    endloop
  endfacet
  facet normal 8.993121e-01 0.000000e+00 -4.373073e-01
    outer loop
      vertex   9.454836e+01 8.440000e+01 1.878603e+01
      vertex   9.460655e+01 8.240000e+01 1.890569e+01
      vertex   9.454836e+01 8.240000e+01 1.878603e+01
    endloop
  endfacet
  facet normal 9.407003e-01 0.000000e+00 -3.392389e-01
    outer loop
      vertex   9.454836e+01 8.440000e+01 1.878603e+01
      vertex   9.454836e+01 8.240000e+01 1.878603e+01
      vertex   9.450322e+01 8.440000e+01 1.866086e+01
    endloop
  endfacet
  facet normal 9.407003e-01 0.000000e+00 -3.392389e-01
    outer loop
      vertex   9.450322e+01 8.440000e+01 1.866086e+01
      vertex   9.454836e+01 8.240000e+01 1.878603e+01
      vertex   9.450322e+01 8.240000e+01 1.866086e+01
    endloop
  endfacet
  facet normal 9.714299e-01 0.000000e+00 -2.373267e-01
    outer loop
      vertex   9.450322e+01 8.440000e+01 1.866086e+01
      vertex   9.450322e+01 8.240000e+01 1.866086e+01
      vertex   9.447164e+01 8.440000e+01 1.853161e+01
    endloop
  endfacet
  facet normal 9.714299e-01 0.000000e+00 -2.373267e-01
    outer loop
      vertex   9.447164e+01 8.440000e+01 1.853161e+01
      vertex   9.450322e+01 8.240000e+01 1.866086e+01
      vertex   9.447164e+01 8.240000e+01 1.853161e+01
    endloop
  endfacet
  facet normal 9.911528e-01 0.000000e+00 -1.327255e-01
    outer loop
      vertex   9.447164e+01 8.440000e+01 1.853161e+01
      vertex   9.447164e+01 8.240000e+01 1.853161e+01
      vertex   9.445398e+01 8.440000e+01 1.839973e+01
    endloop
  endfacet
  facet normal 9.911528e-01 0.000000e+00 -1.327255e-01
    outer loop
      vertex   9.445398e+01 8.440000e+01 1.839973e+01
      vertex   9.447164e+01 8.240000e+01 1.853161e+01
      vertex   9.445398e+01 8.240000e+01 1.839973e+01
    endloop
  endfacet
  facet normal 9.996456e-01 0.000000e+00 -2.662052e-02
    outer loop
      vertex   9.445398e+01 8.440000e+01 1.839973e+01
      vertex   9.445398e+01 8.240000e+01 1.839973e+01
      vertex   9.445044e+01 8.440000e+01 1.826672e+01
    endloop
  endfacet
  facet normal 9.996456e-01 0.000000e+00 -2.662052e-02
    outer loop
      vertex   9.445044e+01 8.440000e+01 1.826672e+01
      vertex   9.445398e+01 8.240000e+01 1.839973e+01
      vertex   9.445044e+01 8.240000e+01 1.826672e+01
    endloop
  endfacet
  facet normal 9.968120e-01 0.000000e+00 7.978611e-02
    outer loop
      vertex   9.445044e+01 8.440000e+01 1.826672e+01
      vertex   9.445044e+01 8.240000e+01 1.826672e+01
      vertex   9.446106e+01 8.440000e+01 1.813409e+01
    endloop
  endfacet
  facet normal 9.968120e-01 0.000000e+00 7.978611e-02
    outer loop
      vertex   9.446106e+01 8.440000e+01 1.813409e+01
      vertex   9.445044e+01 8.240000e+01 1.826672e+01
      vertex   9.446106e+01 8.240000e+01 1.813409e+01
    endloop
  endfacet
  facet normal 9.826841e-01 0.000000e+00 1.852887e-01
    outer loop
      vertex   9.446106e+01 8.440000e+01 1.813409e+01
      vertex   9.446106e+01 8.240000e+01 1.813409e+01
      vertex   9.448571e+01 8.440000e+01 1.800334e+01
    endloop
  endfacet
  facet normal 9.826841e-01 0.000000e+00 1.852887e-01
    outer loop
      vertex   9.448571e+01 8.440000e+01 1.800334e+01
      vertex   9.446106e+01 8.240000e+01 1.813409e+01
      vertex   9.448571e+01 8.240000e+01 1.800334e+01
    endloop
  endfacet
  facet normal 9.574220e-01 0.000000e+00 2.886919e-01
    outer loop
      vertex   9.448571e+01 8.440000e+01 1.800334e+01
      vertex   9.448571e+01 8.240000e+01 1.800334e+01
      vertex   9.452412e+01 8.440000e+01 1.787595e+01
    endloop
  endfacet
  facet normal 9.574220e-01 0.000000e+00 2.886919e-01
    outer loop
      vertex   9.452412e+01 8.440000e+01 1.787595e+01
      vertex   9.448571e+01 8.240000e+01 1.800334e+01
      vertex   9.452412e+01 8.240000e+01 1.787595e+01
    endloop
  endfacet
  facet normal 9.213120e-01 0.000000e+00 3.888242e-01
    outer loop
      vertex   9.452412e+01 8.440000e+01 1.787595e+01
      vertex   9.452412e+01 8.240000e+01 1.787595e+01
      vertex   9.457586e+01 8.440000e+01 1.775337e+01
    endloop
  endfacet
  facet normal 9.213120e-01 0.000000e+00 3.888242e-01
    outer loop
      vertex   9.457586e+01 8.440000e+01 1.775337e+01
      vertex   9.452412e+01 8.240000e+01 1.787595e+01
      vertex   9.457586e+01 8.240000e+01 1.775337e+01
    endloop
  endfacet
  facet normal 8.747631e-01 0.000000e+00 4.845509e-01
    outer loop
      vertex   9.457586e+01 8.440000e+01 1.775337e+01
      vertex   9.457586e+01 8.240000e+01 1.775337e+01
      vertex   9.464033e+01 8.440000e+01 1.763697e+01
    endloop
  endfacet
  facet normal 8.747631e-01 0.000000e+00 4.845509e-01
    outer loop
      vertex   9.464033e+01 8.440000e+01 1.763697e+01
      vertex   9.457586e+01 8.240000e+01 1.775337e+01
      vertex   9.464033e+01 8.240000e+01 1.763697e+01
    endloop
  endfacet
  facet normal 8.183028e-01 0.000000e+00 5.747874e-01
    outer loop
      vertex   9.464033e+01 8.440000e+01 1.763697e+01
      vertex   9.464033e+01 8.240000e+01 1.763697e+01
      vertex   9.471681e+01 8.440000e+01 1.752809e+01
    endloop
  endfacet
  facet normal 8.183028e-01 0.000000e+00 5.747874e-01
    outer loop
      vertex   9.471681e+01 8.440000e+01 1.752809e+01
      vertex   9.464033e+01 8.240000e+01 1.763697e+01
      vertex   9.471681e+01 8.240000e+01 1.752809e+01
    endloop
  endfacet
  facet normal 7.525708e-01 0.000000e+00 6.585114e-01
    outer loop
      vertex   9.471681e+01 8.440000e+01 1.752809e+01
      vertex   9.471681e+01 8.240000e+01 1.752809e+01
      vertex   9.480443e+01 8.440000e+01 1.742796e+01
    endloop
  endfacet
  facet normal 7.525708e-01 0.000000e+00 6.585114e-01
    outer loop
      vertex   9.480443e+01 8.440000e+01 1.742796e+01
      vertex   9.471681e+01 8.240000e+01 1.752809e+01
      vertex   9.480443e+01 8.240000e+01 1.742796e+01
    endloop
  endfacet
  facet normal 6.783118e-01 0.000000e+00 7.347742e-01
    outer loop
      vertex   9.480443e+01 8.440000e+01 1.742796e+01
      vertex   9.480443e+01 8.240000e+01 1.742796e+01
      vertex   9.490219e+01 8.440000e+01 1.733771e+01
    endloop
  endfacet
  facet normal 6.783118e-01 0.000000e+00 7.347742e-01
    outer loop
      vertex   9.490219e+01 8.440000e+01 1.733771e+01
      vertex   9.480443e+01 8.240000e+01 1.742796e+01
      vertex   9.490219e+01 8.240000e+01 1.733771e+01
    endloop
  endfacet
  facet normal 5.963674e-01 0.000000e+00 8.027116e-01
    outer loop
      vertex   9.490219e+01 8.440000e+01 1.733771e+01
      vertex   9.490219e+01 8.240000e+01 1.733771e+01
      vertex   9.500900e+01 8.440000e+01 1.725836e+01
    endloop
  endfacet
  facet normal 5.963674e-01 0.000000e+00 8.027116e-01
    outer loop
      vertex   9.500900e+01 8.440000e+01 1.725836e+01
      vertex   9.490219e+01 8.240000e+01 1.733771e+01
      vertex   9.500900e+01 8.240000e+01 1.725836e+01
    endloop
  endfacet
  facet normal 5.076658e-01 0.000000e+00 8.615541e-01
    outer loop
      vertex   9.500900e+01 8.440000e+01 1.725836e+01
      vertex   9.500900e+01 8.240000e+01 1.725836e+01
      vertex   9.512363e+01 8.440000e+01 1.719081e+01
    endloop
  endfacet
  facet normal 5.076658e-01 0.000000e+00 8.615541e-01
    outer loop
      vertex   9.512363e+01 8.440000e+01 1.719081e+01
      vertex   9.500900e+01 8.240000e+01 1.725836e+01
      vertex   9.512363e+01 8.240000e+01 1.719081e+01
    endloop
  endfacet
  facet normal 4.132122e-01 0.000000e+00 9.106348e-01
    outer loop
      vertex   9.512363e+01 8.440000e+01 1.719081e+01
      vertex   9.512363e+01 8.240000e+01 1.719081e+01
      vertex   9.524480e+01 8.440000e+01 1.713583e+01
    endloop
  endfacet
  facet normal 4.132122e-01 0.000000e+00 9.106348e-01
    outer loop
      vertex   9.524480e+01 8.440000e+01 1.713583e+01
      vertex   9.512363e+01 8.240000e+01 1.719081e+01
      vertex   9.524480e+01 8.240000e+01 1.713583e+01
    endloop
  endfacet
  facet normal 3.140767e-01 0.000000e+00 9.493976e-01
    outer loop
      vertex   9.524480e+01 8.440000e+01 1.713583e+01
      vertex   9.524480e+01 8.240000e+01 1.713583e+01
      vertex   9.537112e+01 8.440000e+01 1.709404e+01
    endloop
  endfacet
  facet normal 3.140767e-01 0.000000e+00 9.493976e-01
    outer loop
      vertex   9.537112e+01 8.440000e+01 1.709404e+01
      vertex   9.524480e+01 8.240000e+01 1.713583e+01
      vertex   9.537112e+01 8.240000e+01 1.709404e+01
    endloop
  endfacet
  facet normal 2.113826e-01 0.000000e+00 9.774034e-01
    outer loop
      vertex   9.537112e+01 8.440000e+01 1.709404e+01
      vertex   9.537112e+01 8.240000e+01 1.709404e+01
      vertex   9.550117e+01 8.440000e+01 1.706591e+01
    endloop
  endfacet
  facet normal 2.113826e-01 0.000000e+00 9.774034e-01
    outer loop
      vertex   9.550117e+01 8.440000e+01 1.706591e+01
      vertex   9.537112e+01 8.240000e+01 1.709404e+01
      vertex   9.550117e+01 8.240000e+01 1.706591e+01
    endloop
  endfacet
  facet normal 1.062935e-01 0.000000e+00 9.943348e-01
    outer loop
      vertex   9.550117e+01 8.440000e+01 1.706591e+01
      vertex   9.550117e+01 8.240000e+01 1.706591e+01
      vertex   9.563347e+01 8.440000e+01 1.705177e+01
    endloop
  endfacet
  facet normal 1.062935e-01 0.000000e+00 9.943348e-01
    outer loop
      vertex   9.563347e+01 8.440000e+01 1.705177e+01
      vertex   9.550117e+01 8.240000e+01 1.706591e+01
      vertex   9.563347e+01 8.240000e+01 1.705177e+01
    endloop
  endfacet
  facet normal -0.000000e+00 0.000000e+00 1.000000e+00
    outer loop
      vertex   9.563347e+01 8.440000e+01 1.705177e+01
      vertex   9.563347e+01 8.240000e+01 1.705177e+01
      vertex   9.576653e+01 8.440000e+01 1.705177e+01
    endloop
  endfacet
  facet normal 0.000000e+00 0.000000e+00 1.000000e+00
    outer loop
      vertex   9.576653e+01 8.440000e+01 1.705177e+01
      vertex   9.563347e+01 8.240000e+01 1.705177e+01
      vertex   9.576653e+01 8.240000e+01 1.705177e+01
    endloop
  endfacet
  facet normal -1.062935e-01 0.000000e+00 9.943348e-01
    outer loop
      vertex   9.576653e+01 8.440000e+01 1.705177e+01
      vertex   9.576653e+01 8.240000e+01 1.705177e+01
      vertex   9.589883e+01 8.440000e+01 1.706591e+01
    endloop
  endfacet
  facet normal -1.062935e-01 0.000000e+00 9.943348e-01
    outer loop
      vertex   9.589883e+01 8.440000e+01 1.706591e+01
      vertex   9.576653e+01 8.240000e+01 1.705177e+01
      vertex   9.589883e+01 8.240000e+01 1.706591e+01
    endloop
  endfacet
  facet normal -2.113826e-01 0.000000e+00 9.774034e-01
    outer loop
      vertex   9.589883e+01 8.440000e+01 1.706591e+01
      vertex   9.589883e+01 8.240000e+01 1.706591e+01
      vertex   9.602888e+01 8.440000e+01 1.709404e+01
    endloop
  endfacet
  facet normal -2.113826e-01 0.000000e+00 9.774034e-01
    outer loop
      vertex   9.602888e+01 8.440000e+01 1.709404e+01
      vertex   9.589883e+01 8.240000e+01 1.706591e+01
      vertex   9.602888e+01 8.240000e+01 1.709404e+01
    endloop
  endfacet
  facet normal -3.140767e-01 0.000000e+00 9.493976e-01
    outer loop
      vertex   9.602888e+01 8.440000e+01 1.709404e+01
      vertex   9.602888e+01 8.240000e+01 1.709404e+01
      vertex   9.615520e+01 8.440000e+01 1.713583e+01
    endloop
  endfacet
  facet normal -3.140767e-01 0.000000e+00 9.493976e-01
    outer loop
      vertex   9.615520e+01 8.440000e+01 1.713583e+01
      vertex   9.602888e+01 8.240000e+01 1.709404e+01
      vertex   9.615520e+01 8.240000e+01 1.713583e+01
    endloop
  endfacet
  facet normal -4.132122e-01 0.000000e+00 9.106348e-01
    outer loop
      vertex   9.615520e+01 8.440000e+01 1.713583e+01
      vertex   9.615520e+01 8.240000e+01 1.713583e+01
      vertex   9.627637e+01 8.440000e+01 1.719081e+01
    endloop
  endfacet
  facet normal -4.132122e-01 0.000000e+00 9.106348e-01
    outer loop
      vertex   9.627637e+01 8.440000e+01 1.719081e+01
      vertex   9.615520e+01 8.240000e+01 1.713583e+01
      vertex   9.627637e+01 8.240000e+01 1.719081e+01
    endloop
  endfacet
  facet normal -5.076658e-01 0.000000e+00 8.615541e-01
    outer loop
      vertex   9.627637e+01 8.440000e+01 1.719081e+01
      vertex   9.627637e+01 8.240000e+01 1.719081e+01
      vertex   9.639100e+01 8.440000e+01 1.725836e+01
    endloop
  endfacet
  facet normal -5.076658e-01 0.000000e+00 8.615541e-01
    outer loop
      vertex   9.639100e+01 8.440000e+01 1.725836e+01
      vertex   9.627637e+01 8.240000e+01 1.719081e+01
      vertex   9.639100e+01 8.240000e+01 1.725836e+01
    endloop
  endfacet
  facet normal -5.963674e-01 0.000000e+00 8.027116e-01
    outer loop
      vertex   9.639100e+01 8.440000e+01 1.725836e+01
      vertex   9.639100e+01 8.240000e+01 1.725836e+01
      vertex   9.649781e+01 8.440000e+01 1.733771e+01
    endloop
  endfacet
  facet normal -5.963674e-01 0.000000e+00 8.027116e-01
    outer loop
      vertex   9.649781e+01 8.440000e+01 1.733771e+01
      vertex   9.639100e+01 8.240000e+01 1.725836e+01
      vertex   9.649781e+01 8.240000e+01 1.733771e+01
    endloop
  endfacet
  facet normal -6.783118e-01 0.000000e+00 7.347742e-01
    outer loop
      vertex   9.649781e+01 8.440000e+01 1.733771e+01
      vertex   9.649781e+01 8.240000e+01 1.733771e+01
      vertex   9.659557e+01 8.440000e+01 1.742796e+01
    endloop
  endfacet
  facet normal -6.783118e-01 0.000000e+00 7.347742e-01
    outer loop
      vertex   9.659557e+01 8.440000e+01 1.742796e+01
      vertex   9.649781e+01 8.240000e+01 1.733771e+01
      vertex   9.659557e+01 8.240000e+01 1.742796e+01
    endloop
  endfacet
  facet normal -7.525708e-01 0.000000e+00 6.585114e-01
    outer loop
      vertex   9.659557e+01 8.440000e+01 1.742796e+01
      vertex   9.659557e+01 8.240000e+01 1.742796e+01
      vertex   9.668319e+01 8.440000e+01 1.752809e+01
    endloop
  endfacet
  facet normal -7.525708e-01 0.000000e+00 6.585114e-01
    outer loop
      vertex   9.668319e+01 8.440000e+01 1.752809e+01
      vertex   9.659557e+01 8.240000e+01 1.742796e+01
      vertex   9.668319e+01 8.240000e+01 1.752809e+01
    endloop
  endfacet
  facet normal -8.183028e-01 0.000000e+00 5.747874e-01
    outer loop
      vertex   9.668319e+01 8.440000e+01 1.752809e+01
      vertex   9.668319e+01 8.240000e+01 1.752809e+01
      vertex   9.675967e+01 8.440000e+01 1.763697e+01
    endloop
  endfacet
  facet normal -8.183028e-01 0.000000e+00 5.747874e-01
    outer loop
      vertex   9.675967e+01 8.440000e+01 1.763697e+01
      vertex   9.668319e+01 8.240000e+01 1.752809e+01
      vertex   9.675967e+01 8.240000e+01 1.763697e+01
    endloop
  endfacet
  facet normal -8.747631e-01 0.000000e+00 4.845509e-01
    outer loop
      vertex   9.675967e+01 8.440000e+01 1.763697e+01
      vertex   9.675967e+01 8.240000e+01 1.763697e+01
      vertex   9.682414e+01 8.440000e+01 1.775337e+01
    endloop
  endfacet
  facet normal -8.747631e-01 0.000000e+00 4.845509e-01
    outer loop
      vertex   9.682414e+01 8.440000e+01 1.775337e+01
      vertex   9.675967e+01 8.240000e+01 1.763697e+01
      vertex   9.682414e+01 8.240000e+01 1.775337e+01
    endloop
  endfacet
  facet normal -9.213120e-01 0.000000e+00 3.888242e-01
    outer loop
      vertex   9.682414e+01 8.440000e+01 1.775337e+01
      vertex   9.682414e+01 8.240000e+01 1.775337e+01
      vertex   9.687588e+01 8.440000e+01 1.787595e+01
    endloop
  endfacet
  facet normal -9.213120e-01 0.000000e+00 3.888242e-01
    outer loop
      vertex   9.687588e+01 8.440000e+01 1.787595e+01
      vertex   9.682414e+01 8.240000e+01 1.775337e+01
      vertex   9.687588e+01 8.240000e+01 1.787595e+01
    endloop
  endfacet
  facet normal -9.574220e-01 0.000000e+00 2.886919e-01
    outer loop
      vertex   9.687588e+01 8.440000e+01 1.787595e+01
      vertex   9.687588e+01 8.240000e+01 1.787595e+01
      vertex   9.691429e+01 8.440000e+01 1.800334e+01
    endloop
  endfacet
  facet normal -9.574220e-01 0.000000e+00 2.886919e-01
    outer loop
      vertex   9.691429e+01 8.440000e+01 1.800334e+01
      vertex   9.687588e+01 8.240000e+01 1.787595e+01
      vertex   9.691429e+01 8.240000e+01 1.800334e+01
    endloop
  endfacet
  facet normal -9.826841e-01 0.000000e+00 1.852887e-01
    outer loop
      vertex   9.691429e+01 8.440000e+01 1.800334e+01
      vertex   9.691429e+01 8.240000e+01 1.800334e+01
      vertex   9.693894e+01 8.440000e+01 1.813409e+01
    endloop
  endfacet
  facet normal -9.826841e-01 0.000000e+00 1.852887e-01
    outer loop
      vertex   9.693894e+01 8.440000e+01 1.813409e+01
      vertex   9.691429e+01 8.240000e+01 1.800334e+01
      vertex   9.693894e+01 8.240000e+01 1.813409e+01
    endloop
  endfacet
  facet normal -9.968120e-01 0.000000e+00 7.978611e-02
    outer loop
      vertex   9.693894e+01 8.440000e+01 1.813409e+01
      vertex   9.693894e+01 8.240000e+01 1.813409e+01
      vertex   9.694956e+01 8.440000e+01 1.826672e+01
    endloop
  endfacet
  facet normal -9.968120e-01 0.000000e+00 7.978611e-02
    outer loop
      vertex   9.694956e+01 8.440000e+01 1.826672e+01
      vertex   9.693894e+01 8.240000e+01 1.813409e+01
      vertex   9.694956e+01 8.240000e+01 1.826672e+01
    endloop
  endfacet
  facet normal -9.996456e-01 -0.000000e+00 -2.662052e-02
    outer loop
      vertex   9.694956e+01 8.440000e+01 1.826672e+01
      vertex   9.694956e+01 8.240000e+01 1.826672e+01
      vertex   9.694602e+01 8.440000e+01 1.839973e+01
    endloop
  endfacet
  facet normal -9.996456e-01 -0.000000e+00 -2.662052e-02
    outer loop
      vertex   9.694602e+01 8.440000e+01 1.839973e+01
      vertex   9.694956e+01 8.240000e+01 1.826672e+01
      vertex   9.694602e+01 8.240000e+01 1.839973e+01
    endloop
  endfacet
  facet normal -9.911528e-01 -0.000000e+00 -1.327255e-01
    outer loop
      vertex   9.694602e+01 8.440000e+01 1.839973e+01
      vertex   9.694602e+01 8.240000e+01 1.839973e+01
      vertex   9.692836e+01 8.440000e+01 1.853161e+01
    endloop
  endfacet
  facet normal -9.911528e-01 -0.000000e+00 -1.327255e-01
    outer loop
      vertex   9.692836e+01 8.440000e+01 1.853161e+01
      vertex   9.694602e+01 8.240000e+01 1.839973e+01
      vertex   9.692836e+01 8.240000e+01 1.853161e+01
    endloop
  endfacet
  facet normal -9.714299e-01 -0.000000e+00 -2.373267e-01
    outer loop
      vertex   9.692836e+01 8.440000e+01 1.853161e+01
      vertex   9.692836e+01 8.240000e+01 1.853161e+01
      vertex   9.689678e+01 8.440000e+01 1.866086e+01
    endloop
  endfacet
  facet normal -9.714299e-01 -0.000000e+00 -2.373267e-01
    outer loop
      vertex   9.689678e+01 8.440000e+01 1.866086e+01
      vertex   9.692836e+01 8.240000e+01 1.853161e+01
      vertex   9.689678e+01 8.240000e+01 1.866086e+01
    endloop
  endfacet
  facet normal -9.407003e-01 -0.000000e+00 -3.392389e-01
    outer loop
      vertex   9.689678e+01 8.440000e+01 1.866086e+01
      vertex   9.689678e+01 8.240000e+01 1.866086e+01
      vertex   9.685164e+01 8.440000e+01 1.878603e+01
    endloop
  endfacet
  facet normal -9.407003e-01 -0.000000e+00 -3.392389e-01
    outer loop
      vertex   9.685164e+01 8.440000e+01 1.878603e+01
      vertex   9.689678e+01 8.240000e+01 1.866086e+01
      vertex   9.685164e+01 8.240000e+01 1.878603e+01
    endloop
  endfacet
  facet normal -8.993121e-01 -0.000000e+00 -4.373073e-01
    outer loop
      vertex   9.685164e+01 8.440000e+01 1.878603e+01
      vertex   9.685164e+01 8.240000e+01 1.878603e+01
      vertex   9.679345e+01 8.440000e+01 1.890569e+01
    endloop
  endfacet
  facet normal -8.993121e-01 -0.000000e+00 -4.373073e-01
    outer loop
      vertex   9.679345e+01 8.440000e+01 1.890569e+01
      vertex   9.685164e+01 8.240000e+01 1.878603e+01
      vertex   9.679345e+01 8.240000e+01 1.890569e+01
    endloop
  endfacet
  facet normal -8.477344e-01 -0.000000e+00 -5.304209e-01
    outer loop
      vertex   9.679345e+01 8.440000e+01 1.890569e+01
      vertex   9.679345e+01 8.240000e+01 1.890569e+01
      vertex   9.672288e+01 8.440000e+01 1.901848e+01
    endloop
  endfacet
  facet normal -8.477344e-01 -0.000000e+00 -5.304209e-01
    outer loop
      vertex   9.672288e+01 8.440000e+01 1.901848e+01
      vertex   9.679345e+01 8.240000e+01 1.890569e+01
      vertex   9.672288e+01 8.240000e+01 1.901848e+01
    endloop
  endfacet
  facet normal -7.865516e-01 -0.000000e+00 -6.175246e-01
    outer loop
      vertex   9.672288e+01 8.440000e+01 1.901848e+01
      vertex   9.672288e+01 8.240000e+01 1.901848e+01
      vertex   9.664071e+01 8.440000e+01 1.912314e+01
    endloop
  endfacet
  facet normal -7.865516e-01 -0.000000e+00 -6.175246e-01
    outer loop
      vertex   9.664071e+01 8.440000e+01 1.912314e+01
      vertex   9.672288e+01 8.240000e+01 1.901848e+01
      vertex   9.664071e+01 8.240000e+01 1.912314e+01
    endloop
  endfacet
  facet normal -7.164567e-01 -0.000000e+00 -6.976315e-01
    outer loop
      vertex   9.664071e+01 8.440000e+01 1.912314e+01
      vertex   9.664071e+01 8.240000e+01 1.912314e+01
      vertex   9.654789e+01 8.440000e+01 1.921847e+01
    endloop
  endfacet
  facet normal -7.164567e-01 -0.000000e+00 -6.976315e-01
    outer loop
      vertex   9.654789e+01 8.440000e+01 1.921847e+01
      vertex   9.664071e+01 8.240000e+01 1.912314e+01
      vertex   9.654789e+01 8.240000e+01 1.921847e+01
    endloop
  endfacet
  facet normal -6.382442e-01 -0.000000e+00 -7.698340e-01
    outer loop
      vertex   9.654789e+01 8.440000e+01 1.921847e+01
      vertex   9.654789e+01 8.240000e+01 1.921847e+01
      vertex   9.644546e+01 8.440000e+01 1.930339e+01
    endloop
  endfacet
  facet normal -6.382442e-01 -0.000000e+00 -7.698340e-01
    outer loop
      vertex   9.644546e+01 8.440000e+01 1.930339e+01
      vertex   9.654789e+01 8.240000e+01 1.921847e+01
      vertex   9.644546e+01 8.240000e+01 1.930339e+01
    endloop
  endfacet
  facet normal -5.528001e-01 -0.000000e+00 -8.333139e-01
    outer loop
      vertex   9.644546e+01 8.440000e+01 1.930339e+01
      vertex   9.644546e+01 8.240000e+01 1.930339e+01
      vertex   9.633458e+01 8.440000e+01 1.937694e+01
    endloop
  endfacet
  facet normal -5.528001e-01 -0.000000e+00 -8.333139e-01
    outer loop
      vertex   9.633458e+01 8.440000e+01 1.937694e+01
      vertex   9.644546e+01 8.240000e+01 1.930339e+01
      vertex   9.633458e+01 8.240000e+01 1.937694e+01
    endloop
  endfacet
  facet normal -4.610925e-01 -0.000000e+00 -8.873521e-01
    outer loop
      vertex   9.633458e+01 8.440000e+01 1.937694e+01
      vertex   9.633458e+01 8.240000e+01 1.937694e+01
      vertex   9.621652e+01 8.440000e+01 1.943829e+01
    endloop
  endfacet
  facet normal -4.610925e-01 -0.000000e+00 -8.873521e-01
    outer loop
      vertex   9.621652e+01 8.440000e+01 1.943829e+01
      vertex   9.633458e+01 8.240000e+01 1.937694e+01
      vertex   9.621652e+01 8.240000e+01 1.943829e+01
    endloop
  endfacet
  facet normal -3.641606e-01 -0.000000e+00 -9.313362e-01
    outer loop
      vertex   9.621652e+01 8.440000e+01 1.943829e+01
      vertex   9.621652e+01 8.240000e+01 1.943829e+01
      vertex   9.609260e+01 8.440000e+01 1.948675e+01
    endloop
  endfacet
  facet normal -3.641606e-01 -0.000000e+00 -9.313362e-01
    outer loop
      vertex   9.609260e+01 8.440000e+01 1.948675e+01
      vertex   9.621652e+01 8.240000e+01 1.943829e+01
      vertex   9.609260e+01 8.240000e+01 1.948675e+01
    endloop
  endfacet
  facet normal -2.631026e-01 -0.000000e+00 -9.647679e-01
    outer loop
      vertex   9.609260e+01 8.440000e+01 1.948675e+01
      vertex   9.609260e+01 8.240000e+01 1.948675e+01
      vertex   9.596423e+01 8.440000e+01 1.952175e+01
    endloop
  endfacet
  facet normal -2.631026e-01 -0.000000e+00 -9.647679e-01
    outer loop
      vertex   9.596423e+01 8.440000e+01 1.952175e+01
      vertex   9.609260e+01 8.240000e+01 1.948675e+01
      vertex   9.596423e+01 8.240000e+01 1.952175e+01
    endloop
  endfacet
  facet normal -1.590635e-01 -0.000000e+00 -9.872684e-01
    outer loop
      vertex   9.596423e+01 8.440000e+01 1.952175e+01
      vertex   9.596423e+01 8.240000e+01 1.952175e+01
      vertex   9.583287e+01 8.440000e+01 1.954292e+01
    endloop
  endfacet
  facet normal -1.590635e-01 -0.000000e+00 -9.872684e-01
    outer loop
      vertex   9.583287e+01 8.440000e+01 1.954292e+01
      vertex   9.596423e+01 8.240000e+01 1.952175e+01
      vertex   9.583287e+01 8.240000e+01 1.954292e+01
    endloop
  endfacet
  facet normal 5.322215e-02 -9.985823e-01 -8.858149e-04
    outer loop
      vertex   8.466713e+01 8.174292e+01 3.380000e+01
      vertex   8.473347e+01 8.174823e+01 3.180000e+01
      vertex   8.480000e+01 8.175000e+01 3.380000e+01
    endloop
  endfacet
  facet normal 1.720476e-19 -9.999996e-01 8.858149e-04
    outer loop
      vertex   8.480000e+01 8.175000e+01 3.380000e+01
      vertex   8.473347e+01 8.174823e+01 3.180000e+01
      vertex   8.486653e+01 8.174823e+01 3.180000e+01
    endloop
  endfacet
  facet normal -5.322215e-02 -9.985823e-01 -8.858149e-04
    outer loop
      vertex   8.480000e+01 8.175000e+01 3.380000e+01
      vertex   8.486653e+01 8.174823e+01 3.180000e+01
      vertex   8.493287e+01 8.174292e+01 3.380000e+01
    endloop
  endfacet
  facet normal -1.062934e-01 -9.943344e-01 8.858149e-04
    outer loop
      vertex   8.493287e+01 8.174292e+01 3.380000e+01
      vertex   8.486653e+01 8.174823e+01 3.180000e+01
      vertex   8.499883e+01 8.173409e+01 3.180000e+01
    endloop
  endfacet
  facet normal -1.590634e-01 -9.872680e-01 -8.858149e-04
    outer loop
      vertex   8.493287e+01 8.174292e+01 3.380000e+01
      vertex   8.499883e+01 8.173409e+01 3.180000e+01
      vertex   8.506423e+01 8.172175e+01 3.380000e+01
    endloop
  endfacet
  facet normal -2.113825e-01 -9.774030e-01 8.858149e-04
    outer loop
      vertex   8.506423e+01 8.172175e+01 3.380000e+01
      vertex   8.499883e+01 8.173409e+01 3.180000e+01
      vertex   8.512888e+01 8.170596e+01 3.180000e+01
    endloop
  endfacet
  facet normal -2.631025e-01 -9.647675e-01 -8.858149e-04
    outer loop
      vertex   8.506423e+01 8.172175e+01 3.380000e+01
      vertex   8.512888e+01 8.170596e+01 3.180000e+01
      vertex   8.519260e+01 8.168675e+01 3.380000e+01
    endloop
  endfacet
  facet normal -3.140766e-01 -9.493972e-01 8.858149e-04
    outer loop
      vertex   8.519260e+01 8.168675e+01 3.380000e+01
      vertex   8.512888e+01 8.170596e+01 3.180000e+01
      vertex   8.525520e+01 8.166417e+01 3.180000e+01
    endloop
  endfacet
  facet normal -3.641604e-01 -9.313358e-01 -8.858149e-04
    outer loop
      vertex   8.519260e+01 8.168675e+01 3.380000e+01
      vertex   8.525520e+01 8.166417e+01 3.180000e+01
      vertex   8.531652e+01 8.163829e+01 3.380000e+01
    endloop
  endfacet
  facet normal -4.132120e-01 -9.106344e-01 8.858149e-04
    outer loop
      vertex   8.531652e+01 8.163829e+01 3.380000e+01
      vertex   8.525520e+01 8.166417e+01 3.180000e+01
      vertex   8.537637e+01 8.160919e+01 3.180000e+01
    endloop
  endfacet
  facet normal -4.610923e-01 -8.873517e-01 -8.858149e-04
    outer loop
      vertex   8.531652e+01 8.163829e+01 3.380000e+01
      vertex   8.537637e+01 8.160919e+01 3.180000e+01
      vertex   8.543458e+01 8.157694e+01 3.380000e+01
    endloop
  endfacet
  facet normal -5.076656e-01 -8.615537e-01 8.858149e-04
    outer loop
      vertex   8.543458e+01 8.157694e+01 3.380000e+01
      vertex   8.537637e+01 8.160919e+01 3.180000e+01
      vertex   8.549100e+01 8.154164e+01 3.180000e+01
    endloop
  endfacet
  facet normal -5.527998e-01 -8.333136e-01 -8.858149e-04
    outer loop
      vertex   8.543458e+01 8.157694e+01 3.380000e+01
      vertex   8.549100e+01 8.154164e+01 3.180000e+01
      vertex   8.554546e+01 8.150339e+01 3.380000e+01
    endloop
  endfacet
  facet normal -5.963671e-01 -8.027113e-01 8.858149e-04
    outer loop
      vertex   8.554546e+01 8.150339e+01 3.380000e+01
      vertex   8.549100e+01 8.154164e+01 3.180000e+01
      vertex   8.559781e+01 8.146229e+01 3.180000e+01
    endloop
  endfacet
  facet normal -6.382439e-01 -7.698337e-01 -8.858149e-04
    outer loop
      vertex   8.554546e+01 8.150339e+01 3.380000e+01
      vertex   8.559781e+01 8.146229e+01 3.180000e+01
      vertex   8.564789e+01 8.141847e+01 3.380000e+01
    endloop
  endfacet
  facet normal -6.783116e-01 -7.347739e-01 8.858149e-04
    outer loop
      vertex   8.564789e+01 8.141847e+01 3.380000e+01
      vertex   8.559781e+01 8.146229e+01 3.180000e+01
      vertex   8.569557e+01 8.137204e+01 3.180000e+01
    endloop
  endfacet
  facet normal -7.164565e-01 -6.976312e-01 -8.858149e-04
    outer loop
      vertex   8.564789e+01 8.141847e+01 3.380000e+01
      vertex   8.569557e+01 8.137204e+01 3.180000e+01
      vertex   8.574071e+01 8.132314e+01 3.380000e+01
    endloop
  endfacet
  facet normal -7.525705e-01 -6.585111e-01 8.858149e-04
    outer loop
      vertex   8.574071e+01 8.132314e+01 3.380000e+01
      vertex   8.569557e+01 8.137204e+01 3.180000e+01
      vertex   8.578319e+01 8.127191e+01 3.180000e+01
    endloop
  endfacet
  facet normal -7.865512e-01 -6.175244e-01 -8.858149e-04
    outer loop
      vertex   8.574071e+01 8.132314e+01 3.380000e+01
      vertex   8.578319e+01 8.127191e+01 3.180000e+01
      vertex   8.582288e+01 8.121848e+01 3.380000e+01
    endloop
  endfacet
  facet normal -8.183025e-01 -5.747872e-01 8.858149e-04
    outer loop
      vertex   8.582288e+01 8.121848e+01 3.380000e+01
      vertex   8.578319e+01 8.127191e+01 3.180000e+01
      vertex   8.585967e+01 8.116303e+01 3.180000e+01
    endloop
  endfacet
  facet normal -8.477341e-01 -5.304207e-01 -8.858149e-04
    outer loop
      vertex   8.582288e+01 8.121848e+01 3.380000e+01
      vertex   8.585967e+01 8.116303e+01 3.180000e+01
      vertex   8.589345e+01 8.110569e+01 3.380000e+01
    endloop
  endfacet
  facet normal -8.747627e-01 -4.845507e-01 8.858149e-04
    outer loop
      vertex   8.589345e+01 8.110569e+01 3.380000e+01
      vertex   8.585967e+01 8.116303e+01 3.180000e+01
      vertex   8.592414e+01 8.104663e+01 3.180000e+01
    endloop
  endfacet
  facet normal -8.993118e-01 -4.373071e-01 -8.858149e-04
    outer loop
      vertex   8.589345e+01 8.110569e+01 3.380000e+01
      vertex   8.592414e+01 8.104663e+01 3.180000e+01
      vertex   8.595164e+01 8.098603e+01 3.380000e+01
    endloop
  endfacet
  facet normal -9.213116e-01 -3.888240e-01 8.858149e-04
    outer loop
      vertex   8.595164e+01 8.098603e+01 3.380000e+01
      vertex   8.592414e+01 8.104663e+01 3.180000e+01
      vertex   8.597588e+01 8.092405e+01 3.180000e+01
    endloop
  endfacet
  facet normal -9.406999e-01 -3.392387e-01 -8.858149e-04
    outer loop
      vertex   8.595164e+01 8.098603e+01 3.380000e+01
      vertex   8.597588e+01 8.092405e+01 3.180000e+01
      vertex   8.599678e+01 8.086086e+01 3.380000e+01
    endloop
  endfacet
  facet normal -9.574217e-01 -2.886918e-01 8.858149e-04
    outer loop
      vertex   8.599678e+01 8.086086e+01 3.380000e+01
      vertex   8.597588e+01 8.092405e+01 3.180000e+01
      vertex   8.601429e+01 8.079666e+01 3.180000e+01
    endloop
  endfacet
  facet normal -9.714295e-01 -2.373266e-01 -8.858149e-04
    outer loop
      vertex   8.599678e+01 8.086086e+01 3.380000e+01
      vertex   8.601429e+01 8.079666e+01 3.180000e+01
      vertex   8.602836e+01 8.073161e+01 3.380000e+01
    endloop
  endfacet
  facet normal -9.826837e-01 -1.852887e-01 8.858149e-04
    outer loop
      vertex   8.602836e+01 8.073161e+01 3.380000e+01
      vertex   8.601429e+01 8.079666e+01 3.180000e+01
      vertex   8.603894e+01 8.066591e+01 3.180000e+01
    endloop
  endfacet
  facet normal -9.911524e-01 -1.327255e-01 -8.858149e-04
    outer loop
      vertex   8.602836e+01 8.073161e+01 3.380000e+01
      vertex   8.603894e+01 8.066591e+01 3.180000e+01
      vertex   8.604602e+01 8.059973e+01 3.380000e+01
    endloop
  endfacet
  facet normal -9.968116e-01 -7.978607e-02 8.858149e-04
    outer loop
      vertex   8.604602e+01 8.059973e+01 3.380000e+01
      vertex   8.603894e+01 8.066591e+01 3.180000e+01
      vertex   8.604956e+01 8.053328e+01 3.180000e+01
    endloop
  endfacet
  facet normal -9.996452e-01 -2.662051e-02 -8.858149e-04
    outer loop
      vertex   8.604602e+01 8.059973e+01 3.380000e+01
      vertex   8.604956e+01 8.053328e+01 3.180000e+01
      vertex   8.604956e+01 8.046672e+01 3.380000e+01
    endloop
  endfacet
  facet normal -9.996452e-01 2.662051e-02 8.858149e-04
    outer loop
      vertex   8.604956e+01 8.046672e+01 3.380000e+01
      vertex   8.604956e+01 8.053328e+01 3.180000e+01
      vertex   8.604602e+01 8.040027e+01 3.180000e+01
    endloop
  endfacet
  facet normal -9.968116e-01 7.978607e-02 -8.858149e-04
    outer loop
      vertex   8.604956e+01 8.046672e+01 3.380000e+01
      vertex   8.604602e+01 8.040027e+01 3.180000e+01
      vertex   8.603894e+01 8.033409e+01 3.380000e+01
    endloop
  endfacet
  facet normal -9.911524e-01 1.327255e-01 8.858149e-04
    outer loop
      vertex   8.603894e+01 8.033409e+01 3.380000e+01
      vertex   8.604602e+01 8.040027e+01 3.180000e+01
      vertex   8.602836e+01 8.026839e+01 3.180000e+01
    endloop
  endfacet
  facet normal -9.826837e-01 1.852887e-01 -8.858149e-04
    outer loop
      vertex   8.603894e+01 8.033409e+01 3.380000e+01
      vertex   8.602836e+01 8.026839e+01 3.180000e+01
      vertex   8.601429e+01 8.020334e+01 3.380000e+01
    endloop
  endfacet
  facet normal -9.714295e-01 2.373266e-01 8.858149e-04
    outer loop
      vertex   8.601429e+01 8.020334e+01 3.380000e+01
      vertex   8.602836e+01 8.026839e+01 3.180000e+01
      vertex   8.599678e+01 8.013914e+01 3.180000e+01
    endloop
  endfacet
  facet normal -9.574217e-01 2.886918e-01 -8.858149e-04
    outer loop
      vertex   8.601429e+01 8.020334e+01 3.380000e+01
      vertex   8.599678e+01 8.013914e+01 3.180000e+01
      vertex   8.597588e+01 8.007595e+01 3.380000e+01
    endloop
  endfacet
  facet normal -9.406999e-01 3.392387e-01 8.858149e-04
    outer loop
      vertex   8.597588e+01 8.007595e+01 3.380000e+01
      vertex   8.599678e+01 8.013914e+01 3.180000e+01
      vertex   8.595164e+01 8.001397e+01 3.180000e+01
    endloop
  endfacet
  facet normal -9.213116e-01 3.888240e-01 -8.858149e-04
    outer loop
      vertex   8.597588e+01 8.007595e+01 3.380000e+01
      vertex   8.595164e+01 8.001397e+01 3.180000e+01
      vertex   8.592414e+01 7.995337e+01 3.380000e+01
    endloop
  endfacet
  facet normal -8.993118e-01 4.373071e-01 8.858149e-04
    outer loop
      vertex   8.592414e+01 7.995337e+01 3.380000e+01
      vertex   8.595164e+01 8.001397e+01 3.180000e+01
      vertex   8.589345e+01 7.989431e+01 3.180000e+01
    endloop
  endfacet
  facet normal -8.747627e-01 4.845507e-01 -8.858149e-04
    outer loop
      vertex   8.592414e+01 7.995337e+01 3.380000e+01
      vertex   8.589345e+01 7.989431e+01 3.180000e+01
      vertex   8.585967e+01 7.983697e+01 3.380000e+01
    endloop
  endfacet
  facet normal -8.477341e-01 5.304207e-01 8.858149e-04
    outer loop
      vertex   8.585967e+01 7.983697e+01 3.380000e+01
      vertex   8.589345e+01 7.989431e+01 3.180000e+01
      vertex   8.582288e+01 7.978152e+01 3.180000e+01
    endloop
  endfacet
  facet normal -8.183025e-01 5.747872e-01 -8.858149e-04
    outer loop
      vertex   8.585967e+01 7.983697e+01 3.380000e+01
      vertex   8.582288e+01 7.978152e+01 3.180000e+01
      vertex   8.578319e+01 7.972809e+01 3.380000e+01
    endloop
  endfacet
  facet normal -7.865512e-01 6.175244e-01 8.858149e-04
    outer loop
      vertex   8.578319e+01 7.972809e+01 3.380000e+01
      vertex   8.582288e+01 7.978152e+01 3.180000e+01
      vertex   8.574071e+01 7.967686e+01 3.180000e+01
    endloop
  endfacet
  facet normal -7.525705e-01 6.585111e-01 -8.858149e-04
    outer loop
      vertex   8.578319e+01 7.972809e+01 3.380000e+01
      vertex   8.574071e+01 7.967686e+01 3.180000e+01
      vertex   8.569557e+01 7.962796e+01 3.380000e+01
    endloop
  endfacet
  facet normal -7.164565e-01 6.976312e-01 8.858149e-04
    outer loop
      vertex   8.569557e+01 7.962796e+01 3.380000e+01
      vertex   8.574071e+01 7.967686e+01 3.180000e+01
      vertex   8.564789e+01 7.958153e+01 3.180000e+01
    endloop
  endfacet
  facet normal -6.783116e-01 7.347739e-01 -8.858149e-04
    outer loop
      vertex   8.569557e+01 7.962796e+01 3.380000e+01
      vertex   8.564789e+01 7.958153e+01 3.180000e+01
      vertex   8.559781e+01 7.953771e+01 3.380000e+01
    endloop
  endfacet
  facet normal -6.382439e-01 7.698337e-01 8.858149e-04
    outer loop
      vertex   8.559781e+01 7.953771e+01 3.380000e+01
      vertex   8.564789e+01 7.958153e+01 3.180000e+01
      vertex   8.554546e+01 7.949661e+01 3.180000e+01
    endloop
  endfacet
  facet normal -5.963671e-01 8.027113e-01 -8.858149e-04
    outer loop
      vertex   8.559781e+01 7.953771e+01 3.380000e+01
      vertex   8.554546e+01 7.949661e+01 3.180000e+01
      vertex   8.549100e+01 7.945836e+01 3.380000e+01
    endloop
  endfacet
  facet normal -5.527998e-01 8.333136e-01 8.858149e-04
    outer loop
      vertex   8.549100e+01 7.945836e+01 3.380000e+01
      vertex   8.554546e+01 7.949661e+01 3.180000e+01
      vertex   8.543458e+01 7.942306e+01 3.180000e+01
    endloop
  endfacet
  facet normal -5.076656e-01 8.615537e-01 -8.858149e-04
    outer loop
      vertex   8.549100e+01 7.945836e+01 3.380000e+01
      vertex   8.543458e+01 7.942306e+01 3.180000e+01
      vertex   8.537637e+01 7.939081e+01 3.380000e+01
    endloop
  endfacet
  facet normal -4.610923e-01 8.873517e-01 8.858149e-04
    outer loop
      vertex   8.537637e+01 7.939081e+01 3.380000e+01
      vertex   8.543458e+01 7.942306e+01 3.180000e+01
      vertex   8.531652e+01 7.936171e+01 3.180000e+01
    endloop
  endfacet
  facet normal -4.132120e-01 9.106344e-01 -8.858149e-04
    outer loop
      vertex   8.537637e+01 7.939081e+01 3.380000e+01
      vertex   8.531652e+01 7.936171e+01 3.180000e+01
      vertex   8.525520e+01 7.933583e+01 3.380000e+01
    endloop
  endfacet
  facet normal -3.641604e-01 9.313358e-01 8.858149e-04
    outer loop
      vertex   8.525520e+01 7.933583e+01 3.380000e+01
      vertex   8.531652e+01 7.936171e+01 3.180000e+01
      vertex   8.519260e+01 7.931325e+01 3.180000e+01
    endloop
  endfacet
  facet normal -3.140766e-01 9.493972e-01 -8.858149e-04
    outer loop
      vertex   8.525520e+01 7.933583e+01 3.380000e+01
      vertex   8.519260e+01 7.931325e+01 3.180000e+01
      vertex   8.512888e+01 7.929404e+01 3.380000e+01
    endloop
  endfacet
  facet normal -2.631025e-01 9.647675e-01 8.858149e-04
    outer loop
      vertex   8.512888e+01 7.929404e+01 3.380000e+01
      vertex   8.519260e+01 7.931325e+01 3.180000e+01
      vertex   8.506423e+01 7.927825e+01 3.180000e+01
    endloop
  endfacet
  facet normal -2.113825e-01 9.774030e-01 -8.858149e-04
    outer loop
      vertex   8.512888e+01 7.929404e+01 3.380000e+01
      vertex   8.506423e+01 7.927825e+01 3.180000e+01
      vertex   8.499883e+01 7.926591e+01 3.380000e+01
    endloop
  endfacet
  facet normal -1.590634e-01 9.872680e-01 8.858149e-04
    outer loop
      vertex   8.499883e+01 7.926591e+01 3.380000e+01
      vertex   8.506423e+01 7.927825e+01 3.180000e+01
      vertex   8.493287e+01 7.925708e+01 3.180000e+01
    endloop
  endfacet
  facet normal -1.062934e-01 9.943344e-01 -8.858149e-04
    outer loop
      vertex   8.499883e+01 7.926591e+01 3.380000e+01
      vertex   8.493287e+01 7.925708e+01 3.180000e+01
      vertex   8.486653e+01 7.925177e+01 3.380000e+01
    endloop
  endfacet
  facet normal -5.322215e-02 9.985823e-01 8.858149e-04
    outer loop
      vertex   8.486653e+01 7.925177e+01 3.380000e+01
      vertex   8.493287e+01 7.925708e+01 3.180000e+01
      vertex   8.480000e+01 7.925000e+01 3.180000e+01
    endloop
  endfacet
  facet normal 0.000000e+00 9.999996e-01 -8.858149e-04
    outer loop
      vertex   8.486653e+01 7.925177e+01 3.380000e+01
      vertex   8.480000e+01 7.925000e+01 3.180000e+01
      vertex   8.473347e+01 7.925177e+01 3.380000e+01
    endloop
  endfacet
  facet normal 5.322215e-02 9.985823e-01 8.858149e-04
    outer loop
      vertex   8.473347e+01 7.925177e+01 3.380000e+01
      vertex   8.480000e+01 7.925000e+01 3.180000e+01
      vertex   8.466713e+01 7.925708e+01 3.180000e+01
    endloop
  endfacet
  facet normal 1.062934e-01 9.943344e-01 -8.858149e-04
    outer loop
      vertex   8.473347e+01 7.925177e+01 3.380000e+01
      vertex   8.466713e+01 7.925708e+01 3.180000e+01
      vertex   8.460117e+01 7.926591e+01 3.380000e+01
    endloop
  endfacet
  facet normal 1.590634e-01 9.872680e-01 8.858149e-04
    outer loop
      vertex   8.460117e+01 7.926591e+01 3.380000e+01
      vertex   8.466713e+01 7.925708e+01 3.180000e+01
      vertex   8.453577e+01 7.927825e+01 3.180000e+01
    endloop
  endfacet
  facet normal 2.113825e-01 9.774030e-01 -8.858149e-04
    outer loop
      vertex   8.460117e+01 7.926591e+01 3.380000e+01
      vertex   8.453577e+01 7.927825e+01 3.180000e+01
      vertex   8.447112e+01 7.929404e+01 3.380000e+01
    endloop
  endfacet
  facet normal 2.631025e-01 9.647675e-01 8.858149e-04
    outer loop
      vertex   8.447112e+01 7.929404e+01 3.380000e+01
      vertex   8.453577e+01 7.927825e+01 3.180000e+01
      vertex   8.440740e+01 7.931325e+01 3.180000e+01
    endloop
  endfacet
  facet normal 3.140766e-01 9.493972e-01 -8.858149e-04
    outer loop
      vertex   8.447112e+01 7.929404e+01 3.380000e+01
      vertex   8.440740e+01 7.931325e+01 3.180000e+01
      vertex   8.434480e+01 7.933583e+01 3.380000e+01
    endloop
  endfacet
  facet normal 3.641604e-01 9.313358e-01 8.858149e-04
    outer loop
      vertex   8.434480e+01 7.933583e+01 3.380000e+01
      vertex   8.440740e+01 7.931325e+01 3.180000e+01
      vertex   8.428348e+01 7.936171e+01 3.180000e+01
    endloop
  endfacet
  facet normal 4.132120e-01 9.106344e-01 -8.858149e-04
    outer loop
      vertex   8.434480e+01 7.933583e+01 3.380000e+01
      vertex   8.428348e+01 7.936171e+01 3.180000e+01
      vertex   8.422363e+01 7.939081e+01 3.380000e+01
    endloop
  endfacet
  facet normal 4.610923e-01 8.873517e-01 8.858149e-04
    outer loop
      vertex   8.422363e+01 7.939081e+01 3.380000e+01
      vertex   8.428348e+01 7.936171e+01 3.180000e+01
      vertex   8.416542e+01 7.942306e+01 3.180000e+01
    endloop
  endfacet
  facet normal 5.076656e-01 8.615537e-01 -8.858149e-04
    outer loop
      vertex   8.422363e+01 7.939081e+01 3.380000e+01
      vertex   8.416542e+01 7.942306e+01 3.180000e+01
      vertex   8.410900e+01 7.945836e+01 3.380000e+01
    endloop
  endfacet
  facet normal 5.527998e-01 8.333136e-01 8.858149e-04
    outer loop
      vertex   8.410900e+01 7.945836e+01 3.380000e+01
      vertex   8.416542e+01 7.942306e+01 3.180000e+01
      vertex   8.405454e+01 7.949661e+01 3.180000e+01
    endloop
  endfacet
  facet normal 5.963671e-01 8.027113e-01 -8.858149e-04
    outer loop
      vertex   8.410900e+01 7.945836e+01 3.380000e+01
      vertex   8.405454e+01 7.949661e+01 3.180000e+01
      vertex   8.400219e+01 7.953771e+01 3.380000e+01
    endloop
  endfacet
  facet normal 6.382439e-01 7.698337e-01 8.858149e-04
    outer loop
      vertex   8.400219e+01 7.953771e+01 3.380000e+01
      vertex   8.405454e+01 7.949661e+01 3.180000e+01
      vertex   8.395211e+01 7.958153e+01 3.180000e+01
    endloop
  endfacet
  facet normal 6.783116e-01 7.347739e-01 -8.858149e-04
    outer loop
      vertex   8.400219e+01 7.953771e+01 3.380000e+01
      vertex   8.395211e+01 7.958153e+01 3.180000e+01
      vertex   8.390443e+01 7.962796e+01 3.380000e+01
    endloop
  endfacet
  facet normal 7.164565e-01 6.976312e-01 8.858149e-04
    outer loop
      vertex   8.390443e+01 7.962796e+01 3.380000e+01
      vertex   8.395211e+01 7.958153e+01 3.180000e+01
      vertex   8.385929e+01 7.967686e+01 3.180000e+01
    endloop
  endfacet
  facet normal 7.525705e-01 6.585111e-01 -8.858149e-04
    outer loop
      vertex   8.390443e+01 7.962796e+01 3.380000e+01
      vertex   8.385929e+01 7.967686e+01 3.180000e+01
      vertex   8.381681e+01 7.972809e+01 3.380000e+01
    endloop
  endfacet
  facet normal 7.865512e-01 6.175244e-01 8.858149e-04
    outer loop
      vertex   8.381681e+01 7.972809e+01 3.380000e+01
      vertex   8.385929e+01 7.967686e+01 3.180000e+01
      vertex   8.377712e+01 7.978152e+01 3.180000e+01
    endloop
  endfacet
  facet normal 8.183025e-01 5.747872e-01 -8.858149e-04
    outer loop
      vertex   8.381681e+01 7.972809e+01 3.380000e+01
      vertex   8.377712e+01 7.978152e+01 3.180000e+01
      vertex   8.374033e+01 7.983697e+01 3.380000e+01
    endloop
  endfacet
  facet normal 8.477341e-01 5.304207e-01 8.858149e-04
    outer loop
      vertex   8.374033e+01 7.983697e+01 3.380000e+01
      vertex   8.377712e+01 7.978152e+01 3.180000e+01
      vertex   8.370655e+01 7.989431e+01 3.180000e+01
    endloop
  endfacet
  facet normal 8.747627e-01 4.845507e-01 -8.858149e-04
    outer loop
      vertex   8.374033e+01 7.983697e+01 3.380000e+01
      vertex   8.370655e+01 7.989431e+01 3.180000e+01
      vertex   8.367586e+01 7.995337e+01 3.380000e+01
    endloop
  endfacet
  facet normal 8.993118e-01 4.373071e-01 8.858149e-04
    outer loop
      vertex   8.367586e+01 7.995337e+01 3.380000e+01
      vertex   8.370655e+01 7.989431e+01 3.180000e+01
      vertex   8.364836e+01 8.001397e+01 3.180000e+01
    endloop
  endfacet
  facet normal 9.213116e-01 3.888240e-01 -8.858149e-04
    outer loop
      vertex   8.367586e+01 7.995337e+01 3.380000e+01
      vertex   8.364836e+01 8.001397e+01 3.180000e+01
      vertex   8.362412e+01 8.007595e+01 3.380000e+01
    endloop
  endfacet
  facet normal 9.406999e-01 3.392387e-01 8.858149e-04
    outer loop
      vertex   8.362412e+01 8.007595e+01 3.380000e+01
      vertex   8.364836e+01 8.001397e+01 3.180000e+01
      vertex   8.360322e+01 8.013914e+01 3.180000e+01
    endloop
  endfacet
  facet normal 9.574217e-01 2.886918e-01 -8.858149e-04
    outer loop
      vertex   8.362412e+01 8.007595e+01 3.380000e+01
      vertex   8.360322e+01 8.013914e+01 3.180000e+01
      vertex   8.358571e+01 8.020334e+01 3.380000e+01
    endloop
  endfacet
  facet normal 9.714295e-01 2.373266e-01 8.858149e-04
    outer loop
      vertex   8.358571e+01 8.020334e+01 3.380000e+01
      vertex   8.360322e+01 8.013914e+01 3.180000e+01
      vertex   8.357164e+01 8.026839e+01 3.180000e+01
    endloop
  endfacet
  facet normal 9.826837e-01 1.852887e-01 -8.858149e-04
    outer loop
      vertex   8.358571e+01 8.020334e+01 3.380000e+01
      vertex   8.357164e+01 8.026839e+01 3.180000e+01
      vertex   8.356106e+01 8.033409e+01 3.380000e+01
    endloop
  endfacet
  facet normal 9.911524e-01 1.327255e-01 8.858149e-04
    outer loop
      vertex   8.356106e+01 8.033409e+01 3.380000e+01
      vertex   8.357164e+01 8.026839e+01 3.180000e+01
      vertex   8.355398e+01 8.040027e+01 3.180000e+01
    endloop
  endfacet
  facet normal 9.968116e-01 7.978607e-02 -8.858149e-04
    outer loop
      vertex   8.356106e+01 8.033409e+01 3.380000e+01
      vertex   8.355398e+01 8.040027e+01 3.180000e+01
      vertex   8.355044e+01 8.046672e+01 3.380000e+01
    endloop
  endfacet
  facet normal 9.996452e-01 2.662051e-02 8.858149e-04
    outer loop
      vertex   8.355044e+01 8.046672e+01 3.380000e+01
      vertex   8.355398e+01 8.040027e+01 3.180000e+01
      vertex   8.355044e+01 8.053328e+01 3.180000e+01
    endloop
  endfacet
  facet normal 9.996452e-01 -2.662051e-02 -8.858149e-04
    outer loop
      vertex   8.355044e+01 8.046672e+01 3.380000e+01
      vertex   8.355044e+01 8.053328e+01 3.180000e+01
      vertex   8.355398e+01 8.059973e+01 3.380000e+01
    endloop
  endfacet
  facet normal 9.968116e-01 -7.978607e-02 8.858149e-04
    outer loop
      vertex   8.355398e+01 8.059973e+01 3.380000e+01
      vertex   8.355044e+01 8.053328e+01 3.180000e+01
      vertex   8.356106e+01 8.066591e+01 3.180000e+01
    endloop
  endfacet
  facet normal 9.911524e-01 -1.327255e-01 -8.858149e-04
    outer loop
      vertex   8.355398e+01 8.059973e+01 3.380000e+01
      vertex   8.356106e+01 8.066591e+01 3.180000e+01
      vertex   8.357164e+01 8.073161e+01 3.380000e+01
    endloop
  endfacet
  facet normal 9.826837e-01 -1.852887e-01 8.858149e-04
    outer loop
      vertex   8.357164e+01 8.073161e+01 3.380000e+01
      vertex   8.356106e+01 8.066591e+01 3.180000e+01
      vertex   8.358571e+01 8.079666e+01 3.180000e+01
    endloop
  endfacet
  facet normal 9.714295e-01 -2.373266e-01 -8.858149e-04
    outer loop
      vertex   8.357164e+01 8.073161e+01 3.380000e+01
      vertex   8.358571e+01 8.079666e+01 3.180000e+01
      vertex   8.360322e+01 8.086086e+01 3.380000e+01
    endloop
  endfacet
  facet normal 9.574217e-01 -2.886918e-01 8.858149e-04
    outer loop
      vertex   8.360322e+01 8.086086e+01 3.380000e+01
      vertex   8.358571e+01 8.079666e+01 3.180000e+01
      vertex   8.362412e+01 8.092405e+01 3.180000e+01
    endloop
  endfacet
  facet normal 9.406999e-01 -3.392387e-01 -8.858149e-04
    outer loop
      vertex   8.360322e+01 8.086086e+01 3.380000e+01
      vertex   8.362412e+01 8.092405e+01 3.180000e+01
      vertex   8.364836e+01 8.098603e+01 3.380000e+01
    endloop
  endfacet
  facet normal 9.213116e-01 -3.888240e-01 8.858149e-04
    outer loop
      vertex   8.364836e+01 8.098603e+01 3.380000e+01
      vertex   8.362412e+01 8.092405e+01 3.180000e+01
      vertex   8.367586e+01 8.104663e+01 3.180000e+01
    endloop
  endfacet
  facet normal 8.993118e-01 -4.373071e-01 -8.858149e-04
    outer loop
      vertex   8.364836e+01 8.098603e+01 3.380000e+01
      vertex   8.367586e+01 8.104663e+01 3.180000e+01
      vertex   8.370655e+01 8.110569e+01 3.380000e+01
    endloop
  endfacet
  facet normal 8.747627e-01 -4.845507e-01 8.858149e-04
    outer loop
      vertex   8.370655e+01 8.110569e+01 3.380000e+01
      vertex   8.367586e+01 8.104663e+01 3.180000e+01
      vertex   8.374033e+01 8.116303e+01 3.180000e+01
    endloop
  endfacet
  facet normal 8.477341e-01 -5.304207e-01 -8.858149e-04
    outer loop
      vertex   8.370655e+01 8.110569e+01 3.380000e+01
      vertex   8.374033e+01 8.116303e+01 3.180000e+01
      vertex   8.377712e+01 8.121848e+01 3.380000e+01
    endloop
  endfacet
  facet normal 8.183025e-01 -5.747872e-01 8.858149e-04
    outer loop
      vertex   8.377712e+01 8.121848e+01 3.380000e+01
      vertex   8.374033e+01 8.116303e+01 3.180000e+01
      vertex   8.381681e+01 8.127191e+01 3.180000e+01
    endloop
  endfacet
  facet normal 7.865512e-01 -6.175244e-01 -8.858149e-04
    outer loop
      vertex   8.377712e+01 8.121848e+01 3.380000e+01
      vertex   8.381681e+01 8.127191e+01 3.180000e+01
      vertex   8.385929e+01 8.132314e+01 3.380000e+01
    endloop
  endfacet
  facet normal 7.525705e-01 -6.585111e-01 8.858149e-04
    outer loop
      vertex   8.385929e+01 8.132314e+01 3.380000e+01
      vertex   8.381681e+01 8.127191e+01 3.180000e+01
      vertex   8.390443e+01 8.137204e+01 3.180000e+01
    endloop
  endfacet
  facet normal 7.164565e-01 -6.976312e-01 -8.858149e-04
    outer loop
      vertex   8.385929e+01 8.132314e+01 3.380000e+01
      vertex   8.390443e+01 8.137204e+01 3.180000e+01
      vertex   8.395211e+01 8.141847e+01 3.380000e+01
    endloop
  endfacet
  facet normal 6.783116e-01 -7.347739e-01 8.858149e-04
    outer loop
      vertex   8.395211e+01 8.141847e+01 3.380000e+01
      vertex   8.390443e+01 8.137204e+01 3.180000e+01
      vertex   8.400219e+01 8.146229e+01 3.180000e+01
    endloop
  endfacet
  facet normal 6.382439e-01 -7.698337e-01 -8.858149e-04
    outer loop
      vertex   8.395211e+01 8.141847e+01 3.380000e+01
      vertex   8.400219e+01 8.146229e+01 3.180000e+01
      vertex   8.405454e+01 8.150339e+01 3.380000e+01
    endloop
  endfacet
  facet normal 5.963671e-01 -8.027113e-01 8.858149e-04
    outer loop
      vertex   8.405454e+01 8.150339e+01 3.380000e+01
      vertex   8.400219e+01 8.146229e+01 3.180000e+01
      vertex   8.410900e+01 8.154164e+01 3.180000e+01
    endloop
  endfacet
  facet normal 5.527998e-01 -8.333136e-01 -8.858149e-04
    outer loop
      vertex   8.405454e+01 8.150339e+01 3.380000e+01
      vertex   8.410900e+01 8.154164e+01 3.180000e+01
      vertex   8.416542e+01 8.157694e+01 3.380000e+01
    endloop
  endfacet
  facet normal 5.076656e-01 -8.615537e-01 8.858149e-04
    outer loop
      vertex   8.416542e+01 8.157694e+01 3.380000e+01
      vertex   8.410900e+01 8.154164e+01 3.180000e+01
      vertex   8.422363e+01 8.160919e+01 3.180000e+01
    endloop
  endfacet
  facet normal 4.610923e-01 -8.873517e-01 -8.858149e-04
    outer loop
      vertex   8.416542e+01 8.157694e+01 3.380000e+01
      vertex   8.422363e+01 8.160919e+01 3.180000e+01
      vertex   8.428348e+01 8.163829e+01 3.380000e+01
    endloop
  endfacet
  facet normal 4.132120e-01 -9.106344e-01 8.858149e-04
    outer loop
      vertex   8.428348e+01 8.163829e+01 3.380000e+01
      vertex   8.422363e+01 8.160919e+01 3.180000e+01
      vertex   8.434480e+01 8.166417e+01 3.180000e+01
    endloop
  endfacet
  facet normal 3.641604e-01 -9.313358e-01 -8.858149e-04
    outer loop
      vertex   8.428348e+01 8.163829e+01 3.380000e+01
      vertex   8.434480e+01 8.166417e+01 3.180000e+01
      vertex   8.440740e+01 8.168675e+01 3.380000e+01
    endloop
  endfacet
  facet normal 3.140766e-01 -9.493972e-01 8.858149e-04
    outer loop
      vertex   8.440740e+01 8.168675e+01 3.380000e+01
      vertex   8.434480e+01 8.166417e+01 3.180000e+01
      vertex   8.447112e+01 8.170596e+01 3.180000e+01
    endloop
  endfacet
  facet normal 2.631025e-01 -9.647675e-01 -8.858149e-04
    outer loop
      vertex   8.440740e+01 8.168675e+01 3.380000e+01
      vertex   8.447112e+01 8.170596e+01 3.180000e+01
      vertex   8.453577e+01 8.172175e+01 3.380000e+01
    endloop
  endfacet
  facet normal 2.113825e-01 -9.774030e-01 8.858149e-04
    outer loop
      vertex   8.453577e+01 8.172175e+01 3.380000e+01
      vertex   8.447112e+01 8.170596e+01 3.180000e+01
      vertex   8.460117e+01 8.173409e+01 3.180000e+01
    endloop
  endfacet
  facet normal 1.590634e-01 -9.872680e-01 -8.858149e-04
    outer loop
      vertex   8.453577e+01 8.172175e+01 3.380000e+01
      vertex   8.460117e+01 8.173409e+01 3.180000e+01
      vertex   8.466713e+01 8.174292e+01 3.380000e+01
    endloop
  endfacet
  facet normal 1.062934e-01 -9.943344e-01 8.858149e-04
    outer loop
      vertex   8.466713e+01 8.174292e+01 3.380000e+01
      vertex   8.460117e+01 8.173409e+01 3.180000e+01
      vertex   8.473347e+01 8.174823e+01 3.180000e+01
    endloop
  endfacet
endsolid
