ISO-10303-21;
HEADER;
/* Generated by software containing ST-Developer
 * from STEP Tools, Inc. (www.steptools.com) 
 */

FILE_DESCRIPTION(
/* description */ (''),
/* implementation_level */ '2;1');

FILE_NAME(
/* name */ 'bracket_SG90.step',
/* time_stamp */ '2026-07-28T10:24:35+09:00',
/* author */ (''),
/* organization */ (''),
/* preprocessor_version */ 'ST-DEVELOPER v20.1',
/* originating_system */ 'Autodesk Translation Framework v15.8.0.0',
/* authorisation */ '');

FILE_SCHEMA (('AUTOMOTIVE_DESIGN { 1 0 10303 214 3 1 1 }'));
ENDSEC;

DATA;
#10=MECHANICAL_DESIGN_GEOMETRIC_PRESENTATION_REPRESENTATION('',(#25,#26),
#5136);
#11=SHAPE_REPRESENTATION_RELATIONSHIP('SRR','None',#5143,#12);
#12=ADVANCED_BREP_SHAPE_REPRESENTATION('',(#27,#28),#5135);
#13=B_SPLINE_CURVE_WITH_KNOTS('',3,(#4575,#4576,#4577,#4578,#4579),
 .UNSPECIFIED.,.F.,.F.,(4,1,4),(-1.,-0.5,0.),.UNSPECIFIED.);
#14=B_SPLINE_CURVE_WITH_KNOTS('',3,(#4583,#4584,#4585,#4586,#4587),
 .UNSPECIFIED.,.F.,.F.,(4,1,4),(0.,0.5,1.),.UNSPECIFIED.);
#15=B_SPLINE_CURVE_WITH_KNOTS('',3,(#4588,#4589,#4590,#4591,#4592,#4593,
#4594,#4595,#4596,#4597,#4598,#4599,#4600),.UNSPECIFIED.,.F.,.F.,(4,3,3,
3,4),(0.,0.897597901025655,1.79519580205131,2.46839422782055,3.14159265358979),
 .UNSPECIFIED.);
#16=B_SPLINE_CURVE_WITH_KNOTS('',3,(#4638,#4639,#4640,#4641,#4642),
 .UNSPECIFIED.,.F.,.F.,(4,1,4),(-1.,-0.5,0.),.UNSPECIFIED.);
#17=B_SPLINE_CURVE_WITH_KNOTS('',3,(#4646,#4647,#4648,#4649,#4650),
 .UNSPECIFIED.,.F.,.F.,(4,1,4),(0.,0.5,1.),.UNSPECIFIED.);
#18=B_SPLINE_CURVE_WITH_KNOTS('',3,(#4651,#4652,#4653,#4654,#4655,#4656,
#4657,#4658,#4659,#4660,#4661,#4662,#4663),.UNSPECIFIED.,.F.,.F.,(4,3,3,
3,4),(0.,0.897597901025657,1.79519580205131,2.46839422782055,3.14159265358979),
 .UNSPECIFIED.);
#19=B_SPLINE_CURVE_WITH_KNOTS('',3,(#4896,#4897,#4898,#4899,#4900,#4901,
#4902,#4903,#4904,#4905,#4906,#4907,#4908),.UNSPECIFIED.,.F.,.F.,(4,3,3,
3,4),(-3.14159265358979,-2.24399475256414,-1.34639685153848,-0.67319842576924,
0.),.UNSPECIFIED.);
#20=B_SPLINE_CURVE_WITH_KNOTS('',3,(#4946,#4947,#4948,#4949,#4950,#4951,
#4952,#4953,#4954,#4955,#4956,#4957,#4958),.UNSPECIFIED.,.F.,.F.,(4,3,3,
3,4),(-3.14159265358979,-2.24399475256414,-1.34639685153848,-0.673198425769241,
0.),.UNSPECIFIED.);
#21=B_SPLINE_SURFACE_WITH_KNOTS('',3,3,((#4538,#4539,#4540,#4541,#4542,
#4543,#4544),(#4545,#4546,#4547,#4548,#4549,#4550,#4551),(#4552,#4553,#4554,
#4555,#4556,#4557,#4558),(#4559,#4560,#4561,#4562,#4563,#4564,#4565),(#4566,
#4567,#4568,#4569,#4570,#4571,#4572)),.UNSPECIFIED.,.F.,.F.,.F.,(4,1,4),
(4,1,1,1,4),(0.,0.5,1.),(-3.14159265358979,-2.46839422782055,-1.79519580205131,
-0.897597901025655,0.),.UNSPECIFIED.);
#22=B_SPLINE_SURFACE_WITH_KNOTS('',3,3,((#4601,#4602,#4603,#4604,#4605,
#4606,#4607),(#4608,#4609,#4610,#4611,#4612,#4613,#4614),(#4615,#4616,#4617,
#4618,#4619,#4620,#4621),(#4622,#4623,#4624,#4625,#4626,#4627,#4628),(#4629,
#4630,#4631,#4632,#4633,#4634,#4635)),.UNSPECIFIED.,.F.,.F.,.F.,(4,1,4),
(4,1,1,1,4),(0.,0.5,1.),(-3.14159265358979,-2.46839422782055,-1.79519580205131,
-0.897597901025655,8.88178419700125E-16),.UNSPECIFIED.);
#23=B_SPLINE_SURFACE_WITH_KNOTS('',3,3,((#4861,#4862,#4863,#4864,#4865,
#4866,#4867),(#4868,#4869,#4870,#4871,#4872,#4873,#4874),(#4875,#4876,#4877,
#4878,#4879,#4880,#4881),(#4882,#4883,#4884,#4885,#4886,#4887,#4888),(#4889,
#4890,#4891,#4892,#4893,#4894,#4895)),.UNSPECIFIED.,.F.,.F.,.F.,(4,1,4),
(4,1,1,1,4),(0.,0.5,1.),(-6.28318530717959,-5.60998688141035,-4.9367884556411,
-4.03919055461545,-3.14159265358979),.UNSPECIFIED.);
#24=B_SPLINE_SURFACE_WITH_KNOTS('',3,3,((#4911,#4912,#4913,#4914,#4915,
#4916,#4917),(#4918,#4919,#4920,#4921,#4922,#4923,#4924),(#4925,#4926,#4927,
#4928,#4929,#4930,#4931),(#4932,#4933,#4934,#4935,#4936,#4937,#4938),(#4939,
#4940,#4941,#4942,#4943,#4944,#4945)),.UNSPECIFIED.,.F.,.F.,.F.,(4,1,4),
(4,1,1,1,4),(0.,0.5,1.),(-6.28318530717959,-5.60998688141034,-4.9367884556411,
-4.03919055461545,-3.14159265358979),.UNSPECIFIED.);
#25=STYLED_ITEM('',(#5152),#27);
#26=STYLED_ITEM('',(#5153),#28);
#27=MANIFOLD_SOLID_BREP('Bracket_front',#3046);
#28=MANIFOLD_SOLID_BREP('Bracket_rear',#3047);
#29=TOROIDAL_SURFACE('',#3134,0.541742430504417,0.5);
#30=TOROIDAL_SURFACE('',#3140,0.541742430504416,0.5);
#31=TOROIDAL_SURFACE('',#3146,0.541742430504416,0.499999999999999);
#32=TOROIDAL_SURFACE('',#3151,0.541742430504442,0.499999999999999);
#33=TOROIDAL_SURFACE('',#3229,0.541742430504416,0.5);
#34=TOROIDAL_SURFACE('',#3235,0.541742430504417,0.5);
#35=CYLINDRICAL_SURFACE('',#3067,1.75);
#36=CYLINDRICAL_SURFACE('',#3069,2.75);
#37=CYLINDRICAL_SURFACE('',#3073,2.75);
#38=CYLINDRICAL_SURFACE('',#3076,0.750000000000001);
#39=CYLINDRICAL_SURFACE('',#3078,0.750000000000001);
#40=CYLINDRICAL_SURFACE('',#3082,1.75);
#41=CYLINDRICAL_SURFACE('',#3133,2.);
#42=CYLINDRICAL_SURFACE('',#3190,0.700000000000002);
#43=CYLINDRICAL_SURFACE('',#3191,0.7);
#44=CYLINDRICAL_SURFACE('',#3247,6.05);
#45=CYLINDRICAL_SURFACE('',#3252,6.05);
#46=(
BOUNDED_SURFACE()
B_SPLINE_SURFACE(2,2,((#4034,#4035,#4036,#4037,#4038,#4039,#4040,#4041,
#4042),(#4043,#4044,#4045,#4046,#4047,#4048,#4049,#4050,#4051),(#4052,#4053,
#4054,#4055,#4056,#4057,#4058,#4059,#4060)),.UNSPECIFIED.,.F.,.T.,.F.)
B_SPLINE_SURFACE_WITH_KNOTS((3,3),(3,2,2,2,3),(-2.59052039079203E-16,1.23095941734078),
(-3.14159265358979,-1.5707963267949,0.,1.5707963267949,3.14159265358979),
 .UNSPECIFIED.)
GEOMETRIC_REPRESENTATION_ITEM()
RATIONAL_B_SPLINE_SURFACE(((1.,0.707106781186548,1.,0.707106781186548,1.,
0.707106781186548,1.,0.707106781186548,1.),(0.816496580927719,0.577350269189621,
0.816496580927719,0.577350269189621,0.816496580927719,0.577350269189621,
0.816496580927719,0.577350269189621,0.816496580927719),(1.,0.707106781186548,
1.,0.707106781186548,1.,0.707106781186548,1.,0.707106781186548,1.)))
REPRESENTATION_ITEM('')
SURFACE()
);
#47=(
BOUNDED_SURFACE()
B_SPLINE_SURFACE(2,2,((#4096,#4097,#4098,#4099,#4100,#4101,#4102,#4103,
#4104),(#4105,#4106,#4107,#4108,#4109,#4110,#4111,#4112,#4113),(#4114,#4115,
#4116,#4117,#4118,#4119,#4120,#4121,#4122)),.UNSPECIFIED.,.F.,.T.,.F.)
B_SPLINE_SURFACE_WITH_KNOTS((3,3),(3,2,2,2,3),(-2.59052039079203E-16,1.23095941734078),
(-3.14159265358979,-1.5707963267949,0.,1.5707963267949,3.14159265358979),
 .UNSPECIFIED.)
GEOMETRIC_REPRESENTATION_ITEM()
RATIONAL_B_SPLINE_SURFACE(((1.,0.707106781186548,1.,0.707106781186548,1.,
0.707106781186548,1.,0.707106781186548,1.),(0.816496580927719,0.577350269189621,
0.816496580927719,0.577350269189621,0.816496580927719,0.577350269189621,
0.816496580927719,0.577350269189621,0.816496580927719),(1.,0.707106781186548,
1.,0.707106781186548,1.,0.707106781186548,1.,0.707106781186548,1.)))
REPRESENTATION_ITEM('')
SURFACE()
);
#48=FACE_BOUND('',#280,.T.);
#49=FACE_BOUND('',#285,.T.);
#50=FACE_BOUND('',#292,.T.);
#51=FACE_BOUND('',#294,.T.);
#52=FACE_BOUND('',#298,.T.);
#53=FACE_BOUND('',#299,.T.);
#54=FACE_BOUND('',#303,.T.);
#55=FACE_BOUND('',#304,.T.);
#56=FACE_BOUND('',#307,.T.);
#57=FACE_BOUND('',#308,.T.);
#58=FACE_BOUND('',#309,.T.);
#59=FACE_BOUND('',#310,.T.);
#60=FACE_BOUND('',#311,.T.);
#61=FACE_BOUND('',#312,.T.);
#62=FACE_BOUND('',#328,.T.);
#63=FACE_BOUND('',#355,.T.);
#64=FACE_BOUND('',#359,.T.);
#65=FACE_BOUND('',#365,.T.);
#66=FACE_BOUND('',#370,.T.);
#67=FACE_BOUND('',#386,.T.);
#68=FACE_BOUND('',#387,.T.);
#69=FACE_BOUND('',#393,.T.);
#70=FACE_BOUND('',#394,.T.);
#71=FACE_BOUND('',#395,.T.);
#72=FACE_BOUND('',#396,.T.);
#73=FACE_BOUND('',#397,.T.);
#74=FACE_BOUND('',#431,.T.);
#75=FACE_BOUND('',#433,.T.);
#76=FACE_BOUND('',#437,.T.);
#77=FACE_BOUND('',#441,.T.);
#78=CIRCLE('',#3062,0.750000000000001);
#79=CIRCLE('',#3063,0.750000000000001);
#80=CIRCLE('',#3064,1.5);
#81=CIRCLE('',#3065,1.75);
#82=CIRCLE('',#3066,0.750000000000001);
#83=CIRCLE('',#3068,1.75);
#84=CIRCLE('',#3070,2.75);
#85=CIRCLE('',#3071,2.75);
#86=CIRCLE('',#3074,2.75);
#87=CIRCLE('',#3075,2.75);
#88=CIRCLE('',#3077,0.750000000000002);
#89=CIRCLE('',#3079,0.750000000000001);
#90=CIRCLE('',#3080,1.5);
#91=CIRCLE('',#3081,1.75);
#92=CIRCLE('',#3083,1.75);
#93=CIRCLE('',#3094,2.);
#94=CIRCLE('',#3132,2.);
#95=CIRCLE('',#3135,0.541742430504417);
#96=CIRCLE('',#3136,0.5);
#97=CIRCLE('',#3137,1.);
#98=CIRCLE('',#3141,0.541742430504417);
#99=CIRCLE('',#3142,0.5);
#100=CIRCLE('',#3143,1.);
#101=CIRCLE('',#3147,0.541742430504415);
#102=CIRCLE('',#3148,0.499999999999999);
#103=CIRCLE('',#3149,0.999999999999999);
#104=CIRCLE('',#3152,0.541742430504417);
#105=CIRCLE('',#3153,0.499999999999999);
#106=CIRCLE('',#3154,1.);
#107=CIRCLE('',#3171,0.999999999999999);
#108=CIRCLE('',#3172,1.);
#109=CIRCLE('',#3176,0.700000000000002);
#110=CIRCLE('',#3177,0.7);
#111=CIRCLE('',#3183,0.700000000000002);
#112=CIRCLE('',#3184,0.7);
#113=CIRCLE('',#3186,1.);
#114=CIRCLE('',#3188,0.999999999999999);
#115=CIRCLE('',#3200,6.05);
#116=CIRCLE('',#3201,6.05);
#117=CIRCLE('',#3203,6.05);
#118=CIRCLE('',#3212,6.05);
#119=CIRCLE('',#3226,1.);
#120=CIRCLE('',#3228,0.541742430504416);
#121=CIRCLE('',#3230,0.5);
#122=CIRCLE('',#3232,1.);
#123=CIRCLE('',#3234,0.541742430504417);
#124=CIRCLE('',#3236,0.5);
#125=CIRCLE('',#3248,6.05);
#126=CIRCLE('',#3253,6.05);
#127=FACE_OUTER_BOUND('',#279,.T.);
#128=FACE_OUTER_BOUND('',#281,.T.);
#129=FACE_OUTER_BOUND('',#282,.T.);
#130=FACE_OUTER_BOUND('',#283,.T.);
#131=FACE_OUTER_BOUND('',#284,.T.);
#132=FACE_OUTER_BOUND('',#286,.T.);
#133=FACE_OUTER_BOUND('',#287,.T.);
#134=FACE_OUTER_BOUND('',#288,.T.);
#135=FACE_OUTER_BOUND('',#289,.T.);
#136=FACE_OUTER_BOUND('',#290,.T.);
#137=FACE_OUTER_BOUND('',#291,.T.);
#138=FACE_OUTER_BOUND('',#293,.T.);
#139=FACE_OUTER_BOUND('',#295,.T.);
#140=FACE_OUTER_BOUND('',#296,.T.);
#141=FACE_OUTER_BOUND('',#297,.T.);
#142=FACE_OUTER_BOUND('',#300,.T.);
#143=FACE_OUTER_BOUND('',#301,.T.);
#144=FACE_OUTER_BOUND('',#302,.T.);
#145=FACE_OUTER_BOUND('',#305,.T.);
#146=FACE_OUTER_BOUND('',#306,.T.);
#147=FACE_OUTER_BOUND('',#313,.T.);
#148=FACE_OUTER_BOUND('',#314,.T.);
#149=FACE_OUTER_BOUND('',#315,.T.);
#150=FACE_OUTER_BOUND('',#316,.T.);
#151=FACE_OUTER_BOUND('',#317,.T.);
#152=FACE_OUTER_BOUND('',#318,.T.);
#153=FACE_OUTER_BOUND('',#319,.T.);
#154=FACE_OUTER_BOUND('',#320,.T.);
#155=FACE_OUTER_BOUND('',#321,.T.);
#156=FACE_OUTER_BOUND('',#322,.T.);
#157=FACE_OUTER_BOUND('',#323,.T.);
#158=FACE_OUTER_BOUND('',#324,.T.);
#159=FACE_OUTER_BOUND('',#325,.T.);
#160=FACE_OUTER_BOUND('',#326,.T.);
#161=FACE_OUTER_BOUND('',#327,.T.);
#162=FACE_OUTER_BOUND('',#329,.T.);
#163=FACE_OUTER_BOUND('',#330,.T.);
#164=FACE_OUTER_BOUND('',#331,.T.);
#165=FACE_OUTER_BOUND('',#332,.T.);
#166=FACE_OUTER_BOUND('',#333,.T.);
#167=FACE_OUTER_BOUND('',#334,.T.);
#168=FACE_OUTER_BOUND('',#335,.T.);
#169=FACE_OUTER_BOUND('',#336,.T.);
#170=FACE_OUTER_BOUND('',#337,.T.);
#171=FACE_OUTER_BOUND('',#338,.T.);
#172=FACE_OUTER_BOUND('',#339,.T.);
#173=FACE_OUTER_BOUND('',#340,.T.);
#174=FACE_OUTER_BOUND('',#341,.T.);
#175=FACE_OUTER_BOUND('',#342,.T.);
#176=FACE_OUTER_BOUND('',#343,.T.);
#177=FACE_OUTER_BOUND('',#344,.T.);
#178=FACE_OUTER_BOUND('',#345,.T.);
#179=FACE_OUTER_BOUND('',#346,.T.);
#180=FACE_OUTER_BOUND('',#347,.T.);
#181=FACE_OUTER_BOUND('',#348,.T.);
#182=FACE_OUTER_BOUND('',#349,.T.);
#183=FACE_OUTER_BOUND('',#350,.T.);
#184=FACE_OUTER_BOUND('',#351,.T.);
#185=FACE_OUTER_BOUND('',#352,.T.);
#186=FACE_OUTER_BOUND('',#353,.T.);
#187=FACE_OUTER_BOUND('',#354,.T.);
#188=FACE_OUTER_BOUND('',#356,.T.);
#189=FACE_OUTER_BOUND('',#357,.T.);
#190=FACE_OUTER_BOUND('',#358,.T.);
#191=FACE_OUTER_BOUND('',#360,.T.);
#192=FACE_OUTER_BOUND('',#361,.T.);
#193=FACE_OUTER_BOUND('',#362,.T.);
#194=FACE_OUTER_BOUND('',#363,.T.);
#195=FACE_OUTER_BOUND('',#364,.T.);
#196=FACE_OUTER_BOUND('',#366,.T.);
#197=FACE_OUTER_BOUND('',#367,.T.);
#198=FACE_OUTER_BOUND('',#368,.T.);
#199=FACE_OUTER_BOUND('',#369,.T.);
#200=FACE_OUTER_BOUND('',#371,.T.);
#201=FACE_OUTER_BOUND('',#372,.T.);
#202=FACE_OUTER_BOUND('',#373,.T.);
#203=FACE_OUTER_BOUND('',#374,.T.);
#204=FACE_OUTER_BOUND('',#375,.T.);
#205=FACE_OUTER_BOUND('',#376,.T.);
#206=FACE_OUTER_BOUND('',#377,.T.);
#207=FACE_OUTER_BOUND('',#378,.T.);
#208=FACE_OUTER_BOUND('',#379,.T.);
#209=FACE_OUTER_BOUND('',#380,.T.);
#210=FACE_OUTER_BOUND('',#381,.T.);
#211=FACE_OUTER_BOUND('',#382,.T.);
#212=FACE_OUTER_BOUND('',#383,.T.);
#213=FACE_OUTER_BOUND('',#384,.T.);
#214=FACE_OUTER_BOUND('',#385,.T.);
#215=FACE_OUTER_BOUND('',#388,.T.);
#216=FACE_OUTER_BOUND('',#389,.T.);
#217=FACE_OUTER_BOUND('',#390,.T.);
#218=FACE_OUTER_BOUND('',#391,.T.);
#219=FACE_OUTER_BOUND('',#392,.T.);
#220=FACE_OUTER_BOUND('',#398,.T.);
#221=FACE_OUTER_BOUND('',#399,.T.);
#222=FACE_OUTER_BOUND('',#400,.T.);
#223=FACE_OUTER_BOUND('',#401,.T.);
#224=FACE_OUTER_BOUND('',#402,.T.);
#225=FACE_OUTER_BOUND('',#403,.T.);
#226=FACE_OUTER_BOUND('',#404,.T.);
#227=FACE_OUTER_BOUND('',#405,.T.);
#228=FACE_OUTER_BOUND('',#406,.T.);
#229=FACE_OUTER_BOUND('',#407,.T.);
#230=FACE_OUTER_BOUND('',#408,.T.);
#231=FACE_OUTER_BOUND('',#409,.T.);
#232=FACE_OUTER_BOUND('',#410,.T.);
#233=FACE_OUTER_BOUND('',#411,.T.);
#234=FACE_OUTER_BOUND('',#412,.T.);
#235=FACE_OUTER_BOUND('',#413,.T.);
#236=FACE_OUTER_BOUND('',#414,.T.);
#237=FACE_OUTER_BOUND('',#415,.T.);
#238=FACE_OUTER_BOUND('',#416,.T.);
#239=FACE_OUTER_BOUND('',#417,.T.);
#240=FACE_OUTER_BOUND('',#418,.T.);
#241=FACE_OUTER_BOUND('',#419,.T.);
#242=FACE_OUTER_BOUND('',#420,.T.);
#243=FACE_OUTER_BOUND('',#421,.T.);
#244=FACE_OUTER_BOUND('',#422,.T.);
#245=FACE_OUTER_BOUND('',#423,.T.);
#246=FACE_OUTER_BOUND('',#424,.T.);
#247=FACE_OUTER_BOUND('',#425,.T.);
#248=FACE_OUTER_BOUND('',#426,.T.);
#249=FACE_OUTER_BOUND('',#427,.T.);
#250=FACE_OUTER_BOUND('',#428,.T.);
#251=FACE_OUTER_BOUND('',#429,.T.);
#252=FACE_OUTER_BOUND('',#430,.T.);
#253=FACE_OUTER_BOUND('',#432,.T.);
#254=FACE_OUTER_BOUND('',#434,.T.);
#255=FACE_OUTER_BOUND('',#435,.T.);
#256=FACE_OUTER_BOUND('',#436,.T.);
#257=FACE_OUTER_BOUND('',#438,.T.);
#258=FACE_OUTER_BOUND('',#439,.T.);
#259=FACE_OUTER_BOUND('',#440,.T.);
#260=FACE_OUTER_BOUND('',#442,.T.);
#261=FACE_OUTER_BOUND('',#443,.T.);
#262=FACE_OUTER_BOUND('',#444,.T.);
#263=FACE_OUTER_BOUND('',#445,.T.);
#264=FACE_OUTER_BOUND('',#446,.T.);
#265=FACE_OUTER_BOUND('',#447,.T.);
#266=FACE_OUTER_BOUND('',#448,.T.);
#267=FACE_OUTER_BOUND('',#449,.T.);
#268=FACE_OUTER_BOUND('',#450,.T.);
#269=FACE_OUTER_BOUND('',#451,.T.);
#270=FACE_OUTER_BOUND('',#452,.T.);
#271=FACE_OUTER_BOUND('',#453,.T.);
#272=FACE_OUTER_BOUND('',#454,.T.);
#273=FACE_OUTER_BOUND('',#455,.T.);
#274=FACE_OUTER_BOUND('',#456,.T.);
#275=FACE_OUTER_BOUND('',#457,.T.);
#276=FACE_OUTER_BOUND('',#458,.T.);
#277=FACE_OUTER_BOUND('',#459,.T.);
#278=FACE_OUTER_BOUND('',#460,.T.);
#279=EDGE_LOOP('',(#1911,#1912,#1913,#1914,#1915,#1916));
#280=EDGE_LOOP('',(#1917));
#281=EDGE_LOOP('',(#1918,#1919,#1920,#1921,#1922));
#282=EDGE_LOOP('',(#1923,#1924,#1925,#1926));
#283=EDGE_LOOP('',(#1927,#1928,#1929,#1930));
#284=EDGE_LOOP('',(#1931));
#285=EDGE_LOOP('',(#1932));
#286=EDGE_LOOP('',(#1933,#1934,#1935,#1936));
#287=EDGE_LOOP('',(#1937,#1938,#1939,#1940));
#288=EDGE_LOOP('',(#1941,#1942,#1943,#1944,#1945));
#289=EDGE_LOOP('',(#1946,#1947,#1948,#1949));
#290=EDGE_LOOP('',(#1950,#1951,#1952,#1953));
#291=EDGE_LOOP('',(#1954,#1955));
#292=EDGE_LOOP('',(#1956));
#293=EDGE_LOOP('',(#1957,#1958,#1959,#1960,#1961,#1962));
#294=EDGE_LOOP('',(#1963));
#295=EDGE_LOOP('',(#1964,#1965,#1966,#1967));
#296=EDGE_LOOP('',(#1968,#1969,#1970,#1971,#1972,#1973));
#297=EDGE_LOOP('',(#1974,#1975,#1976,#1977,#1978,#1979,#1980,#1981));
#298=EDGE_LOOP('',(#1982,#1983,#1984,#1985));
#299=EDGE_LOOP('',(#1986,#1987,#1988,#1989));
#300=EDGE_LOOP('',(#1990,#1991,#1992,#1993));
#301=EDGE_LOOP('',(#1994,#1995,#1996,#1997));
#302=EDGE_LOOP('',(#1998,#1999,#2000,#2001,#2002,#2003,#2004,#2005,#2006,
#2007,#2008,#2009,#2010,#2011,#2012,#2013,#2014,#2015,#2016,#2017));
#303=EDGE_LOOP('',(#2018,#2019,#2020,#2021));
#304=EDGE_LOOP('',(#2022,#2023,#2024,#2025));
#305=EDGE_LOOP('',(#2026,#2027,#2028,#2029));
#306=EDGE_LOOP('',(#2030,#2031,#2032,#2033,#2034,#2035,#2036));
#307=EDGE_LOOP('',(#2037,#2038,#2039,#2040));
#308=EDGE_LOOP('',(#2041,#2042,#2043,#2044));
#309=EDGE_LOOP('',(#2045,#2046,#2047,#2048));
#310=EDGE_LOOP('',(#2049,#2050,#2051,#2052));
#311=EDGE_LOOP('',(#2053,#2054,#2055,#2056));
#312=EDGE_LOOP('',(#2057,#2058,#2059,#2060));
#313=EDGE_LOOP('',(#2061,#2062,#2063,#2064));
#314=EDGE_LOOP('',(#2065,#2066,#2067,#2068));
#315=EDGE_LOOP('',(#2069,#2070,#2071,#2072));
#316=EDGE_LOOP('',(#2073,#2074,#2075,#2076));
#317=EDGE_LOOP('',(#2077,#2078,#2079,#2080));
#318=EDGE_LOOP('',(#2081,#2082,#2083,#2084));
#319=EDGE_LOOP('',(#2085,#2086,#2087,#2088));
#320=EDGE_LOOP('',(#2089,#2090,#2091,#2092));
#321=EDGE_LOOP('',(#2093,#2094,#2095,#2096,#2097,#2098,#2099,#2100));
#322=EDGE_LOOP('',(#2101,#2102,#2103,#2104,#2105,#2106,#2107,#2108));
#323=EDGE_LOOP('',(#2109,#2110,#2111,#2112));
#324=EDGE_LOOP('',(#2113,#2114,#2115,#2116));
#325=EDGE_LOOP('',(#2117,#2118,#2119,#2120));
#326=EDGE_LOOP('',(#2121,#2122,#2123,#2124));
#327=EDGE_LOOP('',(#2125,#2126,#2127,#2128,#2129,#2130,#2131,#2132,#2133,
#2134));
#328=EDGE_LOOP('',(#2135));
#329=EDGE_LOOP('',(#2136,#2137,#2138,#2139,#2140,#2141,#2142,#2143,#2144,
#2145,#2146,#2147));
#330=EDGE_LOOP('',(#2148,#2149,#2150,#2151));
#331=EDGE_LOOP('',(#2152,#2153,#2154,#2155,#2156,#2157,#2158,#2159));
#332=EDGE_LOOP('',(#2160,#2161,#2162,#2163,#2164,#2165));
#333=EDGE_LOOP('',(#2166,#2167,#2168,#2169));
#334=EDGE_LOOP('',(#2170,#2171,#2172,#2173,#2174,#2175));
#335=EDGE_LOOP('',(#2176,#2177,#2178,#2179,#2180,#2181,#2182,#2183,#2184,
#2185,#2186,#2187));
#336=EDGE_LOOP('',(#2188,#2189,#2190,#2191));
#337=EDGE_LOOP('',(#2192,#2193,#2194,#2195));
#338=EDGE_LOOP('',(#2196,#2197,#2198,#2199));
#339=EDGE_LOOP('',(#2200,#2201,#2202,#2203));
#340=EDGE_LOOP('',(#2204,#2205,#2206,#2207));
#341=EDGE_LOOP('',(#2208,#2209,#2210,#2211));
#342=EDGE_LOOP('',(#2212,#2213,#2214,#2215));
#343=EDGE_LOOP('',(#2216,#2217,#2218,#2219,#2220,#2221,#2222,#2223));
#344=EDGE_LOOP('',(#2224,#2225,#2226,#2227));
#345=EDGE_LOOP('',(#2228,#2229,#2230,#2231,#2232,#2233,#2234,#2235));
#346=EDGE_LOOP('',(#2236,#2237,#2238,#2239));
#347=EDGE_LOOP('',(#2240,#2241,#2242,#2243,#2244,#2245,#2246,#2247));
#348=EDGE_LOOP('',(#2248,#2249,#2250,#2251));
#349=EDGE_LOOP('',(#2252,#2253,#2254,#2255,#2256,#2257,#2258,#2259));
#350=EDGE_LOOP('',(#2260,#2261,#2262,#2263,#2264,#2265,#2266,#2267,#2268,
#2269,#2270,#2271,#2272));
#351=EDGE_LOOP('',(#2273,#2274,#2275,#2276));
#352=EDGE_LOOP('',(#2277,#2278,#2279,#2280));
#353=EDGE_LOOP('',(#2281));
#354=EDGE_LOOP('',(#2282,#2283,#2284,#2285));
#355=EDGE_LOOP('',(#2286));
#356=EDGE_LOOP('',(#2287,#2288,#2289,#2290));
#357=EDGE_LOOP('',(#2291));
#358=EDGE_LOOP('',(#2292,#2293,#2294,#2295));
#359=EDGE_LOOP('',(#2296));
#360=EDGE_LOOP('',(#2297,#2298,#2299,#2300));
#361=EDGE_LOOP('',(#2301));
#362=EDGE_LOOP('',(#2302,#2303,#2304,#2305));
#363=EDGE_LOOP('',(#2306));
#364=EDGE_LOOP('',(#2307,#2308,#2309,#2310,#2311,#2312));
#365=EDGE_LOOP('',(#2313));
#366=EDGE_LOOP('',(#2314,#2315,#2316,#2317));
#367=EDGE_LOOP('',(#2318,#2319,#2320,#2321));
#368=EDGE_LOOP('',(#2322,#2323,#2324,#2325));
#369=EDGE_LOOP('',(#2326,#2327,#2328,#2329,#2330,#2331));
#370=EDGE_LOOP('',(#2332));
#371=EDGE_LOOP('',(#2333,#2334,#2335,#2336));
#372=EDGE_LOOP('',(#2337,#2338,#2339,#2340));
#373=EDGE_LOOP('',(#2341,#2342,#2343,#2344));
#374=EDGE_LOOP('',(#2345,#2346,#2347,#2348));
#375=EDGE_LOOP('',(#2349,#2350,#2351,#2352));
#376=EDGE_LOOP('',(#2353,#2354,#2355,#2356));
#377=EDGE_LOOP('',(#2357,#2358,#2359,#2360));
#378=EDGE_LOOP('',(#2361,#2362,#2363,#2364));
#379=EDGE_LOOP('',(#2365,#2366,#2367,#2368));
#380=EDGE_LOOP('',(#2369,#2370,#2371,#2372));
#381=EDGE_LOOP('',(#2373,#2374,#2375,#2376));
#382=EDGE_LOOP('',(#2377,#2378,#2379,#2380));
#383=EDGE_LOOP('',(#2381,#2382,#2383,#2384));
#384=EDGE_LOOP('',(#2385,#2386,#2387,#2388,#2389,#2390,#2391,#2392));
#385=EDGE_LOOP('',(#2393,#2394,#2395,#2396,#2397,#2398,#2399,#2400,#2401,
#2402,#2403,#2404,#2405,#2406,#2407,#2408));
#386=EDGE_LOOP('',(#2409));
#387=EDGE_LOOP('',(#2410));
#388=EDGE_LOOP('',(#2411,#2412,#2413,#2414));
#389=EDGE_LOOP('',(#2415,#2416,#2417,#2418));
#390=EDGE_LOOP('',(#2419,#2420,#2421,#2422));
#391=EDGE_LOOP('',(#2423,#2424,#2425,#2426));
#392=EDGE_LOOP('',(#2427,#2428,#2429,#2430,#2431,#2432));
#393=EDGE_LOOP('',(#2433,#2434,#2435,#2436,#2437,#2438,#2439,#2440,#2441,
#2442,#2443,#2444));
#394=EDGE_LOOP('',(#2445));
#395=EDGE_LOOP('',(#2446));
#396=EDGE_LOOP('',(#2447,#2448,#2449,#2450));
#397=EDGE_LOOP('',(#2451,#2452,#2453,#2454));
#398=EDGE_LOOP('',(#2455,#2456,#2457,#2458,#2459,#2460,#2461,#2462,#2463,
#2464,#2465,#2466,#2467,#2468,#2469,#2470,#2471,#2472,#2473,#2474,#2475,
#2476,#2477,#2478,#2479,#2480,#2481,#2482,#2483,#2484,#2485,#2486,#2487,
#2488,#2489));
#399=EDGE_LOOP('',(#2490,#2491,#2492,#2493));
#400=EDGE_LOOP('',(#2494,#2495));
#401=EDGE_LOOP('',(#2496,#2497,#2498,#2499));
#402=EDGE_LOOP('',(#2500,#2501));
#403=EDGE_LOOP('',(#2502,#2503,#2504,#2505));
#404=EDGE_LOOP('',(#2506,#2507,#2508,#2509));
#405=EDGE_LOOP('',(#2510,#2511,#2512,#2513));
#406=EDGE_LOOP('',(#2514,#2515,#2516,#2517));
#407=EDGE_LOOP('',(#2518,#2519,#2520,#2521));
#408=EDGE_LOOP('',(#2522,#2523,#2524,#2525,#2526,#2527,#2528,#2529,#2530,
#2531));
#409=EDGE_LOOP('',(#2532,#2533,#2534,#2535));
#410=EDGE_LOOP('',(#2536,#2537,#2538,#2539));
#411=EDGE_LOOP('',(#2540,#2541,#2542,#2543));
#412=EDGE_LOOP('',(#2544,#2545,#2546,#2547,#2548,#2549,#2550,#2551));
#413=EDGE_LOOP('',(#2552,#2553,#2554,#2555));
#414=EDGE_LOOP('',(#2556,#2557,#2558,#2559,#2560,#2561,#2562,#2563));
#415=EDGE_LOOP('',(#2564,#2565,#2566,#2567));
#416=EDGE_LOOP('',(#2568,#2569,#2570,#2571));
#417=EDGE_LOOP('',(#2572,#2573,#2574,#2575));
#418=EDGE_LOOP('',(#2576,#2577,#2578,#2579,#2580,#2581));
#419=EDGE_LOOP('',(#2582,#2583,#2584,#2585));
#420=EDGE_LOOP('',(#2586,#2587,#2588,#2589,#2590,#2591,#2592,#2593));
#421=EDGE_LOOP('',(#2594,#2595,#2596,#2597));
#422=EDGE_LOOP('',(#2598,#2599,#2600,#2601));
#423=EDGE_LOOP('',(#2602,#2603,#2604,#2605,#2606,#2607));
#424=EDGE_LOOP('',(#2608,#2609,#2610,#2611));
#425=EDGE_LOOP('',(#2612,#2613,#2614,#2615,#2616,#2617));
#426=EDGE_LOOP('',(#2618,#2619,#2620,#2621,#2622,#2623));
#427=EDGE_LOOP('',(#2624,#2625,#2626,#2627));
#428=EDGE_LOOP('',(#2628,#2629,#2630,#2631,#2632,#2633));
#429=EDGE_LOOP('',(#2634,#2635,#2636,#2637));
#430=EDGE_LOOP('',(#2638,#2639,#2640,#2641));
#431=EDGE_LOOP('',(#2642,#2643));
#432=EDGE_LOOP('',(#2644,#2645,#2646,#2647));
#433=EDGE_LOOP('',(#2648,#2649));
#434=EDGE_LOOP('',(#2650,#2651,#2652,#2653,#2654));
#435=EDGE_LOOP('',(#2655,#2656,#2657,#2658));
#436=EDGE_LOOP('',(#2659,#2660,#2661,#2662));
#437=EDGE_LOOP('',(#2663));
#438=EDGE_LOOP('',(#2664));
#439=EDGE_LOOP('',(#2665,#2666,#2667,#2668));
#440=EDGE_LOOP('',(#2669,#2670,#2671,#2672));
#441=EDGE_LOOP('',(#2673));
#442=EDGE_LOOP('',(#2674));
#443=EDGE_LOOP('',(#2675,#2676,#2677,#2678));
#444=EDGE_LOOP('',(#2679,#2680,#2681,#2682));
#445=EDGE_LOOP('',(#2683,#2684,#2685,#2686,#2687,#2688,#2689,#2690));
#446=EDGE_LOOP('',(#2691,#2692,#2693,#2694));
#447=EDGE_LOOP('',(#2695,#2696,#2697,#2698,#2699,#2700,#2701,#2702));
#448=EDGE_LOOP('',(#2703,#2704,#2705,#2706));
#449=EDGE_LOOP('',(#2707,#2708,#2709,#2710));
#450=EDGE_LOOP('',(#2711,#2712,#2713,#2714));
#451=EDGE_LOOP('',(#2715,#2716,#2717,#2718));
#452=EDGE_LOOP('',(#2719,#2720,#2721,#2722));
#453=EDGE_LOOP('',(#2723,#2724,#2725,#2726));
#454=EDGE_LOOP('',(#2727,#2728,#2729,#2730,#2731));
#455=EDGE_LOOP('',(#2732,#2733,#2734,#2735));
#456=EDGE_LOOP('',(#2736,#2737,#2738,#2739,#2740,#2741,#2742,#2743));
#457=EDGE_LOOP('',(#2744,#2745,#2746,#2747,#2748,#2749,#2750,#2751));
#458=EDGE_LOOP('',(#2752,#2753,#2754,#2755,#2756));
#459=EDGE_LOOP('',(#2757,#2758,#2759,#2760));
#460=EDGE_LOOP('',(#2761,#2762,#2763,#2764));
#461=LINE('',#4022,#831);
#462=LINE('',#4024,#832);
#463=LINE('',#4026,#833);
#464=LINE('',#4028,#834);
#465=LINE('',#4030,#835);
#466=LINE('',#4031,#836);
#467=LINE('',#4071,#837);
#468=LINE('',#4076,#838);
#469=LINE('',#4082,#839);
#470=LINE('',#4086,#840);
#471=LINE('',#4091,#841);
#472=LINE('',#4095,#842);
#473=LINE('',#4129,#843);
#474=LINE('',#4131,#844);
#475=LINE('',#4135,#845);
#476=LINE('',#4137,#846);
#477=LINE('',#4139,#847);
#478=LINE('',#4141,#848);
#479=LINE('',#4143,#849);
#480=LINE('',#4144,#850);
#481=LINE('',#4147,#851);
#482=LINE('',#4149,#852);
#483=LINE('',#4150,#853);
#484=LINE('',#4153,#854);
#485=LINE('',#4155,#855);
#486=LINE('',#4157,#856);
#487=LINE('',#4158,#857);
#488=LINE('',#4161,#858);
#489=LINE('',#4163,#859);
#490=LINE('',#4165,#860);
#491=LINE('',#4167,#861);
#492=LINE('',#4168,#862);
#493=LINE('',#4169,#863);
#494=LINE('',#4172,#864);
#495=LINE('',#4174,#865);
#496=LINE('',#4176,#866);
#497=LINE('',#4177,#867);
#498=LINE('',#4180,#868);
#499=LINE('',#4182,#869);
#500=LINE('',#4184,#870);
#501=LINE('',#4185,#871);
#502=LINE('',#4188,#872);
#503=LINE('',#4189,#873);
#504=LINE('',#4193,#874);
#505=LINE('',#4195,#875);
#506=LINE('',#4197,#876);
#507=LINE('',#4198,#877);
#508=LINE('',#4202,#878);
#509=LINE('',#4204,#879);
#510=LINE('',#4206,#880);
#511=LINE('',#4208,#881);
#512=LINE('',#4210,#882);
#513=LINE('',#4212,#883);
#514=LINE('',#4214,#884);
#515=LINE('',#4216,#885);
#516=LINE('',#4218,#886);
#517=LINE('',#4220,#887);
#518=LINE('',#4222,#888);
#519=LINE('',#4224,#889);
#520=LINE('',#4226,#890);
#521=LINE('',#4228,#891);
#522=LINE('',#4230,#892);
#523=LINE('',#4232,#893);
#524=LINE('',#4234,#894);
#525=LINE('',#4236,#895);
#526=LINE('',#4238,#896);
#527=LINE('',#4239,#897);
#528=LINE('',#4241,#898);
#529=LINE('',#4243,#899);
#530=LINE('',#4244,#900);
#531=LINE('',#4247,#901);
#532=LINE('',#4249,#902);
#533=LINE('',#4251,#903);
#534=LINE('',#4252,#904);
#535=LINE('',#4255,#905);
#536=LINE('',#4257,#906);
#537=LINE('',#4258,#907);
#538=LINE('',#4262,#908);
#539=LINE('',#4266,#909);
#540=LINE('',#4268,#910);
#541=LINE('',#4270,#911);
#542=LINE('',#4272,#912);
#543=LINE('',#4273,#913);
#544=LINE('',#4275,#914);
#545=LINE('',#4277,#915);
#546=LINE('',#4278,#916);
#547=LINE('',#4281,#917);
#548=LINE('',#4283,#918);
#549=LINE('',#4285,#919);
#550=LINE('',#4286,#920);
#551=LINE('',#4288,#921);
#552=LINE('',#4290,#922);
#553=LINE('',#4291,#923);
#554=LINE('',#4294,#924);
#555=LINE('',#4296,#925);
#556=LINE('',#4298,#926);
#557=LINE('',#4299,#927);
#558=LINE('',#4302,#928);
#559=LINE('',#4304,#929);
#560=LINE('',#4306,#930);
#561=LINE('',#4307,#931);
#562=LINE('',#4310,#932);
#563=LINE('',#4312,#933);
#564=LINE('',#4314,#934);
#565=LINE('',#4315,#935);
#566=LINE('',#4317,#936);
#567=LINE('',#4318,#937);
#568=LINE('',#4320,#938);
#569=LINE('',#4322,#939);
#570=LINE('',#4324,#940);
#571=LINE('',#4325,#941);
#572=LINE('',#4327,#942);
#573=LINE('',#4328,#943);
#574=LINE('',#4330,#944);
#575=LINE('',#4332,#945);
#576=LINE('',#4335,#946);
#577=LINE('',#4336,#947);
#578=LINE('',#4339,#948);
#579=LINE('',#4340,#949);
#580=LINE('',#4341,#950);
#581=LINE('',#4345,#951);
#582=LINE('',#4346,#952);
#583=LINE('',#4348,#953);
#584=LINE('',#4350,#954);
#585=LINE('',#4351,#955);
#586=LINE('',#4352,#956);
#587=LINE('',#4355,#957);
#588=LINE('',#4356,#958);
#589=LINE('',#4360,#959);
#590=LINE('',#4363,#960);
#591=LINE('',#4365,#961);
#592=LINE('',#4366,#962);
#593=LINE('',#4368,#963);
#594=LINE('',#4369,#964);
#595=LINE('',#4372,#965);
#596=LINE('',#4374,#966);
#597=LINE('',#4376,#967);
#598=LINE('',#4378,#968);
#599=LINE('',#4380,#969);
#600=LINE('',#4382,#970);
#601=LINE('',#4383,#971);
#602=LINE('',#4386,#972);
#603=LINE('',#4387,#973);
#604=LINE('',#4390,#974);
#605=LINE('',#4391,#975);
#606=LINE('',#4393,#976);
#607=LINE('',#4394,#977);
#608=LINE('',#4396,#978);
#609=LINE('',#4398,#979);
#610=LINE('',#4399,#980);
#611=LINE('',#4402,#981);
#612=LINE('',#4404,#982);
#613=LINE('',#4405,#983);
#614=LINE('',#4407,#984);
#615=LINE('',#4408,#985);
#616=LINE('',#4411,#986);
#617=LINE('',#4412,#987);
#618=LINE('',#4415,#988);
#619=LINE('',#4417,#989);
#620=LINE('',#4418,#990);
#621=LINE('',#4421,#991);
#622=LINE('',#4422,#992);
#623=LINE('',#4424,#993);
#624=LINE('',#4426,#994);
#625=LINE('',#4427,#995);
#626=LINE('',#4429,#996);
#627=LINE('',#4432,#997);
#628=LINE('',#4434,#998);
#629=LINE('',#4436,#999);
#630=LINE('',#4438,#1000);
#631=LINE('',#4439,#1001);
#632=LINE('',#4443,#1002);
#633=LINE('',#4445,#1003);
#634=LINE('',#4447,#1004);
#635=LINE('',#4448,#1005);
#636=LINE('',#4449,#1006);
#637=LINE('',#4452,#1007);
#638=LINE('',#4454,#1008);
#639=LINE('',#4456,#1009);
#640=LINE('',#4458,#1010);
#641=LINE('',#4459,#1011);
#642=LINE('',#4463,#1012);
#643=LINE('',#4465,#1013);
#644=LINE('',#4467,#1014);
#645=LINE('',#4469,#1015);
#646=LINE('',#4471,#1016);
#647=LINE('',#4472,#1017);
#648=LINE('',#4475,#1018);
#649=LINE('',#4476,#1019);
#650=LINE('',#4486,#1020);
#651=LINE('',#4511,#1021);
#652=LINE('',#4512,#1022);
#653=LINE('',#4513,#1023);
#654=LINE('',#4515,#1024);
#655=LINE('',#4517,#1025);
#656=LINE('',#4519,#1026);
#657=LINE('',#4522,#1027);
#658=LINE('',#4523,#1028);
#659=LINE('',#4526,#1029);
#660=LINE('',#4528,#1030);
#661=LINE('',#4530,#1031);
#662=LINE('',#4533,#1032);
#663=LINE('',#4667,#1033);
#664=LINE('',#4669,#1034);
#665=LINE('',#4671,#1035);
#666=LINE('',#4672,#1036);
#667=LINE('',#4675,#1037);
#668=LINE('',#4677,#1038);
#669=LINE('',#4679,#1039);
#670=LINE('',#4681,#1040);
#671=LINE('',#4683,#1041);
#672=LINE('',#4685,#1042);
#673=LINE('',#4686,#1043);
#674=LINE('',#4690,#1044);
#675=LINE('',#4692,#1045);
#676=LINE('',#4694,#1046);
#677=LINE('',#4696,#1047);
#678=LINE('',#4698,#1048);
#679=LINE('',#4700,#1049);
#680=LINE('',#4702,#1050);
#681=LINE('',#4704,#1051);
#682=LINE('',#4706,#1052);
#683=LINE('',#4708,#1053);
#684=LINE('',#4710,#1054);
#685=LINE('',#4712,#1055);
#686=LINE('',#4714,#1056);
#687=LINE('',#4716,#1057);
#688=LINE('',#4718,#1058);
#689=LINE('',#4719,#1059);
#690=LINE('',#4726,#1060);
#691=LINE('',#4728,#1061);
#692=LINE('',#4729,#1062);
#693=LINE('',#4732,#1063);
#694=LINE('',#4734,#1064);
#695=LINE('',#4735,#1065);
#696=LINE('',#4738,#1066);
#697=LINE('',#4740,#1067);
#698=LINE('',#4741,#1068);
#699=LINE('',#4744,#1069);
#700=LINE('',#4746,#1070);
#701=LINE('',#4747,#1071);
#702=LINE('',#4751,#1072);
#703=LINE('',#4753,#1073);
#704=LINE('',#4755,#1074);
#705=LINE('',#4757,#1075);
#706=LINE('',#4759,#1076);
#707=LINE('',#4760,#1077);
#708=LINE('',#4762,#1078);
#709=LINE('',#4764,#1079);
#710=LINE('',#4766,#1080);
#711=LINE('',#4768,#1081);
#712=LINE('',#4770,#1082);
#713=LINE('',#4772,#1083);
#714=LINE('',#4773,#1084);
#715=LINE('',#4775,#1085);
#716=LINE('',#4777,#1086);
#717=LINE('',#4778,#1087);
#718=LINE('',#4785,#1088);
#719=LINE('',#4787,#1089);
#720=LINE('',#4789,#1090);
#721=LINE('',#4790,#1091);
#722=LINE('',#4793,#1092);
#723=LINE('',#4795,#1093);
#724=LINE('',#4797,#1094);
#725=LINE('',#4798,#1095);
#726=LINE('',#4802,#1096);
#727=LINE('',#4804,#1097);
#728=LINE('',#4806,#1098);
#729=LINE('',#4808,#1099);
#730=LINE('',#4810,#1100);
#731=LINE('',#4812,#1101);
#732=LINE('',#4814,#1102);
#733=LINE('',#4816,#1103);
#734=LINE('',#4818,#1104);
#735=LINE('',#4820,#1105);
#736=LINE('',#4822,#1106);
#737=LINE('',#4824,#1107);
#738=LINE('',#4826,#1108);
#739=LINE('',#4828,#1109);
#740=LINE('',#4830,#1110);
#741=LINE('',#4832,#1111);
#742=LINE('',#4834,#1112);
#743=LINE('',#4836,#1113);
#744=LINE('',#4838,#1114);
#745=LINE('',#4840,#1115);
#746=LINE('',#4842,#1116);
#747=LINE('',#4844,#1117);
#748=LINE('',#4846,#1118);
#749=LINE('',#4847,#1119);
#750=LINE('',#4849,#1120);
#751=LINE('',#4851,#1121);
#752=LINE('',#4852,#1122);
#753=LINE('',#4854,#1123);
#754=LINE('',#4856,#1124);
#755=LINE('',#4857,#1125);
#756=LINE('',#4859,#1126);
#757=LINE('',#4860,#1127);
#758=LINE('',#4962,#1128);
#759=LINE('',#4964,#1129);
#760=LINE('',#4966,#1130);
#761=LINE('',#4968,#1131);
#762=LINE('',#4970,#1132);
#763=LINE('',#4971,#1133);
#764=LINE('',#4975,#1134);
#765=LINE('',#4977,#1135);
#766=LINE('',#4979,#1136);
#767=LINE('',#4981,#1137);
#768=LINE('',#4983,#1138);
#769=LINE('',#4985,#1139);
#770=LINE('',#4987,#1140);
#771=LINE('',#4989,#1141);
#772=LINE('',#4991,#1142);
#773=LINE('',#4992,#1143);
#774=LINE('',#4994,#1144);
#775=LINE('',#4995,#1145);
#776=LINE('',#4997,#1146);
#777=LINE('',#4998,#1147);
#778=LINE('',#5000,#1148);
#779=LINE('',#5005,#1149);
#780=LINE('',#5009,#1150);
#781=LINE('',#5010,#1151);
#782=LINE('',#5014,#1152);
#783=LINE('',#5016,#1153);
#784=LINE('',#5017,#1154);
#785=LINE('',#5018,#1155);
#786=LINE('',#5021,#1156);
#787=LINE('',#5024,#1157);
#788=LINE('',#5025,#1158);
#789=LINE('',#5028,#1159);
#790=LINE('',#5030,#1160);
#791=LINE('',#5031,#1161);
#792=LINE('',#5033,#1162);
#793=LINE('',#5035,#1163);
#794=LINE('',#5036,#1164);
#795=LINE('',#5041,#1165);
#796=LINE('',#5042,#1166);
#797=LINE('',#5044,#1167);
#798=LINE('',#5046,#1168);
#799=LINE('',#5047,#1169);
#800=LINE('',#5049,#1170);
#801=LINE('',#5052,#1171);
#802=LINE('',#5054,#1172);
#803=LINE('',#5057,#1173);
#804=LINE('',#5058,#1174);
#805=LINE('',#5060,#1175);
#806=LINE('',#5062,#1176);
#807=LINE('',#5063,#1177);
#808=LINE('',#5067,#1178);
#809=LINE('',#5069,#1179);
#810=LINE('',#5070,#1180);
#811=LINE('',#5071,#1181);
#812=LINE('',#5073,#1182);
#813=LINE('',#5075,#1183);
#814=LINE('',#5076,#1184);
#815=LINE('',#5085,#1185);
#816=LINE('',#5094,#1186);
#817=LINE('',#5097,#1187);
#818=LINE('',#5099,#1188);
#819=LINE('',#5100,#1189);
#820=LINE('',#5102,#1190);
#821=LINE('',#5103,#1191);
#822=LINE('',#5106,#1192);
#823=LINE('',#5111,#1193);
#824=LINE('',#5112,#1194);
#825=LINE('',#5118,#1195);
#826=LINE('',#5120,#1196);
#827=LINE('',#5123,#1197);
#828=LINE('',#5124,#1198);
#829=LINE('',#5127,#1199);
#830=LINE('',#5128,#1200);
#831=VECTOR('',#3260,10.);
#832=VECTOR('',#3261,10.);
#833=VECTOR('',#3262,10.);
#834=VECTOR('',#3263,10.);
#835=VECTOR('',#3264,10.);
#836=VECTOR('',#3265,10.);
#837=VECTOR('',#3280,1.75);
#838=VECTOR('',#3285,2.75);
#839=VECTOR('',#3292,10.);
#840=VECTOR('',#3295,10.);
#841=VECTOR('',#3302,0.750000000000001);
#842=VECTOR('',#3307,0.750000000000001);
#843=VECTOR('',#3316,1.75);
#844=VECTOR('',#3319,10.);
#845=VECTOR('',#3322,10.);
#846=VECTOR('',#3323,10.);
#847=VECTOR('',#3324,10.);
#848=VECTOR('',#3325,10.);
#849=VECTOR('',#3326,10.);
#850=VECTOR('',#3327,10.);
#851=VECTOR('',#3330,10.);
#852=VECTOR('',#3331,10.);
#853=VECTOR('',#3332,10.);
#854=VECTOR('',#3335,10.);
#855=VECTOR('',#3336,10.);
#856=VECTOR('',#3337,10.);
#857=VECTOR('',#3338,10.);
#858=VECTOR('',#3341,10.);
#859=VECTOR('',#3342,10.);
#860=VECTOR('',#3343,10.);
#861=VECTOR('',#3344,10.);
#862=VECTOR('',#3345,10.);
#863=VECTOR('',#3346,10.);
#864=VECTOR('',#3347,10.);
#865=VECTOR('',#3348,10.);
#866=VECTOR('',#3349,10.);
#867=VECTOR('',#3350,10.);
#868=VECTOR('',#3351,10.);
#869=VECTOR('',#3352,10.);
#870=VECTOR('',#3353,10.);
#871=VECTOR('',#3354,10.);
#872=VECTOR('',#3357,10.);
#873=VECTOR('',#3358,10.);
#874=VECTOR('',#3361,10.);
#875=VECTOR('',#3362,10.);
#876=VECTOR('',#3363,10.);
#877=VECTOR('',#3364,10.);
#878=VECTOR('',#3367,10.);
#879=VECTOR('',#3368,10.);
#880=VECTOR('',#3369,10.);
#881=VECTOR('',#3370,10.);
#882=VECTOR('',#3371,10.);
#883=VECTOR('',#3372,10.);
#884=VECTOR('',#3373,10.);
#885=VECTOR('',#3374,10.);
#886=VECTOR('',#3375,10.);
#887=VECTOR('',#3376,10.);
#888=VECTOR('',#3377,10.);
#889=VECTOR('',#3378,10.);
#890=VECTOR('',#3379,10.);
#891=VECTOR('',#3380,10.);
#892=VECTOR('',#3381,10.);
#893=VECTOR('',#3382,10.);
#894=VECTOR('',#3383,10.);
#895=VECTOR('',#3384,10.);
#896=VECTOR('',#3385,10.);
#897=VECTOR('',#3386,10.);
#898=VECTOR('',#3387,10.);
#899=VECTOR('',#3388,10.);
#900=VECTOR('',#3389,10.);
#901=VECTOR('',#3390,10.);
#902=VECTOR('',#3391,10.);
#903=VECTOR('',#3392,10.);
#904=VECTOR('',#3393,10.);
#905=VECTOR('',#3396,10.);
#906=VECTOR('',#3397,10.);
#907=VECTOR('',#3398,10.);
#908=VECTOR('',#3401,10.);
#909=VECTOR('',#3404,10.);
#910=VECTOR('',#3405,10.);
#911=VECTOR('',#3406,10.);
#912=VECTOR('',#3407,10.);
#913=VECTOR('',#3408,10.);
#914=VECTOR('',#3409,10.);
#915=VECTOR('',#3410,10.);
#916=VECTOR('',#3411,10.);
#917=VECTOR('',#3412,10.);
#918=VECTOR('',#3413,10.);
#919=VECTOR('',#3414,10.);
#920=VECTOR('',#3415,10.);
#921=VECTOR('',#3416,10.);
#922=VECTOR('',#3417,10.);
#923=VECTOR('',#3418,10.);
#924=VECTOR('',#3419,10.);
#925=VECTOR('',#3420,10.);
#926=VECTOR('',#3421,10.);
#927=VECTOR('',#3422,10.);
#928=VECTOR('',#3423,10.);
#929=VECTOR('',#3424,10.);
#930=VECTOR('',#3425,10.);
#931=VECTOR('',#3426,10.);
#932=VECTOR('',#3427,10.);
#933=VECTOR('',#3428,10.);
#934=VECTOR('',#3429,10.);
#935=VECTOR('',#3430,10.);
#936=VECTOR('',#3433,10.);
#937=VECTOR('',#3434,10.);
#938=VECTOR('',#3437,10.);
#939=VECTOR('',#3440,10.);
#940=VECTOR('',#3443,10.);
#941=VECTOR('',#3444,10.);
#942=VECTOR('',#3447,10.);
#943=VECTOR('',#3448,10.);
#944=VECTOR('',#3451,10.);
#945=VECTOR('',#3454,10.);
#946=VECTOR('',#3457,10.);
#947=VECTOR('',#3458,10.);
#948=VECTOR('',#3461,10.);
#949=VECTOR('',#3462,10.);
#950=VECTOR('',#3463,10.);
#951=VECTOR('',#3466,10.);
#952=VECTOR('',#3467,10.);
#953=VECTOR('',#3468,10.);
#954=VECTOR('',#3469,10.);
#955=VECTOR('',#3470,10.);
#956=VECTOR('',#3471,10.);
#957=VECTOR('',#3474,10.);
#958=VECTOR('',#3475,10.);
#959=VECTOR('',#3482,10.);
#960=VECTOR('',#3485,10.);
#961=VECTOR('',#3486,10.);
#962=VECTOR('',#3487,10.);
#963=VECTOR('',#3488,10.);
#964=VECTOR('',#3489,10.);
#965=VECTOR('',#3492,10.);
#966=VECTOR('',#3493,10.);
#967=VECTOR('',#3494,10.);
#968=VECTOR('',#3495,10.);
#969=VECTOR('',#3496,10.);
#970=VECTOR('',#3497,10.);
#971=VECTOR('',#3498,10.);
#972=VECTOR('',#3501,10.);
#973=VECTOR('',#3502,10.);
#974=VECTOR('',#3505,10.);
#975=VECTOR('',#3506,10.);
#976=VECTOR('',#3507,10.);
#977=VECTOR('',#3508,10.);
#978=VECTOR('',#3511,10.);
#979=VECTOR('',#3514,10.);
#980=VECTOR('',#3515,10.);
#981=VECTOR('',#3518,10.);
#982=VECTOR('',#3519,10.);
#983=VECTOR('',#3520,10.);
#984=VECTOR('',#3523,10.);
#985=VECTOR('',#3524,10.);
#986=VECTOR('',#3527,10.);
#987=VECTOR('',#3528,10.);
#988=VECTOR('',#3531,10.);
#989=VECTOR('',#3532,10.);
#990=VECTOR('',#3533,10.);
#991=VECTOR('',#3536,10.);
#992=VECTOR('',#3537,10.);
#993=VECTOR('',#3540,10.);
#994=VECTOR('',#3543,10.);
#995=VECTOR('',#3544,10.);
#996=VECTOR('',#3547,10.);
#997=VECTOR('',#3552,10.);
#998=VECTOR('',#3553,10.);
#999=VECTOR('',#3554,10.);
#1000=VECTOR('',#3555,10.);
#1001=VECTOR('',#3556,10.);
#1002=VECTOR('',#3561,10.);
#1003=VECTOR('',#3562,10.);
#1004=VECTOR('',#3563,10.);
#1005=VECTOR('',#3564,10.);
#1006=VECTOR('',#3565,10.);
#1007=VECTOR('',#3570,10.);
#1008=VECTOR('',#3571,10.);
#1009=VECTOR('',#3572,10.);
#1010=VECTOR('',#3573,10.);
#1011=VECTOR('',#3574,10.);
#1012=VECTOR('',#3579,10.);
#1013=VECTOR('',#3580,10.);
#1014=VECTOR('',#3581,10.);
#1015=VECTOR('',#3582,10.);
#1016=VECTOR('',#3583,10.);
#1017=VECTOR('',#3584,10.);
#1018=VECTOR('',#3589,10.);
#1019=VECTOR('',#3590,10.);
#1020=VECTOR('',#3605,10.);
#1021=VECTOR('',#3640,10.);
#1022=VECTOR('',#3641,10.);
#1023=VECTOR('',#3642,10.);
#1024=VECTOR('',#3645,10.);
#1025=VECTOR('',#3648,10.);
#1026=VECTOR('',#3651,10.);
#1027=VECTOR('',#3654,10.);
#1028=VECTOR('',#3655,10.);
#1029=VECTOR('',#3660,10.);
#1030=VECTOR('',#3663,10.);
#1031=VECTOR('',#3666,10.);
#1032=VECTOR('',#3671,10.);
#1033=VECTOR('',#3686,10.);
#1034=VECTOR('',#3687,10.);
#1035=VECTOR('',#3688,10.);
#1036=VECTOR('',#3689,10.);
#1037=VECTOR('',#3692,10.);
#1038=VECTOR('',#3693,10.);
#1039=VECTOR('',#3694,10.);
#1040=VECTOR('',#3695,10.);
#1041=VECTOR('',#3696,10.);
#1042=VECTOR('',#3697,10.);
#1043=VECTOR('',#3698,10.);
#1044=VECTOR('',#3701,10.);
#1045=VECTOR('',#3702,10.);
#1046=VECTOR('',#3703,10.);
#1047=VECTOR('',#3704,10.);
#1048=VECTOR('',#3705,10.);
#1049=VECTOR('',#3706,10.);
#1050=VECTOR('',#3707,10.);
#1051=VECTOR('',#3708,10.);
#1052=VECTOR('',#3709,10.);
#1053=VECTOR('',#3710,10.);
#1054=VECTOR('',#3711,10.);
#1055=VECTOR('',#3712,10.);
#1056=VECTOR('',#3713,10.);
#1057=VECTOR('',#3714,10.);
#1058=VECTOR('',#3715,10.);
#1059=VECTOR('',#3716,10.);
#1060=VECTOR('',#3723,10.);
#1061=VECTOR('',#3724,10.);
#1062=VECTOR('',#3725,10.);
#1063=VECTOR('',#3728,10.);
#1064=VECTOR('',#3729,10.);
#1065=VECTOR('',#3730,10.);
#1066=VECTOR('',#3733,10.);
#1067=VECTOR('',#3734,10.);
#1068=VECTOR('',#3735,10.);
#1069=VECTOR('',#3738,10.);
#1070=VECTOR('',#3739,10.);
#1071=VECTOR('',#3740,10.);
#1072=VECTOR('',#3743,10.);
#1073=VECTOR('',#3744,10.);
#1074=VECTOR('',#3745,10.);
#1075=VECTOR('',#3746,10.);
#1076=VECTOR('',#3747,10.);
#1077=VECTOR('',#3748,10.);
#1078=VECTOR('',#3749,10.);
#1079=VECTOR('',#3750,10.);
#1080=VECTOR('',#3751,10.);
#1081=VECTOR('',#3752,10.);
#1082=VECTOR('',#3753,10.);
#1083=VECTOR('',#3754,10.);
#1084=VECTOR('',#3755,10.);
#1085=VECTOR('',#3756,10.);
#1086=VECTOR('',#3757,10.);
#1087=VECTOR('',#3758,10.);
#1088=VECTOR('',#3763,10.);
#1089=VECTOR('',#3764,10.);
#1090=VECTOR('',#3765,10.);
#1091=VECTOR('',#3766,10.);
#1092=VECTOR('',#3767,10.);
#1093=VECTOR('',#3768,10.);
#1094=VECTOR('',#3769,10.);
#1095=VECTOR('',#3770,10.);
#1096=VECTOR('',#3773,10.);
#1097=VECTOR('',#3774,10.);
#1098=VECTOR('',#3775,10.);
#1099=VECTOR('',#3776,10.);
#1100=VECTOR('',#3777,10.);
#1101=VECTOR('',#3778,10.);
#1102=VECTOR('',#3779,10.);
#1103=VECTOR('',#3780,10.);
#1104=VECTOR('',#3781,10.);
#1105=VECTOR('',#3782,10.);
#1106=VECTOR('',#3783,10.);
#1107=VECTOR('',#3784,10.);
#1108=VECTOR('',#3785,10.);
#1109=VECTOR('',#3786,10.);
#1110=VECTOR('',#3787,10.);
#1111=VECTOR('',#3788,10.);
#1112=VECTOR('',#3789,10.);
#1113=VECTOR('',#3790,10.);
#1114=VECTOR('',#3791,10.);
#1115=VECTOR('',#3792,10.);
#1116=VECTOR('',#3793,10.);
#1117=VECTOR('',#3794,10.);
#1118=VECTOR('',#3795,10.);
#1119=VECTOR('',#3796,10.);
#1120=VECTOR('',#3797,10.);
#1121=VECTOR('',#3798,10.);
#1122=VECTOR('',#3799,10.);
#1123=VECTOR('',#3800,10.);
#1124=VECTOR('',#3801,10.);
#1125=VECTOR('',#3802,10.);
#1126=VECTOR('',#3803,10.);
#1127=VECTOR('',#3804,10.);
#1128=VECTOR('',#3815,0.700000000000002);
#1129=VECTOR('',#3818,0.7);
#1130=VECTOR('',#3821,10.);
#1131=VECTOR('',#3824,10.);
#1132=VECTOR('',#3827,10.);
#1133=VECTOR('',#3828,10.);
#1134=VECTOR('',#3831,10.);
#1135=VECTOR('',#3832,10.);
#1136=VECTOR('',#3833,10.);
#1137=VECTOR('',#3834,10.);
#1138=VECTOR('',#3835,10.);
#1139=VECTOR('',#3836,10.);
#1140=VECTOR('',#3837,10.);
#1141=VECTOR('',#3838,10.);
#1142=VECTOR('',#3839,10.);
#1143=VECTOR('',#3840,10.);
#1144=VECTOR('',#3843,10.);
#1145=VECTOR('',#3844,10.);
#1146=VECTOR('',#3847,10.);
#1147=VECTOR('',#3848,10.);
#1148=VECTOR('',#3851,10.);
#1149=VECTOR('',#3856,10.);
#1150=VECTOR('',#3859,10.);
#1151=VECTOR('',#3860,10.);
#1152=VECTOR('',#3867,10.);
#1153=VECTOR('',#3868,10.);
#1154=VECTOR('',#3869,10.);
#1155=VECTOR('',#3870,10.);
#1156=VECTOR('',#3875,10.);
#1157=VECTOR('',#3878,10.);
#1158=VECTOR('',#3879,10.);
#1159=VECTOR('',#3882,10.);
#1160=VECTOR('',#3883,10.);
#1161=VECTOR('',#3884,10.);
#1162=VECTOR('',#3887,10.);
#1163=VECTOR('',#3890,10.);
#1164=VECTOR('',#3891,10.);
#1165=VECTOR('',#3896,10.);
#1166=VECTOR('',#3897,10.);
#1167=VECTOR('',#3900,10.);
#1168=VECTOR('',#3903,10.);
#1169=VECTOR('',#3904,10.);
#1170=VECTOR('',#3907,10.);
#1171=VECTOR('',#3912,10.);
#1172=VECTOR('',#3915,10.);
#1173=VECTOR('',#3920,10.);
#1174=VECTOR('',#3921,10.);
#1175=VECTOR('',#3924,10.);
#1176=VECTOR('',#3927,10.);
#1177=VECTOR('',#3928,10.);
#1178=VECTOR('',#3931,10.);
#1179=VECTOR('',#3932,10.);
#1180=VECTOR('',#3933,10.);
#1181=VECTOR('',#3934,10.);
#1182=VECTOR('',#3937,10.);
#1183=VECTOR('',#3940,10.);
#1184=VECTOR('',#3941,10.);
#1185=VECTOR('',#3954,10.);
#1186=VECTOR('',#3967,10.);
#1187=VECTOR('',#3970,10.);
#1188=VECTOR('',#3971,10.);
#1189=VECTOR('',#3972,10.);
#1190=VECTOR('',#3975,10.);
#1191=VECTOR('',#3976,10.);
#1192=VECTOR('',#3981,10.);
#1193=VECTOR('',#3988,10.);
#1194=VECTOR('',#3989,10.);
#1195=VECTOR('',#3998,10.);
#1196=VECTOR('',#4001,10.);
#1197=VECTOR('',#4004,10.);
#1198=VECTOR('',#4005,10.);
#1199=VECTOR('',#4008,10.);
#1200=VECTOR('',#4009,10.);
#1201=VERTEX_POINT('',#4020);
#1202=VERTEX_POINT('',#4021);
#1203=VERTEX_POINT('',#4023);
#1204=VERTEX_POINT('',#4025);
#1205=VERTEX_POINT('',#4027);
#1206=VERTEX_POINT('',#4029);
#1207=VERTEX_POINT('',#4032);
#1208=VERTEX_POINT('',#4061);
#1209=VERTEX_POINT('',#4062);
#1210=VERTEX_POINT('',#4064);
#1211=VERTEX_POINT('',#4069);
#1212=VERTEX_POINT('',#4073);
#1213=VERTEX_POINT('',#4075);
#1214=VERTEX_POINT('',#4080);
#1215=VERTEX_POINT('',#4081);
#1216=VERTEX_POINT('',#4083);
#1217=VERTEX_POINT('',#4085);
#1218=VERTEX_POINT('',#4089);
#1219=VERTEX_POINT('',#4093);
#1220=VERTEX_POINT('',#4123);
#1221=VERTEX_POINT('',#4127);
#1222=VERTEX_POINT('',#4133);
#1223=VERTEX_POINT('',#4134);
#1224=VERTEX_POINT('',#4136);
#1225=VERTEX_POINT('',#4138);
#1226=VERTEX_POINT('',#4140);
#1227=VERTEX_POINT('',#4142);
#1228=VERTEX_POINT('',#4146);
#1229=VERTEX_POINT('',#4148);
#1230=VERTEX_POINT('',#4152);
#1231=VERTEX_POINT('',#4154);
#1232=VERTEX_POINT('',#4156);
#1233=VERTEX_POINT('',#4160);
#1234=VERTEX_POINT('',#4162);
#1235=VERTEX_POINT('',#4164);
#1236=VERTEX_POINT('',#4166);
#1237=VERTEX_POINT('',#4170);
#1238=VERTEX_POINT('',#4171);
#1239=VERTEX_POINT('',#4173);
#1240=VERTEX_POINT('',#4175);
#1241=VERTEX_POINT('',#4178);
#1242=VERTEX_POINT('',#4179);
#1243=VERTEX_POINT('',#4181);
#1244=VERTEX_POINT('',#4183);
#1245=VERTEX_POINT('',#4187);
#1246=VERTEX_POINT('',#4191);
#1247=VERTEX_POINT('',#4192);
#1248=VERTEX_POINT('',#4194);
#1249=VERTEX_POINT('',#4196);
#1250=VERTEX_POINT('',#4200);
#1251=VERTEX_POINT('',#4201);
#1252=VERTEX_POINT('',#4203);
#1253=VERTEX_POINT('',#4205);
#1254=VERTEX_POINT('',#4207);
#1255=VERTEX_POINT('',#4209);
#1256=VERTEX_POINT('',#4211);
#1257=VERTEX_POINT('',#4213);
#1258=VERTEX_POINT('',#4215);
#1259=VERTEX_POINT('',#4217);
#1260=VERTEX_POINT('',#4219);
#1261=VERTEX_POINT('',#4221);
#1262=VERTEX_POINT('',#4223);
#1263=VERTEX_POINT('',#4225);
#1264=VERTEX_POINT('',#4227);
#1265=VERTEX_POINT('',#4229);
#1266=VERTEX_POINT('',#4231);
#1267=VERTEX_POINT('',#4233);
#1268=VERTEX_POINT('',#4235);
#1269=VERTEX_POINT('',#4237);
#1270=VERTEX_POINT('',#4240);
#1271=VERTEX_POINT('',#4242);
#1272=VERTEX_POINT('',#4245);
#1273=VERTEX_POINT('',#4246);
#1274=VERTEX_POINT('',#4248);
#1275=VERTEX_POINT('',#4250);
#1276=VERTEX_POINT('',#4254);
#1277=VERTEX_POINT('',#4256);
#1278=VERTEX_POINT('',#4260);
#1279=VERTEX_POINT('',#4261);
#1280=VERTEX_POINT('',#4263);
#1281=VERTEX_POINT('',#4265);
#1282=VERTEX_POINT('',#4267);
#1283=VERTEX_POINT('',#4269);
#1284=VERTEX_POINT('',#4271);
#1285=VERTEX_POINT('',#4274);
#1286=VERTEX_POINT('',#4276);
#1287=VERTEX_POINT('',#4279);
#1288=VERTEX_POINT('',#4280);
#1289=VERTEX_POINT('',#4282);
#1290=VERTEX_POINT('',#4284);
#1291=VERTEX_POINT('',#4287);
#1292=VERTEX_POINT('',#4289);
#1293=VERTEX_POINT('',#4292);
#1294=VERTEX_POINT('',#4293);
#1295=VERTEX_POINT('',#4295);
#1296=VERTEX_POINT('',#4297);
#1297=VERTEX_POINT('',#4300);
#1298=VERTEX_POINT('',#4301);
#1299=VERTEX_POINT('',#4303);
#1300=VERTEX_POINT('',#4305);
#1301=VERTEX_POINT('',#4308);
#1302=VERTEX_POINT('',#4309);
#1303=VERTEX_POINT('',#4311);
#1304=VERTEX_POINT('',#4313);
#1305=VERTEX_POINT('',#4334);
#1306=VERTEX_POINT('',#4338);
#1307=VERTEX_POINT('',#4343);
#1308=VERTEX_POINT('',#4344);
#1309=VERTEX_POINT('',#4347);
#1310=VERTEX_POINT('',#4349);
#1311=VERTEX_POINT('',#4354);
#1312=VERTEX_POINT('',#4362);
#1313=VERTEX_POINT('',#4364);
#1314=VERTEX_POINT('',#4367);
#1315=VERTEX_POINT('',#4371);
#1316=VERTEX_POINT('',#4373);
#1317=VERTEX_POINT('',#4375);
#1318=VERTEX_POINT('',#4377);
#1319=VERTEX_POINT('',#4379);
#1320=VERTEX_POINT('',#4381);
#1321=VERTEX_POINT('',#4385);
#1322=VERTEX_POINT('',#4389);
#1323=VERTEX_POINT('',#4392);
#1324=VERTEX_POINT('',#4401);
#1325=VERTEX_POINT('',#4403);
#1326=VERTEX_POINT('',#4410);
#1327=VERTEX_POINT('',#4414);
#1328=VERTEX_POINT('',#4416);
#1329=VERTEX_POINT('',#4420);
#1330=VERTEX_POINT('',#4433);
#1331=VERTEX_POINT('',#4435);
#1332=VERTEX_POINT('',#4437);
#1333=VERTEX_POINT('',#4442);
#1334=VERTEX_POINT('',#4444);
#1335=VERTEX_POINT('',#4446);
#1336=VERTEX_POINT('',#4453);
#1337=VERTEX_POINT('',#4455);
#1338=VERTEX_POINT('',#4457);
#1339=VERTEX_POINT('',#4462);
#1340=VERTEX_POINT('',#4464);
#1341=VERTEX_POINT('',#4466);
#1342=VERTEX_POINT('',#4468);
#1343=VERTEX_POINT('',#4470);
#1344=VERTEX_POINT('',#4479);
#1345=VERTEX_POINT('',#4481);
#1346=VERTEX_POINT('',#4488);
#1347=VERTEX_POINT('',#4490);
#1348=VERTEX_POINT('',#4496);
#1349=VERTEX_POINT('',#4498);
#1350=VERTEX_POINT('',#4503);
#1351=VERTEX_POINT('',#4505);
#1352=VERTEX_POINT('',#4510);
#1353=VERTEX_POINT('',#4521);
#1354=VERTEX_POINT('',#4573);
#1355=VERTEX_POINT('',#4574);
#1356=VERTEX_POINT('',#4580);
#1357=VERTEX_POINT('',#4582);
#1358=VERTEX_POINT('',#4636);
#1359=VERTEX_POINT('',#4637);
#1360=VERTEX_POINT('',#4643);
#1361=VERTEX_POINT('',#4645);
#1362=VERTEX_POINT('',#4665);
#1363=VERTEX_POINT('',#4666);
#1364=VERTEX_POINT('',#4668);
#1365=VERTEX_POINT('',#4670);
#1366=VERTEX_POINT('',#4674);
#1367=VERTEX_POINT('',#4676);
#1368=VERTEX_POINT('',#4678);
#1369=VERTEX_POINT('',#4680);
#1370=VERTEX_POINT('',#4682);
#1371=VERTEX_POINT('',#4684);
#1372=VERTEX_POINT('',#4688);
#1373=VERTEX_POINT('',#4689);
#1374=VERTEX_POINT('',#4691);
#1375=VERTEX_POINT('',#4693);
#1376=VERTEX_POINT('',#4695);
#1377=VERTEX_POINT('',#4697);
#1378=VERTEX_POINT('',#4699);
#1379=VERTEX_POINT('',#4701);
#1380=VERTEX_POINT('',#4703);
#1381=VERTEX_POINT('',#4705);
#1382=VERTEX_POINT('',#4707);
#1383=VERTEX_POINT('',#4709);
#1384=VERTEX_POINT('',#4711);
#1385=VERTEX_POINT('',#4713);
#1386=VERTEX_POINT('',#4715);
#1387=VERTEX_POINT('',#4717);
#1388=VERTEX_POINT('',#4720);
#1389=VERTEX_POINT('',#4722);
#1390=VERTEX_POINT('',#4725);
#1391=VERTEX_POINT('',#4727);
#1392=VERTEX_POINT('',#4731);
#1393=VERTEX_POINT('',#4733);
#1394=VERTEX_POINT('',#4737);
#1395=VERTEX_POINT('',#4739);
#1396=VERTEX_POINT('',#4743);
#1397=VERTEX_POINT('',#4745);
#1398=VERTEX_POINT('',#4749);
#1399=VERTEX_POINT('',#4750);
#1400=VERTEX_POINT('',#4752);
#1401=VERTEX_POINT('',#4754);
#1402=VERTEX_POINT('',#4756);
#1403=VERTEX_POINT('',#4758);
#1404=VERTEX_POINT('',#4761);
#1405=VERTEX_POINT('',#4763);
#1406=VERTEX_POINT('',#4765);
#1407=VERTEX_POINT('',#4767);
#1408=VERTEX_POINT('',#4769);
#1409=VERTEX_POINT('',#4771);
#1410=VERTEX_POINT('',#4774);
#1411=VERTEX_POINT('',#4776);
#1412=VERTEX_POINT('',#4779);
#1413=VERTEX_POINT('',#4781);
#1414=VERTEX_POINT('',#4783);
#1415=VERTEX_POINT('',#4784);
#1416=VERTEX_POINT('',#4786);
#1417=VERTEX_POINT('',#4788);
#1418=VERTEX_POINT('',#4791);
#1419=VERTEX_POINT('',#4792);
#1420=VERTEX_POINT('',#4794);
#1421=VERTEX_POINT('',#4796);
#1422=VERTEX_POINT('',#4800);
#1423=VERTEX_POINT('',#4801);
#1424=VERTEX_POINT('',#4803);
#1425=VERTEX_POINT('',#4805);
#1426=VERTEX_POINT('',#4807);
#1427=VERTEX_POINT('',#4809);
#1428=VERTEX_POINT('',#4811);
#1429=VERTEX_POINT('',#4813);
#1430=VERTEX_POINT('',#4815);
#1431=VERTEX_POINT('',#4817);
#1432=VERTEX_POINT('',#4819);
#1433=VERTEX_POINT('',#4821);
#1434=VERTEX_POINT('',#4823);
#1435=VERTEX_POINT('',#4825);
#1436=VERTEX_POINT('',#4827);
#1437=VERTEX_POINT('',#4829);
#1438=VERTEX_POINT('',#4831);
#1439=VERTEX_POINT('',#4833);
#1440=VERTEX_POINT('',#4835);
#1441=VERTEX_POINT('',#4837);
#1442=VERTEX_POINT('',#4839);
#1443=VERTEX_POINT('',#4841);
#1444=VERTEX_POINT('',#4843);
#1445=VERTEX_POINT('',#4845);
#1446=VERTEX_POINT('',#4848);
#1447=VERTEX_POINT('',#4850);
#1448=VERTEX_POINT('',#4853);
#1449=VERTEX_POINT('',#4855);
#1450=VERTEX_POINT('',#4858);
#1451=VERTEX_POINT('',#4973);
#1452=VERTEX_POINT('',#4974);
#1453=VERTEX_POINT('',#4976);
#1454=VERTEX_POINT('',#4978);
#1455=VERTEX_POINT('',#4980);
#1456=VERTEX_POINT('',#4982);
#1457=VERTEX_POINT('',#4984);
#1458=VERTEX_POINT('',#4986);
#1459=VERTEX_POINT('',#4988);
#1460=VERTEX_POINT('',#4990);
#1461=VERTEX_POINT('',#5002);
#1462=VERTEX_POINT('',#5004);
#1463=VERTEX_POINT('',#5006);
#1464=VERTEX_POINT('',#5008);
#1465=VERTEX_POINT('',#5015);
#1466=VERTEX_POINT('',#5023);
#1467=VERTEX_POINT('',#5027);
#1468=VERTEX_POINT('',#5029);
#1469=VERTEX_POINT('',#5038);
#1470=VERTEX_POINT('',#5040);
#1471=VERTEX_POINT('',#5065);
#1472=VERTEX_POINT('',#5066);
#1473=VERTEX_POINT('',#5068);
#1474=VERTEX_POINT('',#5077);
#1475=VERTEX_POINT('',#5080);
#1476=VERTEX_POINT('',#5086);
#1477=VERTEX_POINT('',#5089);
#1478=VERTEX_POINT('',#5096);
#1479=VERTEX_POINT('',#5098);
#1480=VERTEX_POINT('',#5110);
#1481=VERTEX_POINT('',#5116);
#1482=VERTEX_POINT('',#5122);
#1483=VERTEX_POINT('',#5126);
#1484=EDGE_CURVE('',#1201,#1202,#461,.T.);
#1485=EDGE_CURVE('',#1203,#1201,#462,.T.);
#1486=EDGE_CURVE('',#1204,#1203,#463,.T.);
#1487=EDGE_CURVE('',#1205,#1204,#464,.T.);
#1488=EDGE_CURVE('',#1206,#1205,#465,.T.);
#1489=EDGE_CURVE('',#1202,#1206,#466,.T.);
#1490=EDGE_CURVE('',#1207,#1207,#78,.T.);
#1491=EDGE_CURVE('',#1208,#1209,#79,.T.);
#1492=EDGE_CURVE('',#1209,#1210,#80,.T.);
#1493=EDGE_CURVE('',#1210,#1210,#81,.T.);
#1494=EDGE_CURVE('',#1209,#1208,#82,.T.);
#1495=EDGE_CURVE('',#1211,#1211,#83,.T.);
#1496=EDGE_CURVE('',#1211,#1210,#467,.T.);
#1497=EDGE_CURVE('',#1212,#1212,#84,.T.);
#1498=EDGE_CURVE('',#1212,#1213,#468,.T.);
#1499=EDGE_CURVE('',#1213,#1213,#85,.T.);
#1500=EDGE_CURVE('',#1214,#1215,#469,.T.);
#1501=EDGE_CURVE('',#1216,#1215,#86,.T.);
#1502=EDGE_CURVE('',#1216,#1217,#470,.T.);
#1503=EDGE_CURVE('',#1214,#1217,#87,.T.);
#1504=EDGE_CURVE('',#1218,#1218,#88,.T.);
#1505=EDGE_CURVE('',#1218,#1207,#471,.T.);
#1506=EDGE_CURVE('',#1219,#1219,#89,.T.);
#1507=EDGE_CURVE('',#1219,#1208,#472,.T.);
#1508=EDGE_CURVE('',#1218,#1220,#90,.T.);
#1509=EDGE_CURVE('',#1220,#1220,#91,.T.);
#1510=EDGE_CURVE('',#1221,#1221,#92,.T.);
#1511=EDGE_CURVE('',#1221,#1220,#473,.T.);
#1512=EDGE_CURVE('',#1217,#1214,#474,.T.);
#1513=EDGE_CURVE('',#1222,#1223,#475,.T.);
#1514=EDGE_CURVE('',#1224,#1222,#476,.T.);
#1515=EDGE_CURVE('',#1225,#1224,#477,.T.);
#1516=EDGE_CURVE('',#1226,#1225,#478,.T.);
#1517=EDGE_CURVE('',#1227,#1226,#479,.T.);
#1518=EDGE_CURVE('',#1223,#1227,#480,.T.);
#1519=EDGE_CURVE('',#1228,#1225,#481,.T.);
#1520=EDGE_CURVE('',#1228,#1229,#482,.T.);
#1521=EDGE_CURVE('',#1226,#1229,#483,.T.);
#1522=EDGE_CURVE('',#1230,#1224,#484,.T.);
#1523=EDGE_CURVE('',#1231,#1230,#485,.T.);
#1524=EDGE_CURVE('',#1232,#1231,#486,.T.);
#1525=EDGE_CURVE('',#1232,#1228,#487,.T.);
#1526=EDGE_CURVE('',#1203,#1233,#488,.T.);
#1527=EDGE_CURVE('',#1233,#1234,#489,.T.);
#1528=EDGE_CURVE('',#1235,#1234,#490,.T.);
#1529=EDGE_CURVE('',#1235,#1236,#491,.T.);
#1530=EDGE_CURVE('',#1236,#1222,#492,.T.);
#1531=EDGE_CURVE('',#1223,#1204,#493,.T.);
#1532=EDGE_CURVE('',#1237,#1238,#494,.T.);
#1533=EDGE_CURVE('',#1239,#1238,#495,.T.);
#1534=EDGE_CURVE('',#1239,#1240,#496,.T.);
#1535=EDGE_CURVE('',#1240,#1237,#497,.T.);
#1536=EDGE_CURVE('',#1241,#1242,#498,.T.);
#1537=EDGE_CURVE('',#1242,#1243,#499,.T.);
#1538=EDGE_CURVE('',#1243,#1244,#500,.T.);
#1539=EDGE_CURVE('',#1241,#1244,#501,.T.);
#1540=EDGE_CURVE('',#1201,#1245,#502,.T.);
#1541=EDGE_CURVE('',#1245,#1233,#503,.T.);
#1542=EDGE_CURVE('',#1246,#1247,#504,.T.);
#1543=EDGE_CURVE('',#1248,#1246,#505,.T.);
#1544=EDGE_CURVE('',#1249,#1248,#506,.T.);
#1545=EDGE_CURVE('',#1247,#1249,#507,.T.);
#1546=EDGE_CURVE('',#1250,#1251,#508,.T.);
#1547=EDGE_CURVE('',#1252,#1251,#509,.T.);
#1548=EDGE_CURVE('',#1252,#1253,#510,.T.);
#1549=EDGE_CURVE('',#1254,#1253,#511,.T.);
#1550=EDGE_CURVE('',#1255,#1254,#512,.T.);
#1551=EDGE_CURVE('',#1256,#1255,#513,.T.);
#1552=EDGE_CURVE('',#1257,#1256,#514,.T.);
#1553=EDGE_CURVE('',#1258,#1257,#515,.T.);
#1554=EDGE_CURVE('',#1259,#1258,#516,.T.);
#1555=EDGE_CURVE('',#1259,#1260,#517,.T.);
#1556=EDGE_CURVE('',#1261,#1260,#518,.T.);
#1557=EDGE_CURVE('',#1262,#1261,#519,.T.);
#1558=EDGE_CURVE('',#1263,#1262,#520,.T.);
#1559=EDGE_CURVE('',#1264,#1263,#521,.T.);
#1560=EDGE_CURVE('',#1265,#1264,#522,.T.);
#1561=EDGE_CURVE('',#1266,#1265,#523,.T.);
#1562=EDGE_CURVE('',#1267,#1266,#524,.F.);
#1563=EDGE_CURVE('',#1267,#1268,#525,.T.);
#1564=EDGE_CURVE('',#1269,#1268,#526,.T.);
#1565=EDGE_CURVE('',#1269,#1250,#527,.T.);
#1566=EDGE_CURVE('',#1270,#1247,#528,.T.);
#1567=EDGE_CURVE('',#1249,#1271,#529,.T.);
#1568=EDGE_CURVE('',#1271,#1270,#530,.F.);
#1569=EDGE_CURVE('',#1272,#1273,#531,.T.);
#1570=EDGE_CURVE('',#1273,#1274,#532,.F.);
#1571=EDGE_CURVE('',#1274,#1275,#533,.T.);
#1572=EDGE_CURVE('',#1275,#1272,#534,.T.);
#1573=EDGE_CURVE('',#1272,#1276,#535,.T.);
#1574=EDGE_CURVE('',#1277,#1275,#536,.T.);
#1575=EDGE_CURVE('',#1276,#1277,#537,.T.);
#1576=EDGE_CURVE('',#1278,#1279,#538,.T.);
#1577=EDGE_CURVE('',#1280,#1279,#93,.T.);
#1578=EDGE_CURVE('',#1281,#1280,#539,.T.);
#1579=EDGE_CURVE('',#1282,#1281,#540,.T.);
#1580=EDGE_CURVE('',#1283,#1282,#541,.T.);
#1581=EDGE_CURVE('',#1283,#1284,#542,.T.);
#1582=EDGE_CURVE('',#1284,#1278,#543,.T.);
#1583=EDGE_CURVE('',#1246,#1285,#544,.T.);
#1584=EDGE_CURVE('',#1285,#1286,#545,.F.);
#1585=EDGE_CURVE('',#1248,#1286,#546,.T.);
#1586=EDGE_CURVE('',#1287,#1288,#547,.T.);
#1587=EDGE_CURVE('',#1288,#1289,#548,.T.);
#1588=EDGE_CURVE('',#1289,#1290,#549,.T.);
#1589=EDGE_CURVE('',#1287,#1290,#550,.T.);
#1590=EDGE_CURVE('',#1291,#1276,#551,.T.);
#1591=EDGE_CURVE('',#1292,#1277,#552,.T.);
#1592=EDGE_CURVE('',#1292,#1291,#553,.F.);
#1593=EDGE_CURVE('',#1293,#1294,#554,.T.);
#1594=EDGE_CURVE('',#1294,#1295,#555,.T.);
#1595=EDGE_CURVE('',#1295,#1296,#556,.T.);
#1596=EDGE_CURVE('',#1293,#1296,#557,.T.);
#1597=EDGE_CURVE('',#1297,#1298,#558,.T.);
#1598=EDGE_CURVE('',#1297,#1299,#559,.T.);
#1599=EDGE_CURVE('',#1299,#1300,#560,.T.);
#1600=EDGE_CURVE('',#1298,#1300,#561,.T.);
#1601=EDGE_CURVE('',#1301,#1302,#562,.T.);
#1602=EDGE_CURVE('',#1303,#1302,#563,.T.);
#1603=EDGE_CURVE('',#1303,#1304,#564,.T.);
#1604=EDGE_CURVE('',#1304,#1301,#565,.T.);
#1605=EDGE_CURVE('',#1303,#1244,#566,.T.);
#1606=EDGE_CURVE('',#1241,#1302,#567,.T.);
#1607=EDGE_CURVE('',#1243,#1304,#568,.T.);
#1608=EDGE_CURVE('',#1301,#1242,#569,.T.);
#1609=EDGE_CURVE('',#1289,#1240,#570,.T.);
#1610=EDGE_CURVE('',#1237,#1288,#571,.T.);
#1611=EDGE_CURVE('',#1287,#1238,#572,.T.);
#1612=EDGE_CURVE('',#1239,#1290,#573,.T.);
#1613=EDGE_CURVE('',#1230,#1236,#574,.T.);
#1614=EDGE_CURVE('',#1235,#1231,#575,.T.);
#1615=EDGE_CURVE('',#1305,#1245,#576,.T.);
#1616=EDGE_CURVE('',#1234,#1305,#577,.T.);
#1617=EDGE_CURVE('',#1306,#1305,#578,.T.);
#1618=EDGE_CURVE('',#1306,#1283,#579,.T.);
#1619=EDGE_CURVE('',#1232,#1282,#580,.T.);
#1620=EDGE_CURVE('',#1307,#1308,#581,.T.);
#1621=EDGE_CURVE('',#1308,#1264,#582,.T.);
#1622=EDGE_CURVE('',#1263,#1309,#583,.T.);
#1623=EDGE_CURVE('',#1309,#1310,#584,.T.);
#1624=EDGE_CURVE('',#1279,#1310,#585,.T.);
#1625=EDGE_CURVE('',#1307,#1278,#586,.T.);
#1626=EDGE_CURVE('',#1311,#1284,#587,.T.);
#1627=EDGE_CURVE('',#1307,#1311,#588,.T.);
#1628=EDGE_CURVE('',#1205,#1227,#589,.T.);
#1629=EDGE_CURVE('',#1281,#1312,#590,.T.);
#1630=EDGE_CURVE('',#1312,#1313,#591,.T.);
#1631=EDGE_CURVE('',#1313,#1254,#592,.T.);
#1632=EDGE_CURVE('',#1253,#1314,#593,.T.);
#1633=EDGE_CURVE('',#1314,#1229,#594,.T.);
#1634=EDGE_CURVE('',#1314,#1315,#595,.T.);
#1635=EDGE_CURVE('',#1315,#1316,#596,.T.);
#1636=EDGE_CURVE('',#1316,#1317,#597,.T.);
#1637=EDGE_CURVE('',#1317,#1318,#598,.T.);
#1638=EDGE_CURVE('',#1318,#1319,#599,.T.);
#1639=EDGE_CURVE('',#1320,#1319,#600,.T.);
#1640=EDGE_CURVE('',#1320,#1206,#601,.F.);
#1641=EDGE_CURVE('',#1321,#1280,#602,.T.);
#1642=EDGE_CURVE('',#1321,#1312,#603,.T.);
#1643=EDGE_CURVE('',#1322,#1215,#604,.T.);
#1644=EDGE_CURVE('',#1322,#1311,#605,.T.);
#1645=EDGE_CURVE('',#1323,#1306,#606,.T.);
#1646=EDGE_CURVE('',#1216,#1323,#607,.T.);
#1647=EDGE_CURVE('',#1202,#1323,#608,.F.);
#1648=EDGE_CURVE('',#1251,#1316,#609,.T.);
#1649=EDGE_CURVE('',#1317,#1250,#610,.T.);
#1650=EDGE_CURVE('',#1322,#1324,#611,.T.);
#1651=EDGE_CURVE('',#1324,#1325,#612,.T.);
#1652=EDGE_CURVE('',#1325,#1308,#613,.T.);
#1653=EDGE_CURVE('',#1320,#1267,#614,.T.);
#1654=EDGE_CURVE('',#1324,#1266,#615,.T.);
#1655=EDGE_CURVE('',#1255,#1326,#616,.T.);
#1656=EDGE_CURVE('',#1326,#1313,#617,.T.);
#1657=EDGE_CURVE('',#1259,#1327,#618,.T.);
#1658=EDGE_CURVE('',#1328,#1258,#619,.T.);
#1659=EDGE_CURVE('',#1327,#1328,#620,.T.);
#1660=EDGE_CURVE('',#1329,#1262,#621,.T.);
#1661=EDGE_CURVE('',#1309,#1329,#622,.T.);
#1662=EDGE_CURVE('',#1315,#1252,#623,.T.);
#1663=EDGE_CURVE('',#1319,#1268,#624,.T.);
#1664=EDGE_CURVE('',#1269,#1318,#625,.T.);
#1665=EDGE_CURVE('',#1265,#1325,#626,.T.);
#1666=EDGE_CURVE('',#1261,#1296,#627,.T.);
#1667=EDGE_CURVE('',#1295,#1330,#628,.T.);
#1668=EDGE_CURVE('',#1330,#1331,#629,.T.);
#1669=EDGE_CURVE('',#1331,#1332,#630,.T.);
#1670=EDGE_CURVE('',#1329,#1332,#631,.T.);
#1671=EDGE_CURVE('',#1327,#1333,#632,.T.);
#1672=EDGE_CURVE('',#1333,#1334,#633,.T.);
#1673=EDGE_CURVE('',#1335,#1334,#634,.T.);
#1674=EDGE_CURVE('',#1335,#1294,#635,.T.);
#1675=EDGE_CURVE('',#1293,#1260,#636,.T.);
#1676=EDGE_CURVE('',#1257,#1298,#637,.T.);
#1677=EDGE_CURVE('',#1300,#1336,#638,.T.);
#1678=EDGE_CURVE('',#1336,#1337,#639,.T.);
#1679=EDGE_CURVE('',#1337,#1338,#640,.T.);
#1680=EDGE_CURVE('',#1338,#1328,#641,.T.);
#1681=EDGE_CURVE('',#1339,#1326,#642,.T.);
#1682=EDGE_CURVE('',#1339,#1340,#643,.T.);
#1683=EDGE_CURVE('',#1341,#1340,#644,.T.);
#1684=EDGE_CURVE('',#1341,#1342,#645,.T.);
#1685=EDGE_CURVE('',#1343,#1342,#646,.T.);
#1686=EDGE_CURVE('',#1343,#1256,#647,.T.);
#1687=EDGE_CURVE('',#1310,#1321,#94,.T.);
#1688=EDGE_CURVE('',#1333,#1332,#648,.T.);
#1689=EDGE_CURVE('',#1338,#1339,#649,.T.);
#1690=EDGE_CURVE('',#1344,#1344,#95,.T.);
#1691=EDGE_CURVE('',#1344,#1345,#96,.T.);
#1692=EDGE_CURVE('',#1345,#1345,#97,.T.);
#1693=EDGE_CURVE('',#1330,#1335,#650,.T.);
#1694=EDGE_CURVE('',#1346,#1346,#98,.T.);
#1695=EDGE_CURVE('',#1346,#1347,#99,.T.);
#1696=EDGE_CURVE('',#1347,#1347,#100,.T.);
#1697=EDGE_CURVE('',#1348,#1348,#101,.T.);
#1698=EDGE_CURVE('',#1348,#1349,#102,.T.);
#1699=EDGE_CURVE('',#1349,#1349,#103,.T.);
#1700=EDGE_CURVE('',#1350,#1350,#104,.T.);
#1701=EDGE_CURVE('',#1350,#1351,#105,.T.);
#1702=EDGE_CURVE('',#1351,#1351,#106,.T.);
#1703=EDGE_CURVE('',#1352,#1299,#651,.T.);
#1704=EDGE_CURVE('',#1342,#1352,#652,.T.);
#1705=EDGE_CURVE('',#1336,#1341,#653,.T.);
#1706=EDGE_CURVE('',#1340,#1337,#654,.T.);
#1707=EDGE_CURVE('',#1274,#1292,#655,.T.);
#1708=EDGE_CURVE('',#1286,#1271,#656,.T.);
#1709=EDGE_CURVE('',#1353,#1343,#657,.T.);
#1710=EDGE_CURVE('',#1297,#1353,#658,.T.);
#1711=EDGE_CURVE('',#1334,#1331,#659,.T.);
#1712=EDGE_CURVE('',#1353,#1352,#660,.T.);
#1713=EDGE_CURVE('',#1285,#1270,#661,.T.);
#1714=EDGE_CURVE('',#1273,#1291,#662,.T.);
#1715=EDGE_CURVE('',#1354,#1355,#13,.T.);
#1716=EDGE_CURVE('',#1356,#1354,#107,.T.);
#1717=EDGE_CURVE('',#1357,#1356,#14,.T.);
#1718=EDGE_CURVE('',#1357,#1355,#15,.T.);
#1719=EDGE_CURVE('',#1358,#1359,#16,.T.);
#1720=EDGE_CURVE('',#1360,#1358,#108,.T.);
#1721=EDGE_CURVE('',#1361,#1360,#17,.T.);
#1722=EDGE_CURVE('',#1361,#1359,#18,.T.);
#1723=EDGE_CURVE('',#1362,#1363,#663,.T.);
#1724=EDGE_CURVE('',#1364,#1363,#664,.T.);
#1725=EDGE_CURVE('',#1365,#1364,#665,.T.);
#1726=EDGE_CURVE('',#1362,#1365,#666,.T.);
#1727=EDGE_CURVE('',#1366,#1362,#667,.T.);
#1728=EDGE_CURVE('',#1365,#1367,#668,.T.);
#1729=EDGE_CURVE('',#1367,#1368,#669,.T.);
#1730=EDGE_CURVE('',#1368,#1369,#670,.T.);
#1731=EDGE_CURVE('',#1369,#1370,#671,.T.);
#1732=EDGE_CURVE('',#1370,#1371,#672,.T.);
#1733=EDGE_CURVE('',#1366,#1371,#673,.T.);
#1734=EDGE_CURVE('',#1372,#1373,#674,.T.);
#1735=EDGE_CURVE('',#1373,#1374,#675,.T.);
#1736=EDGE_CURVE('',#1374,#1375,#676,.T.);
#1737=EDGE_CURVE('',#1375,#1376,#677,.T.);
#1738=EDGE_CURVE('',#1377,#1376,#678,.T.);
#1739=EDGE_CURVE('',#1378,#1377,#679,.T.);
#1740=EDGE_CURVE('',#1378,#1379,#680,.T.);
#1741=EDGE_CURVE('',#1379,#1380,#681,.T.);
#1742=EDGE_CURVE('',#1380,#1381,#682,.T.);
#1743=EDGE_CURVE('',#1381,#1382,#683,.T.);
#1744=EDGE_CURVE('',#1383,#1382,#684,.T.);
#1745=EDGE_CURVE('',#1383,#1384,#685,.T.);
#1746=EDGE_CURVE('',#1384,#1385,#686,.T.);
#1747=EDGE_CURVE('',#1385,#1386,#687,.T.);
#1748=EDGE_CURVE('',#1387,#1386,#688,.T.);
#1749=EDGE_CURVE('',#1387,#1372,#689,.T.);
#1750=EDGE_CURVE('',#1388,#1388,#109,.T.);
#1751=EDGE_CURVE('',#1389,#1389,#110,.T.);
#1752=EDGE_CURVE('',#1379,#1390,#690,.T.);
#1753=EDGE_CURVE('',#1391,#1390,#691,.T.);
#1754=EDGE_CURVE('',#1380,#1391,#692,.T.);
#1755=EDGE_CURVE('',#1392,#1370,#693,.T.);
#1756=EDGE_CURVE('',#1393,#1369,#694,.T.);
#1757=EDGE_CURVE('',#1392,#1393,#695,.T.);
#1758=EDGE_CURVE('',#1394,#1378,#696,.T.);
#1759=EDGE_CURVE('',#1377,#1395,#697,.T.);
#1760=EDGE_CURVE('',#1394,#1395,#698,.T.);
#1761=EDGE_CURVE('',#1396,#1374,#699,.T.);
#1762=EDGE_CURVE('',#1397,#1373,#700,.T.);
#1763=EDGE_CURVE('',#1396,#1397,#701,.T.);
#1764=EDGE_CURVE('',#1398,#1399,#702,.T.);
#1765=EDGE_CURVE('',#1399,#1400,#703,.T.);
#1766=EDGE_CURVE('',#1400,#1401,#704,.T.);
#1767=EDGE_CURVE('',#1402,#1401,#705,.T.);
#1768=EDGE_CURVE('',#1403,#1402,#706,.T.);
#1769=EDGE_CURVE('',#1403,#1398,#707,.T.);
#1770=EDGE_CURVE('',#1397,#1404,#708,.T.);
#1771=EDGE_CURVE('',#1404,#1405,#709,.T.);
#1772=EDGE_CURVE('',#1405,#1406,#710,.T.);
#1773=EDGE_CURVE('',#1406,#1407,#711,.T.);
#1774=EDGE_CURVE('',#1407,#1408,#712,.T.);
#1775=EDGE_CURVE('',#1408,#1409,#713,.T.);
#1776=EDGE_CURVE('',#1409,#1394,#714,.T.);
#1777=EDGE_CURVE('',#1410,#1395,#715,.T.);
#1778=EDGE_CURVE('',#1410,#1411,#716,.T.);
#1779=EDGE_CURVE('',#1411,#1396,#717,.T.);
#1780=EDGE_CURVE('',#1412,#1412,#111,.T.);
#1781=EDGE_CURVE('',#1413,#1413,#112,.T.);
#1782=EDGE_CURVE('',#1414,#1415,#718,.T.);
#1783=EDGE_CURVE('',#1415,#1416,#719,.T.);
#1784=EDGE_CURVE('',#1416,#1417,#720,.T.);
#1785=EDGE_CURVE('',#1417,#1414,#721,.T.);
#1786=EDGE_CURVE('',#1418,#1419,#722,.T.);
#1787=EDGE_CURVE('',#1419,#1420,#723,.T.);
#1788=EDGE_CURVE('',#1420,#1421,#724,.T.);
#1789=EDGE_CURVE('',#1421,#1418,#725,.T.);
#1790=EDGE_CURVE('',#1422,#1423,#726,.T.);
#1791=EDGE_CURVE('',#1423,#1424,#727,.T.);
#1792=EDGE_CURVE('',#1425,#1424,#728,.T.);
#1793=EDGE_CURVE('',#1426,#1425,#729,.T.);
#1794=EDGE_CURVE('',#1426,#1427,#730,.T.);
#1795=EDGE_CURVE('',#1428,#1427,#731,.T.);
#1796=EDGE_CURVE('',#1429,#1428,#732,.T.);
#1797=EDGE_CURVE('',#1429,#1430,#733,.T.);
#1798=EDGE_CURVE('',#1430,#1431,#734,.T.);
#1799=EDGE_CURVE('',#1432,#1431,#735,.T.);
#1800=EDGE_CURVE('',#1432,#1433,#736,.T.);
#1801=EDGE_CURVE('',#1433,#1434,#737,.T.);
#1802=EDGE_CURVE('',#1434,#1435,#738,.T.);
#1803=EDGE_CURVE('',#1436,#1435,#739,.T.);
#1804=EDGE_CURVE('',#1436,#1437,#740,.T.);
#1805=EDGE_CURVE('',#1437,#1438,#741,.T.);
#1806=EDGE_CURVE('',#1439,#1438,#742,.T.);
#1807=EDGE_CURVE('',#1439,#1440,#743,.T.);
#1808=EDGE_CURVE('',#1440,#1441,#744,.T.);
#1809=EDGE_CURVE('',#1442,#1441,#745,.T.);
#1810=EDGE_CURVE('',#1443,#1442,#746,.T.);
#1811=EDGE_CURVE('',#1444,#1443,#747,.T.);
#1812=EDGE_CURVE('',#1445,#1444,#748,.T.);
#1813=EDGE_CURVE('',#1391,#1445,#749,.T.);
#1814=EDGE_CURVE('',#1390,#1446,#750,.T.);
#1815=EDGE_CURVE('',#1446,#1447,#751,.T.);
#1816=EDGE_CURVE('',#1447,#1392,#752,.T.);
#1817=EDGE_CURVE('',#1393,#1448,#753,.T.);
#1818=EDGE_CURVE('',#1449,#1448,#754,.T.);
#1819=EDGE_CURVE('',#1449,#1364,#755,.T.);
#1820=EDGE_CURVE('',#1363,#1450,#756,.T.);
#1821=EDGE_CURVE('',#1450,#1422,#757,.T.);
#1822=EDGE_CURVE('',#1359,#1361,#19,.T.);
#1823=EDGE_CURVE('',#1358,#1360,#113,.T.);
#1824=EDGE_CURVE('',#1355,#1357,#20,.T.);
#1825=EDGE_CURVE('',#1354,#1356,#114,.T.);
#1826=EDGE_CURVE('',#1388,#1412,#758,.T.);
#1827=EDGE_CURVE('',#1413,#1389,#759,.T.);
#1828=EDGE_CURVE('',#1375,#1411,#760,.T.);
#1829=EDGE_CURVE('',#1410,#1376,#761,.T.);
#1830=EDGE_CURVE('',#1406,#1366,#762,.T.);
#1831=EDGE_CURVE('',#1371,#1407,#763,.T.);
#1832=EDGE_CURVE('',#1451,#1452,#764,.T.);
#1833=EDGE_CURVE('',#1452,#1453,#765,.T.);
#1834=EDGE_CURVE('',#1454,#1453,#766,.T.);
#1835=EDGE_CURVE('',#1454,#1455,#767,.T.);
#1836=EDGE_CURVE('',#1456,#1455,#768,.T.);
#1837=EDGE_CURVE('',#1456,#1457,#769,.T.);
#1838=EDGE_CURVE('',#1457,#1458,#770,.T.);
#1839=EDGE_CURVE('',#1459,#1458,#771,.T.);
#1840=EDGE_CURVE('',#1459,#1460,#772,.T.);
#1841=EDGE_CURVE('',#1451,#1460,#773,.T.);
#1842=EDGE_CURVE('',#1403,#1452,#774,.T.);
#1843=EDGE_CURVE('',#1398,#1451,#775,.T.);
#1844=EDGE_CURVE('',#1441,#1456,#776,.T.);
#1845=EDGE_CURVE('',#1457,#1440,#777,.T.);
#1846=EDGE_CURVE('',#1458,#1439,#778,.T.);
#1847=EDGE_CURVE('',#1460,#1461,#115,.T.);
#1848=EDGE_CURVE('',#1462,#1461,#779,.T.);
#1849=EDGE_CURVE('',#1462,#1463,#116,.T.);
#1850=EDGE_CURVE('',#1464,#1463,#780,.T.);
#1851=EDGE_CURVE('',#1464,#1399,#781,.T.);
#1852=EDGE_CURVE('',#1438,#1459,#117,.T.);
#1853=EDGE_CURVE('',#1384,#1400,#782,.T.);
#1854=EDGE_CURVE('',#1465,#1464,#783,.T.);
#1855=EDGE_CURVE('',#1427,#1465,#784,.T.);
#1856=EDGE_CURVE('',#1385,#1426,#785,.T.);
#1857=EDGE_CURVE('',#1383,#1401,#786,.T.);
#1858=EDGE_CURVE('',#1466,#1465,#787,.T.);
#1859=EDGE_CURVE('',#1428,#1466,#788,.T.);
#1860=EDGE_CURVE('',#1463,#1467,#789,.T.);
#1861=EDGE_CURVE('',#1468,#1467,#790,.T.);
#1862=EDGE_CURVE('',#1466,#1468,#791,.T.);
#1863=EDGE_CURVE('',#1453,#1402,#792,.T.);
#1864=EDGE_CURVE('',#1382,#1444,#793,.T.);
#1865=EDGE_CURVE('',#1443,#1454,#794,.T.);
#1866=EDGE_CURVE('',#1467,#1469,#118,.T.);
#1867=EDGE_CURVE('',#1469,#1470,#795,.T.);
#1868=EDGE_CURVE('',#1468,#1470,#796,.T.);
#1869=EDGE_CURVE('',#1445,#1381,#797,.T.);
#1870=EDGE_CURVE('',#1404,#1422,#798,.T.);
#1871=EDGE_CURVE('',#1423,#1372,#799,.T.);
#1872=EDGE_CURVE('',#1405,#1450,#800,.T.);
#1873=EDGE_CURVE('',#1408,#1447,#801,.T.);
#1874=EDGE_CURVE('',#1409,#1446,#802,.T.);
#1875=EDGE_CURVE('',#1414,#1434,#803,.T.);
#1876=EDGE_CURVE('',#1417,#1435,#804,.T.);
#1877=EDGE_CURVE('',#1415,#1433,#805,.T.);
#1878=EDGE_CURVE('',#1419,#1429,#806,.T.);
#1879=EDGE_CURVE('',#1418,#1430,#807,.T.);
#1880=EDGE_CURVE('',#1471,#1472,#808,.T.);
#1881=EDGE_CURVE('',#1473,#1472,#809,.T.);
#1882=EDGE_CURVE('',#1470,#1473,#810,.T.);
#1883=EDGE_CURVE('',#1469,#1471,#811,.T.);
#1884=EDGE_CURVE('',#1449,#1367,#812,.T.);
#1885=EDGE_CURVE('',#1421,#1472,#813,.T.);
#1886=EDGE_CURVE('',#1420,#1473,#814,.T.);
#1887=EDGE_CURVE('',#1474,#1474,#119,.T.);
#1888=EDGE_CURVE('',#1475,#1475,#120,.T.);
#1889=EDGE_CURVE('',#1475,#1474,#121,.T.);
#1890=EDGE_CURVE('',#1416,#1436,#815,.T.);
#1891=EDGE_CURVE('',#1476,#1476,#122,.T.);
#1892=EDGE_CURVE('',#1477,#1477,#123,.T.);
#1893=EDGE_CURVE('',#1477,#1476,#124,.T.);
#1894=EDGE_CURVE('',#1368,#1448,#816,.T.);
#1895=EDGE_CURVE('',#1432,#1478,#817,.T.);
#1896=EDGE_CURVE('',#1479,#1478,#818,.T.);
#1897=EDGE_CURVE('',#1479,#1437,#819,.T.);
#1898=EDGE_CURVE('',#1386,#1425,#820,.T.);
#1899=EDGE_CURVE('',#1424,#1387,#821,.T.);
#1900=EDGE_CURVE('',#1455,#1442,#822,.T.);
#1901=EDGE_CURVE('',#1480,#1431,#823,.T.);
#1902=EDGE_CURVE('',#1478,#1480,#824,.T.);
#1903=EDGE_CURVE('',#1438,#1481,#125,.T.);
#1904=EDGE_CURVE('',#1461,#1481,#825,.T.);
#1905=EDGE_CURVE('',#1479,#1481,#826,.T.);
#1906=EDGE_CURVE('',#1480,#1482,#827,.T.);
#1907=EDGE_CURVE('',#1471,#1482,#828,.T.);
#1908=EDGE_CURVE('',#1483,#1462,#829,.T.);
#1909=EDGE_CURVE('',#1483,#1482,#830,.T.);
#1910=EDGE_CURVE('',#1483,#1469,#126,.T.);
#1911=ORIENTED_EDGE('',*,*,#1484,.F.);
#1912=ORIENTED_EDGE('',*,*,#1485,.F.);
#1913=ORIENTED_EDGE('',*,*,#1486,.F.);
#1914=ORIENTED_EDGE('',*,*,#1487,.F.);
#1915=ORIENTED_EDGE('',*,*,#1488,.F.);
#1916=ORIENTED_EDGE('',*,*,#1489,.F.);
#1917=ORIENTED_EDGE('',*,*,#1490,.F.);
#1918=ORIENTED_EDGE('',*,*,#1491,.T.);
#1919=ORIENTED_EDGE('',*,*,#1492,.T.);
#1920=ORIENTED_EDGE('',*,*,#1493,.T.);
#1921=ORIENTED_EDGE('',*,*,#1492,.F.);
#1922=ORIENTED_EDGE('',*,*,#1494,.T.);
#1923=ORIENTED_EDGE('',*,*,#1495,.F.);
#1924=ORIENTED_EDGE('',*,*,#1496,.T.);
#1925=ORIENTED_EDGE('',*,*,#1493,.F.);
#1926=ORIENTED_EDGE('',*,*,#1496,.F.);
#1927=ORIENTED_EDGE('',*,*,#1497,.F.);
#1928=ORIENTED_EDGE('',*,*,#1498,.T.);
#1929=ORIENTED_EDGE('',*,*,#1499,.F.);
#1930=ORIENTED_EDGE('',*,*,#1498,.F.);
#1931=ORIENTED_EDGE('',*,*,#1497,.T.);
#1932=ORIENTED_EDGE('',*,*,#1495,.T.);
#1933=ORIENTED_EDGE('',*,*,#1500,.T.);
#1934=ORIENTED_EDGE('',*,*,#1501,.F.);
#1935=ORIENTED_EDGE('',*,*,#1502,.T.);
#1936=ORIENTED_EDGE('',*,*,#1503,.F.);
#1937=ORIENTED_EDGE('',*,*,#1504,.F.);
#1938=ORIENTED_EDGE('',*,*,#1505,.T.);
#1939=ORIENTED_EDGE('',*,*,#1490,.T.);
#1940=ORIENTED_EDGE('',*,*,#1505,.F.);
#1941=ORIENTED_EDGE('',*,*,#1506,.F.);
#1942=ORIENTED_EDGE('',*,*,#1507,.T.);
#1943=ORIENTED_EDGE('',*,*,#1494,.F.);
#1944=ORIENTED_EDGE('',*,*,#1491,.F.);
#1945=ORIENTED_EDGE('',*,*,#1507,.F.);
#1946=ORIENTED_EDGE('',*,*,#1504,.T.);
#1947=ORIENTED_EDGE('',*,*,#1508,.T.);
#1948=ORIENTED_EDGE('',*,*,#1509,.T.);
#1949=ORIENTED_EDGE('',*,*,#1508,.F.);
#1950=ORIENTED_EDGE('',*,*,#1510,.F.);
#1951=ORIENTED_EDGE('',*,*,#1511,.T.);
#1952=ORIENTED_EDGE('',*,*,#1509,.F.);
#1953=ORIENTED_EDGE('',*,*,#1511,.F.);
#1954=ORIENTED_EDGE('',*,*,#1512,.T.);
#1955=ORIENTED_EDGE('',*,*,#1503,.T.);
#1956=ORIENTED_EDGE('',*,*,#1510,.T.);
#1957=ORIENTED_EDGE('',*,*,#1513,.F.);
#1958=ORIENTED_EDGE('',*,*,#1514,.F.);
#1959=ORIENTED_EDGE('',*,*,#1515,.F.);
#1960=ORIENTED_EDGE('',*,*,#1516,.F.);
#1961=ORIENTED_EDGE('',*,*,#1517,.F.);
#1962=ORIENTED_EDGE('',*,*,#1518,.F.);
#1963=ORIENTED_EDGE('',*,*,#1506,.T.);
#1964=ORIENTED_EDGE('',*,*,#1516,.T.);
#1965=ORIENTED_EDGE('',*,*,#1519,.F.);
#1966=ORIENTED_EDGE('',*,*,#1520,.T.);
#1967=ORIENTED_EDGE('',*,*,#1521,.F.);
#1968=ORIENTED_EDGE('',*,*,#1515,.T.);
#1969=ORIENTED_EDGE('',*,*,#1522,.F.);
#1970=ORIENTED_EDGE('',*,*,#1523,.F.);
#1971=ORIENTED_EDGE('',*,*,#1524,.F.);
#1972=ORIENTED_EDGE('',*,*,#1525,.T.);
#1973=ORIENTED_EDGE('',*,*,#1519,.T.);
#1974=ORIENTED_EDGE('',*,*,#1526,.T.);
#1975=ORIENTED_EDGE('',*,*,#1527,.T.);
#1976=ORIENTED_EDGE('',*,*,#1528,.F.);
#1977=ORIENTED_EDGE('',*,*,#1529,.T.);
#1978=ORIENTED_EDGE('',*,*,#1530,.T.);
#1979=ORIENTED_EDGE('',*,*,#1513,.T.);
#1980=ORIENTED_EDGE('',*,*,#1531,.T.);
#1981=ORIENTED_EDGE('',*,*,#1486,.T.);
#1982=ORIENTED_EDGE('',*,*,#1532,.T.);
#1983=ORIENTED_EDGE('',*,*,#1533,.F.);
#1984=ORIENTED_EDGE('',*,*,#1534,.T.);
#1985=ORIENTED_EDGE('',*,*,#1535,.T.);
#1986=ORIENTED_EDGE('',*,*,#1536,.T.);
#1987=ORIENTED_EDGE('',*,*,#1537,.T.);
#1988=ORIENTED_EDGE('',*,*,#1538,.T.);
#1989=ORIENTED_EDGE('',*,*,#1539,.F.);
#1990=ORIENTED_EDGE('',*,*,#1540,.T.);
#1991=ORIENTED_EDGE('',*,*,#1541,.T.);
#1992=ORIENTED_EDGE('',*,*,#1526,.F.);
#1993=ORIENTED_EDGE('',*,*,#1485,.T.);
#1994=ORIENTED_EDGE('',*,*,#1542,.F.);
#1995=ORIENTED_EDGE('',*,*,#1543,.F.);
#1996=ORIENTED_EDGE('',*,*,#1544,.F.);
#1997=ORIENTED_EDGE('',*,*,#1545,.F.);
#1998=ORIENTED_EDGE('',*,*,#1546,.T.);
#1999=ORIENTED_EDGE('',*,*,#1547,.F.);
#2000=ORIENTED_EDGE('',*,*,#1548,.T.);
#2001=ORIENTED_EDGE('',*,*,#1549,.F.);
#2002=ORIENTED_EDGE('',*,*,#1550,.F.);
#2003=ORIENTED_EDGE('',*,*,#1551,.F.);
#2004=ORIENTED_EDGE('',*,*,#1552,.F.);
#2005=ORIENTED_EDGE('',*,*,#1553,.F.);
#2006=ORIENTED_EDGE('',*,*,#1554,.F.);
#2007=ORIENTED_EDGE('',*,*,#1555,.T.);
#2008=ORIENTED_EDGE('',*,*,#1556,.F.);
#2009=ORIENTED_EDGE('',*,*,#1557,.F.);
#2010=ORIENTED_EDGE('',*,*,#1558,.F.);
#2011=ORIENTED_EDGE('',*,*,#1559,.F.);
#2012=ORIENTED_EDGE('',*,*,#1560,.F.);
#2013=ORIENTED_EDGE('',*,*,#1561,.F.);
#2014=ORIENTED_EDGE('',*,*,#1562,.F.);
#2015=ORIENTED_EDGE('',*,*,#1563,.T.);
#2016=ORIENTED_EDGE('',*,*,#1564,.F.);
#2017=ORIENTED_EDGE('',*,*,#1565,.T.);
#2018=ORIENTED_EDGE('',*,*,#1566,.T.);
#2019=ORIENTED_EDGE('',*,*,#1545,.T.);
#2020=ORIENTED_EDGE('',*,*,#1567,.T.);
#2021=ORIENTED_EDGE('',*,*,#1568,.T.);
#2022=ORIENTED_EDGE('',*,*,#1569,.T.);
#2023=ORIENTED_EDGE('',*,*,#1570,.T.);
#2024=ORIENTED_EDGE('',*,*,#1571,.T.);
#2025=ORIENTED_EDGE('',*,*,#1572,.T.);
#2026=ORIENTED_EDGE('',*,*,#1573,.F.);
#2027=ORIENTED_EDGE('',*,*,#1572,.F.);
#2028=ORIENTED_EDGE('',*,*,#1574,.F.);
#2029=ORIENTED_EDGE('',*,*,#1575,.F.);
#2030=ORIENTED_EDGE('',*,*,#1576,.T.);
#2031=ORIENTED_EDGE('',*,*,#1577,.F.);
#2032=ORIENTED_EDGE('',*,*,#1578,.F.);
#2033=ORIENTED_EDGE('',*,*,#1579,.F.);
#2034=ORIENTED_EDGE('',*,*,#1580,.F.);
#2035=ORIENTED_EDGE('',*,*,#1581,.T.);
#2036=ORIENTED_EDGE('',*,*,#1582,.T.);
#2037=ORIENTED_EDGE('',*,*,#1583,.T.);
#2038=ORIENTED_EDGE('',*,*,#1584,.T.);
#2039=ORIENTED_EDGE('',*,*,#1585,.F.);
#2040=ORIENTED_EDGE('',*,*,#1543,.T.);
#2041=ORIENTED_EDGE('',*,*,#1586,.T.);
#2042=ORIENTED_EDGE('',*,*,#1587,.T.);
#2043=ORIENTED_EDGE('',*,*,#1588,.T.);
#2044=ORIENTED_EDGE('',*,*,#1589,.F.);
#2045=ORIENTED_EDGE('',*,*,#1590,.T.);
#2046=ORIENTED_EDGE('',*,*,#1575,.T.);
#2047=ORIENTED_EDGE('',*,*,#1591,.F.);
#2048=ORIENTED_EDGE('',*,*,#1592,.T.);
#2049=ORIENTED_EDGE('',*,*,#1593,.T.);
#2050=ORIENTED_EDGE('',*,*,#1594,.T.);
#2051=ORIENTED_EDGE('',*,*,#1595,.T.);
#2052=ORIENTED_EDGE('',*,*,#1596,.F.);
#2053=ORIENTED_EDGE('',*,*,#1597,.F.);
#2054=ORIENTED_EDGE('',*,*,#1598,.T.);
#2055=ORIENTED_EDGE('',*,*,#1599,.T.);
#2056=ORIENTED_EDGE('',*,*,#1600,.F.);
#2057=ORIENTED_EDGE('',*,*,#1601,.T.);
#2058=ORIENTED_EDGE('',*,*,#1602,.F.);
#2059=ORIENTED_EDGE('',*,*,#1603,.T.);
#2060=ORIENTED_EDGE('',*,*,#1604,.T.);
#2061=ORIENTED_EDGE('',*,*,#1539,.T.);
#2062=ORIENTED_EDGE('',*,*,#1605,.F.);
#2063=ORIENTED_EDGE('',*,*,#1602,.T.);
#2064=ORIENTED_EDGE('',*,*,#1606,.F.);
#2065=ORIENTED_EDGE('',*,*,#1605,.T.);
#2066=ORIENTED_EDGE('',*,*,#1538,.F.);
#2067=ORIENTED_EDGE('',*,*,#1607,.T.);
#2068=ORIENTED_EDGE('',*,*,#1603,.F.);
#2069=ORIENTED_EDGE('',*,*,#1537,.F.);
#2070=ORIENTED_EDGE('',*,*,#1608,.F.);
#2071=ORIENTED_EDGE('',*,*,#1604,.F.);
#2072=ORIENTED_EDGE('',*,*,#1607,.F.);
#2073=ORIENTED_EDGE('',*,*,#1535,.F.);
#2074=ORIENTED_EDGE('',*,*,#1609,.F.);
#2075=ORIENTED_EDGE('',*,*,#1587,.F.);
#2076=ORIENTED_EDGE('',*,*,#1610,.F.);
#2077=ORIENTED_EDGE('',*,*,#1533,.T.);
#2078=ORIENTED_EDGE('',*,*,#1611,.F.);
#2079=ORIENTED_EDGE('',*,*,#1589,.T.);
#2080=ORIENTED_EDGE('',*,*,#1612,.F.);
#2081=ORIENTED_EDGE('',*,*,#1530,.F.);
#2082=ORIENTED_EDGE('',*,*,#1613,.F.);
#2083=ORIENTED_EDGE('',*,*,#1522,.T.);
#2084=ORIENTED_EDGE('',*,*,#1514,.T.);
#2085=ORIENTED_EDGE('',*,*,#1613,.T.);
#2086=ORIENTED_EDGE('',*,*,#1529,.F.);
#2087=ORIENTED_EDGE('',*,*,#1614,.T.);
#2088=ORIENTED_EDGE('',*,*,#1523,.T.);
#2089=ORIENTED_EDGE('',*,*,#1541,.F.);
#2090=ORIENTED_EDGE('',*,*,#1615,.F.);
#2091=ORIENTED_EDGE('',*,*,#1616,.F.);
#2092=ORIENTED_EDGE('',*,*,#1527,.F.);
#2093=ORIENTED_EDGE('',*,*,#1528,.T.);
#2094=ORIENTED_EDGE('',*,*,#1616,.T.);
#2095=ORIENTED_EDGE('',*,*,#1617,.F.);
#2096=ORIENTED_EDGE('',*,*,#1618,.T.);
#2097=ORIENTED_EDGE('',*,*,#1580,.T.);
#2098=ORIENTED_EDGE('',*,*,#1619,.F.);
#2099=ORIENTED_EDGE('',*,*,#1524,.T.);
#2100=ORIENTED_EDGE('',*,*,#1614,.F.);
#2101=ORIENTED_EDGE('',*,*,#1620,.T.);
#2102=ORIENTED_EDGE('',*,*,#1621,.T.);
#2103=ORIENTED_EDGE('',*,*,#1559,.T.);
#2104=ORIENTED_EDGE('',*,*,#1622,.T.);
#2105=ORIENTED_EDGE('',*,*,#1623,.T.);
#2106=ORIENTED_EDGE('',*,*,#1624,.F.);
#2107=ORIENTED_EDGE('',*,*,#1576,.F.);
#2108=ORIENTED_EDGE('',*,*,#1625,.F.);
#2109=ORIENTED_EDGE('',*,*,#1625,.T.);
#2110=ORIENTED_EDGE('',*,*,#1582,.F.);
#2111=ORIENTED_EDGE('',*,*,#1626,.F.);
#2112=ORIENTED_EDGE('',*,*,#1627,.F.);
#2113=ORIENTED_EDGE('',*,*,#1612,.T.);
#2114=ORIENTED_EDGE('',*,*,#1588,.F.);
#2115=ORIENTED_EDGE('',*,*,#1609,.T.);
#2116=ORIENTED_EDGE('',*,*,#1534,.F.);
#2117=ORIENTED_EDGE('',*,*,#1611,.T.);
#2118=ORIENTED_EDGE('',*,*,#1532,.F.);
#2119=ORIENTED_EDGE('',*,*,#1610,.T.);
#2120=ORIENTED_EDGE('',*,*,#1586,.F.);
#2121=ORIENTED_EDGE('',*,*,#1531,.F.);
#2122=ORIENTED_EDGE('',*,*,#1518,.T.);
#2123=ORIENTED_EDGE('',*,*,#1628,.F.);
#2124=ORIENTED_EDGE('',*,*,#1487,.T.);
#2125=ORIENTED_EDGE('',*,*,#1520,.F.);
#2126=ORIENTED_EDGE('',*,*,#1525,.F.);
#2127=ORIENTED_EDGE('',*,*,#1619,.T.);
#2128=ORIENTED_EDGE('',*,*,#1579,.T.);
#2129=ORIENTED_EDGE('',*,*,#1629,.T.);
#2130=ORIENTED_EDGE('',*,*,#1630,.T.);
#2131=ORIENTED_EDGE('',*,*,#1631,.T.);
#2132=ORIENTED_EDGE('',*,*,#1549,.T.);
#2133=ORIENTED_EDGE('',*,*,#1632,.T.);
#2134=ORIENTED_EDGE('',*,*,#1633,.T.);
#2135=ORIENTED_EDGE('',*,*,#1499,.T.);
#2136=ORIENTED_EDGE('',*,*,#1628,.T.);
#2137=ORIENTED_EDGE('',*,*,#1517,.T.);
#2138=ORIENTED_EDGE('',*,*,#1521,.T.);
#2139=ORIENTED_EDGE('',*,*,#1633,.F.);
#2140=ORIENTED_EDGE('',*,*,#1634,.T.);
#2141=ORIENTED_EDGE('',*,*,#1635,.T.);
#2142=ORIENTED_EDGE('',*,*,#1636,.T.);
#2143=ORIENTED_EDGE('',*,*,#1637,.T.);
#2144=ORIENTED_EDGE('',*,*,#1638,.T.);
#2145=ORIENTED_EDGE('',*,*,#1639,.F.);
#2146=ORIENTED_EDGE('',*,*,#1640,.T.);
#2147=ORIENTED_EDGE('',*,*,#1488,.T.);
#2148=ORIENTED_EDGE('',*,*,#1578,.T.);
#2149=ORIENTED_EDGE('',*,*,#1641,.F.);
#2150=ORIENTED_EDGE('',*,*,#1642,.T.);
#2151=ORIENTED_EDGE('',*,*,#1629,.F.);
#2152=ORIENTED_EDGE('',*,*,#1501,.T.);
#2153=ORIENTED_EDGE('',*,*,#1643,.F.);
#2154=ORIENTED_EDGE('',*,*,#1644,.T.);
#2155=ORIENTED_EDGE('',*,*,#1626,.T.);
#2156=ORIENTED_EDGE('',*,*,#1581,.F.);
#2157=ORIENTED_EDGE('',*,*,#1618,.F.);
#2158=ORIENTED_EDGE('',*,*,#1645,.F.);
#2159=ORIENTED_EDGE('',*,*,#1646,.F.);
#2160=ORIENTED_EDGE('',*,*,#1484,.T.);
#2161=ORIENTED_EDGE('',*,*,#1647,.T.);
#2162=ORIENTED_EDGE('',*,*,#1645,.T.);
#2163=ORIENTED_EDGE('',*,*,#1617,.T.);
#2164=ORIENTED_EDGE('',*,*,#1615,.T.);
#2165=ORIENTED_EDGE('',*,*,#1540,.F.);
#2166=ORIENTED_EDGE('',*,*,#1648,.F.);
#2167=ORIENTED_EDGE('',*,*,#1546,.F.);
#2168=ORIENTED_EDGE('',*,*,#1649,.F.);
#2169=ORIENTED_EDGE('',*,*,#1636,.F.);
#2170=ORIENTED_EDGE('',*,*,#1620,.F.);
#2171=ORIENTED_EDGE('',*,*,#1627,.T.);
#2172=ORIENTED_EDGE('',*,*,#1644,.F.);
#2173=ORIENTED_EDGE('',*,*,#1650,.T.);
#2174=ORIENTED_EDGE('',*,*,#1651,.T.);
#2175=ORIENTED_EDGE('',*,*,#1652,.T.);
#2176=ORIENTED_EDGE('',*,*,#1640,.F.);
#2177=ORIENTED_EDGE('',*,*,#1653,.T.);
#2178=ORIENTED_EDGE('',*,*,#1562,.T.);
#2179=ORIENTED_EDGE('',*,*,#1654,.F.);
#2180=ORIENTED_EDGE('',*,*,#1650,.F.);
#2181=ORIENTED_EDGE('',*,*,#1643,.T.);
#2182=ORIENTED_EDGE('',*,*,#1500,.F.);
#2183=ORIENTED_EDGE('',*,*,#1512,.F.);
#2184=ORIENTED_EDGE('',*,*,#1502,.F.);
#2185=ORIENTED_EDGE('',*,*,#1646,.T.);
#2186=ORIENTED_EDGE('',*,*,#1647,.F.);
#2187=ORIENTED_EDGE('',*,*,#1489,.T.);
#2188=ORIENTED_EDGE('',*,*,#1655,.F.);
#2189=ORIENTED_EDGE('',*,*,#1550,.T.);
#2190=ORIENTED_EDGE('',*,*,#1631,.F.);
#2191=ORIENTED_EDGE('',*,*,#1656,.F.);
#2192=ORIENTED_EDGE('',*,*,#1657,.F.);
#2193=ORIENTED_EDGE('',*,*,#1554,.T.);
#2194=ORIENTED_EDGE('',*,*,#1658,.F.);
#2195=ORIENTED_EDGE('',*,*,#1659,.F.);
#2196=ORIENTED_EDGE('',*,*,#1622,.F.);
#2197=ORIENTED_EDGE('',*,*,#1558,.T.);
#2198=ORIENTED_EDGE('',*,*,#1660,.F.);
#2199=ORIENTED_EDGE('',*,*,#1661,.F.);
#2200=ORIENTED_EDGE('',*,*,#1662,.F.);
#2201=ORIENTED_EDGE('',*,*,#1634,.F.);
#2202=ORIENTED_EDGE('',*,*,#1632,.F.);
#2203=ORIENTED_EDGE('',*,*,#1548,.F.);
#2204=ORIENTED_EDGE('',*,*,#1663,.F.);
#2205=ORIENTED_EDGE('',*,*,#1638,.F.);
#2206=ORIENTED_EDGE('',*,*,#1664,.F.);
#2207=ORIENTED_EDGE('',*,*,#1564,.T.);
#2208=ORIENTED_EDGE('',*,*,#1621,.F.);
#2209=ORIENTED_EDGE('',*,*,#1652,.F.);
#2210=ORIENTED_EDGE('',*,*,#1665,.F.);
#2211=ORIENTED_EDGE('',*,*,#1560,.T.);
#2212=ORIENTED_EDGE('',*,*,#1665,.T.);
#2213=ORIENTED_EDGE('',*,*,#1651,.F.);
#2214=ORIENTED_EDGE('',*,*,#1654,.T.);
#2215=ORIENTED_EDGE('',*,*,#1561,.T.);
#2216=ORIENTED_EDGE('',*,*,#1660,.T.);
#2217=ORIENTED_EDGE('',*,*,#1557,.T.);
#2218=ORIENTED_EDGE('',*,*,#1666,.T.);
#2219=ORIENTED_EDGE('',*,*,#1595,.F.);
#2220=ORIENTED_EDGE('',*,*,#1667,.T.);
#2221=ORIENTED_EDGE('',*,*,#1668,.T.);
#2222=ORIENTED_EDGE('',*,*,#1669,.T.);
#2223=ORIENTED_EDGE('',*,*,#1670,.F.);
#2224=ORIENTED_EDGE('',*,*,#1663,.T.);
#2225=ORIENTED_EDGE('',*,*,#1563,.F.);
#2226=ORIENTED_EDGE('',*,*,#1653,.F.);
#2227=ORIENTED_EDGE('',*,*,#1639,.T.);
#2228=ORIENTED_EDGE('',*,*,#1657,.T.);
#2229=ORIENTED_EDGE('',*,*,#1671,.T.);
#2230=ORIENTED_EDGE('',*,*,#1672,.T.);
#2231=ORIENTED_EDGE('',*,*,#1673,.F.);
#2232=ORIENTED_EDGE('',*,*,#1674,.T.);
#2233=ORIENTED_EDGE('',*,*,#1593,.F.);
#2234=ORIENTED_EDGE('',*,*,#1675,.T.);
#2235=ORIENTED_EDGE('',*,*,#1555,.F.);
#2236=ORIENTED_EDGE('',*,*,#1664,.T.);
#2237=ORIENTED_EDGE('',*,*,#1637,.F.);
#2238=ORIENTED_EDGE('',*,*,#1649,.T.);
#2239=ORIENTED_EDGE('',*,*,#1565,.F.);
#2240=ORIENTED_EDGE('',*,*,#1658,.T.);
#2241=ORIENTED_EDGE('',*,*,#1553,.T.);
#2242=ORIENTED_EDGE('',*,*,#1676,.T.);
#2243=ORIENTED_EDGE('',*,*,#1600,.T.);
#2244=ORIENTED_EDGE('',*,*,#1677,.T.);
#2245=ORIENTED_EDGE('',*,*,#1678,.T.);
#2246=ORIENTED_EDGE('',*,*,#1679,.T.);
#2247=ORIENTED_EDGE('',*,*,#1680,.T.);
#2248=ORIENTED_EDGE('',*,*,#1662,.T.);
#2249=ORIENTED_EDGE('',*,*,#1547,.T.);
#2250=ORIENTED_EDGE('',*,*,#1648,.T.);
#2251=ORIENTED_EDGE('',*,*,#1635,.F.);
#2252=ORIENTED_EDGE('',*,*,#1655,.T.);
#2253=ORIENTED_EDGE('',*,*,#1681,.F.);
#2254=ORIENTED_EDGE('',*,*,#1682,.T.);
#2255=ORIENTED_EDGE('',*,*,#1683,.F.);
#2256=ORIENTED_EDGE('',*,*,#1684,.T.);
#2257=ORIENTED_EDGE('',*,*,#1685,.F.);
#2258=ORIENTED_EDGE('',*,*,#1686,.T.);
#2259=ORIENTED_EDGE('',*,*,#1551,.T.);
#2260=ORIENTED_EDGE('',*,*,#1642,.F.);
#2261=ORIENTED_EDGE('',*,*,#1687,.F.);
#2262=ORIENTED_EDGE('',*,*,#1623,.F.);
#2263=ORIENTED_EDGE('',*,*,#1661,.T.);
#2264=ORIENTED_EDGE('',*,*,#1670,.T.);
#2265=ORIENTED_EDGE('',*,*,#1688,.F.);
#2266=ORIENTED_EDGE('',*,*,#1671,.F.);
#2267=ORIENTED_EDGE('',*,*,#1659,.T.);
#2268=ORIENTED_EDGE('',*,*,#1680,.F.);
#2269=ORIENTED_EDGE('',*,*,#1689,.T.);
#2270=ORIENTED_EDGE('',*,*,#1681,.T.);
#2271=ORIENTED_EDGE('',*,*,#1656,.T.);
#2272=ORIENTED_EDGE('',*,*,#1630,.F.);
#2273=ORIENTED_EDGE('',*,*,#1687,.T.);
#2274=ORIENTED_EDGE('',*,*,#1641,.T.);
#2275=ORIENTED_EDGE('',*,*,#1577,.T.);
#2276=ORIENTED_EDGE('',*,*,#1624,.T.);
#2277=ORIENTED_EDGE('',*,*,#1690,.T.);
#2278=ORIENTED_EDGE('',*,*,#1691,.T.);
#2279=ORIENTED_EDGE('',*,*,#1692,.F.);
#2280=ORIENTED_EDGE('',*,*,#1691,.F.);
#2281=ORIENTED_EDGE('',*,*,#1690,.F.);
#2282=ORIENTED_EDGE('',*,*,#1667,.F.);
#2283=ORIENTED_EDGE('',*,*,#1594,.F.);
#2284=ORIENTED_EDGE('',*,*,#1674,.F.);
#2285=ORIENTED_EDGE('',*,*,#1693,.F.);
#2286=ORIENTED_EDGE('',*,*,#1692,.T.);
#2287=ORIENTED_EDGE('',*,*,#1694,.T.);
#2288=ORIENTED_EDGE('',*,*,#1695,.T.);
#2289=ORIENTED_EDGE('',*,*,#1696,.F.);
#2290=ORIENTED_EDGE('',*,*,#1695,.F.);
#2291=ORIENTED_EDGE('',*,*,#1694,.F.);
#2292=ORIENTED_EDGE('',*,*,#1556,.T.);
#2293=ORIENTED_EDGE('',*,*,#1675,.F.);
#2294=ORIENTED_EDGE('',*,*,#1596,.T.);
#2295=ORIENTED_EDGE('',*,*,#1666,.F.);
#2296=ORIENTED_EDGE('',*,*,#1696,.T.);
#2297=ORIENTED_EDGE('',*,*,#1697,.T.);
#2298=ORIENTED_EDGE('',*,*,#1698,.T.);
#2299=ORIENTED_EDGE('',*,*,#1699,.F.);
#2300=ORIENTED_EDGE('',*,*,#1698,.F.);
#2301=ORIENTED_EDGE('',*,*,#1697,.F.);
#2302=ORIENTED_EDGE('',*,*,#1700,.T.);
#2303=ORIENTED_EDGE('',*,*,#1701,.T.);
#2304=ORIENTED_EDGE('',*,*,#1702,.F.);
#2305=ORIENTED_EDGE('',*,*,#1701,.F.);
#2306=ORIENTED_EDGE('',*,*,#1700,.F.);
#2307=ORIENTED_EDGE('',*,*,#1677,.F.);
#2308=ORIENTED_EDGE('',*,*,#1599,.F.);
#2309=ORIENTED_EDGE('',*,*,#1703,.F.);
#2310=ORIENTED_EDGE('',*,*,#1704,.F.);
#2311=ORIENTED_EDGE('',*,*,#1684,.F.);
#2312=ORIENTED_EDGE('',*,*,#1705,.F.);
#2313=ORIENTED_EDGE('',*,*,#1702,.T.);
#2314=ORIENTED_EDGE('',*,*,#1706,.F.);
#2315=ORIENTED_EDGE('',*,*,#1682,.F.);
#2316=ORIENTED_EDGE('',*,*,#1689,.F.);
#2317=ORIENTED_EDGE('',*,*,#1679,.F.);
#2318=ORIENTED_EDGE('',*,*,#1571,.F.);
#2319=ORIENTED_EDGE('',*,*,#1707,.T.);
#2320=ORIENTED_EDGE('',*,*,#1591,.T.);
#2321=ORIENTED_EDGE('',*,*,#1574,.T.);
#2322=ORIENTED_EDGE('',*,*,#1585,.T.);
#2323=ORIENTED_EDGE('',*,*,#1708,.T.);
#2324=ORIENTED_EDGE('',*,*,#1567,.F.);
#2325=ORIENTED_EDGE('',*,*,#1544,.T.);
#2326=ORIENTED_EDGE('',*,*,#1552,.T.);
#2327=ORIENTED_EDGE('',*,*,#1686,.F.);
#2328=ORIENTED_EDGE('',*,*,#1709,.F.);
#2329=ORIENTED_EDGE('',*,*,#1710,.F.);
#2330=ORIENTED_EDGE('',*,*,#1597,.T.);
#2331=ORIENTED_EDGE('',*,*,#1676,.F.);
#2332=ORIENTED_EDGE('',*,*,#1699,.T.);
#2333=ORIENTED_EDGE('',*,*,#1705,.T.);
#2334=ORIENTED_EDGE('',*,*,#1683,.T.);
#2335=ORIENTED_EDGE('',*,*,#1706,.T.);
#2336=ORIENTED_EDGE('',*,*,#1678,.F.);
#2337=ORIENTED_EDGE('',*,*,#1711,.F.);
#2338=ORIENTED_EDGE('',*,*,#1672,.F.);
#2339=ORIENTED_EDGE('',*,*,#1688,.T.);
#2340=ORIENTED_EDGE('',*,*,#1669,.F.);
#2341=ORIENTED_EDGE('',*,*,#1709,.T.);
#2342=ORIENTED_EDGE('',*,*,#1685,.T.);
#2343=ORIENTED_EDGE('',*,*,#1704,.T.);
#2344=ORIENTED_EDGE('',*,*,#1712,.F.);
#2345=ORIENTED_EDGE('',*,*,#1713,.T.);
#2346=ORIENTED_EDGE('',*,*,#1568,.F.);
#2347=ORIENTED_EDGE('',*,*,#1708,.F.);
#2348=ORIENTED_EDGE('',*,*,#1584,.F.);
#2349=ORIENTED_EDGE('',*,*,#1693,.T.);
#2350=ORIENTED_EDGE('',*,*,#1673,.T.);
#2351=ORIENTED_EDGE('',*,*,#1711,.T.);
#2352=ORIENTED_EDGE('',*,*,#1668,.F.);
#2353=ORIENTED_EDGE('',*,*,#1714,.T.);
#2354=ORIENTED_EDGE('',*,*,#1592,.F.);
#2355=ORIENTED_EDGE('',*,*,#1707,.F.);
#2356=ORIENTED_EDGE('',*,*,#1570,.F.);
#2357=ORIENTED_EDGE('',*,*,#1710,.T.);
#2358=ORIENTED_EDGE('',*,*,#1712,.T.);
#2359=ORIENTED_EDGE('',*,*,#1703,.T.);
#2360=ORIENTED_EDGE('',*,*,#1598,.F.);
#2361=ORIENTED_EDGE('',*,*,#1566,.F.);
#2362=ORIENTED_EDGE('',*,*,#1713,.F.);
#2363=ORIENTED_EDGE('',*,*,#1583,.F.);
#2364=ORIENTED_EDGE('',*,*,#1542,.T.);
#2365=ORIENTED_EDGE('',*,*,#1590,.F.);
#2366=ORIENTED_EDGE('',*,*,#1714,.F.);
#2367=ORIENTED_EDGE('',*,*,#1569,.F.);
#2368=ORIENTED_EDGE('',*,*,#1573,.T.);
#2369=ORIENTED_EDGE('',*,*,#1606,.T.);
#2370=ORIENTED_EDGE('',*,*,#1601,.F.);
#2371=ORIENTED_EDGE('',*,*,#1608,.T.);
#2372=ORIENTED_EDGE('',*,*,#1536,.F.);
#2373=ORIENTED_EDGE('',*,*,#1715,.F.);
#2374=ORIENTED_EDGE('',*,*,#1716,.F.);
#2375=ORIENTED_EDGE('',*,*,#1717,.F.);
#2376=ORIENTED_EDGE('',*,*,#1718,.T.);
#2377=ORIENTED_EDGE('',*,*,#1719,.F.);
#2378=ORIENTED_EDGE('',*,*,#1720,.F.);
#2379=ORIENTED_EDGE('',*,*,#1721,.F.);
#2380=ORIENTED_EDGE('',*,*,#1722,.T.);
#2381=ORIENTED_EDGE('',*,*,#1723,.T.);
#2382=ORIENTED_EDGE('',*,*,#1724,.F.);
#2383=ORIENTED_EDGE('',*,*,#1725,.F.);
#2384=ORIENTED_EDGE('',*,*,#1726,.F.);
#2385=ORIENTED_EDGE('',*,*,#1727,.T.);
#2386=ORIENTED_EDGE('',*,*,#1726,.T.);
#2387=ORIENTED_EDGE('',*,*,#1728,.T.);
#2388=ORIENTED_EDGE('',*,*,#1729,.T.);
#2389=ORIENTED_EDGE('',*,*,#1730,.T.);
#2390=ORIENTED_EDGE('',*,*,#1731,.T.);
#2391=ORIENTED_EDGE('',*,*,#1732,.T.);
#2392=ORIENTED_EDGE('',*,*,#1733,.F.);
#2393=ORIENTED_EDGE('',*,*,#1734,.T.);
#2394=ORIENTED_EDGE('',*,*,#1735,.T.);
#2395=ORIENTED_EDGE('',*,*,#1736,.T.);
#2396=ORIENTED_EDGE('',*,*,#1737,.T.);
#2397=ORIENTED_EDGE('',*,*,#1738,.F.);
#2398=ORIENTED_EDGE('',*,*,#1739,.F.);
#2399=ORIENTED_EDGE('',*,*,#1740,.T.);
#2400=ORIENTED_EDGE('',*,*,#1741,.T.);
#2401=ORIENTED_EDGE('',*,*,#1742,.T.);
#2402=ORIENTED_EDGE('',*,*,#1743,.T.);
#2403=ORIENTED_EDGE('',*,*,#1744,.F.);
#2404=ORIENTED_EDGE('',*,*,#1745,.T.);
#2405=ORIENTED_EDGE('',*,*,#1746,.T.);
#2406=ORIENTED_EDGE('',*,*,#1747,.T.);
#2407=ORIENTED_EDGE('',*,*,#1748,.F.);
#2408=ORIENTED_EDGE('',*,*,#1749,.T.);
#2409=ORIENTED_EDGE('',*,*,#1750,.T.);
#2410=ORIENTED_EDGE('',*,*,#1751,.F.);
#2411=ORIENTED_EDGE('',*,*,#1752,.T.);
#2412=ORIENTED_EDGE('',*,*,#1753,.F.);
#2413=ORIENTED_EDGE('',*,*,#1754,.F.);
#2414=ORIENTED_EDGE('',*,*,#1741,.F.);
#2415=ORIENTED_EDGE('',*,*,#1755,.T.);
#2416=ORIENTED_EDGE('',*,*,#1731,.F.);
#2417=ORIENTED_EDGE('',*,*,#1756,.F.);
#2418=ORIENTED_EDGE('',*,*,#1757,.F.);
#2419=ORIENTED_EDGE('',*,*,#1758,.T.);
#2420=ORIENTED_EDGE('',*,*,#1739,.T.);
#2421=ORIENTED_EDGE('',*,*,#1759,.T.);
#2422=ORIENTED_EDGE('',*,*,#1760,.F.);
#2423=ORIENTED_EDGE('',*,*,#1761,.T.);
#2424=ORIENTED_EDGE('',*,*,#1735,.F.);
#2425=ORIENTED_EDGE('',*,*,#1762,.F.);
#2426=ORIENTED_EDGE('',*,*,#1763,.F.);
#2427=ORIENTED_EDGE('',*,*,#1764,.T.);
#2428=ORIENTED_EDGE('',*,*,#1765,.T.);
#2429=ORIENTED_EDGE('',*,*,#1766,.T.);
#2430=ORIENTED_EDGE('',*,*,#1767,.F.);
#2431=ORIENTED_EDGE('',*,*,#1768,.F.);
#2432=ORIENTED_EDGE('',*,*,#1769,.T.);
#2433=ORIENTED_EDGE('',*,*,#1763,.T.);
#2434=ORIENTED_EDGE('',*,*,#1770,.T.);
#2435=ORIENTED_EDGE('',*,*,#1771,.T.);
#2436=ORIENTED_EDGE('',*,*,#1772,.T.);
#2437=ORIENTED_EDGE('',*,*,#1773,.T.);
#2438=ORIENTED_EDGE('',*,*,#1774,.T.);
#2439=ORIENTED_EDGE('',*,*,#1775,.T.);
#2440=ORIENTED_EDGE('',*,*,#1776,.T.);
#2441=ORIENTED_EDGE('',*,*,#1760,.T.);
#2442=ORIENTED_EDGE('',*,*,#1777,.F.);
#2443=ORIENTED_EDGE('',*,*,#1778,.T.);
#2444=ORIENTED_EDGE('',*,*,#1779,.T.);
#2445=ORIENTED_EDGE('',*,*,#1780,.F.);
#2446=ORIENTED_EDGE('',*,*,#1781,.T.);
#2447=ORIENTED_EDGE('',*,*,#1782,.T.);
#2448=ORIENTED_EDGE('',*,*,#1783,.T.);
#2449=ORIENTED_EDGE('',*,*,#1784,.T.);
#2450=ORIENTED_EDGE('',*,*,#1785,.T.);
#2451=ORIENTED_EDGE('',*,*,#1786,.T.);
#2452=ORIENTED_EDGE('',*,*,#1787,.T.);
#2453=ORIENTED_EDGE('',*,*,#1788,.T.);
#2454=ORIENTED_EDGE('',*,*,#1789,.T.);
#2455=ORIENTED_EDGE('',*,*,#1790,.T.);
#2456=ORIENTED_EDGE('',*,*,#1791,.T.);
#2457=ORIENTED_EDGE('',*,*,#1792,.F.);
#2458=ORIENTED_EDGE('',*,*,#1793,.F.);
#2459=ORIENTED_EDGE('',*,*,#1794,.T.);
#2460=ORIENTED_EDGE('',*,*,#1795,.F.);
#2461=ORIENTED_EDGE('',*,*,#1796,.F.);
#2462=ORIENTED_EDGE('',*,*,#1797,.T.);
#2463=ORIENTED_EDGE('',*,*,#1798,.T.);
#2464=ORIENTED_EDGE('',*,*,#1799,.F.);
#2465=ORIENTED_EDGE('',*,*,#1800,.T.);
#2466=ORIENTED_EDGE('',*,*,#1801,.T.);
#2467=ORIENTED_EDGE('',*,*,#1802,.T.);
#2468=ORIENTED_EDGE('',*,*,#1803,.F.);
#2469=ORIENTED_EDGE('',*,*,#1804,.T.);
#2470=ORIENTED_EDGE('',*,*,#1805,.T.);
#2471=ORIENTED_EDGE('',*,*,#1806,.F.);
#2472=ORIENTED_EDGE('',*,*,#1807,.T.);
#2473=ORIENTED_EDGE('',*,*,#1808,.T.);
#2474=ORIENTED_EDGE('',*,*,#1809,.F.);
#2475=ORIENTED_EDGE('',*,*,#1810,.F.);
#2476=ORIENTED_EDGE('',*,*,#1811,.F.);
#2477=ORIENTED_EDGE('',*,*,#1812,.F.);
#2478=ORIENTED_EDGE('',*,*,#1813,.F.);
#2479=ORIENTED_EDGE('',*,*,#1753,.T.);
#2480=ORIENTED_EDGE('',*,*,#1814,.T.);
#2481=ORIENTED_EDGE('',*,*,#1815,.T.);
#2482=ORIENTED_EDGE('',*,*,#1816,.T.);
#2483=ORIENTED_EDGE('',*,*,#1757,.T.);
#2484=ORIENTED_EDGE('',*,*,#1817,.T.);
#2485=ORIENTED_EDGE('',*,*,#1818,.F.);
#2486=ORIENTED_EDGE('',*,*,#1819,.T.);
#2487=ORIENTED_EDGE('',*,*,#1724,.T.);
#2488=ORIENTED_EDGE('',*,*,#1820,.T.);
#2489=ORIENTED_EDGE('',*,*,#1821,.T.);
#2490=ORIENTED_EDGE('',*,*,#1719,.T.);
#2491=ORIENTED_EDGE('',*,*,#1822,.T.);
#2492=ORIENTED_EDGE('',*,*,#1721,.T.);
#2493=ORIENTED_EDGE('',*,*,#1823,.F.);
#2494=ORIENTED_EDGE('',*,*,#1722,.F.);
#2495=ORIENTED_EDGE('',*,*,#1822,.F.);
#2496=ORIENTED_EDGE('',*,*,#1715,.T.);
#2497=ORIENTED_EDGE('',*,*,#1824,.T.);
#2498=ORIENTED_EDGE('',*,*,#1717,.T.);
#2499=ORIENTED_EDGE('',*,*,#1825,.F.);
#2500=ORIENTED_EDGE('',*,*,#1718,.F.);
#2501=ORIENTED_EDGE('',*,*,#1824,.F.);
#2502=ORIENTED_EDGE('',*,*,#1750,.F.);
#2503=ORIENTED_EDGE('',*,*,#1826,.T.);
#2504=ORIENTED_EDGE('',*,*,#1780,.T.);
#2505=ORIENTED_EDGE('',*,*,#1826,.F.);
#2506=ORIENTED_EDGE('',*,*,#1781,.F.);
#2507=ORIENTED_EDGE('',*,*,#1827,.T.);
#2508=ORIENTED_EDGE('',*,*,#1751,.T.);
#2509=ORIENTED_EDGE('',*,*,#1827,.F.);
#2510=ORIENTED_EDGE('',*,*,#1736,.F.);
#2511=ORIENTED_EDGE('',*,*,#1761,.F.);
#2512=ORIENTED_EDGE('',*,*,#1779,.F.);
#2513=ORIENTED_EDGE('',*,*,#1828,.F.);
#2514=ORIENTED_EDGE('',*,*,#1777,.T.);
#2515=ORIENTED_EDGE('',*,*,#1759,.F.);
#2516=ORIENTED_EDGE('',*,*,#1738,.T.);
#2517=ORIENTED_EDGE('',*,*,#1829,.F.);
#2518=ORIENTED_EDGE('',*,*,#1830,.T.);
#2519=ORIENTED_EDGE('',*,*,#1733,.T.);
#2520=ORIENTED_EDGE('',*,*,#1831,.T.);
#2521=ORIENTED_EDGE('',*,*,#1773,.F.);
#2522=ORIENTED_EDGE('',*,*,#1832,.T.);
#2523=ORIENTED_EDGE('',*,*,#1833,.T.);
#2524=ORIENTED_EDGE('',*,*,#1834,.F.);
#2525=ORIENTED_EDGE('',*,*,#1835,.T.);
#2526=ORIENTED_EDGE('',*,*,#1836,.F.);
#2527=ORIENTED_EDGE('',*,*,#1837,.T.);
#2528=ORIENTED_EDGE('',*,*,#1838,.T.);
#2529=ORIENTED_EDGE('',*,*,#1839,.F.);
#2530=ORIENTED_EDGE('',*,*,#1840,.T.);
#2531=ORIENTED_EDGE('',*,*,#1841,.F.);
#2532=ORIENTED_EDGE('',*,*,#1769,.F.);
#2533=ORIENTED_EDGE('',*,*,#1842,.T.);
#2534=ORIENTED_EDGE('',*,*,#1832,.F.);
#2535=ORIENTED_EDGE('',*,*,#1843,.F.);
#2536=ORIENTED_EDGE('',*,*,#1844,.F.);
#2537=ORIENTED_EDGE('',*,*,#1808,.F.);
#2538=ORIENTED_EDGE('',*,*,#1845,.F.);
#2539=ORIENTED_EDGE('',*,*,#1837,.F.);
#2540=ORIENTED_EDGE('',*,*,#1846,.F.);
#2541=ORIENTED_EDGE('',*,*,#1838,.F.);
#2542=ORIENTED_EDGE('',*,*,#1845,.T.);
#2543=ORIENTED_EDGE('',*,*,#1807,.F.);
#2544=ORIENTED_EDGE('',*,*,#1841,.T.);
#2545=ORIENTED_EDGE('',*,*,#1847,.T.);
#2546=ORIENTED_EDGE('',*,*,#1848,.F.);
#2547=ORIENTED_EDGE('',*,*,#1849,.T.);
#2548=ORIENTED_EDGE('',*,*,#1850,.F.);
#2549=ORIENTED_EDGE('',*,*,#1851,.T.);
#2550=ORIENTED_EDGE('',*,*,#1764,.F.);
#2551=ORIENTED_EDGE('',*,*,#1843,.T.);
#2552=ORIENTED_EDGE('',*,*,#1846,.T.);
#2553=ORIENTED_EDGE('',*,*,#1806,.T.);
#2554=ORIENTED_EDGE('',*,*,#1852,.T.);
#2555=ORIENTED_EDGE('',*,*,#1839,.T.);
#2556=ORIENTED_EDGE('',*,*,#1853,.T.);
#2557=ORIENTED_EDGE('',*,*,#1765,.F.);
#2558=ORIENTED_EDGE('',*,*,#1851,.F.);
#2559=ORIENTED_EDGE('',*,*,#1854,.F.);
#2560=ORIENTED_EDGE('',*,*,#1855,.F.);
#2561=ORIENTED_EDGE('',*,*,#1794,.F.);
#2562=ORIENTED_EDGE('',*,*,#1856,.F.);
#2563=ORIENTED_EDGE('',*,*,#1746,.F.);
#2564=ORIENTED_EDGE('',*,*,#1829,.T.);
#2565=ORIENTED_EDGE('',*,*,#1737,.F.);
#2566=ORIENTED_EDGE('',*,*,#1828,.T.);
#2567=ORIENTED_EDGE('',*,*,#1778,.F.);
#2568=ORIENTED_EDGE('',*,*,#1745,.F.);
#2569=ORIENTED_EDGE('',*,*,#1857,.T.);
#2570=ORIENTED_EDGE('',*,*,#1766,.F.);
#2571=ORIENTED_EDGE('',*,*,#1853,.F.);
#2572=ORIENTED_EDGE('',*,*,#1855,.T.);
#2573=ORIENTED_EDGE('',*,*,#1858,.F.);
#2574=ORIENTED_EDGE('',*,*,#1859,.F.);
#2575=ORIENTED_EDGE('',*,*,#1795,.T.);
#2576=ORIENTED_EDGE('',*,*,#1854,.T.);
#2577=ORIENTED_EDGE('',*,*,#1850,.T.);
#2578=ORIENTED_EDGE('',*,*,#1860,.T.);
#2579=ORIENTED_EDGE('',*,*,#1861,.F.);
#2580=ORIENTED_EDGE('',*,*,#1862,.F.);
#2581=ORIENTED_EDGE('',*,*,#1858,.T.);
#2582=ORIENTED_EDGE('',*,*,#1842,.F.);
#2583=ORIENTED_EDGE('',*,*,#1768,.T.);
#2584=ORIENTED_EDGE('',*,*,#1863,.F.);
#2585=ORIENTED_EDGE('',*,*,#1833,.F.);
#2586=ORIENTED_EDGE('',*,*,#1744,.T.);
#2587=ORIENTED_EDGE('',*,*,#1864,.T.);
#2588=ORIENTED_EDGE('',*,*,#1811,.T.);
#2589=ORIENTED_EDGE('',*,*,#1865,.T.);
#2590=ORIENTED_EDGE('',*,*,#1834,.T.);
#2591=ORIENTED_EDGE('',*,*,#1863,.T.);
#2592=ORIENTED_EDGE('',*,*,#1767,.T.);
#2593=ORIENTED_EDGE('',*,*,#1857,.F.);
#2594=ORIENTED_EDGE('',*,*,#1866,.T.);
#2595=ORIENTED_EDGE('',*,*,#1867,.T.);
#2596=ORIENTED_EDGE('',*,*,#1868,.F.);
#2597=ORIENTED_EDGE('',*,*,#1861,.T.);
#2598=ORIENTED_EDGE('',*,*,#1869,.T.);
#2599=ORIENTED_EDGE('',*,*,#1742,.F.);
#2600=ORIENTED_EDGE('',*,*,#1754,.T.);
#2601=ORIENTED_EDGE('',*,*,#1813,.T.);
#2602=ORIENTED_EDGE('',*,*,#1790,.F.);
#2603=ORIENTED_EDGE('',*,*,#1870,.F.);
#2604=ORIENTED_EDGE('',*,*,#1770,.F.);
#2605=ORIENTED_EDGE('',*,*,#1762,.T.);
#2606=ORIENTED_EDGE('',*,*,#1734,.F.);
#2607=ORIENTED_EDGE('',*,*,#1871,.F.);
#2608=ORIENTED_EDGE('',*,*,#1821,.F.);
#2609=ORIENTED_EDGE('',*,*,#1872,.F.);
#2610=ORIENTED_EDGE('',*,*,#1771,.F.);
#2611=ORIENTED_EDGE('',*,*,#1870,.T.);
#2612=ORIENTED_EDGE('',*,*,#1820,.F.);
#2613=ORIENTED_EDGE('',*,*,#1723,.F.);
#2614=ORIENTED_EDGE('',*,*,#1727,.F.);
#2615=ORIENTED_EDGE('',*,*,#1830,.F.);
#2616=ORIENTED_EDGE('',*,*,#1772,.F.);
#2617=ORIENTED_EDGE('',*,*,#1872,.T.);
#2618=ORIENTED_EDGE('',*,*,#1816,.F.);
#2619=ORIENTED_EDGE('',*,*,#1873,.F.);
#2620=ORIENTED_EDGE('',*,*,#1774,.F.);
#2621=ORIENTED_EDGE('',*,*,#1831,.F.);
#2622=ORIENTED_EDGE('',*,*,#1732,.F.);
#2623=ORIENTED_EDGE('',*,*,#1755,.F.);
#2624=ORIENTED_EDGE('',*,*,#1815,.F.);
#2625=ORIENTED_EDGE('',*,*,#1874,.F.);
#2626=ORIENTED_EDGE('',*,*,#1775,.F.);
#2627=ORIENTED_EDGE('',*,*,#1873,.T.);
#2628=ORIENTED_EDGE('',*,*,#1814,.F.);
#2629=ORIENTED_EDGE('',*,*,#1752,.F.);
#2630=ORIENTED_EDGE('',*,*,#1740,.F.);
#2631=ORIENTED_EDGE('',*,*,#1758,.F.);
#2632=ORIENTED_EDGE('',*,*,#1776,.F.);
#2633=ORIENTED_EDGE('',*,*,#1874,.T.);
#2634=ORIENTED_EDGE('',*,*,#1802,.F.);
#2635=ORIENTED_EDGE('',*,*,#1875,.F.);
#2636=ORIENTED_EDGE('',*,*,#1785,.F.);
#2637=ORIENTED_EDGE('',*,*,#1876,.T.);
#2638=ORIENTED_EDGE('',*,*,#1801,.F.);
#2639=ORIENTED_EDGE('',*,*,#1877,.F.);
#2640=ORIENTED_EDGE('',*,*,#1782,.F.);
#2641=ORIENTED_EDGE('',*,*,#1875,.T.);
#2642=ORIENTED_EDGE('',*,*,#1720,.T.);
#2643=ORIENTED_EDGE('',*,*,#1823,.T.);
#2644=ORIENTED_EDGE('',*,*,#1797,.F.);
#2645=ORIENTED_EDGE('',*,*,#1878,.F.);
#2646=ORIENTED_EDGE('',*,*,#1786,.F.);
#2647=ORIENTED_EDGE('',*,*,#1879,.T.);
#2648=ORIENTED_EDGE('',*,*,#1716,.T.);
#2649=ORIENTED_EDGE('',*,*,#1825,.T.);
#2650=ORIENTED_EDGE('',*,*,#1880,.T.);
#2651=ORIENTED_EDGE('',*,*,#1881,.F.);
#2652=ORIENTED_EDGE('',*,*,#1882,.F.);
#2653=ORIENTED_EDGE('',*,*,#1867,.F.);
#2654=ORIENTED_EDGE('',*,*,#1883,.T.);
#2655=ORIENTED_EDGE('',*,*,#1884,.T.);
#2656=ORIENTED_EDGE('',*,*,#1728,.F.);
#2657=ORIENTED_EDGE('',*,*,#1725,.T.);
#2658=ORIENTED_EDGE('',*,*,#1819,.F.);
#2659=ORIENTED_EDGE('',*,*,#1881,.T.);
#2660=ORIENTED_EDGE('',*,*,#1885,.F.);
#2661=ORIENTED_EDGE('',*,*,#1788,.F.);
#2662=ORIENTED_EDGE('',*,*,#1886,.T.);
#2663=ORIENTED_EDGE('',*,*,#1887,.T.);
#2664=ORIENTED_EDGE('',*,*,#1888,.F.);
#2665=ORIENTED_EDGE('',*,*,#1888,.T.);
#2666=ORIENTED_EDGE('',*,*,#1889,.T.);
#2667=ORIENTED_EDGE('',*,*,#1887,.F.);
#2668=ORIENTED_EDGE('',*,*,#1889,.F.);
#2669=ORIENTED_EDGE('',*,*,#1803,.T.);
#2670=ORIENTED_EDGE('',*,*,#1876,.F.);
#2671=ORIENTED_EDGE('',*,*,#1784,.F.);
#2672=ORIENTED_EDGE('',*,*,#1890,.T.);
#2673=ORIENTED_EDGE('',*,*,#1891,.T.);
#2674=ORIENTED_EDGE('',*,*,#1892,.F.);
#2675=ORIENTED_EDGE('',*,*,#1892,.T.);
#2676=ORIENTED_EDGE('',*,*,#1893,.T.);
#2677=ORIENTED_EDGE('',*,*,#1891,.F.);
#2678=ORIENTED_EDGE('',*,*,#1893,.F.);
#2679=ORIENTED_EDGE('',*,*,#1894,.T.);
#2680=ORIENTED_EDGE('',*,*,#1817,.F.);
#2681=ORIENTED_EDGE('',*,*,#1756,.T.);
#2682=ORIENTED_EDGE('',*,*,#1730,.F.);
#2683=ORIENTED_EDGE('',*,*,#1804,.F.);
#2684=ORIENTED_EDGE('',*,*,#1890,.F.);
#2685=ORIENTED_EDGE('',*,*,#1783,.F.);
#2686=ORIENTED_EDGE('',*,*,#1877,.T.);
#2687=ORIENTED_EDGE('',*,*,#1800,.F.);
#2688=ORIENTED_EDGE('',*,*,#1895,.T.);
#2689=ORIENTED_EDGE('',*,*,#1896,.F.);
#2690=ORIENTED_EDGE('',*,*,#1897,.T.);
#2691=ORIENTED_EDGE('',*,*,#1898,.T.);
#2692=ORIENTED_EDGE('',*,*,#1792,.T.);
#2693=ORIENTED_EDGE('',*,*,#1899,.T.);
#2694=ORIENTED_EDGE('',*,*,#1748,.T.);
#2695=ORIENTED_EDGE('',*,*,#1859,.T.);
#2696=ORIENTED_EDGE('',*,*,#1862,.T.);
#2697=ORIENTED_EDGE('',*,*,#1868,.T.);
#2698=ORIENTED_EDGE('',*,*,#1882,.T.);
#2699=ORIENTED_EDGE('',*,*,#1886,.F.);
#2700=ORIENTED_EDGE('',*,*,#1787,.F.);
#2701=ORIENTED_EDGE('',*,*,#1878,.T.);
#2702=ORIENTED_EDGE('',*,*,#1796,.T.);
#2703=ORIENTED_EDGE('',*,*,#1844,.T.);
#2704=ORIENTED_EDGE('',*,*,#1836,.T.);
#2705=ORIENTED_EDGE('',*,*,#1900,.T.);
#2706=ORIENTED_EDGE('',*,*,#1809,.T.);
#2707=ORIENTED_EDGE('',*,*,#1743,.F.);
#2708=ORIENTED_EDGE('',*,*,#1869,.F.);
#2709=ORIENTED_EDGE('',*,*,#1812,.T.);
#2710=ORIENTED_EDGE('',*,*,#1864,.F.);
#2711=ORIENTED_EDGE('',*,*,#1835,.F.);
#2712=ORIENTED_EDGE('',*,*,#1865,.F.);
#2713=ORIENTED_EDGE('',*,*,#1810,.T.);
#2714=ORIENTED_EDGE('',*,*,#1900,.F.);
#2715=ORIENTED_EDGE('',*,*,#1895,.F.);
#2716=ORIENTED_EDGE('',*,*,#1799,.T.);
#2717=ORIENTED_EDGE('',*,*,#1901,.F.);
#2718=ORIENTED_EDGE('',*,*,#1902,.F.);
#2719=ORIENTED_EDGE('',*,*,#1894,.F.);
#2720=ORIENTED_EDGE('',*,*,#1729,.F.);
#2721=ORIENTED_EDGE('',*,*,#1884,.F.);
#2722=ORIENTED_EDGE('',*,*,#1818,.T.);
#2723=ORIENTED_EDGE('',*,*,#1856,.T.);
#2724=ORIENTED_EDGE('',*,*,#1793,.T.);
#2725=ORIENTED_EDGE('',*,*,#1898,.F.);
#2726=ORIENTED_EDGE('',*,*,#1747,.F.);
#2727=ORIENTED_EDGE('',*,*,#1903,.T.);
#2728=ORIENTED_EDGE('',*,*,#1904,.F.);
#2729=ORIENTED_EDGE('',*,*,#1847,.F.);
#2730=ORIENTED_EDGE('',*,*,#1840,.F.);
#2731=ORIENTED_EDGE('',*,*,#1852,.F.);
#2732=ORIENTED_EDGE('',*,*,#1905,.T.);
#2733=ORIENTED_EDGE('',*,*,#1903,.F.);
#2734=ORIENTED_EDGE('',*,*,#1805,.F.);
#2735=ORIENTED_EDGE('',*,*,#1897,.F.);
#2736=ORIENTED_EDGE('',*,*,#1906,.F.);
#2737=ORIENTED_EDGE('',*,*,#1901,.T.);
#2738=ORIENTED_EDGE('',*,*,#1798,.F.);
#2739=ORIENTED_EDGE('',*,*,#1879,.F.);
#2740=ORIENTED_EDGE('',*,*,#1789,.F.);
#2741=ORIENTED_EDGE('',*,*,#1885,.T.);
#2742=ORIENTED_EDGE('',*,*,#1880,.F.);
#2743=ORIENTED_EDGE('',*,*,#1907,.T.);
#2744=ORIENTED_EDGE('',*,*,#1908,.T.);
#2745=ORIENTED_EDGE('',*,*,#1848,.T.);
#2746=ORIENTED_EDGE('',*,*,#1904,.T.);
#2747=ORIENTED_EDGE('',*,*,#1905,.F.);
#2748=ORIENTED_EDGE('',*,*,#1896,.T.);
#2749=ORIENTED_EDGE('',*,*,#1902,.T.);
#2750=ORIENTED_EDGE('',*,*,#1906,.T.);
#2751=ORIENTED_EDGE('',*,*,#1909,.F.);
#2752=ORIENTED_EDGE('',*,*,#1910,.T.);
#2753=ORIENTED_EDGE('',*,*,#1866,.F.);
#2754=ORIENTED_EDGE('',*,*,#1860,.F.);
#2755=ORIENTED_EDGE('',*,*,#1849,.F.);
#2756=ORIENTED_EDGE('',*,*,#1908,.F.);
#2757=ORIENTED_EDGE('',*,*,#1909,.T.);
#2758=ORIENTED_EDGE('',*,*,#1907,.F.);
#2759=ORIENTED_EDGE('',*,*,#1883,.F.);
#2760=ORIENTED_EDGE('',*,*,#1910,.F.);
#2761=ORIENTED_EDGE('',*,*,#1871,.T.);
#2762=ORIENTED_EDGE('',*,*,#1749,.F.);
#2763=ORIENTED_EDGE('',*,*,#1899,.F.);
#2764=ORIENTED_EDGE('',*,*,#1791,.F.);
#2765=PLANE('',#3061);
#2766=PLANE('',#3072);
#2767=PLANE('',#3084);
#2768=PLANE('',#3085);
#2769=PLANE('',#3086);
#2770=PLANE('',#3087);
#2771=PLANE('',#3088);
#2772=PLANE('',#3089);
#2773=PLANE('',#3090);
#2774=PLANE('',#3091);
#2775=PLANE('',#3092);
#2776=PLANE('',#3093);
#2777=PLANE('',#3095);
#2778=PLANE('',#3096);
#2779=PLANE('',#3097);
#2780=PLANE('',#3098);
#2781=PLANE('',#3099);
#2782=PLANE('',#3100);
#2783=PLANE('',#3101);
#2784=PLANE('',#3102);
#2785=PLANE('',#3103);
#2786=PLANE('',#3104);
#2787=PLANE('',#3105);
#2788=PLANE('',#3106);
#2789=PLANE('',#3107);
#2790=PLANE('',#3108);
#2791=PLANE('',#3109);
#2792=PLANE('',#3110);
#2793=PLANE('',#3111);
#2794=PLANE('',#3112);
#2795=PLANE('',#3113);
#2796=PLANE('',#3114);
#2797=PLANE('',#3115);
#2798=PLANE('',#3116);
#2799=PLANE('',#3117);
#2800=PLANE('',#3118);
#2801=PLANE('',#3119);
#2802=PLANE('',#3120);
#2803=PLANE('',#3121);
#2804=PLANE('',#3122);
#2805=PLANE('',#3123);
#2806=PLANE('',#3124);
#2807=PLANE('',#3125);
#2808=PLANE('',#3126);
#2809=PLANE('',#3127);
#2810=PLANE('',#3128);
#2811=PLANE('',#3129);
#2812=PLANE('',#3130);
#2813=PLANE('',#3131);
#2814=PLANE('',#3138);
#2815=PLANE('',#3139);
#2816=PLANE('',#3144);
#2817=PLANE('',#3145);
#2818=PLANE('',#3150);
#2819=PLANE('',#3155);
#2820=PLANE('',#3156);
#2821=PLANE('',#3157);
#2822=PLANE('',#3158);
#2823=PLANE('',#3159);
#2824=PLANE('',#3160);
#2825=PLANE('',#3161);
#2826=PLANE('',#3162);
#2827=PLANE('',#3163);
#2828=PLANE('',#3164);
#2829=PLANE('',#3165);
#2830=PLANE('',#3166);
#2831=PLANE('',#3167);
#2832=PLANE('',#3168);
#2833=PLANE('',#3169);
#2834=PLANE('',#3170);
#2835=PLANE('',#3173);
#2836=PLANE('',#3174);
#2837=PLANE('',#3175);
#2838=PLANE('',#3178);
#2839=PLANE('',#3179);
#2840=PLANE('',#3180);
#2841=PLANE('',#3181);
#2842=PLANE('',#3182);
#2843=PLANE('',#3185);
#2844=PLANE('',#3187);
#2845=PLANE('',#3189);
#2846=PLANE('',#3192);
#2847=PLANE('',#3193);
#2848=PLANE('',#3194);
#2849=PLANE('',#3195);
#2850=PLANE('',#3196);
#2851=PLANE('',#3197);
#2852=PLANE('',#3198);
#2853=PLANE('',#3199);
#2854=PLANE('',#3202);
#2855=PLANE('',#3204);
#2856=PLANE('',#3205);
#2857=PLANE('',#3206);
#2858=PLANE('',#3207);
#2859=PLANE('',#3208);
#2860=PLANE('',#3209);
#2861=PLANE('',#3210);
#2862=PLANE('',#3211);
#2863=PLANE('',#3213);
#2864=PLANE('',#3214);
#2865=PLANE('',#3215);
#2866=PLANE('',#3216);
#2867=PLANE('',#3217);
#2868=PLANE('',#3218);
#2869=PLANE('',#3219);
#2870=PLANE('',#3220);
#2871=PLANE('',#3221);
#2872=PLANE('',#3222);
#2873=PLANE('',#3223);
#2874=PLANE('',#3224);
#2875=PLANE('',#3225);
#2876=PLANE('',#3227);
#2877=PLANE('',#3231);
#2878=PLANE('',#3233);
#2879=PLANE('',#3237);
#2880=PLANE('',#3238);
#2881=PLANE('',#3239);
#2882=PLANE('',#3240);
#2883=PLANE('',#3241);
#2884=PLANE('',#3242);
#2885=PLANE('',#3243);
#2886=PLANE('',#3244);
#2887=PLANE('',#3245);
#2888=PLANE('',#3246);
#2889=PLANE('',#3249);
#2890=PLANE('',#3250);
#2891=PLANE('',#3251);
#2892=PLANE('',#3254);
#2893=PLANE('',#3255);
#2894=ADVANCED_FACE('',(#127,#48),#2765,.T.);
#2895=ADVANCED_FACE('',(#128),#46,.T.);
#2896=ADVANCED_FACE('',(#129),#35,.F.);
#2897=ADVANCED_FACE('',(#130),#36,.T.);
#2898=ADVANCED_FACE('',(#131,#49),#2766,.T.);
#2899=ADVANCED_FACE('',(#132),#37,.T.);
#2900=ADVANCED_FACE('',(#133),#38,.F.);
#2901=ADVANCED_FACE('',(#134),#39,.F.);
#2902=ADVANCED_FACE('',(#135),#47,.T.);
#2903=ADVANCED_FACE('',(#136),#40,.F.);
#2904=ADVANCED_FACE('',(#137,#50),#2767,.T.);
#2905=ADVANCED_FACE('',(#138,#51),#2768,.T.);
#2906=ADVANCED_FACE('',(#139),#2769,.F.);
#2907=ADVANCED_FACE('',(#140),#2770,.T.);
#2908=ADVANCED_FACE('',(#141,#52,#53),#2771,.F.);
#2909=ADVANCED_FACE('',(#142),#2772,.F.);
#2910=ADVANCED_FACE('',(#143),#2773,.F.);
#2911=ADVANCED_FACE('',(#144,#54,#55),#2774,.T.);
#2912=ADVANCED_FACE('',(#145),#2775,.F.);
#2913=ADVANCED_FACE('',(#146,#56,#57,#58,#59,#60,#61),#2776,.T.);
#2914=ADVANCED_FACE('',(#147),#2777,.T.);
#2915=ADVANCED_FACE('',(#148),#2778,.T.);
#2916=ADVANCED_FACE('',(#149),#2779,.F.);
#2917=ADVANCED_FACE('',(#150),#2780,.F.);
#2918=ADVANCED_FACE('',(#151),#2781,.T.);
#2919=ADVANCED_FACE('',(#152),#2782,.F.);
#2920=ADVANCED_FACE('',(#153),#2783,.T.);
#2921=ADVANCED_FACE('',(#154),#2784,.F.);
#2922=ADVANCED_FACE('',(#155),#2785,.T.);
#2923=ADVANCED_FACE('',(#156),#2786,.T.);
#2924=ADVANCED_FACE('',(#157),#2787,.F.);
#2925=ADVANCED_FACE('',(#158),#2788,.T.);
#2926=ADVANCED_FACE('',(#159),#2789,.T.);
#2927=ADVANCED_FACE('',(#160),#2790,.T.);
#2928=ADVANCED_FACE('',(#161,#62),#2791,.T.);
#2929=ADVANCED_FACE('',(#162),#2792,.T.);
#2930=ADVANCED_FACE('',(#163),#2793,.F.);
#2931=ADVANCED_FACE('',(#164),#2794,.T.);
#2932=ADVANCED_FACE('',(#165),#2795,.T.);
#2933=ADVANCED_FACE('',(#166),#2796,.F.);
#2934=ADVANCED_FACE('',(#167),#2797,.F.);
#2935=ADVANCED_FACE('',(#168),#2798,.T.);
#2936=ADVANCED_FACE('',(#169),#2799,.T.);
#2937=ADVANCED_FACE('',(#170),#2800,.T.);
#2938=ADVANCED_FACE('',(#171),#2801,.T.);
#2939=ADVANCED_FACE('',(#172),#2802,.T.);
#2940=ADVANCED_FACE('',(#173),#2803,.T.);
#2941=ADVANCED_FACE('',(#174),#2804,.T.);
#2942=ADVANCED_FACE('',(#175),#2805,.T.);
#2943=ADVANCED_FACE('',(#176),#2806,.T.);
#2944=ADVANCED_FACE('',(#177),#2807,.F.);
#2945=ADVANCED_FACE('',(#178),#2808,.F.);
#2946=ADVANCED_FACE('',(#179),#2809,.T.);
#2947=ADVANCED_FACE('',(#180),#2810,.T.);
#2948=ADVANCED_FACE('',(#181),#2811,.F.);
#2949=ADVANCED_FACE('',(#182),#2812,.F.);
#2950=ADVANCED_FACE('',(#183),#2813,.T.);
#2951=ADVANCED_FACE('',(#184),#41,.T.);
#2952=ADVANCED_FACE('',(#185),#29,.T.);
#2953=ADVANCED_FACE('',(#186),#2814,.T.);
#2954=ADVANCED_FACE('',(#187,#63),#2815,.F.);
#2955=ADVANCED_FACE('',(#188),#30,.T.);
#2956=ADVANCED_FACE('',(#189),#2816,.T.);
#2957=ADVANCED_FACE('',(#190,#64),#2817,.T.);
#2958=ADVANCED_FACE('',(#191),#31,.T.);
#2959=ADVANCED_FACE('',(#192),#2818,.T.);
#2960=ADVANCED_FACE('',(#193),#32,.T.);
#2961=ADVANCED_FACE('',(#194),#2819,.T.);
#2962=ADVANCED_FACE('',(#195,#65),#2820,.F.);
#2963=ADVANCED_FACE('',(#196),#2821,.F.);
#2964=ADVANCED_FACE('',(#197),#2822,.T.);
#2965=ADVANCED_FACE('',(#198),#2823,.T.);
#2966=ADVANCED_FACE('',(#199,#66),#2824,.T.);
#2967=ADVANCED_FACE('',(#200),#2825,.T.);
#2968=ADVANCED_FACE('',(#201),#2826,.T.);
#2969=ADVANCED_FACE('',(#202),#2827,.F.);
#2970=ADVANCED_FACE('',(#203),#2828,.T.);
#2971=ADVANCED_FACE('',(#204),#2829,.T.);
#2972=ADVANCED_FACE('',(#205),#2830,.T.);
#2973=ADVANCED_FACE('',(#206),#2831,.F.);
#2974=ADVANCED_FACE('',(#207),#2832,.F.);
#2975=ADVANCED_FACE('',(#208),#2833,.F.);
#2976=ADVANCED_FACE('',(#209),#2834,.T.);
#2977=ADVANCED_FACE('',(#210),#21,.T.);
#2978=ADVANCED_FACE('',(#211),#22,.T.);
#2979=ADVANCED_FACE('',(#212),#2835,.F.);
#2980=ADVANCED_FACE('',(#213),#2836,.F.);
#2981=ADVANCED_FACE('',(#214,#67,#68),#2837,.F.);
#2982=ADVANCED_FACE('',(#215),#2838,.F.);
#2983=ADVANCED_FACE('',(#216),#2839,.F.);
#2984=ADVANCED_FACE('',(#217),#2840,.F.);
#2985=ADVANCED_FACE('',(#218),#2841,.F.);
#2986=ADVANCED_FACE('',(#219,#69,#70,#71,#72,#73),#2842,.T.);
#2987=ADVANCED_FACE('',(#220),#2843,.F.);
#2988=ADVANCED_FACE('',(#221),#23,.T.);
#2989=ADVANCED_FACE('',(#222),#2844,.T.);
#2990=ADVANCED_FACE('',(#223),#24,.T.);
#2991=ADVANCED_FACE('',(#224),#2845,.T.);
#2992=ADVANCED_FACE('',(#225),#42,.F.);
#2993=ADVANCED_FACE('',(#226),#43,.F.);
#2994=ADVANCED_FACE('',(#227),#2846,.F.);
#2995=ADVANCED_FACE('',(#228),#2847,.T.);
#2996=ADVANCED_FACE('',(#229),#2848,.F.);
#2997=ADVANCED_FACE('',(#230),#2849,.F.);
#2998=ADVANCED_FACE('',(#231),#2850,.F.);
#2999=ADVANCED_FACE('',(#232),#2851,.F.);
#3000=ADVANCED_FACE('',(#233),#2852,.F.);
#3001=ADVANCED_FACE('',(#234),#2853,.T.);
#3002=ADVANCED_FACE('',(#235),#2854,.F.);
#3003=ADVANCED_FACE('',(#236),#2855,.F.);
#3004=ADVANCED_FACE('',(#237),#2856,.F.);
#3005=ADVANCED_FACE('',(#238),#2857,.T.);
#3006=ADVANCED_FACE('',(#239),#2858,.F.);
#3007=ADVANCED_FACE('',(#240),#2859,.F.);
#3008=ADVANCED_FACE('',(#241),#2860,.T.);
#3009=ADVANCED_FACE('',(#242),#2861,.T.);
#3010=ADVANCED_FACE('',(#243),#2862,.F.);
#3011=ADVANCED_FACE('',(#244),#2863,.F.);
#3012=ADVANCED_FACE('',(#245),#2864,.T.);
#3013=ADVANCED_FACE('',(#246),#2865,.T.);
#3014=ADVANCED_FACE('',(#247),#2866,.T.);
#3015=ADVANCED_FACE('',(#248),#2867,.T.);
#3016=ADVANCED_FACE('',(#249),#2868,.T.);
#3017=ADVANCED_FACE('',(#250),#2869,.T.);
#3018=ADVANCED_FACE('',(#251),#2870,.T.);
#3019=ADVANCED_FACE('',(#252,#74),#2871,.T.);
#3020=ADVANCED_FACE('',(#253,#75),#2872,.T.);
#3021=ADVANCED_FACE('',(#254),#2873,.F.);
#3022=ADVANCED_FACE('',(#255),#2874,.F.);
#3023=ADVANCED_FACE('',(#256,#76),#2875,.T.);
#3024=ADVANCED_FACE('',(#257),#2876,.T.);
#3025=ADVANCED_FACE('',(#258),#33,.T.);
#3026=ADVANCED_FACE('',(#259,#77),#2877,.T.);
#3027=ADVANCED_FACE('',(#260),#2878,.T.);
#3028=ADVANCED_FACE('',(#261),#34,.T.);
#3029=ADVANCED_FACE('',(#262),#2879,.F.);
#3030=ADVANCED_FACE('',(#263),#2880,.F.);
#3031=ADVANCED_FACE('',(#264),#2881,.F.);
#3032=ADVANCED_FACE('',(#265),#2882,.F.);
#3033=ADVANCED_FACE('',(#266),#2883,.F.);
#3034=ADVANCED_FACE('',(#267),#2884,.F.);
#3035=ADVANCED_FACE('',(#268),#2885,.F.);
#3036=ADVANCED_FACE('',(#269),#2886,.F.);
#3037=ADVANCED_FACE('',(#270),#2887,.F.);
#3038=ADVANCED_FACE('',(#271),#2888,.F.);
#3039=ADVANCED_FACE('',(#272),#44,.F.);
#3040=ADVANCED_FACE('',(#273),#2889,.T.);
#3041=ADVANCED_FACE('',(#274),#2890,.F.);
#3042=ADVANCED_FACE('',(#275),#2891,.F.);
#3043=ADVANCED_FACE('',(#276),#45,.F.);
#3044=ADVANCED_FACE('',(#277),#2892,.T.);
#3045=ADVANCED_FACE('',(#278),#2893,.F.);
#3046=CLOSED_SHELL('',(#2894,#2895,#2896,#2897,#2898,#2899,#2900,#2901,
#2902,#2903,#2904,#2905,#2906,#2907,#2908,#2909,#2910,#2911,#2912,#2913,
#2914,#2915,#2916,#2917,#2918,#2919,#2920,#2921,#2922,#2923,#2924,#2925,
#2926,#2927,#2928,#2929,#2930,#2931,#2932,#2933,#2934,#2935,#2936,#2937,
#2938,#2939,#2940,#2941,#2942,#2943,#2944,#2945,#2946,#2947,#2948,#2949,
#2950,#2951,#2952,#2953,#2954,#2955,#2956,#2957,#2958,#2959,#2960,#2961,
#2962,#2963,#2964,#2965,#2966,#2967,#2968,#2969,#2970,#2971,#2972,#2973,
#2974,#2975,#2976));
#3047=CLOSED_SHELL('',(#2977,#2978,#2979,#2980,#2981,#2982,#2983,#2984,
#2985,#2986,#2987,#2988,#2989,#2990,#2991,#2992,#2993,#2994,#2995,#2996,
#2997,#2998,#2999,#3000,#3001,#3002,#3003,#3004,#3005,#3006,#3007,#3008,
#3009,#3010,#3011,#3012,#3013,#3014,#3015,#3016,#3017,#3018,#3019,#3020,
#3021,#3022,#3023,#3024,#3025,#3026,#3027,#3028,#3029,#3030,#3031,#3032,
#3033,#3034,#3035,#3036,#3037,#3038,#3039,#3040,#3041,#3042,#3043,#3044,
#3045));
#3048=DERIVED_UNIT_ELEMENT(#3050,1.);
#3049=DERIVED_UNIT_ELEMENT(#5138,-3.);
#3050=(
MASS_UNIT()
NAMED_UNIT(*)
SI_UNIT(.KILO.,.GRAM.)
);
#3051=DERIVED_UNIT((#3048,#3049));
#3052=MEASURE_REPRESENTATION_ITEM('density measure',
POSITIVE_RATIO_MEASURE(7850.),#3051);
#3053=PROPERTY_DEFINITION_REPRESENTATION(#3058,#3055);
#3054=PROPERTY_DEFINITION_REPRESENTATION(#3059,#3056);
#3055=REPRESENTATION('material name',(#3057),#5135);
#3056=REPRESENTATION('density',(#3052),#5135);
#3057=DESCRIPTIVE_REPRESENTATION_ITEM('\X2\92FC\X0\','\X2\92FC\X0\');
#3058=PROPERTY_DEFINITION('material property','material name',#5145);
#3059=PROPERTY_DEFINITION('material property','density of part',#5145);
#3060=AXIS2_PLACEMENT_3D('',#4018,#3256,#3257);
#3061=AXIS2_PLACEMENT_3D('',#4019,#3258,#3259);
#3062=AXIS2_PLACEMENT_3D('',#4033,#3266,#3267);
#3063=AXIS2_PLACEMENT_3D('',#4063,#3268,#3269);
#3064=AXIS2_PLACEMENT_3D('',#4065,#3270,#3271);
#3065=AXIS2_PLACEMENT_3D('',#4066,#3272,#3273);
#3066=AXIS2_PLACEMENT_3D('',#4067,#3274,#3275);
#3067=AXIS2_PLACEMENT_3D('',#4068,#3276,#3277);
#3068=AXIS2_PLACEMENT_3D('',#4070,#3278,#3279);
#3069=AXIS2_PLACEMENT_3D('',#4072,#3281,#3282);
#3070=AXIS2_PLACEMENT_3D('',#4074,#3283,#3284);
#3071=AXIS2_PLACEMENT_3D('',#4077,#3286,#3287);
#3072=AXIS2_PLACEMENT_3D('',#4078,#3288,#3289);
#3073=AXIS2_PLACEMENT_3D('',#4079,#3290,#3291);
#3074=AXIS2_PLACEMENT_3D('',#4084,#3293,#3294);
#3075=AXIS2_PLACEMENT_3D('',#4087,#3296,#3297);
#3076=AXIS2_PLACEMENT_3D('',#4088,#3298,#3299);
#3077=AXIS2_PLACEMENT_3D('',#4090,#3300,#3301);
#3078=AXIS2_PLACEMENT_3D('',#4092,#3303,#3304);
#3079=AXIS2_PLACEMENT_3D('',#4094,#3305,#3306);
#3080=AXIS2_PLACEMENT_3D('',#4124,#3308,#3309);
#3081=AXIS2_PLACEMENT_3D('',#4125,#3310,#3311);
#3082=AXIS2_PLACEMENT_3D('',#4126,#3312,#3313);
#3083=AXIS2_PLACEMENT_3D('',#4128,#3314,#3315);
#3084=AXIS2_PLACEMENT_3D('',#4130,#3317,#3318);
#3085=AXIS2_PLACEMENT_3D('',#4132,#3320,#3321);
#3086=AXIS2_PLACEMENT_3D('',#4145,#3328,#3329);
#3087=AXIS2_PLACEMENT_3D('',#4151,#3333,#3334);
#3088=AXIS2_PLACEMENT_3D('',#4159,#3339,#3340);
#3089=AXIS2_PLACEMENT_3D('',#4186,#3355,#3356);
#3090=AXIS2_PLACEMENT_3D('',#4190,#3359,#3360);
#3091=AXIS2_PLACEMENT_3D('',#4199,#3365,#3366);
#3092=AXIS2_PLACEMENT_3D('',#4253,#3394,#3395);
#3093=AXIS2_PLACEMENT_3D('',#4259,#3399,#3400);
#3094=AXIS2_PLACEMENT_3D('',#4264,#3402,#3403);
#3095=AXIS2_PLACEMENT_3D('',#4316,#3431,#3432);
#3096=AXIS2_PLACEMENT_3D('',#4319,#3435,#3436);
#3097=AXIS2_PLACEMENT_3D('',#4321,#3438,#3439);
#3098=AXIS2_PLACEMENT_3D('',#4323,#3441,#3442);
#3099=AXIS2_PLACEMENT_3D('',#4326,#3445,#3446);
#3100=AXIS2_PLACEMENT_3D('',#4329,#3449,#3450);
#3101=AXIS2_PLACEMENT_3D('',#4331,#3452,#3453);
#3102=AXIS2_PLACEMENT_3D('',#4333,#3455,#3456);
#3103=AXIS2_PLACEMENT_3D('',#4337,#3459,#3460);
#3104=AXIS2_PLACEMENT_3D('',#4342,#3464,#3465);
#3105=AXIS2_PLACEMENT_3D('',#4353,#3472,#3473);
#3106=AXIS2_PLACEMENT_3D('',#4357,#3476,#3477);
#3107=AXIS2_PLACEMENT_3D('',#4358,#3478,#3479);
#3108=AXIS2_PLACEMENT_3D('',#4359,#3480,#3481);
#3109=AXIS2_PLACEMENT_3D('',#4361,#3483,#3484);
#3110=AXIS2_PLACEMENT_3D('',#4370,#3490,#3491);
#3111=AXIS2_PLACEMENT_3D('',#4384,#3499,#3500);
#3112=AXIS2_PLACEMENT_3D('',#4388,#3503,#3504);
#3113=AXIS2_PLACEMENT_3D('',#4395,#3509,#3510);
#3114=AXIS2_PLACEMENT_3D('',#4397,#3512,#3513);
#3115=AXIS2_PLACEMENT_3D('',#4400,#3516,#3517);
#3116=AXIS2_PLACEMENT_3D('',#4406,#3521,#3522);
#3117=AXIS2_PLACEMENT_3D('',#4409,#3525,#3526);
#3118=AXIS2_PLACEMENT_3D('',#4413,#3529,#3530);
#3119=AXIS2_PLACEMENT_3D('',#4419,#3534,#3535);
#3120=AXIS2_PLACEMENT_3D('',#4423,#3538,#3539);
#3121=AXIS2_PLACEMENT_3D('',#4425,#3541,#3542);
#3122=AXIS2_PLACEMENT_3D('',#4428,#3545,#3546);
#3123=AXIS2_PLACEMENT_3D('',#4430,#3548,#3549);
#3124=AXIS2_PLACEMENT_3D('',#4431,#3550,#3551);
#3125=AXIS2_PLACEMENT_3D('',#4440,#3557,#3558);
#3126=AXIS2_PLACEMENT_3D('',#4441,#3559,#3560);
#3127=AXIS2_PLACEMENT_3D('',#4450,#3566,#3567);
#3128=AXIS2_PLACEMENT_3D('',#4451,#3568,#3569);
#3129=AXIS2_PLACEMENT_3D('',#4460,#3575,#3576);
#3130=AXIS2_PLACEMENT_3D('',#4461,#3577,#3578);
#3131=AXIS2_PLACEMENT_3D('',#4473,#3585,#3586);
#3132=AXIS2_PLACEMENT_3D('',#4474,#3587,#3588);
#3133=AXIS2_PLACEMENT_3D('',#4477,#3591,#3592);
#3134=AXIS2_PLACEMENT_3D('',#4478,#3593,#3594);
#3135=AXIS2_PLACEMENT_3D('',#4480,#3595,#3596);
#3136=AXIS2_PLACEMENT_3D('',#4482,#3597,#3598);
#3137=AXIS2_PLACEMENT_3D('',#4483,#3599,#3600);
#3138=AXIS2_PLACEMENT_3D('',#4484,#3601,#3602);
#3139=AXIS2_PLACEMENT_3D('',#4485,#3603,#3604);
#3140=AXIS2_PLACEMENT_3D('',#4487,#3606,#3607);
#3141=AXIS2_PLACEMENT_3D('',#4489,#3608,#3609);
#3142=AXIS2_PLACEMENT_3D('',#4491,#3610,#3611);
#3143=AXIS2_PLACEMENT_3D('',#4492,#3612,#3613);
#3144=AXIS2_PLACEMENT_3D('',#4493,#3614,#3615);
#3145=AXIS2_PLACEMENT_3D('',#4494,#3616,#3617);
#3146=AXIS2_PLACEMENT_3D('',#4495,#3618,#3619);
#3147=AXIS2_PLACEMENT_3D('',#4497,#3620,#3621);
#3148=AXIS2_PLACEMENT_3D('',#4499,#3622,#3623);
#3149=AXIS2_PLACEMENT_3D('',#4500,#3624,#3625);
#3150=AXIS2_PLACEMENT_3D('',#4501,#3626,#3627);
#3151=AXIS2_PLACEMENT_3D('',#4502,#3628,#3629);
#3152=AXIS2_PLACEMENT_3D('',#4504,#3630,#3631);
#3153=AXIS2_PLACEMENT_3D('',#4506,#3632,#3633);
#3154=AXIS2_PLACEMENT_3D('',#4507,#3634,#3635);
#3155=AXIS2_PLACEMENT_3D('',#4508,#3636,#3637);
#3156=AXIS2_PLACEMENT_3D('',#4509,#3638,#3639);
#3157=AXIS2_PLACEMENT_3D('',#4514,#3643,#3644);
#3158=AXIS2_PLACEMENT_3D('',#4516,#3646,#3647);
#3159=AXIS2_PLACEMENT_3D('',#4518,#3649,#3650);
#3160=AXIS2_PLACEMENT_3D('',#4520,#3652,#3653);
#3161=AXIS2_PLACEMENT_3D('',#4524,#3656,#3657);
#3162=AXIS2_PLACEMENT_3D('',#4525,#3658,#3659);
#3163=AXIS2_PLACEMENT_3D('',#4527,#3661,#3662);
#3164=AXIS2_PLACEMENT_3D('',#4529,#3664,#3665);
#3165=AXIS2_PLACEMENT_3D('',#4531,#3667,#3668);
#3166=AXIS2_PLACEMENT_3D('',#4532,#3669,#3670);
#3167=AXIS2_PLACEMENT_3D('',#4534,#3672,#3673);
#3168=AXIS2_PLACEMENT_3D('',#4535,#3674,#3675);
#3169=AXIS2_PLACEMENT_3D('',#4536,#3676,#3677);
#3170=AXIS2_PLACEMENT_3D('',#4537,#3678,#3679);
#3171=AXIS2_PLACEMENT_3D('',#4581,#3680,#3681);
#3172=AXIS2_PLACEMENT_3D('',#4644,#3682,#3683);
#3173=AXIS2_PLACEMENT_3D('',#4664,#3684,#3685);
#3174=AXIS2_PLACEMENT_3D('',#4673,#3690,#3691);
#3175=AXIS2_PLACEMENT_3D('',#4687,#3699,#3700);
#3176=AXIS2_PLACEMENT_3D('',#4721,#3717,#3718);
#3177=AXIS2_PLACEMENT_3D('',#4723,#3719,#3720);
#3178=AXIS2_PLACEMENT_3D('',#4724,#3721,#3722);
#3179=AXIS2_PLACEMENT_3D('',#4730,#3726,#3727);
#3180=AXIS2_PLACEMENT_3D('',#4736,#3731,#3732);
#3181=AXIS2_PLACEMENT_3D('',#4742,#3736,#3737);
#3182=AXIS2_PLACEMENT_3D('',#4748,#3741,#3742);
#3183=AXIS2_PLACEMENT_3D('',#4780,#3759,#3760);
#3184=AXIS2_PLACEMENT_3D('',#4782,#3761,#3762);
#3185=AXIS2_PLACEMENT_3D('',#4799,#3771,#3772);
#3186=AXIS2_PLACEMENT_3D('',#4909,#3805,#3806);
#3187=AXIS2_PLACEMENT_3D('',#4910,#3807,#3808);
#3188=AXIS2_PLACEMENT_3D('',#4959,#3809,#3810);
#3189=AXIS2_PLACEMENT_3D('',#4960,#3811,#3812);
#3190=AXIS2_PLACEMENT_3D('',#4961,#3813,#3814);
#3191=AXIS2_PLACEMENT_3D('',#4963,#3816,#3817);
#3192=AXIS2_PLACEMENT_3D('',#4965,#3819,#3820);
#3193=AXIS2_PLACEMENT_3D('',#4967,#3822,#3823);
#3194=AXIS2_PLACEMENT_3D('',#4969,#3825,#3826);
#3195=AXIS2_PLACEMENT_3D('',#4972,#3829,#3830);
#3196=AXIS2_PLACEMENT_3D('',#4993,#3841,#3842);
#3197=AXIS2_PLACEMENT_3D('',#4996,#3845,#3846);
#3198=AXIS2_PLACEMENT_3D('',#4999,#3849,#3850);
#3199=AXIS2_PLACEMENT_3D('',#5001,#3852,#3853);
#3200=AXIS2_PLACEMENT_3D('',#5003,#3854,#3855);
#3201=AXIS2_PLACEMENT_3D('',#5007,#3857,#3858);
#3202=AXIS2_PLACEMENT_3D('',#5011,#3861,#3862);
#3203=AXIS2_PLACEMENT_3D('',#5012,#3863,#3864);
#3204=AXIS2_PLACEMENT_3D('',#5013,#3865,#3866);
#3205=AXIS2_PLACEMENT_3D('',#5019,#3871,#3872);
#3206=AXIS2_PLACEMENT_3D('',#5020,#3873,#3874);
#3207=AXIS2_PLACEMENT_3D('',#5022,#3876,#3877);
#3208=AXIS2_PLACEMENT_3D('',#5026,#3880,#3881);
#3209=AXIS2_PLACEMENT_3D('',#5032,#3885,#3886);
#3210=AXIS2_PLACEMENT_3D('',#5034,#3888,#3889);
#3211=AXIS2_PLACEMENT_3D('',#5037,#3892,#3893);
#3212=AXIS2_PLACEMENT_3D('',#5039,#3894,#3895);
#3213=AXIS2_PLACEMENT_3D('',#5043,#3898,#3899);
#3214=AXIS2_PLACEMENT_3D('',#5045,#3901,#3902);
#3215=AXIS2_PLACEMENT_3D('',#5048,#3905,#3906);
#3216=AXIS2_PLACEMENT_3D('',#5050,#3908,#3909);
#3217=AXIS2_PLACEMENT_3D('',#5051,#3910,#3911);
#3218=AXIS2_PLACEMENT_3D('',#5053,#3913,#3914);
#3219=AXIS2_PLACEMENT_3D('',#5055,#3916,#3917);
#3220=AXIS2_PLACEMENT_3D('',#5056,#3918,#3919);
#3221=AXIS2_PLACEMENT_3D('',#5059,#3922,#3923);
#3222=AXIS2_PLACEMENT_3D('',#5061,#3925,#3926);
#3223=AXIS2_PLACEMENT_3D('',#5064,#3929,#3930);
#3224=AXIS2_PLACEMENT_3D('',#5072,#3935,#3936);
#3225=AXIS2_PLACEMENT_3D('',#5074,#3938,#3939);
#3226=AXIS2_PLACEMENT_3D('',#5078,#3942,#3943);
#3227=AXIS2_PLACEMENT_3D('',#5079,#3944,#3945);
#3228=AXIS2_PLACEMENT_3D('',#5081,#3946,#3947);
#3229=AXIS2_PLACEMENT_3D('',#5082,#3948,#3949);
#3230=AXIS2_PLACEMENT_3D('',#5083,#3950,#3951);
#3231=AXIS2_PLACEMENT_3D('',#5084,#3952,#3953);
#3232=AXIS2_PLACEMENT_3D('',#5087,#3955,#3956);
#3233=AXIS2_PLACEMENT_3D('',#5088,#3957,#3958);
#3234=AXIS2_PLACEMENT_3D('',#5090,#3959,#3960);
#3235=AXIS2_PLACEMENT_3D('',#5091,#3961,#3962);
#3236=AXIS2_PLACEMENT_3D('',#5092,#3963,#3964);
#3237=AXIS2_PLACEMENT_3D('',#5093,#3965,#3966);
#3238=AXIS2_PLACEMENT_3D('',#5095,#3968,#3969);
#3239=AXIS2_PLACEMENT_3D('',#5101,#3973,#3974);
#3240=AXIS2_PLACEMENT_3D('',#5104,#3977,#3978);
#3241=AXIS2_PLACEMENT_3D('',#5105,#3979,#3980);
#3242=AXIS2_PLACEMENT_3D('',#5107,#3982,#3983);
#3243=AXIS2_PLACEMENT_3D('',#5108,#3984,#3985);
#3244=AXIS2_PLACEMENT_3D('',#5109,#3986,#3987);
#3245=AXIS2_PLACEMENT_3D('',#5113,#3990,#3991);
#3246=AXIS2_PLACEMENT_3D('',#5114,#3992,#3993);
#3247=AXIS2_PLACEMENT_3D('',#5115,#3994,#3995);
#3248=AXIS2_PLACEMENT_3D('',#5117,#3996,#3997);
#3249=AXIS2_PLACEMENT_3D('',#5119,#3999,#4000);
#3250=AXIS2_PLACEMENT_3D('',#5121,#4002,#4003);
#3251=AXIS2_PLACEMENT_3D('',#5125,#4006,#4007);
#3252=AXIS2_PLACEMENT_3D('',#5129,#4010,#4011);
#3253=AXIS2_PLACEMENT_3D('',#5130,#4012,#4013);
#3254=AXIS2_PLACEMENT_3D('',#5131,#4014,#4015);
#3255=AXIS2_PLACEMENT_3D('',#5132,#4016,#4017);
#3256=DIRECTION('axis',(0.,0.,1.));
#3257=DIRECTION('refdir',(1.,0.,0.));
#3258=DIRECTION('center_axis',(1.,0.,0.));
#3259=DIRECTION('ref_axis',(0.,0.,-1.));
#3260=DIRECTION('',(0.,0.,-1.));
#3261=DIRECTION('',(0.,1.,0.));
#3262=DIRECTION('',(0.,1.46417341745807E-15,1.));
#3263=DIRECTION('',(0.,-1.,0.));
#3264=DIRECTION('',(0.,0.,1.));
#3265=DIRECTION('',(0.,-1.,0.));
#3266=DIRECTION('center_axis',(1.,0.,0.));
#3267=DIRECTION('ref_axis',(2.22044604925031E-16,0.,-1.));
#3268=DIRECTION('center_axis',(-1.,0.,0.));
#3269=DIRECTION('ref_axis',(0.,0.,-1.));
#3270=DIRECTION('center_axis',(0.,-1.,0.));
#3271=DIRECTION('ref_axis',(0.,0.,-1.));
#3272=DIRECTION('center_axis',(1.,0.,2.22044604925031E-16));
#3273=DIRECTION('ref_axis',(1.58603289232165E-16,0.,-1.));
#3274=DIRECTION('center_axis',(-1.,0.,0.));
#3275=DIRECTION('ref_axis',(0.,0.,-1.));
#3276=DIRECTION('center_axis',(-1.,0.,-2.22044604925031E-16));
#3277=DIRECTION('ref_axis',(-2.22044604925031E-16,0.,1.));
#3278=DIRECTION('center_axis',(-1.,0.,-2.22044604925031E-16));
#3279=DIRECTION('ref_axis',(-2.22044604925031E-16,0.,1.));
#3280=DIRECTION('',(-1.,0.,-2.22044604925031E-16));
#3281=DIRECTION('center_axis',(1.,0.,2.22044604925031E-16));
#3282=DIRECTION('ref_axis',(2.22044604925031E-16,0.,-1.));
#3283=DIRECTION('center_axis',(1.,0.,2.22044604925031E-16));
#3284=DIRECTION('ref_axis',(2.22044604925031E-16,0.,-1.));
#3285=DIRECTION('',(-1.,0.,-2.22044604925031E-16));
#3286=DIRECTION('center_axis',(-1.,0.,0.));
#3287=DIRECTION('ref_axis',(2.22044604925031E-16,0.,-1.));
#3288=DIRECTION('center_axis',(1.,0.,2.22044604925031E-16));
#3289=DIRECTION('ref_axis',(2.22044604925031E-16,0.,-1.));
#3290=DIRECTION('center_axis',(-1.,0.,0.));
#3291=DIRECTION('ref_axis',(0.,-5.0532154980743E-16,1.));
#3292=DIRECTION('',(1.,0.,0.));
#3293=DIRECTION('center_axis',(1.,0.,0.));
#3294=DIRECTION('ref_axis',(0.,-1.,0.));
#3295=DIRECTION('',(-1.,0.,0.));
#3296=DIRECTION('center_axis',(-1.,0.,0.));
#3297=DIRECTION('ref_axis',(0.,-1.,0.));
#3298=DIRECTION('center_axis',(1.,0.,2.22044604925031E-16));
#3299=DIRECTION('ref_axis',(2.22044604925031E-16,0.,-1.));
#3300=DIRECTION('center_axis',(1.,0.,2.22044604925031E-16));
#3301=DIRECTION('ref_axis',(-2.22044604925031E-16,0.,1.));
#3302=DIRECTION('',(1.,0.,2.22044604925031E-16));
#3303=DIRECTION('center_axis',(1.,0.,2.22044604925031E-16));
#3304=DIRECTION('ref_axis',(2.22044604925031E-16,0.,-1.));
#3305=DIRECTION('center_axis',(1.,0.,0.));
#3306=DIRECTION('ref_axis',(2.22044604925031E-16,0.,-1.));
#3307=DIRECTION('',(1.,0.,2.22044604925031E-16));
#3308=DIRECTION('center_axis',(0.,-1.,0.));
#3309=DIRECTION('ref_axis',(0.,0.,1.));
#3310=DIRECTION('center_axis',(-1.,0.,-2.22044604925031E-16));
#3311=DIRECTION('ref_axis',(-1.58603289232165E-16,0.,1.));
#3312=DIRECTION('center_axis',(1.,0.,2.22044604925031E-16));
#3313=DIRECTION('ref_axis',(2.22044604925031E-16,0.,-1.));
#3314=DIRECTION('center_axis',(1.,0.,0.));
#3315=DIRECTION('ref_axis',(2.22044604925031E-16,0.,-1.));
#3316=DIRECTION('',(1.,0.,2.22044604925031E-16));
#3317=DIRECTION('center_axis',(-1.,0.,0.));
#3318=DIRECTION('ref_axis',(0.,-1.,0.));
#3319=DIRECTION('',(0.,-1.,0.));
#3320=DIRECTION('center_axis',(-1.,0.,0.));
#3321=DIRECTION('ref_axis',(0.,0.,1.));
#3322=DIRECTION('',(0.,-1.46417341745807E-15,-1.));
#3323=DIRECTION('',(0.,-1.,0.));
#3324=DIRECTION('',(0.,0.,1.));
#3325=DIRECTION('',(0.,1.,0.));
#3326=DIRECTION('',(0.,0.,-1.));
#3327=DIRECTION('',(0.,1.,0.));
#3328=DIRECTION('center_axis',(0.,0.,1.));
#3329=DIRECTION('ref_axis',(0.,1.,0.));
#3330=DIRECTION('',(-1.,0.,0.));
#3331=DIRECTION('',(0.,-1.,0.));
#3332=DIRECTION('',(1.,0.,0.));
#3333=DIRECTION('center_axis',(0.,1.,0.));
#3334=DIRECTION('ref_axis',(0.,0.,-1.));
#3335=DIRECTION('',(1.,0.,0.));
#3336=DIRECTION('',(0.,0.,-1.));
#3337=DIRECTION('',(-1.,0.,0.));
#3338=DIRECTION('',(0.,0.,-1.));
#3339=DIRECTION('center_axis',(-9.03402232787372E-16,-1.,1.46417341745807E-15));
#3340=DIRECTION('ref_axis',(0.,-1.46417341745807E-15,-1.));
#3341=DIRECTION('',(1.,-2.98447049630425E-16,-4.44089209850063E-15));
#3342=DIRECTION('',(4.44089209850063E-15,1.43254583822601E-15,1.));
#3343=DIRECTION('',(-1.,0.,0.));
#3344=DIRECTION('',(0.,-1.46417341745807E-15,-1.));
#3345=DIRECTION('',(1.,0.,0.));
#3346=DIRECTION('',(-1.,0.,0.));
#3347=DIRECTION('',(1.,-9.03402232787372E-16,3.84783727369436E-29));
#3348=DIRECTION('',(-4.24221601893452E-31,-1.46417341745807E-15,-1.));
#3349=DIRECTION('',(-1.,9.03402232787372E-16,-3.84783727369436E-29));
#3350=DIRECTION('',(3.7155635202424E-29,-1.46417341745807E-15,-1.));
#3351=DIRECTION('',(-1.,2.98447049630418E-16,0.));
#3352=DIRECTION('',(0.,-1.46417341745807E-15,-1.));
#3353=DIRECTION('',(1.,-9.03402232787372E-16,0.));
#3354=DIRECTION('',(0.,-1.43254583822601E-15,-1.));
#3355=DIRECTION('center_axis',(0.,0.,1.));
#3356=DIRECTION('ref_axis',(1.,0.,0.));
#3357=DIRECTION('',(1.,0.,-4.44089209850063E-15));
#3358=DIRECTION('',(0.,-1.,0.));
#3359=DIRECTION('center_axis',(0.,0.,1.));
#3360=DIRECTION('ref_axis',(1.,0.,0.));
#3361=DIRECTION('',(-5.4914257131997E-15,1.,0.));
#3362=DIRECTION('',(1.,-2.89734533379217E-16,0.));
#3363=DIRECTION('',(3.58136459556502E-16,-1.,0.));
#3364=DIRECTION('',(-1.,2.98447049630418E-16,0.));
#3365=DIRECTION('center_axis',(2.98447049630418E-16,1.,-1.43254583822601E-15));
#3366=DIRECTION('ref_axis',(0.,1.43254583822601E-15,1.));
#3367=DIRECTION('',(1.,7.2465091954446E-15,0.));
#3368=DIRECTION('',(0.,0.,1.));
#3369=DIRECTION('',(1.,0.,0.));
#3370=DIRECTION('',(0.,0.,1.));
#3371=DIRECTION('',(1.,-1.43814897691477E-14,0.));
#3372=DIRECTION('',(0.,0.,1.));
#3373=DIRECTION('',(1.,-9.03402232787372E-16,0.));
#3374=DIRECTION('',(3.96508223080422E-17,-3.32526153224479E-30,-1.));
#3375=DIRECTION('',(1.,-1.43814897691477E-14,0.));
#3376=DIRECTION('',(-1.11331176140062E-29,-1.43254583822601E-15,-1.));
#3377=DIRECTION('',(1.,-9.03402232787372E-16,0.));
#3378=DIRECTION('',(0.,1.65671393065563E-30,-1.));
#3379=DIRECTION('',(1.,-1.43814897691477E-14,0.));
#3380=DIRECTION('',(0.,0.,-1.));
#3381=DIRECTION('',(-1.,1.43814897691477E-14,0.));
#3382=DIRECTION('',(0.,1.65671393065563E-30,-1.));
#3383=DIRECTION('',(1.,-2.98447049630418E-16,0.));
#3384=DIRECTION('',(-1.11331176140062E-29,-1.43254583822601E-15,-1.));
#3385=DIRECTION('',(-1.,1.43814897691477E-14,0.));
#3386=DIRECTION('',(0.,0.,1.));
#3387=DIRECTION('',(-7.86671905137152E-30,1.43254583822601E-15,1.));
#3388=DIRECTION('',(-2.17668975071033E-30,-1.46417341745807E-15,-1.));
#3389=DIRECTION('',(-1.,2.98447049630418E-16,0.));
#3390=DIRECTION('',(-2.17668975071033E-30,-1.46417341745807E-15,-1.));
#3391=DIRECTION('',(-1.,2.98447049630418E-16,0.));
#3392=DIRECTION('',(-5.13046894654664E-31,1.43254583822601E-15,1.));
#3393=DIRECTION('',(-1.,2.98447049630418E-16,0.));
#3394=DIRECTION('center_axis',(0.,0.,1.));
#3395=DIRECTION('ref_axis',(1.,0.,0.));
#3396=DIRECTION('',(-4.77515279408669E-16,-1.,0.));
#3397=DIRECTION('',(-3.58136459556502E-16,1.,0.));
#3398=DIRECTION('',(1.,-2.89734533379217E-16,0.));
#3399=DIRECTION('center_axis',(-2.89734533379217E-16,-1.,1.46417341745807E-15));
#3400=DIRECTION('ref_axis',(3.96508223080418E-17,-1.46417341745807E-15,
-1.));
#3401=DIRECTION('',(0.,-1.26882631385732E-15,-1.));
#3402=DIRECTION('center_axis',(2.89734533379217E-16,1.,-1.46417341745807E-15));
#3403=DIRECTION('ref_axis',(-0.707106781186548,-1.57009245868377E-15,-0.707106781186547));
#3404=DIRECTION('',(-1.,9.03402232787372E-16,0.));
#3405=DIRECTION('',(0.,-1.26882631385732E-15,-1.));
#3406=DIRECTION('',(1.,0.,0.));
#3407=DIRECTION('',(0.,-1.46417341745807E-15,-1.));
#3408=DIRECTION('',(-1.,-6.57233125363408E-13,0.));
#3409=DIRECTION('',(-2.17668975071033E-30,-1.46417341745807E-15,-1.));
#3410=DIRECTION('',(1.,-2.89734533379217E-16,0.));
#3411=DIRECTION('',(-2.17668975071033E-30,-1.46417341745807E-15,-1.));
#3412=DIRECTION('',(-1.,2.89734533379217E-16,-3.75798568043175E-29));
#3413=DIRECTION('',(-3.7155635202424E-29,1.46417341745807E-15,1.));
#3414=DIRECTION('',(1.,-2.89734533379217E-16,3.75798568043175E-29));
#3415=DIRECTION('',(4.24221601893463E-31,1.46417341745807E-15,1.));
#3416=DIRECTION('',(6.99165178540236E-31,1.46417341745807E-15,1.));
#3417=DIRECTION('',(2.17668975071033E-30,1.46417341745807E-15,1.));
#3418=DIRECTION('',(1.,-2.89734533379217E-16,0.));
#3419=DIRECTION('',(-4.36978236587648E-31,-1.46417341745807E-15,-1.));
#3420=DIRECTION('',(-1.,2.89734533379217E-16,0.));
#3421=DIRECTION('',(2.17668975071033E-30,1.46417341745807E-15,1.));
#3422=DIRECTION('',(-1.,2.89734533379217E-16,0.));
#3423=DIRECTION('',(-1.,1.9370357444344E-15,-6.59466494956618E-31));
#3424=DIRECTION('',(-2.84035853781971E-30,-1.46417341745807E-15,-1.));
#3425=DIRECTION('',(-1.,2.89734533379217E-16,0.));
#3426=DIRECTION('',(3.96508223080418E-17,-1.46417341745807E-15,-1.));
#3427=DIRECTION('',(1.,-2.89734533379217E-16,0.));
#3428=DIRECTION('',(0.,1.46417341745807E-15,1.));
#3429=DIRECTION('',(-1.,2.89734533379217E-16,0.));
#3430=DIRECTION('',(0.,1.46417341745807E-15,1.));
#3431=DIRECTION('center_axis',(-1.,0.,0.));
#3432=DIRECTION('ref_axis',(0.,0.,1.));
#3433=DIRECTION('',(0.,1.,0.));
#3434=DIRECTION('',(0.,-1.,0.));
#3435=DIRECTION('center_axis',(0.,0.,1.));
#3436=DIRECTION('ref_axis',(-1.,9.03402232787372E-16,0.));
#3437=DIRECTION('',(0.,-1.,0.));
#3438=DIRECTION('center_axis',(-1.,0.,0.));
#3439=DIRECTION('ref_axis',(0.,0.,1.));
#3440=DIRECTION('',(0.,1.,0.));
#3441=DIRECTION('center_axis',(-1.,-2.53765262771465E-14,0.));
#3442=DIRECTION('ref_axis',(0.,0.,1.));
#3443=DIRECTION('',(-2.44808638820857E-14,1.,-1.46417341745807E-15));
#3444=DIRECTION('',(2.44808638820857E-14,-1.,1.46417341745807E-15));
#3445=DIRECTION('center_axis',(-1.,-2.53765262771464E-14,0.));
#3446=DIRECTION('ref_axis',(0.,0.,1.));
#3447=DIRECTION('',(-2.53765262771464E-14,1.,-1.46417341745807E-15));
#3448=DIRECTION('',(2.53765262771464E-14,-1.,1.46417341745807E-15));
#3449=DIRECTION('center_axis',(0.,0.,1.));
#3450=DIRECTION('ref_axis',(-1.,0.,0.));
#3451=DIRECTION('',(0.,-1.,0.));
#3452=DIRECTION('center_axis',(-1.,0.,0.));
#3453=DIRECTION('ref_axis',(0.,0.,1.));
#3454=DIRECTION('',(0.,1.,0.));
#3455=DIRECTION('center_axis',(-1.,0.,6.34413156928661E-15));
#3456=DIRECTION('ref_axis',(6.34413156928661E-15,0.,1.));
#3457=DIRECTION('',(-6.34413156928661E-15,0.,-1.));
#3458=DIRECTION('',(0.,1.,0.));
#3459=DIRECTION('center_axis',(0.,0.,1.));
#3460=DIRECTION('ref_axis',(-1.,9.03402232787372E-16,0.));
#3461=DIRECTION('',(1.,0.,0.));
#3462=DIRECTION('',(0.,-1.,0.));
#3463=DIRECTION('',(0.,-1.,0.));
#3464=DIRECTION('center_axis',(-1.,0.,0.));
#3465=DIRECTION('ref_axis',(0.,0.,1.));
#3466=DIRECTION('',(0.,-1.26882631385732E-15,-1.));
#3467=DIRECTION('',(0.,-1.,0.));
#3468=DIRECTION('',(0.,1.,0.));
#3469=DIRECTION('',(0.,-1.26882631385732E-15,-1.));
#3470=DIRECTION('',(0.,1.,-1.46417341745807E-15));
#3471=DIRECTION('',(0.,-1.,0.));
#3472=DIRECTION('center_axis',(0.,0.,-1.));
#3473=DIRECTION('ref_axis',(-6.57233125363408E-13,1.,0.));
#3474=DIRECTION('',(0.,-1.,0.));
#3475=DIRECTION('',(1.,0.,0.));
#3476=DIRECTION('center_axis',(-4.24221601893467E-31,-1.46417341745807E-15,
-1.));
#3477=DIRECTION('ref_axis',(-2.44808638820857E-14,1.,-1.46417341745807E-15));
#3478=DIRECTION('center_axis',(4.24221601893467E-31,1.46417341745807E-15,
1.));
#3479=DIRECTION('ref_axis',(2.44808638820857E-14,-1.,1.46417341745807E-15));
#3480=DIRECTION('center_axis',(0.,0.,1.));
#3481=DIRECTION('ref_axis',(-1.,9.03402232787372E-16,0.));
#3482=DIRECTION('',(1.,-9.03402232787372E-16,0.));
#3483=DIRECTION('center_axis',(1.,0.,0.));
#3484=DIRECTION('ref_axis',(0.,0.,-1.));
#3485=DIRECTION('',(0.,1.,-1.46417341745807E-15));
#3486=DIRECTION('',(0.,1.26882631385732E-15,1.));
#3487=DIRECTION('',(0.,-1.,0.));
#3488=DIRECTION('',(0.,1.,0.));
#3489=DIRECTION('',(0.,1.26882631385732E-15,1.));
#3490=DIRECTION('center_axis',(0.,1.,0.));
#3491=DIRECTION('ref_axis',(0.,0.,1.));
#3492=DIRECTION('',(-1.,4.45141349997428E-16,0.));
#3493=DIRECTION('',(0.,0.,1.));
#3494=DIRECTION('',(-1.,0.,0.));
#3495=DIRECTION('',(0.,0.,-1.));
#3496=DIRECTION('',(-1.,4.45141349997428E-16,0.));
#3497=DIRECTION('',(0.,0.,-1.));
#3498=DIRECTION('',(1.,0.,0.));
#3499=DIRECTION('center_axis',(2.17668975071033E-30,1.46417341745807E-15,
1.));
#3500=DIRECTION('ref_axis',(-3.84525676257436E-14,-1.,1.46417341745807E-15));
#3501=DIRECTION('',(0.,-1.,1.46417341745807E-15));
#3502=DIRECTION('',(1.,0.,0.));
#3503=DIRECTION('center_axis',(-1.,0.,0.));
#3504=DIRECTION('ref_axis',(0.,-1.46417341745807E-15,-1.));
#3505=DIRECTION('',(0.,1.,0.));
#3506=DIRECTION('',(0.,0.,1.));
#3507=DIRECTION('',(0.,0.,1.));
#3508=DIRECTION('',(0.,1.,0.));
#3509=DIRECTION('center_axis',(0.,1.,0.));
#3510=DIRECTION('ref_axis',(0.,0.,1.));
#3511=DIRECTION('',(1.,0.,0.));
#3512=DIRECTION('center_axis',(0.,0.,1.));
#3513=DIRECTION('ref_axis',(1.,0.,0.));
#3514=DIRECTION('',(0.,1.,0.));
#3515=DIRECTION('',(2.64152414257697E-13,-1.,0.));
#3516=DIRECTION('center_axis',(0.,-1.,0.));
#3517=DIRECTION('ref_axis',(0.,0.,-1.));
#3518=DIRECTION('',(-1.,0.,0.));
#3519=DIRECTION('',(0.,0.,-1.));
#3520=DIRECTION('',(-1.,4.45141349997428E-16,0.));
#3521=DIRECTION('center_axis',(0.,0.,-1.));
#3522=DIRECTION('ref_axis',(1.,-9.03402232787372E-16,0.));
#3523=DIRECTION('',(2.64152414257697E-13,-1.,0.));
#3524=DIRECTION('',(0.,-1.,0.));
#3525=DIRECTION('center_axis',(0.,0.,1.));
#3526=DIRECTION('ref_axis',(1.43814897691477E-14,1.,0.));
#3527=DIRECTION('',(0.,1.,0.));
#3528=DIRECTION('',(1.,-4.45141349997428E-16,0.));
#3529=DIRECTION('center_axis',(0.,0.,1.));
#3530=DIRECTION('ref_axis',(1.43814897691477E-14,1.,0.));
#3531=DIRECTION('',(-2.64152414257697E-13,1.,0.));
#3532=DIRECTION('',(-2.98447049630418E-16,-1.,0.));
#3533=DIRECTION('',(1.,-4.45141349997428E-16,0.));
#3534=DIRECTION('center_axis',(0.,0.,1.));
#3535=DIRECTION('ref_axis',(1.43814897691477E-14,1.,0.));
#3536=DIRECTION('',(0.,-1.,0.));
#3537=DIRECTION('',(1.,-4.45141349997428E-16,0.));
#3538=DIRECTION('center_axis',(0.,0.,-1.));
#3539=DIRECTION('ref_axis',(-1.43814897691477E-14,-1.,0.));
#3540=DIRECTION('',(0.,-1.,0.));
#3541=DIRECTION('center_axis',(0.,0.,-1.));
#3542=DIRECTION('ref_axis',(-1.43814897691477E-14,-1.,0.));
#3543=DIRECTION('',(2.64152414257697E-13,-1.,0.));
#3544=DIRECTION('',(2.98447049630418E-16,1.,0.));
#3545=DIRECTION('center_axis',(0.,0.,-1.));
#3546=DIRECTION('ref_axis',(-1.43814897691477E-14,-1.,0.));
#3547=DIRECTION('',(0.,1.,0.));
#3548=DIRECTION('center_axis',(1.,0.,0.));
#3549=DIRECTION('ref_axis',(0.,0.,1.));
#3550=DIRECTION('center_axis',(1.,0.,0.));
#3551=DIRECTION('ref_axis',(0.,0.,1.));
#3552=DIRECTION('',(0.,-1.,0.));
#3553=DIRECTION('',(0.,1.,0.));
#3554=DIRECTION('',(1.55431223447522E-14,0.,-1.));
#3555=DIRECTION('',(0.,1.,0.));
#3556=DIRECTION('',(0.,0.,-1.));
#3557=DIRECTION('center_axis',(1.,2.64152414257697E-13,0.));
#3558=DIRECTION('ref_axis',(2.64152414257697E-13,-1.,0.));
#3559=DIRECTION('center_axis',(1.,2.64152414257697E-13,0.));
#3560=DIRECTION('ref_axis',(2.64152414257697E-13,-1.,0.));
#3561=DIRECTION('',(0.,0.,-1.));
#3562=DIRECTION('',(-7.53066093736949E-15,-1.,0.));
#3563=DIRECTION('',(0.,0.,-1.));
#3564=DIRECTION('',(-2.98447049630418E-16,-1.,0.));
#3565=DIRECTION('',(-2.64152414257697E-13,1.,0.));
#3566=DIRECTION('center_axis',(1.,-2.98447049630418E-16,3.96508223080422E-17));
#3567=DIRECTION('ref_axis',(3.96508223080418E-17,-1.46417341745807E-15,
-1.));
#3568=DIRECTION('center_axis',(1.,-2.98447049630418E-16,3.96508223080422E-17));
#3569=DIRECTION('ref_axis',(3.96508223080418E-17,-1.46417341745807E-15,
-1.));
#3570=DIRECTION('',(-2.98447049630418E-16,-1.,0.));
#3571=DIRECTION('',(2.98447049630418E-16,1.,-2.89924937864745E-30));
#3572=DIRECTION('',(0.,0.,-1.));
#3573=DIRECTION('',(0.,1.,0.));
#3574=DIRECTION('',(0.,0.,1.));
#3575=DIRECTION('center_axis',(1.,0.,0.));
#3576=DIRECTION('ref_axis',(0.,0.,-1.));
#3577=DIRECTION('center_axis',(1.,0.,0.));
#3578=DIRECTION('ref_axis',(0.,0.,-1.));
#3579=DIRECTION('',(0.,0.,1.));
#3580=DIRECTION('',(0.,-1.,0.));
#3581=DIRECTION('',(0.,0.,-1.));
#3582=DIRECTION('',(0.,-1.,0.));
#3583=DIRECTION('',(0.,-1.43254583822601E-15,-1.));
#3584=DIRECTION('',(0.,1.,0.));
#3585=DIRECTION('center_axis',(0.,1.,0.));
#3586=DIRECTION('ref_axis',(0.,0.,1.));
#3587=DIRECTION('center_axis',(0.,-1.,0.));
#3588=DIRECTION('ref_axis',(-0.707106781186548,-1.57009245868377E-15,-0.707106781186547));
#3589=DIRECTION('',(-1.,7.72632169179722E-31,5.27691706438081E-16));
#3590=DIRECTION('',(1.,0.,0.));
#3591=DIRECTION('center_axis',(0.,1.,-1.46417341745807E-15));
#3592=DIRECTION('ref_axis',(-0.707106781186548,-1.57009245868377E-15,-0.707106781186547));
#3593=DIRECTION('center_axis',(0.,0.,1.));
#3594=DIRECTION('ref_axis',(1.,0.,0.));
#3595=DIRECTION('center_axis',(0.,0.,-1.));
#3596=DIRECTION('ref_axis',(1.,0.,0.));
#3597=DIRECTION('center_axis',(0.,-1.,0.));
#3598=DIRECTION('ref_axis',(-1.,0.,0.));
#3599=DIRECTION('center_axis',(0.,0.,-1.));
#3600=DIRECTION('ref_axis',(1.,0.,0.));
#3601=DIRECTION('center_axis',(0.,0.,1.));
#3602=DIRECTION('ref_axis',(1.,0.,0.));
#3603=DIRECTION('center_axis',(0.,0.,-1.));
#3604=DIRECTION('ref_axis',(-1.,0.,0.));
#3605=DIRECTION('',(1.,-2.98447049630418E-16,0.));
#3606=DIRECTION('center_axis',(0.,0.,-1.));
#3607=DIRECTION('ref_axis',(0.,1.,0.));
#3608=DIRECTION('center_axis',(0.,0.,1.));
#3609=DIRECTION('ref_axis',(0.,1.,0.));
#3610=DIRECTION('center_axis',(-1.,0.,0.));
#3611=DIRECTION('ref_axis',(0.,-1.,0.));
#3612=DIRECTION('center_axis',(0.,0.,1.));
#3613=DIRECTION('ref_axis',(0.,1.,0.));
#3614=DIRECTION('center_axis',(0.,0.,-1.));
#3615=DIRECTION('ref_axis',(0.,1.,0.));
#3616=DIRECTION('center_axis',(0.,0.,-1.));
#3617=DIRECTION('ref_axis',(-1.,0.,0.));
#3618=DIRECTION('center_axis',(0.,0.,-1.));
#3619=DIRECTION('ref_axis',(0.,1.,0.));
#3620=DIRECTION('center_axis',(0.,0.,1.));
#3621=DIRECTION('ref_axis',(0.,1.,0.));
#3622=DIRECTION('center_axis',(-1.,0.,0.));
#3623=DIRECTION('ref_axis',(0.,-1.,0.));
#3624=DIRECTION('center_axis',(0.,0.,1.));
#3625=DIRECTION('ref_axis',(0.,1.,0.));
#3626=DIRECTION('center_axis',(0.,0.,-1.));
#3627=DIRECTION('ref_axis',(0.,1.,0.));
#3628=DIRECTION('center_axis',(0.,0.,1.));
#3629=DIRECTION('ref_axis',(0.,-1.,0.));
#3630=DIRECTION('center_axis',(0.,0.,-1.));
#3631=DIRECTION('ref_axis',(1.,0.,0.));
#3632=DIRECTION('center_axis',(-1.,0.,0.));
#3633=DIRECTION('ref_axis',(0.,1.,0.));
#3634=DIRECTION('center_axis',(0.,0.,-1.));
#3635=DIRECTION('ref_axis',(1.,0.,0.));
#3636=DIRECTION('center_axis',(0.,0.,1.));
#3637=DIRECTION('ref_axis',(1.,0.,0.));
#3638=DIRECTION('center_axis',(0.,0.,-1.));
#3639=DIRECTION('ref_axis',(-1.,0.,0.));
#3640=DIRECTION('',(-1.93990582259772E-15,-1.,1.43254583822601E-15));
#3641=DIRECTION('',(-1.,0.,0.));
#3642=DIRECTION('',(1.,-2.98447049630418E-16,0.));
#3643=DIRECTION('center_axis',(0.,0.,-1.));
#3644=DIRECTION('ref_axis',(-1.,0.,0.));
#3645=DIRECTION('',(-1.,2.98447049630418E-16,0.));
#3646=DIRECTION('center_axis',(-1.,-3.58136459556502E-16,2.70106363461551E-30));
#3647=DIRECTION('ref_axis',(2.17668975071033E-30,1.46417341745807E-15,1.));
#3648=DIRECTION('',(3.58136459556502E-16,-1.,0.));
#3649=DIRECTION('center_axis',(1.,3.58136459556502E-16,-2.70106363461551E-30));
#3650=DIRECTION('ref_axis',(-2.17668975071033E-30,-1.46417341745807E-15,
-1.));
#3651=DIRECTION('',(-3.58136459556502E-16,1.,0.));
#3652=DIRECTION('center_axis',(0.,0.,-1.));
#3653=DIRECTION('ref_axis',(-1.,0.,0.));
#3654=DIRECTION('',(1.,0.,0.));
#3655=DIRECTION('',(1.93990582259772E-15,1.,0.));
#3656=DIRECTION('center_axis',(2.98447049630418E-16,1.,-1.43254583822601E-15));
#3657=DIRECTION('ref_axis',(0.,1.43254583822601E-15,1.));
#3658=DIRECTION('center_axis',(0.,0.,1.));
#3659=DIRECTION('ref_axis',(1.,-9.03402232787372E-16,0.));
#3660=DIRECTION('',(-1.,2.98447049630395E-16,-1.65037222995256E-14));
#3661=DIRECTION('center_axis',(0.,-1.,0.));
#3662=DIRECTION('ref_axis',(-1.,0.,0.));
#3663=DIRECTION('',(0.,0.,-1.));
#3664=DIRECTION('center_axis',(0.,0.,1.));
#3665=DIRECTION('ref_axis',(-1.,9.03402232787372E-16,0.));
#3666=DIRECTION('',(-5.4914257131997E-15,1.,0.));
#3667=DIRECTION('center_axis',(2.98447049630418E-16,1.,-1.43254583822601E-15));
#3668=DIRECTION('ref_axis',(0.,1.43254583822601E-15,1.));
#3669=DIRECTION('center_axis',(0.,0.,1.));
#3670=DIRECTION('ref_axis',(-1.,9.03402232787372E-16,0.));
#3671=DIRECTION('',(-4.77515279408669E-16,-1.,0.));
#3672=DIRECTION('center_axis',(1.,-1.93990582259772E-15,6.6366878710938E-31));
#3673=DIRECTION('ref_axis',(-2.17668975071033E-30,-1.46417341745807E-15,
-1.));
#3674=DIRECTION('center_axis',(1.,5.4914257131997E-15,-1.02170893039231E-29));
#3675=DIRECTION('ref_axis',(-2.17668975071033E-30,-1.46417341745807E-15,
-1.));
#3676=DIRECTION('center_axis',(-1.,4.77515279408669E-16,1.47752457217009E-30));
#3677=DIRECTION('ref_axis',(2.17668975071033E-30,1.46417341745807E-15,1.));
#3678=DIRECTION('center_axis',(1.25448929336176E-15,0.,-1.));
#3679=DIRECTION('ref_axis',(1.,-9.0340223278737E-16,1.25448929336176E-15));
#3680=DIRECTION('center_axis',(4.24221601893467E-31,1.46417341745807E-15,
1.));
#3681=DIRECTION('ref_axis',(0.,1.,0.));
#3682=DIRECTION('center_axis',(4.24221601893467E-31,1.46417341745807E-15,
1.));
#3683=DIRECTION('ref_axis',(0.,1.,0.));
#3684=DIRECTION('center_axis',(0.,0.,1.));
#3685=DIRECTION('ref_axis',(1.,0.,0.));
#3686=DIRECTION('',(5.55111512312578E-16,1.,0.));
#3687=DIRECTION('',(-1.,0.,0.));
#3688=DIRECTION('',(-9.3238381069793E-13,1.,-1.46417341745754E-15));
#3689=DIRECTION('',(1.,0.,0.));
#3690=DIRECTION('center_axis',(0.,1.,0.));
#3691=DIRECTION('ref_axis',(0.,0.,1.));
#3692=DIRECTION('',(1.01867368959325E-30,0.,-1.));
#3693=DIRECTION('',(-9.26259719859525E-31,-1.46417341745807E-15,-1.));
#3694=DIRECTION('',(1.,0.,0.));
#3695=DIRECTION('',(9.26259719859525E-31,1.46417341745807E-15,1.));
#3696=DIRECTION('',(1.,0.,0.));
#3697=DIRECTION('',(-1.84889274661175E-30,0.,1.));
#3698=DIRECTION('',(1.,0.,0.));
#3699=DIRECTION('center_axis',(0.,1.,0.));
#3700=DIRECTION('ref_axis',(0.,0.,1.));
#3701=DIRECTION('',(-1.01867368959325E-30,0.,1.));
#3702=DIRECTION('',(1.,0.,-3.0727593417919E-31));
#3703=DIRECTION('',(4.44089209850063E-14,0.,1.));
#3704=DIRECTION('',(1.,0.,-4.44089209850063E-14));
#3705=DIRECTION('',(-8.96090341385037E-14,0.,1.));
#3706=DIRECTION('',(1.,0.,0.));
#3707=DIRECTION('',(1.84889274661175E-30,0.,-1.));
#3708=DIRECTION('',(1.,0.,0.));
#3709=DIRECTION('',(0.,0.,-1.));
#3710=DIRECTION('',(1.,0.,0.));
#3711=DIRECTION('',(8.96090341385037E-14,0.,-1.));
#3712=DIRECTION('',(-1.,0.,4.66293670342565E-14));
#3713=DIRECTION('',(0.,0.,-1.));
#3714=DIRECTION('',(1.,0.,0.));
#3715=DIRECTION('',(0.,0.,-1.));
#3716=DIRECTION('',(1.,0.,0.));
#3717=DIRECTION('center_axis',(0.,1.,0.));
#3718=DIRECTION('ref_axis',(1.,-6.3261612922026E-16,6.32616129220261E-16));
#3719=DIRECTION('center_axis',(0.,-1.,0.));
#3720=DIRECTION('ref_axis',(1.,-6.3261612922026E-16,6.32616129220261E-16));
#3721=DIRECTION('center_axis',(0.,0.,1.));
#3722=DIRECTION('ref_axis',(1.,0.,0.));
#3723=DIRECTION('',(1.11022302462516E-15,1.,0.));
#3724=DIRECTION('',(-1.,6.32616129220262E-16,5.69345140833412E-16));
#3725=DIRECTION('',(6.88987054293392E-13,1.,0.));
#3726=DIRECTION('center_axis',(0.,0.,1.));
#3727=DIRECTION('ref_axis',(1.,0.,0.));
#3728=DIRECTION('',(-1.11022302462516E-15,-1.,0.));
#3729=DIRECTION('',(9.3238381069793E-13,-1.,1.46417341745754E-15));
#3730=DIRECTION('',(-1.,6.32616129220262E-16,5.69345140833412E-16));
#3731=DIRECTION('center_axis',(0.,0.,-1.));
#3732=DIRECTION('ref_axis',(-1.,0.,0.));
#3733=DIRECTION('',(5.63488949594297E-15,-1.,0.));
#3734=DIRECTION('',(0.,1.,0.));
#3735=DIRECTION('',(1.,0.,0.));
#3736=DIRECTION('center_axis',(0.,1.83507937954571E-15,1.));
#3737=DIRECTION('ref_axis',(1.,0.,0.));
#3738=DIRECTION('',(0.,-1.,0.));
#3739=DIRECTION('',(-5.55111512312578E-16,-1.,2.22044604925031E-15));
#3740=DIRECTION('',(-1.,6.32616129220261E-16,-1.16090081390013E-30));
#3741=DIRECTION('center_axis',(6.32616129220261E-16,1.,-1.46417341745807E-15));
#3742=DIRECTION('ref_axis',(0.,1.46417341745807E-15,1.));
#3743=DIRECTION('',(-1.,0.,0.));
#3744=DIRECTION('',(4.736951571734E-14,0.,1.));
#3745=DIRECTION('',(1.,-6.32616129220329E-16,-4.66293670342565E-14));
#3746=DIRECTION('',(0.,1.46417341745807E-15,1.));
#3747=DIRECTION('',(1.,0.,0.));
#3748=DIRECTION('',(0.,0.,-1.));
#3749=DIRECTION('',(-4.24221601893467E-31,-1.46417341745807E-15,-1.));
#3750=DIRECTION('',(1.,-6.32616129220261E-16,5.02038117966058E-31));
#3751=DIRECTION('',(4.24221601893467E-31,1.46417341745807E-15,1.));
#3752=DIRECTION('',(1.,0.,0.));
#3753=DIRECTION('',(-4.24221601893462E-31,-1.46417341745807E-15,-1.));
#3754=DIRECTION('',(1.,-6.32616129220261E-16,5.02038117966058E-31));
#3755=DIRECTION('',(4.24221601893462E-31,1.46417341745807E-15,1.));
#3756=DIRECTION('',(8.96090341385037E-14,0.,-1.));
#3757=DIRECTION('',(-1.,6.32616129220326E-16,4.44089209850063E-14));
#3758=DIRECTION('',(-4.44089209850063E-14,-1.46417341745804E-15,-1.));
#3759=DIRECTION('center_axis',(0.,1.,0.));
#3760=DIRECTION('ref_axis',(1.,-6.10622663543835E-16,6.32616129220261E-16));
#3761=DIRECTION('center_axis',(-6.32616129220261E-16,-1.,1.46417341745807E-15));
#3762=DIRECTION('ref_axis',(1.,-6.3261612922026E-16,6.32616129220261E-16));
#3763=DIRECTION('',(-1.,6.32616129220261E-16,-5.13992141030167E-17));
#3764=DIRECTION('',(-4.24221601893468E-31,-1.46417341745807E-15,-1.));
#3765=DIRECTION('',(1.,-6.32616129220261E-16,5.02038117966059E-31));
#3766=DIRECTION('',(4.24221601893468E-31,1.46417341745807E-15,1.));
#3767=DIRECTION('',(-1.,6.32616129220261E-16,0.));
#3768=DIRECTION('',(-4.24221601893463E-31,-1.46417341745807E-15,-1.));
#3769=DIRECTION('',(1.,-6.32616129220261E-16,5.02038117966059E-31));
#3770=DIRECTION('',(4.24221601893463E-31,1.46417341745807E-15,1.));
#3771=DIRECTION('center_axis',(6.32616129220261E-16,1.,-1.46417341745807E-15));
#3772=DIRECTION('ref_axis',(0.,1.46417341745807E-15,1.));
#3773=DIRECTION('',(4.24221601893467E-31,1.46417341745807E-15,1.));
#3774=DIRECTION('',(-1.,0.,0.));
#3775=DIRECTION('',(0.,0.,1.));
#3776=DIRECTION('',(1.,-4.45141349997428E-16,0.));
#3777=DIRECTION('',(0.,-1.46417341745807E-15,-1.));
#3778=DIRECTION('',(-1.,0.,0.));
#3779=DIRECTION('',(0.,0.,1.));
#3780=DIRECTION('',(1.,-6.32616129220261E-16,0.));
#3781=DIRECTION('',(9.26259719859452E-31,1.46417341745807E-15,1.));
#3782=DIRECTION('',(-1.,4.45141349997428E-16,0.));
#3783=DIRECTION('',(-9.26259719859452E-31,-1.46417341745807E-15,-1.));
#3784=DIRECTION('',(1.,-6.32616129220261E-16,5.13992141030167E-17));
#3785=DIRECTION('',(-4.24221601893468E-31,-1.46417341745807E-15,-1.));
#3786=DIRECTION('',(1.,-6.32616129220259E-16,1.2075246929354E-15));
#3787=DIRECTION('',(-9.26259719859452E-31,-1.46417341745807E-15,-1.));
#3788=DIRECTION('',(1.,-6.32616129220805E-16,-3.7181188427915E-13));
#3789=DIRECTION('',(-1.,0.,0.));
#3790=DIRECTION('',(9.26259719859525E-31,1.46417341745807E-15,1.));
#3791=DIRECTION('',(1.,-6.32616129220261E-16,0.));
#3792=DIRECTION('',(0.,0.,-1.));
#3793=DIRECTION('',(-1.,4.45141349997428E-16,0.));
#3794=DIRECTION('',(0.,0.,-1.));
#3795=DIRECTION('',(1.,0.,0.));
#3796=DIRECTION('',(0.,0.,-1.));
#3797=DIRECTION('',(-4.24221601893462E-31,-1.46417341745807E-15,-1.));
#3798=DIRECTION('',(-1.,6.32616129220261E-16,-5.02038117966058E-31));
#3799=DIRECTION('',(4.24221601893462E-31,1.46417341745807E-15,1.));
#3800=DIRECTION('',(-9.26259719859452E-31,-1.46417341745807E-15,-1.));
#3801=DIRECTION('',(1.,-4.45141349997428E-16,0.));
#3802=DIRECTION('',(0.,0.,1.));
#3803=DIRECTION('',(-4.24221601893467E-31,-1.46417341745807E-15,-1.));
#3804=DIRECTION('',(-1.,6.32616129220261E-16,-5.02038117966058E-31));
#3805=DIRECTION('center_axis',(4.24221601893467E-31,1.46417341745807E-15,
1.));
#3806=DIRECTION('ref_axis',(0.,1.,0.));
#3807=DIRECTION('center_axis',(0.,0.,-1.));
#3808=DIRECTION('ref_axis',(0.,1.,0.));
#3809=DIRECTION('center_axis',(4.24221601893467E-31,1.46417341745807E-15,
1.));
#3810=DIRECTION('ref_axis',(0.,1.,0.));
#3811=DIRECTION('center_axis',(0.,0.,-1.));
#3812=DIRECTION('ref_axis',(0.,1.,0.));
#3813=DIRECTION('center_axis',(6.10622663543836E-16,1.,-1.33226762955019E-15));
#3814=DIRECTION('ref_axis',(1.,-6.10622663543835E-16,6.32616129220261E-16));
#3815=DIRECTION('',(6.10622663543836E-16,1.,-1.33226762955019E-15));
#3816=DIRECTION('center_axis',(-6.32616129220261E-16,-1.,1.4432899320127E-15));
#3817=DIRECTION('ref_axis',(1.,-6.3261612922026E-16,6.32616129220261E-16));
#3818=DIRECTION('',(-6.32616129220261E-16,-1.,1.4432899320127E-15));
#3819=DIRECTION('center_axis',(-1.,0.,4.44089209850063E-14));
#3820=DIRECTION('ref_axis',(4.44089209850063E-14,0.,1.));
#3821=DIRECTION('',(-6.94118427289686E-29,1.,-1.46417341745807E-15));
#3822=DIRECTION('center_axis',(-1.,0.,-8.88178419700124E-14));
#3823=DIRECTION('ref_axis',(-8.88178419700124E-14,0.,1.));
#3824=DIRECTION('',(0.,-1.,0.));
#3825=DIRECTION('center_axis',(0.,0.,-1.));
#3826=DIRECTION('ref_axis',(-1.,0.,0.));
#3827=DIRECTION('',(-1.32010392978307E-15,-1.,0.));
#3828=DIRECTION('',(-5.63488949594297E-15,1.,0.));
#3829=DIRECTION('center_axis',(0.,1.,0.));
#3830=DIRECTION('ref_axis',(0.,0.,1.));
#3831=DIRECTION('',(9.26259719859525E-31,1.46417341745807E-15,1.));
#3832=DIRECTION('',(1.,0.,0.));
#3833=DIRECTION('',(0.,0.,-1.));
#3834=DIRECTION('',(-1.,0.,0.));
#3835=DIRECTION('',(0.,0.,1.));
#3836=DIRECTION('',(-1.,-1.20005332249287E-15,2.68334589418582E-30));
#3837=DIRECTION('',(-9.26259719859525E-31,-1.46417341745807E-15,-1.));
#3838=DIRECTION('',(1.,0.,0.));
#3839=DIRECTION('',(0.,0.,-1.));
#3840=DIRECTION('',(-1.,0.,0.));
#3841=DIRECTION('center_axis',(-1.,-1.20005332249287E-15,2.68334589418582E-30));
#3842=DIRECTION('ref_axis',(1.20005332249287E-15,-1.,1.46417341745807E-15));
#3843=DIRECTION('',(0.,-1.,0.));
#3844=DIRECTION('',(1.20005332249287E-15,-1.,0.));
#3845=DIRECTION('center_axis',(-9.26259719859525E-31,-1.46417341745807E-15,
-1.));
#3846=DIRECTION('ref_axis',(1.20005332249287E-15,-1.,1.46417341745807E-15));
#3847=DIRECTION('',(-6.88987054293392E-13,-1.,1.46417341745807E-15));
#3848=DIRECTION('',(-1.20005332249287E-15,1.,-1.46417341745807E-15));
#3849=DIRECTION('center_axis',(1.,1.20005332249287E-15,-2.68334589418582E-30));
#3850=DIRECTION('ref_axis',(-1.20005332249287E-15,1.,-1.46417341745807E-15));
#3851=DIRECTION('',(-1.20005332249287E-15,1.,0.));
#3852=DIRECTION('center_axis',(0.,0.,-1.));
#3853=DIRECTION('ref_axis',(-1.,0.,0.));
#3854=DIRECTION('center_axis',(0.,0.,1.));
#3855=DIRECTION('ref_axis',(0.,1.,0.));
#3856=DIRECTION('',(1.,9.3238381069793E-13,-1.36609785021203E-27));
#3857=DIRECTION('center_axis',(0.,0.,1.));
#3858=DIRECTION('ref_axis',(0.,1.,0.));
#3859=DIRECTION('',(1.,9.3238381069793E-13,-1.36609785021203E-27));
#3860=DIRECTION('',(0.,1.,0.));
#3861=DIRECTION('center_axis',(0.,0.,-1.));
#3862=DIRECTION('ref_axis',(-2.35912769580502E-13,-1.,0.));
#3863=DIRECTION('center_axis',(0.,0.,-1.));
#3864=DIRECTION('ref_axis',(0.,1.,0.));
#3865=DIRECTION('center_axis',(1.,0.,0.));
#3866=DIRECTION('ref_axis',(0.,0.,-1.));
#3867=DIRECTION('',(0.,1.,0.));
#3868=DIRECTION('',(0.,0.,-1.));
#3869=DIRECTION('',(0.,-1.,0.));
#3870=DIRECTION('',(0.,1.,0.));
#3871=DIRECTION('center_axis',(0.,0.,1.));
#3872=DIRECTION('ref_axis',(1.,0.,0.));
#3873=DIRECTION('center_axis',(-8.96090341385037E-14,0.,1.));
#3874=DIRECTION('ref_axis',(0.,-1.,0.));
#3875=DIRECTION('',(0.,1.,0.));
#3876=DIRECTION('center_axis',(0.,0.,-1.));
#3877=DIRECTION('ref_axis',(-1.,4.45141349997428E-16,0.));
#3878=DIRECTION('',(-1.,0.,0.));
#3879=DIRECTION('',(0.,-1.,0.));
#3880=DIRECTION('center_axis',(0.,1.,0.));
#3881=DIRECTION('ref_axis',(0.,0.,1.));
#3882=DIRECTION('',(0.,0.,1.));
#3883=DIRECTION('',(1.,0.,0.));
#3884=DIRECTION('',(0.,0.,-1.));
#3885=DIRECTION('center_axis',(0.,0.,-1.));
#3886=DIRECTION('ref_axis',(0.,1.,0.));
#3887=DIRECTION('',(0.,1.,0.));
#3888=DIRECTION('center_axis',(1.,0.,0.));
#3889=DIRECTION('ref_axis',(0.,0.,-1.));
#3890=DIRECTION('',(0.,1.,0.));
#3891=DIRECTION('',(0.,-1.,0.));
#3892=DIRECTION('center_axis',(0.,0.,-1.));
#3893=DIRECTION('ref_axis',(0.,-1.,0.));
#3894=DIRECTION('center_axis',(0.,0.,-1.));
#3895=DIRECTION('ref_axis',(0.,1.,0.));
#3896=DIRECTION('',(-1.,0.,0.));
#3897=DIRECTION('',(0.,1.,0.));
#3898=DIRECTION('center_axis',(1.,-6.88987054293392E-13,0.));
#3899=DIRECTION('ref_axis',(-6.88987054293392E-13,-1.,0.));
#3900=DIRECTION('',(-6.88987054293392E-13,-1.,0.));
#3901=DIRECTION('center_axis',(1.,-1.32010392978307E-15,1.50863948037684E-30));
#3902=DIRECTION('ref_axis',(1.32010392978307E-15,1.,-1.46417341745807E-15));
#3903=DIRECTION('',(-1.32010392978307E-15,-1.,1.46417341745807E-15));
#3904=DIRECTION('',(-5.55111512312578E-16,-1.,0.));
#3905=DIRECTION('center_axis',(4.24221601893467E-31,1.46417341745807E-15,
1.));
#3906=DIRECTION('ref_axis',(-1.32010392978307E-15,-1.,1.46417341745807E-15));
#3907=DIRECTION('',(-1.32010392978307E-15,-1.,1.46417341745807E-15));
#3908=DIRECTION('center_axis',(-1.,1.32010392978307E-15,-1.50863948037684E-30));
#3909=DIRECTION('ref_axis',(-1.32010392978307E-15,-1.,1.46417341745807E-15));
#3910=DIRECTION('center_axis',(1.,5.63488949594297E-15,-8.67467701216686E-30));
#3911=DIRECTION('ref_axis',(-5.63488949594297E-15,1.,-1.46417341745807E-15));
#3912=DIRECTION('',(5.63488949594297E-15,-1.,1.46417341745807E-15));
#3913=DIRECTION('center_axis',(4.24221601893467E-31,1.46417341745807E-15,
1.));
#3914=DIRECTION('ref_axis',(5.63488949594297E-15,-1.,1.46417341745807E-15));
#3915=DIRECTION('',(5.63488949594297E-15,-1.,1.46417341745807E-15));
#3916=DIRECTION('center_axis',(-1.,-5.63488949594297E-15,8.67467701216686E-30));
#3917=DIRECTION('ref_axis',(5.63488949594297E-15,-1.,1.46417341745807E-15));
#3918=DIRECTION('center_axis',(-1.,3.84984684032395E-15,-5.2126218029938E-30));
#3919=DIRECTION('ref_axis',(-3.84984684032395E-15,-1.,1.46417341745807E-15));
#3920=DIRECTION('',(-3.84984684032395E-15,-1.,1.46417341745807E-15));
#3921=DIRECTION('',(-3.84984684032395E-15,-1.,1.46417341745807E-15));
#3922=DIRECTION('center_axis',(-4.24221601893467E-31,-1.46417341745807E-15,
-1.));
#3923=DIRECTION('ref_axis',(2.79286311845512E-15,1.,-1.46417341745807E-15));
#3924=DIRECTION('',(-2.79286311845512E-15,-1.,1.46417341745807E-15));
#3925=DIRECTION('center_axis',(-4.24221601893467E-31,-1.46417341745807E-15,
-1.));
#3926=DIRECTION('ref_axis',(-6.63951243714897E-15,1.,-1.46417341745807E-15));
#3927=DIRECTION('',(6.39203243514571E-15,-1.,1.46417341745807E-15));
#3928=DIRECTION('',(6.63951243714897E-15,-1.,1.46417341745807E-15));
#3929=DIRECTION('center_axis',(6.32616129220261E-16,1.,-1.46417341745807E-15));
#3930=DIRECTION('ref_axis',(0.,1.46417341745807E-15,1.));
#3931=DIRECTION('',(9.26259719859452E-31,1.46417341745807E-15,1.));
#3932=DIRECTION('',(1.,-6.32616129220254E-16,4.68588928527823E-15));
#3933=DIRECTION('',(0.,-3.51172496204785E-30,1.));
#3934=DIRECTION('',(1.,-6.32616129220278E-16,-1.15112118139193E-14));
#3935=DIRECTION('center_axis',(1.,9.3238381069793E-13,-1.36609785021203E-27));
#3936=DIRECTION('ref_axis',(-9.3238381069793E-13,1.,-1.46417341745807E-15));
#3937=DIRECTION('',(9.3238381069793E-13,-1.,0.));
#3938=DIRECTION('center_axis',(4.24221601893467E-31,1.46417341745807E-15,
1.));
#3939=DIRECTION('ref_axis',(6.63951243714897E-15,-1.,1.46417341745807E-15));
#3940=DIRECTION('',(6.63951243714897E-15,-1.,1.46417341745807E-15));
#3941=DIRECTION('',(6.39203243514571E-15,-1.,1.46417341745807E-15));
#3942=DIRECTION('center_axis',(0.,0.,-1.));
#3943=DIRECTION('ref_axis',(1.,0.,0.));
#3944=DIRECTION('center_axis',(0.,0.,1.));
#3945=DIRECTION('ref_axis',(1.,0.,0.));
#3946=DIRECTION('center_axis',(0.,0.,-1.));
#3947=DIRECTION('ref_axis',(1.,0.,0.));
#3948=DIRECTION('center_axis',(0.,0.,1.));
#3949=DIRECTION('ref_axis',(1.,0.,0.));
#3950=DIRECTION('center_axis',(0.,-1.,0.));
#3951=DIRECTION('ref_axis',(-1.,0.,0.));
#3952=DIRECTION('center_axis',(4.24221601893467E-31,1.46417341745807E-15,
1.));
#3953=DIRECTION('ref_axis',(-2.79286311845512E-15,-1.,1.46417341745807E-15));
#3954=DIRECTION('',(-2.79286311845512E-15,-1.,1.46417341745807E-15));
#3955=DIRECTION('center_axis',(0.,0.,-1.));
#3956=DIRECTION('ref_axis',(1.,0.,0.));
#3957=DIRECTION('center_axis',(0.,0.,1.));
#3958=DIRECTION('ref_axis',(1.,0.,0.));
#3959=DIRECTION('center_axis',(0.,0.,-1.));
#3960=DIRECTION('ref_axis',(1.,0.,0.));
#3961=DIRECTION('center_axis',(0.,0.,1.));
#3962=DIRECTION('ref_axis',(1.,0.,0.));
#3963=DIRECTION('center_axis',(0.,-1.,0.));
#3964=DIRECTION('ref_axis',(-1.,0.,0.));
#3965=DIRECTION('center_axis',(-1.,-9.3238381069793E-13,1.36609785021203E-27));
#3966=DIRECTION('ref_axis',(9.3238381069793E-13,-1.,1.46417341745807E-15));
#3967=DIRECTION('',(-9.3238381069793E-13,1.,0.));
#3968=DIRECTION('center_axis',(-1.,-9.3238381069793E-13,1.36609785021203E-27));
#3969=DIRECTION('ref_axis',(9.3238381069793E-13,-1.,1.46417341745807E-15));
#3970=DIRECTION('',(9.3238381069793E-13,-1.,0.));
#3971=DIRECTION('',(9.26259719859525E-31,1.46417341745807E-15,1.));
#3972=DIRECTION('',(-9.3238381069793E-13,1.,3.46671381526972E-25));
#3973=DIRECTION('center_axis',(-1.,0.,0.));
#3974=DIRECTION('ref_axis',(0.,-1.,0.));
#3975=DIRECTION('',(0.,1.,0.));
#3976=DIRECTION('',(0.,-1.,0.));
#3977=DIRECTION('center_axis',(-1.,0.,0.));
#3978=DIRECTION('ref_axis',(0.,-1.,0.));
#3979=DIRECTION('center_axis',(1.,-6.88987054293392E-13,0.));
#3980=DIRECTION('ref_axis',(-6.88987054293392E-13,-1.,0.));
#3981=DIRECTION('',(6.88987054293392E-13,1.,0.));
#3982=DIRECTION('center_axis',(0.,0.,1.));
#3983=DIRECTION('ref_axis',(1.,-4.45141349997428E-16,0.));
#3984=DIRECTION('center_axis',(0.,0.,-1.));
#3985=DIRECTION('ref_axis',(-1.,4.45141349997428E-16,0.));
#3986=DIRECTION('center_axis',(0.,0.,-1.));
#3987=DIRECTION('ref_axis',(-1.,4.45141349997428E-16,0.));
#3988=DIRECTION('',(-9.3238381069793E-13,1.,0.));
#3989=DIRECTION('',(-1.,0.,0.));
#3990=DIRECTION('center_axis',(0.,0.,1.));
#3991=DIRECTION('ref_axis',(1.,-4.45141349997428E-16,0.));
#3992=DIRECTION('center_axis',(0.,0.,1.));
#3993=DIRECTION('ref_axis',(1.,-4.45141349997428E-16,0.));
#3994=DIRECTION('center_axis',(0.,0.,-1.));
#3995=DIRECTION('ref_axis',(0.,1.,0.));
#3996=DIRECTION('center_axis',(3.7181188427915E-13,0.,1.));
#3997=DIRECTION('ref_axis',(0.,1.,0.));
#3998=DIRECTION('',(0.,0.,1.));
#3999=DIRECTION('center_axis',(3.7181188427915E-13,0.,1.));
#4000=DIRECTION('ref_axis',(0.,-1.,0.));
#4001=DIRECTION('',(1.,0.,0.));
#4002=DIRECTION('center_axis',(1.,9.3238381069793E-13,-1.36609785021203E-27));
#4003=DIRECTION('ref_axis',(-9.3238381069793E-13,1.,-1.46417341745807E-15));
#4004=DIRECTION('',(-9.26259719859525E-31,-1.46417341745807E-15,-1.));
#4005=DIRECTION('',(0.,-1.,0.));
#4006=DIRECTION('center_axis',(0.,1.,0.));
#4007=DIRECTION('ref_axis',(0.,0.,1.));
#4008=DIRECTION('',(0.,0.,-1.));
#4009=DIRECTION('',(1.,0.,0.));
#4010=DIRECTION('center_axis',(0.,0.,-1.));
#4011=DIRECTION('ref_axis',(0.,1.,0.));
#4012=DIRECTION('center_axis',(1.15112118139193E-14,0.,1.));
#4013=DIRECTION('ref_axis',(0.,1.,0.));
#4014=DIRECTION('center_axis',(1.15112118139193E-14,0.,1.));
#4015=DIRECTION('ref_axis',(0.,-1.,0.));
#4016=DIRECTION('center_axis',(0.,0.,1.));
#4017=DIRECTION('ref_axis',(1.,0.,0.));
#4018=CARTESIAN_POINT('',(0.,0.,0.));
#4019=CARTESIAN_POINT('Origin',(-8.87681754919571,-10.7768175491957,34.3075714223916));
#4020=CARTESIAN_POINT('',(-8.87681754919571,0.223182450804309,35.1575714223916));
#4021=CARTESIAN_POINT('',(-8.87681754919571,0.22318245080431,20.9575714223915));
#4022=CARTESIAN_POINT('',(-8.87681754919571,0.22318245080431,31.2075714223915));
#4023=CARTESIAN_POINT('',(-8.87681754919571,-10.7768175491957,35.1575714223916));
#4024=CARTESIAN_POINT('',(-8.87681754919571,-10.7768175491957,35.1575714223916));
#4025=CARTESIAN_POINT('',(-8.87681754919571,-10.7768175491957,21.9075714223915));
#4026=CARTESIAN_POINT('',(-8.87681754919571,-10.7768175491957,25.5200714223916));
#4027=CARTESIAN_POINT('',(-8.87681754919571,-8.77681754919569,21.9075714223915));
#4028=CARTESIAN_POINT('',(-8.87681754919571,-10.7768175491957,21.9075714223915));
#4029=CARTESIAN_POINT('',(-8.87681754919571,-8.7768175491957,20.9575714223915));
#4030=CARTESIAN_POINT('',(-8.87681754919571,-8.77681754919569,25.5200714223916));
#4031=CARTESIAN_POINT('',(-8.87681754919571,-10.7768175491957,20.9575714223915));
#4032=CARTESIAN_POINT('',(-8.8768175491957,-4.71995659137702,23.8459747301016));
#4033=CARTESIAN_POINT('Origin',(-8.87681754919571,-4.71995659137702,23.0959747301016));
#4034=CARTESIAN_POINT('Ctrl Pts',(24.4231824508043,-4.71995659137702,21.3459747301017));
#4035=CARTESIAN_POINT('Ctrl Pts',(24.4231824508043,-6.46995659137702,21.3459747301017));
#4036=CARTESIAN_POINT('Ctrl Pts',(24.4231824508043,-6.46995659137702,23.0959747301017));
#4037=CARTESIAN_POINT('Ctrl Pts',(24.4231824508043,-6.46995659137702,24.8459747301017));
#4038=CARTESIAN_POINT('Ctrl Pts',(24.4231824508043,-4.71995659137702,24.8459747301017));
#4039=CARTESIAN_POINT('Ctrl Pts',(24.4231824508043,-2.96995659137702,24.8459747301017));
#4040=CARTESIAN_POINT('Ctrl Pts',(24.4231824508043,-2.96995659137702,23.0959747301017));
#4041=CARTESIAN_POINT('Ctrl Pts',(24.4231824508043,-2.96995659137702,21.3459747301017));
#4042=CARTESIAN_POINT('Ctrl Pts',(24.4231824508043,-4.71995659137702,21.3459747301017));
#4043=CARTESIAN_POINT('Ctrl Pts',(23.3625222790245,-4.71995659137702,21.3459747301017));
#4044=CARTESIAN_POINT('Ctrl Pts',(23.3625222790245,-6.46995659137702,21.3459747301017));
#4045=CARTESIAN_POINT('Ctrl Pts',(23.3625222790245,-6.46995659137702,23.0959747301017));
#4046=CARTESIAN_POINT('Ctrl Pts',(23.3625222790245,-6.46995659137702,24.8459747301017));
#4047=CARTESIAN_POINT('Ctrl Pts',(23.3625222790245,-4.71995659137702,24.8459747301017));
#4048=CARTESIAN_POINT('Ctrl Pts',(23.3625222790245,-2.96995659137702,24.8459747301017));
#4049=CARTESIAN_POINT('Ctrl Pts',(23.3625222790245,-2.96995659137702,23.0959747301017));
#4050=CARTESIAN_POINT('Ctrl Pts',(23.3625222790245,-2.96995659137702,21.3459747301017));
#4051=CARTESIAN_POINT('Ctrl Pts',(23.3625222790245,-4.71995659137702,21.3459747301017));
#4052=CARTESIAN_POINT('Ctrl Pts',(23.0089688884312,-4.71995659137702,22.3459747301017));
#4053=CARTESIAN_POINT('Ctrl Pts',(23.0089688884312,-5.46995659137702,22.3459747301017));
#4054=CARTESIAN_POINT('Ctrl Pts',(23.0089688884312,-5.46995659137702,23.0959747301017));
#4055=CARTESIAN_POINT('Ctrl Pts',(23.0089688884312,-5.46995659137702,23.8459747301017));
#4056=CARTESIAN_POINT('Ctrl Pts',(23.0089688884312,-4.71995659137702,23.8459747301017));
#4057=CARTESIAN_POINT('Ctrl Pts',(23.0089688884312,-3.96995659137702,23.8459747301017));
#4058=CARTESIAN_POINT('Ctrl Pts',(23.0089688884312,-3.96995659137702,23.0959747301017));
#4059=CARTESIAN_POINT('Ctrl Pts',(23.0089688884312,-3.96995659137702,22.3459747301017));
#4060=CARTESIAN_POINT('Ctrl Pts',(23.0089688884312,-4.71995659137702,22.3459747301017));
#4061=CARTESIAN_POINT('',(23.0089688884312,-4.71995659137702,23.8459747301017));
#4062=CARTESIAN_POINT('',(23.0089688884312,-4.71995659137702,22.3459747301017));
#4063=CARTESIAN_POINT('Origin',(23.0089688884312,-4.71995659137702,23.0959747301017));
#4064=CARTESIAN_POINT('',(24.4231824508043,-4.71995659137702,21.3459747301017));
#4065=CARTESIAN_POINT('Origin',(24.4231824508043,-4.71995659137702,22.8459747301017));
#4066=CARTESIAN_POINT('Origin',(24.4231824508043,-4.71995659137702,23.0959747301017));
#4067=CARTESIAN_POINT('Origin',(23.0089688884312,-4.71995659137702,23.0959747301017));
#4068=CARTESIAN_POINT('Origin',(23.1731824508043,-4.71995659137702,23.0959747301017));
#4069=CARTESIAN_POINT('',(24.9231824508043,-4.71995659137702,21.3459747301017));
#4070=CARTESIAN_POINT('Origin',(24.9231824508043,-4.71995659137702,23.0959747301017));
#4071=CARTESIAN_POINT('',(23.1731824508043,-4.71995659137702,21.3459747301017));
#4072=CARTESIAN_POINT('Origin',(22.1731824508043,-4.71995659137702,23.0959747301017));
#4073=CARTESIAN_POINT('',(24.9231824508043,-4.71995659137702,25.8459747301017));
#4074=CARTESIAN_POINT('Origin',(24.9231824508043,-4.71995659137702,23.0959747301017));
#4075=CARTESIAN_POINT('',(19.4231824508043,-4.71995659137702,25.8459747301017));
#4076=CARTESIAN_POINT('',(22.1731824508043,-4.71995659137702,25.8459747301017));
#4077=CARTESIAN_POINT('Origin',(19.4231824508043,-4.71995659137702,23.0959747301017));
#4078=CARTESIAN_POINT('Origin',(24.9231824508043,-4.71995659137702,23.0959747301017));
#4079=CARTESIAN_POINT('Origin',(-10.8768175491957,-4.71995659137702,23.0959747301016));
#4080=CARTESIAN_POINT('',(-24.7268175491957,-6.4490405377412,20.9575714223915));
#4081=CARTESIAN_POINT('',(-10.8768175491957,-6.4490405377412,20.9575714223915));
#4082=CARTESIAN_POINT('',(-10.8768175491957,-6.4490405377412,20.9575714223915));
#4083=CARTESIAN_POINT('',(-10.8768175491957,-2.99087264501284,20.9575714223915));
#4084=CARTESIAN_POINT('Origin',(-10.8768175491957,-4.71995659137702,23.0959747301016));
#4085=CARTESIAN_POINT('',(-24.7268175491957,-2.99087264501284,20.9575714223915));
#4086=CARTESIAN_POINT('',(-10.8768175491957,-2.99087264501284,20.9575714223915));
#4087=CARTESIAN_POINT('Origin',(-24.7268175491957,-4.71995659137702,23.0959747301016));
#4088=CARTESIAN_POINT('Origin',(27.2731824508043,-4.71995659137702,23.0959747301017));
#4089=CARTESIAN_POINT('',(-22.8126039868226,-4.71995659137702,23.8459747301016));
#4090=CARTESIAN_POINT('Origin',(-22.8126039868226,-4.71995659137702,23.0959747301016));
#4091=CARTESIAN_POINT('',(27.2731824508043,-4.71995659137702,23.8459747301017));
#4092=CARTESIAN_POINT('Origin',(27.2731824508043,-4.71995659137702,23.0959747301017));
#4093=CARTESIAN_POINT('',(16.4231824508043,-4.71995659137702,23.8459747301017));
#4094=CARTESIAN_POINT('Origin',(16.4231824508043,-4.71995659137702,23.0959747301016));
#4095=CARTESIAN_POINT('',(27.2731824508043,-4.71995659137702,23.8459747301017));
#4096=CARTESIAN_POINT('Ctrl Pts',(-24.2268175491957,-4.71995659137702,24.8459747301016));
#4097=CARTESIAN_POINT('Ctrl Pts',(-24.2268175491957,-6.46995659137702,24.8459747301016));
#4098=CARTESIAN_POINT('Ctrl Pts',(-24.2268175491957,-6.46995659137702,23.0959747301016));
#4099=CARTESIAN_POINT('Ctrl Pts',(-24.2268175491957,-6.46995659137702,21.3459747301016));
#4100=CARTESIAN_POINT('Ctrl Pts',(-24.2268175491957,-4.71995659137702,21.3459747301016));
#4101=CARTESIAN_POINT('Ctrl Pts',(-24.2268175491957,-2.96995659137702,21.3459747301016));
#4102=CARTESIAN_POINT('Ctrl Pts',(-24.2268175491957,-2.96995659137702,23.0959747301016));
#4103=CARTESIAN_POINT('Ctrl Pts',(-24.2268175491957,-2.96995659137702,24.8459747301016));
#4104=CARTESIAN_POINT('Ctrl Pts',(-24.2268175491957,-4.71995659137702,24.8459747301016));
#4105=CARTESIAN_POINT('Ctrl Pts',(-23.1661573774159,-4.71995659137702,24.8459747301016));
#4106=CARTESIAN_POINT('Ctrl Pts',(-23.1661573774159,-6.46995659137702,24.8459747301016));
#4107=CARTESIAN_POINT('Ctrl Pts',(-23.1661573774159,-6.46995659137702,23.0959747301016));
#4108=CARTESIAN_POINT('Ctrl Pts',(-23.1661573774159,-6.46995659137702,21.3459747301016));
#4109=CARTESIAN_POINT('Ctrl Pts',(-23.1661573774159,-4.71995659137702,21.3459747301016));
#4110=CARTESIAN_POINT('Ctrl Pts',(-23.1661573774159,-2.96995659137702,21.3459747301016));
#4111=CARTESIAN_POINT('Ctrl Pts',(-23.1661573774159,-2.96995659137702,23.0959747301016));
#4112=CARTESIAN_POINT('Ctrl Pts',(-23.1661573774159,-2.96995659137702,24.8459747301016));
#4113=CARTESIAN_POINT('Ctrl Pts',(-23.1661573774159,-4.71995659137702,24.8459747301016));
#4114=CARTESIAN_POINT('Ctrl Pts',(-22.8126039868226,-4.71995659137702,23.8459747301016));
#4115=CARTESIAN_POINT('Ctrl Pts',(-22.8126039868226,-5.46995659137702,23.8459747301016));
#4116=CARTESIAN_POINT('Ctrl Pts',(-22.8126039868226,-5.46995659137702,23.0959747301016));
#4117=CARTESIAN_POINT('Ctrl Pts',(-22.8126039868226,-5.46995659137702,22.3459747301016));
#4118=CARTESIAN_POINT('Ctrl Pts',(-22.8126039868226,-4.71995659137702,22.3459747301016));
#4119=CARTESIAN_POINT('Ctrl Pts',(-22.8126039868226,-3.96995659137702,22.3459747301016));
#4120=CARTESIAN_POINT('Ctrl Pts',(-22.8126039868226,-3.96995659137702,23.0959747301016));
#4121=CARTESIAN_POINT('Ctrl Pts',(-22.8126039868226,-3.96995659137702,23.8459747301016));
#4122=CARTESIAN_POINT('Ctrl Pts',(-22.8126039868226,-4.71995659137702,23.8459747301016));
#4123=CARTESIAN_POINT('',(-24.2268175491957,-4.71995659137702,24.8459747301016));
#4124=CARTESIAN_POINT('Origin',(-24.2268175491957,-4.71995659137702,23.3459747301016));
#4125=CARTESIAN_POINT('Origin',(-24.2268175491957,-4.71995659137702,23.0959747301016));
#4126=CARTESIAN_POINT('Origin',(-23.7268175491957,-4.71995659137702,23.0959747301016));
#4127=CARTESIAN_POINT('',(-24.7268175491957,-4.71995659137702,24.8459747301016));
#4128=CARTESIAN_POINT('Origin',(-24.7268175491957,-4.71995659137702,23.0959747301016));
#4129=CARTESIAN_POINT('',(-23.7268175491957,-4.71995659137702,24.8459747301016));
#4130=CARTESIAN_POINT('Origin',(-24.7268175491957,-4.71995659137702,23.0959747301016));
#4131=CARTESIAN_POINT('',(-24.7268175491957,-5.58449856455911,20.9575714223915));
#4132=CARTESIAN_POINT('Origin',(16.4231824508043,-4.27681754919569,27.1075714223916));
#4133=CARTESIAN_POINT('',(16.4231824508043,-10.7768175491957,35.1575714223916));
#4134=CARTESIAN_POINT('',(16.4231824508043,-10.7768175491957,21.9075714223915));
#4135=CARTESIAN_POINT('',(16.4231824508043,-10.7768175491957,21.9200714223916));
#4136=CARTESIAN_POINT('',(16.4231824508043,0.223182450804311,35.1575714223916));
#4137=CARTESIAN_POINT('',(16.4231824508043,-4.77681754919569,35.1575714223916));
#4138=CARTESIAN_POINT('',(16.4231824508043,0.223182450804309,17.9575714223916));
#4139=CARTESIAN_POINT('',(16.4231824508043,0.22318245080431,27.1075714223916));
#4140=CARTESIAN_POINT('',(16.4231824508043,-8.77681754919569,17.9575714223916));
#4141=CARTESIAN_POINT('',(16.4231824508043,-4.27681754919569,17.9575714223916));
#4142=CARTESIAN_POINT('',(16.4231824508043,-8.77681754919571,21.9075714223915));
#4143=CARTESIAN_POINT('',(16.4231824508043,-8.77681754919569,21.9200714223916));
#4144=CARTESIAN_POINT('',(16.4231824508043,-7.5268175491957,21.9075714223915));
#4145=CARTESIAN_POINT('Origin',(17.9981824508043,-4.27681754919569,17.9575714223916));
#4146=CARTESIAN_POINT('',(19.4231824508043,0.22318245080431,17.9575714223916));
#4147=CARTESIAN_POINT('',(17.9981824508043,0.22318245080431,17.9575714223916));
#4148=CARTESIAN_POINT('',(19.4231824508043,-8.77681754919569,17.9575714223916));
#4149=CARTESIAN_POINT('',(19.4231824508043,-4.27681754919569,17.9575714223916));
#4150=CARTESIAN_POINT('',(10.1856824508043,-8.77681754919569,17.9575714223916));
#4151=CARTESIAN_POINT('Origin',(17.9981824508043,0.22318245080431,27.1075714223916));
#4152=CARTESIAN_POINT('',(14.1231824508043,0.223182450804311,35.1575714223916));
#4153=CARTESIAN_POINT('',(15.8231824508043,0.223182450804311,35.1575714223916));
#4154=CARTESIAN_POINT('',(14.1231824508043,0.223182450804311,36.2575714223916));
#4155=CARTESIAN_POINT('',(14.1231824508043,0.223182450804311,35.7075714223916));
#4156=CARTESIAN_POINT('',(19.4231824508043,0.22318245080431,36.2575714223916));
#4157=CARTESIAN_POINT('',(14.8231824508043,0.223182450804311,36.2575714223916));
#4158=CARTESIAN_POINT('',(19.4231824508043,0.22318245080431,27.1075714223916));
#4159=CARTESIAN_POINT('Origin',(2.37318245080429,-10.7768175491957,16.7325714223915));
#4160=CARTESIAN_POINT('',(-5.57681754919572,-10.7768175491957,35.1575714223916));
#4161=CARTESIAN_POINT('',(-3.81431754919564,-10.7768175491956,35.1575714223916));
#4162=CARTESIAN_POINT('',(-5.57681754919571,-10.7768175491957,36.2575714223916));
#4163=CARTESIAN_POINT('',(-5.57681754919579,-10.7768175491957,20.3825714223915));
#4164=CARTESIAN_POINT('',(14.1231824508043,-10.7768175491957,36.2575714223916));
#4165=CARTESIAN_POINT('',(8.9981824508043,-10.7768175491957,36.2575714223916));
#4166=CARTESIAN_POINT('',(14.1231824508043,-10.7768175491957,35.1575714223916));
#4167=CARTESIAN_POINT('',(14.1231824508043,-10.7768175491957,26.2200714223916));
#4168=CARTESIAN_POINT('',(16.1231824508043,-10.7768175491957,35.1575714223916));
#4169=CARTESIAN_POINT('',(-8.87681754919571,-10.7768175491957,21.9075714223915));
#4170=CARTESIAN_POINT('',(5.26776522629525,-10.7768175491957,23.4175714223915));
#4171=CARTESIAN_POINT('',(15.2677652262952,-10.7768175491957,23.4175714223915));
#4172=CARTESIAN_POINT('',(4.17047383854977,-10.7768175491957,23.4175714223915));
#4173=CARTESIAN_POINT('',(15.2677652262952,-10.7768175491957,32.4175714223915));
#4174=CARTESIAN_POINT('',(15.2677652262952,-10.7768175491957,22.3250714223915));
#4175=CARTESIAN_POINT('',(5.26776522629525,-10.7768175491957,32.4175714223915));
#4176=CARTESIAN_POINT('',(4.17047383854983,-10.7768175491957,32.4175714223915));
#4177=CARTESIAN_POINT('',(5.26776522629525,-10.7768175491957,22.3250714223915));
#4178=CARTESIAN_POINT('',(3.40318245080429,-10.7768175491957,32.4175714223915));
#4179=CARTESIAN_POINT('',(-6.59681754919571,-10.7768175491957,32.4175714223915));
#4180=CARTESIAN_POINT('',(-1.55431754919571,-10.7768175491956,32.4175714223915));
#4181=CARTESIAN_POINT('',(-6.59681754919571,-10.7768175491957,23.7975714223915));
#4182=CARTESIAN_POINT('',(-6.59681754919571,-10.7768175491957,20.2650714223915));
#4183=CARTESIAN_POINT('',(3.40318245080429,-10.7768175491957,23.7975714223915));
#4184=CARTESIAN_POINT('',(-1.76181754919571,-10.7768175491957,23.7975714223915));
#4185=CARTESIAN_POINT('',(3.40318245080429,-10.7768175491957,18.4625714223915));
#4186=CARTESIAN_POINT('Origin',(-6.87681754919572,-10.7768175491957,35.1575714223916));
#4187=CARTESIAN_POINT('',(-5.57681754919572,0.223182450804309,35.1575714223916));
#4188=CARTESIAN_POINT('',(-6.87681754919572,0.223182450804309,35.1575714223916));
#4189=CARTESIAN_POINT('',(-5.57681754919572,-10.7768175491957,35.1575714223916));
#4190=CARTESIAN_POINT('Origin',(-5.03681754919571,-10.7768175491957,19.5375714223915));
#4191=CARTESIAN_POINT('',(11.5831824508043,-15.4268175491957,19.5375714223915));
#4192=CARTESIAN_POINT('',(11.5831824508043,-10.7768175491957,19.5375714223915));
#4193=CARTESIAN_POINT('',(11.5831824508043,-13.6018175491956,19.5375714223915));
#4194=CARTESIAN_POINT('',(2.96318245080429,-15.4268175491957,19.5375714223915));
#4195=CARTESIAN_POINT('',(-2.89431754919571,-15.4268175491957,19.5375714223915));
#4196=CARTESIAN_POINT('',(2.96318245080429,-10.7768175491957,19.5375714223915));
#4197=CARTESIAN_POINT('',(2.96318245080429,-13.1018175491957,19.5375714223915));
#4198=CARTESIAN_POINT('',(-2.89431754919571,-10.7768175491957,19.5375714223915));
#4199=CARTESIAN_POINT('Origin',(-0.751817549195713,-10.7768175491957,4.50757142239147));
#4200=CARTESIAN_POINT('',(1.07318245080509,-10.7768175491957,20.9575714223915));
#4201=CARTESIAN_POINT('',(13.4731824508043,-10.7768175491957,20.9575714223915));
#4202=CARTESIAN_POINT('',(9.54818245080431,-10.7768175491957,20.9575714223915));
#4203=CARTESIAN_POINT('',(13.4731824508043,-10.7768175491957,17.9145896032889));
#4204=CARTESIAN_POINT('',(13.4731824508043,-10.7768175491957,5.95757142239148));
#4205=CARTESIAN_POINT('',(19.4231824508043,-10.7768175491957,17.9145896032889));
#4206=CARTESIAN_POINT('',(15.4231824508043,-10.7768175491957,17.9145896032889));
#4207=CARTESIAN_POINT('',(19.4231824508043,-10.7768175491957,6.00000008940697));
#4208=CARTESIAN_POINT('',(19.4231824508043,-10.7768175491957,4.5824331343697));
#4209=CARTESIAN_POINT('',(13.4731824508043,-10.7768175491957,6.00000008940697));
#4210=CARTESIAN_POINT('',(-0.78840890125775,-10.7768175491955,6.00000008940697));
#4211=CARTESIAN_POINT('',(13.4731824508043,-10.7768175491957,4.20757142239148));
#4212=CARTESIAN_POINT('',(13.4731824508043,-10.7768175491957,5.95757142239148));
#4213=CARTESIAN_POINT('',(1.07318245080469,-10.7768175491957,4.20757142239147));
#4214=CARTESIAN_POINT('',(-2.27681754919571,-10.7768175491957,4.20757142239147));
#4215=CARTESIAN_POINT('',(1.07318245080429,-10.7768175491955,6.00000008940697));
#4216=CARTESIAN_POINT('',(1.07318245080429,-10.7768175491957,5.33257142239147));
#4217=CARTESIAN_POINT('',(-2.52681754919491,-10.7768175491954,6.00000008940697));
#4218=CARTESIAN_POINT('',(-0.78840890125775,-10.7768175491955,6.00000008940697));
#4219=CARTESIAN_POINT('',(-2.52681754919572,-10.7768175491957,4.20757142239147));
#4220=CARTESIAN_POINT('',(-2.52681754919546,-10.7768175491957,12.2325714223915));
#4221=CARTESIAN_POINT('',(-14.9268175491957,-10.7768175491957,4.20757142239147));
#4222=CARTESIAN_POINT('',(-2.27681754919571,-10.7768175491957,4.20757142239147));
#4223=CARTESIAN_POINT('',(-14.9268175491957,-10.7768175491953,6.00000008940697));
#4224=CARTESIAN_POINT('',(-14.9268175491957,-10.7768175491957,7.40160029876486));
#4225=CARTESIAN_POINT('',(-16.8768175491957,-10.7768175491952,6.00000008940697));
#4226=CARTESIAN_POINT('',(-0.78840890125775,-10.7768175491955,6.00000008940697));
#4227=CARTESIAN_POINT('',(-16.8768175491957,-10.7768175491952,17.9145896032889));
#4228=CARTESIAN_POINT('',(-16.8768175491957,-10.7768175491952,15.9574331343697));
#4229=CARTESIAN_POINT('',(-14.9268175491957,-10.7768175491953,17.9145896032889));
#4230=CARTESIAN_POINT('',(-0.78840890125775,-10.7768175491955,17.9145896032889));
#4231=CARTESIAN_POINT('',(-14.9268175491957,-10.7768175491957,20.9575714223915));
#4232=CARTESIAN_POINT('',(-14.9268175491957,-10.7768175491957,7.40160029876486));
#4233=CARTESIAN_POINT('',(-2.52681754919546,-10.7768175491957,20.9575714223915));
#4234=CARTESIAN_POINT('',(-5.81431754919571,-10.7768175491957,20.9575714223915));
#4235=CARTESIAN_POINT('',(-2.52681754919491,-10.7768175491954,17.9145896032889));
#4236=CARTESIAN_POINT('',(-2.52681754919546,-10.7768175491957,12.2325714223915));
#4237=CARTESIAN_POINT('',(1.07318245080429,-10.7768175491955,17.9145896032889));
#4238=CARTESIAN_POINT('',(-0.78840890125775,-10.7768175491955,17.9145896032889));
#4239=CARTESIAN_POINT('',(1.07318245080509,-10.7768175491957,19.9575714223915));
#4240=CARTESIAN_POINT('',(11.5831824508043,-10.7768175491957,13.4375714223915));
#4241=CARTESIAN_POINT('',(11.5831824508043,-10.7768175491957,10.7425714223915));
#4242=CARTESIAN_POINT('',(2.96318245080429,-10.7768175491957,13.4375714223915));
#4243=CARTESIAN_POINT('',(2.96318245080429,-10.7768175491957,16.9375714223915));
#4244=CARTESIAN_POINT('',(1.41568245080429,-10.7768175491957,13.4375714223915));
#4245=CARTESIAN_POINT('',(-13.0368175491956,-10.7768175491954,19.5375714223915));
#4246=CARTESIAN_POINT('',(-13.0368175491956,-10.7768175491955,13.4375714223915));
#4247=CARTESIAN_POINT('',(-13.0368175491956,-10.7768175491955,8.38507142239148));
#4248=CARTESIAN_POINT('',(-4.4168175491957,-10.7768175491957,13.4375714223915));
#4249=CARTESIAN_POINT('',(1.41568245080429,-10.7768175491957,13.4375714223915));
#4250=CARTESIAN_POINT('',(-4.4168175491957,-10.7768175491957,19.5375714223915));
#4251=CARTESIAN_POINT('',(-4.4168175491957,-10.7768175491957,10.7425714223915));
#4252=CARTESIAN_POINT('',(-2.89431754919571,-10.7768175491957,19.5375714223915));
#4253=CARTESIAN_POINT('Origin',(-5.03681754919571,-10.7768175491957,19.5375714223915));
#4254=CARTESIAN_POINT('',(-13.0368175491957,-15.4268175491957,19.5375714223915));
#4255=CARTESIAN_POINT('',(-13.0368175491957,-13.6018175491957,19.5375714223915));
#4256=CARTESIAN_POINT('',(-4.41681754919569,-15.4268175491957,19.5375714223915));
#4257=CARTESIAN_POINT('',(-4.4168175491957,-13.1018175491957,19.5375714223915));
#4258=CARTESIAN_POINT('',(-2.89431754919571,-15.4268175491957,19.5375714223915));
#4259=CARTESIAN_POINT('Origin',(-0.751817549195714,-15.4268175491957,4.50757142239148));
#4260=CARTESIAN_POINT('',(-16.8768175491957,-15.4268175491956,21.9075714223915));
#4261=CARTESIAN_POINT('',(-16.8768175491957,-15.4268175491953,-2.54242857760852));
#4262=CARTESIAN_POINT('',(-16.8768175491957,-15.4268175491953,-2.79242857760852));
#4263=CARTESIAN_POINT('',(-14.8768175491957,-15.4268175491957,-4.54242857760853));
#4264=CARTESIAN_POINT('Origin',(-14.8768175491957,-15.4268175491957,-2.54242857760852));
#4265=CARTESIAN_POINT('',(19.4231824508043,-15.4268175491957,-4.54242857760852));
#4266=CARTESIAN_POINT('',(-3.25181754919571,-15.4268175491957,-4.54242857760853));
#4267=CARTESIAN_POINT('',(19.4231824508043,-15.4268175491956,36.2575714223916));
#4268=CARTESIAN_POINT('',(19.4231824508043,-15.4268175491957,-2.79242857760853));
#4269=CARTESIAN_POINT('',(-10.8768175491957,-15.4268175491956,36.2575714223916));
#4270=CARTESIAN_POINT('',(15.4231824508043,-15.4268175491956,36.2575714223916));
#4271=CARTESIAN_POINT('',(-10.8768175491957,-15.4268175491917,21.9075714223915));
#4272=CARTESIAN_POINT('',(-10.8768175491957,-15.4268175491957,26.4950714223915));
#4273=CARTESIAN_POINT('',(-13.7205557537737,-15.4268175491936,21.9075714223915));
#4274=CARTESIAN_POINT('',(11.5831824508043,-15.4268175491957,13.4375714223915));
#4275=CARTESIAN_POINT('',(11.5831824508043,-15.4268175491957,16.9575714223915));
#4276=CARTESIAN_POINT('',(2.96318245080429,-15.4268175491957,13.4375714223915));
#4277=CARTESIAN_POINT('',(1.41568245080429,-15.4268175491957,13.4375714223915));
#4278=CARTESIAN_POINT('',(2.96318245080429,-15.4268175491957,16.9375714223915));
#4279=CARTESIAN_POINT('',(15.2677652262954,-15.4268175491955,23.4175714223915));
#4280=CARTESIAN_POINT('',(5.26776522629536,-15.4268175491957,23.4175714223915));
#4281=CARTESIAN_POINT('',(2.60797383854977,-15.4268175491957,23.4175714223915));
#4282=CARTESIAN_POINT('',(5.26776522629536,-15.4268175491957,32.4175714223915));
#4283=CARTESIAN_POINT('',(5.26776522629537,-15.4268175491957,16.2125714223915));
#4284=CARTESIAN_POINT('',(15.2677652262954,-15.4268175491955,32.4175714223915));
#4285=CARTESIAN_POINT('',(2.60797383854982,-15.4268175491956,32.4175714223915));
#4286=CARTESIAN_POINT('',(15.2677652262954,-15.4268175491957,16.2125714223915));
#4287=CARTESIAN_POINT('',(-13.0368175491957,-15.4268175491957,13.4375714223915));
#4288=CARTESIAN_POINT('',(-13.0368175491957,-15.4268175491957,10.7425714223915));
#4289=CARTESIAN_POINT('',(-4.41681754919569,-15.4268175491957,13.4375714223915));
#4290=CARTESIAN_POINT('',(-4.41681754919569,-15.4268175491957,16.9375714223915));
#4291=CARTESIAN_POINT('',(1.41568245080429,-15.4268175491957,13.4375714223915));
#4292=CARTESIAN_POINT('',(-2.52681754919572,-15.4268175491957,4.20757142239148));
#4293=CARTESIAN_POINT('',(-2.52681754919572,-15.4268175491957,1.50757142239148));
#4294=CARTESIAN_POINT('',(-2.52681754919572,-15.4268175491957,3.88257142239148));
#4295=CARTESIAN_POINT('',(-14.9268175491957,-15.4268175491957,1.50757142239148));
#4296=CARTESIAN_POINT('',(2.36068245080429,-15.4268175491957,1.50757142239148));
#4297=CARTESIAN_POINT('',(-14.9268175491957,-15.4268175491957,4.20757142239148));
#4298=CARTESIAN_POINT('',(-14.9268175491957,-15.4268175491957,11.6950714223915));
#4299=CARTESIAN_POINT('',(-1.66431754919572,-15.4268175491957,4.20757142239147));
#4300=CARTESIAN_POINT('',(13.4231824508043,-15.4268175491957,4.20757142239147));
#4301=CARTESIAN_POINT('',(1.07318245080429,-15.4268175491957,4.20757142239147));
#4302=CARTESIAN_POINT('',(9.42318245080429,-15.4268175491957,4.20757142239147));
#4303=CARTESIAN_POINT('',(13.4231824508043,-15.4268175491957,1.50757142239148));
#4304=CARTESIAN_POINT('',(13.4231824508043,-15.4268175491957,3.88257142239148));
#4305=CARTESIAN_POINT('',(1.07318245080429,-15.4268175491957,1.50757142239148));
#4306=CARTESIAN_POINT('',(2.36068245080429,-15.4268175491957,1.50757142239148));
#4307=CARTESIAN_POINT('',(1.07318245080429,-15.4268175491957,4.50757142239148));
#4308=CARTESIAN_POINT('',(-6.59681754919571,-15.4268175491957,32.4175714223915));
#4309=CARTESIAN_POINT('',(3.40318245080429,-15.4268175491957,32.4175714223915));
#4310=CARTESIAN_POINT('',(-3.32431754919571,-15.4268175491956,32.4175714223915));
#4311=CARTESIAN_POINT('',(3.40318245080429,-15.4268175491957,23.7975714223915));
#4312=CARTESIAN_POINT('',(3.40318245080429,-15.4268175491957,18.4625714223915));
#4313=CARTESIAN_POINT('',(-6.59681754919571,-15.4268175491957,23.7975714223915));
#4314=CARTESIAN_POINT('',(-1.55431754919571,-15.4268175491956,23.7975714223915));
#4315=CARTESIAN_POINT('',(-6.59681754919571,-15.4268175491957,14.1525714223915));
#4316=CARTESIAN_POINT('Origin',(3.40318245080429,-10.7768175491957,32.4175714223915));
#4317=CARTESIAN_POINT('',(3.40318245080429,-10.7768175491957,23.7975714223915));
#4318=CARTESIAN_POINT('',(3.40318245080429,-10.7768175491957,32.4175714223915));
#4319=CARTESIAN_POINT('Origin',(-2.35681754919571,-10.7768175491957,23.7975714223915));
#4320=CARTESIAN_POINT('',(-6.59681754919571,-12.8768175491957,23.7975714223915));
#4321=CARTESIAN_POINT('Origin',(-6.59681754919571,-10.7768175491957,23.7975714223915));
#4322=CARTESIAN_POINT('',(-6.59681754919571,-12.8768175491957,32.4175714223915));
#4323=CARTESIAN_POINT('Origin',(5.2677652262953,-12.9268175491957,27.9175714223915));
#4324=CARTESIAN_POINT('',(5.2677652262953,-12.9268175491957,32.4175714223915));
#4325=CARTESIAN_POINT('',(5.2677652262953,-12.9268175491957,23.4175714223915));
#4326=CARTESIAN_POINT('Origin',(15.2677652262953,-12.9268175491955,27.9175714223915));
#4327=CARTESIAN_POINT('',(15.2677652262953,-12.9268175491955,23.4175714223915));
#4328=CARTESIAN_POINT('',(15.2677652262953,-12.9268175491955,32.4175714223915));
#4329=CARTESIAN_POINT('Origin',(15.8231824508043,-5.27681754919569,35.1575714223916));
#4330=CARTESIAN_POINT('',(14.1231824508043,-5.27681754919569,35.1575714223916));
#4331=CARTESIAN_POINT('Origin',(14.1231824508043,-5.27681754919569,35.7075714223916));
#4332=CARTESIAN_POINT('',(14.1231824508043,-5.27681754919569,36.2575714223916));
#4333=CARTESIAN_POINT('Origin',(-5.57681754919571,-10.7768175491957,36.2575714223916));
#4334=CARTESIAN_POINT('',(-5.57681754919571,0.2231824508043,36.2575714223916));
#4335=CARTESIAN_POINT('',(-5.57681754919574,0.22318245080431,32.1825714223915));
#4336=CARTESIAN_POINT('',(-5.57681754919571,-10.7768175491957,36.2575714223916));
#4337=CARTESIAN_POINT('Origin',(15.6231824508043,-10.7768175491957,36.2575714223916));
#4338=CARTESIAN_POINT('',(-10.8768175491957,0.22318245080431,36.2575714223916));
#4339=CARTESIAN_POINT('',(3.3731824508043,0.2231824508043,36.2575714223916));
#4340=CARTESIAN_POINT('',(-10.8768175491957,-10.7768175491957,36.2575714223916));
#4341=CARTESIAN_POINT('',(19.4231824508043,-4.27681754919569,36.2575714223916));
#4342=CARTESIAN_POINT('Origin',(-16.8768175491957,-10.7768175491957,19.9575714223915));
#4343=CARTESIAN_POINT('',(-16.8768175491957,-8.77681754919524,21.9075714223915));
#4344=CARTESIAN_POINT('',(-16.8768175491957,-8.77681754919524,17.9145896032889));
#4345=CARTESIAN_POINT('',(-16.8768175491957,-8.77681754919569,-2.79242857760853));
#4346=CARTESIAN_POINT('',(-16.8768175491957,-10.2768175491956,17.9145896032889));
#4347=CARTESIAN_POINT('',(-16.8768175491957,-8.77681754919524,6.00000008940697));
#4348=CARTESIAN_POINT('',(-16.8768175491957,-10.2768175491956,6.00000008940697));
#4349=CARTESIAN_POINT('',(-16.8768175491957,-8.77681754919569,-2.54242857760853));
#4350=CARTESIAN_POINT('',(-16.8768175491957,-8.77681754919569,-2.79242857760853));
#4351=CARTESIAN_POINT('',(-16.8768175491957,-12.6018175491956,-2.54242857760853));
#4352=CARTESIAN_POINT('',(-16.8768175491957,-10.2768175491947,21.9075714223915));
#4353=CARTESIAN_POINT('Origin',(-13.7205557537774,-9.77681754919361,21.9075714223915));
#4354=CARTESIAN_POINT('',(-10.8768175491957,-8.77681754919524,21.9075714223915));
#4355=CARTESIAN_POINT('',(-10.8768175491957,-10.2768175491947,21.9075714223915));
#4356=CARTESIAN_POINT('',(-14.8111866514865,-8.77681754919524,21.9075714223915));
#4357=CARTESIAN_POINT('Origin',(10.9677652262953,-12.9268175491956,32.4175714223915));
#4358=CARTESIAN_POINT('Origin',(10.9677652262953,-12.9268175491956,23.4175714223915));
#4359=CARTESIAN_POINT('Origin',(9.57318245080432,-10.7768175491957,21.9075714223915));
#4360=CARTESIAN_POINT('',(8.02318245080431,-8.7768175491957,21.9075714223915));
#4361=CARTESIAN_POINT('Origin',(19.4231824508043,-10.7768175491957,-2.79242857760853));
#4362=CARTESIAN_POINT('',(19.4231824508043,-8.77681754919569,-4.54242857760853));
#4363=CARTESIAN_POINT('',(19.4231824508043,-12.6018175491956,-4.54242857760853));
#4364=CARTESIAN_POINT('',(19.4231824508043,-8.77681754919571,6.00000008940697));
#4365=CARTESIAN_POINT('',(19.4231824508043,-8.77681754919569,-2.79242857760853));
#4366=CARTESIAN_POINT('',(19.4231824508043,-10.2768175491956,6.00000008940697));
#4367=CARTESIAN_POINT('',(19.4231824508043,-8.77681754919571,17.9145896032889));
#4368=CARTESIAN_POINT('',(19.4231824508043,-10.2768175491956,17.9145896032889));
#4369=CARTESIAN_POINT('',(19.4231824508043,-8.77681754919569,-2.79242857760853));
#4370=CARTESIAN_POINT('Origin',(2.37318245080429,-8.77681754919569,16.7325714223915));
#4371=CARTESIAN_POINT('',(13.4731824508043,-8.77681754919568,17.9145896032889));
#4372=CARTESIAN_POINT('',(-0.788408901257722,-8.7768175491957,17.9145896032889));
#4373=CARTESIAN_POINT('',(13.4731824508043,-8.77681754919575,20.9575714223915));
#4374=CARTESIAN_POINT('',(13.4731824508043,-8.77681754919569,18.3450714223915));
#4375=CARTESIAN_POINT('',(1.07318245080456,-8.77681754919524,20.9575714223915));
#4376=CARTESIAN_POINT('',(5.9606824508043,-8.77681754919569,20.9575714223915));
#4377=CARTESIAN_POINT('',(1.07318245080429,-8.7768175491955,17.9145896032889));
#4378=CARTESIAN_POINT('',(1.07318245080456,-8.77681754919569,18.3450714223915));
#4379=CARTESIAN_POINT('',(-2.52681754919544,-8.77681754919545,17.9145896032889));
#4380=CARTESIAN_POINT('',(-0.788408901257722,-8.7768175491957,17.9145896032889));
#4381=CARTESIAN_POINT('',(-2.52681754919544,-8.77681754919524,20.9575714223915));
#4382=CARTESIAN_POINT('',(-2.52681754919544,-8.77681754919524,8.58257142239149));
#4383=CARTESIAN_POINT('',(-4.25181754919571,-8.77681754919569,20.9575714223915));
#4384=CARTESIAN_POINT('Origin',(-12.0268175491957,-14.4268175491955,-4.54242857760853));
#4385=CARTESIAN_POINT('',(-14.8768175491957,-8.77681754919524,-4.54242857760853));
#4386=CARTESIAN_POINT('',(-14.8768175491957,-12.6018175491956,-4.54242857760853));
#4387=CARTESIAN_POINT('',(15.4231824508043,-8.77681754919569,-4.54242857760853));
#4388=CARTESIAN_POINT('Origin',(-10.8768175491957,-10.7768175491957,36.2575714223916));
#4389=CARTESIAN_POINT('',(-10.8768175491957,-8.77681754919524,20.9575714223915));
#4390=CARTESIAN_POINT('',(-10.8768175491957,-10.7768175491957,20.9575714223915));
#4391=CARTESIAN_POINT('',(-10.8768175491957,-8.77681754919524,22.4200714223915));
#4392=CARTESIAN_POINT('',(-10.8768175491957,0.223182450804311,20.9575714223915));
#4393=CARTESIAN_POINT('',(-10.8768175491957,0.22318245080431,32.1825714223915));
#4394=CARTESIAN_POINT('',(-10.8768175491957,-10.7768175491957,20.9575714223915));
#4395=CARTESIAN_POINT('Origin',(-8.87681754919571,0.22318245080431,28.1075714223915));
#4396=CARTESIAN_POINT('',(-9.8768175491957,0.22318245080431,20.9575714223915));
#4397=CARTESIAN_POINT('Origin',(9.5481824508043,-9.77681754919572,20.9575714223915));
#4398=CARTESIAN_POINT('',(13.4731824508043,-9.27681754919574,20.9575714223915));
#4399=CARTESIAN_POINT('',(1.07318245080443,-8.2768175491948,20.9575714223915));
#4400=CARTESIAN_POINT('Origin',(-15.9018175491957,-8.77681754919524,8.58257142239149));
#4401=CARTESIAN_POINT('',(-14.9268175491957,-8.77681754919524,20.9575714223915));
#4402=CARTESIAN_POINT('',(-13.3893175491957,-8.77681754919524,20.9575714223915));
#4403=CARTESIAN_POINT('',(-14.9268175491957,-8.77681754919527,17.9145896032889));
#4404=CARTESIAN_POINT('',(-14.9268175491957,-8.77681754919524,3.87007142239148));
#4405=CARTESIAN_POINT('',(-0.788408901257722,-8.7768175491957,17.9145896032889));
#4406=CARTESIAN_POINT('Origin',(-10.8768175491957,-10.7768175491957,20.9575714223915));
#4407=CARTESIAN_POINT('',(-2.52681754919524,-9.52681754919463,20.9575714223915));
#4408=CARTESIAN_POINT('',(-14.9268175491957,-11.524705329876,20.9575714223915));
#4409=CARTESIAN_POINT('Origin',(-0.788408901257736,-9.77681754919547,6.00000008940697));
#4410=CARTESIAN_POINT('',(13.4731824508043,-8.77681754919568,6.00000008940697));
#4411=CARTESIAN_POINT('',(13.4731824508043,-10.2768175491956,6.00000008940697));
#4412=CARTESIAN_POINT('',(-0.788408901257722,-8.7768175491957,6.00000008940697));
#4413=CARTESIAN_POINT('Origin',(-0.788408901257736,-9.77681754919547,6.00000008940697));
#4414=CARTESIAN_POINT('',(-2.52681754919544,-8.77681754919545,6.00000008940697));
#4415=CARTESIAN_POINT('',(-2.52681754919538,-9.02681754919584,6.00000008940697));
#4416=CARTESIAN_POINT('',(1.07318245080429,-8.7768175491955,6.00000008940697));
#4417=CARTESIAN_POINT('',(1.07318245080429,-12.6018175491956,6.00000008940697));
#4418=CARTESIAN_POINT('',(-0.788408901257722,-8.7768175491957,6.00000008940697));
#4419=CARTESIAN_POINT('Origin',(-0.788408901257736,-9.77681754919547,6.00000008940697));
#4420=CARTESIAN_POINT('',(-14.9268175491957,-8.77681754919527,6.00000008940697));
#4421=CARTESIAN_POINT('',(-14.9268175491957,-11.0247053298759,6.00000008940697));
#4422=CARTESIAN_POINT('',(-0.788408901257722,-8.7768175491957,6.00000008940697));
#4423=CARTESIAN_POINT('Origin',(-0.788408901257736,-9.77681754919547,17.9145896032889));
#4424=CARTESIAN_POINT('',(13.4731824508043,-10.2768175491956,17.9145896032889));
#4425=CARTESIAN_POINT('Origin',(-0.788408901257736,-9.77681754919547,17.9145896032889));
#4426=CARTESIAN_POINT('',(-2.52681754919538,-9.02681754919584,17.9145896032889));
#4427=CARTESIAN_POINT('',(1.07318245080429,-12.6018175491956,17.9145896032889));
#4428=CARTESIAN_POINT('Origin',(-0.788408901257736,-9.77681754919547,17.9145896032889));
#4429=CARTESIAN_POINT('',(-14.9268175491957,-11.0247053298759,17.9145896032889));
#4430=CARTESIAN_POINT('Origin',(-14.9268175491957,-12.2725931105564,10.3956291751383));
#4431=CARTESIAN_POINT('Origin',(-14.9268175491957,-12.2725931105564,10.3956291751383));
#4432=CARTESIAN_POINT('',(-14.9268175491957,-11.524705329876,4.20757142239148));
#4433=CARTESIAN_POINT('',(-14.9268175491957,-10.7768175491957,1.50757142239147));
#4434=CARTESIAN_POINT('',(-14.9268175491957,-12.105955329876,1.50757142239147));
#4435=CARTESIAN_POINT('',(-14.9268175491957,-10.7768175491957,-2.59242857760853));
#4436=CARTESIAN_POINT('',(-14.9268175491957,-10.7768175491957,-0.342428577608527));
#4437=CARTESIAN_POINT('',(-14.9268175491957,-8.77681754919569,-2.59242857760853));
#4438=CARTESIAN_POINT('',(-14.9268175491957,-7.75181754919569,-2.59242857760853));
#4439=CARTESIAN_POINT('',(-14.9268175491957,-8.77681754919524,3.87007142239148));
#4440=CARTESIAN_POINT('Origin',(-2.52681754919557,-8.27681754919575,8.58257142239149));
#4441=CARTESIAN_POINT('Origin',(-2.52681754919557,-8.27681754919575,8.58257142239149));
#4442=CARTESIAN_POINT('',(-2.52681754919571,-8.77681754919575,-2.59242857760853));
#4443=CARTESIAN_POINT('',(-2.52681754919544,-8.77681754919524,8.58257142239149));
#4444=CARTESIAN_POINT('',(-2.52681754919573,-10.7768175491958,-2.59242857760853));
#4445=CARTESIAN_POINT('',(-2.52681754919571,-8.27681754919575,-2.59242857760853));
#4446=CARTESIAN_POINT('',(-2.52681754919572,-10.7768175491957,1.50757142239148));
#4447=CARTESIAN_POINT('',(-2.52681754919573,-10.7768175491958,-0.842428577608527));
#4448=CARTESIAN_POINT('',(-2.52681754919572,-13.1018175491957,1.50757142239148));
#4449=CARTESIAN_POINT('',(-2.52681754919524,-9.52681754919515,4.20757142239148));
#4450=CARTESIAN_POINT('Origin',(1.07318245080429,-15.4268175491957,6.25757142239148));
#4451=CARTESIAN_POINT('Origin',(1.07318245080429,-15.4268175491957,6.25757142239148));
#4452=CARTESIAN_POINT('',(1.07318245080429,-13.1018175491957,4.20757142239147));
#4453=CARTESIAN_POINT('',(1.07318245080429,-10.7768175491957,1.50757142239148));
#4454=CARTESIAN_POINT('',(1.07318245080429,-13.6830675491957,1.50757142239148));
#4455=CARTESIAN_POINT('',(1.07318245080509,-10.7768175491957,-2.59242857760853));
#4456=CARTESIAN_POINT('',(1.07318245080509,-10.7768175491957,-2.09242857760853));
#4457=CARTESIAN_POINT('',(1.07318245080429,-8.77681754919573,-2.59242857760852));
#4458=CARTESIAN_POINT('',(1.07318245080509,-7.7518175491957,-2.59242857760853));
#4459=CARTESIAN_POINT('',(1.07318245080456,-8.77681754919524,8.58257142239149));
#4460=CARTESIAN_POINT('Origin',(13.4731824508043,-10.7768175491957,5.95757142239148));
#4461=CARTESIAN_POINT('Origin',(13.4731824508043,-10.7768175491957,5.95757142239148));
#4462=CARTESIAN_POINT('',(13.4731824508043,-8.77681754919573,-2.59242857760853));
#4463=CARTESIAN_POINT('',(13.4731824508043,-8.77681754919569,7.94507142239149));
#4464=CARTESIAN_POINT('',(13.4731824508043,-10.7768175491957,-2.59242857760853));
#4465=CARTESIAN_POINT('',(13.4731824508043,-10.7768175491957,-2.59242857760853));
#4466=CARTESIAN_POINT('',(13.4731824508043,-10.7768175491957,1.50757142239148));
#4467=CARTESIAN_POINT('',(13.4731824508043,-10.7768175491957,-0.842428577608525));
#4468=CARTESIAN_POINT('',(13.4731824508043,-11.7768175491957,1.50757142239147));
#4469=CARTESIAN_POINT('',(13.4731824508043,-10.7768175491957,1.50757142239148));
#4470=CARTESIAN_POINT('',(13.4731824508043,-11.7768175491957,4.20757142239147));
#4471=CARTESIAN_POINT('',(13.4731824508043,-11.7768175491957,5.28257142239148));
#4472=CARTESIAN_POINT('',(13.4731824508043,-10.7768175491957,4.20757142239147));
#4473=CARTESIAN_POINT('Origin',(2.37318245080429,-8.77681754919569,16.7325714223915));
#4474=CARTESIAN_POINT('Origin',(-14.8768175491957,-8.77681754919525,-2.54242857760853));
#4475=CARTESIAN_POINT('',(-8.75320406757332,-8.77681754919524,-2.59242857760853));
#4476=CARTESIAN_POINT('',(-2.27681754919571,-8.77681754919569,-2.59242857760853));
#4477=CARTESIAN_POINT('Origin',(-14.8768175491957,-12.6018175491956,-2.54242857760853));
#4478=CARTESIAN_POINT('Origin',(-8.72681754919571,-13.1018175491957,1.30757142239151));
#4479=CARTESIAN_POINT('',(-9.26855997970013,-13.1018175491957,1.80757142239151));
#4480=CARTESIAN_POINT('Origin',(-8.72681754919571,-13.1018175491957,1.80757142239151));
#4481=CARTESIAN_POINT('',(-9.72681754919571,-13.1018175491957,1.50757142239151));
#4482=CARTESIAN_POINT('Origin',(-9.26855997970013,-13.1018175491957,1.30757142239151));
#4483=CARTESIAN_POINT('Origin',(-8.72681754919571,-13.1018175491957,1.50757142239151));
#4484=CARTESIAN_POINT('Origin',(-8.72681754919571,-13.1018175491957,1.80757142239151));
#4485=CARTESIAN_POINT('Origin',(5.47318245080429,-10.7768175491957,1.50757142239148));
#4486=CARTESIAN_POINT('',(2.36068245080429,-10.7768175491957,1.50757142239148));
#4487=CARTESIAN_POINT('Origin',(-8.72681754919571,-13.1018175491957,4.40757142239151));
#4488=CARTESIAN_POINT('',(-8.72681754919571,-13.6435599797001,3.90757142239151));
#4489=CARTESIAN_POINT('Origin',(-8.72681754919571,-13.1018175491957,3.90757142239151));
#4490=CARTESIAN_POINT('',(-8.72681754919571,-14.1018175491957,4.20757142239151));
#4491=CARTESIAN_POINT('Origin',(-8.72681754919571,-13.6435599797001,4.40757142239151));
#4492=CARTESIAN_POINT('Origin',(-8.72681754919571,-13.1018175491957,4.20757142239151));
#4493=CARTESIAN_POINT('Origin',(-8.72681754919571,-13.1018175491957,3.90757142239151));
#4494=CARTESIAN_POINT('Origin',(-6.92681754919571,-10.7768175491957,4.20757142239148));
#4495=CARTESIAN_POINT('Origin',(7.27318245080469,-13.1018175491957,4.4075714223914));
#4496=CARTESIAN_POINT('',(7.27318245080469,-13.6435599797001,3.9075714223914));
#4497=CARTESIAN_POINT('Origin',(7.27318245080469,-13.1018175491957,3.9075714223914));
#4498=CARTESIAN_POINT('',(7.27318245080469,-14.1018175491957,4.20757142239141));
#4499=CARTESIAN_POINT('Origin',(7.27318245080469,-13.6435599797001,4.4075714223914));
#4500=CARTESIAN_POINT('Origin',(7.27318245080469,-13.1018175491957,4.2075714223914));
#4501=CARTESIAN_POINT('Origin',(7.27318245080469,-13.1018175491957,3.9075714223914));
#4502=CARTESIAN_POINT('Origin',(7.27318245080429,-13.1018175491957,1.30757142239142));
#4503=CARTESIAN_POINT('',(7.27318245080429,-12.5600751186913,1.80757142239142));
#4504=CARTESIAN_POINT('Origin',(7.27318245080429,-13.1018175491957,1.80757142239142));
#4505=CARTESIAN_POINT('',(7.27318245080429,-12.1018175491957,1.50757142239148));
#4506=CARTESIAN_POINT('Origin',(7.27318245080429,-12.5600751186913,1.30757142239142));
#4507=CARTESIAN_POINT('Origin',(7.27318245080429,-13.1018175491957,1.50757142239148));
#4508=CARTESIAN_POINT('Origin',(7.27318245080429,-13.1018175491957,1.80757142239142));
#4509=CARTESIAN_POINT('Origin',(5.47318245080429,-10.7768175491957,1.50757142239148));
#4510=CARTESIAN_POINT('',(13.4231824508043,-11.7768175491957,1.50757142239147));
#4511=CARTESIAN_POINT('',(13.4231824508043,-16.4268175491957,1.50757142239148));
#4512=CARTESIAN_POINT('',(9.94818245080429,-11.7768175491957,1.50757142239148));
#4513=CARTESIAN_POINT('',(2.36068245080429,-10.7768175491957,1.50757142239148));
#4514=CARTESIAN_POINT('Origin',(-6.92681754919571,-10.7768175491957,-2.59242857760853));
#4515=CARTESIAN_POINT('',(1.71068245080459,-10.7768175491957,-2.59242857760853));
#4516=CARTESIAN_POINT('Origin',(-4.41681754919569,-15.4268175491957,14.6875714223915));
#4517=CARTESIAN_POINT('',(-4.4168175491957,-13.1018175491957,13.4375714223915));
#4518=CARTESIAN_POINT('Origin',(2.96318245080429,-15.4268175491957,19.1875714223915));
#4519=CARTESIAN_POINT('',(2.96318245080429,-13.1018175491957,13.4375714223915));
#4520=CARTESIAN_POINT('Origin',(-6.92681754919571,-10.7768175491957,4.20757142239147));
#4521=CARTESIAN_POINT('',(13.4231824508043,-11.7768175491957,4.20757142239147));
#4522=CARTESIAN_POINT('',(3.74818245080429,-11.7768175491957,4.20757142239147));
#4523=CARTESIAN_POINT('',(13.4231824508043,-13.6018175491957,4.20757142239147));
#4524=CARTESIAN_POINT('Origin',(-0.751817549195713,-10.7768175491957,4.50757142239147));
#4525=CARTESIAN_POINT('Origin',(-6.92681754919571,-10.7768175491957,-2.59242857760853));
#4526=CARTESIAN_POINT('',(-6.28931754919567,-10.7768175491957,-2.59242857760839));
#4527=CARTESIAN_POINT('Origin',(14.4231824508043,-11.7768175491957,4.60757142239147));
#4528=CARTESIAN_POINT('',(13.4231824508043,-11.7768175491957,3.25757142239147));
#4529=CARTESIAN_POINT('Origin',(3.58318245080429,-10.7768175491957,13.4375714223915));
#4530=CARTESIAN_POINT('',(11.5831824508043,-13.6018175491957,13.4375714223915));
#4531=CARTESIAN_POINT('Origin',(-0.751817549195713,-10.7768175491957,4.50757142239147));
#4532=CARTESIAN_POINT('Origin',(3.58318245080429,-10.7768175491957,13.4375714223915));
#4533=CARTESIAN_POINT('',(-13.0368175491957,-13.6018175491957,13.4375714223915));
#4534=CARTESIAN_POINT('Origin',(13.4231824508043,-16.4268175491957,5.95757142239147));
#4535=CARTESIAN_POINT('Origin',(11.5831824508043,-16.4268175491957,18.7275714223915));
#4536=CARTESIAN_POINT('Origin',(-13.0368175491957,-16.4268175491957,15.1875714223915));
#4537=CARTESIAN_POINT('Origin',(-5.89681754919571,-10.7768175491957,32.4175714223915));
#4538=CARTESIAN_POINT('Ctrl Pts',(-8.72681754919589,15.1899248813087,3.90757142239141));
#4539=CARTESIAN_POINT('Ctrl Pts',(-8.60525083206656,15.1899248813087,3.90757142239141));
#4540=CARTESIAN_POINT('Ctrl Pts',(-8.36308766702133,15.1050003613782,3.90757142239141));
#4541=CARTESIAN_POINT('Ctrl Pts',(-8.1328573307614,14.7419439838644,3.90757142239141));
#4542=CARTESIAN_POINT('Ctrl Pts',(-8.24189852919235,14.2619265731344,3.90757142239141));
#4543=CARTESIAN_POINT('Ctrl Pts',(-8.56472859302345,14.1064400202999,3.90757142239141));
#4544=CARTESIAN_POINT('Ctrl Pts',(-8.72681754919589,14.1064400202999,3.90757142239141));
#4545=CARTESIAN_POINT('Ctrl Pts',(-8.72681754919589,15.2812119742262,3.90757142239141));
#4546=CARTESIAN_POINT('Ctrl Pts',(-8.58485871339166,15.2812119742262,3.90757142239141));
#4547=CARTESIAN_POINT('Ctrl Pts',(-8.30177144244329,15.1819247278158,3.90757142239141));
#4548=CARTESIAN_POINT('Ctrl Pts',(-8.03291841097509,14.7577829349528,3.90757142239141));
#4549=CARTESIAN_POINT('Ctrl Pts',(-8.16014392758682,14.1968829331173,3.90757142239141));
#4550=CARTESIAN_POINT('Ctrl Pts',(-8.53753910145693,14.0151529273823,3.90757142239141));
#4551=CARTESIAN_POINT('Ctrl Pts',(-8.72681754919589,14.0151529273823,3.90757142239141));
#4552=CARTESIAN_POINT('Ctrl Pts',(-8.72681754919588,15.4811443277546,3.9627263699976));
#4553=CARTESIAN_POINT('Ctrl Pts',(-8.53996878700229,15.4811443277546,3.9627263699976));
#4554=CARTESIAN_POINT('Ctrl Pts',(-8.16754228824725,15.3505295820413,3.9627263699976));
#4555=CARTESIAN_POINT('Ctrl Pts',(-7.81367480644063,14.7923752731901,3.9627263699976));
#4556=CARTESIAN_POINT('Ctrl Pts',(-7.98119409241775,14.0543218640833,3.9627263699976));
#4557=CARTESIAN_POINT('Ctrl Pts',(-8.47768586627109,13.815220573854,3.9627263699976));
#4558=CARTESIAN_POINT('Ctrl Pts',(-8.72681754919588,13.815220573854,3.9627263699976));
#4559=CARTESIAN_POINT('Ctrl Pts',(-8.72681754919589,15.6116676136373,4.123905419738));
#4560=CARTESIAN_POINT('Ctrl Pts',(-8.51035705008542,15.6116676136373,4.123905419738));
#4561=CARTESIAN_POINT('Ctrl Pts',(-8.07999633963422,15.4607741071207,4.123905419738));
#4562=CARTESIAN_POINT('Ctrl Pts',(-7.67005839030269,14.8148279316645,4.123905419738));
#4563=CARTESIAN_POINT('Ctrl Pts',(-7.86450969151878,13.9611108301666,4.123905419738));
#4564=CARTESIAN_POINT('Ctrl Pts',(-8.43820355038194,13.6846972879713,4.123905419738));
#4565=CARTESIAN_POINT('Ctrl Pts',(-8.72681754919589,13.6846972879713,4.123905419738));
#4566=CARTESIAN_POINT('Ctrl Pts',(-8.72681754919589,15.6481824508043,4.20757142239141));
#4567=CARTESIAN_POINT('Ctrl Pts',(-8.50241807393947,15.6481824508043,4.20757142239141));
#4568=CARTESIAN_POINT('Ctrl Pts',(-8.05541013915439,15.4914206482417,4.20757142239141));
#4569=CARTESIAN_POINT('Ctrl Pts',(-7.63042896120684,14.8212564575288,4.20757142239141));
#4570=CARTESIAN_POINT('Ctrl Pts',(-7.83170763588889,13.9351944034952,4.20757142239141));
#4571=CARTESIAN_POINT('Ctrl Pts',(-8.427618248854,13.6481824508043,4.20757142239141));
#4572=CARTESIAN_POINT('Ctrl Pts',(-8.72681754919589,13.6481824508043,4.20757142239141));
#4573=CARTESIAN_POINT('',(-8.72681754919589,15.6481824508043,4.20757142239141));
#4574=CARTESIAN_POINT('',(-8.72681754919589,15.1899248813087,3.90757142239141));
#4575=CARTESIAN_POINT('Ctrl Pts',(-8.72681754919589,15.6481824508043,4.20757142239141));
#4576=CARTESIAN_POINT('Ctrl Pts',(-8.72681754919589,15.6116676136373,4.123905419738));
#4577=CARTESIAN_POINT('Ctrl Pts',(-8.72681754919588,15.4811443277546,3.9627263699976));
#4578=CARTESIAN_POINT('Ctrl Pts',(-8.72681754919589,15.2812119742262,3.90757142239141));
#4579=CARTESIAN_POINT('Ctrl Pts',(-8.72681754919589,15.1899248813087,3.90757142239141));
#4580=CARTESIAN_POINT('',(-8.72681754919589,13.6481824508043,4.20757142239141));
#4581=CARTESIAN_POINT('Origin',(-8.72681754919589,14.6481824508043,4.20757142239141));
#4582=CARTESIAN_POINT('',(-8.72681754919589,14.1064400202999,3.90757142239141));
#4583=CARTESIAN_POINT('Ctrl Pts',(-8.72681754919589,14.1064400202999,3.90757142239141));
#4584=CARTESIAN_POINT('Ctrl Pts',(-8.72681754919589,14.0151529273823,3.90757142239141));
#4585=CARTESIAN_POINT('Ctrl Pts',(-8.72681754919588,13.815220573854,3.9627263699976));
#4586=CARTESIAN_POINT('Ctrl Pts',(-8.72681754919589,13.6846972879713,4.123905419738));
#4587=CARTESIAN_POINT('Ctrl Pts',(-8.72681754919589,13.6481824508043,4.20757142239141));
#4588=CARTESIAN_POINT('Ctrl Pts',(-8.72681754919589,14.1064400202999,3.90757142239141));
#4589=CARTESIAN_POINT('Ctrl Pts',(-8.56472859302345,14.1064400202999,3.90757142239141));
#4590=CARTESIAN_POINT('Ctrl Pts',(-8.4033135611079,14.1841832967172,3.90757142239141));
#4591=CARTESIAN_POINT('Ctrl Pts',(-8.30278037270814,14.3103308277858,3.90757142239141));
#4592=CARTESIAN_POINT('Ctrl Pts',(-8.20224718430837,14.4364783588544,3.90757142239141));
#4593=CARTESIAN_POINT('Ctrl Pts',(-8.16259583942438,14.6110301445744,3.90757142239141));
#4594=CARTESIAN_POINT('Ctrl Pts',(-8.19822648276209,14.7688223676004,3.90757142239141));
#4595=CARTESIAN_POINT('Ctrl Pts',(-8.22494946526537,14.8871665348699,3.90757142239141));
#4596=CARTESIAN_POINT('Ctrl Pts',(-8.29401856614335,14.996083448124,3.90757142239141));
#4597=CARTESIAN_POINT('Ctrl Pts',(-8.38909390784365,15.0717730347337,3.90757142239141));
#4598=CARTESIAN_POINT('Ctrl Pts',(-8.48416924954395,15.1474626213434,3.90757142239141));
#4599=CARTESIAN_POINT('Ctrl Pts',(-8.60525083206656,15.1899248813087,3.90757142239141));
#4600=CARTESIAN_POINT('Ctrl Pts',(-8.72681754919589,15.1899248813087,3.90757142239141));
#4601=CARTESIAN_POINT('Ctrl Pts',(7.27318245080436,15.1899248813087,3.9075714223914));
#4602=CARTESIAN_POINT('Ctrl Pts',(7.39474916793369,15.1899248813087,3.9075714223914));
#4603=CARTESIAN_POINT('Ctrl Pts',(7.63691117531163,15.1050021256527,3.9075714223914));
#4604=CARTESIAN_POINT('Ctrl Pts',(7.8671453599227,14.7419456302158,3.9075714223914));
#4605=CARTESIAN_POINT('Ctrl Pts',(7.75810126709437,14.2619146259726,3.9075714223914));
#4606=CARTESIAN_POINT('Ctrl Pts',(7.4352714069768,14.1064400202999,3.9075714223914));
#4607=CARTESIAN_POINT('Ctrl Pts',(7.27318245080437,14.1064400202999,3.9075714223914));
#4608=CARTESIAN_POINT('Ctrl Pts',(7.27318245080436,15.2812119742262,3.9075714223914));
#4609=CARTESIAN_POINT('Ctrl Pts',(7.41514128660859,15.2812119742262,3.9075714223914));
#4610=CARTESIAN_POINT('Ctrl Pts',(7.69822886849063,15.181927630475,3.9075714223914));
#4611=CARTESIAN_POINT('Ctrl Pts',(7.96708671713072,14.7577842974719,3.9075714223914));
#4612=CARTESIAN_POINT('Ctrl Pts',(7.83985806630264,14.1968675782473,3.9075714223914));
#4613=CARTESIAN_POINT('Ctrl Pts',(7.46246089854333,14.0151529273823,3.9075714223914));
#4614=CARTESIAN_POINT('Ctrl Pts',(7.27318245080437,14.0151529273823,3.9075714223914));
#4615=CARTESIAN_POINT('Ctrl Pts',(7.27318245080436,15.4811469638724,3.96272234326115));
#4616=CARTESIAN_POINT('Ctrl Pts',(7.46003121299796,15.4811469638724,3.96272234326115));
#4617=CARTESIAN_POINT('Ctrl Pts',(7.83245908541857,15.3505348006974,3.96272234326115));
#4618=CARTESIAN_POINT('Ctrl Pts',(8.18633273792397,14.7923781010392,3.96272234326115));
#4619=CARTESIAN_POINT('Ctrl Pts',(8.01880986495949,14.0543008653263,3.96272234326115));
#4620=CARTESIAN_POINT('Ctrl Pts',(7.52231413372916,13.8152179377362,3.96272234326115));
#4621=CARTESIAN_POINT('Ctrl Pts',(7.27318245080436,13.8152179377362,3.96272234326115));
#4622=CARTESIAN_POINT('Ctrl Pts',(7.27318245080436,15.6116676136373,4.12390541973799));
#4623=CARTESIAN_POINT('Ctrl Pts',(7.48964294991483,15.6116676136373,4.12390541973799));
#4624=CARTESIAN_POINT('Ctrl Pts',(7.91999702407154,15.4607749307105,4.12390541973799));
#4625=CARTESIAN_POINT('Ctrl Pts',(8.32994093627003,14.8148324039057,4.12390541973799));
#4626=CARTESIAN_POINT('Ctrl Pts',(8.13548380530743,13.9610934191063,4.12390541973799));
#4627=CARTESIAN_POINT('Ctrl Pts',(7.56179644961832,13.6846972879713,4.12390541973799));
#4628=CARTESIAN_POINT('Ctrl Pts',(7.27318245080437,13.6846972879713,4.12390541973799));
#4629=CARTESIAN_POINT('Ctrl Pts',(7.27318245080437,15.6481824508043,4.2075714223914));
#4630=CARTESIAN_POINT('Ctrl Pts',(7.49758192606078,15.6481824508043,4.2075714223914));
#4631=CARTESIAN_POINT('Ctrl Pts',(7.94458772391282,15.4914239049084,4.2075714223914));
#4632=CARTESIAN_POINT('Ctrl Pts',(8.36957600551503,14.8212594965218,4.20757142239139));
#4633=CARTESIAN_POINT('Ctrl Pts',(8.16829198807744,13.9351723502811,4.2075714223914));
#4634=CARTESIAN_POINT('Ctrl Pts',(7.57238175114625,13.6481824508043,4.2075714223914));
#4635=CARTESIAN_POINT('Ctrl Pts',(7.27318245080437,13.6481824508043,4.2075714223914));
#4636=CARTESIAN_POINT('',(7.27318245080437,15.6481824508043,4.2075714223914));
#4637=CARTESIAN_POINT('',(7.27318245080437,15.1899248813087,3.9075714223914));
#4638=CARTESIAN_POINT('Ctrl Pts',(7.27318245080437,15.6481824508043,4.2075714223914));
#4639=CARTESIAN_POINT('Ctrl Pts',(7.27318245080436,15.6116676136373,4.12390541973799));
#4640=CARTESIAN_POINT('Ctrl Pts',(7.27318245080436,15.4811469638724,3.96272234326115));
#4641=CARTESIAN_POINT('Ctrl Pts',(7.27318245080436,15.2812119742262,3.9075714223914));
#4642=CARTESIAN_POINT('Ctrl Pts',(7.27318245080436,15.1899248813087,3.9075714223914));
#4643=CARTESIAN_POINT('',(7.27318245080436,13.6481824508043,4.2075714223914));
#4644=CARTESIAN_POINT('Origin',(7.27318245080437,14.6481824508043,4.2075714223914));
#4645=CARTESIAN_POINT('',(7.27318245080437,14.1064400202999,3.9075714223914));
#4646=CARTESIAN_POINT('Ctrl Pts',(7.27318245080437,14.1064400202999,3.9075714223914));
#4647=CARTESIAN_POINT('Ctrl Pts',(7.27318245080437,14.0151529273823,3.9075714223914));
#4648=CARTESIAN_POINT('Ctrl Pts',(7.27318245080436,13.8152179377362,3.96272234326115));
#4649=CARTESIAN_POINT('Ctrl Pts',(7.27318245080437,13.6846972879713,4.12390541973799));
#4650=CARTESIAN_POINT('Ctrl Pts',(7.27318245080437,13.6481824508043,4.2075714223914));
#4651=CARTESIAN_POINT('Ctrl Pts',(7.27318245080437,14.1064400202999,3.9075714223914));
#4652=CARTESIAN_POINT('Ctrl Pts',(7.4352714069768,14.1064400202999,3.9075714223914));
#4653=CARTESIAN_POINT('Ctrl Pts',(7.59668633703559,14.1841773231362,3.9075714223914));
#4654=CARTESIAN_POINT('Ctrl Pts',(7.69722000076104,14.3103243389623,3.9075714223914));
#4655=CARTESIAN_POINT('Ctrl Pts',(7.79775366448649,14.4364713547883,3.9075714223914));
#4656=CARTESIAN_POINT('Ctrl Pts',(7.83740606187861,14.611028083604,3.9075714223914));
#4657=CARTESIAN_POINT('Ctrl Pts',(7.8017749899927,14.7688224520535,3.9075714223914));
#4658=CARTESIAN_POINT('Ctrl Pts',(7.77505168607827,14.8871682283906,3.9075714223914));
#4659=CARTESIAN_POINT('Ctrl Pts',(7.70598143069495,14.9960851770217,3.9075714223914));
#4660=CARTESIAN_POINT('Ctrl Pts',(7.6109058011588,15.0717743402512,3.9075714223914));
#4661=CARTESIAN_POINT('Ctrl Pts',(7.51583017162266,15.1474635034807,3.9075714223914));
#4662=CARTESIAN_POINT('Ctrl Pts',(7.39474916793369,15.1899248813087,3.9075714223914));
#4663=CARTESIAN_POINT('Ctrl Pts',(7.27318245080437,15.1899248813087,3.9075714223914));
#4664=CARTESIAN_POINT('Origin',(-11.9018175491957,9.8231824508043,20.9575714223915));
#4665=CARTESIAN_POINT('',(-4.41681754919566,10.3231824508043,20.9575714223915));
#4666=CARTESIAN_POINT('',(-4.41681754919566,12.3231824508043,20.9575714223915));
#4667=CARTESIAN_POINT('',(-4.41681754919566,11.0731824508043,20.9575714223915));
#4668=CARTESIAN_POINT('',(-2.52681754919571,12.3231824508043,20.9575714223915));
#4669=CARTESIAN_POINT('',(-4.26431754919571,12.3231824508043,20.9575714223915));
#4670=CARTESIAN_POINT('',(-2.52681754919384,10.3231824508043,20.9575714223915));
#4671=CARTESIAN_POINT('',(-2.52681754919478,11.3231824508035,20.9575714223915));
#4672=CARTESIAN_POINT('',(-11.9018175491957,10.3231824508043,20.9575714223915));
#4673=CARTESIAN_POINT('Origin',(-11.9018175491957,10.3231824508043,20.9325714223915));
#4674=CARTESIAN_POINT('',(-4.41681754919566,10.3231824508043,21.9575714223915));
#4675=CARTESIAN_POINT('',(-4.41681754919566,10.3231824508043,20.9450714223915));
#4676=CARTESIAN_POINT('',(-2.52681754919384,10.3231824508043,17.9145896032889));
#4677=CARTESIAN_POINT('',(-2.52681754919384,10.3231824508043,8.42928772394736));
#4678=CARTESIAN_POINT('',(1.07318245080615,10.3231824508077,17.9145896032889));
#4679=CARTESIAN_POINT('',(-14.4509089012577,10.3231824508043,17.9145896032889));
#4680=CARTESIAN_POINT('',(1.07318245080615,10.3231824508043,20.9575714223915));
#4681=CARTESIAN_POINT('',(1.07318245080615,10.3231824508077,8.42928772394736));
#4682=CARTESIAN_POINT('',(2.96318245080413,10.3231824508043,20.9575714223915));
#4683=CARTESIAN_POINT('',(-0.726817549195709,10.3231824508043,20.9575714223915));
#4684=CARTESIAN_POINT('',(2.96318245080413,10.3231824508043,21.9575714223916));
#4685=CARTESIAN_POINT('',(2.96318245080413,10.3231824508043,21.4450714223915));
#4686=CARTESIAN_POINT('',(8.66068245080429,10.3231824508043,21.9575714223915));
#4687=CARTESIAN_POINT('Origin',(-11.9018175491957,10.3231824508043,20.9325714223915));
#4688=CARTESIAN_POINT('',(-13.0368175491957,10.3231824508043,20.9575714223915));
#4689=CARTESIAN_POINT('',(-13.0368175491957,10.3231824508043,21.9575714223915));
#4690=CARTESIAN_POINT('',(-13.0368175491957,10.3231824508043,21.4450714223915));
#4691=CARTESIAN_POINT('',(-7.57681754919571,10.3231824508043,21.9575714223911));
#4692=CARTESIAN_POINT('',(-8.15931754919568,10.3231824508043,21.9575714223915));
#4693=CARTESIAN_POINT('',(-7.57681754919509,10.3231824508043,35.2078401427782));
#4694=CARTESIAN_POINT('',(-7.57681754919572,10.3231824508043,21.6950714223912));
#4695=CARTESIAN_POINT('',(15.9731824508031,10.3231824508043,35.2078401427781));
#4696=CARTESIAN_POINT('',(-9.38931754919508,10.3231824508043,35.2078401427782));
#4697=CARTESIAN_POINT('',(15.9731824508043,10.3231824508043,21.9575714223911));
#4698=CARTESIAN_POINT('',(15.9731824508036,10.3231824508043,29.4575714223911));
#4699=CARTESIAN_POINT('',(11.5831824508041,10.3231824508043,21.9575714223916));
#4700=CARTESIAN_POINT('',(8.66068245080429,10.3231824508043,21.9575714223915));
#4701=CARTESIAN_POINT('',(11.5831824508041,10.3231824508043,20.9575714223915));
#4702=CARTESIAN_POINT('',(11.5831824508041,10.3231824508043,20.9450714223915));
#4703=CARTESIAN_POINT('',(13.4731824508036,10.3231824508056,20.9575714223915));
#4704=CARTESIAN_POINT('',(-0.726817549195709,10.3231824508043,20.9575714223915));
#4705=CARTESIAN_POINT('',(13.4731824508043,10.3231824508043,17.9145896032889));
#4706=CARTESIAN_POINT('',(13.4731824508043,10.3231824508043,20.4450714223915));
#4707=CARTESIAN_POINT('',(21.4231824508043,10.3231824508043,17.9145896032889));
#4708=CARTESIAN_POINT('',(15.4231824508043,10.3231824508043,17.9145896032889));
#4709=CARTESIAN_POINT('',(21.4231824508029,10.3231824508043,36.9575714223916));
#4710=CARTESIAN_POINT('',(21.4231824508036,10.3231824508043,29.4575714223916));
#4711=CARTESIAN_POINT('',(-17.876817549195,10.3231824508043,36.9575714223916));
#4712=CARTESIAN_POINT('',(-12.139317549195,10.3231824508043,36.9575714223913));
#4713=CARTESIAN_POINT('',(-17.8768175491957,10.3231824508043,17.9145896032889));
#4714=CARTESIAN_POINT('',(-17.8768175491957,10.3231824508043,9.07007142239148));
#4715=CARTESIAN_POINT('',(-14.9268175491957,10.3231824508043,17.9145896032889));
#4716=CARTESIAN_POINT('',(-14.4509089012577,10.3231824508043,17.9145896032889));
#4717=CARTESIAN_POINT('',(-14.9268175491957,10.3231824508043,20.9575714223915));
#4718=CARTESIAN_POINT('',(-14.9268175491957,10.3231824508043,14.3200714223915));
#4719=CARTESIAN_POINT('',(-11.9018175491957,10.3231824508043,20.9575714223915));
#4720=CARTESIAN_POINT('',(-10.3847858999221,10.3231824508043,28.6075714223663));
#4721=CARTESIAN_POINT('Origin',(-9.68478589992205,10.3231824508043,28.6075714223663));
#4722=CARTESIAN_POINT('',(17.4152141001128,10.3231824508043,28.6075714223664));
#4723=CARTESIAN_POINT('Origin',(18.1152141001128,10.3231824508043,28.6075714223664));
#4724=CARTESIAN_POINT('Origin',(10.4481824508043,9.8231824508043,20.9575714223915));
#4725=CARTESIAN_POINT('',(11.5831824508041,12.3231824508043,20.9575714223915));
#4726=CARTESIAN_POINT('',(11.5831824508041,11.0731824508043,20.9575714223915));
#4727=CARTESIAN_POINT('',(13.4731824508043,12.3231824508056,20.9575714223915));
#4728=CARTESIAN_POINT('',(1.3231824508043,12.3231824508043,20.9575714223915));
#4729=CARTESIAN_POINT('',(13.473182450804,9.82318245080393,20.9575714223915));
#4730=CARTESIAN_POINT('Origin',(10.4481824508043,9.8231824508043,20.9575714223915));
#4731=CARTESIAN_POINT('',(2.96318245080414,12.3231824508043,20.9575714223915));
#4732=CARTESIAN_POINT('',(2.96318245080413,11.0731824508043,20.9575714223915));
#4733=CARTESIAN_POINT('',(1.07318245080429,12.3231824508043,20.9575714223915));
#4734=CARTESIAN_POINT('',(1.07318245080522,11.3231824508068,20.9575714223915));
#4735=CARTESIAN_POINT('',(1.3231824508043,12.3231824508043,20.9575714223915));
#4736=CARTESIAN_POINT('Origin',(4.92318245080429,12.3231824508043,21.9575714223916));
#4737=CARTESIAN_POINT('',(11.5831824508041,16.9731824508043,21.9575714223916));
#4738=CARTESIAN_POINT('',(11.5831824508041,12.3231824508043,21.9575714223916));
#4739=CARTESIAN_POINT('',(15.9731824508043,16.9731824508043,21.9575714223911));
#4740=CARTESIAN_POINT('',(15.9731824508043,12.9856824508043,21.9575714223916));
#4741=CARTESIAN_POINT('',(15.4231824508043,16.9731824508043,21.9575714223916));
#4742=CARTESIAN_POINT('Origin',(-8.72681754919564,34.5731824508043,21.9575714223914));
#4743=CARTESIAN_POINT('',(-7.57681754919571,16.9731824508043,21.9575714223911));
#4744=CARTESIAN_POINT('',(-7.57681754919571,12.9856824508043,21.9575714223916));
#4745=CARTESIAN_POINT('',(-13.0368175491957,16.9731824508043,21.9575714223915));
#4746=CARTESIAN_POINT('',(-13.0368175491957,12.3231824508043,21.9575714223915));
#4747=CARTESIAN_POINT('',(-3.70181754919567,16.9731824508043,21.9575714223915));
#4748=CARTESIAN_POINT('Origin',(1.3231824508043,16.9731824508043,18.7825714223915));
#4749=CARTESIAN_POINT('',(15.4231824508043,16.9731824508043,-4.54242857347569));
#4750=CARTESIAN_POINT('',(-17.8768175491957,16.9731824508043,-4.54242857760853));
#4751=CARTESIAN_POINT('',(-8.87681754919571,16.9731824508043,-4.54242857760853));
#4752=CARTESIAN_POINT('',(-17.876817549195,16.9731824508043,36.9575714223916));
#4753=CARTESIAN_POINT('',(-17.8768175491957,16.9731824508043,22.9575714223916));
#4754=CARTESIAN_POINT('',(21.4231824508029,16.9731824508043,36.9575714223916));
#4755=CARTESIAN_POINT('',(-5.52681754919492,16.9731824508043,36.957571422391));
#4756=CARTESIAN_POINT('',(21.4231824508043,16.9731824508043,-2.54242857760853));
#4757=CARTESIAN_POINT('',(21.4231824508043,16.9731824508043,27.0200714223915));
#4758=CARTESIAN_POINT('',(15.4231824508043,16.9731824508043,-2.54242857760853));
#4759=CARTESIAN_POINT('',(15.4231824508043,16.9731824508043,-2.54242857760853));
#4760=CARTESIAN_POINT('',(15.4231824508043,16.9731824508043,-4.54235043347569));
#4761=CARTESIAN_POINT('',(-13.0368175491957,16.9731824508043,13.4375714223915));
#4762=CARTESIAN_POINT('',(-13.0368175491957,16.9731824508043,16.9950714223915));
#4763=CARTESIAN_POINT('',(-4.41681754919565,16.9731824508043,13.4375714223915));
#4764=CARTESIAN_POINT('',(-3.70181754919567,16.9731824508043,13.4375714223915));
#4765=CARTESIAN_POINT('',(-4.41681754919565,16.9731824508043,21.9575714223915));
#4766=CARTESIAN_POINT('',(-4.41681754919565,16.9731824508043,16.9950714223915));
#4767=CARTESIAN_POINT('',(2.96318245080411,16.9731824508043,21.9575714223916));
#4768=CARTESIAN_POINT('',(15.4231824508043,16.9731824508043,21.9575714223916));
#4769=CARTESIAN_POINT('',(2.96318245080411,16.9731824508043,13.4375714223915));
#4770=CARTESIAN_POINT('',(2.96318245080411,16.9731824508043,16.9950714223915));
#4771=CARTESIAN_POINT('',(11.5831824508041,16.9731824508043,13.4375714223915));
#4772=CARTESIAN_POINT('',(4.29818245080415,16.9731824508043,13.4375714223915));
#4773=CARTESIAN_POINT('',(11.5831824508041,16.9731824508043,16.9950714223915));
#4774=CARTESIAN_POINT('',(15.9731824508031,16.9731824508043,35.207840142778));
#4775=CARTESIAN_POINT('',(15.9731824508036,16.9731824508043,29.4575714223911));
#4776=CARTESIAN_POINT('',(-7.57681754919509,16.9731824508043,35.2078401427782));
#4777=CARTESIAN_POINT('',(-2.77681754919503,16.9731824508043,35.2078401427779));
#4778=CARTESIAN_POINT('',(-7.57681754919577,16.9731824508043,20.6200714223915));
#4779=CARTESIAN_POINT('',(-10.3847858999221,16.9731824508043,28.6075714223663));
#4780=CARTESIAN_POINT('Origin',(-9.68478589992205,16.9731824508043,28.6075714223663));
#4781=CARTESIAN_POINT('',(17.4152141001128,16.9731824508043,28.6075714223663));
#4782=CARTESIAN_POINT('Origin',(18.1152141001128,16.9731824508043,28.6075714223663));
#4783=CARTESIAN_POINT('',(13.4231824508044,16.9731824508043,4.20757142239142));
#4784=CARTESIAN_POINT('',(1.07318245080438,16.9731824508043,4.20757142239142));
#4785=CARTESIAN_POINT('',(4.28568245080435,16.9731824508043,4.20757142239142));
#4786=CARTESIAN_POINT('',(1.07318245080438,16.9731824508043,1.50757142239143));
#4787=CARTESIAN_POINT('',(1.07318245080438,16.9731824508043,10.8200714223915));
#4788=CARTESIAN_POINT('',(13.4231824508044,16.9731824508043,1.50757142239143));
#4789=CARTESIAN_POINT('',(2.30701784108804,16.9731824508043,1.50757142239143));
#4790=CARTESIAN_POINT('',(13.4231824508044,16.9731824508043,10.8200714223915));
#4791=CARTESIAN_POINT('',(-2.52681754919593,16.9731824508043,4.20757142239143));
#4792=CARTESIAN_POINT('',(-14.9268175491959,16.9731824508043,4.20757142239143));
#4793=CARTESIAN_POINT('',(-3.70181754919581,16.9731824508043,4.20757142239143));
#4794=CARTESIAN_POINT('',(-14.9268175491959,16.9731824508043,1.50757142239143));
#4795=CARTESIAN_POINT('',(-14.9268175491959,16.9731824508043,10.8200714223915));
#4796=CARTESIAN_POINT('',(-2.52681754919593,16.9731824508043,1.50757142239143));
#4797=CARTESIAN_POINT('',(-5.97103204750525,16.9731824508043,1.50757142239143));
#4798=CARTESIAN_POINT('',(-2.52681754919593,16.9731824508043,10.8200714223915));
#4799=CARTESIAN_POINT('Origin',(3.3731824508043,12.3231824508043,16.7325714223915));
#4800=CARTESIAN_POINT('',(-13.0368175491957,12.3231824508043,13.4375714223915));
#4801=CARTESIAN_POINT('',(-13.0368175491957,12.3231824508043,20.9575714223915));
#4802=CARTESIAN_POINT('',(-13.0368175491957,12.3231824508043,15.9700714223915));
#4803=CARTESIAN_POINT('',(-14.9268175491957,12.3231824508043,20.9575714223915));
#4804=CARTESIAN_POINT('',(-4.26431754919571,12.3231824508043,20.9575714223915));
#4805=CARTESIAN_POINT('',(-14.9268175491957,12.3231824508043,17.9145896032889));
#4806=CARTESIAN_POINT('',(-14.9268175491957,12.3231824508043,19.9575714223915));
#4807=CARTESIAN_POINT('',(-17.8768175491957,12.3231824508043,17.9145896032889));
#4808=CARTESIAN_POINT('',(-0.788408901257714,12.3231824508043,17.9145896032889));
#4809=CARTESIAN_POINT('',(-17.8768175491957,12.3231824508043,6.00000008940697));
#4810=CARTESIAN_POINT('',(-17.8768175491957,12.3231824508043,6.97007142239149));
#4811=CARTESIAN_POINT('',(-14.9268175491957,12.3231824508043,6.00000008940697));
#4812=CARTESIAN_POINT('',(-16.8768175491957,12.3231824508043,6.00000008940697));
#4813=CARTESIAN_POINT('',(-14.9268175491959,12.3231824508043,4.20757142239144));
#4814=CARTESIAN_POINT('',(-14.9268175491957,12.3231824508043,12.2200714223915));
#4815=CARTESIAN_POINT('',(-2.5268175491959,12.3231824508043,4.20757142239144));
#4816=CARTESIAN_POINT('',(-2.67681754919581,12.3231824508043,4.20757142239144));
#4817=CARTESIAN_POINT('',(-2.52681754919571,12.3231824508043,6.00000008940697));
#4818=CARTESIAN_POINT('',(-2.52681754919571,12.3231824508043,12.5809295731694));
#4819=CARTESIAN_POINT('',(1.07318245080429,12.3231824508043,6.00000008940697));
#4820=CARTESIAN_POINT('',(-0.788408901257714,12.3231824508043,6.00000008940697));
#4821=CARTESIAN_POINT('',(1.07318245080437,12.3231824508043,4.20757142239143));
#4822=CARTESIAN_POINT('',(1.07318245080429,12.3231824508043,12.5809295731694));
#4823=CARTESIAN_POINT('',(13.4231824508044,12.3231824508043,4.20757142239143));
#4824=CARTESIAN_POINT('',(5.31068245080435,12.3231824508043,4.20757142239143));
#4825=CARTESIAN_POINT('',(13.4231824508044,12.3231824508043,1.50757142239144));
#4826=CARTESIAN_POINT('',(13.4231824508044,12.3231824508043,9.79507142239147));
#4827=CARTESIAN_POINT('',(1.07318245080437,12.3231824508043,1.50757142239144));
#4828=CARTESIAN_POINT('',(3.77318245080434,12.3231824508043,1.50757142239144));
#4829=CARTESIAN_POINT('',(1.07318245080429,12.3231824508077,-2.59242857760853));
#4830=CARTESIAN_POINT('',(1.07318245080429,12.3231824508043,12.5809295731694));
#4831=CARTESIAN_POINT('',(7.27318245080429,12.3231824508077,-2.59242857761084));
#4832=CARTESIAN_POINT('',(3.7731824508007,12.3231824508043,-2.59242857760953));
#4833=CARTESIAN_POINT('',(13.0000001937151,12.3231824508043,-2.59242857760853));
#4834=CARTESIAN_POINT('',(5.81068245080424,12.3231824508043,-2.59242857760853));
#4835=CARTESIAN_POINT('',(13.0000001937151,12.3231824508043,-2.00000002980234));
#4836=CARTESIAN_POINT('',(13.0000001937151,12.3231824508043,6.63969809537624));
#4837=CARTESIAN_POINT('',(13.4731824508043,12.3231824508043,-2.00000002980234));
#4838=CARTESIAN_POINT('',(8.792386886532,12.3231824508043,-2.00000002980234));
#4839=CARTESIAN_POINT('',(13.4731824508043,12.3231824508043,6.00000008940697));
#4840=CARTESIAN_POINT('',(13.4731824508043,12.3231824508043,12.7075714223915));
#4841=CARTESIAN_POINT('',(21.4231824508043,12.3231824508043,6.00000008940697));
#4842=CARTESIAN_POINT('',(-0.788408901257714,12.3231824508043,6.00000008940697));
#4843=CARTESIAN_POINT('',(21.4231824508043,12.3231824508043,17.9145896032889));
#4844=CARTESIAN_POINT('',(21.4231824508043,12.3231824508043,11.8574331343697));
#4845=CARTESIAN_POINT('',(13.4731824508043,12.3231824508043,17.9145896032889));
#4846=CARTESIAN_POINT('',(15.4231824508043,12.3231824508043,17.9145896032889));
#4847=CARTESIAN_POINT('',(13.4731824508043,12.3231824508043,12.7075714223915));
#4848=CARTESIAN_POINT('',(11.5831824508041,12.3231824508043,13.4375714223915));
#4849=CARTESIAN_POINT('',(11.5831824508041,12.3231824508043,15.9700714223915));
#4850=CARTESIAN_POINT('',(2.96318245080414,12.3231824508043,13.4375714223915));
#4851=CARTESIAN_POINT('',(5.32318245080415,12.3231824508043,13.4375714223915));
#4852=CARTESIAN_POINT('',(2.96318245080413,12.3231824508043,15.9700714223915));
#4853=CARTESIAN_POINT('',(1.07318245080429,12.3231824508043,17.9145896032889));
#4854=CARTESIAN_POINT('',(1.07318245080429,12.3231824508043,12.5809295731694));
#4855=CARTESIAN_POINT('',(-2.52681754919571,12.3231824508043,17.9145896032889));
#4856=CARTESIAN_POINT('',(-0.788408901257714,12.3231824508043,17.9145896032889));
#4857=CARTESIAN_POINT('',(-2.52681754919571,12.3231824508043,19.9575714223915));
#4858=CARTESIAN_POINT('',(-4.41681754919566,12.3231824508043,13.4375714223915));
#4859=CARTESIAN_POINT('',(-4.41681754919566,12.3231824508043,15.9700714223915));
#4860=CARTESIAN_POINT('',(-2.67681754919568,12.3231824508043,13.4375714223915));
#4861=CARTESIAN_POINT('Ctrl Pts',(7.27318245080437,14.1064400202999,3.9075714223914));
#4862=CARTESIAN_POINT('Ctrl Pts',(7.15161573367504,14.1064400202999,3.9075714223914));
#4863=CARTESIAN_POINT('Ctrl Pts',(6.90945420887463,14.1913620604667,3.9075714223914));
#4864=CARTESIAN_POINT('Ctrl Pts',(6.67921843790567,14.5544185832783,3.9075714223914));
#4865=CARTESIAN_POINT('Ctrl Pts',(6.7882637312928,15.0344551292197,3.9075714223914));
#4866=CARTESIAN_POINT('Ctrl Pts',(7.11109349463193,15.1899248813087,3.9075714223914));
#4867=CARTESIAN_POINT('Ctrl Pts',(7.27318245080437,15.1899248813087,3.9075714223914));
#4868=CARTESIAN_POINT('Ctrl Pts',(7.27318245080437,14.0151529273823,3.9075714223914));
#4869=CARTESIAN_POINT('Ctrl Pts',(7.13122361500015,14.0151529273823,3.9075714223914));
#4870=CARTESIAN_POINT('Ctrl Pts',(6.84813593026148,14.1144360899455,3.9075714223914));
#4871=CARTESIAN_POINT('Ctrl Pts',(6.57927609486641,14.5385800298997,3.9075714223914));
#4872=CARTESIAN_POINT('Ctrl Pts',(6.70650605396498,15.0995035573974,3.9075714223914));
#4873=CARTESIAN_POINT('Ctrl Pts',(7.08390400306541,15.2812119742262,3.9075714223914));
#4874=CARTESIAN_POINT('Ctrl Pts',(7.27318245080437,15.2812119742262,3.9075714223914));
#4875=CARTESIAN_POINT('Ctrl Pts',(7.27318245080437,13.815216852387,3.96272068536284));
#4876=CARTESIAN_POINT('Ctrl Pts',(7.08633368861078,13.815216852387,3.96272068536284));
#4877=CARTESIAN_POINT('Ctrl Pts',(6.71390526701114,13.9458279667666,3.96272068536284));
#4878=CARTESIAN_POINT('Ctrl Pts',(6.36002906888382,14.5039856216383,3.96272068536284));
#4879=CARTESIAN_POINT('Ctrl Pts',(6.52755343692936,15.2420725781745,3.96272068536284));
#4880=CARTESIAN_POINT('Ctrl Pts',(7.02405076787958,15.4811480492216,3.96272068536284));
#4881=CARTESIAN_POINT('Ctrl Pts',(7.27318245080437,15.4811480492216,3.96272068536284));
#4882=CARTESIAN_POINT('Ctrl Pts',(7.27318245080437,13.6846972879713,4.12390541973799));
#4883=CARTESIAN_POINT('Ctrl Pts',(7.0567219516939,13.6846972879713,4.12390541973799));
#4884=CARTESIAN_POINT('Ctrl Pts',(6.62637057028011,13.8355896479995,4.12390541973799));
#4885=CARTESIAN_POINT('Ctrl Pts',(6.21642420292306,14.4815306415499,4.12390541973799));
#4886=CARTESIAN_POINT('Ctrl Pts',(6.41088372932418,15.3352785666668,4.12390541973799));
#4887=CARTESIAN_POINT('Ctrl Pts',(6.98456845199042,15.6116676136373,4.12390541973799));
#4888=CARTESIAN_POINT('Ctrl Pts',(7.27318245080437,15.6116676136373,4.12390541973799));
#4889=CARTESIAN_POINT('Ctrl Pts',(7.27318245080437,13.6481824508043,4.2075714223914));
#4890=CARTESIAN_POINT('Ctrl Pts',(7.04878297554795,13.6481824508043,4.2075714223914));
#4891=CARTESIAN_POINT('Ctrl Pts',(6.60177806848366,13.8049396759819,4.2075714223914));
#4892=CARTESIAN_POINT('Ctrl Pts',(6.17678685863031,14.4751041348992,4.2075714223914));
#4893=CARTESIAN_POINT('Ctrl Pts',(6.37807309217419,15.3612015105367,4.2075714223914));
#4894=CARTESIAN_POINT('Ctrl Pts',(6.97398315046248,15.6481824508043,4.2075714223914));
#4895=CARTESIAN_POINT('Ctrl Pts',(7.27318245080437,15.6481824508043,4.2075714223914));
#4896=CARTESIAN_POINT('Ctrl Pts',(7.27318245080437,15.1899248813087,3.9075714223914));
#4897=CARTESIAN_POINT('Ctrl Pts',(7.11109349463193,15.1899248813087,3.9075714223914));
#4898=CARTESIAN_POINT('Ctrl Pts',(6.94967861296237,15.1121900052642,3.9075714223914));
#4899=CARTESIAN_POINT('Ctrl Pts',(6.84914475514811,14.9860431952526,3.9075714223914));
#4900=CARTESIAN_POINT('Ctrl Pts',(6.74861089733385,14.859896385241,3.9075714223914));
#4901=CARTESIAN_POINT('Ctrl Pts',(6.70895806337489,14.6853376412623,3.9075714223914));
#4902=CARTESIAN_POINT('Ctrl Pts',(6.74458931075681,14.5275424029145,3.9075714223914));
#4903=CARTESIAN_POINT('Ctrl Pts',(6.77131274629325,14.4091959741536,3.9075714223914));
#4904=CARTESIAN_POINT('Ctrl Pts',(6.84038347758394,14.3002790173102,3.9075714223914));
#4905=CARTESIAN_POINT('Ctrl Pts',(6.93545922442939,14.2245900288467,3.9075714223914));
#4906=CARTESIAN_POINT('Ctrl Pts',(7.03053497127484,14.1489010403833,3.9075714223914));
#4907=CARTESIAN_POINT('Ctrl Pts',(7.15161573367504,14.1064400202999,3.9075714223914));
#4908=CARTESIAN_POINT('Ctrl Pts',(7.27318245080437,14.1064400202999,3.9075714223914));
#4909=CARTESIAN_POINT('Origin',(7.27318245080437,14.6481824508043,4.2075714223914));
#4910=CARTESIAN_POINT('Origin',(7.27318245080437,14.6481824508043,3.9075714223914));
#4911=CARTESIAN_POINT('Ctrl Pts',(-8.72681754919589,14.1064400202999,3.90757142239141));
#4912=CARTESIAN_POINT('Ctrl Pts',(-8.84838426632521,14.1064400202999,3.90757142239141));
#4913=CARTESIAN_POINT('Ctrl Pts',(-9.09054786305512,14.1913652161467,3.90757142239141));
#4914=CARTESIAN_POINT('Ctrl Pts',(-9.32077674780238,14.5544215299103,3.90757142239141));
#4915=CARTESIAN_POINT('Ctrl Pts',(-9.21173663428558,15.0344337572626,3.90757142239141));
#4916=CARTESIAN_POINT('Ctrl Pts',(-8.88890650536832,15.1899248813087,3.90757142239141));
#4917=CARTESIAN_POINT('Ctrl Pts',(-8.72681754919589,15.1899248813087,3.90757142239141));
#4918=CARTESIAN_POINT('Ctrl Pts',(-8.72681754919589,14.0151529273823,3.90757142239141));
#4919=CARTESIAN_POINT('Ctrl Pts',(-8.86877638500011,14.0151529273823,3.90757142239141));
#4920=CARTESIAN_POINT('Ctrl Pts',(-9.15186351532771,14.1144412822416,3.90757142239141));
#4921=CARTESIAN_POINT('Ctrl Pts',(-9.4207147308123,14.5385824688567,3.90757142239141));
#4922=CARTESIAN_POINT('Ctrl Pts',(-9.29349038141688,15.0994760898264,3.90757142239141));
#4923=CARTESIAN_POINT('Ctrl Pts',(-8.91609599693485,15.2812119742262,3.90757142239141));
#4924=CARTESIAN_POINT('Ctrl Pts',(-8.72681754919589,15.2812119742262,3.90757142239141));
#4925=CARTESIAN_POINT('Ctrl Pts',(-8.72681754919589,13.815221569295,3.96272789055889));
#4926=CARTESIAN_POINT('Ctrl Pts',(-8.91366631138948,13.815221569295,3.96272789055889));
#4927=CARTESIAN_POINT('Ctrl Pts',(-9.28609227633883,13.9458373030736,3.96272789055889));
#4928=CARTESIAN_POINT('Ctrl Pts',(-9.639957432446,14.5039906826212,3.96272789055889));
#4929=CARTESIAN_POINT('Ctrl Pts',(-9.47243948439525,15.2420350131438,3.96272789055889));
#4930=CARTESIAN_POINT('Ctrl Pts',(-8.97594923212068,15.4811433323136,3.96272789055889));
#4931=CARTESIAN_POINT('Ctrl Pts',(-8.72681754919589,15.4811433323136,3.96272789055889));
#4932=CARTESIAN_POINT('Ctrl Pts',(-8.72681754919589,13.6846972879713,4.123905419738));
#4933=CARTESIAN_POINT('Ctrl Pts',(-8.94327804830635,13.6846972879713,4.123905419738));
#4934=CARTESIAN_POINT('Ctrl Pts',(-9.37364130127079,13.8355911199133,4.123905419738));
#4935=CARTESIAN_POINT('Ctrl Pts',(-9.78357699893635,14.4815386450476,4.123905419738));
#4936=CARTESIAN_POINT('Ctrl Pts',(-9.58912790378094,15.3352474195416,4.123905419738));
#4937=CARTESIAN_POINT('Ctrl Pts',(-9.01543154800984,15.6116676136373,4.123905419738));
#4938=CARTESIAN_POINT('Ctrl Pts',(-8.72681754919589,15.6116676136373,4.123905419738));
#4939=CARTESIAN_POINT('Ctrl Pts',(-8.72681754919589,13.6481824508043,4.20757142239141));
#4940=CARTESIAN_POINT('Ctrl Pts',(-8.9512170244523,13.6481824508043,4.20757142239141));
#4941=CARTESIAN_POINT('Ctrl Pts',(-9.39822575608224,13.8049455010378,4.20757142239141));
#4942=CARTESIAN_POINT('Ctrl Pts',(-9.82320425468888,14.4751095740745,4.2075714223914));
#4943=CARTESIAN_POINT('Ctrl Pts',(-9.62192758264513,15.3611620601339,4.20757142239141));
#4944=CARTESIAN_POINT('Ctrl Pts',(-9.02601684953777,15.6481824508043,4.20757142239141));
#4945=CARTESIAN_POINT('Ctrl Pts',(-8.72681754919589,15.6481824508043,4.20757142239141));
#4946=CARTESIAN_POINT('Ctrl Pts',(-8.72681754919589,15.1899248813087,3.90757142239141));
#4947=CARTESIAN_POINT('Ctrl Pts',(-8.88890650536832,15.1899248813087,3.90757142239141));
#4948=CARTESIAN_POINT('Ctrl Pts',(-9.05032156982695,15.1121793192856,3.90757142239141));
#4949=CARTESIAN_POINT('Ctrl Pts',(-9.15085457724113,14.9860315878464,3.90757142239141));
#4950=CARTESIAN_POINT('Ctrl Pts',(-9.25138758465532,14.8598838564072,3.90757142239141));
#4951=CARTESIAN_POINT('Ctrl Pts',(-9.29103853502507,14.6853339555518,3.90757142239141));
#4952=CARTESIAN_POINT('Ctrl Pts',(-9.25540805438416,14.5275425548964,3.90757142239141));
#4953=CARTESIAN_POINT('Ctrl Pts',(-9.22868519390348,14.4091990044049,3.90757142239141));
#4954=CARTESIAN_POINT('Ctrl Pts',(-9.1596165284793,14.3002821102758,3.90757142239141));
#4955=CARTESIAN_POINT('Ctrl Pts',(-9.06454129658473,14.2245923642495,3.90757142239141));
#4956=CARTESIAN_POINT('Ctrl Pts',(-8.96946606469017,14.1489026182233,3.90757142239141));
#4957=CARTESIAN_POINT('Ctrl Pts',(-8.84838426632521,14.1064400202999,3.90757142239141));
#4958=CARTESIAN_POINT('Ctrl Pts',(-8.72681754919589,14.1064400202999,3.90757142239141));
#4959=CARTESIAN_POINT('Origin',(-8.72681754919589,14.6481824508043,4.20757142239141));
#4960=CARTESIAN_POINT('Origin',(-8.72681754919589,14.6481824508043,3.90757142239141));
#4961=CARTESIAN_POINT('Origin',(-9.68478589992206,3.97318245080429,28.6075714223663));
#4962=CARTESIAN_POINT('',(-10.3847858999221,3.9731824508043,28.6075714223663));
#4963=CARTESIAN_POINT('Origin',(18.1152141001128,11.4731824508043,28.6075714223664));
#4964=CARTESIAN_POINT('',(17.4152141001128,11.4731824508043,28.6075714223664));
#4965=CARTESIAN_POINT('Origin',(-7.57681754919568,13.6481824508043,22.4575714223911));
#4966=CARTESIAN_POINT('',(-7.57681754919509,13.6481824508043,35.2078401427782));
#4967=CARTESIAN_POINT('Origin',(15.9731824508036,13.6481824508043,29.4575714223911));
#4968=CARTESIAN_POINT('',(15.9731824508031,13.6481824508043,35.2078401427781));
#4969=CARTESIAN_POINT('Origin',(4.92318245080429,12.3231824508043,21.9575714223916));
#4970=CARTESIAN_POINT('',(-4.41681754919566,12.3231824508043,21.9575714223916));
#4971=CARTESIAN_POINT('',(2.96318245080412,14.6481824508043,21.9575714223916));
#4972=CARTESIAN_POINT('Origin',(-11.9018175491957,10.3231824508043,20.9325714223915));
#4973=CARTESIAN_POINT('',(15.4231824508043,10.3231824508043,-4.54242857347568));
#4974=CARTESIAN_POINT('',(15.4231824508043,10.3231824508043,-2.54242857760853));
#4975=CARTESIAN_POINT('',(15.4231824508043,10.3231824508043,-3.45317523163901));
#4976=CARTESIAN_POINT('',(21.4231824508043,10.3231824508043,-2.54242857760853));
#4977=CARTESIAN_POINT('',(15.4231824508043,10.3231824508043,-2.54242857760853));
#4978=CARTESIAN_POINT('',(21.4231824508043,10.3231824508043,6.00000008940697));
#4979=CARTESIAN_POINT('',(21.4231824508043,10.3231824508043,26.4950714223916));
#4980=CARTESIAN_POINT('',(13.4731824508043,10.3231824508043,6.00000008940697));
#4981=CARTESIAN_POINT('',(1.76068245080429,10.3231824508043,6.00000008940697));
#4982=CARTESIAN_POINT('',(13.4731824508043,10.3231824508043,-2.00000002980234));
#4983=CARTESIAN_POINT('',(13.4731824508043,10.3231824508043,14.8075714223915));
#4984=CARTESIAN_POINT('',(13.0000001937151,10.3231824508043,-2.00000002980234));
#4985=CARTESIAN_POINT('',(14.2115913222597,10.3231824508043,-2.00000002980234));
#4986=CARTESIAN_POINT('',(13.0000001937151,10.3231824508043,-2.59242857760853));
#4987=CARTESIAN_POINT('',(13.0000001937151,10.3231824508043,-3.45317523163901));
#4988=CARTESIAN_POINT('',(11.7676234616564,10.3231824508043,-2.59242857760853));
#4989=CARTESIAN_POINT('',(9.34818245080423,10.3231824508043,-2.59242857760853));
#4990=CARTESIAN_POINT('',(11.7676234616444,10.3231824508176,-4.54242857760853));
#4991=CARTESIAN_POINT('',(11.7676234616564,10.3231824508043,-4.59242857761084));
#4992=CARTESIAN_POINT('',(1.154886886532,10.3231824508043,-4.54242857347568));
#4993=CARTESIAN_POINT('Origin',(15.4231824508043,13.6481824508043,-3.45317523163901));
#4994=CARTESIAN_POINT('',(15.4231824508043,12.3231824508043,-2.54242857760853));
#4995=CARTESIAN_POINT('',(15.4231824508043,13.6481824508043,-4.54242857347568));
#4996=CARTESIAN_POINT('Origin',(14.2115913222597,13.6481824508043,-2.00000002980234));
#4997=CARTESIAN_POINT('',(13.4731824508053,11.7356824508052,-2.00000002980234));
#4998=CARTESIAN_POINT('',(13.0000001937151,13.6481824508043,-2.00000002980234));
#4999=CARTESIAN_POINT('Origin',(13.0000001937151,13.6481824508043,-3.45317523163901));
#5000=CARTESIAN_POINT('',(13.0000001937151,11.7356824508051,-2.59242857760853));
#5001=CARTESIAN_POINT('Origin',(7.42318245080429,12.3231824508043,-4.54242857760853));
#5002=CARTESIAN_POINT('',(2.77874143995704,10.3231824508092,-4.54242857760853));
#5003=CARTESIAN_POINT('Origin',(7.27318245080447,6.27318245080769,-4.54242857760853));
#5004=CARTESIAN_POINT('',(-4.23237653834543,10.3231824508027,-4.54242857760853));
#5005=CARTESIAN_POINT('',(-0.726817549193845,10.323182450806,-4.54242857760853));
#5006=CARTESIAN_POINT('',(-13.2212585600535,10.3231824507943,-4.54242857760853));
#5007=CARTESIAN_POINT('Origin',(-8.7268175491957,6.2731824508043,-4.54242857760853));
#5008=CARTESIAN_POINT('',(-17.8768175491957,10.3231824508043,-4.54242857760853));
#5009=CARTESIAN_POINT('',(-0.726817549193845,10.323182450806,-4.54242857760853));
#5010=CARTESIAN_POINT('',(-17.8768175491957,12.3231824508043,-4.54242857760853));
#5011=CARTESIAN_POINT('Origin',(8.24818245080417,9.82318245080599,-2.59242857760853));
#5012=CARTESIAN_POINT('Origin',(7.27318245080447,6.27318245080769,-2.59242857760853));
#5013=CARTESIAN_POINT('Origin',(-17.8768175491957,12.3231824508043,-2.79242857760853));
#5014=CARTESIAN_POINT('',(-17.8768175491957,12.9856824508043,36.9575714223916));
#5015=CARTESIAN_POINT('',(-17.8768175491957,10.3231824508043,6.00000008940697));
#5016=CARTESIAN_POINT('',(-17.8768175491957,10.3231824508043,9.07007142239148));
#5017=CARTESIAN_POINT('',(-17.8768175491957,1.7731824508043,6.00000008940697));
#5018=CARTESIAN_POINT('',(-17.8768175491957,1.7731824508043,17.9145896032889));
#5019=CARTESIAN_POINT('Origin',(6.93130253176878,13.6481824508043,35.2078401427781));
#5020=CARTESIAN_POINT('Origin',(19.0481824508029,13.6481824508043,36.9575714223914));
#5021=CARTESIAN_POINT('',(21.4231824508029,13.6481824508043,36.9575714223916));
#5022=CARTESIAN_POINT('Origin',(15.4231824508043,-8.77681754919571,6.00000008940697));
#5023=CARTESIAN_POINT('',(-14.9268175491957,10.3231824508043,6.00000008940697));
#5024=CARTESIAN_POINT('',(1.76068245080429,10.3231824508043,6.00000008940697));
#5025=CARTESIAN_POINT('',(-14.9268175491957,0.523182450804297,6.00000008940697));
#5026=CARTESIAN_POINT('Origin',(-11.9018175491957,10.3231824508043,20.9325714223915));
#5027=CARTESIAN_POINT('',(-13.2212585600446,10.3231824508043,-2.59242857760853));
#5028=CARTESIAN_POINT('',(-13.2212585600446,10.3231824508043,-4.59242857760846));
#5029=CARTESIAN_POINT('',(-14.9268175491957,10.3231824508043,-2.59242857760853));
#5030=CARTESIAN_POINT('',(-10.3143175491957,10.3231824508043,-2.59242857760853));
#5031=CARTESIAN_POINT('',(-14.9268175491957,10.3231824508043,14.3200714223915));
#5032=CARTESIAN_POINT('Origin',(15.4231824508043,10.3231824508043,-2.54242857760853));
#5033=CARTESIAN_POINT('',(21.4231824508043,12.3231824508043,-2.54242857760853));
#5034=CARTESIAN_POINT('Origin',(21.4231824508043,12.3231824508043,11.7575714223915));
#5035=CARTESIAN_POINT('',(21.4231824508043,1.7731824508043,17.9145896032889));
#5036=CARTESIAN_POINT('',(21.4231824508043,1.7731824508043,6.00000008940697));
#5037=CARTESIAN_POINT('Origin',(-8.72681754919571,9.8231824508043,-2.59242857760853));
#5038=CARTESIAN_POINT('',(-8.72681754919571,12.3231824508043,-2.59242857760846));
#5039=CARTESIAN_POINT('Origin',(-8.7268175491957,6.2731824508043,-2.59242857760853));
#5040=CARTESIAN_POINT('',(-14.9268175491957,12.3231824508043,-2.59242857760853));
#5041=CARTESIAN_POINT('',(-2.6768175491957,12.3231824508043,-2.59242857760853));
#5042=CARTESIAN_POINT('',(-14.9268175491957,9.8231824508043,-2.59242857760853));
#5043=CARTESIAN_POINT('Origin',(13.473182450804,9.82318245080564,8.68257142239148));
#5044=CARTESIAN_POINT('',(13.4731824507975,0.523182450794479,17.9145896032889));
#5045=CARTESIAN_POINT('Origin',(-13.0368175491956,34.5731824508043,15.2075714223914));
#5046=CARTESIAN_POINT('',(-13.0368175491956,34.5731824508043,13.4375714223914));
#5047=CARTESIAN_POINT('',(-13.0368175491957,11.0731824508043,20.9575714223915));
#5048=CARTESIAN_POINT('Origin',(-8.72681754919564,34.5731824508043,13.4375714223914));
#5049=CARTESIAN_POINT('',(-4.41681754919563,34.5731824508043,13.4375714223914));
#5050=CARTESIAN_POINT('Origin',(-4.41681754919563,34.5731824508043,15.2075714223914));
#5051=CARTESIAN_POINT('Origin',(2.96318245080401,34.5731824508043,15.2075714223914));
#5052=CARTESIAN_POINT('',(2.96318245080401,34.5731824508043,13.4375714223914));
#5053=CARTESIAN_POINT('Origin',(7.27318245080401,34.5731824508043,13.4375714223914));
#5054=CARTESIAN_POINT('',(11.583182450804,34.5731824508043,13.4375714223914));
#5055=CARTESIAN_POINT('Origin',(11.583182450804,34.5731824508043,15.2075714223914));
#5056=CARTESIAN_POINT('Origin',(13.4231824508045,34.5731824508043,2.8575714223914));
#5057=CARTESIAN_POINT('',(13.4231824508045,34.5731824508043,4.2075714223914));
#5058=CARTESIAN_POINT('',(13.4231824508045,34.5731824508043,1.50757142239141));
#5059=CARTESIAN_POINT('Origin',(3.2908532313718,34.5731824508043,4.2075714223914));
#5060=CARTESIAN_POINT('',(1.07318245080443,34.5731824508043,4.2075714223914));
#5061=CARTESIAN_POINT('Origin',(-3.80859957179933,34.5731824508043,4.20757142239141));
#5062=CARTESIAN_POINT('',(-14.926817549196,34.5731824508043,4.20757142239141));
#5063=CARTESIAN_POINT('',(-2.52681754919605,34.5731824508043,4.20757142239141));
#5064=CARTESIAN_POINT('Origin',(3.3731824508043,12.3231824508043,16.7325714223915));
#5065=CARTESIAN_POINT('',(-2.52681754919571,12.3231824508043,-2.59242857760853));
#5066=CARTESIAN_POINT('',(-2.5268175491959,12.3231824508043,1.50757142239144));
#5067=CARTESIAN_POINT('',(-2.52681754919571,12.3231824508043,12.5809295731694));
#5068=CARTESIAN_POINT('',(-14.9268175491959,12.3231824508043,1.50757142239144));
#5069=CARTESIAN_POINT('',(-4.22681754919576,12.3231824508043,1.50757142239149));
#5070=CARTESIAN_POINT('',(-14.9268175491957,12.3231824508043,4.50757142239146));
#5071=CARTESIAN_POINT('',(-1.12681754919581,12.3231824508043,-2.59242857760855));
#5072=CARTESIAN_POINT('Origin',(-2.52681754919478,11.3231824508043,8.42928772394736));
#5073=CARTESIAN_POINT('',(-2.52681754918541,1.27318245081106,17.9145896032889));
#5074=CARTESIAN_POINT('Origin',(-3.80859957179933,34.5731824508043,1.50757142239141));
#5075=CARTESIAN_POINT('',(-2.52681754919605,34.5731824508043,1.50757142239141));
#5076=CARTESIAN_POINT('',(-14.926817549196,34.5731824508043,1.50757142239141));
#5077=CARTESIAN_POINT('',(-9.72681754919589,14.6481824508043,1.50757142239147));
#5078=CARTESIAN_POINT('Origin',(-8.72681754919589,14.6481824508043,1.50757142239147));
#5079=CARTESIAN_POINT('Origin',(-8.72681754919589,14.6481824508043,1.80757142239147));
#5080=CARTESIAN_POINT('',(-9.2685599797003,14.6481824508043,1.80757142239147));
#5081=CARTESIAN_POINT('Origin',(-8.72681754919589,14.6481824508043,1.80757142239147));
#5082=CARTESIAN_POINT('Origin',(-8.72681754919589,14.6481824508043,1.30757142239147));
#5083=CARTESIAN_POINT('Origin',(-9.2685599797003,14.6481824508043,1.30757142239147));
#5084=CARTESIAN_POINT('Origin',(3.2908532313718,34.5731824508043,1.50757142239141));
#5085=CARTESIAN_POINT('',(1.07318245080443,34.5731824508043,1.50757142239141));
#5086=CARTESIAN_POINT('',(6.27318245080437,14.6481824508043,1.50757142239144));
#5087=CARTESIAN_POINT('Origin',(7.27318245080437,14.6481824508043,1.50757142239144));
#5088=CARTESIAN_POINT('Origin',(7.27318245080437,14.6481824508043,1.80757142239144));
#5089=CARTESIAN_POINT('',(6.73144002029995,14.6481824508043,1.80757142239144));
#5090=CARTESIAN_POINT('Origin',(7.27318245080437,14.6481824508043,1.80757142239144));
#5091=CARTESIAN_POINT('Origin',(7.27318245080437,14.6481824508043,1.30757142239144));
#5092=CARTESIAN_POINT('Origin',(6.73144002029995,14.6481824508043,1.30757142239144));
#5093=CARTESIAN_POINT('Origin',(1.07318245080522,11.3231824508077,8.42928772394736));
#5094=CARTESIAN_POINT('',(1.07318245081459,1.27318245081442,17.9145896032889));
#5095=CARTESIAN_POINT('Origin',(1.07318245080522,11.3231824508077,8.42928772394736));
#5096=CARTESIAN_POINT('',(1.07318245080615,10.3231824508077,6.00000008940697));
#5097=CARTESIAN_POINT('',(1.07318245081459,1.2731824507993,6.00000008940697));
#5098=CARTESIAN_POINT('',(1.07318245080405,10.3231824508077,-2.59242857760853));
#5099=CARTESIAN_POINT('',(1.07318245080615,10.3231824508077,8.42928772394736));
#5100=CARTESIAN_POINT('',(1.07318245080598,10.3106824508062,-2.59242857760853));
#5101=CARTESIAN_POINT('Origin',(-14.9268175491957,9.8231824508043,7.70757142239148));
#5102=CARTESIAN_POINT('',(-14.9268175491957,0.523182450804305,17.9145896032889));
#5103=CARTESIAN_POINT('',(-14.9268175491957,9.8231824508043,20.9575714223915));
#5104=CARTESIAN_POINT('Origin',(-14.9268175491957,9.8231824508043,7.70757142239148));
#5105=CARTESIAN_POINT('Origin',(13.473182450804,9.82318245080564,8.68257142239148));
#5106=CARTESIAN_POINT('',(13.4731824507975,0.523182450805641,6.00000008940697));
#5107=CARTESIAN_POINT('Origin',(-17.0000002533197,-8.77681754919569,17.9145896032889));
#5108=CARTESIAN_POINT('Origin',(15.4231824508043,-8.77681754919571,6.00000008940697));
#5109=CARTESIAN_POINT('Origin',(15.4231824508043,-8.77681754919571,6.00000008940697));
#5110=CARTESIAN_POINT('',(-2.52681754919384,10.3231824508043,6.00000008940697));
#5111=CARTESIAN_POINT('',(-2.52681754918541,1.27318245079594,6.00000008940697));
#5112=CARTESIAN_POINT('',(1.76068245080429,10.3231824508043,6.00000008940697));
#5113=CARTESIAN_POINT('Origin',(-17.0000002533197,-8.77681754919569,17.9145896032889));
#5114=CARTESIAN_POINT('Origin',(-17.0000002533197,-8.77681754919569,17.9145896032889));
#5115=CARTESIAN_POINT('Origin',(7.27318245080447,6.27318245080769,-4.59242857761084));
#5116=CARTESIAN_POINT('',(2.77874143995258,10.3231824508043,-2.59242857760853));
#5117=CARTESIAN_POINT('Origin',(7.27318245080447,6.27318245080769,-2.59242857760968));
#5118=CARTESIAN_POINT('',(2.77874143995258,10.3231824508043,-4.59242857761084));
#5119=CARTESIAN_POINT('Origin',(4.17318245080429,9.29818245080769,-2.59242857760968));
#5120=CARTESIAN_POINT('',(9.34818245080423,10.3231824508043,-2.59242857760853));
#5121=CARTESIAN_POINT('Origin',(-2.52681754919478,11.3231824508043,8.42928772394736));
#5122=CARTESIAN_POINT('',(-2.52681754919571,10.3231824508043,-2.59242857760853));
#5123=CARTESIAN_POINT('',(-2.52681754919384,10.3231824508043,8.42928772394736));
#5124=CARTESIAN_POINT('',(-2.52681754919571,9.2981824508043,-2.59242857760853));
#5125=CARTESIAN_POINT('Origin',(-11.9018175491957,10.3231824508043,20.9325714223915));
#5126=CARTESIAN_POINT('',(-4.23237653834686,10.3231824508043,-2.59242857760853));
#5127=CARTESIAN_POINT('',(-4.23237653834686,10.3231824508043,-4.59242857760846));
#5128=CARTESIAN_POINT('',(-10.3143175491957,10.3231824508043,-2.59242857760853));
#5129=CARTESIAN_POINT('Origin',(-8.7268175491957,6.2731824508043,-4.59242857760846));
#5130=CARTESIAN_POINT('Origin',(-8.7268175491957,6.2731824508043,-2.5924285776085));
#5131=CARTESIAN_POINT('Origin',(-5.62681754919571,9.2981824508043,-2.5924285776085));
#5132=CARTESIAN_POINT('Origin',(-11.9018175491957,9.8231824508043,20.9575714223915));
#5133=UNCERTAINTY_MEASURE_WITH_UNIT(LENGTH_MEASURE(0.01),#5137,
'DISTANCE_ACCURACY_VALUE',
'Maximum model space distance between geometric entities at asserted c
onnectivities');
#5134=UNCERTAINTY_MEASURE_WITH_UNIT(LENGTH_MEASURE(0.01),#5137,
'DISTANCE_ACCURACY_VALUE',
'Maximum model space distance between geometric entities at asserted c
onnectivities');
#5135=(
GEOMETRIC_REPRESENTATION_CONTEXT(3)
GLOBAL_UNCERTAINTY_ASSIGNED_CONTEXT((#5133))
GLOBAL_UNIT_ASSIGNED_CONTEXT((#5137,#5139,#5140))
REPRESENTATION_CONTEXT('','3D')
);
#5136=(
GEOMETRIC_REPRESENTATION_CONTEXT(3)
GLOBAL_UNCERTAINTY_ASSIGNED_CONTEXT((#5134))
GLOBAL_UNIT_ASSIGNED_CONTEXT((#5137,#5139,#5140))
REPRESENTATION_CONTEXT('','3D')
);
#5137=(
LENGTH_UNIT()
NAMED_UNIT(*)
SI_UNIT(.MILLI.,.METRE.)
);
#5138=(
LENGTH_UNIT()
NAMED_UNIT(*)
SI_UNIT($,.METRE.)
);
#5139=(
NAMED_UNIT(*)
PLANE_ANGLE_UNIT()
SI_UNIT($,.RADIAN.)
);
#5140=(
NAMED_UNIT(*)
SI_UNIT($,.STERADIAN.)
SOLID_ANGLE_UNIT()
);
#5141=SHAPE_DEFINITION_REPRESENTATION(#5142,#5143);
#5142=PRODUCT_DEFINITION_SHAPE('',$,#5145);
#5143=SHAPE_REPRESENTATION('',(#3060),#5135);
#5144=PRODUCT_DEFINITION_CONTEXT('part definition',#5149,'design');
#5145=PRODUCT_DEFINITION('bracket_SG90','bracket_SG90',#5146,#5144);
#5146=PRODUCT_DEFINITION_FORMATION('',$,#5151);
#5147=PRODUCT_RELATED_PRODUCT_CATEGORY('bracket_SG90','bracket_SG90',(#5151));
#5148=APPLICATION_PROTOCOL_DEFINITION('international standard',
'automotive_design',2009,#5149);
#5149=APPLICATION_CONTEXT(
'Core Data for Automotive Mechanical Design Process');
#5150=PRODUCT_CONTEXT('part definition',#5149,'mechanical');
#5151=PRODUCT('bracket_SG90','bracket_SG90',$,(#5150));
#5152=PRESENTATION_STYLE_ASSIGNMENT((#5154));
#5153=PRESENTATION_STYLE_ASSIGNMENT((#5155));
#5154=SURFACE_STYLE_USAGE(.BOTH.,#5156);
#5155=SURFACE_STYLE_USAGE(.BOTH.,#5157);
#5156=SURFACE_SIDE_STYLE('',(#5158));
#5157=SURFACE_SIDE_STYLE('',(#5159));
#5158=SURFACE_STYLE_FILL_AREA(#5160);
#5159=SURFACE_STYLE_FILL_AREA(#5161);
#5160=FILL_AREA_STYLE('\X2\92FC\X0\ - \X2\30B530C630F3\X0\',(#5162));
#5161=FILL_AREA_STYLE('Opaque(160,160,160)',(#5163));
#5162=FILL_AREA_STYLE_COLOUR('\X2\92FC\X0\ - \X2\30B530C630F3\X0\',#5164);
#5163=FILL_AREA_STYLE_COLOUR('Opaque(160,160,160)',#5165);
#5164=COLOUR_RGB('\X2\92FC\X0\ - \X2\30B530C630F3\X0\',0.627450980392157,
0.627450980392157,0.627450980392157);
#5165=COLOUR_RGB('Opaque(160,160,160)',0.627450980392157,0.627450980392157,
0.627450980392157);
ENDSEC;
END-ISO-10303-21;
