ISO-10303-21;
HEADER;
/* Generated by software containing ST-Developer
 * from STEP Tools, Inc. (www.steptools.com) 
 */

FILE_DESCRIPTION(
/* description */ (''),
/* implementation_level */ '2;1');

FILE_NAME(
/* name */ 'Servo_Linear.step',
/* time_stamp */ '2026-07-28T10:15:33+09:00',
/* author */ (''),
/* organization */ (''),
/* preprocessor_version */ 'ST-DEVELOPER v20.1',
/* originating_system */ 'Autodesk Translation Framework v15.8.0.0',
/* authorisation */ '');

FILE_SCHEMA (('AUTOMOTIVE_DESIGN { 1 0 10303 214 3 1 1 }'));
ENDSEC;

DATA;
#10=MECHANICAL_DESIGN_GEOMETRIC_PRESENTATION_REPRESENTATION('',(#13,#14,
#15),#10468);
#11=SHAPE_REPRESENTATION_RELATIONSHIP('SRR','None',#10475,#12);
#12=ADVANCED_BREP_SHAPE_REPRESENTATION('',(#16,#17,#18),#10467);
#13=STYLED_ITEM('',(#10485),#16);
#14=STYLED_ITEM('',(#10486),#17);
#15=STYLED_ITEM('',(#10485),#18);
#16=MANIFOLD_SOLID_BREP('Gear',#6154);
#17=MANIFOLD_SOLID_BREP('Guide',#6155);
#18=MANIFOLD_SOLID_BREP('RackGear',#6156);
#19=CYLINDRICAL_SURFACE('',#6238,3.625);
#20=CYLINDRICAL_SURFACE('',#6256,0.508);
#21=CYLINDRICAL_SURFACE('',#6258,0.508);
#22=CYLINDRICAL_SURFACE('',#6262,0.508);
#23=CYLINDRICAL_SURFACE('',#6264,0.508);
#24=CYLINDRICAL_SURFACE('',#6269,0.508);
#25=CYLINDRICAL_SURFACE('',#6272,0.508);
#26=CYLINDRICAL_SURFACE('',#6274,0.508);
#27=CYLINDRICAL_SURFACE('',#6278,0.508);
#28=CYLINDRICAL_SURFACE('',#6281,0.508);
#29=CYLINDRICAL_SURFACE('',#6284,0.508);
#30=CYLINDRICAL_SURFACE('',#6286,0.508);
#31=CYLINDRICAL_SURFACE('',#6289,0.508);
#32=CYLINDRICAL_SURFACE('',#6292,0.508);
#33=CYLINDRICAL_SURFACE('',#6295,0.508);
#34=CYLINDRICAL_SURFACE('',#6297,0.508);
#35=CYLINDRICAL_SURFACE('',#6300,0.508);
#36=CYLINDRICAL_SURFACE('',#6303,0.508);
#37=CYLINDRICAL_SURFACE('',#6306,0.508000000000001);
#38=CYLINDRICAL_SURFACE('',#6308,0.508);
#39=CYLINDRICAL_SURFACE('',#6311,0.508);
#40=CYLINDRICAL_SURFACE('',#6314,0.508);
#41=CYLINDRICAL_SURFACE('',#6316,0.508);
#42=CYLINDRICAL_SURFACE('',#6319,0.508);
#43=CYLINDRICAL_SURFACE('',#6322,0.508);
#44=CYLINDRICAL_SURFACE('',#6324,0.508);
#45=CYLINDRICAL_SURFACE('',#6327,0.508);
#46=CYLINDRICAL_SURFACE('',#6330,0.508);
#47=CYLINDRICAL_SURFACE('',#6333,0.508);
#48=CYLINDRICAL_SURFACE('',#6335,0.508);
#49=CYLINDRICAL_SURFACE('',#6338,0.508);
#50=CYLINDRICAL_SURFACE('',#6341,0.508);
#51=CYLINDRICAL_SURFACE('',#6344,0.508);
#52=CYLINDRICAL_SURFACE('',#6346,0.508);
#53=CYLINDRICAL_SURFACE('',#6349,0.508);
#54=CYLINDRICAL_SURFACE('',#6352,0.508);
#55=CYLINDRICAL_SURFACE('',#6354,0.508);
#56=CYLINDRICAL_SURFACE('',#6357,0.508);
#57=CYLINDRICAL_SURFACE('',#6360,0.508);
#58=CYLINDRICAL_SURFACE('',#6363,0.508);
#59=CYLINDRICAL_SURFACE('',#6365,0.508);
#60=CYLINDRICAL_SURFACE('',#6368,0.508);
#61=CYLINDRICAL_SURFACE('',#6370,0.508);
#62=CYLINDRICAL_SURFACE('',#6373,0.508);
#63=CYLINDRICAL_SURFACE('',#6375,0.508);
#64=CYLINDRICAL_SURFACE('',#6378,0.508);
#65=CYLINDRICAL_SURFACE('',#6380,0.508);
#66=CYLINDRICAL_SURFACE('',#6383,0.508);
#67=CYLINDRICAL_SURFACE('',#6385,0.508);
#68=CYLINDRICAL_SURFACE('',#6388,0.508);
#69=CYLINDRICAL_SURFACE('',#6390,0.508);
#70=CYLINDRICAL_SURFACE('',#6393,0.508);
#71=CYLINDRICAL_SURFACE('',#6395,0.508);
#72=CYLINDRICAL_SURFACE('',#6398,0.508);
#73=CYLINDRICAL_SURFACE('',#6400,0.508);
#74=CYLINDRICAL_SURFACE('',#6403,0.508);
#75=CYLINDRICAL_SURFACE('',#6405,0.508);
#76=CYLINDRICAL_SURFACE('',#6408,0.508);
#77=CYLINDRICAL_SURFACE('',#6410,0.508);
#78=CYLINDRICAL_SURFACE('',#6413,0.508);
#79=CYLINDRICAL_SURFACE('',#6415,0.508);
#80=CYLINDRICAL_SURFACE('',#6418,0.508);
#81=CYLINDRICAL_SURFACE('',#6420,0.508);
#82=CYLINDRICAL_SURFACE('',#6423,0.508);
#83=CYLINDRICAL_SURFACE('',#6425,0.508);
#84=CYLINDRICAL_SURFACE('',#6428,0.508);
#85=CYLINDRICAL_SURFACE('',#6430,0.508);
#86=CYLINDRICAL_SURFACE('',#6433,0.508);
#87=CYLINDRICAL_SURFACE('',#6435,0.508);
#88=CYLINDRICAL_SURFACE('',#6466,0.508);
#89=CYLINDRICAL_SURFACE('',#6467,0.508);
#90=CYLINDRICAL_SURFACE('',#6468,0.508);
#91=CYLINDRICAL_SURFACE('',#6469,0.508);
#92=CYLINDRICAL_SURFACE('',#6470,0.508);
#93=CYLINDRICAL_SURFACE('',#6471,0.508);
#94=CYLINDRICAL_SURFACE('',#6472,0.508);
#95=CYLINDRICAL_SURFACE('',#6473,0.508);
#96=CYLINDRICAL_SURFACE('',#6474,0.508);
#97=CYLINDRICAL_SURFACE('',#6475,0.508);
#98=CYLINDRICAL_SURFACE('',#6476,0.508);
#99=CYLINDRICAL_SURFACE('',#6477,0.508);
#100=CYLINDRICAL_SURFACE('',#6478,0.508);
#101=CYLINDRICAL_SURFACE('',#6479,0.508);
#102=CYLINDRICAL_SURFACE('',#6480,0.508);
#103=CYLINDRICAL_SURFACE('',#6481,0.508);
#104=CYLINDRICAL_SURFACE('',#6482,0.508);
#105=CYLINDRICAL_SURFACE('',#6501,0.508);
#106=CYLINDRICAL_SURFACE('',#6502,0.508);
#107=CYLINDRICAL_SURFACE('',#6503,0.508);
#108=CYLINDRICAL_SURFACE('',#6504,0.508);
#109=CYLINDRICAL_SURFACE('',#6505,0.508);
#110=CYLINDRICAL_SURFACE('',#6506,0.508);
#111=CYLINDRICAL_SURFACE('',#6507,0.508);
#112=CYLINDRICAL_SURFACE('',#6508,0.508);
#113=CYLINDRICAL_SURFACE('',#6509,0.508);
#114=CYLINDRICAL_SURFACE('',#6510,0.508);
#115=CYLINDRICAL_SURFACE('',#6511,0.508);
#116=CYLINDRICAL_SURFACE('',#6518,1.);
#117=CYLINDRICAL_SURFACE('',#6529,1.);
#118=CYLINDRICAL_SURFACE('',#6535,2.);
#119=CYLINDRICAL_SURFACE('',#6540,2.);
#120=CYLINDRICAL_SURFACE('',#6548,2.75);
#121=CYLINDRICAL_SURFACE('',#6552,2.75);
#122=CYLINDRICAL_SURFACE('',#6556,1.5);
#123=CYLINDRICAL_SURFACE('',#6557,1.5);
#124=CYLINDRICAL_SURFACE('',#6614,3.);
#125=CYLINDRICAL_SURFACE('',#6617,3.);
#126=CYLINDRICAL_SURFACE('',#6620,3.);
#127=CYLINDRICAL_SURFACE('',#6623,3.);
#128=CYLINDRICAL_SURFACE('',#6626,2.75);
#129=CYLINDRICAL_SURFACE('',#6630,1.6);
#130=CYLINDRICAL_SURFACE('',#6632,2.75);
#131=CYLINDRICAL_SURFACE('',#6636,1.6);
#132=CYLINDRICAL_SURFACE('',#6642,2.75);
#133=CYLINDRICAL_SURFACE('',#6646,1.6);
#134=CYLINDRICAL_SURFACE('',#6647,3.);
#135=CYLINDRICAL_SURFACE('',#6648,3.);
#136=CYLINDRICAL_SURFACE('',#6700,1.6);
#137=CYLINDRICAL_SURFACE('',#6702,1.6);
#138=CYLINDRICAL_SURFACE('',#6704,0.508000000000002);
#139=CYLINDRICAL_SURFACE('',#6706,0.508000000000002);
#140=CYLINDRICAL_SURFACE('',#6708,0.508000000000002);
#141=CYLINDRICAL_SURFACE('',#6710,0.508000000000002);
#142=CYLINDRICAL_SURFACE('',#6712,0.508000000000002);
#143=CYLINDRICAL_SURFACE('',#6714,0.508000000000002);
#144=CYLINDRICAL_SURFACE('',#6716,0.508000000000002);
#145=CYLINDRICAL_SURFACE('',#6718,0.508000000000002);
#146=CYLINDRICAL_SURFACE('',#6720,0.508000000000002);
#147=CYLINDRICAL_SURFACE('',#6722,0.508000000000002);
#148=CYLINDRICAL_SURFACE('',#6724,0.508000000000002);
#149=CYLINDRICAL_SURFACE('',#6726,0.508000000000002);
#150=CYLINDRICAL_SURFACE('',#6728,0.508000000000002);
#151=CYLINDRICAL_SURFACE('',#6730,0.508000000000002);
#152=CYLINDRICAL_SURFACE('',#6732,0.508000000000002);
#153=CYLINDRICAL_SURFACE('',#6734,0.508000000000002);
#154=CYLINDRICAL_SURFACE('',#6736,0.508000000000002);
#155=CYLINDRICAL_SURFACE('',#6738,0.508000000000002);
#156=CYLINDRICAL_SURFACE('',#6740,0.508000000000002);
#157=CYLINDRICAL_SURFACE('',#6742,0.508000000000002);
#158=CYLINDRICAL_SURFACE('',#6763,0.508000000000002);
#159=CYLINDRICAL_SURFACE('',#6764,0.508);
#160=CYLINDRICAL_SURFACE('',#6765,0.508);
#161=CYLINDRICAL_SURFACE('',#6766,0.508);
#162=CYLINDRICAL_SURFACE('',#6767,0.508000000000002);
#163=CYLINDRICAL_SURFACE('',#6768,0.508000000000002);
#164=CYLINDRICAL_SURFACE('',#6769,0.508000000000002);
#165=CYLINDRICAL_SURFACE('',#6770,0.508000000000002);
#166=CYLINDRICAL_SURFACE('',#6771,0.508000000000002);
#167=CYLINDRICAL_SURFACE('',#6772,0.508000000000002);
#168=CYLINDRICAL_SURFACE('',#6773,0.508000000000002);
#169=CYLINDRICAL_SURFACE('',#6774,0.508000000000002);
#170=CYLINDRICAL_SURFACE('',#6775,0.508000000000002);
#171=CYLINDRICAL_SURFACE('',#6776,0.508000000000002);
#172=CYLINDRICAL_SURFACE('',#6777,0.508000000000002);
#173=CYLINDRICAL_SURFACE('',#6778,0.508000000000002);
#174=CYLINDRICAL_SURFACE('',#6779,0.508000000000002);
#175=CYLINDRICAL_SURFACE('',#6780,0.508000000000002);
#176=CYLINDRICAL_SURFACE('',#6781,0.508000000000002);
#177=CYLINDRICAL_SURFACE('',#6782,0.508000000000002);
#178=CYLINDRICAL_SURFACE('',#6783,2.75);
#179=CYLINDRICAL_SURFACE('',#6787,1.6);
#180=CYLINDRICAL_SURFACE('',#6789,3.);
#181=CYLINDRICAL_SURFACE('',#6794,3.);
#182=FACE_BOUND('',#832,.T.);
#183=FACE_BOUND('',#835,.T.);
#184=FACE_BOUND('',#951,.T.);
#185=FACE_BOUND('',#1016,.T.);
#186=FACE_BOUND('',#1017,.T.);
#187=FACE_BOUND('',#1023,.T.);
#188=FACE_BOUND('',#1024,.T.);
#189=FACE_BOUND('',#1028,.T.);
#190=FACE_BOUND('',#1031,.T.);
#191=FACE_BOUND('',#1036,.T.);
#192=FACE_BOUND('',#1037,.T.);
#193=FACE_BOUND('',#1038,.T.);
#194=FACE_BOUND('',#1039,.T.);
#195=FACE_BOUND('',#1040,.T.);
#196=FACE_BOUND('',#1051,.T.);
#197=FACE_BOUND('',#1055,.T.);
#198=FACE_BOUND('',#1058,.T.);
#199=FACE_BOUND('',#1059,.T.);
#200=FACE_BOUND('',#1062,.T.);
#201=FACE_BOUND('',#1068,.T.);
#202=FACE_BOUND('',#1161,.T.);
#203=FACE_BOUND('',#1166,.T.);
#204=FACE_BOUND('',#1167,.T.);
#205=CIRCLE('',#6171,3.625);
#206=CIRCLE('',#6174,0.508);
#207=CIRCLE('',#6175,0.508);
#208=CIRCLE('',#6176,0.508);
#209=CIRCLE('',#6177,0.508);
#210=CIRCLE('',#6178,0.508);
#211=CIRCLE('',#6179,0.508);
#212=CIRCLE('',#6180,0.508);
#213=CIRCLE('',#6181,0.508);
#214=CIRCLE('',#6182,0.508);
#215=CIRCLE('',#6183,0.508);
#216=CIRCLE('',#6184,0.508);
#217=CIRCLE('',#6185,0.508);
#218=CIRCLE('',#6186,0.508);
#219=CIRCLE('',#6187,0.508);
#220=CIRCLE('',#6188,0.508);
#221=CIRCLE('',#6189,0.508000000000001);
#222=CIRCLE('',#6190,0.508);
#223=CIRCLE('',#6191,0.508);
#224=CIRCLE('',#6192,0.508);
#225=CIRCLE('',#6193,0.508);
#226=CIRCLE('',#6194,0.508);
#227=CIRCLE('',#6195,0.508);
#228=CIRCLE('',#6196,0.508);
#229=CIRCLE('',#6197,0.508);
#230=CIRCLE('',#6198,0.508);
#231=CIRCLE('',#6199,0.508);
#232=CIRCLE('',#6200,0.508);
#233=CIRCLE('',#6201,0.508);
#234=CIRCLE('',#6202,0.508);
#235=CIRCLE('',#6203,0.508);
#236=CIRCLE('',#6204,0.508);
#237=CIRCLE('',#6205,0.508);
#238=CIRCLE('',#6206,0.508);
#239=CIRCLE('',#6207,0.508);
#240=CIRCLE('',#6208,0.508);
#241=CIRCLE('',#6209,0.508);
#242=CIRCLE('',#6210,0.508);
#243=CIRCLE('',#6211,0.508);
#244=CIRCLE('',#6212,0.508);
#245=CIRCLE('',#6213,0.508);
#246=CIRCLE('',#6214,0.508);
#247=CIRCLE('',#6215,0.508);
#248=CIRCLE('',#6216,0.508);
#249=CIRCLE('',#6217,0.508);
#250=CIRCLE('',#6218,0.508);
#251=CIRCLE('',#6219,0.508);
#252=CIRCLE('',#6220,0.508);
#253=CIRCLE('',#6221,0.508);
#254=CIRCLE('',#6222,0.508);
#255=CIRCLE('',#6223,0.508);
#256=CIRCLE('',#6224,0.508);
#257=CIRCLE('',#6225,0.508);
#258=CIRCLE('',#6226,0.508);
#259=CIRCLE('',#6227,0.508);
#260=CIRCLE('',#6228,0.508);
#261=CIRCLE('',#6229,0.508);
#262=CIRCLE('',#6230,0.508);
#263=CIRCLE('',#6231,0.508);
#264=CIRCLE('',#6232,0.508);
#265=CIRCLE('',#6233,0.508);
#266=CIRCLE('',#6234,0.508);
#267=CIRCLE('',#6235,0.508);
#268=CIRCLE('',#6236,0.508);
#269=CIRCLE('',#6237,0.508);
#270=CIRCLE('',#6239,3.625);
#271=CIRCLE('',#6257,0.508);
#272=CIRCLE('',#6259,0.508);
#273=CIRCLE('',#6263,0.508);
#274=CIRCLE('',#6265,0.508);
#275=CIRCLE('',#6270,0.508);
#276=CIRCLE('',#6273,0.508);
#277=CIRCLE('',#6275,0.508);
#278=CIRCLE('',#6279,0.508);
#279=CIRCLE('',#6282,0.508);
#280=CIRCLE('',#6285,0.508);
#281=CIRCLE('',#6287,0.508);
#282=CIRCLE('',#6290,0.508);
#283=CIRCLE('',#6293,0.508);
#284=CIRCLE('',#6296,0.508);
#285=CIRCLE('',#6298,0.508);
#286=CIRCLE('',#6301,0.508);
#287=CIRCLE('',#6304,0.508);
#288=CIRCLE('',#6307,0.508);
#289=CIRCLE('',#6309,0.508);
#290=CIRCLE('',#6312,0.508);
#291=CIRCLE('',#6315,0.508);
#292=CIRCLE('',#6317,0.508);
#293=CIRCLE('',#6320,0.508);
#294=CIRCLE('',#6323,0.508);
#295=CIRCLE('',#6325,0.508);
#296=CIRCLE('',#6328,0.508);
#297=CIRCLE('',#6331,0.508);
#298=CIRCLE('',#6334,0.508);
#299=CIRCLE('',#6336,0.508);
#300=CIRCLE('',#6339,0.508);
#301=CIRCLE('',#6342,0.508);
#302=CIRCLE('',#6345,0.508);
#303=CIRCLE('',#6347,0.508);
#304=CIRCLE('',#6350,0.508);
#305=CIRCLE('',#6353,0.508);
#306=CIRCLE('',#6355,0.508);
#307=CIRCLE('',#6358,0.508);
#308=CIRCLE('',#6359,0.508);
#309=CIRCLE('',#6361,0.508);
#310=CIRCLE('',#6362,0.508);
#311=CIRCLE('',#6364,0.508);
#312=CIRCLE('',#6366,0.508);
#313=CIRCLE('',#6367,0.508);
#314=CIRCLE('',#6369,0.508);
#315=CIRCLE('',#6371,0.508);
#316=CIRCLE('',#6372,0.508);
#317=CIRCLE('',#6374,0.508);
#318=CIRCLE('',#6376,0.508);
#319=CIRCLE('',#6377,0.508);
#320=CIRCLE('',#6379,0.508);
#321=CIRCLE('',#6381,0.508);
#322=CIRCLE('',#6382,0.508);
#323=CIRCLE('',#6384,0.508);
#324=CIRCLE('',#6386,0.508);
#325=CIRCLE('',#6387,0.508);
#326=CIRCLE('',#6389,0.508);
#327=CIRCLE('',#6391,0.508);
#328=CIRCLE('',#6392,0.508);
#329=CIRCLE('',#6394,0.508);
#330=CIRCLE('',#6396,0.508);
#331=CIRCLE('',#6397,0.508);
#332=CIRCLE('',#6399,0.508);
#333=CIRCLE('',#6401,0.508);
#334=CIRCLE('',#6402,0.508);
#335=CIRCLE('',#6404,0.508);
#336=CIRCLE('',#6406,0.508);
#337=CIRCLE('',#6407,0.508);
#338=CIRCLE('',#6409,0.508);
#339=CIRCLE('',#6411,0.508);
#340=CIRCLE('',#6412,0.508);
#341=CIRCLE('',#6414,0.508);
#342=CIRCLE('',#6416,0.508);
#343=CIRCLE('',#6417,0.508);
#344=CIRCLE('',#6419,0.508);
#345=CIRCLE('',#6421,0.508);
#346=CIRCLE('',#6422,0.508);
#347=CIRCLE('',#6424,0.508);
#348=CIRCLE('',#6426,0.508);
#349=CIRCLE('',#6427,0.508);
#350=CIRCLE('',#6429,0.508);
#351=CIRCLE('',#6431,0.508);
#352=CIRCLE('',#6432,0.508);
#353=CIRCLE('',#6434,0.508);
#354=CIRCLE('',#6436,0.508);
#355=CIRCLE('',#6438,0.508000000000001);
#356=CIRCLE('',#6439,0.508);
#357=CIRCLE('',#6440,0.508);
#358=CIRCLE('',#6441,0.508);
#359=CIRCLE('',#6442,0.508);
#360=CIRCLE('',#6443,0.508);
#361=CIRCLE('',#6444,0.508);
#362=CIRCLE('',#6445,0.508);
#363=CIRCLE('',#6446,0.508);
#364=CIRCLE('',#6447,0.508);
#365=CIRCLE('',#6448,0.508);
#366=CIRCLE('',#6449,0.508);
#367=CIRCLE('',#6450,0.508);
#368=CIRCLE('',#6451,0.508);
#369=CIRCLE('',#6452,0.508);
#370=CIRCLE('',#6453,0.508);
#371=CIRCLE('',#6454,0.508);
#372=CIRCLE('',#6455,0.508);
#373=CIRCLE('',#6456,0.508);
#374=CIRCLE('',#6457,0.508);
#375=CIRCLE('',#6458,0.508);
#376=CIRCLE('',#6459,0.508);
#377=CIRCLE('',#6460,0.508);
#378=CIRCLE('',#6461,0.508);
#379=CIRCLE('',#6462,0.508);
#380=CIRCLE('',#6463,0.508);
#381=CIRCLE('',#6464,0.508);
#382=CIRCLE('',#6465,0.508);
#383=CIRCLE('',#6519,1.);
#384=CIRCLE('',#6520,1.);
#385=CIRCLE('',#6522,2.);
#386=CIRCLE('',#6526,1.);
#387=CIRCLE('',#6527,2.);
#388=CIRCLE('',#6528,2.);
#389=CIRCLE('',#6530,1.);
#390=CIRCLE('',#6534,2.);
#391=CIRCLE('',#6538,1.5);
#392=CIRCLE('',#6539,1.5);
#393=CIRCLE('',#6545,2.75);
#394=CIRCLE('',#6546,2.75);
#395=CIRCLE('',#6549,2.75);
#396=CIRCLE('',#6551,1.5);
#397=CIRCLE('',#6553,2.75);
#398=CIRCLE('',#6555,1.5);
#399=CIRCLE('',#6560,3.);
#400=CIRCLE('',#6561,3.);
#401=CIRCLE('',#6562,3.);
#402=CIRCLE('',#6563,3.);
#403=CIRCLE('',#6564,0.508);
#404=CIRCLE('',#6565,0.508);
#405=CIRCLE('',#6566,0.508);
#406=CIRCLE('',#6567,0.508000000000002);
#407=CIRCLE('',#6568,0.508000000000002);
#408=CIRCLE('',#6569,0.508000000000002);
#409=CIRCLE('',#6570,0.508000000000002);
#410=CIRCLE('',#6571,0.508000000000002);
#411=CIRCLE('',#6572,0.508000000000002);
#412=CIRCLE('',#6573,0.508000000000002);
#413=CIRCLE('',#6574,0.508000000000002);
#414=CIRCLE('',#6575,0.508000000000002);
#415=CIRCLE('',#6576,0.508000000000002);
#416=CIRCLE('',#6577,0.508000000000002);
#417=CIRCLE('',#6578,0.508000000000002);
#418=CIRCLE('',#6579,0.508000000000002);
#419=CIRCLE('',#6580,0.508000000000002);
#420=CIRCLE('',#6581,0.508000000000002);
#421=CIRCLE('',#6582,0.508000000000002);
#422=CIRCLE('',#6583,0.508000000000002);
#423=CIRCLE('',#6584,0.508000000000002);
#424=CIRCLE('',#6585,0.508000000000002);
#425=CIRCLE('',#6586,0.508000000000002);
#426=CIRCLE('',#6587,0.508000000000002);
#427=CIRCLE('',#6588,0.508000000000002);
#428=CIRCLE('',#6589,0.508000000000002);
#429=CIRCLE('',#6590,0.508000000000002);
#430=CIRCLE('',#6591,0.508000000000002);
#431=CIRCLE('',#6592,0.508000000000002);
#432=CIRCLE('',#6593,0.508000000000002);
#433=CIRCLE('',#6594,0.508000000000002);
#434=CIRCLE('',#6595,0.508000000000002);
#435=CIRCLE('',#6596,0.508000000000002);
#436=CIRCLE('',#6597,0.508000000000002);
#437=CIRCLE('',#6598,0.508000000000002);
#438=CIRCLE('',#6599,0.508000000000002);
#439=CIRCLE('',#6600,0.508000000000002);
#440=CIRCLE('',#6601,0.508000000000002);
#441=CIRCLE('',#6602,0.508000000000002);
#442=CIRCLE('',#6603,0.508000000000002);
#443=CIRCLE('',#6604,3.);
#444=CIRCLE('',#6605,3.);
#445=CIRCLE('',#6606,3.);
#446=CIRCLE('',#6607,3.);
#447=CIRCLE('',#6608,2.75);
#448=CIRCLE('',#6609,2.75);
#449=CIRCLE('',#6610,1.6);
#450=CIRCLE('',#6611,1.6);
#451=CIRCLE('',#6612,2.75);
#452=CIRCLE('',#6613,2.75);
#453=CIRCLE('',#6615,3.);
#454=CIRCLE('',#6618,3.);
#455=CIRCLE('',#6621,3.);
#456=CIRCLE('',#6624,3.);
#457=CIRCLE('',#6627,2.75);
#458=CIRCLE('',#6629,1.6);
#459=CIRCLE('',#6631,1.6);
#460=CIRCLE('',#6633,2.75);
#461=CIRCLE('',#6635,1.6);
#462=CIRCLE('',#6637,1.6);
#463=CIRCLE('',#6639,3.);
#464=CIRCLE('',#6640,3.);
#465=CIRCLE('',#6641,1.6);
#466=CIRCLE('',#6643,2.75);
#467=CIRCLE('',#6645,1.6);
#468=CIRCLE('',#6651,0.508000000000002);
#469=CIRCLE('',#6652,0.508000000000002);
#470=CIRCLE('',#6653,0.508000000000002);
#471=CIRCLE('',#6654,0.508000000000002);
#472=CIRCLE('',#6655,0.508000000000002);
#473=CIRCLE('',#6656,0.508000000000002);
#474=CIRCLE('',#6657,0.508000000000002);
#475=CIRCLE('',#6658,0.508000000000002);
#476=CIRCLE('',#6659,0.508000000000002);
#477=CIRCLE('',#6660,0.508000000000002);
#478=CIRCLE('',#6661,0.508000000000002);
#479=CIRCLE('',#6662,0.508000000000002);
#480=CIRCLE('',#6663,0.508000000000002);
#481=CIRCLE('',#6664,0.508000000000002);
#482=CIRCLE('',#6665,0.508000000000002);
#483=CIRCLE('',#6666,0.508000000000002);
#484=CIRCLE('',#6667,0.508000000000002);
#485=CIRCLE('',#6668,0.508000000000002);
#486=CIRCLE('',#6669,0.508000000000002);
#487=CIRCLE('',#6670,0.508000000000002);
#488=CIRCLE('',#6671,0.508000000000002);
#489=CIRCLE('',#6672,0.508000000000002);
#490=CIRCLE('',#6673,0.508000000000002);
#491=CIRCLE('',#6674,0.508000000000002);
#492=CIRCLE('',#6675,0.508000000000002);
#493=CIRCLE('',#6676,0.508000000000002);
#494=CIRCLE('',#6677,0.508000000000002);
#495=CIRCLE('',#6678,0.508000000000002);
#496=CIRCLE('',#6679,0.508000000000002);
#497=CIRCLE('',#6680,0.508000000000002);
#498=CIRCLE('',#6681,0.508000000000002);
#499=CIRCLE('',#6682,0.508000000000002);
#500=CIRCLE('',#6683,0.508000000000002);
#501=CIRCLE('',#6684,0.508000000000002);
#502=CIRCLE('',#6685,0.508000000000002);
#503=CIRCLE('',#6686,0.508000000000002);
#504=CIRCLE('',#6687,0.508000000000002);
#505=CIRCLE('',#6688,0.508);
#506=CIRCLE('',#6689,0.508);
#507=CIRCLE('',#6690,0.508);
#508=CIRCLE('',#6691,1.6);
#509=CIRCLE('',#6692,1.6);
#510=CIRCLE('',#6784,2.75);
#511=CIRCLE('',#6786,1.6);
#512=CIRCLE('',#6788,1.6);
#513=CIRCLE('',#6790,3.);
#514=CIRCLE('',#6793,3.);
#515=FACE_OUTER_BOUND('',#831,.T.);
#516=FACE_OUTER_BOUND('',#833,.T.);
#517=FACE_OUTER_BOUND('',#834,.T.);
#518=FACE_OUTER_BOUND('',#836,.T.);
#519=FACE_OUTER_BOUND('',#837,.T.);
#520=FACE_OUTER_BOUND('',#838,.T.);
#521=FACE_OUTER_BOUND('',#839,.T.);
#522=FACE_OUTER_BOUND('',#840,.T.);
#523=FACE_OUTER_BOUND('',#841,.T.);
#524=FACE_OUTER_BOUND('',#842,.T.);
#525=FACE_OUTER_BOUND('',#843,.T.);
#526=FACE_OUTER_BOUND('',#844,.T.);
#527=FACE_OUTER_BOUND('',#845,.T.);
#528=FACE_OUTER_BOUND('',#846,.T.);
#529=FACE_OUTER_BOUND('',#847,.T.);
#530=FACE_OUTER_BOUND('',#848,.T.);
#531=FACE_OUTER_BOUND('',#849,.T.);
#532=FACE_OUTER_BOUND('',#850,.T.);
#533=FACE_OUTER_BOUND('',#851,.T.);
#534=FACE_OUTER_BOUND('',#852,.T.);
#535=FACE_OUTER_BOUND('',#853,.T.);
#536=FACE_OUTER_BOUND('',#854,.T.);
#537=FACE_OUTER_BOUND('',#855,.T.);
#538=FACE_OUTER_BOUND('',#856,.T.);
#539=FACE_OUTER_BOUND('',#857,.T.);
#540=FACE_OUTER_BOUND('',#858,.T.);
#541=FACE_OUTER_BOUND('',#859,.T.);
#542=FACE_OUTER_BOUND('',#860,.T.);
#543=FACE_OUTER_BOUND('',#861,.T.);
#544=FACE_OUTER_BOUND('',#862,.T.);
#545=FACE_OUTER_BOUND('',#863,.T.);
#546=FACE_OUTER_BOUND('',#864,.T.);
#547=FACE_OUTER_BOUND('',#865,.T.);
#548=FACE_OUTER_BOUND('',#866,.T.);
#549=FACE_OUTER_BOUND('',#867,.T.);
#550=FACE_OUTER_BOUND('',#868,.T.);
#551=FACE_OUTER_BOUND('',#869,.T.);
#552=FACE_OUTER_BOUND('',#870,.T.);
#553=FACE_OUTER_BOUND('',#871,.T.);
#554=FACE_OUTER_BOUND('',#872,.T.);
#555=FACE_OUTER_BOUND('',#873,.T.);
#556=FACE_OUTER_BOUND('',#874,.T.);
#557=FACE_OUTER_BOUND('',#875,.T.);
#558=FACE_OUTER_BOUND('',#876,.T.);
#559=FACE_OUTER_BOUND('',#877,.T.);
#560=FACE_OUTER_BOUND('',#878,.T.);
#561=FACE_OUTER_BOUND('',#879,.T.);
#562=FACE_OUTER_BOUND('',#880,.T.);
#563=FACE_OUTER_BOUND('',#881,.T.);
#564=FACE_OUTER_BOUND('',#882,.T.);
#565=FACE_OUTER_BOUND('',#883,.T.);
#566=FACE_OUTER_BOUND('',#884,.T.);
#567=FACE_OUTER_BOUND('',#885,.T.);
#568=FACE_OUTER_BOUND('',#886,.T.);
#569=FACE_OUTER_BOUND('',#887,.T.);
#570=FACE_OUTER_BOUND('',#888,.T.);
#571=FACE_OUTER_BOUND('',#889,.T.);
#572=FACE_OUTER_BOUND('',#890,.T.);
#573=FACE_OUTER_BOUND('',#891,.T.);
#574=FACE_OUTER_BOUND('',#892,.T.);
#575=FACE_OUTER_BOUND('',#893,.T.);
#576=FACE_OUTER_BOUND('',#894,.T.);
#577=FACE_OUTER_BOUND('',#895,.T.);
#578=FACE_OUTER_BOUND('',#896,.T.);
#579=FACE_OUTER_BOUND('',#897,.T.);
#580=FACE_OUTER_BOUND('',#898,.T.);
#581=FACE_OUTER_BOUND('',#899,.T.);
#582=FACE_OUTER_BOUND('',#900,.T.);
#583=FACE_OUTER_BOUND('',#901,.T.);
#584=FACE_OUTER_BOUND('',#902,.T.);
#585=FACE_OUTER_BOUND('',#903,.T.);
#586=FACE_OUTER_BOUND('',#904,.T.);
#587=FACE_OUTER_BOUND('',#905,.T.);
#588=FACE_OUTER_BOUND('',#906,.T.);
#589=FACE_OUTER_BOUND('',#907,.T.);
#590=FACE_OUTER_BOUND('',#908,.T.);
#591=FACE_OUTER_BOUND('',#909,.T.);
#592=FACE_OUTER_BOUND('',#910,.T.);
#593=FACE_OUTER_BOUND('',#911,.T.);
#594=FACE_OUTER_BOUND('',#912,.T.);
#595=FACE_OUTER_BOUND('',#913,.T.);
#596=FACE_OUTER_BOUND('',#914,.T.);
#597=FACE_OUTER_BOUND('',#915,.T.);
#598=FACE_OUTER_BOUND('',#916,.T.);
#599=FACE_OUTER_BOUND('',#917,.T.);
#600=FACE_OUTER_BOUND('',#918,.T.);
#601=FACE_OUTER_BOUND('',#919,.T.);
#602=FACE_OUTER_BOUND('',#920,.T.);
#603=FACE_OUTER_BOUND('',#921,.T.);
#604=FACE_OUTER_BOUND('',#922,.T.);
#605=FACE_OUTER_BOUND('',#923,.T.);
#606=FACE_OUTER_BOUND('',#924,.T.);
#607=FACE_OUTER_BOUND('',#925,.T.);
#608=FACE_OUTER_BOUND('',#926,.T.);
#609=FACE_OUTER_BOUND('',#927,.T.);
#610=FACE_OUTER_BOUND('',#928,.T.);
#611=FACE_OUTER_BOUND('',#929,.T.);
#612=FACE_OUTER_BOUND('',#930,.T.);
#613=FACE_OUTER_BOUND('',#931,.T.);
#614=FACE_OUTER_BOUND('',#932,.T.);
#615=FACE_OUTER_BOUND('',#933,.T.);
#616=FACE_OUTER_BOUND('',#934,.T.);
#617=FACE_OUTER_BOUND('',#935,.T.);
#618=FACE_OUTER_BOUND('',#936,.T.);
#619=FACE_OUTER_BOUND('',#937,.T.);
#620=FACE_OUTER_BOUND('',#938,.T.);
#621=FACE_OUTER_BOUND('',#939,.T.);
#622=FACE_OUTER_BOUND('',#940,.T.);
#623=FACE_OUTER_BOUND('',#941,.T.);
#624=FACE_OUTER_BOUND('',#942,.T.);
#625=FACE_OUTER_BOUND('',#943,.T.);
#626=FACE_OUTER_BOUND('',#944,.T.);
#627=FACE_OUTER_BOUND('',#945,.T.);
#628=FACE_OUTER_BOUND('',#946,.T.);
#629=FACE_OUTER_BOUND('',#947,.T.);
#630=FACE_OUTER_BOUND('',#948,.T.);
#631=FACE_OUTER_BOUND('',#949,.T.);
#632=FACE_OUTER_BOUND('',#950,.T.);
#633=FACE_OUTER_BOUND('',#952,.T.);
#634=FACE_OUTER_BOUND('',#953,.T.);
#635=FACE_OUTER_BOUND('',#954,.T.);
#636=FACE_OUTER_BOUND('',#955,.T.);
#637=FACE_OUTER_BOUND('',#956,.T.);
#638=FACE_OUTER_BOUND('',#957,.T.);
#639=FACE_OUTER_BOUND('',#958,.T.);
#640=FACE_OUTER_BOUND('',#959,.T.);
#641=FACE_OUTER_BOUND('',#960,.T.);
#642=FACE_OUTER_BOUND('',#961,.T.);
#643=FACE_OUTER_BOUND('',#962,.T.);
#644=FACE_OUTER_BOUND('',#963,.T.);
#645=FACE_OUTER_BOUND('',#964,.T.);
#646=FACE_OUTER_BOUND('',#965,.T.);
#647=FACE_OUTER_BOUND('',#966,.T.);
#648=FACE_OUTER_BOUND('',#967,.T.);
#649=FACE_OUTER_BOUND('',#968,.T.);
#650=FACE_OUTER_BOUND('',#969,.T.);
#651=FACE_OUTER_BOUND('',#970,.T.);
#652=FACE_OUTER_BOUND('',#971,.T.);
#653=FACE_OUTER_BOUND('',#972,.T.);
#654=FACE_OUTER_BOUND('',#973,.T.);
#655=FACE_OUTER_BOUND('',#974,.T.);
#656=FACE_OUTER_BOUND('',#975,.T.);
#657=FACE_OUTER_BOUND('',#976,.T.);
#658=FACE_OUTER_BOUND('',#977,.T.);
#659=FACE_OUTER_BOUND('',#978,.T.);
#660=FACE_OUTER_BOUND('',#979,.T.);
#661=FACE_OUTER_BOUND('',#980,.T.);
#662=FACE_OUTER_BOUND('',#981,.T.);
#663=FACE_OUTER_BOUND('',#982,.T.);
#664=FACE_OUTER_BOUND('',#983,.T.);
#665=FACE_OUTER_BOUND('',#984,.T.);
#666=FACE_OUTER_BOUND('',#985,.T.);
#667=FACE_OUTER_BOUND('',#986,.T.);
#668=FACE_OUTER_BOUND('',#987,.T.);
#669=FACE_OUTER_BOUND('',#988,.T.);
#670=FACE_OUTER_BOUND('',#989,.T.);
#671=FACE_OUTER_BOUND('',#990,.T.);
#672=FACE_OUTER_BOUND('',#991,.T.);
#673=FACE_OUTER_BOUND('',#992,.T.);
#674=FACE_OUTER_BOUND('',#993,.T.);
#675=FACE_OUTER_BOUND('',#994,.T.);
#676=FACE_OUTER_BOUND('',#995,.T.);
#677=FACE_OUTER_BOUND('',#996,.T.);
#678=FACE_OUTER_BOUND('',#997,.T.);
#679=FACE_OUTER_BOUND('',#998,.T.);
#680=FACE_OUTER_BOUND('',#999,.T.);
#681=FACE_OUTER_BOUND('',#1000,.T.);
#682=FACE_OUTER_BOUND('',#1001,.T.);
#683=FACE_OUTER_BOUND('',#1002,.T.);
#684=FACE_OUTER_BOUND('',#1003,.T.);
#685=FACE_OUTER_BOUND('',#1004,.T.);
#686=FACE_OUTER_BOUND('',#1005,.T.);
#687=FACE_OUTER_BOUND('',#1006,.T.);
#688=FACE_OUTER_BOUND('',#1007,.T.);
#689=FACE_OUTER_BOUND('',#1008,.T.);
#690=FACE_OUTER_BOUND('',#1009,.T.);
#691=FACE_OUTER_BOUND('',#1010,.T.);
#692=FACE_OUTER_BOUND('',#1011,.T.);
#693=FACE_OUTER_BOUND('',#1012,.T.);
#694=FACE_OUTER_BOUND('',#1013,.T.);
#695=FACE_OUTER_BOUND('',#1014,.T.);
#696=FACE_OUTER_BOUND('',#1015,.T.);
#697=FACE_OUTER_BOUND('',#1018,.T.);
#698=FACE_OUTER_BOUND('',#1019,.T.);
#699=FACE_OUTER_BOUND('',#1020,.T.);
#700=FACE_OUTER_BOUND('',#1021,.T.);
#701=FACE_OUTER_BOUND('',#1022,.T.);
#702=FACE_OUTER_BOUND('',#1025,.T.);
#703=FACE_OUTER_BOUND('',#1026,.T.);
#704=FACE_OUTER_BOUND('',#1027,.T.);
#705=FACE_OUTER_BOUND('',#1029,.T.);
#706=FACE_OUTER_BOUND('',#1030,.T.);
#707=FACE_OUTER_BOUND('',#1032,.T.);
#708=FACE_OUTER_BOUND('',#1033,.T.);
#709=FACE_OUTER_BOUND('',#1034,.T.);
#710=FACE_OUTER_BOUND('',#1035,.T.);
#711=FACE_OUTER_BOUND('',#1041,.T.);
#712=FACE_OUTER_BOUND('',#1042,.T.);
#713=FACE_OUTER_BOUND('',#1043,.T.);
#714=FACE_OUTER_BOUND('',#1044,.T.);
#715=FACE_OUTER_BOUND('',#1045,.T.);
#716=FACE_OUTER_BOUND('',#1046,.T.);
#717=FACE_OUTER_BOUND('',#1047,.T.);
#718=FACE_OUTER_BOUND('',#1048,.T.);
#719=FACE_OUTER_BOUND('',#1049,.T.);
#720=FACE_OUTER_BOUND('',#1050,.T.);
#721=FACE_OUTER_BOUND('',#1052,.T.);
#722=FACE_OUTER_BOUND('',#1053,.T.);
#723=FACE_OUTER_BOUND('',#1054,.T.);
#724=FACE_OUTER_BOUND('',#1056,.T.);
#725=FACE_OUTER_BOUND('',#1057,.T.);
#726=FACE_OUTER_BOUND('',#1060,.T.);
#727=FACE_OUTER_BOUND('',#1061,.T.);
#728=FACE_OUTER_BOUND('',#1063,.T.);
#729=FACE_OUTER_BOUND('',#1064,.T.);
#730=FACE_OUTER_BOUND('',#1065,.T.);
#731=FACE_OUTER_BOUND('',#1066,.T.);
#732=FACE_OUTER_BOUND('',#1067,.T.);
#733=FACE_OUTER_BOUND('',#1069,.T.);
#734=FACE_OUTER_BOUND('',#1070,.T.);
#735=FACE_OUTER_BOUND('',#1071,.T.);
#736=FACE_OUTER_BOUND('',#1072,.T.);
#737=FACE_OUTER_BOUND('',#1073,.T.);
#738=FACE_OUTER_BOUND('',#1074,.T.);
#739=FACE_OUTER_BOUND('',#1075,.T.);
#740=FACE_OUTER_BOUND('',#1076,.T.);
#741=FACE_OUTER_BOUND('',#1077,.T.);
#742=FACE_OUTER_BOUND('',#1078,.T.);
#743=FACE_OUTER_BOUND('',#1079,.T.);
#744=FACE_OUTER_BOUND('',#1080,.T.);
#745=FACE_OUTER_BOUND('',#1081,.T.);
#746=FACE_OUTER_BOUND('',#1082,.T.);
#747=FACE_OUTER_BOUND('',#1083,.T.);
#748=FACE_OUTER_BOUND('',#1084,.T.);
#749=FACE_OUTER_BOUND('',#1085,.T.);
#750=FACE_OUTER_BOUND('',#1086,.T.);
#751=FACE_OUTER_BOUND('',#1087,.T.);
#752=FACE_OUTER_BOUND('',#1088,.T.);
#753=FACE_OUTER_BOUND('',#1089,.T.);
#754=FACE_OUTER_BOUND('',#1090,.T.);
#755=FACE_OUTER_BOUND('',#1091,.T.);
#756=FACE_OUTER_BOUND('',#1092,.T.);
#757=FACE_OUTER_BOUND('',#1093,.T.);
#758=FACE_OUTER_BOUND('',#1094,.T.);
#759=FACE_OUTER_BOUND('',#1095,.T.);
#760=FACE_OUTER_BOUND('',#1096,.T.);
#761=FACE_OUTER_BOUND('',#1097,.T.);
#762=FACE_OUTER_BOUND('',#1098,.T.);
#763=FACE_OUTER_BOUND('',#1099,.T.);
#764=FACE_OUTER_BOUND('',#1100,.T.);
#765=FACE_OUTER_BOUND('',#1101,.T.);
#766=FACE_OUTER_BOUND('',#1102,.T.);
#767=FACE_OUTER_BOUND('',#1103,.T.);
#768=FACE_OUTER_BOUND('',#1104,.T.);
#769=FACE_OUTER_BOUND('',#1105,.T.);
#770=FACE_OUTER_BOUND('',#1106,.T.);
#771=FACE_OUTER_BOUND('',#1107,.T.);
#772=FACE_OUTER_BOUND('',#1108,.T.);
#773=FACE_OUTER_BOUND('',#1109,.T.);
#774=FACE_OUTER_BOUND('',#1110,.T.);
#775=FACE_OUTER_BOUND('',#1111,.T.);
#776=FACE_OUTER_BOUND('',#1112,.T.);
#777=FACE_OUTER_BOUND('',#1113,.T.);
#778=FACE_OUTER_BOUND('',#1114,.T.);
#779=FACE_OUTER_BOUND('',#1115,.T.);
#780=FACE_OUTER_BOUND('',#1116,.T.);
#781=FACE_OUTER_BOUND('',#1117,.T.);
#782=FACE_OUTER_BOUND('',#1118,.T.);
#783=FACE_OUTER_BOUND('',#1119,.T.);
#784=FACE_OUTER_BOUND('',#1120,.T.);
#785=FACE_OUTER_BOUND('',#1121,.T.);
#786=FACE_OUTER_BOUND('',#1122,.T.);
#787=FACE_OUTER_BOUND('',#1123,.T.);
#788=FACE_OUTER_BOUND('',#1124,.T.);
#789=FACE_OUTER_BOUND('',#1125,.T.);
#790=FACE_OUTER_BOUND('',#1126,.T.);
#791=FACE_OUTER_BOUND('',#1127,.T.);
#792=FACE_OUTER_BOUND('',#1128,.T.);
#793=FACE_OUTER_BOUND('',#1129,.T.);
#794=FACE_OUTER_BOUND('',#1130,.T.);
#795=FACE_OUTER_BOUND('',#1131,.T.);
#796=FACE_OUTER_BOUND('',#1132,.T.);
#797=FACE_OUTER_BOUND('',#1133,.T.);
#798=FACE_OUTER_BOUND('',#1134,.T.);
#799=FACE_OUTER_BOUND('',#1135,.T.);
#800=FACE_OUTER_BOUND('',#1136,.T.);
#801=FACE_OUTER_BOUND('',#1137,.T.);
#802=FACE_OUTER_BOUND('',#1138,.T.);
#803=FACE_OUTER_BOUND('',#1139,.T.);
#804=FACE_OUTER_BOUND('',#1140,.T.);
#805=FACE_OUTER_BOUND('',#1141,.T.);
#806=FACE_OUTER_BOUND('',#1142,.T.);
#807=FACE_OUTER_BOUND('',#1143,.T.);
#808=FACE_OUTER_BOUND('',#1144,.T.);
#809=FACE_OUTER_BOUND('',#1145,.T.);
#810=FACE_OUTER_BOUND('',#1146,.T.);
#811=FACE_OUTER_BOUND('',#1147,.T.);
#812=FACE_OUTER_BOUND('',#1148,.T.);
#813=FACE_OUTER_BOUND('',#1149,.T.);
#814=FACE_OUTER_BOUND('',#1150,.T.);
#815=FACE_OUTER_BOUND('',#1151,.T.);
#816=FACE_OUTER_BOUND('',#1152,.T.);
#817=FACE_OUTER_BOUND('',#1153,.T.);
#818=FACE_OUTER_BOUND('',#1154,.T.);
#819=FACE_OUTER_BOUND('',#1155,.T.);
#820=FACE_OUTER_BOUND('',#1156,.T.);
#821=FACE_OUTER_BOUND('',#1157,.T.);
#822=FACE_OUTER_BOUND('',#1158,.T.);
#823=FACE_OUTER_BOUND('',#1159,.T.);
#824=FACE_OUTER_BOUND('',#1160,.T.);
#825=FACE_OUTER_BOUND('',#1162,.T.);
#826=FACE_OUTER_BOUND('',#1163,.T.);
#827=FACE_OUTER_BOUND('',#1164,.T.);
#828=FACE_OUTER_BOUND('',#1165,.T.);
#829=FACE_OUTER_BOUND('',#1168,.T.);
#830=FACE_OUTER_BOUND('',#1169,.T.);
#831=EDGE_LOOP('',(#3867,#3868,#3869,#3870,#3871,#3872,#3873,#3874,#3875,
#3876,#3877,#3878,#3879,#3880,#3881,#3882));
#832=EDGE_LOOP('',(#3883));
#833=EDGE_LOOP('',(#3884,#3885,#3886,#3887));
#834=EDGE_LOOP('',(#3888,#3889,#3890,#3891,#3892,#3893,#3894,#3895,#3896,
#3897,#3898,#3899,#3900,#3901,#3902,#3903,#3904,#3905,#3906,#3907,#3908,
#3909,#3910,#3911,#3912,#3913,#3914,#3915,#3916,#3917,#3918,#3919,#3920,
#3921,#3922,#3923,#3924,#3925,#3926,#3927,#3928,#3929,#3930,#3931,#3932,
#3933,#3934,#3935,#3936,#3937,#3938,#3939,#3940,#3941,#3942,#3943,#3944,
#3945,#3946,#3947,#3948,#3949,#3950,#3951,#3952,#3953,#3954,#3955,#3956,
#3957,#3958,#3959,#3960,#3961,#3962,#3963,#3964,#3965,#3966,#3967,#3968,
#3969,#3970,#3971,#3972,#3973,#3974,#3975,#3976,#3977,#3978,#3979,#3980,
#3981,#3982,#3983,#3984,#3985,#3986,#3987,#3988,#3989,#3990,#3991,#3992,
#3993,#3994,#3995,#3996,#3997,#3998,#3999));
#835=EDGE_LOOP('',(#4000,#4001,#4002,#4003,#4004,#4005,#4006,#4007,#4008,
#4009,#4010,#4011,#4012,#4013,#4014,#4015));
#836=EDGE_LOOP('',(#4016,#4017,#4018,#4019));
#837=EDGE_LOOP('',(#4020,#4021,#4022,#4023));
#838=EDGE_LOOP('',(#4024,#4025,#4026,#4027));
#839=EDGE_LOOP('',(#4028,#4029,#4030,#4031));
#840=EDGE_LOOP('',(#4032,#4033,#4034,#4035));
#841=EDGE_LOOP('',(#4036,#4037,#4038,#4039));
#842=EDGE_LOOP('',(#4040,#4041,#4042,#4043));
#843=EDGE_LOOP('',(#4044,#4045,#4046,#4047));
#844=EDGE_LOOP('',(#4048,#4049,#4050,#4051));
#845=EDGE_LOOP('',(#4052,#4053,#4054,#4055));
#846=EDGE_LOOP('',(#4056,#4057,#4058,#4059));
#847=EDGE_LOOP('',(#4060,#4061,#4062,#4063));
#848=EDGE_LOOP('',(#4064,#4065,#4066,#4067));
#849=EDGE_LOOP('',(#4068,#4069,#4070,#4071));
#850=EDGE_LOOP('',(#4072,#4073,#4074,#4075));
#851=EDGE_LOOP('',(#4076,#4077,#4078,#4079));
#852=EDGE_LOOP('',(#4080,#4081,#4082,#4083));
#853=EDGE_LOOP('',(#4084,#4085,#4086,#4087,#4088));
#854=EDGE_LOOP('',(#4089,#4090,#4091,#4092,#4093));
#855=EDGE_LOOP('',(#4094,#4095,#4096,#4097));
#856=EDGE_LOOP('',(#4098,#4099,#4100,#4101));
#857=EDGE_LOOP('',(#4102,#4103,#4104,#4105,#4106));
#858=EDGE_LOOP('',(#4107,#4108,#4109,#4110,#4111));
#859=EDGE_LOOP('',(#4112,#4113,#4114,#4115));
#860=EDGE_LOOP('',(#4116,#4117,#4118,#4119));
#861=EDGE_LOOP('',(#4120,#4121,#4122,#4123));
#862=EDGE_LOOP('',(#4124,#4125,#4126,#4127,#4128));
#863=EDGE_LOOP('',(#4129,#4130,#4131,#4132));
#864=EDGE_LOOP('',(#4133,#4134,#4135,#4136,#4137));
#865=EDGE_LOOP('',(#4138,#4139,#4140,#4141,#4142));
#866=EDGE_LOOP('',(#4143,#4144,#4145,#4146));
#867=EDGE_LOOP('',(#4147,#4148,#4149,#4150));
#868=EDGE_LOOP('',(#4151,#4152,#4153,#4154));
#869=EDGE_LOOP('',(#4155,#4156,#4157,#4158));
#870=EDGE_LOOP('',(#4159,#4160,#4161,#4162));
#871=EDGE_LOOP('',(#4163,#4164,#4165,#4166));
#872=EDGE_LOOP('',(#4167,#4168,#4169,#4170,#4171));
#873=EDGE_LOOP('',(#4172,#4173,#4174,#4175,#4176));
#874=EDGE_LOOP('',(#4177,#4178,#4179,#4180));
#875=EDGE_LOOP('',(#4181,#4182,#4183,#4184));
#876=EDGE_LOOP('',(#4185,#4186,#4187,#4188));
#877=EDGE_LOOP('',(#4189,#4190,#4191,#4192));
#878=EDGE_LOOP('',(#4193,#4194,#4195,#4196));
#879=EDGE_LOOP('',(#4197,#4198,#4199,#4200,#4201));
#880=EDGE_LOOP('',(#4202,#4203,#4204,#4205,#4206));
#881=EDGE_LOOP('',(#4207,#4208,#4209,#4210));
#882=EDGE_LOOP('',(#4211,#4212,#4213,#4214));
#883=EDGE_LOOP('',(#4215,#4216,#4217,#4218));
#884=EDGE_LOOP('',(#4219,#4220,#4221,#4222));
#885=EDGE_LOOP('',(#4223,#4224,#4225,#4226));
#886=EDGE_LOOP('',(#4227,#4228,#4229,#4230,#4231));
#887=EDGE_LOOP('',(#4232,#4233,#4234,#4235,#4236));
#888=EDGE_LOOP('',(#4237,#4238,#4239,#4240));
#889=EDGE_LOOP('',(#4241,#4242,#4243,#4244));
#890=EDGE_LOOP('',(#4245,#4246,#4247,#4248));
#891=EDGE_LOOP('',(#4249,#4250,#4251,#4252));
#892=EDGE_LOOP('',(#4253,#4254,#4255,#4256));
#893=EDGE_LOOP('',(#4257,#4258,#4259,#4260));
#894=EDGE_LOOP('',(#4261,#4262,#4263,#4264));
#895=EDGE_LOOP('',(#4265,#4266,#4267,#4268));
#896=EDGE_LOOP('',(#4269,#4270,#4271,#4272,#4273));
#897=EDGE_LOOP('',(#4274,#4275,#4276,#4277,#4278));
#898=EDGE_LOOP('',(#4279,#4280,#4281,#4282));
#899=EDGE_LOOP('',(#4283,#4284,#4285,#4286));
#900=EDGE_LOOP('',(#4287,#4288,#4289,#4290));
#901=EDGE_LOOP('',(#4291,#4292,#4293,#4294));
#902=EDGE_LOOP('',(#4295,#4296,#4297,#4298));
#903=EDGE_LOOP('',(#4299,#4300,#4301,#4302,#4303));
#904=EDGE_LOOP('',(#4304,#4305,#4306,#4307,#4308));
#905=EDGE_LOOP('',(#4309,#4310,#4311,#4312));
#906=EDGE_LOOP('',(#4313,#4314,#4315,#4316));
#907=EDGE_LOOP('',(#4317,#4318,#4319,#4320));
#908=EDGE_LOOP('',(#4321,#4322,#4323,#4324));
#909=EDGE_LOOP('',(#4325,#4326,#4327,#4328));
#910=EDGE_LOOP('',(#4329,#4330,#4331,#4332,#4333));
#911=EDGE_LOOP('',(#4334,#4335,#4336,#4337,#4338));
#912=EDGE_LOOP('',(#4339,#4340,#4341,#4342));
#913=EDGE_LOOP('',(#4343,#4344,#4345,#4346));
#914=EDGE_LOOP('',(#4347,#4348,#4349,#4350));
#915=EDGE_LOOP('',(#4351,#4352,#4353,#4354));
#916=EDGE_LOOP('',(#4355,#4356,#4357,#4358));
#917=EDGE_LOOP('',(#4359,#4360,#4361,#4362));
#918=EDGE_LOOP('',(#4363,#4364,#4365,#4366));
#919=EDGE_LOOP('',(#4367,#4368,#4369,#4370));
#920=EDGE_LOOP('',(#4371,#4372,#4373,#4374));
#921=EDGE_LOOP('',(#4375,#4376,#4377,#4378));
#922=EDGE_LOOP('',(#4379,#4380,#4381,#4382));
#923=EDGE_LOOP('',(#4383,#4384,#4385,#4386));
#924=EDGE_LOOP('',(#4387,#4388,#4389,#4390));
#925=EDGE_LOOP('',(#4391,#4392,#4393,#4394));
#926=EDGE_LOOP('',(#4395,#4396,#4397,#4398));
#927=EDGE_LOOP('',(#4399,#4400,#4401,#4402));
#928=EDGE_LOOP('',(#4403,#4404,#4405,#4406));
#929=EDGE_LOOP('',(#4407,#4408,#4409,#4410));
#930=EDGE_LOOP('',(#4411,#4412,#4413,#4414));
#931=EDGE_LOOP('',(#4415,#4416,#4417,#4418));
#932=EDGE_LOOP('',(#4419,#4420,#4421,#4422));
#933=EDGE_LOOP('',(#4423,#4424,#4425,#4426));
#934=EDGE_LOOP('',(#4427,#4428,#4429,#4430));
#935=EDGE_LOOP('',(#4431,#4432,#4433,#4434));
#936=EDGE_LOOP('',(#4435,#4436,#4437,#4438));
#937=EDGE_LOOP('',(#4439,#4440,#4441,#4442));
#938=EDGE_LOOP('',(#4443,#4444,#4445,#4446));
#939=EDGE_LOOP('',(#4447,#4448,#4449,#4450));
#940=EDGE_LOOP('',(#4451,#4452,#4453,#4454));
#941=EDGE_LOOP('',(#4455,#4456,#4457,#4458));
#942=EDGE_LOOP('',(#4459,#4460,#4461,#4462));
#943=EDGE_LOOP('',(#4463,#4464,#4465,#4466));
#944=EDGE_LOOP('',(#4467,#4468,#4469,#4470));
#945=EDGE_LOOP('',(#4471,#4472,#4473,#4474));
#946=EDGE_LOOP('',(#4475,#4476,#4477,#4478));
#947=EDGE_LOOP('',(#4479,#4480,#4481,#4482));
#948=EDGE_LOOP('',(#4483,#4484,#4485,#4486));
#949=EDGE_LOOP('',(#4487,#4488,#4489,#4490));
#950=EDGE_LOOP('',(#4491,#4492,#4493,#4494,#4495,#4496,#4497,#4498,#4499,
#4500,#4501,#4502,#4503,#4504,#4505,#4506,#4507,#4508,#4509,#4510,#4511,
#4512,#4513,#4514,#4515,#4516,#4517,#4518,#4519,#4520,#4521,#4522,#4523,
#4524,#4525,#4526,#4527,#4528,#4529,#4530,#4531,#4532,#4533,#4534,#4535,
#4536,#4537,#4538,#4539,#4540,#4541,#4542,#4543,#4544,#4545,#4546,#4547,
#4548,#4549,#4550,#4551,#4552,#4553,#4554,#4555,#4556,#4557,#4558,#4559,
#4560,#4561,#4562,#4563,#4564,#4565,#4566,#4567,#4568,#4569,#4570,#4571,
#4572,#4573,#4574,#4575,#4576,#4577,#4578,#4579,#4580,#4581,#4582,#4583,
#4584,#4585,#4586,#4587,#4588,#4589,#4590,#4591,#4592,#4593,#4594,#4595,
#4596,#4597,#4598,#4599,#4600,#4601,#4602,#4603,#4604,#4605,#4606,#4607,
#4608,#4609,#4610,#4611,#4612,#4613,#4614,#4615,#4616,#4617,#4618,#4619,
#4620,#4621,#4622,#4623,#4624,#4625,#4626,#4627,#4628,#4629,#4630,#4631,
#4632,#4633,#4634));
#951=EDGE_LOOP('',(#4635));
#952=EDGE_LOOP('',(#4636,#4637,#4638,#4639));
#953=EDGE_LOOP('',(#4640,#4641,#4642,#4643,#4644));
#954=EDGE_LOOP('',(#4645,#4646,#4647,#4648));
#955=EDGE_LOOP('',(#4649,#4650,#4651,#4652,#4653));
#956=EDGE_LOOP('',(#4654,#4655,#4656,#4657,#4658));
#957=EDGE_LOOP('',(#4659,#4660,#4661,#4662));
#958=EDGE_LOOP('',(#4663,#4664,#4665,#4666));
#959=EDGE_LOOP('',(#4667,#4668,#4669,#4670,#4671));
#960=EDGE_LOOP('',(#4672,#4673,#4674,#4675,#4676));
#961=EDGE_LOOP('',(#4677,#4678,#4679,#4680));
#962=EDGE_LOOP('',(#4681,#4682,#4683,#4684,#4685));
#963=EDGE_LOOP('',(#4686,#4687,#4688,#4689));
#964=EDGE_LOOP('',(#4690,#4691,#4692,#4693));
#965=EDGE_LOOP('',(#4694,#4695,#4696,#4697,#4698));
#966=EDGE_LOOP('',(#4699,#4700,#4701,#4702));
#967=EDGE_LOOP('',(#4703,#4704,#4705,#4706));
#968=EDGE_LOOP('',(#4707,#4708,#4709,#4710,#4711));
#969=EDGE_LOOP('',(#4712,#4713,#4714,#4715));
#970=EDGE_LOOP('',(#4716,#4717,#4718,#4719));
#971=EDGE_LOOP('',(#4720,#4721,#4722,#4723));
#972=EDGE_LOOP('',(#4724,#4725,#4726,#4727));
#973=EDGE_LOOP('',(#4728,#4729,#4730,#4731));
#974=EDGE_LOOP('',(#4732,#4733,#4734,#4735));
#975=EDGE_LOOP('',(#4736,#4737,#4738,#4739));
#976=EDGE_LOOP('',(#4740,#4741,#4742,#4743));
#977=EDGE_LOOP('',(#4744,#4745,#4746,#4747));
#978=EDGE_LOOP('',(#4748,#4749,#4750,#4751));
#979=EDGE_LOOP('',(#4752,#4753,#4754,#4755));
#980=EDGE_LOOP('',(#4756,#4757,#4758,#4759));
#981=EDGE_LOOP('',(#4760,#4761,#4762,#4763));
#982=EDGE_LOOP('',(#4764,#4765,#4766,#4767));
#983=EDGE_LOOP('',(#4768,#4769,#4770,#4771));
#984=EDGE_LOOP('',(#4772,#4773,#4774,#4775));
#985=EDGE_LOOP('',(#4776,#4777,#4778,#4779));
#986=EDGE_LOOP('',(#4780,#4781,#4782,#4783));
#987=EDGE_LOOP('',(#4784,#4785,#4786,#4787,#4788));
#988=EDGE_LOOP('',(#4789,#4790,#4791,#4792));
#989=EDGE_LOOP('',(#4793,#4794,#4795,#4796,#4797));
#990=EDGE_LOOP('',(#4798,#4799,#4800,#4801));
#991=EDGE_LOOP('',(#4802,#4803,#4804,#4805,#4806));
#992=EDGE_LOOP('',(#4807,#4808,#4809,#4810));
#993=EDGE_LOOP('',(#4811,#4812,#4813,#4814));
#994=EDGE_LOOP('',(#4815,#4816,#4817,#4818));
#995=EDGE_LOOP('',(#4819,#4820,#4821,#4822,#4823));
#996=EDGE_LOOP('',(#4824,#4825,#4826,#4827));
#997=EDGE_LOOP('',(#4828,#4829,#4830,#4831,#4832));
#998=EDGE_LOOP('',(#4833,#4834,#4835,#4836));
#999=EDGE_LOOP('',(#4837,#4838,#4839,#4840));
#1000=EDGE_LOOP('',(#4841,#4842,#4843,#4844));
#1001=EDGE_LOOP('',(#4845,#4846,#4847,#4848));
#1002=EDGE_LOOP('',(#4849,#4850,#4851,#4852));
#1003=EDGE_LOOP('',(#4853,#4854,#4855,#4856));
#1004=EDGE_LOOP('',(#4857,#4858,#4859,#4860));
#1005=EDGE_LOOP('',(#4861,#4862,#4863,#4864,#4865,#4866,#4867,#4868,#4869,
#4870,#4871));
#1006=EDGE_LOOP('',(#4872,#4873,#4874,#4875));
#1007=EDGE_LOOP('',(#4876,#4877,#4878,#4879));
#1008=EDGE_LOOP('',(#4880,#4881,#4882,#4883,#4884,#4885,#4886,#4887,#4888,
#4889,#4890,#4891,#4892,#4893,#4894,#4895,#4896,#4897));
#1009=EDGE_LOOP('',(#4898,#4899,#4900,#4901));
#1010=EDGE_LOOP('',(#4902,#4903,#4904,#4905));
#1011=EDGE_LOOP('',(#4906,#4907,#4908,#4909));
#1012=EDGE_LOOP('',(#4910,#4911,#4912,#4913,#4914,#4915,#4916,#4917,#4918,
#4919,#4920));
#1013=EDGE_LOOP('',(#4921,#4922,#4923,#4924));
#1014=EDGE_LOOP('',(#4925,#4926,#4927,#4928));
#1015=EDGE_LOOP('',(#4929,#4930,#4931,#4932,#4933,#4934,#4935,#4936));
#1016=EDGE_LOOP('',(#4937));
#1017=EDGE_LOOP('',(#4938));
#1018=EDGE_LOOP('',(#4939,#4940,#4941,#4942));
#1019=EDGE_LOOP('',(#4943,#4944,#4945,#4946));
#1020=EDGE_LOOP('',(#4947,#4948,#4949,#4950));
#1021=EDGE_LOOP('',(#4951,#4952,#4953,#4954));
#1022=EDGE_LOOP('',(#4955,#4956,#4957,#4958,#4959,#4960,#4961,#4962));
#1023=EDGE_LOOP('',(#4963));
#1024=EDGE_LOOP('',(#4964));
#1025=EDGE_LOOP('',(#4965,#4966,#4967,#4968));
#1026=EDGE_LOOP('',(#4969,#4970,#4971,#4972));
#1027=EDGE_LOOP('',(#4973));
#1028=EDGE_LOOP('',(#4974));
#1029=EDGE_LOOP('',(#4975,#4976,#4977,#4978));
#1030=EDGE_LOOP('',(#4979));
#1031=EDGE_LOOP('',(#4980));
#1032=EDGE_LOOP('',(#4981,#4982,#4983,#4984));
#1033=EDGE_LOOP('',(#4985,#4986,#4987,#4988));
#1034=EDGE_LOOP('',(#4989,#4990,#4991,#4992));
#1035=EDGE_LOOP('',(#4993,#4994,#4995,#4996,#4997,#4998,#4999,#5000,#5001,
#5002,#5003,#5004,#5005,#5006,#5007,#5008,#5009,#5010,#5011,#5012,#5013,
#5014,#5015,#5016,#5017,#5018,#5019,#5020,#5021,#5022,#5023,#5024,#5025,
#5026,#5027,#5028,#5029,#5030,#5031,#5032,#5033,#5034,#5035,#5036,#5037,
#5038,#5039,#5040,#5041,#5042,#5043,#5044,#5045,#5046,#5047,#5048,#5049,
#5050,#5051,#5052,#5053,#5054,#5055,#5056,#5057,#5058,#5059,#5060,#5061,
#5062,#5063,#5064,#5065,#5066,#5067,#5068,#5069,#5070,#5071,#5072,#5073,
#5074,#5075,#5076,#5077,#5078,#5079,#5080,#5081,#5082,#5083,#5084,#5085,
#5086,#5087,#5088,#5089,#5090,#5091,#5092,#5093,#5094,#5095,#5096));
#1036=EDGE_LOOP('',(#5097));
#1037=EDGE_LOOP('',(#5098));
#1038=EDGE_LOOP('',(#5099,#5100,#5101,#5102));
#1039=EDGE_LOOP('',(#5103));
#1040=EDGE_LOOP('',(#5104));
#1041=EDGE_LOOP('',(#5105,#5106,#5107,#5108));
#1042=EDGE_LOOP('',(#5109,#5110,#5111,#5112));
#1043=EDGE_LOOP('',(#5113,#5114,#5115,#5116));
#1044=EDGE_LOOP('',(#5117,#5118,#5119,#5120,#5121,#5122,#5123,#5124));
#1045=EDGE_LOOP('',(#5125,#5126,#5127,#5128));
#1046=EDGE_LOOP('',(#5129,#5130,#5131,#5132));
#1047=EDGE_LOOP('',(#5133,#5134,#5135,#5136));
#1048=EDGE_LOOP('',(#5137,#5138,#5139,#5140));
#1049=EDGE_LOOP('',(#5141,#5142,#5143,#5144));
#1050=EDGE_LOOP('',(#5145));
#1051=EDGE_LOOP('',(#5146));
#1052=EDGE_LOOP('',(#5147,#5148,#5149,#5150));
#1053=EDGE_LOOP('',(#5151,#5152,#5153,#5154));
#1054=EDGE_LOOP('',(#5155));
#1055=EDGE_LOOP('',(#5156));
#1056=EDGE_LOOP('',(#5157,#5158,#5159,#5160));
#1057=EDGE_LOOP('',(#5161,#5162,#5163,#5164,#5165,#5166,#5167,#5168));
#1058=EDGE_LOOP('',(#5169));
#1059=EDGE_LOOP('',(#5170));
#1060=EDGE_LOOP('',(#5171,#5172,#5173,#5174));
#1061=EDGE_LOOP('',(#5175));
#1062=EDGE_LOOP('',(#5176));
#1063=EDGE_LOOP('',(#5177,#5178,#5179,#5180));
#1064=EDGE_LOOP('',(#5181,#5182,#5183,#5184));
#1065=EDGE_LOOP('',(#5185,#5186,#5187,#5188));
#1066=EDGE_LOOP('',(#5189,#5190,#5191,#5192));
#1067=EDGE_LOOP('',(#5193,#5194,#5195,#5196,#5197,#5198,#5199,#5200,#5201,
#5202,#5203,#5204,#5205,#5206,#5207,#5208,#5209,#5210,#5211,#5212,#5213,
#5214,#5215,#5216,#5217,#5218,#5219,#5220,#5221,#5222,#5223,#5224,#5225,
#5226,#5227,#5228,#5229,#5230,#5231,#5232,#5233,#5234,#5235,#5236,#5237,
#5238,#5239,#5240,#5241,#5242,#5243,#5244,#5245,#5246,#5247,#5248,#5249,
#5250,#5251,#5252,#5253,#5254,#5255,#5256,#5257,#5258,#5259,#5260,#5261,
#5262,#5263,#5264,#5265,#5266,#5267,#5268,#5269,#5270,#5271,#5272,#5273,
#5274,#5275,#5276,#5277,#5278,#5279,#5280));
#1068=EDGE_LOOP('',(#5281,#5282,#5283,#5284));
#1069=EDGE_LOOP('',(#5285,#5286,#5287,#5288));
#1070=EDGE_LOOP('',(#5289,#5290,#5291,#5292));
#1071=EDGE_LOOP('',(#5293,#5294,#5295,#5296));
#1072=EDGE_LOOP('',(#5297,#5298,#5299,#5300));
#1073=EDGE_LOOP('',(#5301,#5302,#5303,#5304));
#1074=EDGE_LOOP('',(#5305,#5306,#5307,#5308));
#1075=EDGE_LOOP('',(#5309,#5310,#5311,#5312));
#1076=EDGE_LOOP('',(#5313,#5314,#5315,#5316));
#1077=EDGE_LOOP('',(#5317,#5318,#5319,#5320));
#1078=EDGE_LOOP('',(#5321,#5322,#5323,#5324));
#1079=EDGE_LOOP('',(#5325,#5326,#5327,#5328));
#1080=EDGE_LOOP('',(#5329,#5330,#5331,#5332));
#1081=EDGE_LOOP('',(#5333,#5334,#5335,#5336));
#1082=EDGE_LOOP('',(#5337,#5338,#5339,#5340));
#1083=EDGE_LOOP('',(#5341,#5342,#5343,#5344));
#1084=EDGE_LOOP('',(#5345,#5346,#5347,#5348));
#1085=EDGE_LOOP('',(#5349,#5350,#5351,#5352));
#1086=EDGE_LOOP('',(#5353,#5354,#5355,#5356));
#1087=EDGE_LOOP('',(#5357,#5358,#5359,#5360));
#1088=EDGE_LOOP('',(#5361,#5362,#5363,#5364));
#1089=EDGE_LOOP('',(#5365,#5366,#5367,#5368));
#1090=EDGE_LOOP('',(#5369,#5370,#5371,#5372));
#1091=EDGE_LOOP('',(#5373,#5374,#5375,#5376));
#1092=EDGE_LOOP('',(#5377,#5378,#5379,#5380));
#1093=EDGE_LOOP('',(#5381,#5382,#5383,#5384));
#1094=EDGE_LOOP('',(#5385,#5386,#5387,#5388));
#1095=EDGE_LOOP('',(#5389,#5390,#5391,#5392));
#1096=EDGE_LOOP('',(#5393,#5394,#5395,#5396));
#1097=EDGE_LOOP('',(#5397,#5398,#5399,#5400));
#1098=EDGE_LOOP('',(#5401,#5402,#5403,#5404));
#1099=EDGE_LOOP('',(#5405,#5406,#5407,#5408));
#1100=EDGE_LOOP('',(#5409,#5410,#5411,#5412));
#1101=EDGE_LOOP('',(#5413,#5414,#5415,#5416));
#1102=EDGE_LOOP('',(#5417,#5418,#5419,#5420));
#1103=EDGE_LOOP('',(#5421,#5422,#5423,#5424));
#1104=EDGE_LOOP('',(#5425,#5426,#5427,#5428));
#1105=EDGE_LOOP('',(#5429,#5430,#5431,#5432));
#1106=EDGE_LOOP('',(#5433,#5434,#5435,#5436));
#1107=EDGE_LOOP('',(#5437,#5438,#5439,#5440));
#1108=EDGE_LOOP('',(#5441,#5442,#5443,#5444));
#1109=EDGE_LOOP('',(#5445,#5446,#5447,#5448));
#1110=EDGE_LOOP('',(#5449,#5450,#5451,#5452));
#1111=EDGE_LOOP('',(#5453,#5454,#5455,#5456));
#1112=EDGE_LOOP('',(#5457,#5458,#5459,#5460));
#1113=EDGE_LOOP('',(#5461,#5462,#5463,#5464));
#1114=EDGE_LOOP('',(#5465,#5466,#5467,#5468));
#1115=EDGE_LOOP('',(#5469,#5470,#5471,#5472));
#1116=EDGE_LOOP('',(#5473,#5474,#5475,#5476));
#1117=EDGE_LOOP('',(#5477,#5478,#5479,#5480));
#1118=EDGE_LOOP('',(#5481,#5482,#5483,#5484));
#1119=EDGE_LOOP('',(#5485,#5486,#5487,#5488));
#1120=EDGE_LOOP('',(#5489,#5490,#5491,#5492));
#1121=EDGE_LOOP('',(#5493,#5494,#5495,#5496));
#1122=EDGE_LOOP('',(#5497,#5498,#5499,#5500));
#1123=EDGE_LOOP('',(#5501,#5502,#5503,#5504));
#1124=EDGE_LOOP('',(#5505,#5506,#5507,#5508));
#1125=EDGE_LOOP('',(#5509,#5510,#5511,#5512));
#1126=EDGE_LOOP('',(#5513,#5514,#5515,#5516));
#1127=EDGE_LOOP('',(#5517,#5518,#5519,#5520));
#1128=EDGE_LOOP('',(#5521,#5522,#5523,#5524));
#1129=EDGE_LOOP('',(#5525,#5526,#5527,#5528));
#1130=EDGE_LOOP('',(#5529,#5530,#5531,#5532));
#1131=EDGE_LOOP('',(#5533,#5534,#5535,#5536));
#1132=EDGE_LOOP('',(#5537,#5538,#5539,#5540));
#1133=EDGE_LOOP('',(#5541,#5542,#5543,#5544));
#1134=EDGE_LOOP('',(#5545,#5546,#5547,#5548));
#1135=EDGE_LOOP('',(#5549,#5550,#5551,#5552));
#1136=EDGE_LOOP('',(#5553,#5554,#5555,#5556));
#1137=EDGE_LOOP('',(#5557,#5558,#5559,#5560));
#1138=EDGE_LOOP('',(#5561,#5562,#5563,#5564));
#1139=EDGE_LOOP('',(#5565,#5566,#5567,#5568));
#1140=EDGE_LOOP('',(#5569,#5570,#5571,#5572));
#1141=EDGE_LOOP('',(#5573,#5574,#5575,#5576));
#1142=EDGE_LOOP('',(#5577,#5578,#5579,#5580));
#1143=EDGE_LOOP('',(#5581,#5582,#5583,#5584));
#1144=EDGE_LOOP('',(#5585,#5586,#5587,#5588));
#1145=EDGE_LOOP('',(#5589,#5590,#5591,#5592));
#1146=EDGE_LOOP('',(#5593,#5594,#5595,#5596));
#1147=EDGE_LOOP('',(#5597,#5598,#5599,#5600));
#1148=EDGE_LOOP('',(#5601,#5602,#5603,#5604));
#1149=EDGE_LOOP('',(#5605,#5606,#5607,#5608));
#1150=EDGE_LOOP('',(#5609,#5610,#5611,#5612));
#1151=EDGE_LOOP('',(#5613,#5614,#5615,#5616));
#1152=EDGE_LOOP('',(#5617,#5618,#5619,#5620));
#1153=EDGE_LOOP('',(#5621,#5622,#5623,#5624));
#1154=EDGE_LOOP('',(#5625,#5626,#5627,#5628));
#1155=EDGE_LOOP('',(#5629,#5630,#5631,#5632));
#1156=EDGE_LOOP('',(#5633,#5634,#5635,#5636));
#1157=EDGE_LOOP('',(#5637,#5638,#5639,#5640));
#1158=EDGE_LOOP('',(#5641,#5642,#5643,#5644));
#1159=EDGE_LOOP('',(#5645,#5646,#5647,#5648));
#1160=EDGE_LOOP('',(#5649));
#1161=EDGE_LOOP('',(#5650));
#1162=EDGE_LOOP('',(#5651,#5652,#5653,#5654));
#1163=EDGE_LOOP('',(#5655,#5656,#5657,#5658));
#1164=EDGE_LOOP('',(#5659,#5660,#5661,#5662));
#1165=EDGE_LOOP('',(#5663,#5664,#5665,#5666,#5667,#5668,#5669,#5670));
#1166=EDGE_LOOP('',(#5671));
#1167=EDGE_LOOP('',(#5672));
#1168=EDGE_LOOP('',(#5673,#5674,#5675,#5676));
#1169=EDGE_LOOP('',(#5677,#5678,#5679,#5680,#5681,#5682,#5683,#5684));
#1170=LINE('',#8653,#1769);
#1171=LINE('',#8655,#1770);
#1172=LINE('',#8657,#1771);
#1173=LINE('',#8659,#1772);
#1174=LINE('',#8661,#1773);
#1175=LINE('',#8663,#1774);
#1176=LINE('',#8665,#1775);
#1177=LINE('',#8667,#1776);
#1178=LINE('',#8669,#1777);
#1179=LINE('',#8671,#1778);
#1180=LINE('',#8673,#1779);
#1181=LINE('',#8675,#1780);
#1182=LINE('',#8677,#1781);
#1183=LINE('',#8679,#1782);
#1184=LINE('',#8681,#1783);
#1185=LINE('',#8682,#1784);
#1186=LINE('',#8687,#1785);
#1187=LINE('',#8689,#1786);
#1188=LINE('',#8690,#1787);
#1189=LINE('',#8694,#1788);
#1190=LINE('',#8698,#1789);
#1191=LINE('',#8702,#1790);
#1192=LINE('',#8708,#1791);
#1193=LINE('',#8712,#1792);
#1194=LINE('',#8716,#1793);
#1195=LINE('',#8722,#1794);
#1196=LINE('',#8726,#1795);
#1197=LINE('',#8730,#1796);
#1198=LINE('',#8736,#1797);
#1199=LINE('',#8740,#1798);
#1200=LINE('',#8744,#1799);
#1201=LINE('',#8750,#1800);
#1202=LINE('',#8754,#1801);
#1203=LINE('',#8758,#1802);
#1204=LINE('',#8764,#1803);
#1205=LINE('',#8768,#1804);
#1206=LINE('',#8772,#1805);
#1207=LINE('',#8778,#1806);
#1208=LINE('',#8782,#1807);
#1209=LINE('',#8786,#1808);
#1210=LINE('',#8792,#1809);
#1211=LINE('',#8796,#1810);
#1212=LINE('',#8800,#1811);
#1213=LINE('',#8806,#1812);
#1214=LINE('',#8810,#1813);
#1215=LINE('',#8814,#1814);
#1216=LINE('',#8820,#1815);
#1217=LINE('',#8824,#1816);
#1218=LINE('',#8828,#1817);
#1219=LINE('',#8834,#1818);
#1220=LINE('',#8838,#1819);
#1221=LINE('',#8842,#1820);
#1222=LINE('',#8848,#1821);
#1223=LINE('',#8852,#1822);
#1224=LINE('',#8856,#1823);
#1225=LINE('',#8862,#1824);
#1226=LINE('',#8866,#1825);
#1227=LINE('',#8870,#1826);
#1228=LINE('',#8876,#1827);
#1229=LINE('',#8880,#1828);
#1230=LINE('',#8884,#1829);
#1231=LINE('',#8890,#1830);
#1232=LINE('',#8894,#1831);
#1233=LINE('',#8898,#1832);
#1234=LINE('',#8904,#1833);
#1235=LINE('',#8908,#1834);
#1236=LINE('',#8912,#1835);
#1237=LINE('',#8917,#1836);
#1238=LINE('',#8919,#1837);
#1239=LINE('',#8921,#1838);
#1240=LINE('',#8923,#1839);
#1241=LINE('',#8925,#1840);
#1242=LINE('',#8927,#1841);
#1243=LINE('',#8929,#1842);
#1244=LINE('',#8931,#1843);
#1245=LINE('',#8933,#1844);
#1246=LINE('',#8935,#1845);
#1247=LINE('',#8937,#1846);
#1248=LINE('',#8939,#1847);
#1249=LINE('',#8941,#1848);
#1250=LINE('',#8943,#1849);
#1251=LINE('',#8944,#1850);
#1252=LINE('',#8948,#1851);
#1253=LINE('',#8950,#1852);
#1254=LINE('',#8951,#1853);
#1255=LINE('',#8953,#1854);
#1256=LINE('',#8955,#1855);
#1257=LINE('',#8956,#1856);
#1258=LINE('',#8958,#1857);
#1259=LINE('',#8959,#1858);
#1260=LINE('',#8961,#1859);
#1261=LINE('',#8963,#1860);
#1262=LINE('',#8964,#1861);
#1263=LINE('',#8967,#1862);
#1264=LINE('',#8969,#1863);
#1265=LINE('',#8970,#1864);
#1266=LINE('',#8973,#1865);
#1267=LINE('',#8980,#1866);
#1268=LINE('',#8982,#1867);
#1269=LINE('',#8983,#1868);
#1270=LINE('',#8986,#1869);
#1271=LINE('',#8988,#1870);
#1272=LINE('',#8992,#1871);
#1273=LINE('',#8994,#1872);
#1274=LINE('',#8997,#1873);
#1275=LINE('',#8998,#1874);
#1276=LINE('',#9001,#1875);
#1277=LINE('',#9003,#1876);
#1278=LINE('',#9004,#1877);
#1279=LINE('',#9007,#1878);
#1280=LINE('',#9009,#1879);
#1281=LINE('',#9013,#1880);
#1282=LINE('',#9015,#1881);
#1283=LINE('',#9018,#1882);
#1284=LINE('',#9019,#1883);
#1285=LINE('',#9022,#1884);
#1286=LINE('',#9024,#1885);
#1287=LINE('',#9025,#1886);
#1288=LINE('',#9028,#1887);
#1289=LINE('',#9030,#1888);
#1290=LINE('',#9031,#1889);
#1291=LINE('',#9034,#1890);
#1292=LINE('',#9036,#1891);
#1293=LINE('',#9040,#1892);
#1294=LINE('',#9042,#1893);
#1295=LINE('',#9043,#1894);
#1296=LINE('',#9046,#1895);
#1297=LINE('',#9048,#1896);
#1298=LINE('',#9052,#1897);
#1299=LINE('',#9054,#1898);
#1300=LINE('',#9057,#1899);
#1301=LINE('',#9058,#1900);
#1302=LINE('',#9061,#1901);
#1303=LINE('',#9063,#1902);
#1304=LINE('',#9064,#1903);
#1305=LINE('',#9067,#1904);
#1306=LINE('',#9070,#1905);
#1307=LINE('',#9073,#1906);
#1308=LINE('',#9074,#1907);
#1309=LINE('',#9077,#1908);
#1310=LINE('',#9081,#1909);
#1311=LINE('',#9082,#1910);
#1312=LINE('',#9085,#1911);
#1313=LINE('',#9087,#1912);
#1314=LINE('',#9091,#1913);
#1315=LINE('',#9093,#1914);
#1316=LINE('',#9096,#1915);
#1317=LINE('',#9097,#1916);
#1318=LINE('',#9100,#1917);
#1319=LINE('',#9104,#1918);
#1320=LINE('',#9105,#1919);
#1321=LINE('',#9108,#1920);
#1322=LINE('',#9112,#1921);
#1323=LINE('',#9113,#1922);
#1324=LINE('',#9116,#1923);
#1325=LINE('',#9118,#1924);
#1326=LINE('',#9122,#1925);
#1327=LINE('',#9124,#1926);
#1328=LINE('',#9127,#1927);
#1329=LINE('',#9128,#1928);
#1330=LINE('',#9131,#1929);
#1331=LINE('',#9135,#1930);
#1332=LINE('',#9136,#1931);
#1333=LINE('',#9139,#1932);
#1334=LINE('',#9143,#1933);
#1335=LINE('',#9144,#1934);
#1336=LINE('',#9147,#1935);
#1337=LINE('',#9149,#1936);
#1338=LINE('',#9153,#1937);
#1339=LINE('',#9155,#1938);
#1340=LINE('',#9158,#1939);
#1341=LINE('',#9159,#1940);
#1342=LINE('',#9162,#1941);
#1343=LINE('',#9166,#1942);
#1344=LINE('',#9167,#1943);
#1345=LINE('',#9172,#1944);
#1346=LINE('',#9176,#1945);
#1347=LINE('',#9177,#1946);
#1348=LINE('',#9180,#1947);
#1349=LINE('',#9184,#1948);
#1350=LINE('',#9185,#1949);
#1351=LINE('',#9188,#1950);
#1352=LINE('',#9190,#1951);
#1353=LINE('',#9194,#1952);
#1354=LINE('',#9196,#1953);
#1355=LINE('',#9199,#1954);
#1356=LINE('',#9200,#1955);
#1357=LINE('',#9203,#1956);
#1358=LINE('',#9207,#1957);
#1359=LINE('',#9208,#1958);
#1360=LINE('',#9211,#1959);
#1361=LINE('',#9215,#1960);
#1362=LINE('',#9216,#1961);
#1363=LINE('',#9219,#1962);
#1364=LINE('',#9221,#1963);
#1365=LINE('',#9225,#1964);
#1366=LINE('',#9227,#1965);
#1367=LINE('',#9230,#1966);
#1368=LINE('',#9231,#1967);
#1369=LINE('',#9234,#1968);
#1370=LINE('',#9238,#1969);
#1371=LINE('',#9239,#1970);
#1372=LINE('',#9242,#1971);
#1373=LINE('',#9246,#1972);
#1374=LINE('',#9247,#1973);
#1375=LINE('',#9250,#1974);
#1376=LINE('',#9252,#1975);
#1377=LINE('',#9256,#1976);
#1378=LINE('',#9258,#1977);
#1379=LINE('',#9261,#1978);
#1380=LINE('',#9262,#1979);
#1381=LINE('',#9265,#1980);
#1382=LINE('',#9269,#1981);
#1383=LINE('',#9270,#1982);
#1384=LINE('',#9275,#1983);
#1385=LINE('',#9279,#1984);
#1386=LINE('',#9280,#1985);
#1387=LINE('',#9285,#1986);
#1388=LINE('',#9292,#1987);
#1389=LINE('',#9295,#1988);
#1390=LINE('',#9298,#1989);
#1391=LINE('',#9304,#1990);
#1392=LINE('',#9307,#1991);
#1393=LINE('',#9310,#1992);
#1394=LINE('',#9316,#1993);
#1395=LINE('',#9324,#1994);
#1396=LINE('',#9332,#1995);
#1397=LINE('',#9340,#1996);
#1398=LINE('',#9348,#1997);
#1399=LINE('',#9356,#1998);
#1400=LINE('',#9364,#1999);
#1401=LINE('',#9372,#2000);
#1402=LINE('',#9380,#2001);
#1403=LINE('',#9383,#2002);
#1404=LINE('',#9386,#2003);
#1405=LINE('',#9392,#2004);
#1406=LINE('',#9400,#2005);
#1407=LINE('',#9403,#2006);
#1408=LINE('',#9406,#2007);
#1409=LINE('',#9412,#2008);
#1410=LINE('',#9415,#2009);
#1411=LINE('',#9418,#2010);
#1412=LINE('',#9424,#2011);
#1413=LINE('',#9427,#2012);
#1414=LINE('',#9430,#2013);
#1415=LINE('',#9432,#2014);
#1416=LINE('',#9438,#2015);
#1417=LINE('',#9442,#2016);
#1418=LINE('',#9446,#2017);
#1419=LINE('',#9452,#2018);
#1420=LINE('',#9456,#2019);
#1421=LINE('',#9461,#2020);
#1422=LINE('',#9465,#2021);
#1423=LINE('',#9469,#2022);
#1424=LINE('',#9474,#2023);
#1425=LINE('',#9478,#2024);
#1426=LINE('',#9483,#2025);
#1427=LINE('',#9488,#2026);
#1428=LINE('',#9492,#2027);
#1429=LINE('',#9497,#2028);
#1430=LINE('',#9501,#2029);
#1431=LINE('',#9505,#2030);
#1432=LINE('',#9510,#2031);
#1433=LINE('',#9514,#2032);
#1434=LINE('',#9517,#2033);
#1435=LINE('',#9518,#2034);
#1436=LINE('',#9520,#2035);
#1437=LINE('',#9521,#2036);
#1438=LINE('',#9523,#2037);
#1439=LINE('',#9524,#2038);
#1440=LINE('',#9526,#2039);
#1441=LINE('',#9527,#2040);
#1442=LINE('',#9529,#2041);
#1443=LINE('',#9530,#2042);
#1444=LINE('',#9532,#2043);
#1445=LINE('',#9533,#2044);
#1446=LINE('',#9535,#2045);
#1447=LINE('',#9536,#2046);
#1448=LINE('',#9538,#2047);
#1449=LINE('',#9540,#2048);
#1450=LINE('',#9541,#2049);
#1451=LINE('',#9543,#2050);
#1452=LINE('',#9544,#2051);
#1453=LINE('',#9546,#2052);
#1454=LINE('',#9547,#2053);
#1455=LINE('',#9549,#2054);
#1456=LINE('',#9550,#2055);
#1457=LINE('',#9552,#2056);
#1458=LINE('',#9554,#2057);
#1459=LINE('',#9556,#2058);
#1460=LINE('',#9558,#2059);
#1461=LINE('',#9560,#2060);
#1462=LINE('',#9562,#2061);
#1463=LINE('',#9563,#2062);
#1464=LINE('',#9565,#2063);
#1465=LINE('',#9568,#2064);
#1466=LINE('',#9569,#2065);
#1467=LINE('',#9571,#2066);
#1468=LINE('',#9577,#2067);
#1469=LINE('',#9580,#2068);
#1470=LINE('',#9582,#2069);
#1471=LINE('',#9583,#2070);
#1472=LINE('',#9586,#2071);
#1473=LINE('',#9588,#2072);
#1474=LINE('',#9589,#2073);
#1475=LINE('',#9606,#2074);
#1476=LINE('',#9608,#2075);
#1477=LINE('',#9610,#2076);
#1478=LINE('',#9611,#2077);
#1479=LINE('',#9614,#2078);
#1480=LINE('',#9616,#2079);
#1481=LINE('',#9617,#2080);
#1482=LINE('',#9620,#2081);
#1483=LINE('',#9622,#2082);
#1484=LINE('',#9623,#2083);
#1485=LINE('',#9627,#2084);
#1486=LINE('',#9629,#2085);
#1487=LINE('',#9631,#2086);
#1488=LINE('',#9632,#2087);
#1489=LINE('',#9635,#2088);
#1490=LINE('',#9637,#2089);
#1491=LINE('',#9638,#2090);
#1492=LINE('',#9641,#2091);
#1493=LINE('',#9643,#2092);
#1494=LINE('',#9644,#2093);
#1495=LINE('',#9650,#2094);
#1496=LINE('',#9653,#2095);
#1497=LINE('',#9656,#2096);
#1498=LINE('',#9658,#2097);
#1499=LINE('',#9662,#2098);
#1500=LINE('',#9664,#2099);
#1501=LINE('',#9665,#2100);
#1502=LINE('',#9666,#2101);
#1503=LINE('',#9669,#2102);
#1504=LINE('',#9670,#2103);
#1505=LINE('',#9672,#2104);
#1506=LINE('',#9674,#2105);
#1507=LINE('',#9676,#2106);
#1508=LINE('',#9680,#2107);
#1509=LINE('',#9682,#2108);
#1510=LINE('',#9686,#2109);
#1511=LINE('',#9689,#2110);
#1512=LINE('',#9692,#2111);
#1513=LINE('',#9695,#2112);
#1514=LINE('',#9698,#2113);
#1515=LINE('',#9699,#2114);
#1516=LINE('',#9701,#2115);
#1517=LINE('',#9704,#2116);
#1518=LINE('',#9706,#2117);
#1519=LINE('',#9708,#2118);
#1520=LINE('',#9711,#2119);
#1521=LINE('',#9713,#2120);
#1522=LINE('',#9714,#2121);
#1523=LINE('',#9717,#2122);
#1524=LINE('',#9719,#2123);
#1525=LINE('',#9721,#2124);
#1526=LINE('',#9722,#2125);
#1527=LINE('',#9728,#2126);
#1528=LINE('',#9732,#2127);
#1529=LINE('',#9733,#2128);
#1530=LINE('',#9736,#2129);
#1531=LINE('',#9737,#2130);
#1532=LINE('',#9739,#2131);
#1533=LINE('',#9747,#2132);
#1534=LINE('',#9754,#2133);
#1535=LINE('',#9760,#2134);
#1536=LINE('',#9762,#2135);
#1537=LINE('',#9766,#2136);
#1538=LINE('',#9768,#2137);
#1539=LINE('',#9770,#2138);
#1540=LINE('',#9771,#2139);
#1541=LINE('',#9774,#2140);
#1542=LINE('',#9776,#2141);
#1543=LINE('',#9780,#2142);
#1544=LINE('',#9784,#2143);
#1545=LINE('',#9788,#2144);
#1546=LINE('',#9792,#2145);
#1547=LINE('',#9794,#2146);
#1548=LINE('',#9796,#2147);
#1549=LINE('',#9798,#2148);
#1550=LINE('',#9802,#2149);
#1551=LINE('',#9806,#2150);
#1552=LINE('',#9810,#2151);
#1553=LINE('',#9814,#2152);
#1554=LINE('',#9818,#2153);
#1555=LINE('',#9822,#2154);
#1556=LINE('',#9826,#2155);
#1557=LINE('',#9830,#2156);
#1558=LINE('',#9834,#2157);
#1559=LINE('',#9838,#2158);
#1560=LINE('',#9842,#2159);
#1561=LINE('',#9846,#2160);
#1562=LINE('',#9850,#2161);
#1563=LINE('',#9854,#2162);
#1564=LINE('',#9858,#2163);
#1565=LINE('',#9862,#2164);
#1566=LINE('',#9866,#2165);
#1567=LINE('',#9870,#2166);
#1568=LINE('',#9874,#2167);
#1569=LINE('',#9878,#2168);
#1570=LINE('',#9882,#2169);
#1571=LINE('',#9886,#2170);
#1572=LINE('',#9890,#2171);
#1573=LINE('',#9894,#2172);
#1574=LINE('',#9898,#2173);
#1575=LINE('',#9902,#2174);
#1576=LINE('',#9906,#2175);
#1577=LINE('',#9910,#2176);
#1578=LINE('',#9914,#2177);
#1579=LINE('',#9918,#2178);
#1580=LINE('',#9922,#2179);
#1581=LINE('',#9926,#2180);
#1582=LINE('',#9930,#2181);
#1583=LINE('',#9934,#2182);
#1584=LINE('',#9938,#2183);
#1585=LINE('',#9942,#2184);
#1586=LINE('',#9946,#2185);
#1587=LINE('',#9950,#2186);
#1588=LINE('',#9954,#2187);
#1589=LINE('',#9958,#2188);
#1590=LINE('',#9960,#2189);
#1591=LINE('',#9962,#2190);
#1592=LINE('',#9964,#2191);
#1593=LINE('',#9968,#2192);
#1594=LINE('',#9972,#2193);
#1595=LINE('',#9976,#2194);
#1596=LINE('',#9986,#2195);
#1597=LINE('',#9989,#2196);
#1598=LINE('',#9998,#2197);
#1599=LINE('',#9999,#2198);
#1600=LINE('',#10002,#2199);
#1601=LINE('',#10003,#2200);
#1602=LINE('',#10006,#2201);
#1603=LINE('',#10010,#2202);
#1604=LINE('',#10011,#2203);
#1605=LINE('',#10013,#2204);
#1606=LINE('',#10014,#2205);
#1607=LINE('',#10019,#2206);
#1608=LINE('',#10020,#2207);
#1609=LINE('',#10023,#2208);
#1610=LINE('',#10024,#2209);
#1611=LINE('',#10027,#2210);
#1612=LINE('',#10031,#2211);
#1613=LINE('',#10032,#2212);
#1614=LINE('',#10035,#2213);
#1615=LINE('',#10042,#2214);
#1616=LINE('',#10046,#2215);
#1617=LINE('',#10053,#2216);
#1618=LINE('',#10059,#2217);
#1619=LINE('',#10062,#2218);
#1620=LINE('',#10067,#2219);
#1621=LINE('',#10073,#2220);
#1622=LINE('',#10075,#2221);
#1623=LINE('',#10076,#2222);
#1624=LINE('',#10078,#2223);
#1625=LINE('',#10082,#2224);
#1626=LINE('',#10084,#2225);
#1627=LINE('',#10086,#2226);
#1628=LINE('',#10088,#2227);
#1629=LINE('',#10092,#2228);
#1630=LINE('',#10096,#2229);
#1631=LINE('',#10100,#2230);
#1632=LINE('',#10104,#2231);
#1633=LINE('',#10108,#2232);
#1634=LINE('',#10112,#2233);
#1635=LINE('',#10116,#2234);
#1636=LINE('',#10120,#2235);
#1637=LINE('',#10124,#2236);
#1638=LINE('',#10128,#2237);
#1639=LINE('',#10132,#2238);
#1640=LINE('',#10136,#2239);
#1641=LINE('',#10140,#2240);
#1642=LINE('',#10144,#2241);
#1643=LINE('',#10148,#2242);
#1644=LINE('',#10152,#2243);
#1645=LINE('',#10156,#2244);
#1646=LINE('',#10160,#2245);
#1647=LINE('',#10164,#2246);
#1648=LINE('',#10168,#2247);
#1649=LINE('',#10172,#2248);
#1650=LINE('',#10176,#2249);
#1651=LINE('',#10180,#2250);
#1652=LINE('',#10184,#2251);
#1653=LINE('',#10188,#2252);
#1654=LINE('',#10192,#2253);
#1655=LINE('',#10196,#2254);
#1656=LINE('',#10200,#2255);
#1657=LINE('',#10204,#2256);
#1658=LINE('',#10208,#2257);
#1659=LINE('',#10212,#2258);
#1660=LINE('',#10216,#2259);
#1661=LINE('',#10220,#2260);
#1662=LINE('',#10224,#2261);
#1663=LINE('',#10228,#2262);
#1664=LINE('',#10232,#2263);
#1665=LINE('',#10236,#2264);
#1666=LINE('',#10240,#2265);
#1667=LINE('',#10244,#2266);
#1668=LINE('',#10248,#2267);
#1669=LINE('',#10250,#2268);
#1670=LINE('',#10251,#2269);
#1671=LINE('',#10254,#2270);
#1672=LINE('',#10258,#2271);
#1673=LINE('',#10262,#2272);
#1674=LINE('',#10264,#2273);
#1675=LINE('',#10266,#2274);
#1676=LINE('',#10267,#2275);
#1677=LINE('',#10269,#2276);
#1678=LINE('',#10271,#2277);
#1679=LINE('',#10273,#2278);
#1680=LINE('',#10274,#2279);
#1681=LINE('',#10276,#2280);
#1682=LINE('',#10278,#2281);
#1683=LINE('',#10281,#2282);
#1684=LINE('',#10282,#2283);
#1685=LINE('',#10284,#2284);
#1686=LINE('',#10286,#2285);
#1687=LINE('',#10288,#2286);
#1688=LINE('',#10290,#2287);
#1689=LINE('',#10292,#2288);
#1690=LINE('',#10294,#2289);
#1691=LINE('',#10296,#2290);
#1692=LINE('',#10298,#2291);
#1693=LINE('',#10300,#2292);
#1694=LINE('',#10302,#2293);
#1695=LINE('',#10304,#2294);
#1696=LINE('',#10306,#2295);
#1697=LINE('',#10308,#2296);
#1698=LINE('',#10310,#2297);
#1699=LINE('',#10312,#2298);
#1700=LINE('',#10314,#2299);
#1701=LINE('',#10316,#2300);
#1702=LINE('',#10318,#2301);
#1703=LINE('',#10320,#2302);
#1704=LINE('',#10322,#2303);
#1705=LINE('',#10324,#2304);
#1706=LINE('',#10326,#2305);
#1707=LINE('',#10328,#2306);
#1708=LINE('',#10330,#2307);
#1709=LINE('',#10332,#2308);
#1710=LINE('',#10334,#2309);
#1711=LINE('',#10336,#2310);
#1712=LINE('',#10338,#2311);
#1713=LINE('',#10340,#2312);
#1714=LINE('',#10342,#2313);
#1715=LINE('',#10344,#2314);
#1716=LINE('',#10346,#2315);
#1717=LINE('',#10348,#2316);
#1718=LINE('',#10350,#2317);
#1719=LINE('',#10352,#2318);
#1720=LINE('',#10354,#2319);
#1721=LINE('',#10356,#2320);
#1722=LINE('',#10358,#2321);
#1723=LINE('',#10361,#2322);
#1724=LINE('',#10362,#2323);
#1725=LINE('',#10364,#2324);
#1726=LINE('',#10365,#2325);
#1727=LINE('',#10367,#2326);
#1728=LINE('',#10368,#2327);
#1729=LINE('',#10370,#2328);
#1730=LINE('',#10371,#2329);
#1731=LINE('',#10373,#2330);
#1732=LINE('',#10375,#2331);
#1733=LINE('',#10376,#2332);
#1734=LINE('',#10378,#2333);
#1735=LINE('',#10379,#2334);
#1736=LINE('',#10381,#2335);
#1737=LINE('',#10382,#2336);
#1738=LINE('',#10384,#2337);
#1739=LINE('',#10385,#2338);
#1740=LINE('',#10387,#2339);
#1741=LINE('',#10388,#2340);
#1742=LINE('',#10390,#2341);
#1743=LINE('',#10391,#2342);
#1744=LINE('',#10393,#2343);
#1745=LINE('',#10394,#2344);
#1746=LINE('',#10396,#2345);
#1747=LINE('',#10397,#2346);
#1748=LINE('',#10399,#2347);
#1749=LINE('',#10400,#2348);
#1750=LINE('',#10402,#2349);
#1751=LINE('',#10403,#2350);
#1752=LINE('',#10405,#2351);
#1753=LINE('',#10406,#2352);
#1754=LINE('',#10408,#2353);
#1755=LINE('',#10409,#2354);
#1756=LINE('',#10411,#2355);
#1757=LINE('',#10412,#2356);
#1758=LINE('',#10414,#2357);
#1759=LINE('',#10415,#2358);
#1760=LINE('',#10417,#2359);
#1761=LINE('',#10418,#2360);
#1762=LINE('',#10441,#2361);
#1763=LINE('',#10449,#2362);
#1764=LINE('',#10454,#2363);
#1765=LINE('',#10455,#2364);
#1766=LINE('',#10458,#2365);
#1767=LINE('',#10459,#2366);
#1768=LINE('',#10462,#2367);
#1769=VECTOR('',#6800,10.);
#1770=VECTOR('',#6801,10.);
#1771=VECTOR('',#6802,10.);
#1772=VECTOR('',#6803,10.);
#1773=VECTOR('',#6804,10.);
#1774=VECTOR('',#6805,10.);
#1775=VECTOR('',#6806,10.);
#1776=VECTOR('',#6807,10.);
#1777=VECTOR('',#6808,10.);
#1778=VECTOR('',#6809,10.);
#1779=VECTOR('',#6810,10.);
#1780=VECTOR('',#6811,10.);
#1781=VECTOR('',#6812,10.);
#1782=VECTOR('',#6813,10.);
#1783=VECTOR('',#6814,10.);
#1784=VECTOR('',#6815,10.);
#1785=VECTOR('',#6820,10.);
#1786=VECTOR('',#6821,10.);
#1787=VECTOR('',#6822,10.);
#1788=VECTOR('',#6825,10.);
#1789=VECTOR('',#6828,10.);
#1790=VECTOR('',#6831,10.);
#1791=VECTOR('',#6836,10.);
#1792=VECTOR('',#6839,10.);
#1793=VECTOR('',#6842,10.);
#1794=VECTOR('',#6847,10.);
#1795=VECTOR('',#6850,10.);
#1796=VECTOR('',#6853,10.);
#1797=VECTOR('',#6858,10.);
#1798=VECTOR('',#6861,10.);
#1799=VECTOR('',#6864,10.);
#1800=VECTOR('',#6869,10.);
#1801=VECTOR('',#6872,10.);
#1802=VECTOR('',#6875,10.);
#1803=VECTOR('',#6880,10.);
#1804=VECTOR('',#6883,10.);
#1805=VECTOR('',#6886,10.);
#1806=VECTOR('',#6891,10.);
#1807=VECTOR('',#6894,10.);
#1808=VECTOR('',#6897,10.);
#1809=VECTOR('',#6902,10.);
#1810=VECTOR('',#6905,10.);
#1811=VECTOR('',#6908,10.);
#1812=VECTOR('',#6913,10.);
#1813=VECTOR('',#6916,10.);
#1814=VECTOR('',#6919,10.);
#1815=VECTOR('',#6924,10.);
#1816=VECTOR('',#6927,10.);
#1817=VECTOR('',#6930,10.);
#1818=VECTOR('',#6935,10.);
#1819=VECTOR('',#6938,10.);
#1820=VECTOR('',#6941,10.);
#1821=VECTOR('',#6946,10.);
#1822=VECTOR('',#6949,10.);
#1823=VECTOR('',#6952,10.);
#1824=VECTOR('',#6957,10.);
#1825=VECTOR('',#6960,10.);
#1826=VECTOR('',#6963,10.);
#1827=VECTOR('',#6968,10.);
#1828=VECTOR('',#6971,10.);
#1829=VECTOR('',#6974,10.);
#1830=VECTOR('',#6979,10.);
#1831=VECTOR('',#6982,10.);
#1832=VECTOR('',#6985,10.);
#1833=VECTOR('',#6990,10.);
#1834=VECTOR('',#6993,10.);
#1835=VECTOR('',#6996,10.);
#1836=VECTOR('',#7001,10.);
#1837=VECTOR('',#7002,10.);
#1838=VECTOR('',#7003,10.);
#1839=VECTOR('',#7004,10.);
#1840=VECTOR('',#7005,10.);
#1841=VECTOR('',#7006,10.);
#1842=VECTOR('',#7007,10.);
#1843=VECTOR('',#7008,10.);
#1844=VECTOR('',#7009,10.);
#1845=VECTOR('',#7010,10.);
#1846=VECTOR('',#7011,10.);
#1847=VECTOR('',#7012,10.);
#1848=VECTOR('',#7013,10.);
#1849=VECTOR('',#7014,10.);
#1850=VECTOR('',#7015,10.);
#1851=VECTOR('',#7020,3.625);
#1852=VECTOR('',#7023,10.);
#1853=VECTOR('',#7024,10.);
#1854=VECTOR('',#7027,10.);
#1855=VECTOR('',#7030,10.);
#1856=VECTOR('',#7031,10.);
#1857=VECTOR('',#7034,10.);
#1858=VECTOR('',#7035,10.);
#1859=VECTOR('',#7038,10.);
#1860=VECTOR('',#7041,10.);
#1861=VECTOR('',#7042,10.);
#1862=VECTOR('',#7047,10.);
#1863=VECTOR('',#7050,10.);
#1864=VECTOR('',#7051,10.);
#1865=VECTOR('',#7056,10.);
#1866=VECTOR('',#7067,1000.);
#1867=VECTOR('',#7068,1000.);
#1868=VECTOR('',#7069,10.);
#1869=VECTOR('',#7072,1000.);
#1870=VECTOR('',#7073,10.);
#1871=VECTOR('',#7078,10.);
#1872=VECTOR('',#7081,10.);
#1873=VECTOR('',#7084,10.);
#1874=VECTOR('',#7085,1000.);
#1875=VECTOR('',#7088,10.);
#1876=VECTOR('',#7089,1000.);
#1877=VECTOR('',#7090,10.);
#1878=VECTOR('',#7093,10.);
#1879=VECTOR('',#7094,10.);
#1880=VECTOR('',#7099,10.);
#1881=VECTOR('',#7102,10.);
#1882=VECTOR('',#7105,10.);
#1883=VECTOR('',#7106,1000.);
#1884=VECTOR('',#7109,1000.);
#1885=VECTOR('',#7110,1000.);
#1886=VECTOR('',#7111,1000.);
#1887=VECTOR('',#7114,1000.);
#1888=VECTOR('',#7115,1000.);
#1889=VECTOR('',#7116,10.);
#1890=VECTOR('',#7119,10.);
#1891=VECTOR('',#7120,10.);
#1892=VECTOR('',#7125,10.);
#1893=VECTOR('',#7126,1000.);
#1894=VECTOR('',#7127,10.);
#1895=VECTOR('',#7130,10.);
#1896=VECTOR('',#7131,10.);
#1897=VECTOR('',#7136,10.);
#1898=VECTOR('',#7139,10.);
#1899=VECTOR('',#7142,10.);
#1900=VECTOR('',#7143,1000.);
#1901=VECTOR('',#7146,10.);
#1902=VECTOR('',#7147,1000.);
#1903=VECTOR('',#7148,10.);
#1904=VECTOR('',#7151,10.);
#1905=VECTOR('',#7154,10.);
#1906=VECTOR('',#7157,10.);
#1907=VECTOR('',#7158,1000.);
#1908=VECTOR('',#7161,10.);
#1909=VECTOR('',#7166,10.);
#1910=VECTOR('',#7167,1000.);
#1911=VECTOR('',#7170,1000.);
#1912=VECTOR('',#7171,10.);
#1913=VECTOR('',#7176,10.);
#1914=VECTOR('',#7179,10.);
#1915=VECTOR('',#7182,10.);
#1916=VECTOR('',#7183,1000.);
#1917=VECTOR('',#7186,10.);
#1918=VECTOR('',#7191,10.);
#1919=VECTOR('',#7192,1000.);
#1920=VECTOR('',#7195,10.);
#1921=VECTOR('',#7200,10.);
#1922=VECTOR('',#7201,1000.);
#1923=VECTOR('',#7204,1000.);
#1924=VECTOR('',#7205,10.);
#1925=VECTOR('',#7210,10.);
#1926=VECTOR('',#7213,10.);
#1927=VECTOR('',#7216,10.);
#1928=VECTOR('',#7217,1000.);
#1929=VECTOR('',#7220,10.);
#1930=VECTOR('',#7225,10.);
#1931=VECTOR('',#7226,1000.);
#1932=VECTOR('',#7229,10.);
#1933=VECTOR('',#7234,10.);
#1934=VECTOR('',#7235,1000.);
#1935=VECTOR('',#7238,1000.);
#1936=VECTOR('',#7239,10.);
#1937=VECTOR('',#7244,10.);
#1938=VECTOR('',#7247,10.);
#1939=VECTOR('',#7250,10.);
#1940=VECTOR('',#7251,1000.);
#1941=VECTOR('',#7254,10.);
#1942=VECTOR('',#7259,10.);
#1943=VECTOR('',#7260,1000.);
#1944=VECTOR('',#7267,10.);
#1945=VECTOR('',#7272,10.);
#1946=VECTOR('',#7273,1000.);
#1947=VECTOR('',#7276,10.);
#1948=VECTOR('',#7281,10.);
#1949=VECTOR('',#7282,1000.);
#1950=VECTOR('',#7285,1000.);
#1951=VECTOR('',#7286,10.);
#1952=VECTOR('',#7291,10.);
#1953=VECTOR('',#7294,10.);
#1954=VECTOR('',#7297,10.);
#1955=VECTOR('',#7298,1000.);
#1956=VECTOR('',#7301,10.);
#1957=VECTOR('',#7306,10.);
#1958=VECTOR('',#7307,1000.);
#1959=VECTOR('',#7310,10.);
#1960=VECTOR('',#7315,10.);
#1961=VECTOR('',#7316,1000.);
#1962=VECTOR('',#7319,1000.);
#1963=VECTOR('',#7320,10.);
#1964=VECTOR('',#7325,10.);
#1965=VECTOR('',#7328,10.);
#1966=VECTOR('',#7331,10.);
#1967=VECTOR('',#7332,1000.);
#1968=VECTOR('',#7335,10.);
#1969=VECTOR('',#7340,10.);
#1970=VECTOR('',#7341,1000.);
#1971=VECTOR('',#7344,10.);
#1972=VECTOR('',#7349,10.);
#1973=VECTOR('',#7350,1000.);
#1974=VECTOR('',#7353,1000.);
#1975=VECTOR('',#7354,10.);
#1976=VECTOR('',#7359,10.);
#1977=VECTOR('',#7362,10.);
#1978=VECTOR('',#7365,10.);
#1979=VECTOR('',#7366,1000.);
#1980=VECTOR('',#7369,10.);
#1981=VECTOR('',#7374,10.);
#1982=VECTOR('',#7375,1000.);
#1983=VECTOR('',#7382,10.);
#1984=VECTOR('',#7387,1000.);
#1985=VECTOR('',#7388,1000.);
#1986=VECTOR('',#7393,10.);
#1987=VECTOR('',#7400,10.);
#1988=VECTOR('',#7403,10.);
#1989=VECTOR('',#7408,10.);
#1990=VECTOR('',#7413,10.);
#1991=VECTOR('',#7416,10.);
#1992=VECTOR('',#7421,10.);
#1993=VECTOR('',#7428,10.);
#1994=VECTOR('',#7439,10.);
#1995=VECTOR('',#7450,10.);
#1996=VECTOR('',#7461,10.);
#1997=VECTOR('',#7472,10.);
#1998=VECTOR('',#7483,10.);
#1999=VECTOR('',#7494,10.);
#2000=VECTOR('',#7505,10.);
#2001=VECTOR('',#7514,10.);
#2002=VECTOR('',#7517,10.);
#2003=VECTOR('',#7522,10.);
#2004=VECTOR('',#7529,10.);
#2005=VECTOR('',#7538,10.);
#2006=VECTOR('',#7541,10.);
#2007=VECTOR('',#7546,10.);
#2008=VECTOR('',#7551,10.);
#2009=VECTOR('',#7554,10.);
#2010=VECTOR('',#7559,10.);
#2011=VECTOR('',#7564,10.);
#2012=VECTOR('',#7567,10.);
#2013=VECTOR('',#7572,10.);
#2014=VECTOR('',#7575,10.);
#2015=VECTOR('',#7582,1000.);
#2016=VECTOR('',#7585,1000.);
#2017=VECTOR('',#7588,1000.);
#2018=VECTOR('',#7595,1000.);
#2019=VECTOR('',#7598,1000.);
#2020=VECTOR('',#7603,1000.);
#2021=VECTOR('',#7606,1000.);
#2022=VECTOR('',#7609,1000.);
#2023=VECTOR('',#7614,1000.);
#2024=VECTOR('',#7617,1000.);
#2025=VECTOR('',#7622,1000.);
#2026=VECTOR('',#7629,1000.);
#2027=VECTOR('',#7632,1000.);
#2028=VECTOR('',#7637,1000.);
#2029=VECTOR('',#7640,1000.);
#2030=VECTOR('',#7643,1000.);
#2031=VECTOR('',#7648,1000.);
#2032=VECTOR('',#7651,1000.);
#2033=VECTOR('',#7656,10.);
#2034=VECTOR('',#7657,10.);
#2035=VECTOR('',#7660,10.);
#2036=VECTOR('',#7661,1000.);
#2037=VECTOR('',#7664,10.);
#2038=VECTOR('',#7665,10.);
#2039=VECTOR('',#7668,10.);
#2040=VECTOR('',#7669,1000.);
#2041=VECTOR('',#7672,1000.);
#2042=VECTOR('',#7673,10.);
#2043=VECTOR('',#7676,10.);
#2044=VECTOR('',#7677,10.);
#2045=VECTOR('',#7680,10.);
#2046=VECTOR('',#7681,10.);
#2047=VECTOR('',#7684,10.);
#2048=VECTOR('',#7687,1000.);
#2049=VECTOR('',#7688,10.);
#2050=VECTOR('',#7691,10.);
#2051=VECTOR('',#7692,10.);
#2052=VECTOR('',#7695,1000.);
#2053=VECTOR('',#7696,10.);
#2054=VECTOR('',#7699,10.);
#2055=VECTOR('',#7700,10.);
#2056=VECTOR('',#7703,10.);
#2057=VECTOR('',#7706,1000.);
#2058=VECTOR('',#7709,10.);
#2059=VECTOR('',#7712,10.);
#2060=VECTOR('',#7715,10.);
#2061=VECTOR('',#7718,1000.);
#2062=VECTOR('',#7719,10.);
#2063=VECTOR('',#7722,1000.);
#2064=VECTOR('',#7727,1000.);
#2065=VECTOR('',#7728,10.);
#2066=VECTOR('',#7731,1000.);
#2067=VECTOR('',#7742,10.);
#2068=VECTOR('',#7747,10.);
#2069=VECTOR('',#7750,1000.);
#2070=VECTOR('',#7751,1000.);
#2071=VECTOR('',#7756,10.);
#2072=VECTOR('',#7759,1000.);
#2073=VECTOR('',#7760,1000.);
#2074=VECTOR('',#7789,10.);
#2075=VECTOR('',#7790,10.);
#2076=VECTOR('',#7791,10.);
#2077=VECTOR('',#7792,10.);
#2078=VECTOR('',#7795,10.);
#2079=VECTOR('',#7796,10.);
#2080=VECTOR('',#7797,10.);
#2081=VECTOR('',#7800,10.);
#2082=VECTOR('',#7801,10.);
#2083=VECTOR('',#7802,10.);
#2084=VECTOR('',#7805,10.);
#2085=VECTOR('',#7806,10.);
#2086=VECTOR('',#7807,10.);
#2087=VECTOR('',#7808,10.);
#2088=VECTOR('',#7811,10.);
#2089=VECTOR('',#7812,10.);
#2090=VECTOR('',#7813,10.);
#2091=VECTOR('',#7816,10.);
#2092=VECTOR('',#7817,10.);
#2093=VECTOR('',#7818,10.);
#2094=VECTOR('',#7823,10.);
#2095=VECTOR('',#7826,10.);
#2096=VECTOR('',#7829,10.);
#2097=VECTOR('',#7830,10.);
#2098=VECTOR('',#7833,10.);
#2099=VECTOR('',#7834,10.);
#2100=VECTOR('',#7835,10.);
#2101=VECTOR('',#7836,10.);
#2102=VECTOR('',#7839,10.);
#2103=VECTOR('',#7840,10.);
#2104=VECTOR('',#7843,10.);
#2105=VECTOR('',#7846,10.);
#2106=VECTOR('',#7847,10.);
#2107=VECTOR('',#7850,10.);
#2108=VECTOR('',#7851,10.);
#2109=VECTOR('',#7854,10.);
#2110=VECTOR('',#7857,10.);
#2111=VECTOR('',#7860,10.);
#2112=VECTOR('',#7863,10.);
#2113=VECTOR('',#7866,10.);
#2114=VECTOR('',#7867,10.);
#2115=VECTOR('',#7870,10.);
#2116=VECTOR('',#7873,10.);
#2117=VECTOR('',#7874,10.);
#2118=VECTOR('',#7875,10.);
#2119=VECTOR('',#7878,10.);
#2120=VECTOR('',#7881,10.);
#2121=VECTOR('',#7882,10.);
#2122=VECTOR('',#7887,10.);
#2123=VECTOR('',#7888,10.);
#2124=VECTOR('',#7889,10.);
#2125=VECTOR('',#7890,10.);
#2126=VECTOR('',#7897,10.);
#2127=VECTOR('',#7902,10.);
#2128=VECTOR('',#7903,10.);
#2129=VECTOR('',#7906,10.);
#2130=VECTOR('',#7907,10.);
#2131=VECTOR('',#7910,10.);
#2132=VECTOR('',#7919,2.75);
#2133=VECTOR('',#7928,2.75);
#2134=VECTOR('',#7937,1.5);
#2135=VECTOR('',#7940,1.5);
#2136=VECTOR('',#7943,10.);
#2137=VECTOR('',#7944,10.);
#2138=VECTOR('',#7945,10.);
#2139=VECTOR('',#7946,10.);
#2140=VECTOR('',#7949,10.);
#2141=VECTOR('',#7950,10.);
#2142=VECTOR('',#7953,10.);
#2143=VECTOR('',#7956,10.);
#2144=VECTOR('',#7959,10.);
#2145=VECTOR('',#7962,10.);
#2146=VECTOR('',#7963,10.);
#2147=VECTOR('',#7964,10.);
#2148=VECTOR('',#7965,10.);
#2149=VECTOR('',#7968,1000.);
#2150=VECTOR('',#7971,1000.);
#2151=VECTOR('',#7974,1000.);
#2152=VECTOR('',#7977,1000.);
#2153=VECTOR('',#7980,1000.);
#2154=VECTOR('',#7983,1000.);
#2155=VECTOR('',#7986,1000.);
#2156=VECTOR('',#7989,1000.);
#2157=VECTOR('',#7992,1000.);
#2158=VECTOR('',#7995,1000.);
#2159=VECTOR('',#7998,1000.);
#2160=VECTOR('',#8001,1000.);
#2161=VECTOR('',#8004,1000.);
#2162=VECTOR('',#8007,1000.);
#2163=VECTOR('',#8010,1000.);
#2164=VECTOR('',#8013,1000.);
#2165=VECTOR('',#8016,1000.);
#2166=VECTOR('',#8019,1000.);
#2167=VECTOR('',#8022,1000.);
#2168=VECTOR('',#8025,1000.);
#2169=VECTOR('',#8028,1000.);
#2170=VECTOR('',#8031,1000.);
#2171=VECTOR('',#8034,1000.);
#2172=VECTOR('',#8037,1000.);
#2173=VECTOR('',#8040,1000.);
#2174=VECTOR('',#8043,1000.);
#2175=VECTOR('',#8046,1000.);
#2176=VECTOR('',#8049,1000.);
#2177=VECTOR('',#8052,1000.);
#2178=VECTOR('',#8055,1000.);
#2179=VECTOR('',#8058,1000.);
#2180=VECTOR('',#8061,1000.);
#2181=VECTOR('',#8064,1000.);
#2182=VECTOR('',#8067,1000.);
#2183=VECTOR('',#8070,1000.);
#2184=VECTOR('',#8073,1000.);
#2185=VECTOR('',#8076,1000.);
#2186=VECTOR('',#8079,1000.);
#2187=VECTOR('',#8082,1000.);
#2188=VECTOR('',#8085,1000.);
#2189=VECTOR('',#8086,10.);
#2190=VECTOR('',#8087,10.);
#2191=VECTOR('',#8088,10.);
#2192=VECTOR('',#8091,10.);
#2193=VECTOR('',#8094,10.);
#2194=VECTOR('',#8097,10.);
#2195=VECTOR('',#8106,10.);
#2196=VECTOR('',#8109,10.);
#2197=VECTOR('',#8118,10.);
#2198=VECTOR('',#8119,10.);
#2199=VECTOR('',#8122,10.);
#2200=VECTOR('',#8123,10.);
#2201=VECTOR('',#8126,10.);
#2202=VECTOR('',#8131,10.);
#2203=VECTOR('',#8132,10.);
#2204=VECTOR('',#8133,10.);
#2205=VECTOR('',#8134,10.);
#2206=VECTOR('',#8139,10.);
#2207=VECTOR('',#8140,10.);
#2208=VECTOR('',#8143,10.);
#2209=VECTOR('',#8144,10.);
#2210=VECTOR('',#8147,10.);
#2211=VECTOR('',#8152,10.);
#2212=VECTOR('',#8153,10.);
#2213=VECTOR('',#8156,2.75);
#2214=VECTOR('',#8165,1.6);
#2215=VECTOR('',#8170,2.75);
#2216=VECTOR('',#8179,1.6);
#2217=VECTOR('',#8186,10.);
#2218=VECTOR('',#8189,10.);
#2219=VECTOR('',#8194,2.75);
#2220=VECTOR('',#8203,1.6);
#2221=VECTOR('',#8206,10.);
#2222=VECTOR('',#8207,10.);
#2223=VECTOR('',#8210,10.);
#2224=VECTOR('',#8215,10.);
#2225=VECTOR('',#8216,10.);
#2226=VECTOR('',#8217,10.);
#2227=VECTOR('',#8218,10.);
#2228=VECTOR('',#8221,10.);
#2229=VECTOR('',#8224,10.);
#2230=VECTOR('',#8227,10.);
#2231=VECTOR('',#8230,10.);
#2232=VECTOR('',#8233,10.);
#2233=VECTOR('',#8236,10.);
#2234=VECTOR('',#8239,10.);
#2235=VECTOR('',#8242,10.);
#2236=VECTOR('',#8245,10.);
#2237=VECTOR('',#8248,10.);
#2238=VECTOR('',#8251,10.);
#2239=VECTOR('',#8254,10.);
#2240=VECTOR('',#8257,10.);
#2241=VECTOR('',#8260,10.);
#2242=VECTOR('',#8263,10.);
#2243=VECTOR('',#8266,10.);
#2244=VECTOR('',#8269,10.);
#2245=VECTOR('',#8272,10.);
#2246=VECTOR('',#8275,10.);
#2247=VECTOR('',#8278,10.);
#2248=VECTOR('',#8281,10.);
#2249=VECTOR('',#8284,10.);
#2250=VECTOR('',#8287,10.);
#2251=VECTOR('',#8290,10.);
#2252=VECTOR('',#8293,10.);
#2253=VECTOR('',#8296,10.);
#2254=VECTOR('',#8299,10.);
#2255=VECTOR('',#8302,10.);
#2256=VECTOR('',#8305,10.);
#2257=VECTOR('',#8308,10.);
#2258=VECTOR('',#8311,10.);
#2259=VECTOR('',#8314,10.);
#2260=VECTOR('',#8317,10.);
#2261=VECTOR('',#8320,10.);
#2262=VECTOR('',#8323,10.);
#2263=VECTOR('',#8326,10.);
#2264=VECTOR('',#8329,10.);
#2265=VECTOR('',#8332,10.);
#2266=VECTOR('',#8335,10.);
#2267=VECTOR('',#8338,10.);
#2268=VECTOR('',#8339,10.);
#2269=VECTOR('',#8340,10.);
#2270=VECTOR('',#8341,10.);
#2271=VECTOR('',#8344,10.);
#2272=VECTOR('',#8351,10.);
#2273=VECTOR('',#8354,10.);
#2274=VECTOR('',#8357,10.);
#2275=VECTOR('',#8358,10.);
#2276=VECTOR('',#8361,10.);
#2277=VECTOR('',#8364,1000.);
#2278=VECTOR('',#8367,10.);
#2279=VECTOR('',#8368,10.);
#2280=VECTOR('',#8371,10.);
#2281=VECTOR('',#8374,10.);
#2282=VECTOR('',#8379,1000.);
#2283=VECTOR('',#8380,1000.);
#2284=VECTOR('',#8383,1000.);
#2285=VECTOR('',#8386,1000.);
#2286=VECTOR('',#8389,1000.);
#2287=VECTOR('',#8392,1000.);
#2288=VECTOR('',#8395,1000.);
#2289=VECTOR('',#8398,1000.);
#2290=VECTOR('',#8401,1000.);
#2291=VECTOR('',#8404,1000.);
#2292=VECTOR('',#8407,1000.);
#2293=VECTOR('',#8410,1000.);
#2294=VECTOR('',#8413,1000.);
#2295=VECTOR('',#8416,1000.);
#2296=VECTOR('',#8419,1000.);
#2297=VECTOR('',#8422,1000.);
#2298=VECTOR('',#8425,1000.);
#2299=VECTOR('',#8428,1000.);
#2300=VECTOR('',#8431,1000.);
#2301=VECTOR('',#8434,1000.);
#2302=VECTOR('',#8437,1000.);
#2303=VECTOR('',#8440,1000.);
#2304=VECTOR('',#8443,1000.);
#2305=VECTOR('',#8446,1000.);
#2306=VECTOR('',#8449,1000.);
#2307=VECTOR('',#8452,1000.);
#2308=VECTOR('',#8455,1000.);
#2309=VECTOR('',#8458,1000.);
#2310=VECTOR('',#8461,1000.);
#2311=VECTOR('',#8464,1000.);
#2312=VECTOR('',#8467,1000.);
#2313=VECTOR('',#8470,1000.);
#2314=VECTOR('',#8473,1000.);
#2315=VECTOR('',#8476,1000.);
#2316=VECTOR('',#8479,1000.);
#2317=VECTOR('',#8482,1000.);
#2318=VECTOR('',#8485,1000.);
#2319=VECTOR('',#8488,1000.);
#2320=VECTOR('',#8491,1000.);
#2321=VECTOR('',#8494,1000.);
#2322=VECTOR('',#8499,1000.);
#2323=VECTOR('',#8500,1000.);
#2324=VECTOR('',#8503,1000.);
#2325=VECTOR('',#8504,1000.);
#2326=VECTOR('',#8507,1000.);
#2327=VECTOR('',#8508,1000.);
#2328=VECTOR('',#8511,1000.);
#2329=VECTOR('',#8512,1000.);
#2330=VECTOR('',#8515,1000.);
#2331=VECTOR('',#8518,1000.);
#2332=VECTOR('',#8519,1000.);
#2333=VECTOR('',#8522,1000.);
#2334=VECTOR('',#8523,1000.);
#2335=VECTOR('',#8526,1000.);
#2336=VECTOR('',#8527,1000.);
#2337=VECTOR('',#8530,1000.);
#2338=VECTOR('',#8531,1000.);
#2339=VECTOR('',#8534,1000.);
#2340=VECTOR('',#8535,1000.);
#2341=VECTOR('',#8538,1000.);
#2342=VECTOR('',#8539,1000.);
#2343=VECTOR('',#8542,1000.);
#2344=VECTOR('',#8543,1000.);
#2345=VECTOR('',#8546,1000.);
#2346=VECTOR('',#8547,1000.);
#2347=VECTOR('',#8550,1000.);
#2348=VECTOR('',#8551,1000.);
#2349=VECTOR('',#8554,1000.);
#2350=VECTOR('',#8555,1000.);
#2351=VECTOR('',#8558,1000.);
#2352=VECTOR('',#8559,1000.);
#2353=VECTOR('',#8562,1000.);
#2354=VECTOR('',#8563,1000.);
#2355=VECTOR('',#8566,1000.);
#2356=VECTOR('',#8567,1000.);
#2357=VECTOR('',#8570,1000.);
#2358=VECTOR('',#8571,1000.);
#2359=VECTOR('',#8574,1000.);
#2360=VECTOR('',#8575,1000.);
#2361=VECTOR('',#8618,2.75);
#2362=VECTOR('',#8629,1.6);
#2363=VECTOR('',#8634,10.);
#2364=VECTOR('',#8635,10.);
#2365=VECTOR('',#8638,10.);
#2366=VECTOR('',#8639,10.);
#2367=VECTOR('',#8644,10.);
#2368=VERTEX_POINT('',#8651);
#2369=VERTEX_POINT('',#8652);
#2370=VERTEX_POINT('',#8654);
#2371=VERTEX_POINT('',#8656);
#2372=VERTEX_POINT('',#8658);
#2373=VERTEX_POINT('',#8660);
#2374=VERTEX_POINT('',#8662);
#2375=VERTEX_POINT('',#8664);
#2376=VERTEX_POINT('',#8666);
#2377=VERTEX_POINT('',#8668);
#2378=VERTEX_POINT('',#8670);
#2379=VERTEX_POINT('',#8672);
#2380=VERTEX_POINT('',#8674);
#2381=VERTEX_POINT('',#8676);
#2382=VERTEX_POINT('',#8678);
#2383=VERTEX_POINT('',#8680);
#2384=VERTEX_POINT('',#8683);
#2385=VERTEX_POINT('',#8686);
#2386=VERTEX_POINT('',#8688);
#2387=VERTEX_POINT('',#8692);
#2388=VERTEX_POINT('',#8693);
#2389=VERTEX_POINT('',#8695);
#2390=VERTEX_POINT('',#8697);
#2391=VERTEX_POINT('',#8699);
#2392=VERTEX_POINT('',#8701);
#2393=VERTEX_POINT('',#8703);
#2394=VERTEX_POINT('',#8705);
#2395=VERTEX_POINT('',#8707);
#2396=VERTEX_POINT('',#8709);
#2397=VERTEX_POINT('',#8711);
#2398=VERTEX_POINT('',#8713);
#2399=VERTEX_POINT('',#8715);
#2400=VERTEX_POINT('',#8717);
#2401=VERTEX_POINT('',#8719);
#2402=VERTEX_POINT('',#8721);
#2403=VERTEX_POINT('',#8723);
#2404=VERTEX_POINT('',#8725);
#2405=VERTEX_POINT('',#8727);
#2406=VERTEX_POINT('',#8729);
#2407=VERTEX_POINT('',#8731);
#2408=VERTEX_POINT('',#8733);
#2409=VERTEX_POINT('',#8735);
#2410=VERTEX_POINT('',#8737);
#2411=VERTEX_POINT('',#8739);
#2412=VERTEX_POINT('',#8741);
#2413=VERTEX_POINT('',#8743);
#2414=VERTEX_POINT('',#8745);
#2415=VERTEX_POINT('',#8747);
#2416=VERTEX_POINT('',#8749);
#2417=VERTEX_POINT('',#8751);
#2418=VERTEX_POINT('',#8753);
#2419=VERTEX_POINT('',#8755);
#2420=VERTEX_POINT('',#8757);
#2421=VERTEX_POINT('',#8759);
#2422=VERTEX_POINT('',#8761);
#2423=VERTEX_POINT('',#8763);
#2424=VERTEX_POINT('',#8765);
#2425=VERTEX_POINT('',#8767);
#2426=VERTEX_POINT('',#8769);
#2427=VERTEX_POINT('',#8771);
#2428=VERTEX_POINT('',#8773);
#2429=VERTEX_POINT('',#8775);
#2430=VERTEX_POINT('',#8777);
#2431=VERTEX_POINT('',#8779);
#2432=VERTEX_POINT('',#8781);
#2433=VERTEX_POINT('',#8783);
#2434=VERTEX_POINT('',#8785);
#2435=VERTEX_POINT('',#8787);
#2436=VERTEX_POINT('',#8789);
#2437=VERTEX_POINT('',#8791);
#2438=VERTEX_POINT('',#8793);
#2439=VERTEX_POINT('',#8795);
#2440=VERTEX_POINT('',#8797);
#2441=VERTEX_POINT('',#8799);
#2442=VERTEX_POINT('',#8801);
#2443=VERTEX_POINT('',#8803);
#2444=VERTEX_POINT('',#8805);
#2445=VERTEX_POINT('',#8807);
#2446=VERTEX_POINT('',#8809);
#2447=VERTEX_POINT('',#8811);
#2448=VERTEX_POINT('',#8813);
#2449=VERTEX_POINT('',#8815);
#2450=VERTEX_POINT('',#8817);
#2451=VERTEX_POINT('',#8819);
#2452=VERTEX_POINT('',#8821);
#2453=VERTEX_POINT('',#8823);
#2454=VERTEX_POINT('',#8825);
#2455=VERTEX_POINT('',#8827);
#2456=VERTEX_POINT('',#8829);
#2457=VERTEX_POINT('',#8831);
#2458=VERTEX_POINT('',#8833);
#2459=VERTEX_POINT('',#8835);
#2460=VERTEX_POINT('',#8837);
#2461=VERTEX_POINT('',#8839);
#2462=VERTEX_POINT('',#8841);
#2463=VERTEX_POINT('',#8843);
#2464=VERTEX_POINT('',#8845);
#2465=VERTEX_POINT('',#8847);
#2466=VERTEX_POINT('',#8849);
#2467=VERTEX_POINT('',#8851);
#2468=VERTEX_POINT('',#8853);
#2469=VERTEX_POINT('',#8855);
#2470=VERTEX_POINT('',#8857);
#2471=VERTEX_POINT('',#8859);
#2472=VERTEX_POINT('',#8861);
#2473=VERTEX_POINT('',#8863);
#2474=VERTEX_POINT('',#8865);
#2475=VERTEX_POINT('',#8867);
#2476=VERTEX_POINT('',#8869);
#2477=VERTEX_POINT('',#8871);
#2478=VERTEX_POINT('',#8873);
#2479=VERTEX_POINT('',#8875);
#2480=VERTEX_POINT('',#8877);
#2481=VERTEX_POINT('',#8879);
#2482=VERTEX_POINT('',#8881);
#2483=VERTEX_POINT('',#8883);
#2484=VERTEX_POINT('',#8885);
#2485=VERTEX_POINT('',#8887);
#2486=VERTEX_POINT('',#8889);
#2487=VERTEX_POINT('',#8891);
#2488=VERTEX_POINT('',#8893);
#2489=VERTEX_POINT('',#8895);
#2490=VERTEX_POINT('',#8897);
#2491=VERTEX_POINT('',#8899);
#2492=VERTEX_POINT('',#8901);
#2493=VERTEX_POINT('',#8903);
#2494=VERTEX_POINT('',#8905);
#2495=VERTEX_POINT('',#8907);
#2496=VERTEX_POINT('',#8909);
#2497=VERTEX_POINT('',#8911);
#2498=VERTEX_POINT('',#8913);
#2499=VERTEX_POINT('',#8916);
#2500=VERTEX_POINT('',#8918);
#2501=VERTEX_POINT('',#8920);
#2502=VERTEX_POINT('',#8922);
#2503=VERTEX_POINT('',#8924);
#2504=VERTEX_POINT('',#8926);
#2505=VERTEX_POINT('',#8928);
#2506=VERTEX_POINT('',#8930);
#2507=VERTEX_POINT('',#8932);
#2508=VERTEX_POINT('',#8934);
#2509=VERTEX_POINT('',#8936);
#2510=VERTEX_POINT('',#8938);
#2511=VERTEX_POINT('',#8940);
#2512=VERTEX_POINT('',#8942);
#2513=VERTEX_POINT('',#8946);
#2514=VERTEX_POINT('',#8979);
#2515=VERTEX_POINT('',#8981);
#2516=VERTEX_POINT('',#8985);
#2517=VERTEX_POINT('',#8987);
#2518=VERTEX_POINT('',#8991);
#2519=VERTEX_POINT('',#8996);
#2520=VERTEX_POINT('',#9000);
#2521=VERTEX_POINT('',#9002);
#2522=VERTEX_POINT('',#9006);
#2523=VERTEX_POINT('',#9008);
#2524=VERTEX_POINT('',#9012);
#2525=VERTEX_POINT('',#9017);
#2526=VERTEX_POINT('',#9021);
#2527=VERTEX_POINT('',#9023);
#2528=VERTEX_POINT('',#9027);
#2529=VERTEX_POINT('',#9029);
#2530=VERTEX_POINT('',#9033);
#2531=VERTEX_POINT('',#9035);
#2532=VERTEX_POINT('',#9039);
#2533=VERTEX_POINT('',#9041);
#2534=VERTEX_POINT('',#9045);
#2535=VERTEX_POINT('',#9047);
#2536=VERTEX_POINT('',#9051);
#2537=VERTEX_POINT('',#9056);
#2538=VERTEX_POINT('',#9060);
#2539=VERTEX_POINT('',#9062);
#2540=VERTEX_POINT('',#9066);
#2541=VERTEX_POINT('',#9068);
#2542=VERTEX_POINT('',#9072);
#2543=VERTEX_POINT('',#9076);
#2544=VERTEX_POINT('',#9080);
#2545=VERTEX_POINT('',#9084);
#2546=VERTEX_POINT('',#9086);
#2547=VERTEX_POINT('',#9090);
#2548=VERTEX_POINT('',#9095);
#2549=VERTEX_POINT('',#9099);
#2550=VERTEX_POINT('',#9103);
#2551=VERTEX_POINT('',#9107);
#2552=VERTEX_POINT('',#9111);
#2553=VERTEX_POINT('',#9115);
#2554=VERTEX_POINT('',#9117);
#2555=VERTEX_POINT('',#9121);
#2556=VERTEX_POINT('',#9126);
#2557=VERTEX_POINT('',#9130);
#2558=VERTEX_POINT('',#9134);
#2559=VERTEX_POINT('',#9138);
#2560=VERTEX_POINT('',#9142);
#2561=VERTEX_POINT('',#9146);
#2562=VERTEX_POINT('',#9148);
#2563=VERTEX_POINT('',#9152);
#2564=VERTEX_POINT('',#9157);
#2565=VERTEX_POINT('',#9161);
#2566=VERTEX_POINT('',#9165);
#2567=VERTEX_POINT('',#9171);
#2568=VERTEX_POINT('',#9175);
#2569=VERTEX_POINT('',#9179);
#2570=VERTEX_POINT('',#9183);
#2571=VERTEX_POINT('',#9187);
#2572=VERTEX_POINT('',#9189);
#2573=VERTEX_POINT('',#9193);
#2574=VERTEX_POINT('',#9198);
#2575=VERTEX_POINT('',#9202);
#2576=VERTEX_POINT('',#9206);
#2577=VERTEX_POINT('',#9210);
#2578=VERTEX_POINT('',#9214);
#2579=VERTEX_POINT('',#9218);
#2580=VERTEX_POINT('',#9220);
#2581=VERTEX_POINT('',#9224);
#2582=VERTEX_POINT('',#9229);
#2583=VERTEX_POINT('',#9233);
#2584=VERTEX_POINT('',#9237);
#2585=VERTEX_POINT('',#9241);
#2586=VERTEX_POINT('',#9245);
#2587=VERTEX_POINT('',#9249);
#2588=VERTEX_POINT('',#9251);
#2589=VERTEX_POINT('',#9255);
#2590=VERTEX_POINT('',#9260);
#2591=VERTEX_POINT('',#9264);
#2592=VERTEX_POINT('',#9268);
#2593=VERTEX_POINT('',#9274);
#2594=VERTEX_POINT('',#9278);
#2595=VERTEX_POINT('',#9282);
#2596=VERTEX_POINT('',#9284);
#2597=VERTEX_POINT('',#9288);
#2598=VERTEX_POINT('',#9289);
#2599=VERTEX_POINT('',#9291);
#2600=VERTEX_POINT('',#9293);
#2601=VERTEX_POINT('',#9300);
#2602=VERTEX_POINT('',#9301);
#2603=VERTEX_POINT('',#9303);
#2604=VERTEX_POINT('',#9305);
#2605=VERTEX_POINT('',#9312);
#2606=VERTEX_POINT('',#9314);
#2607=VERTEX_POINT('',#9320);
#2608=VERTEX_POINT('',#9322);
#2609=VERTEX_POINT('',#9328);
#2610=VERTEX_POINT('',#9330);
#2611=VERTEX_POINT('',#9336);
#2612=VERTEX_POINT('',#9338);
#2613=VERTEX_POINT('',#9344);
#2614=VERTEX_POINT('',#9346);
#2615=VERTEX_POINT('',#9352);
#2616=VERTEX_POINT('',#9354);
#2617=VERTEX_POINT('',#9360);
#2618=VERTEX_POINT('',#9362);
#2619=VERTEX_POINT('',#9368);
#2620=VERTEX_POINT('',#9370);
#2621=VERTEX_POINT('',#9376);
#2622=VERTEX_POINT('',#9377);
#2623=VERTEX_POINT('',#9379);
#2624=VERTEX_POINT('',#9381);
#2625=VERTEX_POINT('',#9388);
#2626=VERTEX_POINT('',#9390);
#2627=VERTEX_POINT('',#9396);
#2628=VERTEX_POINT('',#9397);
#2629=VERTEX_POINT('',#9399);
#2630=VERTEX_POINT('',#9401);
#2631=VERTEX_POINT('',#9408);
#2632=VERTEX_POINT('',#9409);
#2633=VERTEX_POINT('',#9411);
#2634=VERTEX_POINT('',#9413);
#2635=VERTEX_POINT('',#9420);
#2636=VERTEX_POINT('',#9421);
#2637=VERTEX_POINT('',#9423);
#2638=VERTEX_POINT('',#9425);
#2639=VERTEX_POINT('',#9435);
#2640=VERTEX_POINT('',#9437);
#2641=VERTEX_POINT('',#9439);
#2642=VERTEX_POINT('',#9441);
#2643=VERTEX_POINT('',#9443);
#2644=VERTEX_POINT('',#9445);
#2645=VERTEX_POINT('',#9449);
#2646=VERTEX_POINT('',#9451);
#2647=VERTEX_POINT('',#9453);
#2648=VERTEX_POINT('',#9455);
#2649=VERTEX_POINT('',#9458);
#2650=VERTEX_POINT('',#9460);
#2651=VERTEX_POINT('',#9462);
#2652=VERTEX_POINT('',#9464);
#2653=VERTEX_POINT('',#9466);
#2654=VERTEX_POINT('',#9468);
#2655=VERTEX_POINT('',#9471);
#2656=VERTEX_POINT('',#9473);
#2657=VERTEX_POINT('',#9475);
#2658=VERTEX_POINT('',#9477);
#2659=VERTEX_POINT('',#9480);
#2660=VERTEX_POINT('',#9482);
#2661=VERTEX_POINT('',#9486);
#2662=VERTEX_POINT('',#9489);
#2663=VERTEX_POINT('',#9491);
#2664=VERTEX_POINT('',#9494);
#2665=VERTEX_POINT('',#9496);
#2666=VERTEX_POINT('',#9498);
#2667=VERTEX_POINT('',#9500);
#2668=VERTEX_POINT('',#9502);
#2669=VERTEX_POINT('',#9504);
#2670=VERTEX_POINT('',#9507);
#2671=VERTEX_POINT('',#9509);
#2672=VERTEX_POINT('',#9511);
#2673=VERTEX_POINT('',#9513);
#2674=VERTEX_POINT('',#9604);
#2675=VERTEX_POINT('',#9605);
#2676=VERTEX_POINT('',#9607);
#2677=VERTEX_POINT('',#9609);
#2678=VERTEX_POINT('',#9613);
#2679=VERTEX_POINT('',#9615);
#2680=VERTEX_POINT('',#9619);
#2681=VERTEX_POINT('',#9621);
#2682=VERTEX_POINT('',#9625);
#2683=VERTEX_POINT('',#9626);
#2684=VERTEX_POINT('',#9628);
#2685=VERTEX_POINT('',#9630);
#2686=VERTEX_POINT('',#9634);
#2687=VERTEX_POINT('',#9636);
#2688=VERTEX_POINT('',#9640);
#2689=VERTEX_POINT('',#9642);
#2690=VERTEX_POINT('',#9646);
#2691=VERTEX_POINT('',#9647);
#2692=VERTEX_POINT('',#9649);
#2693=VERTEX_POINT('',#9651);
#2694=VERTEX_POINT('',#9655);
#2695=VERTEX_POINT('',#9657);
#2696=VERTEX_POINT('',#9659);
#2697=VERTEX_POINT('',#9661);
#2698=VERTEX_POINT('',#9663);
#2699=VERTEX_POINT('',#9668);
#2700=VERTEX_POINT('',#9675);
#2701=VERTEX_POINT('',#9677);
#2702=VERTEX_POINT('',#9679);
#2703=VERTEX_POINT('',#9681);
#2704=VERTEX_POINT('',#9683);
#2705=VERTEX_POINT('',#9685);
#2706=VERTEX_POINT('',#9687);
#2707=VERTEX_POINT('',#9691);
#2708=VERTEX_POINT('',#9693);
#2709=VERTEX_POINT('',#9697);
#2710=VERTEX_POINT('',#9703);
#2711=VERTEX_POINT('',#9705);
#2712=VERTEX_POINT('',#9707);
#2713=VERTEX_POINT('',#9709);
#2714=VERTEX_POINT('',#9718);
#2715=VERTEX_POINT('',#9720);
#2716=VERTEX_POINT('',#9723);
#2717=VERTEX_POINT('',#9725);
#2718=VERTEX_POINT('',#9731);
#2719=VERTEX_POINT('',#9735);
#2720=VERTEX_POINT('',#9740);
#2721=VERTEX_POINT('',#9742);
#2722=VERTEX_POINT('',#9746);
#2723=VERTEX_POINT('',#9750);
#2724=VERTEX_POINT('',#9753);
#2725=VERTEX_POINT('',#9757);
#2726=VERTEX_POINT('',#9764);
#2727=VERTEX_POINT('',#9765);
#2728=VERTEX_POINT('',#9767);
#2729=VERTEX_POINT('',#9769);
#2730=VERTEX_POINT('',#9773);
#2731=VERTEX_POINT('',#9775);
#2732=VERTEX_POINT('',#9777);
#2733=VERTEX_POINT('',#9779);
#2734=VERTEX_POINT('',#9781);
#2735=VERTEX_POINT('',#9783);
#2736=VERTEX_POINT('',#9785);
#2737=VERTEX_POINT('',#9787);
#2738=VERTEX_POINT('',#9789);
#2739=VERTEX_POINT('',#9791);
#2740=VERTEX_POINT('',#9793);
#2741=VERTEX_POINT('',#9795);
#2742=VERTEX_POINT('',#9797);
#2743=VERTEX_POINT('',#9799);
#2744=VERTEX_POINT('',#9801);
#2745=VERTEX_POINT('',#9803);
#2746=VERTEX_POINT('',#9805);
#2747=VERTEX_POINT('',#9807);
#2748=VERTEX_POINT('',#9809);
#2749=VERTEX_POINT('',#9811);
#2750=VERTEX_POINT('',#9813);
#2751=VERTEX_POINT('',#9815);
#2752=VERTEX_POINT('',#9817);
#2753=VERTEX_POINT('',#9819);
#2754=VERTEX_POINT('',#9821);
#2755=VERTEX_POINT('',#9823);
#2756=VERTEX_POINT('',#9825);
#2757=VERTEX_POINT('',#9827);
#2758=VERTEX_POINT('',#9829);
#2759=VERTEX_POINT('',#9831);
#2760=VERTEX_POINT('',#9833);
#2761=VERTEX_POINT('',#9835);
#2762=VERTEX_POINT('',#9837);
#2763=VERTEX_POINT('',#9839);
#2764=VERTEX_POINT('',#9841);
#2765=VERTEX_POINT('',#9843);
#2766=VERTEX_POINT('',#9845);
#2767=VERTEX_POINT('',#9847);
#2768=VERTEX_POINT('',#9849);
#2769=VERTEX_POINT('',#9851);
#2770=VERTEX_POINT('',#9853);
#2771=VERTEX_POINT('',#9855);
#2772=VERTEX_POINT('',#9857);
#2773=VERTEX_POINT('',#9859);
#2774=VERTEX_POINT('',#9861);
#2775=VERTEX_POINT('',#9863);
#2776=VERTEX_POINT('',#9865);
#2777=VERTEX_POINT('',#9867);
#2778=VERTEX_POINT('',#9869);
#2779=VERTEX_POINT('',#9871);
#2780=VERTEX_POINT('',#9873);
#2781=VERTEX_POINT('',#9875);
#2782=VERTEX_POINT('',#9877);
#2783=VERTEX_POINT('',#9879);
#2784=VERTEX_POINT('',#9881);
#2785=VERTEX_POINT('',#9883);
#2786=VERTEX_POINT('',#9885);
#2787=VERTEX_POINT('',#9887);
#2788=VERTEX_POINT('',#9889);
#2789=VERTEX_POINT('',#9891);
#2790=VERTEX_POINT('',#9893);
#2791=VERTEX_POINT('',#9895);
#2792=VERTEX_POINT('',#9897);
#2793=VERTEX_POINT('',#9899);
#2794=VERTEX_POINT('',#9901);
#2795=VERTEX_POINT('',#9903);
#2796=VERTEX_POINT('',#9905);
#2797=VERTEX_POINT('',#9907);
#2798=VERTEX_POINT('',#9909);
#2799=VERTEX_POINT('',#9911);
#2800=VERTEX_POINT('',#9913);
#2801=VERTEX_POINT('',#9915);
#2802=VERTEX_POINT('',#9917);
#2803=VERTEX_POINT('',#9919);
#2804=VERTEX_POINT('',#9921);
#2805=VERTEX_POINT('',#9923);
#2806=VERTEX_POINT('',#9925);
#2807=VERTEX_POINT('',#9927);
#2808=VERTEX_POINT('',#9929);
#2809=VERTEX_POINT('',#9931);
#2810=VERTEX_POINT('',#9933);
#2811=VERTEX_POINT('',#9935);
#2812=VERTEX_POINT('',#9937);
#2813=VERTEX_POINT('',#9939);
#2814=VERTEX_POINT('',#9941);
#2815=VERTEX_POINT('',#9943);
#2816=VERTEX_POINT('',#9945);
#2817=VERTEX_POINT('',#9947);
#2818=VERTEX_POINT('',#9949);
#2819=VERTEX_POINT('',#9951);
#2820=VERTEX_POINT('',#9953);
#2821=VERTEX_POINT('',#9955);
#2822=VERTEX_POINT('',#9957);
#2823=VERTEX_POINT('',#9959);
#2824=VERTEX_POINT('',#9961);
#2825=VERTEX_POINT('',#9963);
#2826=VERTEX_POINT('',#9965);
#2827=VERTEX_POINT('',#9967);
#2828=VERTEX_POINT('',#9969);
#2829=VERTEX_POINT('',#9971);
#2830=VERTEX_POINT('',#9973);
#2831=VERTEX_POINT('',#9975);
#2832=VERTEX_POINT('',#9978);
#2833=VERTEX_POINT('',#9980);
#2834=VERTEX_POINT('',#9982);
#2835=VERTEX_POINT('',#9983);
#2836=VERTEX_POINT('',#9985);
#2837=VERTEX_POINT('',#9987);
#2838=VERTEX_POINT('',#9990);
#2839=VERTEX_POINT('',#9992);
#2840=VERTEX_POINT('',#9995);
#2841=VERTEX_POINT('',#9996);
#2842=VERTEX_POINT('',#10001);
#2843=VERTEX_POINT('',#10005);
#2844=VERTEX_POINT('',#10009);
#2845=VERTEX_POINT('',#10012);
#2846=VERTEX_POINT('',#10016);
#2847=VERTEX_POINT('',#10017);
#2848=VERTEX_POINT('',#10022);
#2849=VERTEX_POINT('',#10026);
#2850=VERTEX_POINT('',#10030);
#2851=VERTEX_POINT('',#10034);
#2852=VERTEX_POINT('',#10038);
#2853=VERTEX_POINT('',#10041);
#2854=VERTEX_POINT('',#10045);
#2855=VERTEX_POINT('',#10049);
#2856=VERTEX_POINT('',#10052);
#2857=VERTEX_POINT('',#10056);
#2858=VERTEX_POINT('',#10058);
#2859=VERTEX_POINT('',#10060);
#2860=VERTEX_POINT('',#10063);
#2861=VERTEX_POINT('',#10066);
#2862=VERTEX_POINT('',#10070);
#2863=VERTEX_POINT('',#10081);
#2864=VERTEX_POINT('',#10083);
#2865=VERTEX_POINT('',#10085);
#2866=VERTEX_POINT('',#10087);
#2867=VERTEX_POINT('',#10089);
#2868=VERTEX_POINT('',#10091);
#2869=VERTEX_POINT('',#10093);
#2870=VERTEX_POINT('',#10095);
#2871=VERTEX_POINT('',#10097);
#2872=VERTEX_POINT('',#10099);
#2873=VERTEX_POINT('',#10101);
#2874=VERTEX_POINT('',#10103);
#2875=VERTEX_POINT('',#10105);
#2876=VERTEX_POINT('',#10107);
#2877=VERTEX_POINT('',#10109);
#2878=VERTEX_POINT('',#10111);
#2879=VERTEX_POINT('',#10113);
#2880=VERTEX_POINT('',#10115);
#2881=VERTEX_POINT('',#10117);
#2882=VERTEX_POINT('',#10119);
#2883=VERTEX_POINT('',#10121);
#2884=VERTEX_POINT('',#10123);
#2885=VERTEX_POINT('',#10125);
#2886=VERTEX_POINT('',#10127);
#2887=VERTEX_POINT('',#10129);
#2888=VERTEX_POINT('',#10131);
#2889=VERTEX_POINT('',#10133);
#2890=VERTEX_POINT('',#10135);
#2891=VERTEX_POINT('',#10137);
#2892=VERTEX_POINT('',#10139);
#2893=VERTEX_POINT('',#10141);
#2894=VERTEX_POINT('',#10143);
#2895=VERTEX_POINT('',#10145);
#2896=VERTEX_POINT('',#10147);
#2897=VERTEX_POINT('',#10149);
#2898=VERTEX_POINT('',#10151);
#2899=VERTEX_POINT('',#10153);
#2900=VERTEX_POINT('',#10155);
#2901=VERTEX_POINT('',#10157);
#2902=VERTEX_POINT('',#10159);
#2903=VERTEX_POINT('',#10161);
#2904=VERTEX_POINT('',#10163);
#2905=VERTEX_POINT('',#10165);
#2906=VERTEX_POINT('',#10167);
#2907=VERTEX_POINT('',#10169);
#2908=VERTEX_POINT('',#10171);
#2909=VERTEX_POINT('',#10173);
#2910=VERTEX_POINT('',#10175);
#2911=VERTEX_POINT('',#10177);
#2912=VERTEX_POINT('',#10179);
#2913=VERTEX_POINT('',#10181);
#2914=VERTEX_POINT('',#10183);
#2915=VERTEX_POINT('',#10185);
#2916=VERTEX_POINT('',#10187);
#2917=VERTEX_POINT('',#10189);
#2918=VERTEX_POINT('',#10191);
#2919=VERTEX_POINT('',#10193);
#2920=VERTEX_POINT('',#10195);
#2921=VERTEX_POINT('',#10197);
#2922=VERTEX_POINT('',#10199);
#2923=VERTEX_POINT('',#10201);
#2924=VERTEX_POINT('',#10203);
#2925=VERTEX_POINT('',#10205);
#2926=VERTEX_POINT('',#10207);
#2927=VERTEX_POINT('',#10209);
#2928=VERTEX_POINT('',#10211);
#2929=VERTEX_POINT('',#10213);
#2930=VERTEX_POINT('',#10215);
#2931=VERTEX_POINT('',#10217);
#2932=VERTEX_POINT('',#10219);
#2933=VERTEX_POINT('',#10221);
#2934=VERTEX_POINT('',#10223);
#2935=VERTEX_POINT('',#10225);
#2936=VERTEX_POINT('',#10227);
#2937=VERTEX_POINT('',#10229);
#2938=VERTEX_POINT('',#10231);
#2939=VERTEX_POINT('',#10233);
#2940=VERTEX_POINT('',#10235);
#2941=VERTEX_POINT('',#10237);
#2942=VERTEX_POINT('',#10239);
#2943=VERTEX_POINT('',#10241);
#2944=VERTEX_POINT('',#10243);
#2945=VERTEX_POINT('',#10245);
#2946=VERTEX_POINT('',#10247);
#2947=VERTEX_POINT('',#10249);
#2948=VERTEX_POINT('',#10252);
#2949=VERTEX_POINT('',#10253);
#2950=VERTEX_POINT('',#10255);
#2951=VERTEX_POINT('',#10257);
#2952=VERTEX_POINT('',#10440);
#2953=VERTEX_POINT('',#10444);
#2954=VERTEX_POINT('',#10447);
#2955=VERTEX_POINT('',#10451);
#2956=VERTEX_POINT('',#10452);
#2957=VERTEX_POINT('',#10457);
#2958=EDGE_CURVE('',#2368,#2369,#1170,.T.);
#2959=EDGE_CURVE('',#2370,#2369,#1171,.T.);
#2960=EDGE_CURVE('',#2371,#2370,#1172,.T.);
#2961=EDGE_CURVE('',#2371,#2372,#1173,.T.);
#2962=EDGE_CURVE('',#2372,#2373,#1174,.T.);
#2963=EDGE_CURVE('',#2373,#2374,#1175,.T.);
#2964=EDGE_CURVE('',#2375,#2374,#1176,.T.);
#2965=EDGE_CURVE('',#2375,#2376,#1177,.T.);
#2966=EDGE_CURVE('',#2376,#2377,#1178,.T.);
#2967=EDGE_CURVE('',#2378,#2377,#1179,.T.);
#2968=EDGE_CURVE('',#2379,#2378,#1180,.T.);
#2969=EDGE_CURVE('',#2379,#2380,#1181,.T.);
#2970=EDGE_CURVE('',#2380,#2381,#1182,.T.);
#2971=EDGE_CURVE('',#2381,#2382,#1183,.T.);
#2972=EDGE_CURVE('',#2383,#2382,#1184,.T.);
#2973=EDGE_CURVE('',#2383,#2368,#1185,.T.);
#2974=EDGE_CURVE('',#2384,#2384,#205,.T.);
#2975=EDGE_CURVE('',#2368,#2385,#1186,.T.);
#2976=EDGE_CURVE('',#2386,#2385,#1187,.T.);
#2977=EDGE_CURVE('',#2369,#2386,#1188,.T.);
#2978=EDGE_CURVE('',#2387,#2388,#1189,.T.);
#2979=EDGE_CURVE('',#2389,#2387,#206,.T.);
#2980=EDGE_CURVE('',#2390,#2389,#1190,.T.);
#2981=EDGE_CURVE('',#2391,#2390,#207,.T.);
#2982=EDGE_CURVE('',#2392,#2391,#1191,.T.);
#2983=EDGE_CURVE('',#2393,#2392,#208,.T.);
#2984=EDGE_CURVE('',#2394,#2393,#209,.T.);
#2985=EDGE_CURVE('',#2395,#2394,#1192,.T.);
#2986=EDGE_CURVE('',#2396,#2395,#210,.T.);
#2987=EDGE_CURVE('',#2397,#2396,#1193,.T.);
#2988=EDGE_CURVE('',#2398,#2397,#211,.T.);
#2989=EDGE_CURVE('',#2399,#2398,#1194,.T.);
#2990=EDGE_CURVE('',#2400,#2399,#212,.T.);
#2991=EDGE_CURVE('',#2401,#2400,#213,.T.);
#2992=EDGE_CURVE('',#2402,#2401,#1195,.T.);
#2993=EDGE_CURVE('',#2403,#2402,#214,.T.);
#2994=EDGE_CURVE('',#2404,#2403,#1196,.T.);
#2995=EDGE_CURVE('',#2405,#2404,#215,.T.);
#2996=EDGE_CURVE('',#2406,#2405,#1197,.T.);
#2997=EDGE_CURVE('',#2406,#2407,#216,.T.);
#2998=EDGE_CURVE('',#2407,#2408,#217,.T.);
#2999=EDGE_CURVE('',#2408,#2409,#1198,.T.);
#3000=EDGE_CURVE('',#2410,#2409,#218,.T.);
#3001=EDGE_CURVE('',#2411,#2410,#1199,.T.);
#3002=EDGE_CURVE('',#2412,#2411,#219,.T.);
#3003=EDGE_CURVE('',#2413,#2412,#1200,.T.);
#3004=EDGE_CURVE('',#2413,#2414,#220,.T.);
#3005=EDGE_CURVE('',#2414,#2415,#221,.T.);
#3006=EDGE_CURVE('',#2416,#2415,#1201,.T.);
#3007=EDGE_CURVE('',#2417,#2416,#222,.T.);
#3008=EDGE_CURVE('',#2418,#2417,#1202,.T.);
#3009=EDGE_CURVE('',#2419,#2418,#223,.T.);
#3010=EDGE_CURVE('',#2420,#2419,#1203,.T.);
#3011=EDGE_CURVE('',#2421,#2420,#224,.T.);
#3012=EDGE_CURVE('',#2422,#2421,#225,.T.);
#3013=EDGE_CURVE('',#2423,#2422,#1204,.T.);
#3014=EDGE_CURVE('',#2424,#2423,#226,.T.);
#3015=EDGE_CURVE('',#2425,#2424,#1205,.T.);
#3016=EDGE_CURVE('',#2426,#2425,#227,.T.);
#3017=EDGE_CURVE('',#2427,#2426,#1206,.T.);
#3018=EDGE_CURVE('',#2428,#2427,#228,.T.);
#3019=EDGE_CURVE('',#2429,#2428,#229,.T.);
#3020=EDGE_CURVE('',#2430,#2429,#1207,.T.);
#3021=EDGE_CURVE('',#2431,#2430,#230,.T.);
#3022=EDGE_CURVE('',#2432,#2431,#1208,.T.);
#3023=EDGE_CURVE('',#2433,#2432,#231,.T.);
#3024=EDGE_CURVE('',#2434,#2433,#1209,.T.);
#3025=EDGE_CURVE('',#2434,#2435,#232,.T.);
#3026=EDGE_CURVE('',#2435,#2436,#233,.T.);
#3027=EDGE_CURVE('',#2436,#2437,#1210,.T.);
#3028=EDGE_CURVE('',#2438,#2437,#234,.T.);
#3029=EDGE_CURVE('',#2439,#2438,#1211,.T.);
#3030=EDGE_CURVE('',#2440,#2439,#235,.T.);
#3031=EDGE_CURVE('',#2441,#2440,#1212,.T.);
#3032=EDGE_CURVE('',#2441,#2442,#236,.T.);
#3033=EDGE_CURVE('',#2442,#2443,#237,.T.);
#3034=EDGE_CURVE('',#2443,#2444,#1213,.T.);
#3035=EDGE_CURVE('',#2445,#2444,#238,.T.);
#3036=EDGE_CURVE('',#2446,#2445,#1214,.T.);
#3037=EDGE_CURVE('',#2447,#2446,#239,.T.);
#3038=EDGE_CURVE('',#2448,#2447,#1215,.T.);
#3039=EDGE_CURVE('',#2449,#2448,#240,.T.);
#3040=EDGE_CURVE('',#2450,#2449,#241,.T.);
#3041=EDGE_CURVE('',#2451,#2450,#1216,.T.);
#3042=EDGE_CURVE('',#2452,#2451,#242,.T.);
#3043=EDGE_CURVE('',#2453,#2452,#1217,.T.);
#3044=EDGE_CURVE('',#2454,#2453,#243,.T.);
#3045=EDGE_CURVE('',#2455,#2454,#1218,.T.);
#3046=EDGE_CURVE('',#2456,#2455,#244,.T.);
#3047=EDGE_CURVE('',#2457,#2456,#245,.T.);
#3048=EDGE_CURVE('',#2458,#2457,#1219,.T.);
#3049=EDGE_CURVE('',#2459,#2458,#246,.T.);
#3050=EDGE_CURVE('',#2460,#2459,#1220,.T.);
#3051=EDGE_CURVE('',#2461,#2460,#247,.T.);
#3052=EDGE_CURVE('',#2462,#2461,#1221,.T.);
#3053=EDGE_CURVE('',#2462,#2463,#248,.T.);
#3054=EDGE_CURVE('',#2463,#2464,#249,.T.);
#3055=EDGE_CURVE('',#2465,#2464,#1222,.T.);
#3056=EDGE_CURVE('',#2466,#2465,#250,.T.);
#3057=EDGE_CURVE('',#2467,#2466,#1223,.T.);
#3058=EDGE_CURVE('',#2468,#2467,#251,.T.);
#3059=EDGE_CURVE('',#2469,#2468,#1224,.T.);
#3060=EDGE_CURVE('',#2469,#2470,#252,.T.);
#3061=EDGE_CURVE('',#2470,#2471,#253,.T.);
#3062=EDGE_CURVE('',#2471,#2472,#1225,.T.);
#3063=EDGE_CURVE('',#2473,#2472,#254,.T.);
#3064=EDGE_CURVE('',#2474,#2473,#1226,.T.);
#3065=EDGE_CURVE('',#2475,#2474,#255,.T.);
#3066=EDGE_CURVE('',#2476,#2475,#1227,.T.);
#3067=EDGE_CURVE('',#2477,#2476,#256,.T.);
#3068=EDGE_CURVE('',#2478,#2477,#257,.T.);
#3069=EDGE_CURVE('',#2479,#2478,#1228,.T.);
#3070=EDGE_CURVE('',#2480,#2479,#258,.T.);
#3071=EDGE_CURVE('',#2481,#2480,#1229,.T.);
#3072=EDGE_CURVE('',#2482,#2481,#259,.T.);
#3073=EDGE_CURVE('',#2483,#2482,#1230,.T.);
#3074=EDGE_CURVE('',#2484,#2483,#260,.T.);
#3075=EDGE_CURVE('',#2485,#2484,#261,.T.);
#3076=EDGE_CURVE('',#2486,#2485,#1231,.T.);
#3077=EDGE_CURVE('',#2487,#2486,#262,.T.);
#3078=EDGE_CURVE('',#2488,#2487,#1232,.T.);
#3079=EDGE_CURVE('',#2489,#2488,#263,.T.);
#3080=EDGE_CURVE('',#2490,#2489,#1233,.T.);
#3081=EDGE_CURVE('',#2490,#2491,#264,.T.);
#3082=EDGE_CURVE('',#2491,#2492,#265,.T.);
#3083=EDGE_CURVE('',#2493,#2492,#1234,.T.);
#3084=EDGE_CURVE('',#2494,#2493,#266,.T.);
#3085=EDGE_CURVE('',#2495,#2494,#1235,.T.);
#3086=EDGE_CURVE('',#2496,#2495,#267,.T.);
#3087=EDGE_CURVE('',#2497,#2496,#1236,.T.);
#3088=EDGE_CURVE('',#2497,#2498,#268,.T.);
#3089=EDGE_CURVE('',#2498,#2388,#269,.T.);
#3090=EDGE_CURVE('',#2385,#2499,#1237,.T.);
#3091=EDGE_CURVE('',#2499,#2500,#1238,.T.);
#3092=EDGE_CURVE('',#2500,#2501,#1239,.T.);
#3093=EDGE_CURVE('',#2501,#2502,#1240,.T.);
#3094=EDGE_CURVE('',#2502,#2503,#1241,.T.);
#3095=EDGE_CURVE('',#2503,#2504,#1242,.T.);
#3096=EDGE_CURVE('',#2504,#2505,#1243,.T.);
#3097=EDGE_CURVE('',#2505,#2506,#1244,.T.);
#3098=EDGE_CURVE('',#2506,#2507,#1245,.T.);
#3099=EDGE_CURVE('',#2507,#2508,#1246,.T.);
#3100=EDGE_CURVE('',#2508,#2509,#1247,.T.);
#3101=EDGE_CURVE('',#2509,#2510,#1248,.T.);
#3102=EDGE_CURVE('',#2510,#2511,#1249,.T.);
#3103=EDGE_CURVE('',#2511,#2512,#1250,.T.);
#3104=EDGE_CURVE('',#2512,#2386,#1251,.T.);
#3105=EDGE_CURVE('',#2513,#2513,#270,.T.);
#3106=EDGE_CURVE('',#2513,#2384,#1252,.T.);
#3107=EDGE_CURVE('',#2374,#2508,#1253,.T.);
#3108=EDGE_CURVE('',#2509,#2373,#1254,.T.);
#3109=EDGE_CURVE('',#2499,#2383,#1255,.T.);
#3110=EDGE_CURVE('',#2501,#2381,#1256,.T.);
#3111=EDGE_CURVE('',#2382,#2500,#1257,.T.);
#3112=EDGE_CURVE('',#2376,#2506,#1258,.T.);
#3113=EDGE_CURVE('',#2507,#2375,#1259,.T.);
#3114=EDGE_CURVE('',#2377,#2505,#1260,.T.);
#3115=EDGE_CURVE('',#2379,#2503,#1261,.T.);
#3116=EDGE_CURVE('',#2502,#2380,#1262,.T.);
#3117=EDGE_CURVE('',#2512,#2370,#1263,.T.);
#3118=EDGE_CURVE('',#2371,#2511,#1264,.T.);
#3119=EDGE_CURVE('',#2510,#2372,#1265,.T.);
#3120=EDGE_CURVE('',#2504,#2378,#1266,.T.);
#3121=EDGE_CURVE('',#2492,#2514,#1267,.T.);
#3122=EDGE_CURVE('',#2515,#2514,#1268,.T.);
#3123=EDGE_CURVE('',#2493,#2515,#1269,.T.);
#3124=EDGE_CURVE('',#2491,#2516,#1270,.T.);
#3125=EDGE_CURVE('',#2516,#2517,#1271,.T.);
#3126=EDGE_CURVE('',#2514,#2517,#271,.T.);
#3127=EDGE_CURVE('',#2518,#2490,#1272,.T.);
#3128=EDGE_CURVE('',#2517,#2518,#272,.T.);
#3129=EDGE_CURVE('',#2516,#2517,#1273,.T.);
#3130=EDGE_CURVE('',#2489,#2519,#1274,.T.);
#3131=EDGE_CURVE('',#2518,#2519,#1275,.T.);
#3132=EDGE_CURVE('',#2408,#2520,#1276,.T.);
#3133=EDGE_CURVE('',#2521,#2520,#1277,.T.);
#3134=EDGE_CURVE('',#2409,#2521,#1278,.T.);
#3135=EDGE_CURVE('',#2522,#2407,#1279,.T.);
#3136=EDGE_CURVE('',#2522,#2523,#1280,.T.);
#3137=EDGE_CURVE('',#2520,#2523,#273,.T.);
#3138=EDGE_CURVE('',#2406,#2524,#1281,.T.);
#3139=EDGE_CURVE('',#2523,#2524,#274,.T.);
#3140=EDGE_CURVE('',#2522,#2523,#1282,.T.);
#3141=EDGE_CURVE('',#2405,#2525,#1283,.T.);
#3142=EDGE_CURVE('',#2524,#2525,#1284,.T.);
#3143=EDGE_CURVE('',#2461,#2526,#1285,.T.);
#3144=EDGE_CURVE('',#2527,#2526,#1286,.T.);
#3145=EDGE_CURVE('',#2527,#2462,#1287,.T.);
#3146=EDGE_CURVE('',#2471,#2528,#1288,.T.);
#3147=EDGE_CURVE('',#2529,#2528,#1289,.T.);
#3148=EDGE_CURVE('',#2472,#2529,#1290,.T.);
#3149=EDGE_CURVE('',#2530,#2470,#1291,.T.);
#3150=EDGE_CURVE('',#2530,#2531,#1292,.T.);
#3151=EDGE_CURVE('',#2528,#2531,#275,.T.);
#3152=EDGE_CURVE('',#2443,#2532,#1293,.T.);
#3153=EDGE_CURVE('',#2533,#2532,#1294,.T.);
#3154=EDGE_CURVE('',#2444,#2533,#1295,.T.);
#3155=EDGE_CURVE('',#2534,#2442,#1296,.T.);
#3156=EDGE_CURVE('',#2534,#2535,#1297,.T.);
#3157=EDGE_CURVE('',#2532,#2535,#276,.T.);
#3158=EDGE_CURVE('',#2441,#2536,#1298,.T.);
#3159=EDGE_CURVE('',#2535,#2536,#277,.T.);
#3160=EDGE_CURVE('',#2534,#2535,#1299,.T.);
#3161=EDGE_CURVE('',#2440,#2537,#1300,.T.);
#3162=EDGE_CURVE('',#2536,#2537,#1301,.T.);
#3163=EDGE_CURVE('',#2436,#2538,#1302,.T.);
#3164=EDGE_CURVE('',#2539,#2538,#1303,.T.);
#3165=EDGE_CURVE('',#2437,#2539,#1304,.T.);
#3166=EDGE_CURVE('',#2432,#2540,#1305,.T.);
#3167=EDGE_CURVE('',#2541,#2540,#278,.T.);
#3168=EDGE_CURVE('',#2433,#2541,#1306,.T.);
#3169=EDGE_CURVE('',#2431,#2542,#1307,.T.);
#3170=EDGE_CURVE('',#2540,#2542,#1308,.T.);
#3171=EDGE_CURVE('',#2430,#2543,#1309,.T.);
#3172=EDGE_CURVE('',#2542,#2543,#279,.T.);
#3173=EDGE_CURVE('',#2429,#2544,#1310,.T.);
#3174=EDGE_CURVE('',#2543,#2544,#1311,.T.);
#3175=EDGE_CURVE('',#2545,#2428,#1312,.T.);
#3176=EDGE_CURVE('',#2545,#2546,#1313,.T.);
#3177=EDGE_CURVE('',#2544,#2546,#280,.T.);
#3178=EDGE_CURVE('',#2427,#2547,#1314,.T.);
#3179=EDGE_CURVE('',#2546,#2547,#281,.T.);
#3180=EDGE_CURVE('',#2545,#2546,#1315,.T.);
#3181=EDGE_CURVE('',#2426,#2548,#1316,.T.);
#3182=EDGE_CURVE('',#2547,#2548,#1317,.T.);
#3183=EDGE_CURVE('',#2425,#2549,#1318,.T.);
#3184=EDGE_CURVE('',#2548,#2549,#282,.T.);
#3185=EDGE_CURVE('',#2424,#2550,#1319,.T.);
#3186=EDGE_CURVE('',#2549,#2550,#1320,.T.);
#3187=EDGE_CURVE('',#2423,#2551,#1321,.T.);
#3188=EDGE_CURVE('',#2550,#2551,#283,.T.);
#3189=EDGE_CURVE('',#2422,#2552,#1322,.T.);
#3190=EDGE_CURVE('',#2551,#2552,#1323,.T.);
#3191=EDGE_CURVE('',#2553,#2421,#1324,.T.);
#3192=EDGE_CURVE('',#2553,#2554,#1325,.T.);
#3193=EDGE_CURVE('',#2552,#2554,#284,.T.);
#3194=EDGE_CURVE('',#2420,#2555,#1326,.T.);
#3195=EDGE_CURVE('',#2554,#2555,#285,.T.);
#3196=EDGE_CURVE('',#2553,#2554,#1327,.T.);
#3197=EDGE_CURVE('',#2419,#2556,#1328,.T.);
#3198=EDGE_CURVE('',#2555,#2556,#1329,.T.);
#3199=EDGE_CURVE('',#2418,#2557,#1330,.T.);
#3200=EDGE_CURVE('',#2556,#2557,#286,.T.);
#3201=EDGE_CURVE('',#2417,#2558,#1331,.T.);
#3202=EDGE_CURVE('',#2557,#2558,#1332,.T.);
#3203=EDGE_CURVE('',#2416,#2559,#1333,.T.);
#3204=EDGE_CURVE('',#2558,#2559,#287,.T.);
#3205=EDGE_CURVE('',#2415,#2560,#1334,.T.);
#3206=EDGE_CURVE('',#2559,#2560,#1335,.T.);
#3207=EDGE_CURVE('',#2561,#2414,#1336,.T.);
#3208=EDGE_CURVE('',#2561,#2562,#1337,.T.);
#3209=EDGE_CURVE('',#2560,#2562,#288,.T.);
#3210=EDGE_CURVE('',#2413,#2563,#1338,.T.);
#3211=EDGE_CURVE('',#2562,#2563,#289,.T.);
#3212=EDGE_CURVE('',#2561,#2562,#1339,.T.);
#3213=EDGE_CURVE('',#2412,#2564,#1340,.T.);
#3214=EDGE_CURVE('',#2563,#2564,#1341,.T.);
#3215=EDGE_CURVE('',#2411,#2565,#1342,.T.);
#3216=EDGE_CURVE('',#2564,#2565,#290,.T.);
#3217=EDGE_CURVE('',#2410,#2566,#1343,.T.);
#3218=EDGE_CURVE('',#2565,#2566,#1344,.T.);
#3219=EDGE_CURVE('',#2566,#2521,#291,.T.);
#3220=EDGE_CURVE('',#2404,#2567,#1345,.T.);
#3221=EDGE_CURVE('',#2525,#2567,#292,.T.);
#3222=EDGE_CURVE('',#2403,#2568,#1346,.T.);
#3223=EDGE_CURVE('',#2567,#2568,#1347,.T.);
#3224=EDGE_CURVE('',#2402,#2569,#1348,.T.);
#3225=EDGE_CURVE('',#2568,#2569,#293,.T.);
#3226=EDGE_CURVE('',#2401,#2570,#1349,.T.);
#3227=EDGE_CURVE('',#2569,#2570,#1350,.T.);
#3228=EDGE_CURVE('',#2571,#2400,#1351,.T.);
#3229=EDGE_CURVE('',#2571,#2572,#1352,.T.);
#3230=EDGE_CURVE('',#2570,#2572,#294,.T.);
#3231=EDGE_CURVE('',#2399,#2573,#1353,.T.);
#3232=EDGE_CURVE('',#2572,#2573,#295,.T.);
#3233=EDGE_CURVE('',#2571,#2572,#1354,.T.);
#3234=EDGE_CURVE('',#2398,#2574,#1355,.T.);
#3235=EDGE_CURVE('',#2573,#2574,#1356,.T.);
#3236=EDGE_CURVE('',#2397,#2575,#1357,.T.);
#3237=EDGE_CURVE('',#2574,#2575,#296,.T.);
#3238=EDGE_CURVE('',#2396,#2576,#1358,.T.);
#3239=EDGE_CURVE('',#2575,#2576,#1359,.T.);
#3240=EDGE_CURVE('',#2395,#2577,#1360,.T.);
#3241=EDGE_CURVE('',#2576,#2577,#297,.T.);
#3242=EDGE_CURVE('',#2394,#2578,#1361,.T.);
#3243=EDGE_CURVE('',#2577,#2578,#1362,.T.);
#3244=EDGE_CURVE('',#2579,#2393,#1363,.T.);
#3245=EDGE_CURVE('',#2579,#2580,#1364,.T.);
#3246=EDGE_CURVE('',#2578,#2580,#298,.T.);
#3247=EDGE_CURVE('',#2392,#2581,#1365,.T.);
#3248=EDGE_CURVE('',#2580,#2581,#299,.T.);
#3249=EDGE_CURVE('',#2579,#2580,#1366,.T.);
#3250=EDGE_CURVE('',#2391,#2582,#1367,.T.);
#3251=EDGE_CURVE('',#2581,#2582,#1368,.T.);
#3252=EDGE_CURVE('',#2390,#2583,#1369,.T.);
#3253=EDGE_CURVE('',#2582,#2583,#300,.T.);
#3254=EDGE_CURVE('',#2389,#2584,#1370,.T.);
#3255=EDGE_CURVE('',#2583,#2584,#1371,.T.);
#3256=EDGE_CURVE('',#2387,#2585,#1372,.T.);
#3257=EDGE_CURVE('',#2584,#2585,#301,.T.);
#3258=EDGE_CURVE('',#2388,#2586,#1373,.T.);
#3259=EDGE_CURVE('',#2585,#2586,#1374,.T.);
#3260=EDGE_CURVE('',#2587,#2498,#1375,.T.);
#3261=EDGE_CURVE('',#2587,#2588,#1376,.T.);
#3262=EDGE_CURVE('',#2586,#2588,#302,.T.);
#3263=EDGE_CURVE('',#2497,#2589,#1377,.T.);
#3264=EDGE_CURVE('',#2588,#2589,#303,.T.);
#3265=EDGE_CURVE('',#2587,#2588,#1378,.T.);
#3266=EDGE_CURVE('',#2496,#2590,#1379,.T.);
#3267=EDGE_CURVE('',#2589,#2590,#1380,.T.);
#3268=EDGE_CURVE('',#2495,#2591,#1381,.T.);
#3269=EDGE_CURVE('',#2590,#2591,#304,.T.);
#3270=EDGE_CURVE('',#2494,#2592,#1382,.T.);
#3271=EDGE_CURVE('',#2591,#2592,#1383,.T.);
#3272=EDGE_CURVE('',#2592,#2515,#305,.T.);
#3273=EDGE_CURVE('',#2488,#2593,#1384,.T.);
#3274=EDGE_CURVE('',#2519,#2593,#306,.T.);
#3275=EDGE_CURVE('',#2487,#2594,#1385,.T.);
#3276=EDGE_CURVE('',#2593,#2594,#1386,.T.);
#3277=EDGE_CURVE('',#2595,#2530,#307,.T.);
#3278=EDGE_CURVE('',#2595,#2596,#1387,.T.);
#3279=EDGE_CURVE('',#2531,#2596,#308,.T.);
#3280=EDGE_CURVE('',#2597,#2598,#309,.T.);
#3281=EDGE_CURVE('',#2598,#2599,#1388,.T.);
#3282=EDGE_CURVE('',#2600,#2599,#310,.T.);
#3283=EDGE_CURVE('',#2597,#2600,#1389,.T.);
#3284=EDGE_CURVE('',#2599,#2600,#311,.T.);
#3285=EDGE_CURVE('',#2598,#2599,#1390,.T.);
#3286=EDGE_CURVE('',#2601,#2602,#312,.T.);
#3287=EDGE_CURVE('',#2602,#2603,#1391,.T.);
#3288=EDGE_CURVE('',#2604,#2603,#313,.T.);
#3289=EDGE_CURVE('',#2601,#2604,#1392,.T.);
#3290=EDGE_CURVE('',#2603,#2604,#314,.T.);
#3291=EDGE_CURVE('',#2602,#2603,#1393,.T.);
#3292=EDGE_CURVE('',#2516,#2605,#315,.T.);
#3293=EDGE_CURVE('',#2606,#2517,#316,.T.);
#3294=EDGE_CURVE('',#2605,#2606,#1394,.T.);
#3295=EDGE_CURVE('',#2517,#2606,#317,.T.);
#3296=EDGE_CURVE('',#2607,#2587,#318,.T.);
#3297=EDGE_CURVE('',#2608,#2588,#319,.T.);
#3298=EDGE_CURVE('',#2607,#2608,#1395,.T.);
#3299=EDGE_CURVE('',#2588,#2608,#320,.T.);
#3300=EDGE_CURVE('',#2609,#2579,#321,.T.);
#3301=EDGE_CURVE('',#2610,#2580,#322,.T.);
#3302=EDGE_CURVE('',#2609,#2610,#1396,.T.);
#3303=EDGE_CURVE('',#2580,#2610,#323,.T.);
#3304=EDGE_CURVE('',#2611,#2571,#324,.T.);
#3305=EDGE_CURVE('',#2612,#2572,#325,.T.);
#3306=EDGE_CURVE('',#2611,#2612,#1397,.T.);
#3307=EDGE_CURVE('',#2572,#2612,#326,.T.);
#3308=EDGE_CURVE('',#2613,#2522,#327,.T.);
#3309=EDGE_CURVE('',#2614,#2523,#328,.T.);
#3310=EDGE_CURVE('',#2613,#2614,#1398,.T.);
#3311=EDGE_CURVE('',#2523,#2614,#329,.T.);
#3312=EDGE_CURVE('',#2615,#2561,#330,.T.);
#3313=EDGE_CURVE('',#2616,#2562,#331,.T.);
#3314=EDGE_CURVE('',#2615,#2616,#1399,.T.);
#3315=EDGE_CURVE('',#2562,#2616,#332,.T.);
#3316=EDGE_CURVE('',#2617,#2553,#333,.T.);
#3317=EDGE_CURVE('',#2618,#2554,#334,.T.);
#3318=EDGE_CURVE('',#2617,#2618,#1400,.T.);
#3319=EDGE_CURVE('',#2554,#2618,#335,.T.);
#3320=EDGE_CURVE('',#2619,#2545,#336,.T.);
#3321=EDGE_CURVE('',#2620,#2546,#337,.T.);
#3322=EDGE_CURVE('',#2619,#2620,#1401,.T.);
#3323=EDGE_CURVE('',#2546,#2620,#338,.T.);
#3324=EDGE_CURVE('',#2621,#2622,#339,.T.);
#3325=EDGE_CURVE('',#2622,#2623,#1402,.T.);
#3326=EDGE_CURVE('',#2624,#2623,#340,.T.);
#3327=EDGE_CURVE('',#2621,#2624,#1403,.T.);
#3328=EDGE_CURVE('',#2623,#2624,#341,.T.);
#3329=EDGE_CURVE('',#2622,#2623,#1404,.T.);
#3330=EDGE_CURVE('',#2625,#2534,#342,.T.);
#3331=EDGE_CURVE('',#2626,#2535,#343,.T.);
#3332=EDGE_CURVE('',#2625,#2626,#1405,.T.);
#3333=EDGE_CURVE('',#2535,#2626,#344,.T.);
#3334=EDGE_CURVE('',#2627,#2628,#345,.T.);
#3335=EDGE_CURVE('',#2628,#2629,#1406,.T.);
#3336=EDGE_CURVE('',#2630,#2629,#346,.T.);
#3337=EDGE_CURVE('',#2627,#2630,#1407,.T.);
#3338=EDGE_CURVE('',#2629,#2630,#347,.T.);
#3339=EDGE_CURVE('',#2628,#2629,#1408,.T.);
#3340=EDGE_CURVE('',#2631,#2632,#348,.T.);
#3341=EDGE_CURVE('',#2632,#2633,#1409,.T.);
#3342=EDGE_CURVE('',#2634,#2633,#349,.T.);
#3343=EDGE_CURVE('',#2631,#2634,#1410,.T.);
#3344=EDGE_CURVE('',#2633,#2634,#350,.T.);
#3345=EDGE_CURVE('',#2632,#2633,#1411,.T.);
#3346=EDGE_CURVE('',#2635,#2636,#351,.T.);
#3347=EDGE_CURVE('',#2636,#2637,#1412,.T.);
#3348=EDGE_CURVE('',#2638,#2637,#352,.T.);
#3349=EDGE_CURVE('',#2635,#2638,#1413,.T.);
#3350=EDGE_CURVE('',#2637,#2638,#353,.T.);
#3351=EDGE_CURVE('',#2636,#2637,#1414,.T.);
#3352=EDGE_CURVE('',#2530,#2531,#1415,.T.);
#3353=EDGE_CURVE('',#2596,#2531,#354,.T.);
#3354=EDGE_CURVE('',#2531,#2639,#355,.T.);
#3355=EDGE_CURVE('',#2639,#2640,#1416,.T.);
#3356=EDGE_CURVE('',#2640,#2641,#356,.T.);
#3357=EDGE_CURVE('',#2641,#2642,#1417,.T.);
#3358=EDGE_CURVE('',#2642,#2643,#357,.T.);
#3359=EDGE_CURVE('',#2643,#2644,#1418,.T.);
#3360=EDGE_CURVE('',#2644,#2637,#358,.T.);
#3361=EDGE_CURVE('',#2637,#2527,#359,.T.);
#3362=EDGE_CURVE('',#2526,#2645,#360,.T.);
#3363=EDGE_CURVE('',#2645,#2646,#1419,.T.);
#3364=EDGE_CURVE('',#2646,#2647,#361,.T.);
#3365=EDGE_CURVE('',#2647,#2648,#1420,.T.);
#3366=EDGE_CURVE('',#2648,#2633,#362,.T.);
#3367=EDGE_CURVE('',#2633,#2649,#363,.T.);
#3368=EDGE_CURVE('',#2649,#2650,#1421,.T.);
#3369=EDGE_CURVE('',#2650,#2651,#364,.T.);
#3370=EDGE_CURVE('',#2651,#2652,#1422,.T.);
#3371=EDGE_CURVE('',#2652,#2653,#365,.T.);
#3372=EDGE_CURVE('',#2653,#2654,#1423,.T.);
#3373=EDGE_CURVE('',#2654,#2629,#366,.T.);
#3374=EDGE_CURVE('',#2629,#2655,#367,.T.);
#3375=EDGE_CURVE('',#2655,#2656,#1424,.T.);
#3376=EDGE_CURVE('',#2656,#2657,#368,.T.);
#3377=EDGE_CURVE('',#2657,#2658,#1425,.T.);
#3378=EDGE_CURVE('',#2658,#2533,#369,.T.);
#3379=EDGE_CURVE('',#2537,#2659,#370,.T.);
#3380=EDGE_CURVE('',#2659,#2660,#1426,.T.);
#3381=EDGE_CURVE('',#2660,#2539,#371,.T.);
#3382=EDGE_CURVE('',#2538,#2623,#372,.T.);
#3383=EDGE_CURVE('',#2623,#2661,#373,.T.);
#3384=EDGE_CURVE('',#2661,#2541,#1427,.T.);
#3385=EDGE_CURVE('',#2594,#2662,#374,.T.);
#3386=EDGE_CURVE('',#2662,#2663,#1428,.T.);
#3387=EDGE_CURVE('',#2663,#2603,#375,.T.);
#3388=EDGE_CURVE('',#2603,#2664,#376,.T.);
#3389=EDGE_CURVE('',#2664,#2665,#1429,.T.);
#3390=EDGE_CURVE('',#2665,#2666,#377,.T.);
#3391=EDGE_CURVE('',#2666,#2667,#1430,.T.);
#3392=EDGE_CURVE('',#2667,#2668,#378,.T.);
#3393=EDGE_CURVE('',#2668,#2669,#1431,.T.);
#3394=EDGE_CURVE('',#2669,#2599,#379,.T.);
#3395=EDGE_CURVE('',#2599,#2670,#380,.T.);
#3396=EDGE_CURVE('',#2670,#2671,#1432,.T.);
#3397=EDGE_CURVE('',#2671,#2672,#381,.T.);
#3398=EDGE_CURVE('',#2672,#2673,#1433,.T.);
#3399=EDGE_CURVE('',#2673,#2529,#382,.T.);
#3400=EDGE_CURVE('',#2481,#2666,#1434,.T.);
#3401=EDGE_CURVE('',#2482,#2665,#1435,.T.);
#3402=EDGE_CURVE('',#2483,#2664,#1436,.T.);
#3403=EDGE_CURVE('',#2602,#2484,#1437,.T.);
#3404=EDGE_CURVE('',#2474,#2672,#1438,.T.);
#3405=EDGE_CURVE('',#2475,#2671,#1439,.T.);
#3406=EDGE_CURVE('',#2476,#2670,#1440,.T.);
#3407=EDGE_CURVE('',#2598,#2477,#1441,.T.);
#3408=EDGE_CURVE('',#2636,#2463,#1442,.T.);
#3409=EDGE_CURVE('',#2464,#2644,#1443,.T.);
#3410=EDGE_CURVE('',#2465,#2643,#1444,.T.);
#3411=EDGE_CURVE('',#2466,#2642,#1445,.T.);
#3412=EDGE_CURVE('',#2467,#2641,#1446,.T.);
#3413=EDGE_CURVE('',#2468,#2640,#1447,.T.);
#3414=EDGE_CURVE('',#2469,#2639,#1448,.T.);
#3415=EDGE_CURVE('',#2632,#2456,#1449,.T.);
#3416=EDGE_CURVE('',#2457,#2648,#1450,.T.);
#3417=EDGE_CURVE('',#2458,#2647,#1451,.T.);
#3418=EDGE_CURVE('',#2459,#2646,#1452,.T.);
#3419=EDGE_CURVE('',#2628,#2449,#1453,.T.);
#3420=EDGE_CURVE('',#2450,#2654,#1454,.T.);
#3421=EDGE_CURVE('',#2451,#2653,#1455,.T.);
#3422=EDGE_CURVE('',#2452,#2652,#1456,.T.);
#3423=EDGE_CURVE('',#2445,#2658,#1457,.T.);
#3424=EDGE_CURVE('',#2622,#2435,#1458,.T.);
#3425=EDGE_CURVE('',#2438,#2660,#1459,.T.);
#3426=EDGE_CURVE('',#2439,#2659,#1460,.T.);
#3427=EDGE_CURVE('',#2434,#2661,#1461,.T.);
#3428=EDGE_CURVE('',#2485,#2663,#1462,.T.);
#3429=EDGE_CURVE('',#2486,#2662,#1463,.T.);
#3430=EDGE_CURVE('',#2480,#2667,#1464,.T.);
#3431=EDGE_CURVE('',#2478,#2669,#1465,.T.);
#3432=EDGE_CURVE('',#2479,#2668,#1466,.T.);
#3433=EDGE_CURVE('',#2473,#2673,#1467,.T.);
#3434=EDGE_CURVE('',#2460,#2645,#1468,.T.);
#3435=EDGE_CURVE('',#2453,#2651,#1469,.T.);
#3436=EDGE_CURVE('',#2454,#2650,#1470,.T.);
#3437=EDGE_CURVE('',#2649,#2455,#1471,.T.);
#3438=EDGE_CURVE('',#2446,#2657,#1472,.T.);
#3439=EDGE_CURVE('',#2447,#2656,#1473,.T.);
#3440=EDGE_CURVE('',#2655,#2448,#1474,.T.);
#3441=EDGE_CURVE('',#2674,#2675,#1475,.T.);
#3442=EDGE_CURVE('',#2674,#2676,#1476,.T.);
#3443=EDGE_CURVE('',#2677,#2676,#1477,.T.);
#3444=EDGE_CURVE('',#2675,#2677,#1478,.T.);
#3445=EDGE_CURVE('',#2676,#2678,#1479,.T.);
#3446=EDGE_CURVE('',#2679,#2678,#1480,.T.);
#3447=EDGE_CURVE('',#2679,#2677,#1481,.T.);
#3448=EDGE_CURVE('',#2680,#2678,#1482,.T.);
#3449=EDGE_CURVE('',#2681,#2680,#1483,.T.);
#3450=EDGE_CURVE('',#2679,#2681,#1484,.T.);
#3451=EDGE_CURVE('',#2682,#2683,#1485,.T.);
#3452=EDGE_CURVE('',#2682,#2684,#1486,.T.);
#3453=EDGE_CURVE('',#2685,#2684,#1487,.T.);
#3454=EDGE_CURVE('',#2683,#2685,#1488,.T.);
#3455=EDGE_CURVE('',#2684,#2686,#1489,.T.);
#3456=EDGE_CURVE('',#2687,#2686,#1490,.T.);
#3457=EDGE_CURVE('',#2687,#2685,#1491,.T.);
#3458=EDGE_CURVE('',#2688,#2686,#1492,.T.);
#3459=EDGE_CURVE('',#2689,#2688,#1493,.T.);
#3460=EDGE_CURVE('',#2687,#2689,#1494,.T.);
#3461=EDGE_CURVE('',#2690,#2691,#383,.T.);
#3462=EDGE_CURVE('',#2691,#2692,#1495,.T.);
#3463=EDGE_CURVE('',#2692,#2693,#384,.T.);
#3464=EDGE_CURVE('',#2693,#2690,#1496,.T.);
#3465=EDGE_CURVE('',#2690,#2694,#1497,.T.);
#3466=EDGE_CURVE('',#2694,#2695,#1498,.T.);
#3467=EDGE_CURVE('',#2696,#2695,#385,.T.);
#3468=EDGE_CURVE('',#2697,#2696,#1499,.T.);
#3469=EDGE_CURVE('',#2698,#2697,#1500,.T.);
#3470=EDGE_CURVE('',#2698,#2680,#1501,.T.);
#3471=EDGE_CURVE('',#2691,#2674,#1502,.T.);
#3472=EDGE_CURVE('',#2693,#2699,#1503,.T.);
#3473=EDGE_CURVE('',#2699,#2694,#1504,.T.);
#3474=EDGE_CURVE('',#2675,#2692,#1505,.T.);
#3475=EDGE_CURVE('',#2681,#2688,#1506,.T.);
#3476=EDGE_CURVE('',#2700,#2682,#1507,.T.);
#3477=EDGE_CURVE('',#2701,#2700,#386,.T.);
#3478=EDGE_CURVE('',#2702,#2701,#1508,.T.);
#3479=EDGE_CURVE('',#2702,#2703,#1509,.T.);
#3480=EDGE_CURVE('',#2704,#2703,#387,.T.);
#3481=EDGE_CURVE('',#2705,#2704,#1510,.T.);
#3482=EDGE_CURVE('',#2706,#2705,#388,.T.);
#3483=EDGE_CURVE('',#2706,#2699,#1511,.T.);
#3484=EDGE_CURVE('',#2700,#2707,#1512,.T.);
#3485=EDGE_CURVE('',#2707,#2708,#389,.T.);
#3486=EDGE_CURVE('',#2708,#2701,#1513,.T.);
#3487=EDGE_CURVE('',#2708,#2709,#1514,.T.);
#3488=EDGE_CURVE('',#2709,#2702,#1515,.T.);
#3489=EDGE_CURVE('',#2683,#2707,#1516,.T.);
#3490=EDGE_CURVE('',#2689,#2710,#1517,.T.);
#3491=EDGE_CURVE('',#2711,#2710,#1518,.T.);
#3492=EDGE_CURVE('',#2712,#2711,#1519,.T.);
#3493=EDGE_CURVE('',#2713,#2712,#390,.T.);
#3494=EDGE_CURVE('',#2713,#2709,#1520,.T.);
#3495=EDGE_CURVE('',#2705,#2696,#1521,.T.);
#3496=EDGE_CURVE('',#2695,#2706,#1522,.T.);
#3497=EDGE_CURVE('',#2712,#2704,#1523,.T.);
#3498=EDGE_CURVE('',#2711,#2714,#1524,.T.);
#3499=EDGE_CURVE('',#2714,#2715,#1525,.T.);
#3500=EDGE_CURVE('',#2715,#2697,#1526,.T.);
#3501=EDGE_CURVE('',#2716,#2716,#391,.T.);
#3502=EDGE_CURVE('',#2717,#2717,#392,.T.);
#3503=EDGE_CURVE('',#2703,#2713,#1527,.T.);
#3504=EDGE_CURVE('',#2718,#2710,#1528,.T.);
#3505=EDGE_CURVE('',#2714,#2718,#1529,.T.);
#3506=EDGE_CURVE('',#2718,#2719,#1530,.T.);
#3507=EDGE_CURVE('',#2719,#2715,#1531,.T.);
#3508=EDGE_CURVE('',#2698,#2719,#1532,.T.);
#3509=EDGE_CURVE('',#2720,#2720,#393,.T.);
#3510=EDGE_CURVE('',#2721,#2721,#394,.T.);
#3511=EDGE_CURVE('',#2721,#2722,#1533,.T.);
#3512=EDGE_CURVE('',#2722,#2722,#395,.T.);
#3513=EDGE_CURVE('',#2723,#2723,#396,.T.);
#3514=EDGE_CURVE('',#2720,#2724,#1534,.T.);
#3515=EDGE_CURVE('',#2724,#2724,#397,.T.);
#3516=EDGE_CURVE('',#2725,#2725,#398,.T.);
#3517=EDGE_CURVE('',#2716,#2725,#1535,.T.);
#3518=EDGE_CURVE('',#2717,#2723,#1536,.T.);
#3519=EDGE_CURVE('',#2726,#2727,#1537,.T.);
#3520=EDGE_CURVE('',#2728,#2726,#1538,.T.);
#3521=EDGE_CURVE('',#2729,#2728,#1539,.T.);
#3522=EDGE_CURVE('',#2727,#2729,#1540,.T.);
#3523=EDGE_CURVE('',#2730,#2727,#1541,.T.);
#3524=EDGE_CURVE('',#2731,#2729,#1542,.T.);
#3525=EDGE_CURVE('',#2732,#2731,#399,.T.);
#3526=EDGE_CURVE('',#2732,#2733,#1543,.T.);
#3527=EDGE_CURVE('',#2734,#2733,#400,.T.);
#3528=EDGE_CURVE('',#2734,#2735,#1544,.T.);
#3529=EDGE_CURVE('',#2736,#2735,#401,.T.);
#3530=EDGE_CURVE('',#2737,#2736,#1545,.T.);
#3531=EDGE_CURVE('',#2738,#2737,#402,.T.);
#3532=EDGE_CURVE('',#2738,#2739,#1546,.T.);
#3533=EDGE_CURVE('',#2739,#2740,#1547,.T.);
#3534=EDGE_CURVE('',#2740,#2741,#1548,.T.);
#3535=EDGE_CURVE('',#2742,#2741,#1549,.T.);
#3536=EDGE_CURVE('',#2742,#2743,#403,.T.);
#3537=EDGE_CURVE('',#2744,#2743,#1550,.T.);
#3538=EDGE_CURVE('',#2744,#2745,#404,.T.);
#3539=EDGE_CURVE('',#2746,#2745,#1551,.T.);
#3540=EDGE_CURVE('',#2746,#2747,#405,.T.);
#3541=EDGE_CURVE('',#2748,#2747,#1552,.T.);
#3542=EDGE_CURVE('',#2748,#2749,#406,.T.);
#3543=EDGE_CURVE('',#2750,#2749,#1553,.T.);
#3544=EDGE_CURVE('',#2750,#2751,#407,.T.);
#3545=EDGE_CURVE('',#2752,#2751,#1554,.T.);
#3546=EDGE_CURVE('',#2752,#2753,#408,.T.);
#3547=EDGE_CURVE('',#2754,#2753,#1555,.T.);
#3548=EDGE_CURVE('',#2754,#2755,#409,.T.);
#3549=EDGE_CURVE('',#2756,#2755,#1556,.T.);
#3550=EDGE_CURVE('',#2756,#2757,#410,.T.);
#3551=EDGE_CURVE('',#2758,#2757,#1557,.T.);
#3552=EDGE_CURVE('',#2758,#2759,#411,.T.);
#3553=EDGE_CURVE('',#2760,#2759,#1558,.T.);
#3554=EDGE_CURVE('',#2760,#2761,#412,.T.);
#3555=EDGE_CURVE('',#2762,#2761,#1559,.T.);
#3556=EDGE_CURVE('',#2762,#2763,#413,.T.);
#3557=EDGE_CURVE('',#2764,#2763,#1560,.T.);
#3558=EDGE_CURVE('',#2764,#2765,#414,.T.);
#3559=EDGE_CURVE('',#2766,#2765,#1561,.T.);
#3560=EDGE_CURVE('',#2766,#2767,#415,.T.);
#3561=EDGE_CURVE('',#2768,#2767,#1562,.T.);
#3562=EDGE_CURVE('',#2768,#2769,#416,.T.);
#3563=EDGE_CURVE('',#2770,#2769,#1563,.T.);
#3564=EDGE_CURVE('',#2770,#2771,#417,.T.);
#3565=EDGE_CURVE('',#2772,#2771,#1564,.T.);
#3566=EDGE_CURVE('',#2772,#2773,#418,.T.);
#3567=EDGE_CURVE('',#2774,#2773,#1565,.T.);
#3568=EDGE_CURVE('',#2774,#2775,#419,.T.);
#3569=EDGE_CURVE('',#2776,#2775,#1566,.T.);
#3570=EDGE_CURVE('',#2776,#2777,#420,.T.);
#3571=EDGE_CURVE('',#2778,#2777,#1567,.T.);
#3572=EDGE_CURVE('',#2778,#2779,#421,.T.);
#3573=EDGE_CURVE('',#2780,#2779,#1568,.T.);
#3574=EDGE_CURVE('',#2780,#2781,#422,.T.);
#3575=EDGE_CURVE('',#2782,#2781,#1569,.T.);
#3576=EDGE_CURVE('',#2782,#2783,#423,.T.);
#3577=EDGE_CURVE('',#2784,#2783,#1570,.T.);
#3578=EDGE_CURVE('',#2784,#2785,#424,.T.);
#3579=EDGE_CURVE('',#2786,#2785,#1571,.T.);
#3580=EDGE_CURVE('',#2786,#2787,#425,.T.);
#3581=EDGE_CURVE('',#2788,#2787,#1572,.T.);
#3582=EDGE_CURVE('',#2788,#2789,#426,.T.);
#3583=EDGE_CURVE('',#2790,#2789,#1573,.T.);
#3584=EDGE_CURVE('',#2790,#2791,#427,.T.);
#3585=EDGE_CURVE('',#2792,#2791,#1574,.T.);
#3586=EDGE_CURVE('',#2792,#2793,#428,.T.);
#3587=EDGE_CURVE('',#2794,#2793,#1575,.T.);
#3588=EDGE_CURVE('',#2794,#2795,#429,.T.);
#3589=EDGE_CURVE('',#2796,#2795,#1576,.T.);
#3590=EDGE_CURVE('',#2796,#2797,#430,.T.);
#3591=EDGE_CURVE('',#2798,#2797,#1577,.T.);
#3592=EDGE_CURVE('',#2798,#2799,#431,.T.);
#3593=EDGE_CURVE('',#2800,#2799,#1578,.T.);
#3594=EDGE_CURVE('',#2800,#2801,#432,.T.);
#3595=EDGE_CURVE('',#2802,#2801,#1579,.T.);
#3596=EDGE_CURVE('',#2802,#2803,#433,.T.);
#3597=EDGE_CURVE('',#2804,#2803,#1580,.T.);
#3598=EDGE_CURVE('',#2804,#2805,#434,.T.);
#3599=EDGE_CURVE('',#2806,#2805,#1581,.T.);
#3600=EDGE_CURVE('',#2806,#2807,#435,.T.);
#3601=EDGE_CURVE('',#2808,#2807,#1582,.T.);
#3602=EDGE_CURVE('',#2808,#2809,#436,.T.);
#3603=EDGE_CURVE('',#2810,#2809,#1583,.T.);
#3604=EDGE_CURVE('',#2810,#2811,#437,.T.);
#3605=EDGE_CURVE('',#2812,#2811,#1584,.T.);
#3606=EDGE_CURVE('',#2812,#2813,#438,.T.);
#3607=EDGE_CURVE('',#2814,#2813,#1585,.T.);
#3608=EDGE_CURVE('',#2814,#2815,#439,.T.);
#3609=EDGE_CURVE('',#2816,#2815,#1586,.T.);
#3610=EDGE_CURVE('',#2816,#2817,#440,.T.);
#3611=EDGE_CURVE('',#2818,#2817,#1587,.T.);
#3612=EDGE_CURVE('',#2818,#2819,#441,.T.);
#3613=EDGE_CURVE('',#2820,#2819,#1588,.T.);
#3614=EDGE_CURVE('',#2820,#2821,#442,.T.);
#3615=EDGE_CURVE('',#2822,#2821,#1589,.T.);
#3616=EDGE_CURVE('',#2822,#2823,#1590,.T.);
#3617=EDGE_CURVE('',#2823,#2824,#1591,.T.);
#3618=EDGE_CURVE('',#2824,#2825,#1592,.T.);
#3619=EDGE_CURVE('',#2826,#2825,#443,.T.);
#3620=EDGE_CURVE('',#2826,#2827,#1593,.T.);
#3621=EDGE_CURVE('',#2828,#2827,#444,.T.);
#3622=EDGE_CURVE('',#2828,#2829,#1594,.T.);
#3623=EDGE_CURVE('',#2830,#2829,#445,.T.);
#3624=EDGE_CURVE('',#2830,#2831,#1595,.T.);
#3625=EDGE_CURVE('',#2730,#2831,#446,.T.);
#3626=EDGE_CURVE('',#2832,#2832,#447,.T.);
#3627=EDGE_CURVE('',#2833,#2833,#448,.T.);
#3628=EDGE_CURVE('',#2834,#2835,#449,.T.);
#3629=EDGE_CURVE('',#2834,#2836,#1596,.T.);
#3630=EDGE_CURVE('',#2837,#2836,#450,.T.);
#3631=EDGE_CURVE('',#2837,#2835,#1597,.T.);
#3632=EDGE_CURVE('',#2838,#2838,#451,.T.);
#3633=EDGE_CURVE('',#2839,#2839,#452,.T.);
#3634=EDGE_CURVE('',#2840,#2841,#453,.T.);
#3635=EDGE_CURVE('',#2841,#2734,#1598,.T.);
#3636=EDGE_CURVE('',#2733,#2840,#1599,.T.);
#3637=EDGE_CURVE('',#2842,#2732,#1600,.T.);
#3638=EDGE_CURVE('',#2840,#2842,#1601,.T.);
#3639=EDGE_CURVE('',#2731,#2843,#1602,.T.);
#3640=EDGE_CURVE('',#2843,#2842,#454,.T.);
#3641=EDGE_CURVE('',#2844,#2728,#1603,.T.);
#3642=EDGE_CURVE('',#2739,#2844,#1604,.T.);
#3643=EDGE_CURVE('',#2845,#2738,#1605,.T.);
#3644=EDGE_CURVE('',#2843,#2845,#1606,.T.);
#3645=EDGE_CURVE('',#2846,#2847,#455,.T.);
#3646=EDGE_CURVE('',#2847,#2730,#1607,.T.);
#3647=EDGE_CURVE('',#2831,#2846,#1608,.T.);
#3648=EDGE_CURVE('',#2848,#2830,#1609,.T.);
#3649=EDGE_CURVE('',#2846,#2848,#1610,.T.);
#3650=EDGE_CURVE('',#2829,#2849,#1611,.T.);
#3651=EDGE_CURVE('',#2849,#2848,#456,.T.);
#3652=EDGE_CURVE('',#2850,#2828,#1612,.T.);
#3653=EDGE_CURVE('',#2849,#2850,#1613,.T.);
#3654=EDGE_CURVE('',#2839,#2851,#1614,.T.);
#3655=EDGE_CURVE('',#2851,#2851,#457,.T.);
#3656=EDGE_CURVE('',#2852,#2852,#458,.T.);
#3657=EDGE_CURVE('',#2852,#2853,#1615,.T.);
#3658=EDGE_CURVE('',#2853,#2853,#459,.T.);
#3659=EDGE_CURVE('',#2838,#2854,#1616,.T.);
#3660=EDGE_CURVE('',#2854,#2854,#460,.T.);
#3661=EDGE_CURVE('',#2855,#2855,#461,.T.);
#3662=EDGE_CURVE('',#2855,#2856,#1617,.T.);
#3663=EDGE_CURVE('',#2856,#2856,#462,.T.);
#3664=EDGE_CURVE('',#2857,#2845,#463,.T.);
#3665=EDGE_CURVE('',#2857,#2858,#1618,.T.);
#3666=EDGE_CURVE('',#2859,#2858,#464,.T.);
#3667=EDGE_CURVE('',#2859,#2841,#1619,.T.);
#3668=EDGE_CURVE('',#2860,#2860,#465,.T.);
#3669=EDGE_CURVE('',#2832,#2861,#1620,.T.);
#3670=EDGE_CURVE('',#2861,#2861,#466,.T.);
#3671=EDGE_CURVE('',#2862,#2862,#467,.T.);
#3672=EDGE_CURVE('',#2862,#2860,#1621,.T.);
#3673=EDGE_CURVE('',#2735,#2859,#1622,.T.);
#3674=EDGE_CURVE('',#2858,#2736,#1623,.T.);
#3675=EDGE_CURVE('',#2737,#2857,#1624,.T.);
#3676=EDGE_CURVE('',#2863,#2726,#1625,.T.);
#3677=EDGE_CURVE('',#2863,#2864,#1626,.T.);
#3678=EDGE_CURVE('',#2864,#2865,#1627,.T.);
#3679=EDGE_CURVE('',#2866,#2865,#1628,.T.);
#3680=EDGE_CURVE('',#2867,#2866,#468,.T.);
#3681=EDGE_CURVE('',#2868,#2867,#1629,.T.);
#3682=EDGE_CURVE('',#2869,#2868,#469,.T.);
#3683=EDGE_CURVE('',#2870,#2869,#1630,.T.);
#3684=EDGE_CURVE('',#2871,#2870,#470,.T.);
#3685=EDGE_CURVE('',#2872,#2871,#1631,.T.);
#3686=EDGE_CURVE('',#2873,#2872,#471,.T.);
#3687=EDGE_CURVE('',#2874,#2873,#1632,.T.);
#3688=EDGE_CURVE('',#2875,#2874,#472,.T.);
#3689=EDGE_CURVE('',#2876,#2875,#1633,.T.);
#3690=EDGE_CURVE('',#2877,#2876,#473,.T.);
#3691=EDGE_CURVE('',#2878,#2877,#1634,.T.);
#3692=EDGE_CURVE('',#2879,#2878,#474,.T.);
#3693=EDGE_CURVE('',#2880,#2879,#1635,.T.);
#3694=EDGE_CURVE('',#2881,#2880,#475,.T.);
#3695=EDGE_CURVE('',#2882,#2881,#1636,.T.);
#3696=EDGE_CURVE('',#2883,#2882,#476,.T.);
#3697=EDGE_CURVE('',#2884,#2883,#1637,.T.);
#3698=EDGE_CURVE('',#2885,#2884,#477,.T.);
#3699=EDGE_CURVE('',#2886,#2885,#1638,.T.);
#3700=EDGE_CURVE('',#2887,#2886,#478,.T.);
#3701=EDGE_CURVE('',#2888,#2887,#1639,.T.);
#3702=EDGE_CURVE('',#2889,#2888,#479,.T.);
#3703=EDGE_CURVE('',#2890,#2889,#1640,.T.);
#3704=EDGE_CURVE('',#2891,#2890,#480,.T.);
#3705=EDGE_CURVE('',#2892,#2891,#1641,.T.);
#3706=EDGE_CURVE('',#2893,#2892,#481,.T.);
#3707=EDGE_CURVE('',#2894,#2893,#1642,.T.);
#3708=EDGE_CURVE('',#2895,#2894,#482,.T.);
#3709=EDGE_CURVE('',#2896,#2895,#1643,.T.);
#3710=EDGE_CURVE('',#2897,#2896,#483,.T.);
#3711=EDGE_CURVE('',#2898,#2897,#1644,.T.);
#3712=EDGE_CURVE('',#2899,#2898,#484,.T.);
#3713=EDGE_CURVE('',#2900,#2899,#1645,.T.);
#3714=EDGE_CURVE('',#2901,#2900,#485,.T.);
#3715=EDGE_CURVE('',#2902,#2901,#1646,.T.);
#3716=EDGE_CURVE('',#2903,#2902,#486,.T.);
#3717=EDGE_CURVE('',#2904,#2903,#1647,.T.);
#3718=EDGE_CURVE('',#2905,#2904,#487,.T.);
#3719=EDGE_CURVE('',#2906,#2905,#1648,.T.);
#3720=EDGE_CURVE('',#2907,#2906,#488,.T.);
#3721=EDGE_CURVE('',#2908,#2907,#1649,.T.);
#3722=EDGE_CURVE('',#2909,#2908,#489,.T.);
#3723=EDGE_CURVE('',#2910,#2909,#1650,.T.);
#3724=EDGE_CURVE('',#2911,#2910,#490,.T.);
#3725=EDGE_CURVE('',#2912,#2911,#1651,.T.);
#3726=EDGE_CURVE('',#2913,#2912,#491,.T.);
#3727=EDGE_CURVE('',#2914,#2913,#1652,.T.);
#3728=EDGE_CURVE('',#2915,#2914,#492,.T.);
#3729=EDGE_CURVE('',#2916,#2915,#1653,.T.);
#3730=EDGE_CURVE('',#2917,#2916,#493,.T.);
#3731=EDGE_CURVE('',#2918,#2917,#1654,.T.);
#3732=EDGE_CURVE('',#2919,#2918,#494,.T.);
#3733=EDGE_CURVE('',#2920,#2919,#1655,.T.);
#3734=EDGE_CURVE('',#2921,#2920,#495,.T.);
#3735=EDGE_CURVE('',#2922,#2921,#1656,.T.);
#3736=EDGE_CURVE('',#2923,#2922,#496,.T.);
#3737=EDGE_CURVE('',#2924,#2923,#1657,.T.);
#3738=EDGE_CURVE('',#2925,#2924,#497,.T.);
#3739=EDGE_CURVE('',#2926,#2925,#1658,.T.);
#3740=EDGE_CURVE('',#2927,#2926,#498,.T.);
#3741=EDGE_CURVE('',#2928,#2927,#1659,.T.);
#3742=EDGE_CURVE('',#2929,#2928,#499,.T.);
#3743=EDGE_CURVE('',#2930,#2929,#1660,.T.);
#3744=EDGE_CURVE('',#2931,#2930,#500,.T.);
#3745=EDGE_CURVE('',#2932,#2931,#1661,.T.);
#3746=EDGE_CURVE('',#2933,#2932,#501,.T.);
#3747=EDGE_CURVE('',#2934,#2933,#1662,.T.);
#3748=EDGE_CURVE('',#2935,#2934,#502,.T.);
#3749=EDGE_CURVE('',#2936,#2935,#1663,.T.);
#3750=EDGE_CURVE('',#2937,#2936,#503,.T.);
#3751=EDGE_CURVE('',#2938,#2937,#1664,.T.);
#3752=EDGE_CURVE('',#2939,#2938,#504,.T.);
#3753=EDGE_CURVE('',#2940,#2939,#1665,.T.);
#3754=EDGE_CURVE('',#2941,#2940,#505,.T.);
#3755=EDGE_CURVE('',#2942,#2941,#1666,.T.);
#3756=EDGE_CURVE('',#2943,#2942,#506,.T.);
#3757=EDGE_CURVE('',#2944,#2943,#1667,.T.);
#3758=EDGE_CURVE('',#2945,#2944,#507,.T.);
#3759=EDGE_CURVE('',#2946,#2945,#1668,.T.);
#3760=EDGE_CURVE('',#2946,#2947,#1669,.T.);
#3761=EDGE_CURVE('',#2947,#2844,#1670,.T.);
#3762=EDGE_CURVE('',#2948,#2949,#1671,.T.);
#3763=EDGE_CURVE('',#2950,#2949,#508,.T.);
#3764=EDGE_CURVE('',#2950,#2951,#1672,.T.);
#3765=EDGE_CURVE('',#2948,#2951,#509,.T.);
#3766=EDGE_CURVE('',#2740,#2947,#1673,.T.);
#3767=EDGE_CURVE('',#2741,#2946,#1674,.T.);
#3768=EDGE_CURVE('',#2824,#2863,#1675,.T.);
#3769=EDGE_CURVE('',#2823,#2864,#1676,.T.);
#3770=EDGE_CURVE('',#2865,#2822,#1677,.T.);
#3771=EDGE_CURVE('',#2821,#2866,#1678,.T.);
#3772=EDGE_CURVE('',#2835,#2948,#1679,.T.);
#3773=EDGE_CURVE('',#2949,#2837,#1680,.T.);
#3774=EDGE_CURVE('',#2951,#2834,#1681,.T.);
#3775=EDGE_CURVE('',#2836,#2950,#1682,.T.);
#3776=EDGE_CURVE('',#2905,#2782,#1683,.T.);
#3777=EDGE_CURVE('',#2781,#2906,#1684,.T.);
#3778=EDGE_CURVE('',#2783,#2904,#1685,.T.);
#3779=EDGE_CURVE('',#2903,#2784,#1686,.T.);
#3780=EDGE_CURVE('',#2785,#2902,#1687,.T.);
#3781=EDGE_CURVE('',#2901,#2786,#1688,.T.);
#3782=EDGE_CURVE('',#2787,#2900,#1689,.T.);
#3783=EDGE_CURVE('',#2899,#2788,#1690,.T.);
#3784=EDGE_CURVE('',#2789,#2898,#1691,.T.);
#3785=EDGE_CURVE('',#2897,#2790,#1692,.T.);
#3786=EDGE_CURVE('',#2791,#2896,#1693,.T.);
#3787=EDGE_CURVE('',#2895,#2792,#1694,.T.);
#3788=EDGE_CURVE('',#2793,#2894,#1695,.T.);
#3789=EDGE_CURVE('',#2893,#2794,#1696,.T.);
#3790=EDGE_CURVE('',#2795,#2892,#1697,.T.);
#3791=EDGE_CURVE('',#2891,#2796,#1698,.T.);
#3792=EDGE_CURVE('',#2797,#2890,#1699,.T.);
#3793=EDGE_CURVE('',#2889,#2798,#1700,.T.);
#3794=EDGE_CURVE('',#2799,#2888,#1701,.T.);
#3795=EDGE_CURVE('',#2887,#2800,#1702,.T.);
#3796=EDGE_CURVE('',#2801,#2886,#1703,.T.);
#3797=EDGE_CURVE('',#2885,#2802,#1704,.T.);
#3798=EDGE_CURVE('',#2803,#2884,#1705,.T.);
#3799=EDGE_CURVE('',#2883,#2804,#1706,.T.);
#3800=EDGE_CURVE('',#2805,#2882,#1707,.T.);
#3801=EDGE_CURVE('',#2881,#2806,#1708,.T.);
#3802=EDGE_CURVE('',#2807,#2880,#1709,.T.);
#3803=EDGE_CURVE('',#2879,#2808,#1710,.T.);
#3804=EDGE_CURVE('',#2809,#2878,#1711,.T.);
#3805=EDGE_CURVE('',#2877,#2810,#1712,.T.);
#3806=EDGE_CURVE('',#2811,#2876,#1713,.T.);
#3807=EDGE_CURVE('',#2875,#2812,#1714,.T.);
#3808=EDGE_CURVE('',#2813,#2874,#1715,.T.);
#3809=EDGE_CURVE('',#2873,#2814,#1716,.T.);
#3810=EDGE_CURVE('',#2815,#2872,#1717,.T.);
#3811=EDGE_CURVE('',#2871,#2816,#1718,.T.);
#3812=EDGE_CURVE('',#2817,#2870,#1719,.T.);
#3813=EDGE_CURVE('',#2869,#2818,#1720,.T.);
#3814=EDGE_CURVE('',#2819,#2868,#1721,.T.);
#3815=EDGE_CURVE('',#2867,#2820,#1722,.T.);
#3816=EDGE_CURVE('',#2913,#2774,#1723,.T.);
#3817=EDGE_CURVE('',#2773,#2914,#1724,.T.);
#3818=EDGE_CURVE('',#2921,#2766,#1725,.T.);
#3819=EDGE_CURVE('',#2765,#2922,#1726,.T.);
#3820=EDGE_CURVE('',#2929,#2758,#1727,.T.);
#3821=EDGE_CURVE('',#2757,#2930,#1728,.T.);
#3822=EDGE_CURVE('',#2937,#2750,#1729,.T.);
#3823=EDGE_CURVE('',#2749,#2938,#1730,.T.);
#3824=EDGE_CURVE('',#2945,#2742,#1731,.T.);
#3825=EDGE_CURVE('',#2943,#2744,#1732,.T.);
#3826=EDGE_CURVE('',#2743,#2944,#1733,.T.);
#3827=EDGE_CURVE('',#2939,#2748,#1734,.T.);
#3828=EDGE_CURVE('',#2747,#2940,#1735,.T.);
#3829=EDGE_CURVE('',#2941,#2746,#1736,.T.);
#3830=EDGE_CURVE('',#2745,#2942,#1737,.T.);
#3831=EDGE_CURVE('',#2935,#2752,#1738,.T.);
#3832=EDGE_CURVE('',#2751,#2936,#1739,.T.);
#3833=EDGE_CURVE('',#2931,#2756,#1740,.T.);
#3834=EDGE_CURVE('',#2755,#2932,#1741,.T.);
#3835=EDGE_CURVE('',#2933,#2754,#1742,.T.);
#3836=EDGE_CURVE('',#2753,#2934,#1743,.T.);
#3837=EDGE_CURVE('',#2927,#2760,#1744,.T.);
#3838=EDGE_CURVE('',#2759,#2928,#1745,.T.);
#3839=EDGE_CURVE('',#2923,#2764,#1746,.T.);
#3840=EDGE_CURVE('',#2763,#2924,#1747,.T.);
#3841=EDGE_CURVE('',#2925,#2762,#1748,.T.);
#3842=EDGE_CURVE('',#2761,#2926,#1749,.T.);
#3843=EDGE_CURVE('',#2919,#2768,#1750,.T.);
#3844=EDGE_CURVE('',#2767,#2920,#1751,.T.);
#3845=EDGE_CURVE('',#2915,#2772,#1752,.T.);
#3846=EDGE_CURVE('',#2771,#2916,#1753,.T.);
#3847=EDGE_CURVE('',#2917,#2770,#1754,.T.);
#3848=EDGE_CURVE('',#2769,#2918,#1755,.T.);
#3849=EDGE_CURVE('',#2911,#2776,#1756,.T.);
#3850=EDGE_CURVE('',#2775,#2912,#1757,.T.);
#3851=EDGE_CURVE('',#2907,#2780,#1758,.T.);
#3852=EDGE_CURVE('',#2779,#2908,#1759,.T.);
#3853=EDGE_CURVE('',#2909,#2778,#1760,.T.);
#3854=EDGE_CURVE('',#2777,#2910,#1761,.T.);
#3855=EDGE_CURVE('',#2833,#2952,#1762,.T.);
#3856=EDGE_CURVE('',#2952,#2952,#510,.T.);
#3857=EDGE_CURVE('',#2953,#2953,#511,.T.);
#3858=EDGE_CURVE('',#2954,#2954,#512,.T.);
#3859=EDGE_CURVE('',#2954,#2953,#1763,.T.);
#3860=EDGE_CURVE('',#2955,#2956,#513,.T.);
#3861=EDGE_CURVE('',#2956,#2826,#1764,.T.);
#3862=EDGE_CURVE('',#2825,#2955,#1765,.T.);
#3863=EDGE_CURVE('',#2956,#2957,#1766,.T.);
#3864=EDGE_CURVE('',#2827,#2957,#1767,.T.);
#3865=EDGE_CURVE('',#2957,#2850,#514,.T.);
#3866=EDGE_CURVE('',#2955,#2847,#1768,.T.);
#3867=ORIENTED_EDGE('',*,*,#2958,.T.);
#3868=ORIENTED_EDGE('',*,*,#2959,.F.);
#3869=ORIENTED_EDGE('',*,*,#2960,.F.);
#3870=ORIENTED_EDGE('',*,*,#2961,.T.);
#3871=ORIENTED_EDGE('',*,*,#2962,.T.);
#3872=ORIENTED_EDGE('',*,*,#2963,.T.);
#3873=ORIENTED_EDGE('',*,*,#2964,.F.);
#3874=ORIENTED_EDGE('',*,*,#2965,.T.);
#3875=ORIENTED_EDGE('',*,*,#2966,.T.);
#3876=ORIENTED_EDGE('',*,*,#2967,.F.);
#3877=ORIENTED_EDGE('',*,*,#2968,.F.);
#3878=ORIENTED_EDGE('',*,*,#2969,.T.);
#3879=ORIENTED_EDGE('',*,*,#2970,.T.);
#3880=ORIENTED_EDGE('',*,*,#2971,.T.);
#3881=ORIENTED_EDGE('',*,*,#2972,.F.);
#3882=ORIENTED_EDGE('',*,*,#2973,.T.);
#3883=ORIENTED_EDGE('',*,*,#2974,.F.);
#3884=ORIENTED_EDGE('',*,*,#2975,.T.);
#3885=ORIENTED_EDGE('',*,*,#2976,.F.);
#3886=ORIENTED_EDGE('',*,*,#2977,.F.);
#3887=ORIENTED_EDGE('',*,*,#2958,.F.);
#3888=ORIENTED_EDGE('',*,*,#2978,.F.);
#3889=ORIENTED_EDGE('',*,*,#2979,.F.);
#3890=ORIENTED_EDGE('',*,*,#2980,.F.);
#3891=ORIENTED_EDGE('',*,*,#2981,.F.);
#3892=ORIENTED_EDGE('',*,*,#2982,.F.);
#3893=ORIENTED_EDGE('',*,*,#2983,.F.);
#3894=ORIENTED_EDGE('',*,*,#2984,.F.);
#3895=ORIENTED_EDGE('',*,*,#2985,.F.);
#3896=ORIENTED_EDGE('',*,*,#2986,.F.);
#3897=ORIENTED_EDGE('',*,*,#2987,.F.);
#3898=ORIENTED_EDGE('',*,*,#2988,.F.);
#3899=ORIENTED_EDGE('',*,*,#2989,.F.);
#3900=ORIENTED_EDGE('',*,*,#2990,.F.);
#3901=ORIENTED_EDGE('',*,*,#2991,.F.);
#3902=ORIENTED_EDGE('',*,*,#2992,.F.);
#3903=ORIENTED_EDGE('',*,*,#2993,.F.);
#3904=ORIENTED_EDGE('',*,*,#2994,.F.);
#3905=ORIENTED_EDGE('',*,*,#2995,.F.);
#3906=ORIENTED_EDGE('',*,*,#2996,.F.);
#3907=ORIENTED_EDGE('',*,*,#2997,.T.);
#3908=ORIENTED_EDGE('',*,*,#2998,.T.);
#3909=ORIENTED_EDGE('',*,*,#2999,.T.);
#3910=ORIENTED_EDGE('',*,*,#3000,.F.);
#3911=ORIENTED_EDGE('',*,*,#3001,.F.);
#3912=ORIENTED_EDGE('',*,*,#3002,.F.);
#3913=ORIENTED_EDGE('',*,*,#3003,.F.);
#3914=ORIENTED_EDGE('',*,*,#3004,.T.);
#3915=ORIENTED_EDGE('',*,*,#3005,.T.);
#3916=ORIENTED_EDGE('',*,*,#3006,.F.);
#3917=ORIENTED_EDGE('',*,*,#3007,.F.);
#3918=ORIENTED_EDGE('',*,*,#3008,.F.);
#3919=ORIENTED_EDGE('',*,*,#3009,.F.);
#3920=ORIENTED_EDGE('',*,*,#3010,.F.);
#3921=ORIENTED_EDGE('',*,*,#3011,.F.);
#3922=ORIENTED_EDGE('',*,*,#3012,.F.);
#3923=ORIENTED_EDGE('',*,*,#3013,.F.);
#3924=ORIENTED_EDGE('',*,*,#3014,.F.);
#3925=ORIENTED_EDGE('',*,*,#3015,.F.);
#3926=ORIENTED_EDGE('',*,*,#3016,.F.);
#3927=ORIENTED_EDGE('',*,*,#3017,.F.);
#3928=ORIENTED_EDGE('',*,*,#3018,.F.);
#3929=ORIENTED_EDGE('',*,*,#3019,.F.);
#3930=ORIENTED_EDGE('',*,*,#3020,.F.);
#3931=ORIENTED_EDGE('',*,*,#3021,.F.);
#3932=ORIENTED_EDGE('',*,*,#3022,.F.);
#3933=ORIENTED_EDGE('',*,*,#3023,.F.);
#3934=ORIENTED_EDGE('',*,*,#3024,.F.);
#3935=ORIENTED_EDGE('',*,*,#3025,.T.);
#3936=ORIENTED_EDGE('',*,*,#3026,.T.);
#3937=ORIENTED_EDGE('',*,*,#3027,.T.);
#3938=ORIENTED_EDGE('',*,*,#3028,.F.);
#3939=ORIENTED_EDGE('',*,*,#3029,.F.);
#3940=ORIENTED_EDGE('',*,*,#3030,.F.);
#3941=ORIENTED_EDGE('',*,*,#3031,.F.);
#3942=ORIENTED_EDGE('',*,*,#3032,.T.);
#3943=ORIENTED_EDGE('',*,*,#3033,.T.);
#3944=ORIENTED_EDGE('',*,*,#3034,.T.);
#3945=ORIENTED_EDGE('',*,*,#3035,.F.);
#3946=ORIENTED_EDGE('',*,*,#3036,.F.);
#3947=ORIENTED_EDGE('',*,*,#3037,.F.);
#3948=ORIENTED_EDGE('',*,*,#3038,.F.);
#3949=ORIENTED_EDGE('',*,*,#3039,.F.);
#3950=ORIENTED_EDGE('',*,*,#3040,.F.);
#3951=ORIENTED_EDGE('',*,*,#3041,.F.);
#3952=ORIENTED_EDGE('',*,*,#3042,.F.);
#3953=ORIENTED_EDGE('',*,*,#3043,.F.);
#3954=ORIENTED_EDGE('',*,*,#3044,.F.);
#3955=ORIENTED_EDGE('',*,*,#3045,.F.);
#3956=ORIENTED_EDGE('',*,*,#3046,.F.);
#3957=ORIENTED_EDGE('',*,*,#3047,.F.);
#3958=ORIENTED_EDGE('',*,*,#3048,.F.);
#3959=ORIENTED_EDGE('',*,*,#3049,.F.);
#3960=ORIENTED_EDGE('',*,*,#3050,.F.);
#3961=ORIENTED_EDGE('',*,*,#3051,.F.);
#3962=ORIENTED_EDGE('',*,*,#3052,.F.);
#3963=ORIENTED_EDGE('',*,*,#3053,.T.);
#3964=ORIENTED_EDGE('',*,*,#3054,.T.);
#3965=ORIENTED_EDGE('',*,*,#3055,.F.);
#3966=ORIENTED_EDGE('',*,*,#3056,.F.);
#3967=ORIENTED_EDGE('',*,*,#3057,.F.);
#3968=ORIENTED_EDGE('',*,*,#3058,.F.);
#3969=ORIENTED_EDGE('',*,*,#3059,.F.);
#3970=ORIENTED_EDGE('',*,*,#3060,.T.);
#3971=ORIENTED_EDGE('',*,*,#3061,.T.);
#3972=ORIENTED_EDGE('',*,*,#3062,.T.);
#3973=ORIENTED_EDGE('',*,*,#3063,.F.);
#3974=ORIENTED_EDGE('',*,*,#3064,.F.);
#3975=ORIENTED_EDGE('',*,*,#3065,.F.);
#3976=ORIENTED_EDGE('',*,*,#3066,.F.);
#3977=ORIENTED_EDGE('',*,*,#3067,.F.);
#3978=ORIENTED_EDGE('',*,*,#3068,.F.);
#3979=ORIENTED_EDGE('',*,*,#3069,.F.);
#3980=ORIENTED_EDGE('',*,*,#3070,.F.);
#3981=ORIENTED_EDGE('',*,*,#3071,.F.);
#3982=ORIENTED_EDGE('',*,*,#3072,.F.);
#3983=ORIENTED_EDGE('',*,*,#3073,.F.);
#3984=ORIENTED_EDGE('',*,*,#3074,.F.);
#3985=ORIENTED_EDGE('',*,*,#3075,.F.);
#3986=ORIENTED_EDGE('',*,*,#3076,.F.);
#3987=ORIENTED_EDGE('',*,*,#3077,.F.);
#3988=ORIENTED_EDGE('',*,*,#3078,.F.);
#3989=ORIENTED_EDGE('',*,*,#3079,.F.);
#3990=ORIENTED_EDGE('',*,*,#3080,.F.);
#3991=ORIENTED_EDGE('',*,*,#3081,.T.);
#3992=ORIENTED_EDGE('',*,*,#3082,.T.);
#3993=ORIENTED_EDGE('',*,*,#3083,.F.);
#3994=ORIENTED_EDGE('',*,*,#3084,.F.);
#3995=ORIENTED_EDGE('',*,*,#3085,.F.);
#3996=ORIENTED_EDGE('',*,*,#3086,.F.);
#3997=ORIENTED_EDGE('',*,*,#3087,.F.);
#3998=ORIENTED_EDGE('',*,*,#3088,.T.);
#3999=ORIENTED_EDGE('',*,*,#3089,.T.);
#4000=ORIENTED_EDGE('',*,*,#3090,.T.);
#4001=ORIENTED_EDGE('',*,*,#3091,.T.);
#4002=ORIENTED_EDGE('',*,*,#3092,.T.);
#4003=ORIENTED_EDGE('',*,*,#3093,.T.);
#4004=ORIENTED_EDGE('',*,*,#3094,.T.);
#4005=ORIENTED_EDGE('',*,*,#3095,.T.);
#4006=ORIENTED_EDGE('',*,*,#3096,.T.);
#4007=ORIENTED_EDGE('',*,*,#3097,.T.);
#4008=ORIENTED_EDGE('',*,*,#3098,.T.);
#4009=ORIENTED_EDGE('',*,*,#3099,.T.);
#4010=ORIENTED_EDGE('',*,*,#3100,.T.);
#4011=ORIENTED_EDGE('',*,*,#3101,.T.);
#4012=ORIENTED_EDGE('',*,*,#3102,.T.);
#4013=ORIENTED_EDGE('',*,*,#3103,.T.);
#4014=ORIENTED_EDGE('',*,*,#3104,.T.);
#4015=ORIENTED_EDGE('',*,*,#2976,.T.);
#4016=ORIENTED_EDGE('',*,*,#3105,.F.);
#4017=ORIENTED_EDGE('',*,*,#3106,.T.);
#4018=ORIENTED_EDGE('',*,*,#2974,.T.);
#4019=ORIENTED_EDGE('',*,*,#3106,.F.);
#4020=ORIENTED_EDGE('',*,*,#3100,.F.);
#4021=ORIENTED_EDGE('',*,*,#3107,.F.);
#4022=ORIENTED_EDGE('',*,*,#2963,.F.);
#4023=ORIENTED_EDGE('',*,*,#3108,.F.);
#4024=ORIENTED_EDGE('',*,*,#3090,.F.);
#4025=ORIENTED_EDGE('',*,*,#2975,.F.);
#4026=ORIENTED_EDGE('',*,*,#2973,.F.);
#4027=ORIENTED_EDGE('',*,*,#3109,.F.);
#4028=ORIENTED_EDGE('',*,*,#3110,.F.);
#4029=ORIENTED_EDGE('',*,*,#3092,.F.);
#4030=ORIENTED_EDGE('',*,*,#3111,.F.);
#4031=ORIENTED_EDGE('',*,*,#2971,.F.);
#4032=ORIENTED_EDGE('',*,*,#3112,.F.);
#4033=ORIENTED_EDGE('',*,*,#2965,.F.);
#4034=ORIENTED_EDGE('',*,*,#3113,.F.);
#4035=ORIENTED_EDGE('',*,*,#3098,.F.);
#4036=ORIENTED_EDGE('',*,*,#3112,.T.);
#4037=ORIENTED_EDGE('',*,*,#3097,.F.);
#4038=ORIENTED_EDGE('',*,*,#3114,.F.);
#4039=ORIENTED_EDGE('',*,*,#2966,.F.);
#4040=ORIENTED_EDGE('',*,*,#3115,.T.);
#4041=ORIENTED_EDGE('',*,*,#3094,.F.);
#4042=ORIENTED_EDGE('',*,*,#3116,.T.);
#4043=ORIENTED_EDGE('',*,*,#2969,.F.);
#4044=ORIENTED_EDGE('',*,*,#3110,.T.);
#4045=ORIENTED_EDGE('',*,*,#2970,.F.);
#4046=ORIENTED_EDGE('',*,*,#3116,.F.);
#4047=ORIENTED_EDGE('',*,*,#3093,.F.);
#4048=ORIENTED_EDGE('',*,*,#3117,.T.);
#4049=ORIENTED_EDGE('',*,*,#2959,.T.);
#4050=ORIENTED_EDGE('',*,*,#2977,.T.);
#4051=ORIENTED_EDGE('',*,*,#3104,.F.);
#4052=ORIENTED_EDGE('',*,*,#3118,.T.);
#4053=ORIENTED_EDGE('',*,*,#3102,.F.);
#4054=ORIENTED_EDGE('',*,*,#3119,.T.);
#4055=ORIENTED_EDGE('',*,*,#2961,.F.);
#4056=ORIENTED_EDGE('',*,*,#3108,.T.);
#4057=ORIENTED_EDGE('',*,*,#2962,.F.);
#4058=ORIENTED_EDGE('',*,*,#3119,.F.);
#4059=ORIENTED_EDGE('',*,*,#3101,.F.);
#4060=ORIENTED_EDGE('',*,*,#3120,.T.);
#4061=ORIENTED_EDGE('',*,*,#2967,.T.);
#4062=ORIENTED_EDGE('',*,*,#3114,.T.);
#4063=ORIENTED_EDGE('',*,*,#3096,.F.);
#4064=ORIENTED_EDGE('',*,*,#3091,.F.);
#4065=ORIENTED_EDGE('',*,*,#3109,.T.);
#4066=ORIENTED_EDGE('',*,*,#2972,.T.);
#4067=ORIENTED_EDGE('',*,*,#3111,.T.);
#4068=ORIENTED_EDGE('',*,*,#3117,.F.);
#4069=ORIENTED_EDGE('',*,*,#3103,.F.);
#4070=ORIENTED_EDGE('',*,*,#3118,.F.);
#4071=ORIENTED_EDGE('',*,*,#2960,.T.);
#4072=ORIENTED_EDGE('',*,*,#2964,.T.);
#4073=ORIENTED_EDGE('',*,*,#3107,.T.);
#4074=ORIENTED_EDGE('',*,*,#3099,.F.);
#4075=ORIENTED_EDGE('',*,*,#3113,.T.);
#4076=ORIENTED_EDGE('',*,*,#3115,.F.);
#4077=ORIENTED_EDGE('',*,*,#2968,.T.);
#4078=ORIENTED_EDGE('',*,*,#3120,.F.);
#4079=ORIENTED_EDGE('',*,*,#3095,.F.);
#4080=ORIENTED_EDGE('',*,*,#3121,.T.);
#4081=ORIENTED_EDGE('',*,*,#3122,.F.);
#4082=ORIENTED_EDGE('',*,*,#3123,.F.);
#4083=ORIENTED_EDGE('',*,*,#3083,.T.);
#4084=ORIENTED_EDGE('',*,*,#3124,.T.);
#4085=ORIENTED_EDGE('',*,*,#3125,.T.);
#4086=ORIENTED_EDGE('',*,*,#3126,.F.);
#4087=ORIENTED_EDGE('',*,*,#3121,.F.);
#4088=ORIENTED_EDGE('',*,*,#3082,.F.);
#4089=ORIENTED_EDGE('',*,*,#3127,.F.);
#4090=ORIENTED_EDGE('',*,*,#3128,.F.);
#4091=ORIENTED_EDGE('',*,*,#3129,.F.);
#4092=ORIENTED_EDGE('',*,*,#3124,.F.);
#4093=ORIENTED_EDGE('',*,*,#3081,.F.);
#4094=ORIENTED_EDGE('',*,*,#3080,.T.);
#4095=ORIENTED_EDGE('',*,*,#3130,.T.);
#4096=ORIENTED_EDGE('',*,*,#3131,.F.);
#4097=ORIENTED_EDGE('',*,*,#3127,.T.);
#4098=ORIENTED_EDGE('',*,*,#3132,.T.);
#4099=ORIENTED_EDGE('',*,*,#3133,.F.);
#4100=ORIENTED_EDGE('',*,*,#3134,.F.);
#4101=ORIENTED_EDGE('',*,*,#2999,.F.);
#4102=ORIENTED_EDGE('',*,*,#3135,.F.);
#4103=ORIENTED_EDGE('',*,*,#3136,.T.);
#4104=ORIENTED_EDGE('',*,*,#3137,.F.);
#4105=ORIENTED_EDGE('',*,*,#3132,.F.);
#4106=ORIENTED_EDGE('',*,*,#2998,.F.);
#4107=ORIENTED_EDGE('',*,*,#3138,.T.);
#4108=ORIENTED_EDGE('',*,*,#3139,.F.);
#4109=ORIENTED_EDGE('',*,*,#3140,.F.);
#4110=ORIENTED_EDGE('',*,*,#3135,.T.);
#4111=ORIENTED_EDGE('',*,*,#2997,.F.);
#4112=ORIENTED_EDGE('',*,*,#2996,.T.);
#4113=ORIENTED_EDGE('',*,*,#3141,.T.);
#4114=ORIENTED_EDGE('',*,*,#3142,.F.);
#4115=ORIENTED_EDGE('',*,*,#3138,.F.);
#4116=ORIENTED_EDGE('',*,*,#3052,.T.);
#4117=ORIENTED_EDGE('',*,*,#3143,.T.);
#4118=ORIENTED_EDGE('',*,*,#3144,.F.);
#4119=ORIENTED_EDGE('',*,*,#3145,.T.);
#4120=ORIENTED_EDGE('',*,*,#3146,.T.);
#4121=ORIENTED_EDGE('',*,*,#3147,.F.);
#4122=ORIENTED_EDGE('',*,*,#3148,.F.);
#4123=ORIENTED_EDGE('',*,*,#3062,.F.);
#4124=ORIENTED_EDGE('',*,*,#3149,.F.);
#4125=ORIENTED_EDGE('',*,*,#3150,.T.);
#4126=ORIENTED_EDGE('',*,*,#3151,.F.);
#4127=ORIENTED_EDGE('',*,*,#3146,.F.);
#4128=ORIENTED_EDGE('',*,*,#3061,.F.);
#4129=ORIENTED_EDGE('',*,*,#3152,.T.);
#4130=ORIENTED_EDGE('',*,*,#3153,.F.);
#4131=ORIENTED_EDGE('',*,*,#3154,.F.);
#4132=ORIENTED_EDGE('',*,*,#3034,.F.);
#4133=ORIENTED_EDGE('',*,*,#3155,.F.);
#4134=ORIENTED_EDGE('',*,*,#3156,.T.);
#4135=ORIENTED_EDGE('',*,*,#3157,.F.);
#4136=ORIENTED_EDGE('',*,*,#3152,.F.);
#4137=ORIENTED_EDGE('',*,*,#3033,.F.);
#4138=ORIENTED_EDGE('',*,*,#3158,.T.);
#4139=ORIENTED_EDGE('',*,*,#3159,.F.);
#4140=ORIENTED_EDGE('',*,*,#3160,.F.);
#4141=ORIENTED_EDGE('',*,*,#3155,.T.);
#4142=ORIENTED_EDGE('',*,*,#3032,.F.);
#4143=ORIENTED_EDGE('',*,*,#3031,.T.);
#4144=ORIENTED_EDGE('',*,*,#3161,.T.);
#4145=ORIENTED_EDGE('',*,*,#3162,.F.);
#4146=ORIENTED_EDGE('',*,*,#3158,.F.);
#4147=ORIENTED_EDGE('',*,*,#3027,.F.);
#4148=ORIENTED_EDGE('',*,*,#3163,.T.);
#4149=ORIENTED_EDGE('',*,*,#3164,.F.);
#4150=ORIENTED_EDGE('',*,*,#3165,.F.);
#4151=ORIENTED_EDGE('',*,*,#3023,.T.);
#4152=ORIENTED_EDGE('',*,*,#3166,.T.);
#4153=ORIENTED_EDGE('',*,*,#3167,.F.);
#4154=ORIENTED_EDGE('',*,*,#3168,.F.);
#4155=ORIENTED_EDGE('',*,*,#3022,.T.);
#4156=ORIENTED_EDGE('',*,*,#3169,.T.);
#4157=ORIENTED_EDGE('',*,*,#3170,.F.);
#4158=ORIENTED_EDGE('',*,*,#3166,.F.);
#4159=ORIENTED_EDGE('',*,*,#3021,.T.);
#4160=ORIENTED_EDGE('',*,*,#3171,.T.);
#4161=ORIENTED_EDGE('',*,*,#3172,.F.);
#4162=ORIENTED_EDGE('',*,*,#3169,.F.);
#4163=ORIENTED_EDGE('',*,*,#3020,.T.);
#4164=ORIENTED_EDGE('',*,*,#3173,.T.);
#4165=ORIENTED_EDGE('',*,*,#3174,.F.);
#4166=ORIENTED_EDGE('',*,*,#3171,.F.);
#4167=ORIENTED_EDGE('',*,*,#3019,.T.);
#4168=ORIENTED_EDGE('',*,*,#3175,.F.);
#4169=ORIENTED_EDGE('',*,*,#3176,.T.);
#4170=ORIENTED_EDGE('',*,*,#3177,.F.);
#4171=ORIENTED_EDGE('',*,*,#3173,.F.);
#4172=ORIENTED_EDGE('',*,*,#3018,.T.);
#4173=ORIENTED_EDGE('',*,*,#3178,.T.);
#4174=ORIENTED_EDGE('',*,*,#3179,.F.);
#4175=ORIENTED_EDGE('',*,*,#3180,.F.);
#4176=ORIENTED_EDGE('',*,*,#3175,.T.);
#4177=ORIENTED_EDGE('',*,*,#3017,.T.);
#4178=ORIENTED_EDGE('',*,*,#3181,.T.);
#4179=ORIENTED_EDGE('',*,*,#3182,.F.);
#4180=ORIENTED_EDGE('',*,*,#3178,.F.);
#4181=ORIENTED_EDGE('',*,*,#3016,.T.);
#4182=ORIENTED_EDGE('',*,*,#3183,.T.);
#4183=ORIENTED_EDGE('',*,*,#3184,.F.);
#4184=ORIENTED_EDGE('',*,*,#3181,.F.);
#4185=ORIENTED_EDGE('',*,*,#3015,.T.);
#4186=ORIENTED_EDGE('',*,*,#3185,.T.);
#4187=ORIENTED_EDGE('',*,*,#3186,.F.);
#4188=ORIENTED_EDGE('',*,*,#3183,.F.);
#4189=ORIENTED_EDGE('',*,*,#3014,.T.);
#4190=ORIENTED_EDGE('',*,*,#3187,.T.);
#4191=ORIENTED_EDGE('',*,*,#3188,.F.);
#4192=ORIENTED_EDGE('',*,*,#3185,.F.);
#4193=ORIENTED_EDGE('',*,*,#3013,.T.);
#4194=ORIENTED_EDGE('',*,*,#3189,.T.);
#4195=ORIENTED_EDGE('',*,*,#3190,.F.);
#4196=ORIENTED_EDGE('',*,*,#3187,.F.);
#4197=ORIENTED_EDGE('',*,*,#3012,.T.);
#4198=ORIENTED_EDGE('',*,*,#3191,.F.);
#4199=ORIENTED_EDGE('',*,*,#3192,.T.);
#4200=ORIENTED_EDGE('',*,*,#3193,.F.);
#4201=ORIENTED_EDGE('',*,*,#3189,.F.);
#4202=ORIENTED_EDGE('',*,*,#3011,.T.);
#4203=ORIENTED_EDGE('',*,*,#3194,.T.);
#4204=ORIENTED_EDGE('',*,*,#3195,.F.);
#4205=ORIENTED_EDGE('',*,*,#3196,.F.);
#4206=ORIENTED_EDGE('',*,*,#3191,.T.);
#4207=ORIENTED_EDGE('',*,*,#3010,.T.);
#4208=ORIENTED_EDGE('',*,*,#3197,.T.);
#4209=ORIENTED_EDGE('',*,*,#3198,.F.);
#4210=ORIENTED_EDGE('',*,*,#3194,.F.);
#4211=ORIENTED_EDGE('',*,*,#3009,.T.);
#4212=ORIENTED_EDGE('',*,*,#3199,.T.);
#4213=ORIENTED_EDGE('',*,*,#3200,.F.);
#4214=ORIENTED_EDGE('',*,*,#3197,.F.);
#4215=ORIENTED_EDGE('',*,*,#3008,.T.);
#4216=ORIENTED_EDGE('',*,*,#3201,.T.);
#4217=ORIENTED_EDGE('',*,*,#3202,.F.);
#4218=ORIENTED_EDGE('',*,*,#3199,.F.);
#4219=ORIENTED_EDGE('',*,*,#3007,.T.);
#4220=ORIENTED_EDGE('',*,*,#3203,.T.);
#4221=ORIENTED_EDGE('',*,*,#3204,.F.);
#4222=ORIENTED_EDGE('',*,*,#3201,.F.);
#4223=ORIENTED_EDGE('',*,*,#3205,.T.);
#4224=ORIENTED_EDGE('',*,*,#3206,.F.);
#4225=ORIENTED_EDGE('',*,*,#3203,.F.);
#4226=ORIENTED_EDGE('',*,*,#3006,.T.);
#4227=ORIENTED_EDGE('',*,*,#3207,.F.);
#4228=ORIENTED_EDGE('',*,*,#3208,.T.);
#4229=ORIENTED_EDGE('',*,*,#3209,.F.);
#4230=ORIENTED_EDGE('',*,*,#3205,.F.);
#4231=ORIENTED_EDGE('',*,*,#3005,.F.);
#4232=ORIENTED_EDGE('',*,*,#3210,.T.);
#4233=ORIENTED_EDGE('',*,*,#3211,.F.);
#4234=ORIENTED_EDGE('',*,*,#3212,.F.);
#4235=ORIENTED_EDGE('',*,*,#3207,.T.);
#4236=ORIENTED_EDGE('',*,*,#3004,.F.);
#4237=ORIENTED_EDGE('',*,*,#3003,.T.);
#4238=ORIENTED_EDGE('',*,*,#3213,.T.);
#4239=ORIENTED_EDGE('',*,*,#3214,.F.);
#4240=ORIENTED_EDGE('',*,*,#3210,.F.);
#4241=ORIENTED_EDGE('',*,*,#3002,.T.);
#4242=ORIENTED_EDGE('',*,*,#3215,.T.);
#4243=ORIENTED_EDGE('',*,*,#3216,.F.);
#4244=ORIENTED_EDGE('',*,*,#3213,.F.);
#4245=ORIENTED_EDGE('',*,*,#3001,.T.);
#4246=ORIENTED_EDGE('',*,*,#3217,.T.);
#4247=ORIENTED_EDGE('',*,*,#3218,.F.);
#4248=ORIENTED_EDGE('',*,*,#3215,.F.);
#4249=ORIENTED_EDGE('',*,*,#3000,.T.);
#4250=ORIENTED_EDGE('',*,*,#3134,.T.);
#4251=ORIENTED_EDGE('',*,*,#3219,.F.);
#4252=ORIENTED_EDGE('',*,*,#3217,.F.);
#4253=ORIENTED_EDGE('',*,*,#2995,.T.);
#4254=ORIENTED_EDGE('',*,*,#3220,.T.);
#4255=ORIENTED_EDGE('',*,*,#3221,.F.);
#4256=ORIENTED_EDGE('',*,*,#3141,.F.);
#4257=ORIENTED_EDGE('',*,*,#2994,.T.);
#4258=ORIENTED_EDGE('',*,*,#3222,.T.);
#4259=ORIENTED_EDGE('',*,*,#3223,.F.);
#4260=ORIENTED_EDGE('',*,*,#3220,.F.);
#4261=ORIENTED_EDGE('',*,*,#2993,.T.);
#4262=ORIENTED_EDGE('',*,*,#3224,.T.);
#4263=ORIENTED_EDGE('',*,*,#3225,.F.);
#4264=ORIENTED_EDGE('',*,*,#3222,.F.);
#4265=ORIENTED_EDGE('',*,*,#2992,.T.);
#4266=ORIENTED_EDGE('',*,*,#3226,.T.);
#4267=ORIENTED_EDGE('',*,*,#3227,.F.);
#4268=ORIENTED_EDGE('',*,*,#3224,.F.);
#4269=ORIENTED_EDGE('',*,*,#2991,.T.);
#4270=ORIENTED_EDGE('',*,*,#3228,.F.);
#4271=ORIENTED_EDGE('',*,*,#3229,.T.);
#4272=ORIENTED_EDGE('',*,*,#3230,.F.);
#4273=ORIENTED_EDGE('',*,*,#3226,.F.);
#4274=ORIENTED_EDGE('',*,*,#2990,.T.);
#4275=ORIENTED_EDGE('',*,*,#3231,.T.);
#4276=ORIENTED_EDGE('',*,*,#3232,.F.);
#4277=ORIENTED_EDGE('',*,*,#3233,.F.);
#4278=ORIENTED_EDGE('',*,*,#3228,.T.);
#4279=ORIENTED_EDGE('',*,*,#2989,.T.);
#4280=ORIENTED_EDGE('',*,*,#3234,.T.);
#4281=ORIENTED_EDGE('',*,*,#3235,.F.);
#4282=ORIENTED_EDGE('',*,*,#3231,.F.);
#4283=ORIENTED_EDGE('',*,*,#2988,.T.);
#4284=ORIENTED_EDGE('',*,*,#3236,.T.);
#4285=ORIENTED_EDGE('',*,*,#3237,.F.);
#4286=ORIENTED_EDGE('',*,*,#3234,.F.);
#4287=ORIENTED_EDGE('',*,*,#2987,.T.);
#4288=ORIENTED_EDGE('',*,*,#3238,.T.);
#4289=ORIENTED_EDGE('',*,*,#3239,.F.);
#4290=ORIENTED_EDGE('',*,*,#3236,.F.);
#4291=ORIENTED_EDGE('',*,*,#2986,.T.);
#4292=ORIENTED_EDGE('',*,*,#3240,.T.);
#4293=ORIENTED_EDGE('',*,*,#3241,.F.);
#4294=ORIENTED_EDGE('',*,*,#3238,.F.);
#4295=ORIENTED_EDGE('',*,*,#2985,.T.);
#4296=ORIENTED_EDGE('',*,*,#3242,.T.);
#4297=ORIENTED_EDGE('',*,*,#3243,.F.);
#4298=ORIENTED_EDGE('',*,*,#3240,.F.);
#4299=ORIENTED_EDGE('',*,*,#2984,.T.);
#4300=ORIENTED_EDGE('',*,*,#3244,.F.);
#4301=ORIENTED_EDGE('',*,*,#3245,.T.);
#4302=ORIENTED_EDGE('',*,*,#3246,.F.);
#4303=ORIENTED_EDGE('',*,*,#3242,.F.);
#4304=ORIENTED_EDGE('',*,*,#2983,.T.);
#4305=ORIENTED_EDGE('',*,*,#3247,.T.);
#4306=ORIENTED_EDGE('',*,*,#3248,.F.);
#4307=ORIENTED_EDGE('',*,*,#3249,.F.);
#4308=ORIENTED_EDGE('',*,*,#3244,.T.);
#4309=ORIENTED_EDGE('',*,*,#2982,.T.);
#4310=ORIENTED_EDGE('',*,*,#3250,.T.);
#4311=ORIENTED_EDGE('',*,*,#3251,.F.);
#4312=ORIENTED_EDGE('',*,*,#3247,.F.);
#4313=ORIENTED_EDGE('',*,*,#2981,.T.);
#4314=ORIENTED_EDGE('',*,*,#3252,.T.);
#4315=ORIENTED_EDGE('',*,*,#3253,.F.);
#4316=ORIENTED_EDGE('',*,*,#3250,.F.);
#4317=ORIENTED_EDGE('',*,*,#2980,.T.);
#4318=ORIENTED_EDGE('',*,*,#3254,.T.);
#4319=ORIENTED_EDGE('',*,*,#3255,.F.);
#4320=ORIENTED_EDGE('',*,*,#3252,.F.);
#4321=ORIENTED_EDGE('',*,*,#2979,.T.);
#4322=ORIENTED_EDGE('',*,*,#3256,.T.);
#4323=ORIENTED_EDGE('',*,*,#3257,.F.);
#4324=ORIENTED_EDGE('',*,*,#3254,.F.);
#4325=ORIENTED_EDGE('',*,*,#3258,.T.);
#4326=ORIENTED_EDGE('',*,*,#3259,.F.);
#4327=ORIENTED_EDGE('',*,*,#3256,.F.);
#4328=ORIENTED_EDGE('',*,*,#2978,.T.);
#4329=ORIENTED_EDGE('',*,*,#3260,.F.);
#4330=ORIENTED_EDGE('',*,*,#3261,.T.);
#4331=ORIENTED_EDGE('',*,*,#3262,.F.);
#4332=ORIENTED_EDGE('',*,*,#3258,.F.);
#4333=ORIENTED_EDGE('',*,*,#3089,.F.);
#4334=ORIENTED_EDGE('',*,*,#3263,.T.);
#4335=ORIENTED_EDGE('',*,*,#3264,.F.);
#4336=ORIENTED_EDGE('',*,*,#3265,.F.);
#4337=ORIENTED_EDGE('',*,*,#3260,.T.);
#4338=ORIENTED_EDGE('',*,*,#3088,.F.);
#4339=ORIENTED_EDGE('',*,*,#3087,.T.);
#4340=ORIENTED_EDGE('',*,*,#3266,.T.);
#4341=ORIENTED_EDGE('',*,*,#3267,.F.);
#4342=ORIENTED_EDGE('',*,*,#3263,.F.);
#4343=ORIENTED_EDGE('',*,*,#3086,.T.);
#4344=ORIENTED_EDGE('',*,*,#3268,.T.);
#4345=ORIENTED_EDGE('',*,*,#3269,.F.);
#4346=ORIENTED_EDGE('',*,*,#3266,.F.);
#4347=ORIENTED_EDGE('',*,*,#3085,.T.);
#4348=ORIENTED_EDGE('',*,*,#3270,.T.);
#4349=ORIENTED_EDGE('',*,*,#3271,.F.);
#4350=ORIENTED_EDGE('',*,*,#3268,.F.);
#4351=ORIENTED_EDGE('',*,*,#3084,.T.);
#4352=ORIENTED_EDGE('',*,*,#3123,.T.);
#4353=ORIENTED_EDGE('',*,*,#3272,.F.);
#4354=ORIENTED_EDGE('',*,*,#3270,.F.);
#4355=ORIENTED_EDGE('',*,*,#3079,.T.);
#4356=ORIENTED_EDGE('',*,*,#3273,.T.);
#4357=ORIENTED_EDGE('',*,*,#3274,.F.);
#4358=ORIENTED_EDGE('',*,*,#3130,.F.);
#4359=ORIENTED_EDGE('',*,*,#3078,.T.);
#4360=ORIENTED_EDGE('',*,*,#3275,.T.);
#4361=ORIENTED_EDGE('',*,*,#3276,.F.);
#4362=ORIENTED_EDGE('',*,*,#3273,.F.);
#4363=ORIENTED_EDGE('',*,*,#3277,.F.);
#4364=ORIENTED_EDGE('',*,*,#3278,.T.);
#4365=ORIENTED_EDGE('',*,*,#3279,.F.);
#4366=ORIENTED_EDGE('',*,*,#3150,.F.);
#4367=ORIENTED_EDGE('',*,*,#3280,.T.);
#4368=ORIENTED_EDGE('',*,*,#3281,.T.);
#4369=ORIENTED_EDGE('',*,*,#3282,.F.);
#4370=ORIENTED_EDGE('',*,*,#3283,.F.);
#4371=ORIENTED_EDGE('',*,*,#3280,.F.);
#4372=ORIENTED_EDGE('',*,*,#3283,.T.);
#4373=ORIENTED_EDGE('',*,*,#3284,.F.);
#4374=ORIENTED_EDGE('',*,*,#3285,.F.);
#4375=ORIENTED_EDGE('',*,*,#3286,.T.);
#4376=ORIENTED_EDGE('',*,*,#3287,.T.);
#4377=ORIENTED_EDGE('',*,*,#3288,.F.);
#4378=ORIENTED_EDGE('',*,*,#3289,.F.);
#4379=ORIENTED_EDGE('',*,*,#3286,.F.);
#4380=ORIENTED_EDGE('',*,*,#3289,.T.);
#4381=ORIENTED_EDGE('',*,*,#3290,.F.);
#4382=ORIENTED_EDGE('',*,*,#3291,.F.);
#4383=ORIENTED_EDGE('',*,*,#3292,.F.);
#4384=ORIENTED_EDGE('',*,*,#3129,.T.);
#4385=ORIENTED_EDGE('',*,*,#3293,.F.);
#4386=ORIENTED_EDGE('',*,*,#3294,.F.);
#4387=ORIENTED_EDGE('',*,*,#3292,.T.);
#4388=ORIENTED_EDGE('',*,*,#3294,.T.);
#4389=ORIENTED_EDGE('',*,*,#3295,.F.);
#4390=ORIENTED_EDGE('',*,*,#3125,.F.);
#4391=ORIENTED_EDGE('',*,*,#3296,.T.);
#4392=ORIENTED_EDGE('',*,*,#3265,.T.);
#4393=ORIENTED_EDGE('',*,*,#3297,.F.);
#4394=ORIENTED_EDGE('',*,*,#3298,.F.);
#4395=ORIENTED_EDGE('',*,*,#3296,.F.);
#4396=ORIENTED_EDGE('',*,*,#3298,.T.);
#4397=ORIENTED_EDGE('',*,*,#3299,.F.);
#4398=ORIENTED_EDGE('',*,*,#3261,.F.);
#4399=ORIENTED_EDGE('',*,*,#3300,.T.);
#4400=ORIENTED_EDGE('',*,*,#3249,.T.);
#4401=ORIENTED_EDGE('',*,*,#3301,.F.);
#4402=ORIENTED_EDGE('',*,*,#3302,.F.);
#4403=ORIENTED_EDGE('',*,*,#3300,.F.);
#4404=ORIENTED_EDGE('',*,*,#3302,.T.);
#4405=ORIENTED_EDGE('',*,*,#3303,.F.);
#4406=ORIENTED_EDGE('',*,*,#3245,.F.);
#4407=ORIENTED_EDGE('',*,*,#3304,.T.);
#4408=ORIENTED_EDGE('',*,*,#3233,.T.);
#4409=ORIENTED_EDGE('',*,*,#3305,.F.);
#4410=ORIENTED_EDGE('',*,*,#3306,.F.);
#4411=ORIENTED_EDGE('',*,*,#3304,.F.);
#4412=ORIENTED_EDGE('',*,*,#3306,.T.);
#4413=ORIENTED_EDGE('',*,*,#3307,.F.);
#4414=ORIENTED_EDGE('',*,*,#3229,.F.);
#4415=ORIENTED_EDGE('',*,*,#3308,.T.);
#4416=ORIENTED_EDGE('',*,*,#3140,.T.);
#4417=ORIENTED_EDGE('',*,*,#3309,.F.);
#4418=ORIENTED_EDGE('',*,*,#3310,.F.);
#4419=ORIENTED_EDGE('',*,*,#3308,.F.);
#4420=ORIENTED_EDGE('',*,*,#3310,.T.);
#4421=ORIENTED_EDGE('',*,*,#3311,.F.);
#4422=ORIENTED_EDGE('',*,*,#3136,.F.);
#4423=ORIENTED_EDGE('',*,*,#3312,.T.);
#4424=ORIENTED_EDGE('',*,*,#3212,.T.);
#4425=ORIENTED_EDGE('',*,*,#3313,.F.);
#4426=ORIENTED_EDGE('',*,*,#3314,.F.);
#4427=ORIENTED_EDGE('',*,*,#3312,.F.);
#4428=ORIENTED_EDGE('',*,*,#3314,.T.);
#4429=ORIENTED_EDGE('',*,*,#3315,.F.);
#4430=ORIENTED_EDGE('',*,*,#3208,.F.);
#4431=ORIENTED_EDGE('',*,*,#3316,.T.);
#4432=ORIENTED_EDGE('',*,*,#3196,.T.);
#4433=ORIENTED_EDGE('',*,*,#3317,.F.);
#4434=ORIENTED_EDGE('',*,*,#3318,.F.);
#4435=ORIENTED_EDGE('',*,*,#3316,.F.);
#4436=ORIENTED_EDGE('',*,*,#3318,.T.);
#4437=ORIENTED_EDGE('',*,*,#3319,.F.);
#4438=ORIENTED_EDGE('',*,*,#3192,.F.);
#4439=ORIENTED_EDGE('',*,*,#3320,.T.);
#4440=ORIENTED_EDGE('',*,*,#3180,.T.);
#4441=ORIENTED_EDGE('',*,*,#3321,.F.);
#4442=ORIENTED_EDGE('',*,*,#3322,.F.);
#4443=ORIENTED_EDGE('',*,*,#3320,.F.);
#4444=ORIENTED_EDGE('',*,*,#3322,.T.);
#4445=ORIENTED_EDGE('',*,*,#3323,.F.);
#4446=ORIENTED_EDGE('',*,*,#3176,.F.);
#4447=ORIENTED_EDGE('',*,*,#3324,.T.);
#4448=ORIENTED_EDGE('',*,*,#3325,.T.);
#4449=ORIENTED_EDGE('',*,*,#3326,.F.);
#4450=ORIENTED_EDGE('',*,*,#3327,.F.);
#4451=ORIENTED_EDGE('',*,*,#3324,.F.);
#4452=ORIENTED_EDGE('',*,*,#3327,.T.);
#4453=ORIENTED_EDGE('',*,*,#3328,.F.);
#4454=ORIENTED_EDGE('',*,*,#3329,.F.);
#4455=ORIENTED_EDGE('',*,*,#3330,.T.);
#4456=ORIENTED_EDGE('',*,*,#3160,.T.);
#4457=ORIENTED_EDGE('',*,*,#3331,.F.);
#4458=ORIENTED_EDGE('',*,*,#3332,.F.);
#4459=ORIENTED_EDGE('',*,*,#3330,.F.);
#4460=ORIENTED_EDGE('',*,*,#3332,.T.);
#4461=ORIENTED_EDGE('',*,*,#3333,.F.);
#4462=ORIENTED_EDGE('',*,*,#3156,.F.);
#4463=ORIENTED_EDGE('',*,*,#3334,.T.);
#4464=ORIENTED_EDGE('',*,*,#3335,.T.);
#4465=ORIENTED_EDGE('',*,*,#3336,.F.);
#4466=ORIENTED_EDGE('',*,*,#3337,.F.);
#4467=ORIENTED_EDGE('',*,*,#3334,.F.);
#4468=ORIENTED_EDGE('',*,*,#3337,.T.);
#4469=ORIENTED_EDGE('',*,*,#3338,.F.);
#4470=ORIENTED_EDGE('',*,*,#3339,.F.);
#4471=ORIENTED_EDGE('',*,*,#3340,.T.);
#4472=ORIENTED_EDGE('',*,*,#3341,.T.);
#4473=ORIENTED_EDGE('',*,*,#3342,.F.);
#4474=ORIENTED_EDGE('',*,*,#3343,.F.);
#4475=ORIENTED_EDGE('',*,*,#3340,.F.);
#4476=ORIENTED_EDGE('',*,*,#3343,.T.);
#4477=ORIENTED_EDGE('',*,*,#3344,.F.);
#4478=ORIENTED_EDGE('',*,*,#3345,.F.);
#4479=ORIENTED_EDGE('',*,*,#3346,.T.);
#4480=ORIENTED_EDGE('',*,*,#3347,.T.);
#4481=ORIENTED_EDGE('',*,*,#3348,.F.);
#4482=ORIENTED_EDGE('',*,*,#3349,.F.);
#4483=ORIENTED_EDGE('',*,*,#3346,.F.);
#4484=ORIENTED_EDGE('',*,*,#3349,.T.);
#4485=ORIENTED_EDGE('',*,*,#3350,.F.);
#4486=ORIENTED_EDGE('',*,*,#3351,.F.);
#4487=ORIENTED_EDGE('',*,*,#3277,.T.);
#4488=ORIENTED_EDGE('',*,*,#3352,.T.);
#4489=ORIENTED_EDGE('',*,*,#3353,.F.);
#4490=ORIENTED_EDGE('',*,*,#3278,.F.);
#4491=ORIENTED_EDGE('',*,*,#3353,.T.);
#4492=ORIENTED_EDGE('',*,*,#3354,.T.);
#4493=ORIENTED_EDGE('',*,*,#3355,.T.);
#4494=ORIENTED_EDGE('',*,*,#3356,.T.);
#4495=ORIENTED_EDGE('',*,*,#3357,.T.);
#4496=ORIENTED_EDGE('',*,*,#3358,.T.);
#4497=ORIENTED_EDGE('',*,*,#3359,.T.);
#4498=ORIENTED_EDGE('',*,*,#3360,.T.);
#4499=ORIENTED_EDGE('',*,*,#3350,.T.);
#4500=ORIENTED_EDGE('',*,*,#3348,.T.);
#4501=ORIENTED_EDGE('',*,*,#3361,.T.);
#4502=ORIENTED_EDGE('',*,*,#3144,.T.);
#4503=ORIENTED_EDGE('',*,*,#3362,.T.);
#4504=ORIENTED_EDGE('',*,*,#3363,.T.);
#4505=ORIENTED_EDGE('',*,*,#3364,.T.);
#4506=ORIENTED_EDGE('',*,*,#3365,.T.);
#4507=ORIENTED_EDGE('',*,*,#3366,.T.);
#4508=ORIENTED_EDGE('',*,*,#3344,.T.);
#4509=ORIENTED_EDGE('',*,*,#3342,.T.);
#4510=ORIENTED_EDGE('',*,*,#3367,.T.);
#4511=ORIENTED_EDGE('',*,*,#3368,.T.);
#4512=ORIENTED_EDGE('',*,*,#3369,.T.);
#4513=ORIENTED_EDGE('',*,*,#3370,.T.);
#4514=ORIENTED_EDGE('',*,*,#3371,.T.);
#4515=ORIENTED_EDGE('',*,*,#3372,.T.);
#4516=ORIENTED_EDGE('',*,*,#3373,.T.);
#4517=ORIENTED_EDGE('',*,*,#3338,.T.);
#4518=ORIENTED_EDGE('',*,*,#3336,.T.);
#4519=ORIENTED_EDGE('',*,*,#3374,.T.);
#4520=ORIENTED_EDGE('',*,*,#3375,.T.);
#4521=ORIENTED_EDGE('',*,*,#3376,.T.);
#4522=ORIENTED_EDGE('',*,*,#3377,.T.);
#4523=ORIENTED_EDGE('',*,*,#3378,.T.);
#4524=ORIENTED_EDGE('',*,*,#3153,.T.);
#4525=ORIENTED_EDGE('',*,*,#3157,.T.);
#4526=ORIENTED_EDGE('',*,*,#3333,.T.);
#4527=ORIENTED_EDGE('',*,*,#3331,.T.);
#4528=ORIENTED_EDGE('',*,*,#3159,.T.);
#4529=ORIENTED_EDGE('',*,*,#3162,.T.);
#4530=ORIENTED_EDGE('',*,*,#3379,.T.);
#4531=ORIENTED_EDGE('',*,*,#3380,.T.);
#4532=ORIENTED_EDGE('',*,*,#3381,.T.);
#4533=ORIENTED_EDGE('',*,*,#3164,.T.);
#4534=ORIENTED_EDGE('',*,*,#3382,.T.);
#4535=ORIENTED_EDGE('',*,*,#3328,.T.);
#4536=ORIENTED_EDGE('',*,*,#3326,.T.);
#4537=ORIENTED_EDGE('',*,*,#3383,.T.);
#4538=ORIENTED_EDGE('',*,*,#3384,.T.);
#4539=ORIENTED_EDGE('',*,*,#3167,.T.);
#4540=ORIENTED_EDGE('',*,*,#3170,.T.);
#4541=ORIENTED_EDGE('',*,*,#3172,.T.);
#4542=ORIENTED_EDGE('',*,*,#3174,.T.);
#4543=ORIENTED_EDGE('',*,*,#3177,.T.);
#4544=ORIENTED_EDGE('',*,*,#3323,.T.);
#4545=ORIENTED_EDGE('',*,*,#3321,.T.);
#4546=ORIENTED_EDGE('',*,*,#3179,.T.);
#4547=ORIENTED_EDGE('',*,*,#3182,.T.);
#4548=ORIENTED_EDGE('',*,*,#3184,.T.);
#4549=ORIENTED_EDGE('',*,*,#3186,.T.);
#4550=ORIENTED_EDGE('',*,*,#3188,.T.);
#4551=ORIENTED_EDGE('',*,*,#3190,.T.);
#4552=ORIENTED_EDGE('',*,*,#3193,.T.);
#4553=ORIENTED_EDGE('',*,*,#3319,.T.);
#4554=ORIENTED_EDGE('',*,*,#3317,.T.);
#4555=ORIENTED_EDGE('',*,*,#3195,.T.);
#4556=ORIENTED_EDGE('',*,*,#3198,.T.);
#4557=ORIENTED_EDGE('',*,*,#3200,.T.);
#4558=ORIENTED_EDGE('',*,*,#3202,.T.);
#4559=ORIENTED_EDGE('',*,*,#3204,.T.);
#4560=ORIENTED_EDGE('',*,*,#3206,.T.);
#4561=ORIENTED_EDGE('',*,*,#3209,.T.);
#4562=ORIENTED_EDGE('',*,*,#3315,.T.);
#4563=ORIENTED_EDGE('',*,*,#3313,.T.);
#4564=ORIENTED_EDGE('',*,*,#3211,.T.);
#4565=ORIENTED_EDGE('',*,*,#3214,.T.);
#4566=ORIENTED_EDGE('',*,*,#3216,.T.);
#4567=ORIENTED_EDGE('',*,*,#3218,.T.);
#4568=ORIENTED_EDGE('',*,*,#3219,.T.);
#4569=ORIENTED_EDGE('',*,*,#3133,.T.);
#4570=ORIENTED_EDGE('',*,*,#3137,.T.);
#4571=ORIENTED_EDGE('',*,*,#3311,.T.);
#4572=ORIENTED_EDGE('',*,*,#3309,.T.);
#4573=ORIENTED_EDGE('',*,*,#3139,.T.);
#4574=ORIENTED_EDGE('',*,*,#3142,.T.);
#4575=ORIENTED_EDGE('',*,*,#3221,.T.);
#4576=ORIENTED_EDGE('',*,*,#3223,.T.);
#4577=ORIENTED_EDGE('',*,*,#3225,.T.);
#4578=ORIENTED_EDGE('',*,*,#3227,.T.);
#4579=ORIENTED_EDGE('',*,*,#3230,.T.);
#4580=ORIENTED_EDGE('',*,*,#3307,.T.);
#4581=ORIENTED_EDGE('',*,*,#3305,.T.);
#4582=ORIENTED_EDGE('',*,*,#3232,.T.);
#4583=ORIENTED_EDGE('',*,*,#3235,.T.);
#4584=ORIENTED_EDGE('',*,*,#3237,.T.);
#4585=ORIENTED_EDGE('',*,*,#3239,.T.);
#4586=ORIENTED_EDGE('',*,*,#3241,.T.);
#4587=ORIENTED_EDGE('',*,*,#3243,.T.);
#4588=ORIENTED_EDGE('',*,*,#3246,.T.);
#4589=ORIENTED_EDGE('',*,*,#3303,.T.);
#4590=ORIENTED_EDGE('',*,*,#3301,.T.);
#4591=ORIENTED_EDGE('',*,*,#3248,.T.);
#4592=ORIENTED_EDGE('',*,*,#3251,.T.);
#4593=ORIENTED_EDGE('',*,*,#3253,.T.);
#4594=ORIENTED_EDGE('',*,*,#3255,.T.);
#4595=ORIENTED_EDGE('',*,*,#3257,.T.);
#4596=ORIENTED_EDGE('',*,*,#3259,.T.);
#4597=ORIENTED_EDGE('',*,*,#3262,.T.);
#4598=ORIENTED_EDGE('',*,*,#3299,.T.);
#4599=ORIENTED_EDGE('',*,*,#3297,.T.);
#4600=ORIENTED_EDGE('',*,*,#3264,.T.);
#4601=ORIENTED_EDGE('',*,*,#3267,.T.);
#4602=ORIENTED_EDGE('',*,*,#3269,.T.);
#4603=ORIENTED_EDGE('',*,*,#3271,.T.);
#4604=ORIENTED_EDGE('',*,*,#3272,.T.);
#4605=ORIENTED_EDGE('',*,*,#3122,.T.);
#4606=ORIENTED_EDGE('',*,*,#3126,.T.);
#4607=ORIENTED_EDGE('',*,*,#3295,.T.);
#4608=ORIENTED_EDGE('',*,*,#3293,.T.);
#4609=ORIENTED_EDGE('',*,*,#3128,.T.);
#4610=ORIENTED_EDGE('',*,*,#3131,.T.);
#4611=ORIENTED_EDGE('',*,*,#3274,.T.);
#4612=ORIENTED_EDGE('',*,*,#3276,.T.);
#4613=ORIENTED_EDGE('',*,*,#3385,.T.);
#4614=ORIENTED_EDGE('',*,*,#3386,.T.);
#4615=ORIENTED_EDGE('',*,*,#3387,.T.);
#4616=ORIENTED_EDGE('',*,*,#3290,.T.);
#4617=ORIENTED_EDGE('',*,*,#3288,.T.);
#4618=ORIENTED_EDGE('',*,*,#3388,.T.);
#4619=ORIENTED_EDGE('',*,*,#3389,.T.);
#4620=ORIENTED_EDGE('',*,*,#3390,.T.);
#4621=ORIENTED_EDGE('',*,*,#3391,.T.);
#4622=ORIENTED_EDGE('',*,*,#3392,.T.);
#4623=ORIENTED_EDGE('',*,*,#3393,.T.);
#4624=ORIENTED_EDGE('',*,*,#3394,.T.);
#4625=ORIENTED_EDGE('',*,*,#3284,.T.);
#4626=ORIENTED_EDGE('',*,*,#3282,.T.);
#4627=ORIENTED_EDGE('',*,*,#3395,.T.);
#4628=ORIENTED_EDGE('',*,*,#3396,.T.);
#4629=ORIENTED_EDGE('',*,*,#3397,.T.);
#4630=ORIENTED_EDGE('',*,*,#3398,.T.);
#4631=ORIENTED_EDGE('',*,*,#3399,.T.);
#4632=ORIENTED_EDGE('',*,*,#3147,.T.);
#4633=ORIENTED_EDGE('',*,*,#3151,.T.);
#4634=ORIENTED_EDGE('',*,*,#3279,.T.);
#4635=ORIENTED_EDGE('',*,*,#3105,.T.);
#4636=ORIENTED_EDGE('',*,*,#3072,.T.);
#4637=ORIENTED_EDGE('',*,*,#3400,.T.);
#4638=ORIENTED_EDGE('',*,*,#3390,.F.);
#4639=ORIENTED_EDGE('',*,*,#3401,.F.);
#4640=ORIENTED_EDGE('',*,*,#3074,.T.);
#4641=ORIENTED_EDGE('',*,*,#3402,.T.);
#4642=ORIENTED_EDGE('',*,*,#3388,.F.);
#4643=ORIENTED_EDGE('',*,*,#3287,.F.);
#4644=ORIENTED_EDGE('',*,*,#3403,.T.);
#4645=ORIENTED_EDGE('',*,*,#3065,.T.);
#4646=ORIENTED_EDGE('',*,*,#3404,.T.);
#4647=ORIENTED_EDGE('',*,*,#3397,.F.);
#4648=ORIENTED_EDGE('',*,*,#3405,.F.);
#4649=ORIENTED_EDGE('',*,*,#3067,.T.);
#4650=ORIENTED_EDGE('',*,*,#3406,.T.);
#4651=ORIENTED_EDGE('',*,*,#3395,.F.);
#4652=ORIENTED_EDGE('',*,*,#3281,.F.);
#4653=ORIENTED_EDGE('',*,*,#3407,.T.);
#4654=ORIENTED_EDGE('',*,*,#3408,.F.);
#4655=ORIENTED_EDGE('',*,*,#3351,.T.);
#4656=ORIENTED_EDGE('',*,*,#3360,.F.);
#4657=ORIENTED_EDGE('',*,*,#3409,.F.);
#4658=ORIENTED_EDGE('',*,*,#3054,.F.);
#4659=ORIENTED_EDGE('',*,*,#3056,.T.);
#4660=ORIENTED_EDGE('',*,*,#3410,.T.);
#4661=ORIENTED_EDGE('',*,*,#3358,.F.);
#4662=ORIENTED_EDGE('',*,*,#3411,.F.);
#4663=ORIENTED_EDGE('',*,*,#3058,.T.);
#4664=ORIENTED_EDGE('',*,*,#3412,.T.);
#4665=ORIENTED_EDGE('',*,*,#3356,.F.);
#4666=ORIENTED_EDGE('',*,*,#3413,.F.);
#4667=ORIENTED_EDGE('',*,*,#3414,.T.);
#4668=ORIENTED_EDGE('',*,*,#3354,.F.);
#4669=ORIENTED_EDGE('',*,*,#3352,.F.);
#4670=ORIENTED_EDGE('',*,*,#3149,.T.);
#4671=ORIENTED_EDGE('',*,*,#3060,.F.);
#4672=ORIENTED_EDGE('',*,*,#3047,.T.);
#4673=ORIENTED_EDGE('',*,*,#3415,.F.);
#4674=ORIENTED_EDGE('',*,*,#3345,.T.);
#4675=ORIENTED_EDGE('',*,*,#3366,.F.);
#4676=ORIENTED_EDGE('',*,*,#3416,.F.);
#4677=ORIENTED_EDGE('',*,*,#3049,.T.);
#4678=ORIENTED_EDGE('',*,*,#3417,.T.);
#4679=ORIENTED_EDGE('',*,*,#3364,.F.);
#4680=ORIENTED_EDGE('',*,*,#3418,.F.);
#4681=ORIENTED_EDGE('',*,*,#3040,.T.);
#4682=ORIENTED_EDGE('',*,*,#3419,.F.);
#4683=ORIENTED_EDGE('',*,*,#3339,.T.);
#4684=ORIENTED_EDGE('',*,*,#3373,.F.);
#4685=ORIENTED_EDGE('',*,*,#3420,.F.);
#4686=ORIENTED_EDGE('',*,*,#3042,.T.);
#4687=ORIENTED_EDGE('',*,*,#3421,.T.);
#4688=ORIENTED_EDGE('',*,*,#3371,.F.);
#4689=ORIENTED_EDGE('',*,*,#3422,.F.);
#4690=ORIENTED_EDGE('',*,*,#3035,.T.);
#4691=ORIENTED_EDGE('',*,*,#3154,.T.);
#4692=ORIENTED_EDGE('',*,*,#3378,.F.);
#4693=ORIENTED_EDGE('',*,*,#3423,.F.);
#4694=ORIENTED_EDGE('',*,*,#3424,.F.);
#4695=ORIENTED_EDGE('',*,*,#3329,.T.);
#4696=ORIENTED_EDGE('',*,*,#3382,.F.);
#4697=ORIENTED_EDGE('',*,*,#3163,.F.);
#4698=ORIENTED_EDGE('',*,*,#3026,.F.);
#4699=ORIENTED_EDGE('',*,*,#3028,.T.);
#4700=ORIENTED_EDGE('',*,*,#3165,.T.);
#4701=ORIENTED_EDGE('',*,*,#3381,.F.);
#4702=ORIENTED_EDGE('',*,*,#3425,.F.);
#4703=ORIENTED_EDGE('',*,*,#3030,.T.);
#4704=ORIENTED_EDGE('',*,*,#3426,.T.);
#4705=ORIENTED_EDGE('',*,*,#3379,.F.);
#4706=ORIENTED_EDGE('',*,*,#3161,.F.);
#4707=ORIENTED_EDGE('',*,*,#3427,.T.);
#4708=ORIENTED_EDGE('',*,*,#3383,.F.);
#4709=ORIENTED_EDGE('',*,*,#3325,.F.);
#4710=ORIENTED_EDGE('',*,*,#3424,.T.);
#4711=ORIENTED_EDGE('',*,*,#3025,.F.);
#4712=ORIENTED_EDGE('',*,*,#3076,.T.);
#4713=ORIENTED_EDGE('',*,*,#3428,.T.);
#4714=ORIENTED_EDGE('',*,*,#3386,.F.);
#4715=ORIENTED_EDGE('',*,*,#3429,.F.);
#4716=ORIENTED_EDGE('',*,*,#3071,.T.);
#4717=ORIENTED_EDGE('',*,*,#3430,.T.);
#4718=ORIENTED_EDGE('',*,*,#3391,.F.);
#4719=ORIENTED_EDGE('',*,*,#3400,.F.);
#4720=ORIENTED_EDGE('',*,*,#3073,.T.);
#4721=ORIENTED_EDGE('',*,*,#3401,.T.);
#4722=ORIENTED_EDGE('',*,*,#3389,.F.);
#4723=ORIENTED_EDGE('',*,*,#3402,.F.);
#4724=ORIENTED_EDGE('',*,*,#3069,.T.);
#4725=ORIENTED_EDGE('',*,*,#3431,.T.);
#4726=ORIENTED_EDGE('',*,*,#3393,.F.);
#4727=ORIENTED_EDGE('',*,*,#3432,.F.);
#4728=ORIENTED_EDGE('',*,*,#3064,.T.);
#4729=ORIENTED_EDGE('',*,*,#3433,.T.);
#4730=ORIENTED_EDGE('',*,*,#3398,.F.);
#4731=ORIENTED_EDGE('',*,*,#3404,.F.);
#4732=ORIENTED_EDGE('',*,*,#3066,.T.);
#4733=ORIENTED_EDGE('',*,*,#3405,.T.);
#4734=ORIENTED_EDGE('',*,*,#3396,.F.);
#4735=ORIENTED_EDGE('',*,*,#3406,.F.);
#4736=ORIENTED_EDGE('',*,*,#3057,.T.);
#4737=ORIENTED_EDGE('',*,*,#3411,.T.);
#4738=ORIENTED_EDGE('',*,*,#3357,.F.);
#4739=ORIENTED_EDGE('',*,*,#3412,.F.);
#4740=ORIENTED_EDGE('',*,*,#3059,.T.);
#4741=ORIENTED_EDGE('',*,*,#3413,.T.);
#4742=ORIENTED_EDGE('',*,*,#3355,.F.);
#4743=ORIENTED_EDGE('',*,*,#3414,.F.);
#4744=ORIENTED_EDGE('',*,*,#3409,.T.);
#4745=ORIENTED_EDGE('',*,*,#3359,.F.);
#4746=ORIENTED_EDGE('',*,*,#3410,.F.);
#4747=ORIENTED_EDGE('',*,*,#3055,.T.);
#4748=ORIENTED_EDGE('',*,*,#3050,.T.);
#4749=ORIENTED_EDGE('',*,*,#3418,.T.);
#4750=ORIENTED_EDGE('',*,*,#3363,.F.);
#4751=ORIENTED_EDGE('',*,*,#3434,.F.);
#4752=ORIENTED_EDGE('',*,*,#3048,.T.);
#4753=ORIENTED_EDGE('',*,*,#3416,.T.);
#4754=ORIENTED_EDGE('',*,*,#3365,.F.);
#4755=ORIENTED_EDGE('',*,*,#3417,.F.);
#4756=ORIENTED_EDGE('',*,*,#3043,.T.);
#4757=ORIENTED_EDGE('',*,*,#3422,.T.);
#4758=ORIENTED_EDGE('',*,*,#3370,.F.);
#4759=ORIENTED_EDGE('',*,*,#3435,.F.);
#4760=ORIENTED_EDGE('',*,*,#3045,.T.);
#4761=ORIENTED_EDGE('',*,*,#3436,.T.);
#4762=ORIENTED_EDGE('',*,*,#3368,.F.);
#4763=ORIENTED_EDGE('',*,*,#3437,.T.);
#4764=ORIENTED_EDGE('',*,*,#3041,.T.);
#4765=ORIENTED_EDGE('',*,*,#3420,.T.);
#4766=ORIENTED_EDGE('',*,*,#3372,.F.);
#4767=ORIENTED_EDGE('',*,*,#3421,.F.);
#4768=ORIENTED_EDGE('',*,*,#3036,.T.);
#4769=ORIENTED_EDGE('',*,*,#3423,.T.);
#4770=ORIENTED_EDGE('',*,*,#3377,.F.);
#4771=ORIENTED_EDGE('',*,*,#3438,.F.);
#4772=ORIENTED_EDGE('',*,*,#3038,.T.);
#4773=ORIENTED_EDGE('',*,*,#3439,.T.);
#4774=ORIENTED_EDGE('',*,*,#3375,.F.);
#4775=ORIENTED_EDGE('',*,*,#3440,.T.);
#4776=ORIENTED_EDGE('',*,*,#3029,.T.);
#4777=ORIENTED_EDGE('',*,*,#3425,.T.);
#4778=ORIENTED_EDGE('',*,*,#3380,.F.);
#4779=ORIENTED_EDGE('',*,*,#3426,.F.);
#4780=ORIENTED_EDGE('',*,*,#3024,.T.);
#4781=ORIENTED_EDGE('',*,*,#3168,.T.);
#4782=ORIENTED_EDGE('',*,*,#3384,.F.);
#4783=ORIENTED_EDGE('',*,*,#3427,.F.);
#4784=ORIENTED_EDGE('',*,*,#3039,.T.);
#4785=ORIENTED_EDGE('',*,*,#3440,.F.);
#4786=ORIENTED_EDGE('',*,*,#3374,.F.);
#4787=ORIENTED_EDGE('',*,*,#3335,.F.);
#4788=ORIENTED_EDGE('',*,*,#3419,.T.);
#4789=ORIENTED_EDGE('',*,*,#3037,.T.);
#4790=ORIENTED_EDGE('',*,*,#3438,.T.);
#4791=ORIENTED_EDGE('',*,*,#3376,.F.);
#4792=ORIENTED_EDGE('',*,*,#3439,.F.);
#4793=ORIENTED_EDGE('',*,*,#3046,.T.);
#4794=ORIENTED_EDGE('',*,*,#3437,.F.);
#4795=ORIENTED_EDGE('',*,*,#3367,.F.);
#4796=ORIENTED_EDGE('',*,*,#3341,.F.);
#4797=ORIENTED_EDGE('',*,*,#3415,.T.);
#4798=ORIENTED_EDGE('',*,*,#3044,.T.);
#4799=ORIENTED_EDGE('',*,*,#3435,.T.);
#4800=ORIENTED_EDGE('',*,*,#3369,.F.);
#4801=ORIENTED_EDGE('',*,*,#3436,.F.);
#4802=ORIENTED_EDGE('',*,*,#3145,.F.);
#4803=ORIENTED_EDGE('',*,*,#3361,.F.);
#4804=ORIENTED_EDGE('',*,*,#3347,.F.);
#4805=ORIENTED_EDGE('',*,*,#3408,.T.);
#4806=ORIENTED_EDGE('',*,*,#3053,.F.);
#4807=ORIENTED_EDGE('',*,*,#3051,.T.);
#4808=ORIENTED_EDGE('',*,*,#3434,.T.);
#4809=ORIENTED_EDGE('',*,*,#3362,.F.);
#4810=ORIENTED_EDGE('',*,*,#3143,.F.);
#4811=ORIENTED_EDGE('',*,*,#3063,.T.);
#4812=ORIENTED_EDGE('',*,*,#3148,.T.);
#4813=ORIENTED_EDGE('',*,*,#3399,.F.);
#4814=ORIENTED_EDGE('',*,*,#3433,.F.);
#4815=ORIENTED_EDGE('',*,*,#3070,.T.);
#4816=ORIENTED_EDGE('',*,*,#3432,.T.);
#4817=ORIENTED_EDGE('',*,*,#3392,.F.);
#4818=ORIENTED_EDGE('',*,*,#3430,.F.);
#4819=ORIENTED_EDGE('',*,*,#3068,.T.);
#4820=ORIENTED_EDGE('',*,*,#3407,.F.);
#4821=ORIENTED_EDGE('',*,*,#3285,.T.);
#4822=ORIENTED_EDGE('',*,*,#3394,.F.);
#4823=ORIENTED_EDGE('',*,*,#3431,.F.);
#4824=ORIENTED_EDGE('',*,*,#3077,.T.);
#4825=ORIENTED_EDGE('',*,*,#3429,.T.);
#4826=ORIENTED_EDGE('',*,*,#3385,.F.);
#4827=ORIENTED_EDGE('',*,*,#3275,.F.);
#4828=ORIENTED_EDGE('',*,*,#3075,.T.);
#4829=ORIENTED_EDGE('',*,*,#3403,.F.);
#4830=ORIENTED_EDGE('',*,*,#3291,.T.);
#4831=ORIENTED_EDGE('',*,*,#3387,.F.);
#4832=ORIENTED_EDGE('',*,*,#3428,.F.);
#4833=ORIENTED_EDGE('',*,*,#3441,.F.);
#4834=ORIENTED_EDGE('',*,*,#3442,.T.);
#4835=ORIENTED_EDGE('',*,*,#3443,.F.);
#4836=ORIENTED_EDGE('',*,*,#3444,.F.);
#4837=ORIENTED_EDGE('',*,*,#3445,.T.);
#4838=ORIENTED_EDGE('',*,*,#3446,.F.);
#4839=ORIENTED_EDGE('',*,*,#3447,.T.);
#4840=ORIENTED_EDGE('',*,*,#3443,.T.);
#4841=ORIENTED_EDGE('',*,*,#3446,.T.);
#4842=ORIENTED_EDGE('',*,*,#3448,.F.);
#4843=ORIENTED_EDGE('',*,*,#3449,.F.);
#4844=ORIENTED_EDGE('',*,*,#3450,.F.);
#4845=ORIENTED_EDGE('',*,*,#3451,.F.);
#4846=ORIENTED_EDGE('',*,*,#3452,.T.);
#4847=ORIENTED_EDGE('',*,*,#3453,.F.);
#4848=ORIENTED_EDGE('',*,*,#3454,.F.);
#4849=ORIENTED_EDGE('',*,*,#3455,.T.);
#4850=ORIENTED_EDGE('',*,*,#3456,.F.);
#4851=ORIENTED_EDGE('',*,*,#3457,.T.);
#4852=ORIENTED_EDGE('',*,*,#3453,.T.);
#4853=ORIENTED_EDGE('',*,*,#3456,.T.);
#4854=ORIENTED_EDGE('',*,*,#3458,.F.);
#4855=ORIENTED_EDGE('',*,*,#3459,.F.);
#4856=ORIENTED_EDGE('',*,*,#3460,.F.);
#4857=ORIENTED_EDGE('',*,*,#3461,.T.);
#4858=ORIENTED_EDGE('',*,*,#3462,.T.);
#4859=ORIENTED_EDGE('',*,*,#3463,.T.);
#4860=ORIENTED_EDGE('',*,*,#3464,.T.);
#4861=ORIENTED_EDGE('',*,*,#3461,.F.);
#4862=ORIENTED_EDGE('',*,*,#3465,.T.);
#4863=ORIENTED_EDGE('',*,*,#3466,.T.);
#4864=ORIENTED_EDGE('',*,*,#3467,.F.);
#4865=ORIENTED_EDGE('',*,*,#3468,.F.);
#4866=ORIENTED_EDGE('',*,*,#3469,.F.);
#4867=ORIENTED_EDGE('',*,*,#3470,.T.);
#4868=ORIENTED_EDGE('',*,*,#3448,.T.);
#4869=ORIENTED_EDGE('',*,*,#3445,.F.);
#4870=ORIENTED_EDGE('',*,*,#3442,.F.);
#4871=ORIENTED_EDGE('',*,*,#3471,.F.);
#4872=ORIENTED_EDGE('',*,*,#3464,.F.);
#4873=ORIENTED_EDGE('',*,*,#3472,.T.);
#4874=ORIENTED_EDGE('',*,*,#3473,.T.);
#4875=ORIENTED_EDGE('',*,*,#3465,.F.);
#4876=ORIENTED_EDGE('',*,*,#3462,.F.);
#4877=ORIENTED_EDGE('',*,*,#3471,.T.);
#4878=ORIENTED_EDGE('',*,*,#3441,.T.);
#4879=ORIENTED_EDGE('',*,*,#3474,.T.);
#4880=ORIENTED_EDGE('',*,*,#3463,.F.);
#4881=ORIENTED_EDGE('',*,*,#3474,.F.);
#4882=ORIENTED_EDGE('',*,*,#3444,.T.);
#4883=ORIENTED_EDGE('',*,*,#3447,.F.);
#4884=ORIENTED_EDGE('',*,*,#3450,.T.);
#4885=ORIENTED_EDGE('',*,*,#3475,.T.);
#4886=ORIENTED_EDGE('',*,*,#3458,.T.);
#4887=ORIENTED_EDGE('',*,*,#3455,.F.);
#4888=ORIENTED_EDGE('',*,*,#3452,.F.);
#4889=ORIENTED_EDGE('',*,*,#3476,.F.);
#4890=ORIENTED_EDGE('',*,*,#3477,.F.);
#4891=ORIENTED_EDGE('',*,*,#3478,.F.);
#4892=ORIENTED_EDGE('',*,*,#3479,.T.);
#4893=ORIENTED_EDGE('',*,*,#3480,.F.);
#4894=ORIENTED_EDGE('',*,*,#3481,.F.);
#4895=ORIENTED_EDGE('',*,*,#3482,.F.);
#4896=ORIENTED_EDGE('',*,*,#3483,.T.);
#4897=ORIENTED_EDGE('',*,*,#3472,.F.);
#4898=ORIENTED_EDGE('',*,*,#3477,.T.);
#4899=ORIENTED_EDGE('',*,*,#3484,.T.);
#4900=ORIENTED_EDGE('',*,*,#3485,.T.);
#4901=ORIENTED_EDGE('',*,*,#3486,.T.);
#4902=ORIENTED_EDGE('',*,*,#3486,.F.);
#4903=ORIENTED_EDGE('',*,*,#3487,.T.);
#4904=ORIENTED_EDGE('',*,*,#3488,.T.);
#4905=ORIENTED_EDGE('',*,*,#3478,.T.);
#4906=ORIENTED_EDGE('',*,*,#3484,.F.);
#4907=ORIENTED_EDGE('',*,*,#3476,.T.);
#4908=ORIENTED_EDGE('',*,*,#3451,.T.);
#4909=ORIENTED_EDGE('',*,*,#3489,.T.);
#4910=ORIENTED_EDGE('',*,*,#3485,.F.);
#4911=ORIENTED_EDGE('',*,*,#3489,.F.);
#4912=ORIENTED_EDGE('',*,*,#3454,.T.);
#4913=ORIENTED_EDGE('',*,*,#3457,.F.);
#4914=ORIENTED_EDGE('',*,*,#3460,.T.);
#4915=ORIENTED_EDGE('',*,*,#3490,.T.);
#4916=ORIENTED_EDGE('',*,*,#3491,.F.);
#4917=ORIENTED_EDGE('',*,*,#3492,.F.);
#4918=ORIENTED_EDGE('',*,*,#3493,.F.);
#4919=ORIENTED_EDGE('',*,*,#3494,.T.);
#4920=ORIENTED_EDGE('',*,*,#3487,.F.);
#4921=ORIENTED_EDGE('',*,*,#3482,.T.);
#4922=ORIENTED_EDGE('',*,*,#3495,.T.);
#4923=ORIENTED_EDGE('',*,*,#3467,.T.);
#4924=ORIENTED_EDGE('',*,*,#3496,.T.);
#4925=ORIENTED_EDGE('',*,*,#3483,.F.);
#4926=ORIENTED_EDGE('',*,*,#3496,.F.);
#4927=ORIENTED_EDGE('',*,*,#3466,.F.);
#4928=ORIENTED_EDGE('',*,*,#3473,.F.);
#4929=ORIENTED_EDGE('',*,*,#3495,.F.);
#4930=ORIENTED_EDGE('',*,*,#3481,.T.);
#4931=ORIENTED_EDGE('',*,*,#3497,.F.);
#4932=ORIENTED_EDGE('',*,*,#3492,.T.);
#4933=ORIENTED_EDGE('',*,*,#3498,.T.);
#4934=ORIENTED_EDGE('',*,*,#3499,.T.);
#4935=ORIENTED_EDGE('',*,*,#3500,.T.);
#4936=ORIENTED_EDGE('',*,*,#3468,.T.);
#4937=ORIENTED_EDGE('',*,*,#3501,.T.);
#4938=ORIENTED_EDGE('',*,*,#3502,.T.);
#4939=ORIENTED_EDGE('',*,*,#3493,.T.);
#4940=ORIENTED_EDGE('',*,*,#3497,.T.);
#4941=ORIENTED_EDGE('',*,*,#3480,.T.);
#4942=ORIENTED_EDGE('',*,*,#3503,.T.);
#4943=ORIENTED_EDGE('',*,*,#3503,.F.);
#4944=ORIENTED_EDGE('',*,*,#3479,.F.);
#4945=ORIENTED_EDGE('',*,*,#3488,.F.);
#4946=ORIENTED_EDGE('',*,*,#3494,.F.);
#4947=ORIENTED_EDGE('',*,*,#3498,.F.);
#4948=ORIENTED_EDGE('',*,*,#3491,.T.);
#4949=ORIENTED_EDGE('',*,*,#3504,.F.);
#4950=ORIENTED_EDGE('',*,*,#3505,.F.);
#4951=ORIENTED_EDGE('',*,*,#3505,.T.);
#4952=ORIENTED_EDGE('',*,*,#3506,.T.);
#4953=ORIENTED_EDGE('',*,*,#3507,.T.);
#4954=ORIENTED_EDGE('',*,*,#3499,.F.);
#4955=ORIENTED_EDGE('',*,*,#3504,.T.);
#4956=ORIENTED_EDGE('',*,*,#3490,.F.);
#4957=ORIENTED_EDGE('',*,*,#3459,.T.);
#4958=ORIENTED_EDGE('',*,*,#3475,.F.);
#4959=ORIENTED_EDGE('',*,*,#3449,.T.);
#4960=ORIENTED_EDGE('',*,*,#3470,.F.);
#4961=ORIENTED_EDGE('',*,*,#3508,.T.);
#4962=ORIENTED_EDGE('',*,*,#3506,.F.);
#4963=ORIENTED_EDGE('',*,*,#3509,.T.);
#4964=ORIENTED_EDGE('',*,*,#3510,.T.);
#4965=ORIENTED_EDGE('',*,*,#3500,.F.);
#4966=ORIENTED_EDGE('',*,*,#3507,.F.);
#4967=ORIENTED_EDGE('',*,*,#3508,.F.);
#4968=ORIENTED_EDGE('',*,*,#3469,.T.);
#4969=ORIENTED_EDGE('',*,*,#3510,.F.);
#4970=ORIENTED_EDGE('',*,*,#3511,.T.);
#4971=ORIENTED_EDGE('',*,*,#3512,.T.);
#4972=ORIENTED_EDGE('',*,*,#3511,.F.);
#4973=ORIENTED_EDGE('',*,*,#3512,.F.);
#4974=ORIENTED_EDGE('',*,*,#3513,.F.);
#4975=ORIENTED_EDGE('',*,*,#3509,.F.);
#4976=ORIENTED_EDGE('',*,*,#3514,.T.);
#4977=ORIENTED_EDGE('',*,*,#3515,.T.);
#4978=ORIENTED_EDGE('',*,*,#3514,.F.);
#4979=ORIENTED_EDGE('',*,*,#3515,.F.);
#4980=ORIENTED_EDGE('',*,*,#3516,.F.);
#4981=ORIENTED_EDGE('',*,*,#3501,.F.);
#4982=ORIENTED_EDGE('',*,*,#3517,.T.);
#4983=ORIENTED_EDGE('',*,*,#3516,.T.);
#4984=ORIENTED_EDGE('',*,*,#3517,.F.);
#4985=ORIENTED_EDGE('',*,*,#3502,.F.);
#4986=ORIENTED_EDGE('',*,*,#3518,.T.);
#4987=ORIENTED_EDGE('',*,*,#3513,.T.);
#4988=ORIENTED_EDGE('',*,*,#3518,.F.);
#4989=ORIENTED_EDGE('',*,*,#3519,.F.);
#4990=ORIENTED_EDGE('',*,*,#3520,.F.);
#4991=ORIENTED_EDGE('',*,*,#3521,.F.);
#4992=ORIENTED_EDGE('',*,*,#3522,.F.);
#4993=ORIENTED_EDGE('',*,*,#3523,.T.);
#4994=ORIENTED_EDGE('',*,*,#3522,.T.);
#4995=ORIENTED_EDGE('',*,*,#3524,.F.);
#4996=ORIENTED_EDGE('',*,*,#3525,.F.);
#4997=ORIENTED_EDGE('',*,*,#3526,.T.);
#4998=ORIENTED_EDGE('',*,*,#3527,.F.);
#4999=ORIENTED_EDGE('',*,*,#3528,.T.);
#5000=ORIENTED_EDGE('',*,*,#3529,.F.);
#5001=ORIENTED_EDGE('',*,*,#3530,.F.);
#5002=ORIENTED_EDGE('',*,*,#3531,.F.);
#5003=ORIENTED_EDGE('',*,*,#3532,.T.);
#5004=ORIENTED_EDGE('',*,*,#3533,.T.);
#5005=ORIENTED_EDGE('',*,*,#3534,.T.);
#5006=ORIENTED_EDGE('',*,*,#3535,.F.);
#5007=ORIENTED_EDGE('',*,*,#3536,.T.);
#5008=ORIENTED_EDGE('',*,*,#3537,.F.);
#5009=ORIENTED_EDGE('',*,*,#3538,.T.);
#5010=ORIENTED_EDGE('',*,*,#3539,.F.);
#5011=ORIENTED_EDGE('',*,*,#3540,.T.);
#5012=ORIENTED_EDGE('',*,*,#3541,.F.);
#5013=ORIENTED_EDGE('',*,*,#3542,.T.);
#5014=ORIENTED_EDGE('',*,*,#3543,.F.);
#5015=ORIENTED_EDGE('',*,*,#3544,.T.);
#5016=ORIENTED_EDGE('',*,*,#3545,.F.);
#5017=ORIENTED_EDGE('',*,*,#3546,.T.);
#5018=ORIENTED_EDGE('',*,*,#3547,.F.);
#5019=ORIENTED_EDGE('',*,*,#3548,.T.);
#5020=ORIENTED_EDGE('',*,*,#3549,.F.);
#5021=ORIENTED_EDGE('',*,*,#3550,.T.);
#5022=ORIENTED_EDGE('',*,*,#3551,.F.);
#5023=ORIENTED_EDGE('',*,*,#3552,.T.);
#5024=ORIENTED_EDGE('',*,*,#3553,.F.);
#5025=ORIENTED_EDGE('',*,*,#3554,.T.);
#5026=ORIENTED_EDGE('',*,*,#3555,.F.);
#5027=ORIENTED_EDGE('',*,*,#3556,.T.);
#5028=ORIENTED_EDGE('',*,*,#3557,.F.);
#5029=ORIENTED_EDGE('',*,*,#3558,.T.);
#5030=ORIENTED_EDGE('',*,*,#3559,.F.);
#5031=ORIENTED_EDGE('',*,*,#3560,.T.);
#5032=ORIENTED_EDGE('',*,*,#3561,.F.);
#5033=ORIENTED_EDGE('',*,*,#3562,.T.);
#5034=ORIENTED_EDGE('',*,*,#3563,.F.);
#5035=ORIENTED_EDGE('',*,*,#3564,.T.);
#5036=ORIENTED_EDGE('',*,*,#3565,.F.);
#5037=ORIENTED_EDGE('',*,*,#3566,.T.);
#5038=ORIENTED_EDGE('',*,*,#3567,.F.);
#5039=ORIENTED_EDGE('',*,*,#3568,.T.);
#5040=ORIENTED_EDGE('',*,*,#3569,.F.);
#5041=ORIENTED_EDGE('',*,*,#3570,.T.);
#5042=ORIENTED_EDGE('',*,*,#3571,.F.);
#5043=ORIENTED_EDGE('',*,*,#3572,.T.);
#5044=ORIENTED_EDGE('',*,*,#3573,.F.);
#5045=ORIENTED_EDGE('',*,*,#3574,.T.);
#5046=ORIENTED_EDGE('',*,*,#3575,.F.);
#5047=ORIENTED_EDGE('',*,*,#3576,.T.);
#5048=ORIENTED_EDGE('',*,*,#3577,.F.);
#5049=ORIENTED_EDGE('',*,*,#3578,.T.);
#5050=ORIENTED_EDGE('',*,*,#3579,.F.);
#5051=ORIENTED_EDGE('',*,*,#3580,.T.);
#5052=ORIENTED_EDGE('',*,*,#3581,.F.);
#5053=ORIENTED_EDGE('',*,*,#3582,.T.);
#5054=ORIENTED_EDGE('',*,*,#3583,.F.);
#5055=ORIENTED_EDGE('',*,*,#3584,.T.);
#5056=ORIENTED_EDGE('',*,*,#3585,.F.);
#5057=ORIENTED_EDGE('',*,*,#3586,.T.);
#5058=ORIENTED_EDGE('',*,*,#3587,.F.);
#5059=ORIENTED_EDGE('',*,*,#3588,.T.);
#5060=ORIENTED_EDGE('',*,*,#3589,.F.);
#5061=ORIENTED_EDGE('',*,*,#3590,.T.);
#5062=ORIENTED_EDGE('',*,*,#3591,.F.);
#5063=ORIENTED_EDGE('',*,*,#3592,.T.);
#5064=ORIENTED_EDGE('',*,*,#3593,.F.);
#5065=ORIENTED_EDGE('',*,*,#3594,.T.);
#5066=ORIENTED_EDGE('',*,*,#3595,.F.);
#5067=ORIENTED_EDGE('',*,*,#3596,.T.);
#5068=ORIENTED_EDGE('',*,*,#3597,.F.);
#5069=ORIENTED_EDGE('',*,*,#3598,.T.);
#5070=ORIENTED_EDGE('',*,*,#3599,.F.);
#5071=ORIENTED_EDGE('',*,*,#3600,.T.);
#5072=ORIENTED_EDGE('',*,*,#3601,.F.);
#5073=ORIENTED_EDGE('',*,*,#3602,.T.);
#5074=ORIENTED_EDGE('',*,*,#3603,.F.);
#5075=ORIENTED_EDGE('',*,*,#3604,.T.);
#5076=ORIENTED_EDGE('',*,*,#3605,.F.);
#5077=ORIENTED_EDGE('',*,*,#3606,.T.);
#5078=ORIENTED_EDGE('',*,*,#3607,.F.);
#5079=ORIENTED_EDGE('',*,*,#3608,.T.);
#5080=ORIENTED_EDGE('',*,*,#3609,.F.);
#5081=ORIENTED_EDGE('',*,*,#3610,.T.);
#5082=ORIENTED_EDGE('',*,*,#3611,.F.);
#5083=ORIENTED_EDGE('',*,*,#3612,.T.);
#5084=ORIENTED_EDGE('',*,*,#3613,.F.);
#5085=ORIENTED_EDGE('',*,*,#3614,.T.);
#5086=ORIENTED_EDGE('',*,*,#3615,.F.);
#5087=ORIENTED_EDGE('',*,*,#3616,.T.);
#5088=ORIENTED_EDGE('',*,*,#3617,.T.);
#5089=ORIENTED_EDGE('',*,*,#3618,.T.);
#5090=ORIENTED_EDGE('',*,*,#3619,.F.);
#5091=ORIENTED_EDGE('',*,*,#3620,.T.);
#5092=ORIENTED_EDGE('',*,*,#3621,.F.);
#5093=ORIENTED_EDGE('',*,*,#3622,.T.);
#5094=ORIENTED_EDGE('',*,*,#3623,.F.);
#5095=ORIENTED_EDGE('',*,*,#3624,.T.);
#5096=ORIENTED_EDGE('',*,*,#3625,.F.);
#5097=ORIENTED_EDGE('',*,*,#3626,.T.);
#5098=ORIENTED_EDGE('',*,*,#3627,.T.);
#5099=ORIENTED_EDGE('',*,*,#3628,.F.);
#5100=ORIENTED_EDGE('',*,*,#3629,.T.);
#5101=ORIENTED_EDGE('',*,*,#3630,.F.);
#5102=ORIENTED_EDGE('',*,*,#3631,.T.);
#5103=ORIENTED_EDGE('',*,*,#3632,.T.);
#5104=ORIENTED_EDGE('',*,*,#3633,.T.);
#5105=ORIENTED_EDGE('',*,*,#3634,.T.);
#5106=ORIENTED_EDGE('',*,*,#3635,.T.);
#5107=ORIENTED_EDGE('',*,*,#3527,.T.);
#5108=ORIENTED_EDGE('',*,*,#3636,.T.);
#5109=ORIENTED_EDGE('',*,*,#3636,.F.);
#5110=ORIENTED_EDGE('',*,*,#3526,.F.);
#5111=ORIENTED_EDGE('',*,*,#3637,.F.);
#5112=ORIENTED_EDGE('',*,*,#3638,.F.);
#5113=ORIENTED_EDGE('',*,*,#3525,.T.);
#5114=ORIENTED_EDGE('',*,*,#3639,.T.);
#5115=ORIENTED_EDGE('',*,*,#3640,.T.);
#5116=ORIENTED_EDGE('',*,*,#3637,.T.);
#5117=ORIENTED_EDGE('',*,*,#3639,.F.);
#5118=ORIENTED_EDGE('',*,*,#3524,.T.);
#5119=ORIENTED_EDGE('',*,*,#3521,.T.);
#5120=ORIENTED_EDGE('',*,*,#3641,.F.);
#5121=ORIENTED_EDGE('',*,*,#3642,.F.);
#5122=ORIENTED_EDGE('',*,*,#3532,.F.);
#5123=ORIENTED_EDGE('',*,*,#3643,.F.);
#5124=ORIENTED_EDGE('',*,*,#3644,.F.);
#5125=ORIENTED_EDGE('',*,*,#3645,.T.);
#5126=ORIENTED_EDGE('',*,*,#3646,.T.);
#5127=ORIENTED_EDGE('',*,*,#3625,.T.);
#5128=ORIENTED_EDGE('',*,*,#3647,.T.);
#5129=ORIENTED_EDGE('',*,*,#3647,.F.);
#5130=ORIENTED_EDGE('',*,*,#3624,.F.);
#5131=ORIENTED_EDGE('',*,*,#3648,.F.);
#5132=ORIENTED_EDGE('',*,*,#3649,.F.);
#5133=ORIENTED_EDGE('',*,*,#3623,.T.);
#5134=ORIENTED_EDGE('',*,*,#3650,.T.);
#5135=ORIENTED_EDGE('',*,*,#3651,.T.);
#5136=ORIENTED_EDGE('',*,*,#3648,.T.);
#5137=ORIENTED_EDGE('',*,*,#3650,.F.);
#5138=ORIENTED_EDGE('',*,*,#3622,.F.);
#5139=ORIENTED_EDGE('',*,*,#3652,.F.);
#5140=ORIENTED_EDGE('',*,*,#3653,.F.);
#5141=ORIENTED_EDGE('',*,*,#3633,.F.);
#5142=ORIENTED_EDGE('',*,*,#3654,.T.);
#5143=ORIENTED_EDGE('',*,*,#3655,.T.);
#5144=ORIENTED_EDGE('',*,*,#3654,.F.);
#5145=ORIENTED_EDGE('',*,*,#3655,.F.);
#5146=ORIENTED_EDGE('',*,*,#3656,.F.);
#5147=ORIENTED_EDGE('',*,*,#3656,.T.);
#5148=ORIENTED_EDGE('',*,*,#3657,.T.);
#5149=ORIENTED_EDGE('',*,*,#3658,.F.);
#5150=ORIENTED_EDGE('',*,*,#3657,.F.);
#5151=ORIENTED_EDGE('',*,*,#3632,.F.);
#5152=ORIENTED_EDGE('',*,*,#3659,.T.);
#5153=ORIENTED_EDGE('',*,*,#3660,.T.);
#5154=ORIENTED_EDGE('',*,*,#3659,.F.);
#5155=ORIENTED_EDGE('',*,*,#3660,.F.);
#5156=ORIENTED_EDGE('',*,*,#3661,.F.);
#5157=ORIENTED_EDGE('',*,*,#3661,.T.);
#5158=ORIENTED_EDGE('',*,*,#3662,.T.);
#5159=ORIENTED_EDGE('',*,*,#3663,.F.);
#5160=ORIENTED_EDGE('',*,*,#3662,.F.);
#5161=ORIENTED_EDGE('',*,*,#3634,.F.);
#5162=ORIENTED_EDGE('',*,*,#3638,.T.);
#5163=ORIENTED_EDGE('',*,*,#3640,.F.);
#5164=ORIENTED_EDGE('',*,*,#3644,.T.);
#5165=ORIENTED_EDGE('',*,*,#3664,.F.);
#5166=ORIENTED_EDGE('',*,*,#3665,.T.);
#5167=ORIENTED_EDGE('',*,*,#3666,.F.);
#5168=ORIENTED_EDGE('',*,*,#3667,.T.);
#5169=ORIENTED_EDGE('',*,*,#3663,.T.);
#5170=ORIENTED_EDGE('',*,*,#3668,.T.);
#5171=ORIENTED_EDGE('',*,*,#3626,.F.);
#5172=ORIENTED_EDGE('',*,*,#3669,.T.);
#5173=ORIENTED_EDGE('',*,*,#3670,.T.);
#5174=ORIENTED_EDGE('',*,*,#3669,.F.);
#5175=ORIENTED_EDGE('',*,*,#3670,.F.);
#5176=ORIENTED_EDGE('',*,*,#3671,.F.);
#5177=ORIENTED_EDGE('',*,*,#3671,.T.);
#5178=ORIENTED_EDGE('',*,*,#3672,.T.);
#5179=ORIENTED_EDGE('',*,*,#3668,.F.);
#5180=ORIENTED_EDGE('',*,*,#3672,.F.);
#5181=ORIENTED_EDGE('',*,*,#3529,.T.);
#5182=ORIENTED_EDGE('',*,*,#3673,.T.);
#5183=ORIENTED_EDGE('',*,*,#3666,.T.);
#5184=ORIENTED_EDGE('',*,*,#3674,.T.);
#5185=ORIENTED_EDGE('',*,*,#3531,.T.);
#5186=ORIENTED_EDGE('',*,*,#3675,.T.);
#5187=ORIENTED_EDGE('',*,*,#3664,.T.);
#5188=ORIENTED_EDGE('',*,*,#3643,.T.);
#5189=ORIENTED_EDGE('',*,*,#3674,.F.);
#5190=ORIENTED_EDGE('',*,*,#3665,.F.);
#5191=ORIENTED_EDGE('',*,*,#3675,.F.);
#5192=ORIENTED_EDGE('',*,*,#3530,.T.);
#5193=ORIENTED_EDGE('',*,*,#3520,.T.);
#5194=ORIENTED_EDGE('',*,*,#3676,.F.);
#5195=ORIENTED_EDGE('',*,*,#3677,.T.);
#5196=ORIENTED_EDGE('',*,*,#3678,.T.);
#5197=ORIENTED_EDGE('',*,*,#3679,.F.);
#5198=ORIENTED_EDGE('',*,*,#3680,.F.);
#5199=ORIENTED_EDGE('',*,*,#3681,.F.);
#5200=ORIENTED_EDGE('',*,*,#3682,.F.);
#5201=ORIENTED_EDGE('',*,*,#3683,.F.);
#5202=ORIENTED_EDGE('',*,*,#3684,.F.);
#5203=ORIENTED_EDGE('',*,*,#3685,.F.);
#5204=ORIENTED_EDGE('',*,*,#3686,.F.);
#5205=ORIENTED_EDGE('',*,*,#3687,.F.);
#5206=ORIENTED_EDGE('',*,*,#3688,.F.);
#5207=ORIENTED_EDGE('',*,*,#3689,.F.);
#5208=ORIENTED_EDGE('',*,*,#3690,.F.);
#5209=ORIENTED_EDGE('',*,*,#3691,.F.);
#5210=ORIENTED_EDGE('',*,*,#3692,.F.);
#5211=ORIENTED_EDGE('',*,*,#3693,.F.);
#5212=ORIENTED_EDGE('',*,*,#3694,.F.);
#5213=ORIENTED_EDGE('',*,*,#3695,.F.);
#5214=ORIENTED_EDGE('',*,*,#3696,.F.);
#5215=ORIENTED_EDGE('',*,*,#3697,.F.);
#5216=ORIENTED_EDGE('',*,*,#3698,.F.);
#5217=ORIENTED_EDGE('',*,*,#3699,.F.);
#5218=ORIENTED_EDGE('',*,*,#3700,.F.);
#5219=ORIENTED_EDGE('',*,*,#3701,.F.);
#5220=ORIENTED_EDGE('',*,*,#3702,.F.);
#5221=ORIENTED_EDGE('',*,*,#3703,.F.);
#5222=ORIENTED_EDGE('',*,*,#3704,.F.);
#5223=ORIENTED_EDGE('',*,*,#3705,.F.);
#5224=ORIENTED_EDGE('',*,*,#3706,.F.);
#5225=ORIENTED_EDGE('',*,*,#3707,.F.);
#5226=ORIENTED_EDGE('',*,*,#3708,.F.);
#5227=ORIENTED_EDGE('',*,*,#3709,.F.);
#5228=ORIENTED_EDGE('',*,*,#3710,.F.);
#5229=ORIENTED_EDGE('',*,*,#3711,.F.);
#5230=ORIENTED_EDGE('',*,*,#3712,.F.);
#5231=ORIENTED_EDGE('',*,*,#3713,.F.);
#5232=ORIENTED_EDGE('',*,*,#3714,.F.);
#5233=ORIENTED_EDGE('',*,*,#3715,.F.);
#5234=ORIENTED_EDGE('',*,*,#3716,.F.);
#5235=ORIENTED_EDGE('',*,*,#3717,.F.);
#5236=ORIENTED_EDGE('',*,*,#3718,.F.);
#5237=ORIENTED_EDGE('',*,*,#3719,.F.);
#5238=ORIENTED_EDGE('',*,*,#3720,.F.);
#5239=ORIENTED_EDGE('',*,*,#3721,.F.);
#5240=ORIENTED_EDGE('',*,*,#3722,.F.);
#5241=ORIENTED_EDGE('',*,*,#3723,.F.);
#5242=ORIENTED_EDGE('',*,*,#3724,.F.);
#5243=ORIENTED_EDGE('',*,*,#3725,.F.);
#5244=ORIENTED_EDGE('',*,*,#3726,.F.);
#5245=ORIENTED_EDGE('',*,*,#3727,.F.);
#5246=ORIENTED_EDGE('',*,*,#3728,.F.);
#5247=ORIENTED_EDGE('',*,*,#3729,.F.);
#5248=ORIENTED_EDGE('',*,*,#3730,.F.);
#5249=ORIENTED_EDGE('',*,*,#3731,.F.);
#5250=ORIENTED_EDGE('',*,*,#3732,.F.);
#5251=ORIENTED_EDGE('',*,*,#3733,.F.);
#5252=ORIENTED_EDGE('',*,*,#3734,.F.);
#5253=ORIENTED_EDGE('',*,*,#3735,.F.);
#5254=ORIENTED_EDGE('',*,*,#3736,.F.);
#5255=ORIENTED_EDGE('',*,*,#3737,.F.);
#5256=ORIENTED_EDGE('',*,*,#3738,.F.);
#5257=ORIENTED_EDGE('',*,*,#3739,.F.);
#5258=ORIENTED_EDGE('',*,*,#3740,.F.);
#5259=ORIENTED_EDGE('',*,*,#3741,.F.);
#5260=ORIENTED_EDGE('',*,*,#3742,.F.);
#5261=ORIENTED_EDGE('',*,*,#3743,.F.);
#5262=ORIENTED_EDGE('',*,*,#3744,.F.);
#5263=ORIENTED_EDGE('',*,*,#3745,.F.);
#5264=ORIENTED_EDGE('',*,*,#3746,.F.);
#5265=ORIENTED_EDGE('',*,*,#3747,.F.);
#5266=ORIENTED_EDGE('',*,*,#3748,.F.);
#5267=ORIENTED_EDGE('',*,*,#3749,.F.);
#5268=ORIENTED_EDGE('',*,*,#3750,.F.);
#5269=ORIENTED_EDGE('',*,*,#3751,.F.);
#5270=ORIENTED_EDGE('',*,*,#3752,.F.);
#5271=ORIENTED_EDGE('',*,*,#3753,.F.);
#5272=ORIENTED_EDGE('',*,*,#3754,.F.);
#5273=ORIENTED_EDGE('',*,*,#3755,.F.);
#5274=ORIENTED_EDGE('',*,*,#3756,.F.);
#5275=ORIENTED_EDGE('',*,*,#3757,.F.);
#5276=ORIENTED_EDGE('',*,*,#3758,.F.);
#5277=ORIENTED_EDGE('',*,*,#3759,.F.);
#5278=ORIENTED_EDGE('',*,*,#3760,.T.);
#5279=ORIENTED_EDGE('',*,*,#3761,.T.);
#5280=ORIENTED_EDGE('',*,*,#3641,.T.);
#5281=ORIENTED_EDGE('',*,*,#3762,.T.);
#5282=ORIENTED_EDGE('',*,*,#3763,.F.);
#5283=ORIENTED_EDGE('',*,*,#3764,.T.);
#5284=ORIENTED_EDGE('',*,*,#3765,.F.);
#5285=ORIENTED_EDGE('',*,*,#3635,.F.);
#5286=ORIENTED_EDGE('',*,*,#3667,.F.);
#5287=ORIENTED_EDGE('',*,*,#3673,.F.);
#5288=ORIENTED_EDGE('',*,*,#3528,.F.);
#5289=ORIENTED_EDGE('',*,*,#3761,.F.);
#5290=ORIENTED_EDGE('',*,*,#3766,.F.);
#5291=ORIENTED_EDGE('',*,*,#3533,.F.);
#5292=ORIENTED_EDGE('',*,*,#3642,.T.);
#5293=ORIENTED_EDGE('',*,*,#3760,.F.);
#5294=ORIENTED_EDGE('',*,*,#3767,.F.);
#5295=ORIENTED_EDGE('',*,*,#3534,.F.);
#5296=ORIENTED_EDGE('',*,*,#3766,.T.);
#5297=ORIENTED_EDGE('',*,*,#3677,.F.);
#5298=ORIENTED_EDGE('',*,*,#3768,.F.);
#5299=ORIENTED_EDGE('',*,*,#3617,.F.);
#5300=ORIENTED_EDGE('',*,*,#3769,.T.);
#5301=ORIENTED_EDGE('',*,*,#3678,.F.);
#5302=ORIENTED_EDGE('',*,*,#3769,.F.);
#5303=ORIENTED_EDGE('',*,*,#3616,.F.);
#5304=ORIENTED_EDGE('',*,*,#3770,.F.);
#5305=ORIENTED_EDGE('',*,*,#3770,.T.);
#5306=ORIENTED_EDGE('',*,*,#3615,.T.);
#5307=ORIENTED_EDGE('',*,*,#3771,.T.);
#5308=ORIENTED_EDGE('',*,*,#3679,.T.);
#5309=ORIENTED_EDGE('',*,*,#3772,.F.);
#5310=ORIENTED_EDGE('',*,*,#3631,.F.);
#5311=ORIENTED_EDGE('',*,*,#3773,.F.);
#5312=ORIENTED_EDGE('',*,*,#3762,.F.);
#5313=ORIENTED_EDGE('',*,*,#3628,.T.);
#5314=ORIENTED_EDGE('',*,*,#3772,.T.);
#5315=ORIENTED_EDGE('',*,*,#3765,.T.);
#5316=ORIENTED_EDGE('',*,*,#3774,.T.);
#5317=ORIENTED_EDGE('',*,*,#3774,.F.);
#5318=ORIENTED_EDGE('',*,*,#3764,.F.);
#5319=ORIENTED_EDGE('',*,*,#3775,.F.);
#5320=ORIENTED_EDGE('',*,*,#3629,.F.);
#5321=ORIENTED_EDGE('',*,*,#3630,.T.);
#5322=ORIENTED_EDGE('',*,*,#3775,.T.);
#5323=ORIENTED_EDGE('',*,*,#3763,.T.);
#5324=ORIENTED_EDGE('',*,*,#3773,.T.);
#5325=ORIENTED_EDGE('',*,*,#3719,.T.);
#5326=ORIENTED_EDGE('',*,*,#3776,.T.);
#5327=ORIENTED_EDGE('',*,*,#3575,.T.);
#5328=ORIENTED_EDGE('',*,*,#3777,.T.);
#5329=ORIENTED_EDGE('',*,*,#3718,.T.);
#5330=ORIENTED_EDGE('',*,*,#3778,.F.);
#5331=ORIENTED_EDGE('',*,*,#3576,.F.);
#5332=ORIENTED_EDGE('',*,*,#3776,.F.);
#5333=ORIENTED_EDGE('',*,*,#3717,.T.);
#5334=ORIENTED_EDGE('',*,*,#3779,.T.);
#5335=ORIENTED_EDGE('',*,*,#3577,.T.);
#5336=ORIENTED_EDGE('',*,*,#3778,.T.);
#5337=ORIENTED_EDGE('',*,*,#3716,.T.);
#5338=ORIENTED_EDGE('',*,*,#3780,.F.);
#5339=ORIENTED_EDGE('',*,*,#3578,.F.);
#5340=ORIENTED_EDGE('',*,*,#3779,.F.);
#5341=ORIENTED_EDGE('',*,*,#3715,.T.);
#5342=ORIENTED_EDGE('',*,*,#3781,.T.);
#5343=ORIENTED_EDGE('',*,*,#3579,.T.);
#5344=ORIENTED_EDGE('',*,*,#3780,.T.);
#5345=ORIENTED_EDGE('',*,*,#3714,.T.);
#5346=ORIENTED_EDGE('',*,*,#3782,.F.);
#5347=ORIENTED_EDGE('',*,*,#3580,.F.);
#5348=ORIENTED_EDGE('',*,*,#3781,.F.);
#5349=ORIENTED_EDGE('',*,*,#3713,.T.);
#5350=ORIENTED_EDGE('',*,*,#3783,.T.);
#5351=ORIENTED_EDGE('',*,*,#3581,.T.);
#5352=ORIENTED_EDGE('',*,*,#3782,.T.);
#5353=ORIENTED_EDGE('',*,*,#3712,.T.);
#5354=ORIENTED_EDGE('',*,*,#3784,.F.);
#5355=ORIENTED_EDGE('',*,*,#3582,.F.);
#5356=ORIENTED_EDGE('',*,*,#3783,.F.);
#5357=ORIENTED_EDGE('',*,*,#3711,.T.);
#5358=ORIENTED_EDGE('',*,*,#3785,.T.);
#5359=ORIENTED_EDGE('',*,*,#3583,.T.);
#5360=ORIENTED_EDGE('',*,*,#3784,.T.);
#5361=ORIENTED_EDGE('',*,*,#3710,.T.);
#5362=ORIENTED_EDGE('',*,*,#3786,.F.);
#5363=ORIENTED_EDGE('',*,*,#3584,.F.);
#5364=ORIENTED_EDGE('',*,*,#3785,.F.);
#5365=ORIENTED_EDGE('',*,*,#3709,.T.);
#5366=ORIENTED_EDGE('',*,*,#3787,.T.);
#5367=ORIENTED_EDGE('',*,*,#3585,.T.);
#5368=ORIENTED_EDGE('',*,*,#3786,.T.);
#5369=ORIENTED_EDGE('',*,*,#3708,.T.);
#5370=ORIENTED_EDGE('',*,*,#3788,.F.);
#5371=ORIENTED_EDGE('',*,*,#3586,.F.);
#5372=ORIENTED_EDGE('',*,*,#3787,.F.);
#5373=ORIENTED_EDGE('',*,*,#3707,.T.);
#5374=ORIENTED_EDGE('',*,*,#3789,.T.);
#5375=ORIENTED_EDGE('',*,*,#3587,.T.);
#5376=ORIENTED_EDGE('',*,*,#3788,.T.);
#5377=ORIENTED_EDGE('',*,*,#3706,.T.);
#5378=ORIENTED_EDGE('',*,*,#3790,.F.);
#5379=ORIENTED_EDGE('',*,*,#3588,.F.);
#5380=ORIENTED_EDGE('',*,*,#3789,.F.);
#5381=ORIENTED_EDGE('',*,*,#3705,.T.);
#5382=ORIENTED_EDGE('',*,*,#3791,.T.);
#5383=ORIENTED_EDGE('',*,*,#3589,.T.);
#5384=ORIENTED_EDGE('',*,*,#3790,.T.);
#5385=ORIENTED_EDGE('',*,*,#3704,.T.);
#5386=ORIENTED_EDGE('',*,*,#3792,.F.);
#5387=ORIENTED_EDGE('',*,*,#3590,.F.);
#5388=ORIENTED_EDGE('',*,*,#3791,.F.);
#5389=ORIENTED_EDGE('',*,*,#3703,.T.);
#5390=ORIENTED_EDGE('',*,*,#3793,.T.);
#5391=ORIENTED_EDGE('',*,*,#3591,.T.);
#5392=ORIENTED_EDGE('',*,*,#3792,.T.);
#5393=ORIENTED_EDGE('',*,*,#3702,.T.);
#5394=ORIENTED_EDGE('',*,*,#3794,.F.);
#5395=ORIENTED_EDGE('',*,*,#3592,.F.);
#5396=ORIENTED_EDGE('',*,*,#3793,.F.);
#5397=ORIENTED_EDGE('',*,*,#3701,.T.);
#5398=ORIENTED_EDGE('',*,*,#3795,.T.);
#5399=ORIENTED_EDGE('',*,*,#3593,.T.);
#5400=ORIENTED_EDGE('',*,*,#3794,.T.);
#5401=ORIENTED_EDGE('',*,*,#3700,.T.);
#5402=ORIENTED_EDGE('',*,*,#3796,.F.);
#5403=ORIENTED_EDGE('',*,*,#3594,.F.);
#5404=ORIENTED_EDGE('',*,*,#3795,.F.);
#5405=ORIENTED_EDGE('',*,*,#3699,.T.);
#5406=ORIENTED_EDGE('',*,*,#3797,.T.);
#5407=ORIENTED_EDGE('',*,*,#3595,.T.);
#5408=ORIENTED_EDGE('',*,*,#3796,.T.);
#5409=ORIENTED_EDGE('',*,*,#3698,.T.);
#5410=ORIENTED_EDGE('',*,*,#3798,.F.);
#5411=ORIENTED_EDGE('',*,*,#3596,.F.);
#5412=ORIENTED_EDGE('',*,*,#3797,.F.);
#5413=ORIENTED_EDGE('',*,*,#3697,.T.);
#5414=ORIENTED_EDGE('',*,*,#3799,.T.);
#5415=ORIENTED_EDGE('',*,*,#3597,.T.);
#5416=ORIENTED_EDGE('',*,*,#3798,.T.);
#5417=ORIENTED_EDGE('',*,*,#3696,.T.);
#5418=ORIENTED_EDGE('',*,*,#3800,.F.);
#5419=ORIENTED_EDGE('',*,*,#3598,.F.);
#5420=ORIENTED_EDGE('',*,*,#3799,.F.);
#5421=ORIENTED_EDGE('',*,*,#3695,.T.);
#5422=ORIENTED_EDGE('',*,*,#3801,.T.);
#5423=ORIENTED_EDGE('',*,*,#3599,.T.);
#5424=ORIENTED_EDGE('',*,*,#3800,.T.);
#5425=ORIENTED_EDGE('',*,*,#3694,.T.);
#5426=ORIENTED_EDGE('',*,*,#3802,.F.);
#5427=ORIENTED_EDGE('',*,*,#3600,.F.);
#5428=ORIENTED_EDGE('',*,*,#3801,.F.);
#5429=ORIENTED_EDGE('',*,*,#3693,.T.);
#5430=ORIENTED_EDGE('',*,*,#3803,.T.);
#5431=ORIENTED_EDGE('',*,*,#3601,.T.);
#5432=ORIENTED_EDGE('',*,*,#3802,.T.);
#5433=ORIENTED_EDGE('',*,*,#3692,.T.);
#5434=ORIENTED_EDGE('',*,*,#3804,.F.);
#5435=ORIENTED_EDGE('',*,*,#3602,.F.);
#5436=ORIENTED_EDGE('',*,*,#3803,.F.);
#5437=ORIENTED_EDGE('',*,*,#3691,.T.);
#5438=ORIENTED_EDGE('',*,*,#3805,.T.);
#5439=ORIENTED_EDGE('',*,*,#3603,.T.);
#5440=ORIENTED_EDGE('',*,*,#3804,.T.);
#5441=ORIENTED_EDGE('',*,*,#3690,.T.);
#5442=ORIENTED_EDGE('',*,*,#3806,.F.);
#5443=ORIENTED_EDGE('',*,*,#3604,.F.);
#5444=ORIENTED_EDGE('',*,*,#3805,.F.);
#5445=ORIENTED_EDGE('',*,*,#3689,.T.);
#5446=ORIENTED_EDGE('',*,*,#3807,.T.);
#5447=ORIENTED_EDGE('',*,*,#3605,.T.);
#5448=ORIENTED_EDGE('',*,*,#3806,.T.);
#5449=ORIENTED_EDGE('',*,*,#3688,.T.);
#5450=ORIENTED_EDGE('',*,*,#3808,.F.);
#5451=ORIENTED_EDGE('',*,*,#3606,.F.);
#5452=ORIENTED_EDGE('',*,*,#3807,.F.);
#5453=ORIENTED_EDGE('',*,*,#3687,.T.);
#5454=ORIENTED_EDGE('',*,*,#3809,.T.);
#5455=ORIENTED_EDGE('',*,*,#3607,.T.);
#5456=ORIENTED_EDGE('',*,*,#3808,.T.);
#5457=ORIENTED_EDGE('',*,*,#3686,.T.);
#5458=ORIENTED_EDGE('',*,*,#3810,.F.);
#5459=ORIENTED_EDGE('',*,*,#3608,.F.);
#5460=ORIENTED_EDGE('',*,*,#3809,.F.);
#5461=ORIENTED_EDGE('',*,*,#3685,.T.);
#5462=ORIENTED_EDGE('',*,*,#3811,.T.);
#5463=ORIENTED_EDGE('',*,*,#3609,.T.);
#5464=ORIENTED_EDGE('',*,*,#3810,.T.);
#5465=ORIENTED_EDGE('',*,*,#3684,.T.);
#5466=ORIENTED_EDGE('',*,*,#3812,.F.);
#5467=ORIENTED_EDGE('',*,*,#3610,.F.);
#5468=ORIENTED_EDGE('',*,*,#3811,.F.);
#5469=ORIENTED_EDGE('',*,*,#3683,.T.);
#5470=ORIENTED_EDGE('',*,*,#3813,.T.);
#5471=ORIENTED_EDGE('',*,*,#3611,.T.);
#5472=ORIENTED_EDGE('',*,*,#3812,.T.);
#5473=ORIENTED_EDGE('',*,*,#3682,.T.);
#5474=ORIENTED_EDGE('',*,*,#3814,.F.);
#5475=ORIENTED_EDGE('',*,*,#3612,.F.);
#5476=ORIENTED_EDGE('',*,*,#3813,.F.);
#5477=ORIENTED_EDGE('',*,*,#3681,.T.);
#5478=ORIENTED_EDGE('',*,*,#3815,.T.);
#5479=ORIENTED_EDGE('',*,*,#3613,.T.);
#5480=ORIENTED_EDGE('',*,*,#3814,.T.);
#5481=ORIENTED_EDGE('',*,*,#3680,.T.);
#5482=ORIENTED_EDGE('',*,*,#3771,.F.);
#5483=ORIENTED_EDGE('',*,*,#3614,.F.);
#5484=ORIENTED_EDGE('',*,*,#3815,.F.);
#5485=ORIENTED_EDGE('',*,*,#3727,.T.);
#5486=ORIENTED_EDGE('',*,*,#3816,.T.);
#5487=ORIENTED_EDGE('',*,*,#3567,.T.);
#5488=ORIENTED_EDGE('',*,*,#3817,.T.);
#5489=ORIENTED_EDGE('',*,*,#3735,.T.);
#5490=ORIENTED_EDGE('',*,*,#3818,.T.);
#5491=ORIENTED_EDGE('',*,*,#3559,.T.);
#5492=ORIENTED_EDGE('',*,*,#3819,.T.);
#5493=ORIENTED_EDGE('',*,*,#3743,.T.);
#5494=ORIENTED_EDGE('',*,*,#3820,.T.);
#5495=ORIENTED_EDGE('',*,*,#3551,.T.);
#5496=ORIENTED_EDGE('',*,*,#3821,.T.);
#5497=ORIENTED_EDGE('',*,*,#3751,.T.);
#5498=ORIENTED_EDGE('',*,*,#3822,.T.);
#5499=ORIENTED_EDGE('',*,*,#3543,.T.);
#5500=ORIENTED_EDGE('',*,*,#3823,.T.);
#5501=ORIENTED_EDGE('',*,*,#3767,.T.);
#5502=ORIENTED_EDGE('',*,*,#3759,.T.);
#5503=ORIENTED_EDGE('',*,*,#3824,.T.);
#5504=ORIENTED_EDGE('',*,*,#3535,.T.);
#5505=ORIENTED_EDGE('',*,*,#3757,.T.);
#5506=ORIENTED_EDGE('',*,*,#3825,.T.);
#5507=ORIENTED_EDGE('',*,*,#3537,.T.);
#5508=ORIENTED_EDGE('',*,*,#3826,.T.);
#5509=ORIENTED_EDGE('',*,*,#3753,.T.);
#5510=ORIENTED_EDGE('',*,*,#3827,.T.);
#5511=ORIENTED_EDGE('',*,*,#3541,.T.);
#5512=ORIENTED_EDGE('',*,*,#3828,.T.);
#5513=ORIENTED_EDGE('',*,*,#3755,.T.);
#5514=ORIENTED_EDGE('',*,*,#3829,.T.);
#5515=ORIENTED_EDGE('',*,*,#3539,.T.);
#5516=ORIENTED_EDGE('',*,*,#3830,.T.);
#5517=ORIENTED_EDGE('',*,*,#3749,.T.);
#5518=ORIENTED_EDGE('',*,*,#3831,.T.);
#5519=ORIENTED_EDGE('',*,*,#3545,.T.);
#5520=ORIENTED_EDGE('',*,*,#3832,.T.);
#5521=ORIENTED_EDGE('',*,*,#3745,.T.);
#5522=ORIENTED_EDGE('',*,*,#3833,.T.);
#5523=ORIENTED_EDGE('',*,*,#3549,.T.);
#5524=ORIENTED_EDGE('',*,*,#3834,.T.);
#5525=ORIENTED_EDGE('',*,*,#3747,.T.);
#5526=ORIENTED_EDGE('',*,*,#3835,.T.);
#5527=ORIENTED_EDGE('',*,*,#3547,.T.);
#5528=ORIENTED_EDGE('',*,*,#3836,.T.);
#5529=ORIENTED_EDGE('',*,*,#3741,.T.);
#5530=ORIENTED_EDGE('',*,*,#3837,.T.);
#5531=ORIENTED_EDGE('',*,*,#3553,.T.);
#5532=ORIENTED_EDGE('',*,*,#3838,.T.);
#5533=ORIENTED_EDGE('',*,*,#3737,.T.);
#5534=ORIENTED_EDGE('',*,*,#3839,.T.);
#5535=ORIENTED_EDGE('',*,*,#3557,.T.);
#5536=ORIENTED_EDGE('',*,*,#3840,.T.);
#5537=ORIENTED_EDGE('',*,*,#3739,.T.);
#5538=ORIENTED_EDGE('',*,*,#3841,.T.);
#5539=ORIENTED_EDGE('',*,*,#3555,.T.);
#5540=ORIENTED_EDGE('',*,*,#3842,.T.);
#5541=ORIENTED_EDGE('',*,*,#3733,.T.);
#5542=ORIENTED_EDGE('',*,*,#3843,.T.);
#5543=ORIENTED_EDGE('',*,*,#3561,.T.);
#5544=ORIENTED_EDGE('',*,*,#3844,.T.);
#5545=ORIENTED_EDGE('',*,*,#3729,.T.);
#5546=ORIENTED_EDGE('',*,*,#3845,.T.);
#5547=ORIENTED_EDGE('',*,*,#3565,.T.);
#5548=ORIENTED_EDGE('',*,*,#3846,.T.);
#5549=ORIENTED_EDGE('',*,*,#3731,.T.);
#5550=ORIENTED_EDGE('',*,*,#3847,.T.);
#5551=ORIENTED_EDGE('',*,*,#3563,.T.);
#5552=ORIENTED_EDGE('',*,*,#3848,.T.);
#5553=ORIENTED_EDGE('',*,*,#3725,.T.);
#5554=ORIENTED_EDGE('',*,*,#3849,.T.);
#5555=ORIENTED_EDGE('',*,*,#3569,.T.);
#5556=ORIENTED_EDGE('',*,*,#3850,.T.);
#5557=ORIENTED_EDGE('',*,*,#3721,.T.);
#5558=ORIENTED_EDGE('',*,*,#3851,.T.);
#5559=ORIENTED_EDGE('',*,*,#3573,.T.);
#5560=ORIENTED_EDGE('',*,*,#3852,.T.);
#5561=ORIENTED_EDGE('',*,*,#3723,.T.);
#5562=ORIENTED_EDGE('',*,*,#3853,.T.);
#5563=ORIENTED_EDGE('',*,*,#3571,.T.);
#5564=ORIENTED_EDGE('',*,*,#3854,.T.);
#5565=ORIENTED_EDGE('',*,*,#3752,.T.);
#5566=ORIENTED_EDGE('',*,*,#3823,.F.);
#5567=ORIENTED_EDGE('',*,*,#3542,.F.);
#5568=ORIENTED_EDGE('',*,*,#3827,.F.);
#5569=ORIENTED_EDGE('',*,*,#3754,.T.);
#5570=ORIENTED_EDGE('',*,*,#3828,.F.);
#5571=ORIENTED_EDGE('',*,*,#3540,.F.);
#5572=ORIENTED_EDGE('',*,*,#3829,.F.);
#5573=ORIENTED_EDGE('',*,*,#3756,.T.);
#5574=ORIENTED_EDGE('',*,*,#3830,.F.);
#5575=ORIENTED_EDGE('',*,*,#3538,.F.);
#5576=ORIENTED_EDGE('',*,*,#3825,.F.);
#5577=ORIENTED_EDGE('',*,*,#3758,.T.);
#5578=ORIENTED_EDGE('',*,*,#3826,.F.);
#5579=ORIENTED_EDGE('',*,*,#3536,.F.);
#5580=ORIENTED_EDGE('',*,*,#3824,.F.);
#5581=ORIENTED_EDGE('',*,*,#3744,.T.);
#5582=ORIENTED_EDGE('',*,*,#3821,.F.);
#5583=ORIENTED_EDGE('',*,*,#3550,.F.);
#5584=ORIENTED_EDGE('',*,*,#3833,.F.);
#5585=ORIENTED_EDGE('',*,*,#3746,.T.);
#5586=ORIENTED_EDGE('',*,*,#3834,.F.);
#5587=ORIENTED_EDGE('',*,*,#3548,.F.);
#5588=ORIENTED_EDGE('',*,*,#3835,.F.);
#5589=ORIENTED_EDGE('',*,*,#3748,.T.);
#5590=ORIENTED_EDGE('',*,*,#3836,.F.);
#5591=ORIENTED_EDGE('',*,*,#3546,.F.);
#5592=ORIENTED_EDGE('',*,*,#3831,.F.);
#5593=ORIENTED_EDGE('',*,*,#3750,.T.);
#5594=ORIENTED_EDGE('',*,*,#3832,.F.);
#5595=ORIENTED_EDGE('',*,*,#3544,.F.);
#5596=ORIENTED_EDGE('',*,*,#3822,.F.);
#5597=ORIENTED_EDGE('',*,*,#3736,.T.);
#5598=ORIENTED_EDGE('',*,*,#3819,.F.);
#5599=ORIENTED_EDGE('',*,*,#3558,.F.);
#5600=ORIENTED_EDGE('',*,*,#3839,.F.);
#5601=ORIENTED_EDGE('',*,*,#3738,.T.);
#5602=ORIENTED_EDGE('',*,*,#3840,.F.);
#5603=ORIENTED_EDGE('',*,*,#3556,.F.);
#5604=ORIENTED_EDGE('',*,*,#3841,.F.);
#5605=ORIENTED_EDGE('',*,*,#3740,.T.);
#5606=ORIENTED_EDGE('',*,*,#3842,.F.);
#5607=ORIENTED_EDGE('',*,*,#3554,.F.);
#5608=ORIENTED_EDGE('',*,*,#3837,.F.);
#5609=ORIENTED_EDGE('',*,*,#3742,.T.);
#5610=ORIENTED_EDGE('',*,*,#3838,.F.);
#5611=ORIENTED_EDGE('',*,*,#3552,.F.);
#5612=ORIENTED_EDGE('',*,*,#3820,.F.);
#5613=ORIENTED_EDGE('',*,*,#3728,.T.);
#5614=ORIENTED_EDGE('',*,*,#3817,.F.);
#5615=ORIENTED_EDGE('',*,*,#3566,.F.);
#5616=ORIENTED_EDGE('',*,*,#3845,.F.);
#5617=ORIENTED_EDGE('',*,*,#3730,.T.);
#5618=ORIENTED_EDGE('',*,*,#3846,.F.);
#5619=ORIENTED_EDGE('',*,*,#3564,.F.);
#5620=ORIENTED_EDGE('',*,*,#3847,.F.);
#5621=ORIENTED_EDGE('',*,*,#3732,.T.);
#5622=ORIENTED_EDGE('',*,*,#3848,.F.);
#5623=ORIENTED_EDGE('',*,*,#3562,.F.);
#5624=ORIENTED_EDGE('',*,*,#3843,.F.);
#5625=ORIENTED_EDGE('',*,*,#3734,.T.);
#5626=ORIENTED_EDGE('',*,*,#3844,.F.);
#5627=ORIENTED_EDGE('',*,*,#3560,.F.);
#5628=ORIENTED_EDGE('',*,*,#3818,.F.);
#5629=ORIENTED_EDGE('',*,*,#3720,.T.);
#5630=ORIENTED_EDGE('',*,*,#3777,.F.);
#5631=ORIENTED_EDGE('',*,*,#3574,.F.);
#5632=ORIENTED_EDGE('',*,*,#3851,.F.);
#5633=ORIENTED_EDGE('',*,*,#3722,.T.);
#5634=ORIENTED_EDGE('',*,*,#3852,.F.);
#5635=ORIENTED_EDGE('',*,*,#3572,.F.);
#5636=ORIENTED_EDGE('',*,*,#3853,.F.);
#5637=ORIENTED_EDGE('',*,*,#3724,.T.);
#5638=ORIENTED_EDGE('',*,*,#3854,.F.);
#5639=ORIENTED_EDGE('',*,*,#3570,.F.);
#5640=ORIENTED_EDGE('',*,*,#3849,.F.);
#5641=ORIENTED_EDGE('',*,*,#3726,.T.);
#5642=ORIENTED_EDGE('',*,*,#3850,.F.);
#5643=ORIENTED_EDGE('',*,*,#3568,.F.);
#5644=ORIENTED_EDGE('',*,*,#3816,.F.);
#5645=ORIENTED_EDGE('',*,*,#3627,.F.);
#5646=ORIENTED_EDGE('',*,*,#3855,.T.);
#5647=ORIENTED_EDGE('',*,*,#3856,.T.);
#5648=ORIENTED_EDGE('',*,*,#3855,.F.);
#5649=ORIENTED_EDGE('',*,*,#3856,.F.);
#5650=ORIENTED_EDGE('',*,*,#3857,.F.);
#5651=ORIENTED_EDGE('',*,*,#3858,.F.);
#5652=ORIENTED_EDGE('',*,*,#3859,.T.);
#5653=ORIENTED_EDGE('',*,*,#3857,.T.);
#5654=ORIENTED_EDGE('',*,*,#3859,.F.);
#5655=ORIENTED_EDGE('',*,*,#3860,.T.);
#5656=ORIENTED_EDGE('',*,*,#3861,.T.);
#5657=ORIENTED_EDGE('',*,*,#3619,.T.);
#5658=ORIENTED_EDGE('',*,*,#3862,.T.);
#5659=ORIENTED_EDGE('',*,*,#3861,.F.);
#5660=ORIENTED_EDGE('',*,*,#3863,.T.);
#5661=ORIENTED_EDGE('',*,*,#3864,.F.);
#5662=ORIENTED_EDGE('',*,*,#3620,.F.);
#5663=ORIENTED_EDGE('',*,*,#3645,.F.);
#5664=ORIENTED_EDGE('',*,*,#3649,.T.);
#5665=ORIENTED_EDGE('',*,*,#3651,.F.);
#5666=ORIENTED_EDGE('',*,*,#3653,.T.);
#5667=ORIENTED_EDGE('',*,*,#3865,.F.);
#5668=ORIENTED_EDGE('',*,*,#3863,.F.);
#5669=ORIENTED_EDGE('',*,*,#3860,.F.);
#5670=ORIENTED_EDGE('',*,*,#3866,.T.);
#5671=ORIENTED_EDGE('',*,*,#3658,.T.);
#5672=ORIENTED_EDGE('',*,*,#3858,.T.);
#5673=ORIENTED_EDGE('',*,*,#3865,.T.);
#5674=ORIENTED_EDGE('',*,*,#3652,.T.);
#5675=ORIENTED_EDGE('',*,*,#3621,.T.);
#5676=ORIENTED_EDGE('',*,*,#3864,.T.);
#5677=ORIENTED_EDGE('',*,*,#3646,.F.);
#5678=ORIENTED_EDGE('',*,*,#3866,.F.);
#5679=ORIENTED_EDGE('',*,*,#3862,.F.);
#5680=ORIENTED_EDGE('',*,*,#3618,.F.);
#5681=ORIENTED_EDGE('',*,*,#3768,.T.);
#5682=ORIENTED_EDGE('',*,*,#3676,.T.);
#5683=ORIENTED_EDGE('',*,*,#3519,.T.);
#5684=ORIENTED_EDGE('',*,*,#3523,.F.);
#5685=PLANE('',#6170);
#5686=PLANE('',#6172);
#5687=PLANE('',#6173);
#5688=PLANE('',#6240);
#5689=PLANE('',#6241);
#5690=PLANE('',#6242);
#5691=PLANE('',#6243);
#5692=PLANE('',#6244);
#5693=PLANE('',#6245);
#5694=PLANE('',#6246);
#5695=PLANE('',#6247);
#5696=PLANE('',#6248);
#5697=PLANE('',#6249);
#5698=PLANE('',#6250);
#5699=PLANE('',#6251);
#5700=PLANE('',#6252);
#5701=PLANE('',#6253);
#5702=PLANE('',#6254);
#5703=PLANE('',#6255);
#5704=PLANE('',#6260);
#5705=PLANE('',#6261);
#5706=PLANE('',#6266);
#5707=PLANE('',#6267);
#5708=PLANE('',#6268);
#5709=PLANE('',#6271);
#5710=PLANE('',#6276);
#5711=PLANE('',#6277);
#5712=PLANE('',#6280);
#5713=PLANE('',#6283);
#5714=PLANE('',#6288);
#5715=PLANE('',#6291);
#5716=PLANE('',#6294);
#5717=PLANE('',#6299);
#5718=PLANE('',#6302);
#5719=PLANE('',#6305);
#5720=PLANE('',#6310);
#5721=PLANE('',#6313);
#5722=PLANE('',#6318);
#5723=PLANE('',#6321);
#5724=PLANE('',#6326);
#5725=PLANE('',#6329);
#5726=PLANE('',#6332);
#5727=PLANE('',#6337);
#5728=PLANE('',#6340);
#5729=PLANE('',#6343);
#5730=PLANE('',#6348);
#5731=PLANE('',#6351);
#5732=PLANE('',#6356);
#5733=PLANE('',#6437);
#5734=PLANE('',#6483);
#5735=PLANE('',#6484);
#5736=PLANE('',#6485);
#5737=PLANE('',#6486);
#5738=PLANE('',#6487);
#5739=PLANE('',#6488);
#5740=PLANE('',#6489);
#5741=PLANE('',#6490);
#5742=PLANE('',#6491);
#5743=PLANE('',#6492);
#5744=PLANE('',#6493);
#5745=PLANE('',#6494);
#5746=PLANE('',#6495);
#5747=PLANE('',#6496);
#5748=PLANE('',#6497);
#5749=PLANE('',#6498);
#5750=PLANE('',#6499);
#5751=PLANE('',#6500);
#5752=PLANE('',#6512);
#5753=PLANE('',#6513);
#5754=PLANE('',#6514);
#5755=PLANE('',#6515);
#5756=PLANE('',#6516);
#5757=PLANE('',#6517);
#5758=PLANE('',#6521);
#5759=PLANE('',#6523);
#5760=PLANE('',#6524);
#5761=PLANE('',#6525);
#5762=PLANE('',#6531);
#5763=PLANE('',#6532);
#5764=PLANE('',#6533);
#5765=PLANE('',#6536);
#5766=PLANE('',#6537);
#5767=PLANE('',#6541);
#5768=PLANE('',#6542);
#5769=PLANE('',#6543);
#5770=PLANE('',#6544);
#5771=PLANE('',#6547);
#5772=PLANE('',#6550);
#5773=PLANE('',#6554);
#5774=PLANE('',#6558);
#5775=PLANE('',#6559);
#5776=PLANE('',#6616);
#5777=PLANE('',#6619);
#5778=PLANE('',#6622);
#5779=PLANE('',#6625);
#5780=PLANE('',#6628);
#5781=PLANE('',#6634);
#5782=PLANE('',#6638);
#5783=PLANE('',#6644);
#5784=PLANE('',#6649);
#5785=PLANE('',#6650);
#5786=PLANE('',#6693);
#5787=PLANE('',#6694);
#5788=PLANE('',#6695);
#5789=PLANE('',#6696);
#5790=PLANE('',#6697);
#5791=PLANE('',#6698);
#5792=PLANE('',#6699);
#5793=PLANE('',#6701);
#5794=PLANE('',#6703);
#5795=PLANE('',#6705);
#5796=PLANE('',#6707);
#5797=PLANE('',#6709);
#5798=PLANE('',#6711);
#5799=PLANE('',#6713);
#5800=PLANE('',#6715);
#5801=PLANE('',#6717);
#5802=PLANE('',#6719);
#5803=PLANE('',#6721);
#5804=PLANE('',#6723);
#5805=PLANE('',#6725);
#5806=PLANE('',#6727);
#5807=PLANE('',#6729);
#5808=PLANE('',#6731);
#5809=PLANE('',#6733);
#5810=PLANE('',#6735);
#5811=PLANE('',#6737);
#5812=PLANE('',#6739);
#5813=PLANE('',#6741);
#5814=PLANE('',#6743);
#5815=PLANE('',#6744);
#5816=PLANE('',#6745);
#5817=PLANE('',#6746);
#5818=PLANE('',#6747);
#5819=PLANE('',#6748);
#5820=PLANE('',#6749);
#5821=PLANE('',#6750);
#5822=PLANE('',#6751);
#5823=PLANE('',#6752);
#5824=PLANE('',#6753);
#5825=PLANE('',#6754);
#5826=PLANE('',#6755);
#5827=PLANE('',#6756);
#5828=PLANE('',#6757);
#5829=PLANE('',#6758);
#5830=PLANE('',#6759);
#5831=PLANE('',#6760);
#5832=PLANE('',#6761);
#5833=PLANE('',#6762);
#5834=PLANE('',#6785);
#5835=PLANE('',#6791);
#5836=PLANE('',#6792);
#5837=PLANE('',#6795);
#5838=ADVANCED_FACE('',(#515,#182),#5685,.T.);
#5839=ADVANCED_FACE('',(#516),#5686,.F.);
#5840=ADVANCED_FACE('',(#517,#183),#5687,.T.);
#5841=ADVANCED_FACE('',(#518),#19,.F.);
#5842=ADVANCED_FACE('',(#519),#5688,.F.);
#5843=ADVANCED_FACE('',(#520),#5689,.F.);
#5844=ADVANCED_FACE('',(#521),#5690,.F.);
#5845=ADVANCED_FACE('',(#522),#5691,.F.);
#5846=ADVANCED_FACE('',(#523),#5692,.F.);
#5847=ADVANCED_FACE('',(#524),#5693,.F.);
#5848=ADVANCED_FACE('',(#525),#5694,.F.);
#5849=ADVANCED_FACE('',(#526),#5695,.F.);
#5850=ADVANCED_FACE('',(#527),#5696,.F.);
#5851=ADVANCED_FACE('',(#528),#5697,.F.);
#5852=ADVANCED_FACE('',(#529),#5698,.F.);
#5853=ADVANCED_FACE('',(#530),#5699,.F.);
#5854=ADVANCED_FACE('',(#531),#5700,.F.);
#5855=ADVANCED_FACE('',(#532),#5701,.F.);
#5856=ADVANCED_FACE('',(#533),#5702,.F.);
#5857=ADVANCED_FACE('',(#534),#5703,.T.);
#5858=ADVANCED_FACE('',(#535),#20,.F.);
#5859=ADVANCED_FACE('',(#536),#21,.F.);
#5860=ADVANCED_FACE('',(#537),#5704,.T.);
#5861=ADVANCED_FACE('',(#538),#5705,.T.);
#5862=ADVANCED_FACE('',(#539),#22,.F.);
#5863=ADVANCED_FACE('',(#540),#23,.F.);
#5864=ADVANCED_FACE('',(#541),#5706,.T.);
#5865=ADVANCED_FACE('',(#542),#5707,.T.);
#5866=ADVANCED_FACE('',(#543),#5708,.T.);
#5867=ADVANCED_FACE('',(#544),#24,.F.);
#5868=ADVANCED_FACE('',(#545),#5709,.T.);
#5869=ADVANCED_FACE('',(#546),#25,.F.);
#5870=ADVANCED_FACE('',(#547),#26,.F.);
#5871=ADVANCED_FACE('',(#548),#5710,.T.);
#5872=ADVANCED_FACE('',(#549),#5711,.T.);
#5873=ADVANCED_FACE('',(#550),#27,.T.);
#5874=ADVANCED_FACE('',(#551),#5712,.T.);
#5875=ADVANCED_FACE('',(#552),#28,.T.);
#5876=ADVANCED_FACE('',(#553),#5713,.T.);
#5877=ADVANCED_FACE('',(#554),#29,.F.);
#5878=ADVANCED_FACE('',(#555),#30,.F.);
#5879=ADVANCED_FACE('',(#556),#5714,.T.);
#5880=ADVANCED_FACE('',(#557),#31,.T.);
#5881=ADVANCED_FACE('',(#558),#5715,.T.);
#5882=ADVANCED_FACE('',(#559),#32,.T.);
#5883=ADVANCED_FACE('',(#560),#5716,.T.);
#5884=ADVANCED_FACE('',(#561),#33,.F.);
#5885=ADVANCED_FACE('',(#562),#34,.F.);
#5886=ADVANCED_FACE('',(#563),#5717,.T.);
#5887=ADVANCED_FACE('',(#564),#35,.T.);
#5888=ADVANCED_FACE('',(#565),#5718,.T.);
#5889=ADVANCED_FACE('',(#566),#36,.T.);
#5890=ADVANCED_FACE('',(#567),#5719,.T.);
#5891=ADVANCED_FACE('',(#568),#37,.F.);
#5892=ADVANCED_FACE('',(#569),#38,.F.);
#5893=ADVANCED_FACE('',(#570),#5720,.T.);
#5894=ADVANCED_FACE('',(#571),#39,.T.);
#5895=ADVANCED_FACE('',(#572),#5721,.T.);
#5896=ADVANCED_FACE('',(#573),#40,.T.);
#5897=ADVANCED_FACE('',(#574),#41,.T.);
#5898=ADVANCED_FACE('',(#575),#5722,.T.);
#5899=ADVANCED_FACE('',(#576),#42,.T.);
#5900=ADVANCED_FACE('',(#577),#5723,.T.);
#5901=ADVANCED_FACE('',(#578),#43,.F.);
#5902=ADVANCED_FACE('',(#579),#44,.F.);
#5903=ADVANCED_FACE('',(#580),#5724,.T.);
#5904=ADVANCED_FACE('',(#581),#45,.T.);
#5905=ADVANCED_FACE('',(#582),#5725,.T.);
#5906=ADVANCED_FACE('',(#583),#46,.T.);
#5907=ADVANCED_FACE('',(#584),#5726,.T.);
#5908=ADVANCED_FACE('',(#585),#47,.F.);
#5909=ADVANCED_FACE('',(#586),#48,.F.);
#5910=ADVANCED_FACE('',(#587),#5727,.T.);
#5911=ADVANCED_FACE('',(#588),#49,.T.);
#5912=ADVANCED_FACE('',(#589),#5728,.T.);
#5913=ADVANCED_FACE('',(#590),#50,.T.);
#5914=ADVANCED_FACE('',(#591),#5729,.T.);
#5915=ADVANCED_FACE('',(#592),#51,.F.);
#5916=ADVANCED_FACE('',(#593),#52,.F.);
#5917=ADVANCED_FACE('',(#594),#5730,.T.);
#5918=ADVANCED_FACE('',(#595),#53,.T.);
#5919=ADVANCED_FACE('',(#596),#5731,.T.);
#5920=ADVANCED_FACE('',(#597),#54,.T.);
#5921=ADVANCED_FACE('',(#598),#55,.T.);
#5922=ADVANCED_FACE('',(#599),#5732,.T.);
#5923=ADVANCED_FACE('',(#600),#56,.F.);
#5924=ADVANCED_FACE('',(#601),#57,.T.);
#5925=ADVANCED_FACE('',(#602),#58,.F.);
#5926=ADVANCED_FACE('',(#603),#59,.T.);
#5927=ADVANCED_FACE('',(#604),#60,.F.);
#5928=ADVANCED_FACE('',(#605),#61,.F.);
#5929=ADVANCED_FACE('',(#606),#62,.T.);
#5930=ADVANCED_FACE('',(#607),#63,.T.);
#5931=ADVANCED_FACE('',(#608),#64,.F.);
#5932=ADVANCED_FACE('',(#609),#65,.T.);
#5933=ADVANCED_FACE('',(#610),#66,.F.);
#5934=ADVANCED_FACE('',(#611),#67,.T.);
#5935=ADVANCED_FACE('',(#612),#68,.F.);
#5936=ADVANCED_FACE('',(#613),#69,.T.);
#5937=ADVANCED_FACE('',(#614),#70,.F.);
#5938=ADVANCED_FACE('',(#615),#71,.T.);
#5939=ADVANCED_FACE('',(#616),#72,.F.);
#5940=ADVANCED_FACE('',(#617),#73,.T.);
#5941=ADVANCED_FACE('',(#618),#74,.F.);
#5942=ADVANCED_FACE('',(#619),#75,.T.);
#5943=ADVANCED_FACE('',(#620),#76,.F.);
#5944=ADVANCED_FACE('',(#621),#77,.T.);
#5945=ADVANCED_FACE('',(#622),#78,.F.);
#5946=ADVANCED_FACE('',(#623),#79,.T.);
#5947=ADVANCED_FACE('',(#624),#80,.F.);
#5948=ADVANCED_FACE('',(#625),#81,.T.);
#5949=ADVANCED_FACE('',(#626),#82,.F.);
#5950=ADVANCED_FACE('',(#627),#83,.T.);
#5951=ADVANCED_FACE('',(#628),#84,.F.);
#5952=ADVANCED_FACE('',(#629),#85,.T.);
#5953=ADVANCED_FACE('',(#630),#86,.F.);
#5954=ADVANCED_FACE('',(#631),#87,.T.);
#5955=ADVANCED_FACE('',(#632,#184),#5733,.F.);
#5956=ADVANCED_FACE('',(#633),#88,.T.);
#5957=ADVANCED_FACE('',(#634),#89,.F.);
#5958=ADVANCED_FACE('',(#635),#90,.T.);
#5959=ADVANCED_FACE('',(#636),#91,.F.);
#5960=ADVANCED_FACE('',(#637),#92,.F.);
#5961=ADVANCED_FACE('',(#638),#93,.T.);
#5962=ADVANCED_FACE('',(#639),#94,.T.);
#5963=ADVANCED_FACE('',(#640),#95,.F.);
#5964=ADVANCED_FACE('',(#641),#96,.F.);
#5965=ADVANCED_FACE('',(#642),#97,.T.);
#5966=ADVANCED_FACE('',(#643),#98,.F.);
#5967=ADVANCED_FACE('',(#644),#99,.T.);
#5968=ADVANCED_FACE('',(#645),#100,.T.);
#5969=ADVANCED_FACE('',(#646),#101,.F.);
#5970=ADVANCED_FACE('',(#647),#102,.T.);
#5971=ADVANCED_FACE('',(#648),#103,.T.);
#5972=ADVANCED_FACE('',(#649),#104,.F.);
#5973=ADVANCED_FACE('',(#650),#5734,.T.);
#5974=ADVANCED_FACE('',(#651),#5735,.T.);
#5975=ADVANCED_FACE('',(#652),#5736,.T.);
#5976=ADVANCED_FACE('',(#653),#5737,.T.);
#5977=ADVANCED_FACE('',(#654),#5738,.T.);
#5978=ADVANCED_FACE('',(#655),#5739,.T.);
#5979=ADVANCED_FACE('',(#656),#5740,.T.);
#5980=ADVANCED_FACE('',(#657),#5741,.T.);
#5981=ADVANCED_FACE('',(#658),#5742,.T.);
#5982=ADVANCED_FACE('',(#659),#5743,.T.);
#5983=ADVANCED_FACE('',(#660),#5744,.T.);
#5984=ADVANCED_FACE('',(#661),#5745,.T.);
#5985=ADVANCED_FACE('',(#662),#5746,.T.);
#5986=ADVANCED_FACE('',(#663),#5747,.T.);
#5987=ADVANCED_FACE('',(#664),#5748,.T.);
#5988=ADVANCED_FACE('',(#665),#5749,.T.);
#5989=ADVANCED_FACE('',(#666),#5750,.T.);
#5990=ADVANCED_FACE('',(#667),#5751,.T.);
#5991=ADVANCED_FACE('',(#668),#105,.F.);
#5992=ADVANCED_FACE('',(#669),#106,.T.);
#5993=ADVANCED_FACE('',(#670),#107,.F.);
#5994=ADVANCED_FACE('',(#671),#108,.T.);
#5995=ADVANCED_FACE('',(#672),#109,.F.);
#5996=ADVANCED_FACE('',(#673),#110,.T.);
#5997=ADVANCED_FACE('',(#674),#111,.T.);
#5998=ADVANCED_FACE('',(#675),#112,.T.);
#5999=ADVANCED_FACE('',(#676),#113,.F.);
#6000=ADVANCED_FACE('',(#677),#114,.T.);
#6001=ADVANCED_FACE('',(#678),#115,.F.);
#6002=ADVANCED_FACE('',(#679),#5752,.T.);
#6003=ADVANCED_FACE('',(#680),#5753,.T.);
#6004=ADVANCED_FACE('',(#681),#5754,.F.);
#6005=ADVANCED_FACE('',(#682),#5755,.T.);
#6006=ADVANCED_FACE('',(#683),#5756,.T.);
#6007=ADVANCED_FACE('',(#684),#5757,.F.);
#6008=ADVANCED_FACE('',(#685),#116,.T.);
#6009=ADVANCED_FACE('',(#686),#5758,.F.);
#6010=ADVANCED_FACE('',(#687),#5759,.T.);
#6011=ADVANCED_FACE('',(#688),#5760,.T.);
#6012=ADVANCED_FACE('',(#689),#5761,.F.);
#6013=ADVANCED_FACE('',(#690),#117,.T.);
#6014=ADVANCED_FACE('',(#691),#5762,.T.);
#6015=ADVANCED_FACE('',(#692),#5763,.T.);
#6016=ADVANCED_FACE('',(#693),#5764,.F.);
#6017=ADVANCED_FACE('',(#694),#118,.T.);
#6018=ADVANCED_FACE('',(#695),#5765,.F.);
#6019=ADVANCED_FACE('',(#696,#185,#186),#5766,.T.);
#6020=ADVANCED_FACE('',(#697),#119,.T.);
#6021=ADVANCED_FACE('',(#698),#5767,.F.);
#6022=ADVANCED_FACE('',(#699),#5768,.T.);
#6023=ADVANCED_FACE('',(#700),#5769,.F.);
#6024=ADVANCED_FACE('',(#701,#187,#188),#5770,.F.);
#6025=ADVANCED_FACE('',(#702),#5771,.T.);
#6026=ADVANCED_FACE('',(#703),#120,.F.);
#6027=ADVANCED_FACE('',(#704,#189),#5772,.F.);
#6028=ADVANCED_FACE('',(#705),#121,.F.);
#6029=ADVANCED_FACE('',(#706,#190),#5773,.F.);
#6030=ADVANCED_FACE('',(#707),#122,.F.);
#6031=ADVANCED_FACE('',(#708),#123,.F.);
#6032=ADVANCED_FACE('',(#709),#5774,.F.);
#6033=ADVANCED_FACE('',(#710,#191,#192,#193,#194,#195),#5775,.T.);
#6034=ADVANCED_FACE('',(#711),#124,.T.);
#6035=ADVANCED_FACE('',(#712),#5776,.F.);
#6036=ADVANCED_FACE('',(#713),#125,.T.);
#6037=ADVANCED_FACE('',(#714),#5777,.F.);
#6038=ADVANCED_FACE('',(#715),#126,.T.);
#6039=ADVANCED_FACE('',(#716),#5778,.F.);
#6040=ADVANCED_FACE('',(#717),#127,.T.);
#6041=ADVANCED_FACE('',(#718),#5779,.T.);
#6042=ADVANCED_FACE('',(#719),#128,.F.);
#6043=ADVANCED_FACE('',(#720,#196),#5780,.F.);
#6044=ADVANCED_FACE('',(#721),#129,.F.);
#6045=ADVANCED_FACE('',(#722),#130,.F.);
#6046=ADVANCED_FACE('',(#723,#197),#5781,.F.);
#6047=ADVANCED_FACE('',(#724),#131,.F.);
#6048=ADVANCED_FACE('',(#725,#198,#199),#5782,.T.);
#6049=ADVANCED_FACE('',(#726),#132,.F.);
#6050=ADVANCED_FACE('',(#727,#200),#5783,.F.);
#6051=ADVANCED_FACE('',(#728),#133,.F.);
#6052=ADVANCED_FACE('',(#729),#134,.T.);
#6053=ADVANCED_FACE('',(#730),#135,.T.);
#6054=ADVANCED_FACE('',(#731),#5784,.F.);
#6055=ADVANCED_FACE('',(#732,#201),#5785,.T.);
#6056=ADVANCED_FACE('',(#733),#5786,.T.);
#6057=ADVANCED_FACE('',(#734),#5787,.F.);
#6058=ADVANCED_FACE('',(#735),#5788,.T.);
#6059=ADVANCED_FACE('',(#736),#5789,.F.);
#6060=ADVANCED_FACE('',(#737),#5790,.T.);
#6061=ADVANCED_FACE('',(#738),#5791,.F.);
#6062=ADVANCED_FACE('',(#739),#5792,.T.);
#6063=ADVANCED_FACE('',(#740),#136,.F.);
#6064=ADVANCED_FACE('',(#741),#5793,.T.);
#6065=ADVANCED_FACE('',(#742),#137,.F.);
#6066=ADVANCED_FACE('',(#743),#5794,.F.);
#6067=ADVANCED_FACE('',(#744),#138,.F.);
#6068=ADVANCED_FACE('',(#745),#5795,.T.);
#6069=ADVANCED_FACE('',(#746),#139,.T.);
#6070=ADVANCED_FACE('',(#747),#5796,.T.);
#6071=ADVANCED_FACE('',(#748),#140,.T.);
#6072=ADVANCED_FACE('',(#749),#5797,.T.);
#6073=ADVANCED_FACE('',(#750),#141,.F.);
#6074=ADVANCED_FACE('',(#751),#5798,.F.);
#6075=ADVANCED_FACE('',(#752),#142,.F.);
#6076=ADVANCED_FACE('',(#753),#5799,.T.);
#6077=ADVANCED_FACE('',(#754),#143,.T.);
#6078=ADVANCED_FACE('',(#755),#5800,.T.);
#6079=ADVANCED_FACE('',(#756),#144,.T.);
#6080=ADVANCED_FACE('',(#757),#5801,.T.);
#6081=ADVANCED_FACE('',(#758),#145,.F.);
#6082=ADVANCED_FACE('',(#759),#5802,.F.);
#6083=ADVANCED_FACE('',(#760),#146,.F.);
#6084=ADVANCED_FACE('',(#761),#5803,.T.);
#6085=ADVANCED_FACE('',(#762),#147,.T.);
#6086=ADVANCED_FACE('',(#763),#5804,.T.);
#6087=ADVANCED_FACE('',(#764),#148,.T.);
#6088=ADVANCED_FACE('',(#765),#5805,.T.);
#6089=ADVANCED_FACE('',(#766),#149,.F.);
#6090=ADVANCED_FACE('',(#767),#5806,.F.);
#6091=ADVANCED_FACE('',(#768),#150,.F.);
#6092=ADVANCED_FACE('',(#769),#5807,.T.);
#6093=ADVANCED_FACE('',(#770),#151,.T.);
#6094=ADVANCED_FACE('',(#771),#5808,.T.);
#6095=ADVANCED_FACE('',(#772),#152,.T.);
#6096=ADVANCED_FACE('',(#773),#5809,.T.);
#6097=ADVANCED_FACE('',(#774),#153,.F.);
#6098=ADVANCED_FACE('',(#775),#5810,.F.);
#6099=ADVANCED_FACE('',(#776),#154,.F.);
#6100=ADVANCED_FACE('',(#777),#5811,.T.);
#6101=ADVANCED_FACE('',(#778),#155,.T.);
#6102=ADVANCED_FACE('',(#779),#5812,.T.);
#6103=ADVANCED_FACE('',(#780),#156,.T.);
#6104=ADVANCED_FACE('',(#781),#5813,.T.);
#6105=ADVANCED_FACE('',(#782),#157,.F.);
#6106=ADVANCED_FACE('',(#783),#5814,.F.);
#6107=ADVANCED_FACE('',(#784),#5815,.F.);
#6108=ADVANCED_FACE('',(#785),#5816,.F.);
#6109=ADVANCED_FACE('',(#786),#5817,.F.);
#6110=ADVANCED_FACE('',(#787),#5818,.F.);
#6111=ADVANCED_FACE('',(#788),#5819,.T.);
#6112=ADVANCED_FACE('',(#789),#5820,.T.);
#6113=ADVANCED_FACE('',(#790),#5821,.T.);
#6114=ADVANCED_FACE('',(#791),#5822,.T.);
#6115=ADVANCED_FACE('',(#792),#5823,.T.);
#6116=ADVANCED_FACE('',(#793),#5824,.T.);
#6117=ADVANCED_FACE('',(#794),#5825,.T.);
#6118=ADVANCED_FACE('',(#795),#5826,.T.);
#6119=ADVANCED_FACE('',(#796),#5827,.T.);
#6120=ADVANCED_FACE('',(#797),#5828,.T.);
#6121=ADVANCED_FACE('',(#798),#5829,.T.);
#6122=ADVANCED_FACE('',(#799),#5830,.T.);
#6123=ADVANCED_FACE('',(#800),#5831,.T.);
#6124=ADVANCED_FACE('',(#801),#5832,.T.);
#6125=ADVANCED_FACE('',(#802),#5833,.T.);
#6126=ADVANCED_FACE('',(#803),#158,.F.);
#6127=ADVANCED_FACE('',(#804),#159,.T.);
#6128=ADVANCED_FACE('',(#805),#160,.T.);
#6129=ADVANCED_FACE('',(#806),#161,.F.);
#6130=ADVANCED_FACE('',(#807),#162,.F.);
#6131=ADVANCED_FACE('',(#808),#163,.T.);
#6132=ADVANCED_FACE('',(#809),#164,.T.);
#6133=ADVANCED_FACE('',(#810),#165,.F.);
#6134=ADVANCED_FACE('',(#811),#166,.F.);
#6135=ADVANCED_FACE('',(#812),#167,.T.);
#6136=ADVANCED_FACE('',(#813),#168,.T.);
#6137=ADVANCED_FACE('',(#814),#169,.F.);
#6138=ADVANCED_FACE('',(#815),#170,.F.);
#6139=ADVANCED_FACE('',(#816),#171,.T.);
#6140=ADVANCED_FACE('',(#817),#172,.T.);
#6141=ADVANCED_FACE('',(#818),#173,.F.);
#6142=ADVANCED_FACE('',(#819),#174,.F.);
#6143=ADVANCED_FACE('',(#820),#175,.T.);
#6144=ADVANCED_FACE('',(#821),#176,.T.);
#6145=ADVANCED_FACE('',(#822),#177,.F.);
#6146=ADVANCED_FACE('',(#823),#178,.F.);
#6147=ADVANCED_FACE('',(#824,#202),#5834,.F.);
#6148=ADVANCED_FACE('',(#825),#179,.F.);
#6149=ADVANCED_FACE('',(#826),#180,.T.);
#6150=ADVANCED_FACE('',(#827),#5835,.F.);
#6151=ADVANCED_FACE('',(#828,#203,#204),#5836,.T.);
#6152=ADVANCED_FACE('',(#829),#181,.T.);
#6153=ADVANCED_FACE('',(#830),#5837,.F.);
#6154=CLOSED_SHELL('',(#5838,#5839,#5840,#5841,#5842,#5843,#5844,#5845,
#5846,#5847,#5848,#5849,#5850,#5851,#5852,#5853,#5854,#5855,#5856,#5857,
#5858,#5859,#5860,#5861,#5862,#5863,#5864,#5865,#5866,#5867,#5868,#5869,
#5870,#5871,#5872,#5873,#5874,#5875,#5876,#5877,#5878,#5879,#5880,#5881,
#5882,#5883,#5884,#5885,#5886,#5887,#5888,#5889,#5890,#5891,#5892,#5893,
#5894,#5895,#5896,#5897,#5898,#5899,#5900,#5901,#5902,#5903,#5904,#5905,
#5906,#5907,#5908,#5909,#5910,#5911,#5912,#5913,#5914,#5915,#5916,#5917,
#5918,#5919,#5920,#5921,#5922,#5923,#5924,#5925,#5926,#5927,#5928,#5929,
#5930,#5931,#5932,#5933,#5934,#5935,#5936,#5937,#5938,#5939,#5940,#5941,
#5942,#5943,#5944,#5945,#5946,#5947,#5948,#5949,#5950,#5951,#5952,#5953,
#5954,#5955,#5956,#5957,#5958,#5959,#5960,#5961,#5962,#5963,#5964,#5965,
#5966,#5967,#5968,#5969,#5970,#5971,#5972,#5973,#5974,#5975,#5976,#5977,
#5978,#5979,#5980,#5981,#5982,#5983,#5984,#5985,#5986,#5987,#5988,#5989,
#5990,#5991,#5992,#5993,#5994,#5995,#5996,#5997,#5998,#5999,#6000,#6001));
#6155=CLOSED_SHELL('',(#6002,#6003,#6004,#6005,#6006,#6007,#6008,#6009,
#6010,#6011,#6012,#6013,#6014,#6015,#6016,#6017,#6018,#6019,#6020,#6021,
#6022,#6023,#6024,#6025,#6026,#6027,#6028,#6029,#6030,#6031));
#6156=CLOSED_SHELL('',(#6032,#6033,#6034,#6035,#6036,#6037,#6038,#6039,
#6040,#6041,#6042,#6043,#6044,#6045,#6046,#6047,#6048,#6049,#6050,#6051,
#6052,#6053,#6054,#6055,#6056,#6057,#6058,#6059,#6060,#6061,#6062,#6063,
#6064,#6065,#6066,#6067,#6068,#6069,#6070,#6071,#6072,#6073,#6074,#6075,
#6076,#6077,#6078,#6079,#6080,#6081,#6082,#6083,#6084,#6085,#6086,#6087,
#6088,#6089,#6090,#6091,#6092,#6093,#6094,#6095,#6096,#6097,#6098,#6099,
#6100,#6101,#6102,#6103,#6104,#6105,#6106,#6107,#6108,#6109,#6110,#6111,
#6112,#6113,#6114,#6115,#6116,#6117,#6118,#6119,#6120,#6121,#6122,#6123,
#6124,#6125,#6126,#6127,#6128,#6129,#6130,#6131,#6132,#6133,#6134,#6135,
#6136,#6137,#6138,#6139,#6140,#6141,#6142,#6143,#6144,#6145,#6146,#6147,
#6148,#6149,#6150,#6151,#6152,#6153));
#6157=DERIVED_UNIT_ELEMENT(#6159,1.);
#6158=DERIVED_UNIT_ELEMENT(#10470,-3.);
#6159=(
MASS_UNIT()
NAMED_UNIT(*)
SI_UNIT(.KILO.,.GRAM.)
);
#6160=DERIVED_UNIT((#6157,#6158));
#6161=MEASURE_REPRESENTATION_ITEM('density measure',
POSITIVE_RATIO_MEASURE(7850.),#6160);
#6162=PROPERTY_DEFINITION_REPRESENTATION(#6167,#6164);
#6163=PROPERTY_DEFINITION_REPRESENTATION(#6168,#6165);
#6164=REPRESENTATION('material name',(#6166),#10467);
#6165=REPRESENTATION('density',(#6161),#10467);
#6166=DESCRIPTIVE_REPRESENTATION_ITEM('\X2\92FC\X0\','\X2\92FC\X0\');
#6167=PROPERTY_DEFINITION('material property','material name',#10477);
#6168=PROPERTY_DEFINITION('material property','density of part',#10477);
#6169=AXIS2_PLACEMENT_3D('',#8649,#6796,#6797);
#6170=AXIS2_PLACEMENT_3D('',#8650,#6798,#6799);
#6171=AXIS2_PLACEMENT_3D('',#8684,#6816,#6817);
#6172=AXIS2_PLACEMENT_3D('',#8685,#6818,#6819);
#6173=AXIS2_PLACEMENT_3D('',#8691,#6823,#6824);
#6174=AXIS2_PLACEMENT_3D('',#8696,#6826,#6827);
#6175=AXIS2_PLACEMENT_3D('',#8700,#6829,#6830);
#6176=AXIS2_PLACEMENT_3D('',#8704,#6832,#6833);
#6177=AXIS2_PLACEMENT_3D('',#8706,#6834,#6835);
#6178=AXIS2_PLACEMENT_3D('',#8710,#6837,#6838);
#6179=AXIS2_PLACEMENT_3D('',#8714,#6840,#6841);
#6180=AXIS2_PLACEMENT_3D('',#8718,#6843,#6844);
#6181=AXIS2_PLACEMENT_3D('',#8720,#6845,#6846);
#6182=AXIS2_PLACEMENT_3D('',#8724,#6848,#6849);
#6183=AXIS2_PLACEMENT_3D('',#8728,#6851,#6852);
#6184=AXIS2_PLACEMENT_3D('',#8732,#6854,#6855);
#6185=AXIS2_PLACEMENT_3D('',#8734,#6856,#6857);
#6186=AXIS2_PLACEMENT_3D('',#8738,#6859,#6860);
#6187=AXIS2_PLACEMENT_3D('',#8742,#6862,#6863);
#6188=AXIS2_PLACEMENT_3D('',#8746,#6865,#6866);
#6189=AXIS2_PLACEMENT_3D('',#8748,#6867,#6868);
#6190=AXIS2_PLACEMENT_3D('',#8752,#6870,#6871);
#6191=AXIS2_PLACEMENT_3D('',#8756,#6873,#6874);
#6192=AXIS2_PLACEMENT_3D('',#8760,#6876,#6877);
#6193=AXIS2_PLACEMENT_3D('',#8762,#6878,#6879);
#6194=AXIS2_PLACEMENT_3D('',#8766,#6881,#6882);
#6195=AXIS2_PLACEMENT_3D('',#8770,#6884,#6885);
#6196=AXIS2_PLACEMENT_3D('',#8774,#6887,#6888);
#6197=AXIS2_PLACEMENT_3D('',#8776,#6889,#6890);
#6198=AXIS2_PLACEMENT_3D('',#8780,#6892,#6893);
#6199=AXIS2_PLACEMENT_3D('',#8784,#6895,#6896);
#6200=AXIS2_PLACEMENT_3D('',#8788,#6898,#6899);
#6201=AXIS2_PLACEMENT_3D('',#8790,#6900,#6901);
#6202=AXIS2_PLACEMENT_3D('',#8794,#6903,#6904);
#6203=AXIS2_PLACEMENT_3D('',#8798,#6906,#6907);
#6204=AXIS2_PLACEMENT_3D('',#8802,#6909,#6910);
#6205=AXIS2_PLACEMENT_3D('',#8804,#6911,#6912);
#6206=AXIS2_PLACEMENT_3D('',#8808,#6914,#6915);
#6207=AXIS2_PLACEMENT_3D('',#8812,#6917,#6918);
#6208=AXIS2_PLACEMENT_3D('',#8816,#6920,#6921);
#6209=AXIS2_PLACEMENT_3D('',#8818,#6922,#6923);
#6210=AXIS2_PLACEMENT_3D('',#8822,#6925,#6926);
#6211=AXIS2_PLACEMENT_3D('',#8826,#6928,#6929);
#6212=AXIS2_PLACEMENT_3D('',#8830,#6931,#6932);
#6213=AXIS2_PLACEMENT_3D('',#8832,#6933,#6934);
#6214=AXIS2_PLACEMENT_3D('',#8836,#6936,#6937);
#6215=AXIS2_PLACEMENT_3D('',#8840,#6939,#6940);
#6216=AXIS2_PLACEMENT_3D('',#8844,#6942,#6943);
#6217=AXIS2_PLACEMENT_3D('',#8846,#6944,#6945);
#6218=AXIS2_PLACEMENT_3D('',#8850,#6947,#6948);
#6219=AXIS2_PLACEMENT_3D('',#8854,#6950,#6951);
#6220=AXIS2_PLACEMENT_3D('',#8858,#6953,#6954);
#6221=AXIS2_PLACEMENT_3D('',#8860,#6955,#6956);
#6222=AXIS2_PLACEMENT_3D('',#8864,#6958,#6959);
#6223=AXIS2_PLACEMENT_3D('',#8868,#6961,#6962);
#6224=AXIS2_PLACEMENT_3D('',#8872,#6964,#6965);
#6225=AXIS2_PLACEMENT_3D('',#8874,#6966,#6967);
#6226=AXIS2_PLACEMENT_3D('',#8878,#6969,#6970);
#6227=AXIS2_PLACEMENT_3D('',#8882,#6972,#6973);
#6228=AXIS2_PLACEMENT_3D('',#8886,#6975,#6976);
#6229=AXIS2_PLACEMENT_3D('',#8888,#6977,#6978);
#6230=AXIS2_PLACEMENT_3D('',#8892,#6980,#6981);
#6231=AXIS2_PLACEMENT_3D('',#8896,#6983,#6984);
#6232=AXIS2_PLACEMENT_3D('',#8900,#6986,#6987);
#6233=AXIS2_PLACEMENT_3D('',#8902,#6988,#6989);
#6234=AXIS2_PLACEMENT_3D('',#8906,#6991,#6992);
#6235=AXIS2_PLACEMENT_3D('',#8910,#6994,#6995);
#6236=AXIS2_PLACEMENT_3D('',#8914,#6997,#6998);
#6237=AXIS2_PLACEMENT_3D('',#8915,#6999,#7000);
#6238=AXIS2_PLACEMENT_3D('',#8945,#7016,#7017);
#6239=AXIS2_PLACEMENT_3D('',#8947,#7018,#7019);
#6240=AXIS2_PLACEMENT_3D('',#8949,#7021,#7022);
#6241=AXIS2_PLACEMENT_3D('',#8952,#7025,#7026);
#6242=AXIS2_PLACEMENT_3D('',#8954,#7028,#7029);
#6243=AXIS2_PLACEMENT_3D('',#8957,#7032,#7033);
#6244=AXIS2_PLACEMENT_3D('',#8960,#7036,#7037);
#6245=AXIS2_PLACEMENT_3D('',#8962,#7039,#7040);
#6246=AXIS2_PLACEMENT_3D('',#8965,#7043,#7044);
#6247=AXIS2_PLACEMENT_3D('',#8966,#7045,#7046);
#6248=AXIS2_PLACEMENT_3D('',#8968,#7048,#7049);
#6249=AXIS2_PLACEMENT_3D('',#8971,#7052,#7053);
#6250=AXIS2_PLACEMENT_3D('',#8972,#7054,#7055);
#6251=AXIS2_PLACEMENT_3D('',#8974,#7057,#7058);
#6252=AXIS2_PLACEMENT_3D('',#8975,#7059,#7060);
#6253=AXIS2_PLACEMENT_3D('',#8976,#7061,#7062);
#6254=AXIS2_PLACEMENT_3D('',#8977,#7063,#7064);
#6255=AXIS2_PLACEMENT_3D('',#8978,#7065,#7066);
#6256=AXIS2_PLACEMENT_3D('',#8984,#7070,#7071);
#6257=AXIS2_PLACEMENT_3D('',#8989,#7074,#7075);
#6258=AXIS2_PLACEMENT_3D('',#8990,#7076,#7077);
#6259=AXIS2_PLACEMENT_3D('',#8993,#7079,#7080);
#6260=AXIS2_PLACEMENT_3D('',#8995,#7082,#7083);
#6261=AXIS2_PLACEMENT_3D('',#8999,#7086,#7087);
#6262=AXIS2_PLACEMENT_3D('',#9005,#7091,#7092);
#6263=AXIS2_PLACEMENT_3D('',#9010,#7095,#7096);
#6264=AXIS2_PLACEMENT_3D('',#9011,#7097,#7098);
#6265=AXIS2_PLACEMENT_3D('',#9014,#7100,#7101);
#6266=AXIS2_PLACEMENT_3D('',#9016,#7103,#7104);
#6267=AXIS2_PLACEMENT_3D('',#9020,#7107,#7108);
#6268=AXIS2_PLACEMENT_3D('',#9026,#7112,#7113);
#6269=AXIS2_PLACEMENT_3D('',#9032,#7117,#7118);
#6270=AXIS2_PLACEMENT_3D('',#9037,#7121,#7122);
#6271=AXIS2_PLACEMENT_3D('',#9038,#7123,#7124);
#6272=AXIS2_PLACEMENT_3D('',#9044,#7128,#7129);
#6273=AXIS2_PLACEMENT_3D('',#9049,#7132,#7133);
#6274=AXIS2_PLACEMENT_3D('',#9050,#7134,#7135);
#6275=AXIS2_PLACEMENT_3D('',#9053,#7137,#7138);
#6276=AXIS2_PLACEMENT_3D('',#9055,#7140,#7141);
#6277=AXIS2_PLACEMENT_3D('',#9059,#7144,#7145);
#6278=AXIS2_PLACEMENT_3D('',#9065,#7149,#7150);
#6279=AXIS2_PLACEMENT_3D('',#9069,#7152,#7153);
#6280=AXIS2_PLACEMENT_3D('',#9071,#7155,#7156);
#6281=AXIS2_PLACEMENT_3D('',#9075,#7159,#7160);
#6282=AXIS2_PLACEMENT_3D('',#9078,#7162,#7163);
#6283=AXIS2_PLACEMENT_3D('',#9079,#7164,#7165);
#6284=AXIS2_PLACEMENT_3D('',#9083,#7168,#7169);
#6285=AXIS2_PLACEMENT_3D('',#9088,#7172,#7173);
#6286=AXIS2_PLACEMENT_3D('',#9089,#7174,#7175);
#6287=AXIS2_PLACEMENT_3D('',#9092,#7177,#7178);
#6288=AXIS2_PLACEMENT_3D('',#9094,#7180,#7181);
#6289=AXIS2_PLACEMENT_3D('',#9098,#7184,#7185);
#6290=AXIS2_PLACEMENT_3D('',#9101,#7187,#7188);
#6291=AXIS2_PLACEMENT_3D('',#9102,#7189,#7190);
#6292=AXIS2_PLACEMENT_3D('',#9106,#7193,#7194);
#6293=AXIS2_PLACEMENT_3D('',#9109,#7196,#7197);
#6294=AXIS2_PLACEMENT_3D('',#9110,#7198,#7199);
#6295=AXIS2_PLACEMENT_3D('',#9114,#7202,#7203);
#6296=AXIS2_PLACEMENT_3D('',#9119,#7206,#7207);
#6297=AXIS2_PLACEMENT_3D('',#9120,#7208,#7209);
#6298=AXIS2_PLACEMENT_3D('',#9123,#7211,#7212);
#6299=AXIS2_PLACEMENT_3D('',#9125,#7214,#7215);
#6300=AXIS2_PLACEMENT_3D('',#9129,#7218,#7219);
#6301=AXIS2_PLACEMENT_3D('',#9132,#7221,#7222);
#6302=AXIS2_PLACEMENT_3D('',#9133,#7223,#7224);
#6303=AXIS2_PLACEMENT_3D('',#9137,#7227,#7228);
#6304=AXIS2_PLACEMENT_3D('',#9140,#7230,#7231);
#6305=AXIS2_PLACEMENT_3D('',#9141,#7232,#7233);
#6306=AXIS2_PLACEMENT_3D('',#9145,#7236,#7237);
#6307=AXIS2_PLACEMENT_3D('',#9150,#7240,#7241);
#6308=AXIS2_PLACEMENT_3D('',#9151,#7242,#7243);
#6309=AXIS2_PLACEMENT_3D('',#9154,#7245,#7246);
#6310=AXIS2_PLACEMENT_3D('',#9156,#7248,#7249);
#6311=AXIS2_PLACEMENT_3D('',#9160,#7252,#7253);
#6312=AXIS2_PLACEMENT_3D('',#9163,#7255,#7256);
#6313=AXIS2_PLACEMENT_3D('',#9164,#7257,#7258);
#6314=AXIS2_PLACEMENT_3D('',#9168,#7261,#7262);
#6315=AXIS2_PLACEMENT_3D('',#9169,#7263,#7264);
#6316=AXIS2_PLACEMENT_3D('',#9170,#7265,#7266);
#6317=AXIS2_PLACEMENT_3D('',#9173,#7268,#7269);
#6318=AXIS2_PLACEMENT_3D('',#9174,#7270,#7271);
#6319=AXIS2_PLACEMENT_3D('',#9178,#7274,#7275);
#6320=AXIS2_PLACEMENT_3D('',#9181,#7277,#7278);
#6321=AXIS2_PLACEMENT_3D('',#9182,#7279,#7280);
#6322=AXIS2_PLACEMENT_3D('',#9186,#7283,#7284);
#6323=AXIS2_PLACEMENT_3D('',#9191,#7287,#7288);
#6324=AXIS2_PLACEMENT_3D('',#9192,#7289,#7290);
#6325=AXIS2_PLACEMENT_3D('',#9195,#7292,#7293);
#6326=AXIS2_PLACEMENT_3D('',#9197,#7295,#7296);
#6327=AXIS2_PLACEMENT_3D('',#9201,#7299,#7300);
#6328=AXIS2_PLACEMENT_3D('',#9204,#7302,#7303);
#6329=AXIS2_PLACEMENT_3D('',#9205,#7304,#7305);
#6330=AXIS2_PLACEMENT_3D('',#9209,#7308,#7309);
#6331=AXIS2_PLACEMENT_3D('',#9212,#7311,#7312);
#6332=AXIS2_PLACEMENT_3D('',#9213,#7313,#7314);
#6333=AXIS2_PLACEMENT_3D('',#9217,#7317,#7318);
#6334=AXIS2_PLACEMENT_3D('',#9222,#7321,#7322);
#6335=AXIS2_PLACEMENT_3D('',#9223,#7323,#7324);
#6336=AXIS2_PLACEMENT_3D('',#9226,#7326,#7327);
#6337=AXIS2_PLACEMENT_3D('',#9228,#7329,#7330);
#6338=AXIS2_PLACEMENT_3D('',#9232,#7333,#7334);
#6339=AXIS2_PLACEMENT_3D('',#9235,#7336,#7337);
#6340=AXIS2_PLACEMENT_3D('',#9236,#7338,#7339);
#6341=AXIS2_PLACEMENT_3D('',#9240,#7342,#7343);
#6342=AXIS2_PLACEMENT_3D('',#9243,#7345,#7346);
#6343=AXIS2_PLACEMENT_3D('',#9244,#7347,#7348);
#6344=AXIS2_PLACEMENT_3D('',#9248,#7351,#7352);
#6345=AXIS2_PLACEMENT_3D('',#9253,#7355,#7356);
#6346=AXIS2_PLACEMENT_3D('',#9254,#7357,#7358);
#6347=AXIS2_PLACEMENT_3D('',#9257,#7360,#7361);
#6348=AXIS2_PLACEMENT_3D('',#9259,#7363,#7364);
#6349=AXIS2_PLACEMENT_3D('',#9263,#7367,#7368);
#6350=AXIS2_PLACEMENT_3D('',#9266,#7370,#7371);
#6351=AXIS2_PLACEMENT_3D('',#9267,#7372,#7373);
#6352=AXIS2_PLACEMENT_3D('',#9271,#7376,#7377);
#6353=AXIS2_PLACEMENT_3D('',#9272,#7378,#7379);
#6354=AXIS2_PLACEMENT_3D('',#9273,#7380,#7381);
#6355=AXIS2_PLACEMENT_3D('',#9276,#7383,#7384);
#6356=AXIS2_PLACEMENT_3D('',#9277,#7385,#7386);
#6357=AXIS2_PLACEMENT_3D('',#9281,#7389,#7390);
#6358=AXIS2_PLACEMENT_3D('',#9283,#7391,#7392);
#6359=AXIS2_PLACEMENT_3D('',#9286,#7394,#7395);
#6360=AXIS2_PLACEMENT_3D('',#9287,#7396,#7397);
#6361=AXIS2_PLACEMENT_3D('',#9290,#7398,#7399);
#6362=AXIS2_PLACEMENT_3D('',#9294,#7401,#7402);
#6363=AXIS2_PLACEMENT_3D('',#9296,#7404,#7405);
#6364=AXIS2_PLACEMENT_3D('',#9297,#7406,#7407);
#6365=AXIS2_PLACEMENT_3D('',#9299,#7409,#7410);
#6366=AXIS2_PLACEMENT_3D('',#9302,#7411,#7412);
#6367=AXIS2_PLACEMENT_3D('',#9306,#7414,#7415);
#6368=AXIS2_PLACEMENT_3D('',#9308,#7417,#7418);
#6369=AXIS2_PLACEMENT_3D('',#9309,#7419,#7420);
#6370=AXIS2_PLACEMENT_3D('',#9311,#7422,#7423);
#6371=AXIS2_PLACEMENT_3D('',#9313,#7424,#7425);
#6372=AXIS2_PLACEMENT_3D('',#9315,#7426,#7427);
#6373=AXIS2_PLACEMENT_3D('',#9317,#7429,#7430);
#6374=AXIS2_PLACEMENT_3D('',#9318,#7431,#7432);
#6375=AXIS2_PLACEMENT_3D('',#9319,#7433,#7434);
#6376=AXIS2_PLACEMENT_3D('',#9321,#7435,#7436);
#6377=AXIS2_PLACEMENT_3D('',#9323,#7437,#7438);
#6378=AXIS2_PLACEMENT_3D('',#9325,#7440,#7441);
#6379=AXIS2_PLACEMENT_3D('',#9326,#7442,#7443);
#6380=AXIS2_PLACEMENT_3D('',#9327,#7444,#7445);
#6381=AXIS2_PLACEMENT_3D('',#9329,#7446,#7447);
#6382=AXIS2_PLACEMENT_3D('',#9331,#7448,#7449);
#6383=AXIS2_PLACEMENT_3D('',#9333,#7451,#7452);
#6384=AXIS2_PLACEMENT_3D('',#9334,#7453,#7454);
#6385=AXIS2_PLACEMENT_3D('',#9335,#7455,#7456);
#6386=AXIS2_PLACEMENT_3D('',#9337,#7457,#7458);
#6387=AXIS2_PLACEMENT_3D('',#9339,#7459,#7460);
#6388=AXIS2_PLACEMENT_3D('',#9341,#7462,#7463);
#6389=AXIS2_PLACEMENT_3D('',#9342,#7464,#7465);
#6390=AXIS2_PLACEMENT_3D('',#9343,#7466,#7467);
#6391=AXIS2_PLACEMENT_3D('',#9345,#7468,#7469);
#6392=AXIS2_PLACEMENT_3D('',#9347,#7470,#7471);
#6393=AXIS2_PLACEMENT_3D('',#9349,#7473,#7474);
#6394=AXIS2_PLACEMENT_3D('',#9350,#7475,#7476);
#6395=AXIS2_PLACEMENT_3D('',#9351,#7477,#7478);
#6396=AXIS2_PLACEMENT_3D('',#9353,#7479,#7480);
#6397=AXIS2_PLACEMENT_3D('',#9355,#7481,#7482);
#6398=AXIS2_PLACEMENT_3D('',#9357,#7484,#7485);
#6399=AXIS2_PLACEMENT_3D('',#9358,#7486,#7487);
#6400=AXIS2_PLACEMENT_3D('',#9359,#7488,#7489);
#6401=AXIS2_PLACEMENT_3D('',#9361,#7490,#7491);
#6402=AXIS2_PLACEMENT_3D('',#9363,#7492,#7493);
#6403=AXIS2_PLACEMENT_3D('',#9365,#7495,#7496);
#6404=AXIS2_PLACEMENT_3D('',#9366,#7497,#7498);
#6405=AXIS2_PLACEMENT_3D('',#9367,#7499,#7500);
#6406=AXIS2_PLACEMENT_3D('',#9369,#7501,#7502);
#6407=AXIS2_PLACEMENT_3D('',#9371,#7503,#7504);
#6408=AXIS2_PLACEMENT_3D('',#9373,#7506,#7507);
#6409=AXIS2_PLACEMENT_3D('',#9374,#7508,#7509);
#6410=AXIS2_PLACEMENT_3D('',#9375,#7510,#7511);
#6411=AXIS2_PLACEMENT_3D('',#9378,#7512,#7513);
#6412=AXIS2_PLACEMENT_3D('',#9382,#7515,#7516);
#6413=AXIS2_PLACEMENT_3D('',#9384,#7518,#7519);
#6414=AXIS2_PLACEMENT_3D('',#9385,#7520,#7521);
#6415=AXIS2_PLACEMENT_3D('',#9387,#7523,#7524);
#6416=AXIS2_PLACEMENT_3D('',#9389,#7525,#7526);
#6417=AXIS2_PLACEMENT_3D('',#9391,#7527,#7528);
#6418=AXIS2_PLACEMENT_3D('',#9393,#7530,#7531);
#6419=AXIS2_PLACEMENT_3D('',#9394,#7532,#7533);
#6420=AXIS2_PLACEMENT_3D('',#9395,#7534,#7535);
#6421=AXIS2_PLACEMENT_3D('',#9398,#7536,#7537);
#6422=AXIS2_PLACEMENT_3D('',#9402,#7539,#7540);
#6423=AXIS2_PLACEMENT_3D('',#9404,#7542,#7543);
#6424=AXIS2_PLACEMENT_3D('',#9405,#7544,#7545);
#6425=AXIS2_PLACEMENT_3D('',#9407,#7547,#7548);
#6426=AXIS2_PLACEMENT_3D('',#9410,#7549,#7550);
#6427=AXIS2_PLACEMENT_3D('',#9414,#7552,#7553);
#6428=AXIS2_PLACEMENT_3D('',#9416,#7555,#7556);
#6429=AXIS2_PLACEMENT_3D('',#9417,#7557,#7558);
#6430=AXIS2_PLACEMENT_3D('',#9419,#7560,#7561);
#6431=AXIS2_PLACEMENT_3D('',#9422,#7562,#7563);
#6432=AXIS2_PLACEMENT_3D('',#9426,#7565,#7566);
#6433=AXIS2_PLACEMENT_3D('',#9428,#7568,#7569);
#6434=AXIS2_PLACEMENT_3D('',#9429,#7570,#7571);
#6435=AXIS2_PLACEMENT_3D('',#9431,#7573,#7574);
#6436=AXIS2_PLACEMENT_3D('',#9433,#7576,#7577);
#6437=AXIS2_PLACEMENT_3D('',#9434,#7578,#7579);
#6438=AXIS2_PLACEMENT_3D('',#9436,#7580,#7581);
#6439=AXIS2_PLACEMENT_3D('',#9440,#7583,#7584);
#6440=AXIS2_PLACEMENT_3D('',#9444,#7586,#7587);
#6441=AXIS2_PLACEMENT_3D('',#9447,#7589,#7590);
#6442=AXIS2_PLACEMENT_3D('',#9448,#7591,#7592);
#6443=AXIS2_PLACEMENT_3D('',#9450,#7593,#7594);
#6444=AXIS2_PLACEMENT_3D('',#9454,#7596,#7597);
#6445=AXIS2_PLACEMENT_3D('',#9457,#7599,#7600);
#6446=AXIS2_PLACEMENT_3D('',#9459,#7601,#7602);
#6447=AXIS2_PLACEMENT_3D('',#9463,#7604,#7605);
#6448=AXIS2_PLACEMENT_3D('',#9467,#7607,#7608);
#6449=AXIS2_PLACEMENT_3D('',#9470,#7610,#7611);
#6450=AXIS2_PLACEMENT_3D('',#9472,#7612,#7613);
#6451=AXIS2_PLACEMENT_3D('',#9476,#7615,#7616);
#6452=AXIS2_PLACEMENT_3D('',#9479,#7618,#7619);
#6453=AXIS2_PLACEMENT_3D('',#9481,#7620,#7621);
#6454=AXIS2_PLACEMENT_3D('',#9484,#7623,#7624);
#6455=AXIS2_PLACEMENT_3D('',#9485,#7625,#7626);
#6456=AXIS2_PLACEMENT_3D('',#9487,#7627,#7628);
#6457=AXIS2_PLACEMENT_3D('',#9490,#7630,#7631);
#6458=AXIS2_PLACEMENT_3D('',#9493,#7633,#7634);
#6459=AXIS2_PLACEMENT_3D('',#9495,#7635,#7636);
#6460=AXIS2_PLACEMENT_3D('',#9499,#7638,#7639);
#6461=AXIS2_PLACEMENT_3D('',#9503,#7641,#7642);
#6462=AXIS2_PLACEMENT_3D('',#9506,#7644,#7645);
#6463=AXIS2_PLACEMENT_3D('',#9508,#7646,#7647);
#6464=AXIS2_PLACEMENT_3D('',#9512,#7649,#7650);
#6465=AXIS2_PLACEMENT_3D('',#9515,#7652,#7653);
#6466=AXIS2_PLACEMENT_3D('',#9516,#7654,#7655);
#6467=AXIS2_PLACEMENT_3D('',#9519,#7658,#7659);
#6468=AXIS2_PLACEMENT_3D('',#9522,#7662,#7663);
#6469=AXIS2_PLACEMENT_3D('',#9525,#7666,#7667);
#6470=AXIS2_PLACEMENT_3D('',#9528,#7670,#7671);
#6471=AXIS2_PLACEMENT_3D('',#9531,#7674,#7675);
#6472=AXIS2_PLACEMENT_3D('',#9534,#7678,#7679);
#6473=AXIS2_PLACEMENT_3D('',#9537,#7682,#7683);
#6474=AXIS2_PLACEMENT_3D('',#9539,#7685,#7686);
#6475=AXIS2_PLACEMENT_3D('',#9542,#7689,#7690);
#6476=AXIS2_PLACEMENT_3D('',#9545,#7693,#7694);
#6477=AXIS2_PLACEMENT_3D('',#9548,#7697,#7698);
#6478=AXIS2_PLACEMENT_3D('',#9551,#7701,#7702);
#6479=AXIS2_PLACEMENT_3D('',#9553,#7704,#7705);
#6480=AXIS2_PLACEMENT_3D('',#9555,#7707,#7708);
#6481=AXIS2_PLACEMENT_3D('',#9557,#7710,#7711);
#6482=AXIS2_PLACEMENT_3D('',#9559,#7713,#7714);
#6483=AXIS2_PLACEMENT_3D('',#9561,#7716,#7717);
#6484=AXIS2_PLACEMENT_3D('',#9564,#7720,#7721);
#6485=AXIS2_PLACEMENT_3D('',#9566,#7723,#7724);
#6486=AXIS2_PLACEMENT_3D('',#9567,#7725,#7726);
#6487=AXIS2_PLACEMENT_3D('',#9570,#7729,#7730);
#6488=AXIS2_PLACEMENT_3D('',#9572,#7732,#7733);
#6489=AXIS2_PLACEMENT_3D('',#9573,#7734,#7735);
#6490=AXIS2_PLACEMENT_3D('',#9574,#7736,#7737);
#6491=AXIS2_PLACEMENT_3D('',#9575,#7738,#7739);
#6492=AXIS2_PLACEMENT_3D('',#9576,#7740,#7741);
#6493=AXIS2_PLACEMENT_3D('',#9578,#7743,#7744);
#6494=AXIS2_PLACEMENT_3D('',#9579,#7745,#7746);
#6495=AXIS2_PLACEMENT_3D('',#9581,#7748,#7749);
#6496=AXIS2_PLACEMENT_3D('',#9584,#7752,#7753);
#6497=AXIS2_PLACEMENT_3D('',#9585,#7754,#7755);
#6498=AXIS2_PLACEMENT_3D('',#9587,#7757,#7758);
#6499=AXIS2_PLACEMENT_3D('',#9590,#7761,#7762);
#6500=AXIS2_PLACEMENT_3D('',#9591,#7763,#7764);
#6501=AXIS2_PLACEMENT_3D('',#9592,#7765,#7766);
#6502=AXIS2_PLACEMENT_3D('',#9593,#7767,#7768);
#6503=AXIS2_PLACEMENT_3D('',#9594,#7769,#7770);
#6504=AXIS2_PLACEMENT_3D('',#9595,#7771,#7772);
#6505=AXIS2_PLACEMENT_3D('',#9596,#7773,#7774);
#6506=AXIS2_PLACEMENT_3D('',#9597,#7775,#7776);
#6507=AXIS2_PLACEMENT_3D('',#9598,#7777,#7778);
#6508=AXIS2_PLACEMENT_3D('',#9599,#7779,#7780);
#6509=AXIS2_PLACEMENT_3D('',#9600,#7781,#7782);
#6510=AXIS2_PLACEMENT_3D('',#9601,#7783,#7784);
#6511=AXIS2_PLACEMENT_3D('',#9602,#7785,#7786);
#6512=AXIS2_PLACEMENT_3D('',#9603,#7787,#7788);
#6513=AXIS2_PLACEMENT_3D('',#9612,#7793,#7794);
#6514=AXIS2_PLACEMENT_3D('',#9618,#7798,#7799);
#6515=AXIS2_PLACEMENT_3D('',#9624,#7803,#7804);
#6516=AXIS2_PLACEMENT_3D('',#9633,#7809,#7810);
#6517=AXIS2_PLACEMENT_3D('',#9639,#7814,#7815);
#6518=AXIS2_PLACEMENT_3D('',#9645,#7819,#7820);
#6519=AXIS2_PLACEMENT_3D('',#9648,#7821,#7822);
#6520=AXIS2_PLACEMENT_3D('',#9652,#7824,#7825);
#6521=AXIS2_PLACEMENT_3D('',#9654,#7827,#7828);
#6522=AXIS2_PLACEMENT_3D('',#9660,#7831,#7832);
#6523=AXIS2_PLACEMENT_3D('',#9667,#7837,#7838);
#6524=AXIS2_PLACEMENT_3D('',#9671,#7841,#7842);
#6525=AXIS2_PLACEMENT_3D('',#9673,#7844,#7845);
#6526=AXIS2_PLACEMENT_3D('',#9678,#7848,#7849);
#6527=AXIS2_PLACEMENT_3D('',#9684,#7852,#7853);
#6528=AXIS2_PLACEMENT_3D('',#9688,#7855,#7856);
#6529=AXIS2_PLACEMENT_3D('',#9690,#7858,#7859);
#6530=AXIS2_PLACEMENT_3D('',#9694,#7861,#7862);
#6531=AXIS2_PLACEMENT_3D('',#9696,#7864,#7865);
#6532=AXIS2_PLACEMENT_3D('',#9700,#7868,#7869);
#6533=AXIS2_PLACEMENT_3D('',#9702,#7871,#7872);
#6534=AXIS2_PLACEMENT_3D('',#9710,#7876,#7877);
#6535=AXIS2_PLACEMENT_3D('',#9712,#7879,#7880);
#6536=AXIS2_PLACEMENT_3D('',#9715,#7883,#7884);
#6537=AXIS2_PLACEMENT_3D('',#9716,#7885,#7886);
#6538=AXIS2_PLACEMENT_3D('',#9724,#7891,#7892);
#6539=AXIS2_PLACEMENT_3D('',#9726,#7893,#7894);
#6540=AXIS2_PLACEMENT_3D('',#9727,#7895,#7896);
#6541=AXIS2_PLACEMENT_3D('',#9729,#7898,#7899);
#6542=AXIS2_PLACEMENT_3D('',#9730,#7900,#7901);
#6543=AXIS2_PLACEMENT_3D('',#9734,#7904,#7905);
#6544=AXIS2_PLACEMENT_3D('',#9738,#7908,#7909);
#6545=AXIS2_PLACEMENT_3D('',#9741,#7911,#7912);
#6546=AXIS2_PLACEMENT_3D('',#9743,#7913,#7914);
#6547=AXIS2_PLACEMENT_3D('',#9744,#7915,#7916);
#6548=AXIS2_PLACEMENT_3D('',#9745,#7917,#7918);
#6549=AXIS2_PLACEMENT_3D('',#9748,#7920,#7921);
#6550=AXIS2_PLACEMENT_3D('',#9749,#7922,#7923);
#6551=AXIS2_PLACEMENT_3D('',#9751,#7924,#7925);
#6552=AXIS2_PLACEMENT_3D('',#9752,#7926,#7927);
#6553=AXIS2_PLACEMENT_3D('',#9755,#7929,#7930);
#6554=AXIS2_PLACEMENT_3D('',#9756,#7931,#7932);
#6555=AXIS2_PLACEMENT_3D('',#9758,#7933,#7934);
#6556=AXIS2_PLACEMENT_3D('',#9759,#7935,#7936);
#6557=AXIS2_PLACEMENT_3D('',#9761,#7938,#7939);
#6558=AXIS2_PLACEMENT_3D('',#9763,#7941,#7942);
#6559=AXIS2_PLACEMENT_3D('',#9772,#7947,#7948);
#6560=AXIS2_PLACEMENT_3D('',#9778,#7951,#7952);
#6561=AXIS2_PLACEMENT_3D('',#9782,#7954,#7955);
#6562=AXIS2_PLACEMENT_3D('',#9786,#7957,#7958);
#6563=AXIS2_PLACEMENT_3D('',#9790,#7960,#7961);
#6564=AXIS2_PLACEMENT_3D('',#9800,#7966,#7967);
#6565=AXIS2_PLACEMENT_3D('',#9804,#7969,#7970);
#6566=AXIS2_PLACEMENT_3D('',#9808,#7972,#7973);
#6567=AXIS2_PLACEMENT_3D('',#9812,#7975,#7976);
#6568=AXIS2_PLACEMENT_3D('',#9816,#7978,#7979);
#6569=AXIS2_PLACEMENT_3D('',#9820,#7981,#7982);
#6570=AXIS2_PLACEMENT_3D('',#9824,#7984,#7985);
#6571=AXIS2_PLACEMENT_3D('',#9828,#7987,#7988);
#6572=AXIS2_PLACEMENT_3D('',#9832,#7990,#7991);
#6573=AXIS2_PLACEMENT_3D('',#9836,#7993,#7994);
#6574=AXIS2_PLACEMENT_3D('',#9840,#7996,#7997);
#6575=AXIS2_PLACEMENT_3D('',#9844,#7999,#8000);
#6576=AXIS2_PLACEMENT_3D('',#9848,#8002,#8003);
#6577=AXIS2_PLACEMENT_3D('',#9852,#8005,#8006);
#6578=AXIS2_PLACEMENT_3D('',#9856,#8008,#8009);
#6579=AXIS2_PLACEMENT_3D('',#9860,#8011,#8012);
#6580=AXIS2_PLACEMENT_3D('',#9864,#8014,#8015);
#6581=AXIS2_PLACEMENT_3D('',#9868,#8017,#8018);
#6582=AXIS2_PLACEMENT_3D('',#9872,#8020,#8021);
#6583=AXIS2_PLACEMENT_3D('',#9876,#8023,#8024);
#6584=AXIS2_PLACEMENT_3D('',#9880,#8026,#8027);
#6585=AXIS2_PLACEMENT_3D('',#9884,#8029,#8030);
#6586=AXIS2_PLACEMENT_3D('',#9888,#8032,#8033);
#6587=AXIS2_PLACEMENT_3D('',#9892,#8035,#8036);
#6588=AXIS2_PLACEMENT_3D('',#9896,#8038,#8039);
#6589=AXIS2_PLACEMENT_3D('',#9900,#8041,#8042);
#6590=AXIS2_PLACEMENT_3D('',#9904,#8044,#8045);
#6591=AXIS2_PLACEMENT_3D('',#9908,#8047,#8048);
#6592=AXIS2_PLACEMENT_3D('',#9912,#8050,#8051);
#6593=AXIS2_PLACEMENT_3D('',#9916,#8053,#8054);
#6594=AXIS2_PLACEMENT_3D('',#9920,#8056,#8057);
#6595=AXIS2_PLACEMENT_3D('',#9924,#8059,#8060);
#6596=AXIS2_PLACEMENT_3D('',#9928,#8062,#8063);
#6597=AXIS2_PLACEMENT_3D('',#9932,#8065,#8066);
#6598=AXIS2_PLACEMENT_3D('',#9936,#8068,#8069);
#6599=AXIS2_PLACEMENT_3D('',#9940,#8071,#8072);
#6600=AXIS2_PLACEMENT_3D('',#9944,#8074,#8075);
#6601=AXIS2_PLACEMENT_3D('',#9948,#8077,#8078);
#6602=AXIS2_PLACEMENT_3D('',#9952,#8080,#8081);
#6603=AXIS2_PLACEMENT_3D('',#9956,#8083,#8084);
#6604=AXIS2_PLACEMENT_3D('',#9966,#8089,#8090);
#6605=AXIS2_PLACEMENT_3D('',#9970,#8092,#8093);
#6606=AXIS2_PLACEMENT_3D('',#9974,#8095,#8096);
#6607=AXIS2_PLACEMENT_3D('',#9977,#8098,#8099);
#6608=AXIS2_PLACEMENT_3D('',#9979,#8100,#8101);
#6609=AXIS2_PLACEMENT_3D('',#9981,#8102,#8103);
#6610=AXIS2_PLACEMENT_3D('',#9984,#8104,#8105);
#6611=AXIS2_PLACEMENT_3D('',#9988,#8107,#8108);
#6612=AXIS2_PLACEMENT_3D('',#9991,#8110,#8111);
#6613=AXIS2_PLACEMENT_3D('',#9993,#8112,#8113);
#6614=AXIS2_PLACEMENT_3D('',#9994,#8114,#8115);
#6615=AXIS2_PLACEMENT_3D('',#9997,#8116,#8117);
#6616=AXIS2_PLACEMENT_3D('',#10000,#8120,#8121);
#6617=AXIS2_PLACEMENT_3D('',#10004,#8124,#8125);
#6618=AXIS2_PLACEMENT_3D('',#10007,#8127,#8128);
#6619=AXIS2_PLACEMENT_3D('',#10008,#8129,#8130);
#6620=AXIS2_PLACEMENT_3D('',#10015,#8135,#8136);
#6621=AXIS2_PLACEMENT_3D('',#10018,#8137,#8138);
#6622=AXIS2_PLACEMENT_3D('',#10021,#8141,#8142);
#6623=AXIS2_PLACEMENT_3D('',#10025,#8145,#8146);
#6624=AXIS2_PLACEMENT_3D('',#10028,#8148,#8149);
#6625=AXIS2_PLACEMENT_3D('',#10029,#8150,#8151);
#6626=AXIS2_PLACEMENT_3D('',#10033,#8154,#8155);
#6627=AXIS2_PLACEMENT_3D('',#10036,#8157,#8158);
#6628=AXIS2_PLACEMENT_3D('',#10037,#8159,#8160);
#6629=AXIS2_PLACEMENT_3D('',#10039,#8161,#8162);
#6630=AXIS2_PLACEMENT_3D('',#10040,#8163,#8164);
#6631=AXIS2_PLACEMENT_3D('',#10043,#8166,#8167);
#6632=AXIS2_PLACEMENT_3D('',#10044,#8168,#8169);
#6633=AXIS2_PLACEMENT_3D('',#10047,#8171,#8172);
#6634=AXIS2_PLACEMENT_3D('',#10048,#8173,#8174);
#6635=AXIS2_PLACEMENT_3D('',#10050,#8175,#8176);
#6636=AXIS2_PLACEMENT_3D('',#10051,#8177,#8178);
#6637=AXIS2_PLACEMENT_3D('',#10054,#8180,#8181);
#6638=AXIS2_PLACEMENT_3D('',#10055,#8182,#8183);
#6639=AXIS2_PLACEMENT_3D('',#10057,#8184,#8185);
#6640=AXIS2_PLACEMENT_3D('',#10061,#8187,#8188);
#6641=AXIS2_PLACEMENT_3D('',#10064,#8190,#8191);
#6642=AXIS2_PLACEMENT_3D('',#10065,#8192,#8193);
#6643=AXIS2_PLACEMENT_3D('',#10068,#8195,#8196);
#6644=AXIS2_PLACEMENT_3D('',#10069,#8197,#8198);
#6645=AXIS2_PLACEMENT_3D('',#10071,#8199,#8200);
#6646=AXIS2_PLACEMENT_3D('',#10072,#8201,#8202);
#6647=AXIS2_PLACEMENT_3D('',#10074,#8204,#8205);
#6648=AXIS2_PLACEMENT_3D('',#10077,#8208,#8209);
#6649=AXIS2_PLACEMENT_3D('',#10079,#8211,#8212);
#6650=AXIS2_PLACEMENT_3D('',#10080,#8213,#8214);
#6651=AXIS2_PLACEMENT_3D('',#10090,#8219,#8220);
#6652=AXIS2_PLACEMENT_3D('',#10094,#8222,#8223);
#6653=AXIS2_PLACEMENT_3D('',#10098,#8225,#8226);
#6654=AXIS2_PLACEMENT_3D('',#10102,#8228,#8229);
#6655=AXIS2_PLACEMENT_3D('',#10106,#8231,#8232);
#6656=AXIS2_PLACEMENT_3D('',#10110,#8234,#8235);
#6657=AXIS2_PLACEMENT_3D('',#10114,#8237,#8238);
#6658=AXIS2_PLACEMENT_3D('',#10118,#8240,#8241);
#6659=AXIS2_PLACEMENT_3D('',#10122,#8243,#8244);
#6660=AXIS2_PLACEMENT_3D('',#10126,#8246,#8247);
#6661=AXIS2_PLACEMENT_3D('',#10130,#8249,#8250);
#6662=AXIS2_PLACEMENT_3D('',#10134,#8252,#8253);
#6663=AXIS2_PLACEMENT_3D('',#10138,#8255,#8256);
#6664=AXIS2_PLACEMENT_3D('',#10142,#8258,#8259);
#6665=AXIS2_PLACEMENT_3D('',#10146,#8261,#8262);
#6666=AXIS2_PLACEMENT_3D('',#10150,#8264,#8265);
#6667=AXIS2_PLACEMENT_3D('',#10154,#8267,#8268);
#6668=AXIS2_PLACEMENT_3D('',#10158,#8270,#8271);
#6669=AXIS2_PLACEMENT_3D('',#10162,#8273,#8274);
#6670=AXIS2_PLACEMENT_3D('',#10166,#8276,#8277);
#6671=AXIS2_PLACEMENT_3D('',#10170,#8279,#8280);
#6672=AXIS2_PLACEMENT_3D('',#10174,#8282,#8283);
#6673=AXIS2_PLACEMENT_3D('',#10178,#8285,#8286);
#6674=AXIS2_PLACEMENT_3D('',#10182,#8288,#8289);
#6675=AXIS2_PLACEMENT_3D('',#10186,#8291,#8292);
#6676=AXIS2_PLACEMENT_3D('',#10190,#8294,#8295);
#6677=AXIS2_PLACEMENT_3D('',#10194,#8297,#8298);
#6678=AXIS2_PLACEMENT_3D('',#10198,#8300,#8301);
#6679=AXIS2_PLACEMENT_3D('',#10202,#8303,#8304);
#6680=AXIS2_PLACEMENT_3D('',#10206,#8306,#8307);
#6681=AXIS2_PLACEMENT_3D('',#10210,#8309,#8310);
#6682=AXIS2_PLACEMENT_3D('',#10214,#8312,#8313);
#6683=AXIS2_PLACEMENT_3D('',#10218,#8315,#8316);
#6684=AXIS2_PLACEMENT_3D('',#10222,#8318,#8319);
#6685=AXIS2_PLACEMENT_3D('',#10226,#8321,#8322);
#6686=AXIS2_PLACEMENT_3D('',#10230,#8324,#8325);
#6687=AXIS2_PLACEMENT_3D('',#10234,#8327,#8328);
#6688=AXIS2_PLACEMENT_3D('',#10238,#8330,#8331);
#6689=AXIS2_PLACEMENT_3D('',#10242,#8333,#8334);
#6690=AXIS2_PLACEMENT_3D('',#10246,#8336,#8337);
#6691=AXIS2_PLACEMENT_3D('',#10256,#8342,#8343);
#6692=AXIS2_PLACEMENT_3D('',#10259,#8345,#8346);
#6693=AXIS2_PLACEMENT_3D('',#10260,#8347,#8348);
#6694=AXIS2_PLACEMENT_3D('',#10261,#8349,#8350);
#6695=AXIS2_PLACEMENT_3D('',#10263,#8352,#8353);
#6696=AXIS2_PLACEMENT_3D('',#10265,#8355,#8356);
#6697=AXIS2_PLACEMENT_3D('',#10268,#8359,#8360);
#6698=AXIS2_PLACEMENT_3D('',#10270,#8362,#8363);
#6699=AXIS2_PLACEMENT_3D('',#10272,#8365,#8366);
#6700=AXIS2_PLACEMENT_3D('',#10275,#8369,#8370);
#6701=AXIS2_PLACEMENT_3D('',#10277,#8372,#8373);
#6702=AXIS2_PLACEMENT_3D('',#10279,#8375,#8376);
#6703=AXIS2_PLACEMENT_3D('',#10280,#8377,#8378);
#6704=AXIS2_PLACEMENT_3D('',#10283,#8381,#8382);
#6705=AXIS2_PLACEMENT_3D('',#10285,#8384,#8385);
#6706=AXIS2_PLACEMENT_3D('',#10287,#8387,#8388);
#6707=AXIS2_PLACEMENT_3D('',#10289,#8390,#8391);
#6708=AXIS2_PLACEMENT_3D('',#10291,#8393,#8394);
#6709=AXIS2_PLACEMENT_3D('',#10293,#8396,#8397);
#6710=AXIS2_PLACEMENT_3D('',#10295,#8399,#8400);
#6711=AXIS2_PLACEMENT_3D('',#10297,#8402,#8403);
#6712=AXIS2_PLACEMENT_3D('',#10299,#8405,#8406);
#6713=AXIS2_PLACEMENT_3D('',#10301,#8408,#8409);
#6714=AXIS2_PLACEMENT_3D('',#10303,#8411,#8412);
#6715=AXIS2_PLACEMENT_3D('',#10305,#8414,#8415);
#6716=AXIS2_PLACEMENT_3D('',#10307,#8417,#8418);
#6717=AXIS2_PLACEMENT_3D('',#10309,#8420,#8421);
#6718=AXIS2_PLACEMENT_3D('',#10311,#8423,#8424);
#6719=AXIS2_PLACEMENT_3D('',#10313,#8426,#8427);
#6720=AXIS2_PLACEMENT_3D('',#10315,#8429,#8430);
#6721=AXIS2_PLACEMENT_3D('',#10317,#8432,#8433);
#6722=AXIS2_PLACEMENT_3D('',#10319,#8435,#8436);
#6723=AXIS2_PLACEMENT_3D('',#10321,#8438,#8439);
#6724=AXIS2_PLACEMENT_3D('',#10323,#8441,#8442);
#6725=AXIS2_PLACEMENT_3D('',#10325,#8444,#8445);
#6726=AXIS2_PLACEMENT_3D('',#10327,#8447,#8448);
#6727=AXIS2_PLACEMENT_3D('',#10329,#8450,#8451);
#6728=AXIS2_PLACEMENT_3D('',#10331,#8453,#8454);
#6729=AXIS2_PLACEMENT_3D('',#10333,#8456,#8457);
#6730=AXIS2_PLACEMENT_3D('',#10335,#8459,#8460);
#6731=AXIS2_PLACEMENT_3D('',#10337,#8462,#8463);
#6732=AXIS2_PLACEMENT_3D('',#10339,#8465,#8466);
#6733=AXIS2_PLACEMENT_3D('',#10341,#8468,#8469);
#6734=AXIS2_PLACEMENT_3D('',#10343,#8471,#8472);
#6735=AXIS2_PLACEMENT_3D('',#10345,#8474,#8475);
#6736=AXIS2_PLACEMENT_3D('',#10347,#8477,#8478);
#6737=AXIS2_PLACEMENT_3D('',#10349,#8480,#8481);
#6738=AXIS2_PLACEMENT_3D('',#10351,#8483,#8484);
#6739=AXIS2_PLACEMENT_3D('',#10353,#8486,#8487);
#6740=AXIS2_PLACEMENT_3D('',#10355,#8489,#8490);
#6741=AXIS2_PLACEMENT_3D('',#10357,#8492,#8493);
#6742=AXIS2_PLACEMENT_3D('',#10359,#8495,#8496);
#6743=AXIS2_PLACEMENT_3D('',#10360,#8497,#8498);
#6744=AXIS2_PLACEMENT_3D('',#10363,#8501,#8502);
#6745=AXIS2_PLACEMENT_3D('',#10366,#8505,#8506);
#6746=AXIS2_PLACEMENT_3D('',#10369,#8509,#8510);
#6747=AXIS2_PLACEMENT_3D('',#10372,#8513,#8514);
#6748=AXIS2_PLACEMENT_3D('',#10374,#8516,#8517);
#6749=AXIS2_PLACEMENT_3D('',#10377,#8520,#8521);
#6750=AXIS2_PLACEMENT_3D('',#10380,#8524,#8525);
#6751=AXIS2_PLACEMENT_3D('',#10383,#8528,#8529);
#6752=AXIS2_PLACEMENT_3D('',#10386,#8532,#8533);
#6753=AXIS2_PLACEMENT_3D('',#10389,#8536,#8537);
#6754=AXIS2_PLACEMENT_3D('',#10392,#8540,#8541);
#6755=AXIS2_PLACEMENT_3D('',#10395,#8544,#8545);
#6756=AXIS2_PLACEMENT_3D('',#10398,#8548,#8549);
#6757=AXIS2_PLACEMENT_3D('',#10401,#8552,#8553);
#6758=AXIS2_PLACEMENT_3D('',#10404,#8556,#8557);
#6759=AXIS2_PLACEMENT_3D('',#10407,#8560,#8561);
#6760=AXIS2_PLACEMENT_3D('',#10410,#8564,#8565);
#6761=AXIS2_PLACEMENT_3D('',#10413,#8568,#8569);
#6762=AXIS2_PLACEMENT_3D('',#10416,#8572,#8573);
#6763=AXIS2_PLACEMENT_3D('',#10419,#8576,#8577);
#6764=AXIS2_PLACEMENT_3D('',#10420,#8578,#8579);
#6765=AXIS2_PLACEMENT_3D('',#10421,#8580,#8581);
#6766=AXIS2_PLACEMENT_3D('',#10422,#8582,#8583);
#6767=AXIS2_PLACEMENT_3D('',#10423,#8584,#8585);
#6768=AXIS2_PLACEMENT_3D('',#10424,#8586,#8587);
#6769=AXIS2_PLACEMENT_3D('',#10425,#8588,#8589);
#6770=AXIS2_PLACEMENT_3D('',#10426,#8590,#8591);
#6771=AXIS2_PLACEMENT_3D('',#10427,#8592,#8593);
#6772=AXIS2_PLACEMENT_3D('',#10428,#8594,#8595);
#6773=AXIS2_PLACEMENT_3D('',#10429,#8596,#8597);
#6774=AXIS2_PLACEMENT_3D('',#10430,#8598,#8599);
#6775=AXIS2_PLACEMENT_3D('',#10431,#8600,#8601);
#6776=AXIS2_PLACEMENT_3D('',#10432,#8602,#8603);
#6777=AXIS2_PLACEMENT_3D('',#10433,#8604,#8605);
#6778=AXIS2_PLACEMENT_3D('',#10434,#8606,#8607);
#6779=AXIS2_PLACEMENT_3D('',#10435,#8608,#8609);
#6780=AXIS2_PLACEMENT_3D('',#10436,#8610,#8611);
#6781=AXIS2_PLACEMENT_3D('',#10437,#8612,#8613);
#6782=AXIS2_PLACEMENT_3D('',#10438,#8614,#8615);
#6783=AXIS2_PLACEMENT_3D('',#10439,#8616,#8617);
#6784=AXIS2_PLACEMENT_3D('',#10442,#8619,#8620);
#6785=AXIS2_PLACEMENT_3D('',#10443,#8621,#8622);
#6786=AXIS2_PLACEMENT_3D('',#10445,#8623,#8624);
#6787=AXIS2_PLACEMENT_3D('',#10446,#8625,#8626);
#6788=AXIS2_PLACEMENT_3D('',#10448,#8627,#8628);
#6789=AXIS2_PLACEMENT_3D('',#10450,#8630,#8631);
#6790=AXIS2_PLACEMENT_3D('',#10453,#8632,#8633);
#6791=AXIS2_PLACEMENT_3D('',#10456,#8636,#8637);
#6792=AXIS2_PLACEMENT_3D('',#10460,#8640,#8641);
#6793=AXIS2_PLACEMENT_3D('',#10461,#8642,#8643);
#6794=AXIS2_PLACEMENT_3D('',#10463,#8645,#8646);
#6795=AXIS2_PLACEMENT_3D('',#10464,#8647,#8648);
#6796=DIRECTION('axis',(0.,0.,1.));
#6797=DIRECTION('refdir',(1.,0.,0.));
#6798=DIRECTION('center_axis',(-5.21064690938338E-17,2.93207358514883E-15,
1.));
#6799=DIRECTION('ref_axis',(1.,0.,5.21064690938338E-17));
#6800=DIRECTION('',(0.996331782897783,0.085574402643113,-1.98995114301994E-16));
#6801=DIRECTION('',(0.0855744026431126,-0.996331782897783,2.77555756156289E-15));
#6802=DIRECTION('',(0.,-1.,2.93207358514883E-15));
#6803=DIRECTION('',(0.0855744026431126,0.996331782897783,-2.77555756156289E-15));
#6804=DIRECTION('',(-0.996331782897783,0.0855744026431127,0.));
#6805=DIRECTION('',(-4.27308022422001E-16,1.,-2.93207358514883E-15));
#6806=DIRECTION('',(1.,0.,0.));
#6807=DIRECTION('',(4.27308022422001E-16,-1.,2.93207358514883E-15));
#6808=DIRECTION('',(-0.996331782897782,-0.0855744026431151,1.98995114302E-16));
#6809=DIRECTION('',(-0.0855744026431154,0.996331782897782,-2.77555756156289E-15));
#6810=DIRECTION('',(0.,1.,-2.93207358514883E-15));
#6811=DIRECTION('',(-0.0855744026431126,-0.996331782897783,2.77555756156289E-15));
#6812=DIRECTION('',(0.996331782897783,-0.0855744026431123,3.02825776807527E-16));
#6813=DIRECTION('',(8.71397232272064E-16,-1.,2.93207358514883E-15));
#6814=DIRECTION('',(-1.,0.,0.));
#6815=DIRECTION('',(0.,1.,0.));
#6816=DIRECTION('center_axis',(0.,0.,1.));
#6817=DIRECTION('ref_axis',(1.,0.,0.));
#6818=DIRECTION('center_axis',(0.0855744026431127,-0.996331782897783,2.77555756156289E-15));
#6819=DIRECTION('ref_axis',(0.,-2.78577639417496E-15,-1.));
#6820=DIRECTION('',(0.,2.78577639417496E-15,1.));
#6821=DIRECTION('',(-0.996331782897783,-0.0855744026431126,0.));
#6822=DIRECTION('',(0.,2.93882565341953E-15,1.));
#6823=DIRECTION('center_axis',(0.,0.,1.));
#6824=DIRECTION('ref_axis',(1.,0.,0.));
#6825=DIRECTION('',(0.556439661933667,-0.830888020510073,0.));
#6826=DIRECTION('center_axis',(0.,0.,-1.));
#6827=DIRECTION('ref_axis',(1.,0.,0.));
#6828=DIRECTION('',(0.923879532511286,0.382683432365091,0.));
#6829=DIRECTION('center_axis',(0.,0.,-1.));
#6830=DIRECTION('ref_axis',(1.,0.,0.));
#6831=DIRECTION('',(-0.194064295434895,0.980988811983785,0.));
#6832=DIRECTION('center_axis',(0.,0.,1.));
#6833=DIRECTION('ref_axis',(-1.,0.,0.));
#6834=DIRECTION('center_axis',(0.,0.,1.));
#6835=DIRECTION('ref_axis',(-1.,0.,0.));
#6836=DIRECTION('',(0.832050294337845,-0.554700196225228,0.));
#6837=DIRECTION('center_axis',(0.,0.,-1.));
#6838=DIRECTION('ref_axis',(1.,0.,0.));
#6839=DIRECTION('',(0.707106781186546,0.707106781186549,0.));
#6840=DIRECTION('center_axis',(0.,0.,-1.));
#6841=DIRECTION('ref_axis',(1.,0.,0.));
#6842=DIRECTION('',(-0.554700196225231,0.832050294337843,0.));
#6843=DIRECTION('center_axis',(0.,0.,1.));
#6844=DIRECTION('ref_axis',(-1.,0.,0.));
#6845=DIRECTION('center_axis',(0.,0.,1.));
#6846=DIRECTION('ref_axis',(-1.,0.,0.));
#6847=DIRECTION('',(0.980988811983786,-0.194064295434892,0.));
#6848=DIRECTION('center_axis',(0.,0.,-1.));
#6849=DIRECTION('ref_axis',(1.,0.,0.));
#6850=DIRECTION('',(0.382683432365087,0.923879532511288,0.));
#6851=DIRECTION('center_axis',(0.,0.,-1.));
#6852=DIRECTION('ref_axis',(1.,0.,0.));
#6853=DIRECTION('',(-0.830888020510074,0.556439661933664,0.));
#6854=DIRECTION('center_axis',(5.21064690938338E-17,-2.93207358514883E-15,
-1.));
#6855=DIRECTION('ref_axis',(-1.,0.,0.));
#6856=DIRECTION('center_axis',(5.21064690938338E-17,-2.93207358514883E-15,
-1.));
#6857=DIRECTION('ref_axis',(-1.,0.,0.));
#6858=DIRECTION('',(-0.98058067569092,-0.196116135138187,5.23932342788258E-16));
#6859=DIRECTION('center_axis',(0.,0.,-1.));
#6860=DIRECTION('ref_axis',(1.,0.,0.));
#6861=DIRECTION('',(-3.49148133884313E-15,1.,0.));
#6862=DIRECTION('center_axis',(0.,0.,-1.));
#6863=DIRECTION('ref_axis',(1.,0.,0.));
#6864=DIRECTION('',(-0.980580675690921,0.196116135138181,0.));
#6865=DIRECTION('center_axis',(5.21064690938338E-17,-2.93207358514883E-15,
-1.));
#6866=DIRECTION('ref_axis',(-1.,0.,0.));
#6867=DIRECTION('center_axis',(5.21064690938338E-17,-2.93207358514883E-15,
-1.));
#6868=DIRECTION('ref_axis',(-1.,0.,0.));
#6869=DIRECTION('',(0.830888020510071,0.55643966193367,0.));
#6870=DIRECTION('center_axis',(0.,0.,-1.));
#6871=DIRECTION('ref_axis',(1.,0.,0.));
#6872=DIRECTION('',(-0.382683432365094,0.923879532511285,0.));
#6873=DIRECTION('center_axis',(0.,0.,-1.));
#6874=DIRECTION('ref_axis',(1.,0.,0.));
#6875=DIRECTION('',(-0.980988811983784,-0.194064295434899,0.));
#6876=DIRECTION('center_axis',(0.,0.,1.));
#6877=DIRECTION('ref_axis',(-1.,0.,0.));
#6878=DIRECTION('center_axis',(0.,0.,1.));
#6879=DIRECTION('ref_axis',(-1.,0.,0.));
#6880=DIRECTION('',(0.554700196225225,0.832050294337847,0.));
#6881=DIRECTION('center_axis',(0.,0.,-1.));
#6882=DIRECTION('ref_axis',(1.,0.,0.));
#6883=DIRECTION('',(-0.707106781186551,0.707106781186544,0.));
#6884=DIRECTION('center_axis',(0.,0.,-1.));
#6885=DIRECTION('ref_axis',(1.,0.,0.));
#6886=DIRECTION('',(-0.832050294337841,-0.554700196225234,0.));
#6887=DIRECTION('center_axis',(0.,0.,1.));
#6888=DIRECTION('ref_axis',(-1.,0.,0.));
#6889=DIRECTION('center_axis',(0.,0.,1.));
#6890=DIRECTION('ref_axis',(-1.,0.,0.));
#6891=DIRECTION('',(0.194064295434889,0.980988811983786,0.));
#6892=DIRECTION('center_axis',(0.,0.,-1.));
#6893=DIRECTION('ref_axis',(1.,0.,0.));
#6894=DIRECTION('',(-0.923879532511289,0.382683432365084,0.));
#6895=DIRECTION('center_axis',(0.,0.,-1.));
#6896=DIRECTION('ref_axis',(1.,0.,0.));
#6897=DIRECTION('',(-0.556439661933661,-0.830888020510076,0.));
#6898=DIRECTION('center_axis',(5.21064690938338E-17,-2.93207358514883E-15,
-1.));
#6899=DIRECTION('ref_axis',(-1.,0.,0.));
#6900=DIRECTION('center_axis',(5.21064690938338E-17,-2.93207358514883E-15,
-1.));
#6901=DIRECTION('ref_axis',(-1.,0.,0.));
#6902=DIRECTION('',(0.196116135138184,-0.98058067569092,2.88535361663512E-15));
#6903=DIRECTION('center_axis',(0.,0.,-1.));
#6904=DIRECTION('ref_axis',(1.,0.,0.));
#6905=DIRECTION('',(-1.,0.,0.));
#6906=DIRECTION('center_axis',(0.,0.,-1.));
#6907=DIRECTION('ref_axis',(1.,0.,0.));
#6908=DIRECTION('',(-0.196116135138184,-0.98058067569092,0.));
#6909=DIRECTION('center_axis',(5.21064690938338E-17,-2.93207358514883E-15,
-1.));
#6910=DIRECTION('ref_axis',(-1.,0.,0.));
#6911=DIRECTION('center_axis',(5.21064690938338E-17,-2.93207358514883E-15,
-1.));
#6912=DIRECTION('ref_axis',(-1.,0.,0.));
#6913=DIRECTION('',(0.556439661933672,-0.830888020510069,2.4652189232013E-15));
#6914=DIRECTION('center_axis',(0.,0.,-1.));
#6915=DIRECTION('ref_axis',(1.,0.,0.));
#6916=DIRECTION('',(-0.923879532511284,-0.382683432365097,0.));
#6917=DIRECTION('center_axis',(0.,0.,-1.));
#6918=DIRECTION('ref_axis',(1.,0.,0.));
#6919=DIRECTION('',(0.194064295434902,-0.980988811983784,0.));
#6920=DIRECTION('center_axis',(0.,0.,1.));
#6921=DIRECTION('ref_axis',(-1.,0.,0.));
#6922=DIRECTION('center_axis',(0.,0.,1.));
#6923=DIRECTION('ref_axis',(-1.,0.,0.));
#6924=DIRECTION('',(-0.832050294337848,0.554700196225222,0.));
#6925=DIRECTION('center_axis',(0.,0.,-1.));
#6926=DIRECTION('ref_axis',(1.,0.,0.));
#6927=DIRECTION('',(-0.707106781186541,-0.707106781186554,0.));
#6928=DIRECTION('center_axis',(0.,0.,-1.));
#6929=DIRECTION('ref_axis',(1.,0.,0.));
#6930=DIRECTION('',(0.554700196225236,-0.832050294337839,0.));
#6931=DIRECTION('center_axis',(0.,0.,1.));
#6932=DIRECTION('ref_axis',(-1.,0.,0.));
#6933=DIRECTION('center_axis',(0.,0.,1.));
#6934=DIRECTION('ref_axis',(-1.,0.,0.));
#6935=DIRECTION('',(-0.980988811983787,0.194064295434885,0.));
#6936=DIRECTION('center_axis',(0.,0.,-1.));
#6937=DIRECTION('ref_axis',(1.,0.,0.));
#6938=DIRECTION('',(-0.382683432365081,-0.923879532511291,0.));
#6939=DIRECTION('center_axis',(0.,0.,-1.));
#6940=DIRECTION('ref_axis',(1.,0.,0.));
#6941=DIRECTION('',(0.830888020510078,-0.556439661933658,0.));
#6942=DIRECTION('center_axis',(5.21064690938338E-17,-2.93207358514883E-15,
-1.));
#6943=DIRECTION('ref_axis',(-1.,0.,0.));
#6944=DIRECTION('center_axis',(5.21064690938338E-17,-2.93207358514883E-15,
-1.));
#6945=DIRECTION('ref_axis',(-1.,0.,0.));
#6946=DIRECTION('',(-0.980580675690918,-0.196116135138194,0.));
#6947=DIRECTION('center_axis',(0.,0.,-1.));
#6948=DIRECTION('ref_axis',(1.,0.,0.));
#6949=DIRECTION('',(1.04744440165294E-14,-1.,0.));
#6950=DIRECTION('center_axis',(0.,0.,-1.));
#6951=DIRECTION('ref_axis',(1.,0.,0.));
#6952=DIRECTION('',(0.980580675690922,-0.196116135138174,0.));
#6953=DIRECTION('center_axis',(5.21064690938338E-17,-2.93207358514883E-15,
-1.));
#6954=DIRECTION('ref_axis',(-1.,0.,0.));
#6955=DIRECTION('center_axis',(5.21064690938338E-17,-2.93207358514883E-15,
-1.));
#6956=DIRECTION('ref_axis',(-1.,0.,0.));
#6957=DIRECTION('',(0.830888020510067,0.556439661933675,-1.58822739352373E-15));
#6958=DIRECTION('center_axis',(0.,0.,-1.));
#6959=DIRECTION('ref_axis',(1.,0.,0.));
#6960=DIRECTION('',(0.3826834323651,-0.923879532511283,0.));
#6961=DIRECTION('center_axis',(0.,0.,-1.));
#6962=DIRECTION('ref_axis',(1.,0.,0.));
#6963=DIRECTION('',(0.980988811983783,0.194064295434905,0.));
#6964=DIRECTION('center_axis',(0.,0.,1.));
#6965=DIRECTION('ref_axis',(-1.,0.,0.));
#6966=DIRECTION('center_axis',(0.,0.,1.));
#6967=DIRECTION('ref_axis',(-1.,0.,0.));
#6968=DIRECTION('',(-0.554700196225219,-0.83205029433785,0.));
#6969=DIRECTION('center_axis',(0.,0.,-1.));
#6970=DIRECTION('ref_axis',(1.,0.,0.));
#6971=DIRECTION('',(0.707106781186556,-0.707106781186539,0.));
#6972=DIRECTION('center_axis',(0.,0.,-1.));
#6973=DIRECTION('ref_axis',(1.,0.,0.));
#6974=DIRECTION('',(0.832050294337837,0.554700196225239,0.));
#6975=DIRECTION('center_axis',(0.,0.,1.));
#6976=DIRECTION('ref_axis',(-1.,0.,0.));
#6977=DIRECTION('center_axis',(0.,0.,1.));
#6978=DIRECTION('ref_axis',(-1.,0.,0.));
#6979=DIRECTION('',(-0.194064295434881,-0.980988811983788,0.));
#6980=DIRECTION('center_axis',(0.,0.,-1.));
#6981=DIRECTION('ref_axis',(1.,0.,0.));
#6982=DIRECTION('',(0.923879532511292,-0.382683432365077,0.));
#6983=DIRECTION('center_axis',(0.,0.,-1.));
#6984=DIRECTION('ref_axis',(1.,0.,0.));
#6985=DIRECTION('',(0.556439661933655,0.830888020510081,0.));
#6986=DIRECTION('center_axis',(5.21064690938338E-17,-2.93207358514883E-15,
-1.));
#6987=DIRECTION('ref_axis',(-1.,0.,0.));
#6988=DIRECTION('center_axis',(5.21064690938338E-17,-2.93207358514883E-15,
-1.));
#6989=DIRECTION('ref_axis',(-1.,0.,0.));
#6990=DIRECTION('',(0.196116135138184,-0.98058067569092,0.));
#6991=DIRECTION('center_axis',(0.,0.,-1.));
#6992=DIRECTION('ref_axis',(1.,0.,0.));
#6993=DIRECTION('',(1.,0.,0.));
#6994=DIRECTION('center_axis',(0.,0.,-1.));
#6995=DIRECTION('ref_axis',(1.,0.,0.));
#6996=DIRECTION('',(0.196116135138184,0.98058067569092,0.));
#6997=DIRECTION('center_axis',(5.21064690938338E-17,-2.93207358514883E-15,
-1.));
#6998=DIRECTION('ref_axis',(-1.,0.,0.));
#6999=DIRECTION('center_axis',(5.21064690938338E-17,-2.93207358514883E-15,
-1.));
#7000=DIRECTION('ref_axis',(-1.,0.,0.));
#7001=DIRECTION('',(0.,-1.,0.));
#7002=DIRECTION('',(-1.,0.,0.));
#7003=DIRECTION('',(0.,1.,0.));
#7004=DIRECTION('',(-0.996331782897783,0.0855744026431126,0.));
#7005=DIRECTION('',(0.0855744026431126,0.996331782897783,0.));
#7006=DIRECTION('',(0.,1.,-2.93207358514883E-15));
#7007=DIRECTION('',(-0.0855744026431154,0.996331782897782,0.));
#7008=DIRECTION('',(0.996331782897782,0.0855744026431154,0.));
#7009=DIRECTION('',(0.,1.,0.));
#7010=DIRECTION('',(1.,0.,0.));
#7011=DIRECTION('',(0.,-1.,0.));
#7012=DIRECTION('',(0.996331782897783,-0.0855744026431127,0.));
#7013=DIRECTION('',(-0.0855744026431126,-0.996331782897783,0.));
#7014=DIRECTION('',(0.,-1.,2.93207358514883E-15));
#7015=DIRECTION('',(0.0855744026431126,-0.996331782897783,0.));
#7016=DIRECTION('center_axis',(0.,0.,1.));
#7017=DIRECTION('ref_axis',(1.,0.,0.));
#7018=DIRECTION('center_axis',(0.,0.,1.));
#7019=DIRECTION('ref_axis',(1.,0.,0.));
#7020=DIRECTION('',(0.,0.,1.));
#7021=DIRECTION('center_axis',(1.,0.,0.));
#7022=DIRECTION('ref_axis',(0.,0.,-1.));
#7023=DIRECTION('',(-5.21064690938349E-17,2.93882565341953E-15,1.));
#7024=DIRECTION('',(0.,-2.78577639417496E-15,-1.));
#7025=DIRECTION('center_axis',(1.,0.,0.));
#7026=DIRECTION('ref_axis',(0.,0.,-1.));
#7027=DIRECTION('',(1.57751021324482E-30,-5.55111512312578E-15,-1.));
#7028=DIRECTION('center_axis',(-1.,0.,0.));
#7029=DIRECTION('ref_axis',(0.,0.,1.));
#7030=DIRECTION('',(0.,-2.78577639417496E-15,-1.));
#7031=DIRECTION('',(-5.21064690938349E-17,2.93882565341953E-15,1.));
#7032=DIRECTION('center_axis',(-1.,0.,0.));
#7033=DIRECTION('ref_axis',(0.,0.,1.));
#7034=DIRECTION('',(0.,2.78577639417496E-15,1.));
#7035=DIRECTION('',(5.21064690938303E-17,-5.55111512312578E-15,-1.));
#7036=DIRECTION('center_axis',(-0.0855744026431154,0.996331782897783,-2.77555756156289E-15));
#7037=DIRECTION('ref_axis',(0.,2.78577639417496E-15,1.));
#7038=DIRECTION('',(4.93038065763132E-32,2.93882565341953E-15,1.));
#7039=DIRECTION('center_axis',(-0.996331782897783,0.0855744026431127,-3.16305927711144E-16));
#7040=DIRECTION('ref_axis',(0.,-3.69626801872395E-15,-1.));
#7041=DIRECTION('',(0.,3.69626801872395E-15,1.));
#7042=DIRECTION('',(0.,-3.69626801872395E-15,-1.));
#7043=DIRECTION('center_axis',(-0.0855744026431127,-0.996331782897783,2.77555756156289E-15));
#7044=DIRECTION('ref_axis',(0.,-2.78577639417496E-15,-1.));
#7045=DIRECTION('center_axis',(0.996331782897783,0.0855744026431127,-2.51488249763632E-16));
#7046=DIRECTION('ref_axis',(0.,2.93882565341953E-15,1.));
#7047=DIRECTION('',(0.,-2.93882565341953E-15,-1.));
#7048=DIRECTION('center_axis',(0.996331782897783,-0.0855744026431127,3.16305927711144E-16));
#7049=DIRECTION('ref_axis',(0.,-3.69626801872395E-15,-1.));
#7050=DIRECTION('',(0.,3.69626801872395E-15,1.));
#7051=DIRECTION('',(0.,-3.69626801872395E-15,-1.));
#7052=DIRECTION('center_axis',(0.0855744026431127,0.996331782897783,-2.77555756156289E-15));
#7053=DIRECTION('ref_axis',(0.,2.78577639417496E-15,1.));
#7054=DIRECTION('center_axis',(-0.996331782897783,-0.0855744026431154,2.5148824976364E-16));
#7055=DIRECTION('ref_axis',(0.,2.93882565341953E-15,1.));
#7056=DIRECTION('',(0.,-2.93882565341953E-15,-1.));
#7057=DIRECTION('center_axis',(-1.53131828082071E-31,-1.,2.93882565341953E-15));
#7058=DIRECTION('ref_axis',(-1.,0.,-5.21064690938338E-17));
#7059=DIRECTION('center_axis',(1.,0.,0.));
#7060=DIRECTION('ref_axis',(0.,-1.,2.93207358514883E-15));
#7061=DIRECTION('center_axis',(1.53131828082071E-31,1.,-2.93882565341953E-15));
#7062=DIRECTION('ref_axis',(1.,0.,5.21064690938338E-17));
#7063=DIRECTION('center_axis',(-1.,0.,0.));
#7064=DIRECTION('ref_axis',(0.,1.,-2.93207358514883E-15));
#7065=DIRECTION('center_axis',(0.98058067569092,0.196116135138184,0.));
#7066=DIRECTION('ref_axis',(-0.196116135138184,0.98058067569092,0.));
#7067=DIRECTION('',(0.,0.,-1.));
#7068=DIRECTION('',(0.196116135138184,-0.98058067569092,0.));
#7069=DIRECTION('',(0.,0.,-1.));
#7070=DIRECTION('center_axis',(0.,0.,-1.));
#7071=DIRECTION('ref_axis',(-1.,0.,0.));
#7072=DIRECTION('',(0.,0.,-1.));
#7073=DIRECTION('',(0.,0.,-1.));
#7074=DIRECTION('center_axis',(0.,0.,1.));
#7075=DIRECTION('ref_axis',(1.,0.,0.));
#7076=DIRECTION('center_axis',(0.,0.,-1.));
#7077=DIRECTION('ref_axis',(-1.,0.,0.));
#7078=DIRECTION('',(0.,5.55111512312578E-15,1.));
#7079=DIRECTION('center_axis',(0.,0.,1.));
#7080=DIRECTION('ref_axis',(1.,0.,0.));
#7081=DIRECTION('',(0.,0.,-1.));
#7082=DIRECTION('center_axis',(-0.830888020510081,0.556439661933655,0.));
#7083=DIRECTION('ref_axis',(-0.556439661933655,-0.83088802051008,0.));
#7084=DIRECTION('',(0.,0.,-1.));
#7085=DIRECTION('',(0.556439661933655,0.830888020510081,0.));
#7086=DIRECTION('center_axis',(-0.196116135138187,0.98058067569092,0.));
#7087=DIRECTION('ref_axis',(-0.980580675690919,-0.196116135138187,0.));
#7088=DIRECTION('',(0.,0.,-1.));
#7089=DIRECTION('',(0.98058067569092,0.196116135138187,0.));
#7090=DIRECTION('',(0.,0.,-1.));
#7091=DIRECTION('center_axis',(0.,0.,-1.));
#7092=DIRECTION('ref_axis',(-1.,0.,0.));
#7093=DIRECTION('',(0.,2.77555756156289E-15,1.));
#7094=DIRECTION('',(0.,0.,-1.));
#7095=DIRECTION('center_axis',(0.,0.,1.));
#7096=DIRECTION('ref_axis',(1.,0.,0.));
#7097=DIRECTION('center_axis',(0.,0.,-1.));
#7098=DIRECTION('ref_axis',(0.91065401084448,0.41316978656826,0.));
#7099=DIRECTION('',(0.,0.,-1.));
#7100=DIRECTION('center_axis',(0.,0.,1.));
#7101=DIRECTION('ref_axis',(1.,0.,0.));
#7102=DIRECTION('',(0.,0.,-1.));
#7103=DIRECTION('center_axis',(-0.556439661933664,-0.830888020510074,0.));
#7104=DIRECTION('ref_axis',(0.830888020510074,-0.556439661933664,0.));
#7105=DIRECTION('',(0.,0.,-1.));
#7106=DIRECTION('',(-0.830888020510074,0.556439661933664,0.));
#7107=DIRECTION('center_axis',(0.556439661933658,0.830888020510079,0.));
#7108=DIRECTION('ref_axis',(-0.830888020510078,0.556439661933658,0.));
#7109=DIRECTION('',(0.,0.,-1.));
#7110=DIRECTION('',(0.830888020510079,-0.556439661933658,0.));
#7111=DIRECTION('',(0.,0.,1.));
#7112=DIRECTION('center_axis',(0.556439661933675,-0.830888020510067,0.));
#7113=DIRECTION('ref_axis',(0.830888020510067,0.556439661933675,0.));
#7114=DIRECTION('',(0.,0.,-1.));
#7115=DIRECTION('',(-0.830888020510067,-0.556439661933675,0.));
#7116=DIRECTION('',(0.,0.,-1.));
#7117=DIRECTION('center_axis',(0.,0.,-1.));
#7118=DIRECTION('ref_axis',(-1.,0.,0.));
#7119=DIRECTION('',(0.,2.77555756156289E-15,1.));
#7120=DIRECTION('',(0.,0.,-1.));
#7121=DIRECTION('center_axis',(0.,0.,1.));
#7122=DIRECTION('ref_axis',(1.,0.,0.));
#7123=DIRECTION('center_axis',(-0.830888020510069,-0.556439661933672,0.));
#7124=DIRECTION('ref_axis',(0.556439661933672,-0.830888020510069,0.));
#7125=DIRECTION('',(0.,0.,-1.));
#7126=DIRECTION('',(-0.556439661933672,0.830888020510069,0.));
#7127=DIRECTION('',(0.,0.,-1.));
#7128=DIRECTION('center_axis',(0.,0.,-1.));
#7129=DIRECTION('ref_axis',(-1.,0.,0.));
#7130=DIRECTION('',(-5.2106469093836E-17,5.55111512312578E-15,1.));
#7131=DIRECTION('',(0.,0.,-1.));
#7132=DIRECTION('center_axis',(0.,0.,1.));
#7133=DIRECTION('ref_axis',(1.,0.,0.));
#7134=DIRECTION('center_axis',(0.,0.,-1.));
#7135=DIRECTION('ref_axis',(-1.,0.,0.));
#7136=DIRECTION('',(0.,0.,-1.));
#7137=DIRECTION('center_axis',(0.,0.,1.));
#7138=DIRECTION('ref_axis',(1.,0.,0.));
#7139=DIRECTION('',(0.,0.,-1.));
#7140=DIRECTION('center_axis',(0.98058067569092,-0.196116135138184,0.));
#7141=DIRECTION('ref_axis',(0.196116135138184,0.98058067569092,0.));
#7142=DIRECTION('',(0.,0.,-1.));
#7143=DIRECTION('',(-0.196116135138184,-0.98058067569092,0.));
#7144=DIRECTION('center_axis',(-0.98058067569092,-0.196116135138184,0.));
#7145=DIRECTION('ref_axis',(0.196116135138184,-0.98058067569092,0.));
#7146=DIRECTION('',(0.,0.,-1.));
#7147=DIRECTION('',(-0.196116135138184,0.98058067569092,0.));
#7148=DIRECTION('',(0.,0.,-1.));
#7149=DIRECTION('center_axis',(0.,0.,1.));
#7150=DIRECTION('ref_axis',(1.,0.,0.));
#7151=DIRECTION('',(0.,0.,-1.));
#7152=DIRECTION('center_axis',(0.,0.,-1.));
#7153=DIRECTION('ref_axis',(1.,0.,0.));
#7154=DIRECTION('',(0.,0.,-1.));
#7155=DIRECTION('center_axis',(-0.382683432365084,-0.923879532511289,0.));
#7156=DIRECTION('ref_axis',(0.923879532511289,-0.382683432365084,0.));
#7157=DIRECTION('',(0.,0.,-1.));
#7158=DIRECTION('',(-0.923879532511289,0.382683432365084,0.));
#7159=DIRECTION('center_axis',(0.,0.,1.));
#7160=DIRECTION('ref_axis',(-0.881674598767942,-0.471857925532028,0.));
#7161=DIRECTION('',(0.,0.,-1.));
#7162=DIRECTION('center_axis',(0.,0.,-1.));
#7163=DIRECTION('ref_axis',(1.,0.,0.));
#7164=DIRECTION('center_axis',(-0.980988811983786,0.194064295434889,0.));
#7165=DIRECTION('ref_axis',(-0.194064295434889,-0.980988811983786,0.));
#7166=DIRECTION('',(0.,0.,-1.));
#7167=DIRECTION('',(0.194064295434889,0.980988811983786,0.));
#7168=DIRECTION('center_axis',(0.,0.,-1.));
#7169=DIRECTION('ref_axis',(0.936084784246677,0.351774468519038,0.));
#7170=DIRECTION('',(0.,0.,1.));
#7171=DIRECTION('',(0.,0.,-1.));
#7172=DIRECTION('center_axis',(0.,0.,1.));
#7173=DIRECTION('ref_axis',(1.,0.,0.));
#7174=DIRECTION('center_axis',(0.,0.,-1.));
#7175=DIRECTION('ref_axis',(-1.,0.,0.));
#7176=DIRECTION('',(0.,0.,-1.));
#7177=DIRECTION('center_axis',(0.,0.,1.));
#7178=DIRECTION('ref_axis',(1.,0.,0.));
#7179=DIRECTION('',(0.,0.,-1.));
#7180=DIRECTION('center_axis',(0.554700196225234,-0.832050294337841,0.));
#7181=DIRECTION('ref_axis',(0.832050294337841,0.554700196225234,0.));
#7182=DIRECTION('',(0.,0.,-1.));
#7183=DIRECTION('',(-0.832050294337841,-0.554700196225234,0.));
#7184=DIRECTION('center_axis',(0.,0.,1.));
#7185=DIRECTION('ref_axis',(1.,0.,0.));
#7186=DIRECTION('',(0.,0.,-1.));
#7187=DIRECTION('center_axis',(0.,0.,-1.));
#7188=DIRECTION('ref_axis',(1.,1.70740499604017E-15,0.));
#7189=DIRECTION('center_axis',(-0.707106781186544,-0.707106781186551,0.));
#7190=DIRECTION('ref_axis',(0.707106781186551,-0.707106781186544,0.));
#7191=DIRECTION('',(0.,0.,-1.));
#7192=DIRECTION('',(-0.707106781186551,0.707106781186544,0.));
#7193=DIRECTION('center_axis',(0.,0.,1.));
#7194=DIRECTION('ref_axis',(-0.99513332666807,-0.0985376179666467,0.));
#7195=DIRECTION('',(0.,0.,-1.));
#7196=DIRECTION('center_axis',(0.,0.,-1.));
#7197=DIRECTION('ref_axis',(1.,0.,0.));
#7198=DIRECTION('center_axis',(-0.832050294337847,0.554700196225225,0.));
#7199=DIRECTION('ref_axis',(-0.554700196225225,-0.832050294337847,0.));
#7200=DIRECTION('',(0.,0.,-1.));
#7201=DIRECTION('',(0.554700196225225,0.832050294337847,0.));
#7202=DIRECTION('center_axis',(0.,0.,-1.));
#7203=DIRECTION('ref_axis',(0.99944783389202,-0.0332269066954825,0.));
#7204=DIRECTION('',(0.,0.,1.));
#7205=DIRECTION('',(0.,0.,-1.));
#7206=DIRECTION('center_axis',(0.,0.,1.));
#7207=DIRECTION('ref_axis',(1.,0.,0.));
#7208=DIRECTION('center_axis',(0.,0.,-1.));
#7209=DIRECTION('ref_axis',(-1.,0.,0.));
#7210=DIRECTION('',(0.,0.,-1.));
#7211=DIRECTION('center_axis',(0.,0.,1.));
#7212=DIRECTION('ref_axis',(1.,0.,0.));
#7213=DIRECTION('',(0.,0.,-1.));
#7214=DIRECTION('center_axis',(0.194064295434899,-0.980988811983784,0.));
#7215=DIRECTION('ref_axis',(0.980988811983784,0.194064295434899,0.));
#7216=DIRECTION('',(0.,0.,-1.));
#7217=DIRECTION('',(-0.980988811983784,-0.194064295434899,0.));
#7218=DIRECTION('center_axis',(0.,0.,1.));
#7219=DIRECTION('ref_axis',(1.,0.,0.));
#7220=DIRECTION('',(0.,0.,-1.));
#7221=DIRECTION('center_axis',(0.,0.,-1.));
#7222=DIRECTION('ref_axis',(1.,-1.70740499604017E-15,0.));
#7223=DIRECTION('center_axis',(-0.923879532511285,-0.382683432365094,0.));
#7224=DIRECTION('ref_axis',(0.382683432365094,-0.923879532511285,0.));
#7225=DIRECTION('',(0.,0.,-1.));
#7226=DIRECTION('',(-0.382683432365094,0.923879532511285,0.));
#7227=DIRECTION('center_axis',(0.,0.,1.));
#7228=DIRECTION('ref_axis',(-0.957092026489054,0.289784148688427,0.));
#7229=DIRECTION('',(0.,0.,-1.));
#7230=DIRECTION('center_axis',(0.,0.,-1.));
#7231=DIRECTION('ref_axis',(1.,8.53702498020083E-16,0.));
#7232=DIRECTION('center_axis',(-0.55643966193367,0.830888020510071,0.));
#7233=DIRECTION('ref_axis',(-0.830888020510071,-0.55643966193367,0.));
#7234=DIRECTION('',(0.,0.,-1.));
#7235=DIRECTION('',(0.830888020510071,0.55643966193367,0.));
#7236=DIRECTION('center_axis',(0.,0.,-1.));
#7237=DIRECTION('ref_axis',(0.910654010844473,-0.413169786568275,0.));
#7238=DIRECTION('',(0.,0.,1.));
#7239=DIRECTION('',(0.,0.,-1.));
#7240=DIRECTION('center_axis',(0.,0.,1.));
#7241=DIRECTION('ref_axis',(1.,0.,0.));
#7242=DIRECTION('center_axis',(0.,0.,-1.));
#7243=DIRECTION('ref_axis',(-1.,0.,0.));
#7244=DIRECTION('',(0.,0.,-1.));
#7245=DIRECTION('center_axis',(0.,0.,1.));
#7246=DIRECTION('ref_axis',(1.,0.,0.));
#7247=DIRECTION('',(0.,0.,-1.));
#7248=DIRECTION('center_axis',(-0.196116135138181,-0.980580675690921,0.));
#7249=DIRECTION('ref_axis',(0.980580675690921,-0.196116135138181,0.));
#7250=DIRECTION('',(0.,0.,-1.));
#7251=DIRECTION('',(-0.980580675690921,0.196116135138181,0.));
#7252=DIRECTION('center_axis',(0.,0.,1.));
#7253=DIRECTION('ref_axis',(1.,0.,0.));
#7254=DIRECTION('',(0.,0.,-1.));
#7255=DIRECTION('center_axis',(0.,0.,-1.));
#7256=DIRECTION('ref_axis',(1.,0.,0.));
#7257=DIRECTION('center_axis',(-1.,-3.49148133884313E-15,0.));
#7258=DIRECTION('ref_axis',(3.49148133884313E-15,-1.,0.));
#7259=DIRECTION('',(0.,0.,-1.));
#7260=DIRECTION('',(-3.49148133884313E-15,1.,0.));
#7261=DIRECTION('center_axis',(0.,0.,1.));
#7262=DIRECTION('ref_axis',(1.,0.,0.));
#7263=DIRECTION('center_axis',(0.,0.,-1.));
#7264=DIRECTION('ref_axis',(1.,0.,0.));
#7265=DIRECTION('center_axis',(0.,0.,1.));
#7266=DIRECTION('ref_axis',(-0.957092026489052,-0.289784148688432,0.));
#7267=DIRECTION('',(0.,0.,-1.));
#7268=DIRECTION('center_axis',(0.,0.,-1.));
#7269=DIRECTION('ref_axis',(1.,0.,0.));
#7270=DIRECTION('center_axis',(-0.923879532511288,0.382683432365087,0.));
#7271=DIRECTION('ref_axis',(-0.382683432365087,-0.923879532511288,0.));
#7272=DIRECTION('',(0.,0.,-1.));
#7273=DIRECTION('',(0.382683432365087,0.923879532511288,0.));
#7274=DIRECTION('center_axis',(0.,0.,1.));
#7275=DIRECTION('ref_axis',(1.,0.,0.));
#7276=DIRECTION('',(0.,0.,-1.));
#7277=DIRECTION('center_axis',(0.,0.,-1.));
#7278=DIRECTION('ref_axis',(1.,4.26851249010041E-15,0.));
#7279=DIRECTION('center_axis',(0.194064295434892,0.980988811983786,0.));
#7280=DIRECTION('ref_axis',(-0.980988811983786,0.194064295434892,0.));
#7281=DIRECTION('',(0.,0.,-1.));
#7282=DIRECTION('',(0.980988811983786,-0.194064295434892,0.));
#7283=DIRECTION('center_axis',(0.,0.,-1.));
#7284=DIRECTION('ref_axis',(-1.,0.,0.));
#7285=DIRECTION('',(0.,0.,1.));
#7286=DIRECTION('',(0.,0.,-1.));
#7287=DIRECTION('center_axis',(0.,0.,1.));
#7288=DIRECTION('ref_axis',(1.,0.,0.));
#7289=DIRECTION('center_axis',(0.,0.,-1.));
#7290=DIRECTION('ref_axis',(0.999447833892019,0.0332269066954943,0.));
#7291=DIRECTION('',(0.,0.,-1.));
#7292=DIRECTION('center_axis',(0.,0.,1.));
#7293=DIRECTION('ref_axis',(1.,0.,0.));
#7294=DIRECTION('',(0.,0.,-1.));
#7295=DIRECTION('center_axis',(-0.832050294337843,-0.554700196225231,0.));
#7296=DIRECTION('ref_axis',(0.554700196225231,-0.832050294337843,0.));
#7297=DIRECTION('',(0.,0.,-1.));
#7298=DIRECTION('',(-0.554700196225231,0.832050294337843,0.));
#7299=DIRECTION('center_axis',(0.,0.,1.));
#7300=DIRECTION('ref_axis',(-0.99513332666807,0.0985376179666399,0.));
#7301=DIRECTION('',(0.,0.,-1.));
#7302=DIRECTION('center_axis',(0.,0.,-1.));
#7303=DIRECTION('ref_axis',(1.,3.41480999208033E-15,0.));
#7304=DIRECTION('center_axis',(-0.707106781186549,0.707106781186546,0.));
#7305=DIRECTION('ref_axis',(-0.707106781186546,-0.707106781186549,0.));
#7306=DIRECTION('',(0.,0.,-1.));
#7307=DIRECTION('',(0.707106781186546,0.707106781186549,0.));
#7308=DIRECTION('center_axis',(0.,0.,1.));
#7309=DIRECTION('ref_axis',(1.,0.,0.));
#7310=DIRECTION('',(0.,0.,-1.));
#7311=DIRECTION('center_axis',(0.,0.,-1.));
#7312=DIRECTION('ref_axis',(1.,1.70740499604017E-15,0.));
#7313=DIRECTION('center_axis',(0.554700196225228,0.832050294337845,0.));
#7314=DIRECTION('ref_axis',(-0.832050294337845,0.554700196225228,0.));
#7315=DIRECTION('',(0.,0.,-1.));
#7316=DIRECTION('',(0.832050294337845,-0.554700196225228,0.));
#7317=DIRECTION('center_axis',(0.,0.,-1.));
#7318=DIRECTION('ref_axis',(-1.,0.,0.));
#7319=DIRECTION('',(0.,0.,1.));
#7320=DIRECTION('',(0.,0.,-1.));
#7321=DIRECTION('center_axis',(0.,0.,1.));
#7322=DIRECTION('ref_axis',(1.,0.,0.));
#7323=DIRECTION('center_axis',(0.,0.,-1.));
#7324=DIRECTION('ref_axis',(0.936084784246681,-0.351774468519028,0.));
#7325=DIRECTION('',(0.,0.,-1.));
#7326=DIRECTION('center_axis',(0.,0.,1.));
#7327=DIRECTION('ref_axis',(1.,0.,0.));
#7328=DIRECTION('',(0.,0.,-1.));
#7329=DIRECTION('center_axis',(-0.980988811983785,-0.194064295434895,0.));
#7330=DIRECTION('ref_axis',(0.194064295434895,-0.980988811983785,0.));
#7331=DIRECTION('',(0.,0.,-1.));
#7332=DIRECTION('',(-0.194064295434895,0.980988811983785,0.));
#7333=DIRECTION('center_axis',(0.,0.,1.));
#7334=DIRECTION('ref_axis',(-0.881674598767944,0.471857925532024,0.));
#7335=DIRECTION('',(0.,0.,-1.));
#7336=DIRECTION('center_axis',(0.,0.,-1.));
#7337=DIRECTION('ref_axis',(1.,0.,0.));
#7338=DIRECTION('center_axis',(-0.382683432365091,0.923879532511287,0.));
#7339=DIRECTION('ref_axis',(-0.923879532511287,-0.382683432365091,0.));
#7340=DIRECTION('',(0.,0.,-1.));
#7341=DIRECTION('',(0.923879532511287,0.382683432365091,0.));
#7342=DIRECTION('center_axis',(0.,0.,1.));
#7343=DIRECTION('ref_axis',(1.,0.,0.));
#7344=DIRECTION('',(0.,0.,-1.));
#7345=DIRECTION('center_axis',(0.,0.,-1.));
#7346=DIRECTION('ref_axis',(1.,3.41480999208033E-15,0.));
#7347=DIRECTION('center_axis',(0.830888020510073,0.556439661933667,0.));
#7348=DIRECTION('ref_axis',(-0.556439661933667,0.830888020510073,0.));
#7349=DIRECTION('',(0.,0.,-1.));
#7350=DIRECTION('',(0.556439661933667,-0.830888020510072,0.));
#7351=DIRECTION('center_axis',(0.,0.,-1.));
#7352=DIRECTION('ref_axis',(-1.,0.,0.));
#7353=DIRECTION('',(0.,0.,1.));
#7354=DIRECTION('',(0.,0.,-1.));
#7355=DIRECTION('center_axis',(0.,0.,1.));
#7356=DIRECTION('ref_axis',(1.,0.,0.));
#7357=DIRECTION('center_axis',(0.,0.,-1.));
#7358=DIRECTION('ref_axis',(-1.,0.,0.));
#7359=DIRECTION('',(0.,0.,-1.));
#7360=DIRECTION('center_axis',(0.,0.,1.));
#7361=DIRECTION('ref_axis',(1.,0.,0.));
#7362=DIRECTION('',(0.,0.,-1.));
#7363=DIRECTION('center_axis',(-0.98058067569092,0.196116135138184,0.));
#7364=DIRECTION('ref_axis',(-0.196116135138184,-0.98058067569092,0.));
#7365=DIRECTION('',(0.,0.,-1.));
#7366=DIRECTION('',(0.196116135138184,0.98058067569092,0.));
#7367=DIRECTION('center_axis',(0.,0.,1.));
#7368=DIRECTION('ref_axis',(1.,0.,0.));
#7369=DIRECTION('',(0.,0.,-1.));
#7370=DIRECTION('center_axis',(0.,0.,-1.));
#7371=DIRECTION('ref_axis',(1.,0.,0.));
#7372=DIRECTION('center_axis',(0.,1.,0.));
#7373=DIRECTION('ref_axis',(0.,0.,1.));
#7374=DIRECTION('',(0.,0.,-1.));
#7375=DIRECTION('',(1.,0.,0.));
#7376=DIRECTION('center_axis',(0.,0.,1.));
#7377=DIRECTION('ref_axis',(1.,0.,0.));
#7378=DIRECTION('center_axis',(0.,0.,-1.));
#7379=DIRECTION('ref_axis',(1.,-3.41480999208033E-15,0.));
#7380=DIRECTION('center_axis',(0.,0.,1.));
#7381=DIRECTION('ref_axis',(1.,0.,0.));
#7382=DIRECTION('',(0.,0.,-1.));
#7383=DIRECTION('center_axis',(0.,0.,-1.));
#7384=DIRECTION('ref_axis',(1.,6.82961998416066E-15,0.));
#7385=DIRECTION('center_axis',(0.382683432365077,0.923879532511292,0.));
#7386=DIRECTION('ref_axis',(-0.923879532511292,0.382683432365077,0.));
#7387=DIRECTION('',(0.,0.,-1.));
#7388=DIRECTION('',(0.923879532511292,-0.382683432365077,0.));
#7389=DIRECTION('center_axis',(0.,0.,-1.));
#7390=DIRECTION('ref_axis',(1.,-2.13425624505021E-14,0.));
#7391=DIRECTION('center_axis',(0.,0.,-1.));
#7392=DIRECTION('ref_axis',(1.,-2.13425624505021E-14,0.));
#7393=DIRECTION('',(0.,0.,-1.));
#7394=DIRECTION('center_axis',(0.,0.,1.));
#7395=DIRECTION('ref_axis',(1.,-2.13425624505021E-14,0.));
#7396=DIRECTION('center_axis',(0.,0.,-1.));
#7397=DIRECTION('ref_axis',(1.,3.75629099128836E-14,0.));
#7398=DIRECTION('center_axis',(0.,0.,-1.));
#7399=DIRECTION('ref_axis',(1.,3.75629099128836E-14,0.));
#7400=DIRECTION('',(0.,0.,-1.));
#7401=DIRECTION('center_axis',(0.,0.,-1.));
#7402=DIRECTION('ref_axis',(1.,3.75629099128836E-14,0.));
#7403=DIRECTION('',(0.,0.,-1.));
#7404=DIRECTION('center_axis',(0.,0.,-1.));
#7405=DIRECTION('ref_axis',(1.,3.75629099128836E-14,0.));
#7406=DIRECTION('center_axis',(0.,0.,1.));
#7407=DIRECTION('ref_axis',(1.,3.75629099128836E-14,0.));
#7408=DIRECTION('',(0.,0.,-1.));
#7409=DIRECTION('center_axis',(0.,0.,-1.));
#7410=DIRECTION('ref_axis',(1.,0.,0.));
#7411=DIRECTION('center_axis',(0.,0.,-1.));
#7412=DIRECTION('ref_axis',(1.,0.,0.));
#7413=DIRECTION('',(0.,0.,-1.));
#7414=DIRECTION('center_axis',(0.,0.,-1.));
#7415=DIRECTION('ref_axis',(1.,0.,0.));
#7416=DIRECTION('',(0.,0.,-1.));
#7417=DIRECTION('center_axis',(0.,0.,-1.));
#7418=DIRECTION('ref_axis',(1.,0.,0.));
#7419=DIRECTION('center_axis',(0.,0.,1.));
#7420=DIRECTION('ref_axis',(1.,0.,0.));
#7421=DIRECTION('',(0.,0.,-1.));
#7422=DIRECTION('center_axis',(0.,0.,-1.));
#7423=DIRECTION('ref_axis',(1.,-6.82961998416066E-15,0.));
#7424=DIRECTION('center_axis',(0.,0.,-1.));
#7425=DIRECTION('ref_axis',(1.,-6.82961998416066E-15,0.));
#7426=DIRECTION('center_axis',(0.,0.,1.));
#7427=DIRECTION('ref_axis',(1.,-6.82961998416066E-15,0.));
#7428=DIRECTION('',(0.,0.,-1.));
#7429=DIRECTION('center_axis',(0.,0.,-1.));
#7430=DIRECTION('ref_axis',(1.,-6.82961998416066E-15,0.));
#7431=DIRECTION('center_axis',(0.,0.,-1.));
#7432=DIRECTION('ref_axis',(1.,-6.82961998416066E-15,0.));
#7433=DIRECTION('center_axis',(0.,0.,-1.));
#7434=DIRECTION('ref_axis',(1.,-5.12221498812049E-15,0.));
#7435=DIRECTION('center_axis',(0.,0.,-1.));
#7436=DIRECTION('ref_axis',(1.,-5.12221498812049E-15,0.));
#7437=DIRECTION('center_axis',(0.,0.,-1.));
#7438=DIRECTION('ref_axis',(1.,-5.12221498812049E-15,0.));
#7439=DIRECTION('',(0.,0.,-1.));
#7440=DIRECTION('center_axis',(0.,0.,-1.));
#7441=DIRECTION('ref_axis',(1.,-5.12221498812049E-15,0.));
#7442=DIRECTION('center_axis',(0.,0.,1.));
#7443=DIRECTION('ref_axis',(1.,-5.12221498812049E-15,0.));
#7444=DIRECTION('center_axis',(0.,0.,-1.));
#7445=DIRECTION('ref_axis',(1.,-1.0244429976241E-14,0.));
#7446=DIRECTION('center_axis',(0.,0.,-1.));
#7447=DIRECTION('ref_axis',(1.,-1.0244429976241E-14,0.));
#7448=DIRECTION('center_axis',(0.,0.,-1.));
#7449=DIRECTION('ref_axis',(1.,-1.0244429976241E-14,0.));
#7450=DIRECTION('',(0.,0.,-1.));
#7451=DIRECTION('center_axis',(0.,0.,-1.));
#7452=DIRECTION('ref_axis',(1.,-1.0244429976241E-14,0.));
#7453=DIRECTION('center_axis',(0.,0.,1.));
#7454=DIRECTION('ref_axis',(1.,-1.0244429976241E-14,0.));
#7455=DIRECTION('center_axis',(0.,0.,-1.));
#7456=DIRECTION('ref_axis',(1.,1.70740499604017E-15,0.));
#7457=DIRECTION('center_axis',(0.,0.,-1.));
#7458=DIRECTION('ref_axis',(1.,1.70740499604017E-15,0.));
#7459=DIRECTION('center_axis',(0.,0.,-1.));
#7460=DIRECTION('ref_axis',(1.,1.70740499604017E-15,0.));
#7461=DIRECTION('',(0.,0.,-1.));
#7462=DIRECTION('center_axis',(0.,0.,-1.));
#7463=DIRECTION('ref_axis',(1.,1.70740499604017E-15,0.));
#7464=DIRECTION('center_axis',(0.,0.,1.));
#7465=DIRECTION('ref_axis',(1.,1.70740499604017E-15,0.));
#7466=DIRECTION('center_axis',(0.,0.,-1.));
#7467=DIRECTION('ref_axis',(1.,0.,0.));
#7468=DIRECTION('center_axis',(0.,0.,-1.));
#7469=DIRECTION('ref_axis',(1.,0.,0.));
#7470=DIRECTION('center_axis',(0.,0.,-1.));
#7471=DIRECTION('ref_axis',(1.,0.,0.));
#7472=DIRECTION('',(0.,0.,-1.));
#7473=DIRECTION('center_axis',(0.,0.,-1.));
#7474=DIRECTION('ref_axis',(1.,0.,0.));
#7475=DIRECTION('center_axis',(0.,0.,1.));
#7476=DIRECTION('ref_axis',(1.,0.,0.));
#7477=DIRECTION('center_axis',(0.,0.,-1.));
#7478=DIRECTION('ref_axis',(1.,-2.13425624505021E-14,0.));
#7479=DIRECTION('center_axis',(0.,0.,-1.));
#7480=DIRECTION('ref_axis',(1.,-2.13425624505021E-14,0.));
#7481=DIRECTION('center_axis',(0.,0.,-1.));
#7482=DIRECTION('ref_axis',(1.,-2.13425624505021E-14,0.));
#7483=DIRECTION('',(0.,0.,-1.));
#7484=DIRECTION('center_axis',(0.,0.,-1.));
#7485=DIRECTION('ref_axis',(1.,-2.13425624505021E-14,0.));
#7486=DIRECTION('center_axis',(0.,0.,1.));
#7487=DIRECTION('ref_axis',(1.,-2.13425624505021E-14,0.));
#7488=DIRECTION('center_axis',(0.,0.,-1.));
#7489=DIRECTION('ref_axis',(1.,4.0977719904964E-14,0.));
#7490=DIRECTION('center_axis',(0.,0.,-1.));
#7491=DIRECTION('ref_axis',(1.,4.0977719904964E-14,0.));
#7492=DIRECTION('center_axis',(0.,0.,-1.));
#7493=DIRECTION('ref_axis',(1.,4.0977719904964E-14,0.));
#7494=DIRECTION('',(0.,0.,-1.));
#7495=DIRECTION('center_axis',(0.,0.,-1.));
#7496=DIRECTION('ref_axis',(1.,4.0977719904964E-14,0.));
#7497=DIRECTION('center_axis',(0.,0.,1.));
#7498=DIRECTION('ref_axis',(1.,4.0977719904964E-14,0.));
#7499=DIRECTION('center_axis',(0.,0.,-1.));
#7500=DIRECTION('ref_axis',(1.,-1.0244429976241E-14,0.));
#7501=DIRECTION('center_axis',(0.,0.,-1.));
#7502=DIRECTION('ref_axis',(1.,-1.0244429976241E-14,0.));
#7503=DIRECTION('center_axis',(0.,0.,-1.));
#7504=DIRECTION('ref_axis',(1.,-1.0244429976241E-14,0.));
#7505=DIRECTION('',(0.,0.,-1.));
#7506=DIRECTION('center_axis',(0.,0.,-1.));
#7507=DIRECTION('ref_axis',(1.,-1.0244429976241E-14,0.));
#7508=DIRECTION('center_axis',(0.,0.,1.));
#7509=DIRECTION('ref_axis',(1.,-1.0244429976241E-14,0.));
#7510=DIRECTION('center_axis',(0.,0.,-1.));
#7511=DIRECTION('ref_axis',(1.,-3.41480999208033E-14,0.));
#7512=DIRECTION('center_axis',(0.,0.,-1.));
#7513=DIRECTION('ref_axis',(1.,-3.41480999208033E-14,0.));
#7514=DIRECTION('',(0.,0.,-1.));
#7515=DIRECTION('center_axis',(0.,0.,-1.));
#7516=DIRECTION('ref_axis',(1.,-3.41480999208033E-14,0.));
#7517=DIRECTION('',(0.,0.,-1.));
#7518=DIRECTION('center_axis',(0.,0.,-1.));
#7519=DIRECTION('ref_axis',(1.,-3.41480999208033E-14,0.));
#7520=DIRECTION('center_axis',(0.,0.,1.));
#7521=DIRECTION('ref_axis',(1.,-3.41480999208033E-14,0.));
#7522=DIRECTION('',(0.,0.,-1.));
#7523=DIRECTION('center_axis',(0.,0.,-1.));
#7524=DIRECTION('ref_axis',(1.,-1.53666449643615E-14,0.));
#7525=DIRECTION('center_axis',(0.,0.,-1.));
#7526=DIRECTION('ref_axis',(1.,-1.53666449643615E-14,0.));
#7527=DIRECTION('center_axis',(0.,0.,-1.));
#7528=DIRECTION('ref_axis',(1.,-1.53666449643615E-14,0.));
#7529=DIRECTION('',(0.,0.,-1.));
#7530=DIRECTION('center_axis',(0.,0.,-1.));
#7531=DIRECTION('ref_axis',(1.,-1.53666449643615E-14,0.));
#7532=DIRECTION('center_axis',(0.,0.,1.));
#7533=DIRECTION('ref_axis',(1.,-1.53666449643615E-14,0.));
#7534=DIRECTION('center_axis',(0.,0.,-1.));
#7535=DIRECTION('ref_axis',(1.,3.0733289928723E-14,0.));
#7536=DIRECTION('center_axis',(0.,0.,-1.));
#7537=DIRECTION('ref_axis',(1.,3.0733289928723E-14,0.));
#7538=DIRECTION('',(0.,0.,-1.));
#7539=DIRECTION('center_axis',(0.,0.,-1.));
#7540=DIRECTION('ref_axis',(1.,3.0733289928723E-14,0.));
#7541=DIRECTION('',(0.,0.,-1.));
#7542=DIRECTION('center_axis',(0.,0.,-1.));
#7543=DIRECTION('ref_axis',(1.,3.0733289928723E-14,0.));
#7544=DIRECTION('center_axis',(0.,0.,1.));
#7545=DIRECTION('ref_axis',(1.,3.0733289928723E-14,0.));
#7546=DIRECTION('',(0.,0.,-1.));
#7547=DIRECTION('center_axis',(0.,0.,-1.));
#7548=DIRECTION('ref_axis',(1.,2.73184799366426E-14,0.));
#7549=DIRECTION('center_axis',(0.,0.,-1.));
#7550=DIRECTION('ref_axis',(1.,2.73184799366426E-14,0.));
#7551=DIRECTION('',(0.,0.,-1.));
#7552=DIRECTION('center_axis',(0.,0.,-1.));
#7553=DIRECTION('ref_axis',(1.,2.73184799366426E-14,0.));
#7554=DIRECTION('',(0.,0.,-1.));
#7555=DIRECTION('center_axis',(0.,0.,-1.));
#7556=DIRECTION('ref_axis',(1.,2.73184799366426E-14,0.));
#7557=DIRECTION('center_axis',(0.,0.,1.));
#7558=DIRECTION('ref_axis',(1.,2.73184799366426E-14,0.));
#7559=DIRECTION('',(0.,0.,-1.));
#7560=DIRECTION('center_axis',(0.,0.,-1.));
#7561=DIRECTION('ref_axis',(1.,0.,0.));
#7562=DIRECTION('center_axis',(0.,0.,-1.));
#7563=DIRECTION('ref_axis',(1.,0.,0.));
#7564=DIRECTION('',(0.,0.,-1.));
#7565=DIRECTION('center_axis',(0.,0.,-1.));
#7566=DIRECTION('ref_axis',(1.,0.,0.));
#7567=DIRECTION('',(0.,0.,-1.));
#7568=DIRECTION('center_axis',(0.,0.,-1.));
#7569=DIRECTION('ref_axis',(1.,0.,0.));
#7570=DIRECTION('center_axis',(0.,0.,1.));
#7571=DIRECTION('ref_axis',(1.,0.,0.));
#7572=DIRECTION('',(0.,0.,-1.));
#7573=DIRECTION('center_axis',(0.,0.,-1.));
#7574=DIRECTION('ref_axis',(1.,-2.13425624505021E-14,0.));
#7575=DIRECTION('',(0.,0.,-1.));
#7576=DIRECTION('center_axis',(0.,0.,-1.));
#7577=DIRECTION('ref_axis',(1.,-2.13425624505021E-14,0.));
#7578=DIRECTION('center_axis',(0.,0.,1.));
#7579=DIRECTION('ref_axis',(1.04744440165294E-14,-1.,0.));
#7580=DIRECTION('center_axis',(0.,0.,1.));
#7581=DIRECTION('ref_axis',(1.,0.,0.));
#7582=DIRECTION('',(0.980580675690922,-0.196116135138174,0.));
#7583=DIRECTION('center_axis',(0.,0.,-1.));
#7584=DIRECTION('ref_axis',(1.,-1.76076140216642E-15,0.));
#7585=DIRECTION('',(1.04744440165294E-14,-1.,0.));
#7586=DIRECTION('center_axis',(0.,0.,-1.));
#7587=DIRECTION('ref_axis',(1.,0.,0.));
#7588=DIRECTION('',(-0.980580675690918,-0.196116135138194,0.));
#7589=DIRECTION('center_axis',(0.,0.,1.));
#7590=DIRECTION('ref_axis',(1.,0.,0.));
#7591=DIRECTION('center_axis',(0.,0.,1.));
#7592=DIRECTION('ref_axis',(1.,0.,0.));
#7593=DIRECTION('center_axis',(0.,0.,-1.));
#7594=DIRECTION('ref_axis',(1.,0.,0.));
#7595=DIRECTION('',(-0.38268343236508,-0.923879532511291,0.));
#7596=DIRECTION('center_axis',(0.,0.,-1.));
#7597=DIRECTION('ref_axis',(1.,-8.53702498020083E-16,0.));
#7598=DIRECTION('',(-0.980988811983787,0.194064295434885,0.));
#7599=DIRECTION('center_axis',(0.,0.,1.));
#7600=DIRECTION('ref_axis',(1.,0.,0.));
#7601=DIRECTION('center_axis',(0.,0.,1.));
#7602=DIRECTION('ref_axis',(1.,0.,0.));
#7603=DIRECTION('',(0.554700196225236,-0.832050294337839,0.));
#7604=DIRECTION('center_axis',(0.,0.,-1.));
#7605=DIRECTION('ref_axis',(1.,0.,0.));
#7606=DIRECTION('',(-0.707106781186541,-0.707106781186554,0.));
#7607=DIRECTION('center_axis',(0.,0.,-1.));
#7608=DIRECTION('ref_axis',(1.,1.70740499604017E-15,0.));
#7609=DIRECTION('',(-0.832050294337848,0.554700196225222,0.));
#7610=DIRECTION('center_axis',(0.,0.,1.));
#7611=DIRECTION('ref_axis',(1.,0.,0.));
#7612=DIRECTION('center_axis',(0.,0.,1.));
#7613=DIRECTION('ref_axis',(1.,0.,0.));
#7614=DIRECTION('',(0.194064295434902,-0.980988811983784,0.));
#7615=DIRECTION('center_axis',(0.,0.,-1.));
#7616=DIRECTION('ref_axis',(1.,0.,0.));
#7617=DIRECTION('',(-0.923879532511284,-0.382683432365097,0.));
#7618=DIRECTION('center_axis',(0.,0.,-1.));
#7619=DIRECTION('ref_axis',(1.,3.41480999208033E-15,0.));
#7620=DIRECTION('center_axis',(0.,0.,-1.));
#7621=DIRECTION('ref_axis',(1.,0.,0.));
#7622=DIRECTION('',(-1.,0.,0.));
#7623=DIRECTION('center_axis',(0.,0.,-1.));
#7624=DIRECTION('ref_axis',(1.,0.,0.));
#7625=DIRECTION('center_axis',(0.,0.,1.));
#7626=DIRECTION('ref_axis',(1.,0.,0.));
#7627=DIRECTION('center_axis',(0.,0.,1.));
#7628=DIRECTION('ref_axis',(1.,0.,0.));
#7629=DIRECTION('',(-0.556439661933661,-0.830888020510076,0.));
#7630=DIRECTION('center_axis',(0.,0.,-1.));
#7631=DIRECTION('ref_axis',(1.,0.,0.));
#7632=DIRECTION('',(-0.194064295434881,-0.980988811983788,0.));
#7633=DIRECTION('center_axis',(0.,0.,1.));
#7634=DIRECTION('ref_axis',(1.,0.,0.));
#7635=DIRECTION('center_axis',(0.,0.,1.));
#7636=DIRECTION('ref_axis',(1.,0.,0.));
#7637=DIRECTION('',(0.832050294337837,0.554700196225239,0.));
#7638=DIRECTION('center_axis',(0.,0.,-1.));
#7639=DIRECTION('ref_axis',(1.,3.41480999208033E-15,0.));
#7640=DIRECTION('',(0.707106781186556,-0.707106781186539,0.));
#7641=DIRECTION('center_axis',(0.,0.,-1.));
#7642=DIRECTION('ref_axis',(1.,0.,0.));
#7643=DIRECTION('',(-0.554700196225219,-0.83205029433785,0.));
#7644=DIRECTION('center_axis',(0.,0.,1.));
#7645=DIRECTION('ref_axis',(1.,0.,0.));
#7646=DIRECTION('center_axis',(0.,0.,1.));
#7647=DIRECTION('ref_axis',(1.,0.,0.));
#7648=DIRECTION('',(0.980988811983783,0.194064295434905,0.));
#7649=DIRECTION('center_axis',(0.,0.,-1.));
#7650=DIRECTION('ref_axis',(1.,3.41480999208033E-15,0.));
#7651=DIRECTION('',(0.3826834323651,-0.923879532511283,0.));
#7652=DIRECTION('center_axis',(0.,0.,-1.));
#7653=DIRECTION('ref_axis',(1.,0.,0.));
#7654=DIRECTION('center_axis',(0.,0.,1.));
#7655=DIRECTION('ref_axis',(1.,0.,0.));
#7656=DIRECTION('',(0.,0.,-1.));
#7657=DIRECTION('',(0.,0.,-1.));
#7658=DIRECTION('center_axis',(0.,0.,-1.));
#7659=DIRECTION('ref_axis',(-1.,0.,0.));
#7660=DIRECTION('',(0.,0.,-1.));
#7661=DIRECTION('',(0.,0.,1.));
#7662=DIRECTION('center_axis',(0.,0.,1.));
#7663=DIRECTION('ref_axis',(1.,0.,0.));
#7664=DIRECTION('',(0.,0.,-1.));
#7665=DIRECTION('',(0.,0.,-1.));
#7666=DIRECTION('center_axis',(0.,0.,-1.));
#7667=DIRECTION('ref_axis',(-1.,0.,0.));
#7668=DIRECTION('',(0.,0.,-1.));
#7669=DIRECTION('',(0.,0.,1.));
#7670=DIRECTION('center_axis',(0.,0.,-1.));
#7671=DIRECTION('ref_axis',(-1.,0.,0.));
#7672=DIRECTION('',(0.,0.,1.));
#7673=DIRECTION('',(0.,0.,-1.));
#7674=DIRECTION('center_axis',(0.,0.,1.));
#7675=DIRECTION('ref_axis',(1.,0.,0.));
#7676=DIRECTION('',(0.,0.,-1.));
#7677=DIRECTION('',(0.,0.,-1.));
#7678=DIRECTION('center_axis',(0.,0.,1.));
#7679=DIRECTION('ref_axis',(1.,0.,0.));
#7680=DIRECTION('',(0.,0.,-1.));
#7681=DIRECTION('',(0.,0.,-1.));
#7682=DIRECTION('center_axis',(0.,0.,-1.));
#7683=DIRECTION('ref_axis',(-1.,0.,0.));
#7684=DIRECTION('',(0.,0.,-1.));
#7685=DIRECTION('center_axis',(0.,0.,-1.));
#7686=DIRECTION('ref_axis',(-1.,0.,0.));
#7687=DIRECTION('',(0.,0.,1.));
#7688=DIRECTION('',(0.,0.,-1.));
#7689=DIRECTION('center_axis',(0.,0.,1.));
#7690=DIRECTION('ref_axis',(1.,0.,0.));
#7691=DIRECTION('',(0.,0.,-1.));
#7692=DIRECTION('',(0.,0.,-1.));
#7693=DIRECTION('center_axis',(0.,0.,-1.));
#7694=DIRECTION('ref_axis',(-1.,0.,0.));
#7695=DIRECTION('',(0.,0.,1.));
#7696=DIRECTION('',(0.,0.,-1.));
#7697=DIRECTION('center_axis',(0.,0.,1.));
#7698=DIRECTION('ref_axis',(1.,0.,0.));
#7699=DIRECTION('',(0.,0.,-1.));
#7700=DIRECTION('',(0.,0.,-1.));
#7701=DIRECTION('center_axis',(0.,0.,1.));
#7702=DIRECTION('ref_axis',(1.,0.,0.));
#7703=DIRECTION('',(0.,0.,-1.));
#7704=DIRECTION('center_axis',(0.,0.,-1.));
#7705=DIRECTION('ref_axis',(-1.,0.,0.));
#7706=DIRECTION('',(0.,0.,1.));
#7707=DIRECTION('center_axis',(0.,0.,1.));
#7708=DIRECTION('ref_axis',(1.,0.,0.));
#7709=DIRECTION('',(0.,0.,-1.));
#7710=DIRECTION('center_axis',(0.,0.,1.));
#7711=DIRECTION('ref_axis',(1.,0.,0.));
#7712=DIRECTION('',(0.,0.,-1.));
#7713=DIRECTION('center_axis',(0.,0.,-1.));
#7714=DIRECTION('ref_axis',(-1.,0.,0.));
#7715=DIRECTION('',(0.,0.,-1.));
#7716=DIRECTION('center_axis',(0.980988811983788,-0.194064295434881,0.));
#7717=DIRECTION('ref_axis',(0.194064295434881,0.980988811983788,0.));
#7718=DIRECTION('',(0.,0.,-1.));
#7719=DIRECTION('',(0.,0.,-1.));
#7720=DIRECTION('center_axis',(0.707106781186539,0.707106781186556,0.));
#7721=DIRECTION('ref_axis',(-0.707106781186556,0.707106781186539,0.));
#7722=DIRECTION('',(0.,0.,-1.));
#7723=DIRECTION('center_axis',(-0.554700196225239,0.832050294337837,0.));
#7724=DIRECTION('ref_axis',(-0.832050294337837,-0.554700196225239,0.));
#7725=DIRECTION('center_axis',(0.83205029433785,-0.554700196225219,0.));
#7726=DIRECTION('ref_axis',(0.554700196225219,0.83205029433785,0.));
#7727=DIRECTION('',(0.,0.,-1.));
#7728=DIRECTION('',(0.,0.,-1.));
#7729=DIRECTION('center_axis',(0.923879532511283,0.3826834323651,0.));
#7730=DIRECTION('ref_axis',(-0.3826834323651,0.923879532511283,0.));
#7731=DIRECTION('',(0.,0.,-1.));
#7732=DIRECTION('center_axis',(-0.194064295434905,0.980988811983783,0.));
#7733=DIRECTION('ref_axis',(-0.980988811983783,-0.194064295434905,0.));
#7734=DIRECTION('center_axis',(1.,1.04744440165294E-14,0.));
#7735=DIRECTION('ref_axis',(-1.04744440165294E-14,1.,0.));
#7736=DIRECTION('center_axis',(0.196116135138174,0.980580675690922,0.));
#7737=DIRECTION('ref_axis',(-0.980580675690922,0.196116135138174,0.));
#7738=DIRECTION('center_axis',(0.196116135138194,-0.980580675690918,0.));
#7739=DIRECTION('ref_axis',(0.980580675690918,0.196116135138194,0.));
#7740=DIRECTION('center_axis',(0.923879532511291,-0.382683432365081,0.));
#7741=DIRECTION('ref_axis',(0.382683432365081,0.923879532511291,0.));
#7742=DIRECTION('',(0.,0.,-1.));
#7743=DIRECTION('center_axis',(-0.194064295434885,-0.980988811983787,0.));
#7744=DIRECTION('ref_axis',(0.980988811983787,-0.194064295434885,0.));
#7745=DIRECTION('center_axis',(0.707106781186554,-0.707106781186541,0.));
#7746=DIRECTION('ref_axis',(0.707106781186541,0.707106781186554,0.));
#7747=DIRECTION('',(0.,0.,-1.));
#7748=DIRECTION('center_axis',(0.832050294337839,0.554700196225236,0.));
#7749=DIRECTION('ref_axis',(-0.554700196225237,0.832050294337839,0.));
#7750=DIRECTION('',(0.,0.,-1.));
#7751=DIRECTION('',(0.,0.,1.));
#7752=DIRECTION('center_axis',(-0.554700196225222,-0.832050294337848,0.));
#7753=DIRECTION('ref_axis',(0.832050294337848,-0.554700196225222,0.));
#7754=DIRECTION('center_axis',(0.382683432365097,-0.923879532511284,0.));
#7755=DIRECTION('ref_axis',(0.923879532511284,0.382683432365097,0.));
#7756=DIRECTION('',(0.,0.,-1.));
#7757=DIRECTION('center_axis',(0.980988811983784,0.194064295434902,0.));
#7758=DIRECTION('ref_axis',(-0.194064295434902,0.980988811983783,0.));
#7759=DIRECTION('',(0.,0.,-1.));
#7760=DIRECTION('',(0.,0.,1.));
#7761=DIRECTION('center_axis',(0.,-1.,0.));
#7762=DIRECTION('ref_axis',(0.,0.,-1.));
#7763=DIRECTION('center_axis',(0.830888020510076,-0.556439661933661,0.));
#7764=DIRECTION('ref_axis',(0.556439661933661,0.830888020510076,0.));
#7765=DIRECTION('center_axis',(0.,0.,-1.));
#7766=DIRECTION('ref_axis',(-1.,0.,0.));
#7767=DIRECTION('center_axis',(0.,0.,1.));
#7768=DIRECTION('ref_axis',(1.,0.,0.));
#7769=DIRECTION('center_axis',(0.,0.,-1.));
#7770=DIRECTION('ref_axis',(-1.,0.,0.));
#7771=DIRECTION('center_axis',(0.,0.,1.));
#7772=DIRECTION('ref_axis',(1.,0.,0.));
#7773=DIRECTION('center_axis',(0.,0.,-1.));
#7774=DIRECTION('ref_axis',(-1.,0.,0.));
#7775=DIRECTION('center_axis',(0.,0.,1.));
#7776=DIRECTION('ref_axis',(1.,0.,0.));
#7777=DIRECTION('center_axis',(0.,0.,1.));
#7778=DIRECTION('ref_axis',(1.,0.,0.));
#7779=DIRECTION('center_axis',(0.,0.,1.));
#7780=DIRECTION('ref_axis',(1.,0.,0.));
#7781=DIRECTION('center_axis',(0.,0.,-1.));
#7782=DIRECTION('ref_axis',(-1.,0.,0.));
#7783=DIRECTION('center_axis',(0.,0.,1.));
#7784=DIRECTION('ref_axis',(1.,0.,0.));
#7785=DIRECTION('center_axis',(0.,0.,-1.));
#7786=DIRECTION('ref_axis',(-1.,0.,0.));
#7787=DIRECTION('center_axis',(1.,0.,5.32907051820074E-13));
#7788=DIRECTION('ref_axis',(0.,1.,0.));
#7789=DIRECTION('',(0.,-1.,0.));
#7790=DIRECTION('',(-5.32907051820074E-13,0.,1.));
#7791=DIRECTION('',(0.,1.,0.));
#7792=DIRECTION('',(-5.32907051820074E-13,0.,1.));
#7793=DIRECTION('center_axis',(-5.32907051820074E-13,0.,1.));
#7794=DIRECTION('ref_axis',(1.,0.,5.32907051820074E-13));
#7795=DIRECTION('',(-1.,0.,0.));
#7796=DIRECTION('',(0.,1.,0.));
#7797=DIRECTION('',(1.,-6.34413156928661E-15,5.32907051820077E-13));
#7798=DIRECTION('center_axis',(-1.,0.,-5.32907051820079E-13));
#7799=DIRECTION('ref_axis',(-5.32907051820079E-13,0.,1.));
#7800=DIRECTION('',(5.32907051820077E-13,-6.96546777934066E-29,-1.));
#7801=DIRECTION('',(0.,1.,0.));
#7802=DIRECTION('',(-5.32907051820077E-13,3.38083245094721E-27,1.));
#7803=DIRECTION('center_axis',(-1.,0.,-5.12721178645071E-13));
#7804=DIRECTION('ref_axis',(0.,-1.,0.));
#7805=DIRECTION('',(0.,1.,0.));
#7806=DIRECTION('',(-5.12721178645071E-13,0.,1.));
#7807=DIRECTION('',(0.,-1.,0.));
#7808=DIRECTION('',(-5.12721178645071E-13,0.,1.));
#7809=DIRECTION('center_axis',(-5.12721178645071E-13,0.,1.));
#7810=DIRECTION('ref_axis',(1.,0.,5.12721178645071E-13));
#7811=DIRECTION('',(1.,0.,5.10702591327574E-13));
#7812=DIRECTION('',(0.,-1.,0.));
#7813=DIRECTION('',(-1.,0.,0.));
#7814=DIRECTION('center_axis',(1.,0.,5.03301104496737E-13));
#7815=DIRECTION('ref_axis',(5.03301104496737E-13,0.,-1.));
#7816=DIRECTION('',(5.10702591327574E-13,-3.23996443215774E-27,-1.));
#7817=DIRECTION('',(1.58410659458425E-45,-1.,8.20732086891722E-58));
#7818=DIRECTION('',(-5.10702591327574E-13,1.83394256018511E-29,1.));
#7819=DIRECTION('center_axis',(0.,1.,0.));
#7820=DIRECTION('ref_axis',(0.525731112119179,0.,-0.850650808352012));
#7821=DIRECTION('center_axis',(-1.30614473479196E-16,-1.,4.93038065763132E-32));
#7822=DIRECTION('ref_axis',(0.525731112119179,0.,-0.850650808352012));
#7823=DIRECTION('',(0.,-1.,0.));
#7824=DIRECTION('center_axis',(6.34413156928661E-15,1.,0.));
#7825=DIRECTION('ref_axis',(0.525731112119179,0.,-0.850650808352012));
#7826=DIRECTION('',(0.,1.,0.));
#7827=DIRECTION('center_axis',(-1.30614473479196E-16,-1.,4.93038065763132E-32));
#7828=DIRECTION('ref_axis',(3.28429327576129E-46,4.93038065763132E-32,1.));
#7829=DIRECTION('',(-1.,1.30614473479196E-16,0.));
#7830=DIRECTION('',(-5.16253706450697E-13,6.74795098563178E-29,1.));
#7831=DIRECTION('center_axis',(-1.30614473479196E-16,-1.,4.93038065763132E-32));
#7832=DIRECTION('ref_axis',(-0.707106781186913,0.,0.707106781186182));
#7833=DIRECTION('',(-1.,1.30614473479196E-16,-5.18104078158406E-13));
#7834=DIRECTION('',(6.4397907364853E-48,4.93038065763132E-32,1.));
#7835=DIRECTION('',(-1.,1.30614473479196E-16,-5.32907051820079E-13));
#7836=DIRECTION('',(0.447213595500337,-5.84125683090148E-17,0.894427190999726));
#7837=DIRECTION('center_axis',(5.32907051820077E-13,0.,-1.));
#7838=DIRECTION('ref_axis',(-1.,0.,-5.32907051820077E-13));
#7839=DIRECTION('',(-1.,0.,4.23325987165389E-12));
#7840=DIRECTION('',(0.,1.,0.));
#7841=DIRECTION('center_axis',(0.894427190999726,0.,-0.447213595500337));
#7842=DIRECTION('ref_axis',(-0.447213595500337,0.,-0.894427190999726));
#7843=DIRECTION('',(-0.447213595500337,2.83718188942786E-15,-0.894427190999726));
#7844=DIRECTION('center_axis',(6.34413156928661E-15,1.,0.));
#7845=DIRECTION('ref_axis',(0.,0.,1.));
#7846=DIRECTION('',(1.,-6.34413156928661E-15,5.32907051820079E-13));
#7847=DIRECTION('',(-0.447213595499932,2.83718188942529E-15,0.894427190999929));
#7848=DIRECTION('center_axis',(6.34413156928661E-15,1.,0.));
#7849=DIRECTION('ref_axis',(-0.525731112118927,0.,-0.850650808352167));
#7850=DIRECTION('',(-1.,0.,0.));
#7851=DIRECTION('',(-5.21804821573823E-13,3.31039844155246E-27,1.));
#7852=DIRECTION('center_axis',(6.34413156928661E-15,1.,0.));
#7853=DIRECTION('ref_axis',(0.70710678118618,-7.85046229341886E-15,0.707106781186916));
#7854=DIRECTION('',(1.,-6.34413156928661E-15,5.18104078158406E-13));
#7855=DIRECTION('center_axis',(6.34413156928661E-15,1.,0.));
#7856=DIRECTION('ref_axis',(-0.707106781186913,0.,0.707106781186182));
#7857=DIRECTION('',(5.16253706450697E-13,-3.27518143685509E-27,-1.));
#7858=DIRECTION('center_axis',(0.,-1.,0.));
#7859=DIRECTION('ref_axis',(-0.525731112118927,0.,-0.850650808352167));
#7860=DIRECTION('',(0.,1.,0.));
#7861=DIRECTION('center_axis',(-3.5813645957287E-17,-1.,4.93038065763132E-32));
#7862=DIRECTION('ref_axis',(-0.525731112118927,0.,-0.850650808352167));
#7863=DIRECTION('',(0.,-1.,0.));
#7864=DIRECTION('center_axis',(5.10702591327574E-13,0.,-1.));
#7865=DIRECTION('ref_axis',(-1.,0.,-5.10702591327574E-13));
#7866=DIRECTION('',(1.,0.,5.78389330176519E-12));
#7867=DIRECTION('',(-1.11022302462516E-14,-1.,-5.68637235846813E-27));
#7868=DIRECTION('center_axis',(-0.894427190999929,0.,-0.447213595499932));
#7869=DIRECTION('ref_axis',(-0.447213595499932,0.,0.894427190999929));
#7870=DIRECTION('',(0.447213595499932,-1.601634937652E-17,-0.894427190999929));
#7871=DIRECTION('center_axis',(-3.5813645957287E-17,-1.,4.93038065763132E-32));
#7872=DIRECTION('ref_axis',(3.28429327576129E-46,4.93038065763132E-32,1.));
#7873=DIRECTION('',(-1.,3.5813645957287E-17,-5.03301104496737E-13));
#7874=DIRECTION('',(-1.76574907307064E-48,-4.93038065763132E-32,-1.));
#7875=DIRECTION('',(-1.,3.5813645957287E-17,-5.18104078158406E-13));
#7876=DIRECTION('center_axis',(-3.5813645957287E-17,-1.,4.93038065763132E-32));
#7877=DIRECTION('ref_axis',(0.70710678118618,-7.85046229341886E-15,0.707106781186916));
#7878=DIRECTION('',(5.21804821573823E-13,-1.87370369452265E-29,-1.));
#7879=DIRECTION('center_axis',(0.,-1.,0.));
#7880=DIRECTION('ref_axis',(-0.707106781186913,0.,0.707106781186182));
#7881=DIRECTION('',(0.,1.,0.));
#7882=DIRECTION('',(0.,-1.,0.));
#7883=DIRECTION('center_axis',(1.,0.,5.16253706450697E-13));
#7884=DIRECTION('ref_axis',(5.16253706450697E-13,0.,-1.));
#7885=DIRECTION('center_axis',(-5.18104078158406E-13,0.,1.));
#7886=DIRECTION('ref_axis',(1.,0.,5.18104078158406E-13));
#7887=DIRECTION('',(-1.11022302462516E-14,-1.,-5.75211076723653E-27));
#7888=DIRECTION('',(3.5813645957287E-17,1.,1.85551960241917E-29));
#7889=DIRECTION('',(-1.,6.66133814775093E-15,-5.17729004070981E-13));
#7890=DIRECTION('',(-1.30614473479196E-16,-1.,-6.76718913760846E-29));
#7891=DIRECTION('center_axis',(5.18104078158406E-13,0.,-1.));
#7892=DIRECTION('ref_axis',(0.,1.,0.));
#7893=DIRECTION('center_axis',(5.18104078158406E-13,0.,-1.));
#7894=DIRECTION('ref_axis',(1.,0.,0.));
#7895=DIRECTION('center_axis',(1.11022302462516E-14,1.,5.75211076723653E-27));
#7896=DIRECTION('ref_axis',(0.70710678118618,-7.85046229341886E-15,0.707106781186916));
#7897=DIRECTION('',(1.11022302462516E-14,1.,5.75211076723653E-27));
#7898=DIRECTION('center_axis',(-1.,1.11022302462516E-14,-5.21804821573823E-13));
#7899=DIRECTION('ref_axis',(-5.21804821573823E-13,0.,1.));
#7900=DIRECTION('center_axis',(1.,-3.5813645957287E-17,0.));
#7901=DIRECTION('ref_axis',(3.5813645957287E-17,1.,-4.93038065763132E-32));
#7902=DIRECTION('',(-3.5813645957287E-17,-1.,-1.85551960241917E-29));
#7903=DIRECTION('',(-1.76574907307064E-48,-4.93038065763132E-32,-1.));
#7904=DIRECTION('center_axis',(-6.66133814775093E-15,-1.,4.93038065763132E-32));
#7905=DIRECTION('ref_axis',(-1.,6.66133814775093E-15,-5.17729004070981E-13));
#7906=DIRECTION('',(-1.,6.66133814775093E-15,3.88938454866321E-62));
#7907=DIRECTION('',(6.4397907364853E-48,4.93038065763132E-32,1.));
#7908=DIRECTION('center_axis',(-5.18104078158406E-13,0.,1.));
#7909=DIRECTION('ref_axis',(1.,0.,5.18104078158406E-13));
#7910=DIRECTION('',(1.30614473479196E-16,1.,6.76718913760846E-29));
#7911=DIRECTION('center_axis',(-5.18104078158406E-13,0.,1.));
#7912=DIRECTION('ref_axis',(1.,0.,0.));
#7913=DIRECTION('center_axis',(-5.18104078158406E-13,0.,1.));
#7914=DIRECTION('ref_axis',(1.,0.,0.));
#7915=DIRECTION('center_axis',(-1.,1.30614473479196E-16,0.));
#7916=DIRECTION('ref_axis',(-1.30614473479196E-16,-1.,4.93038065763132E-32));
#7917=DIRECTION('center_axis',(0.,0.,1.));
#7918=DIRECTION('ref_axis',(1.,0.,0.));
#7919=DIRECTION('',(0.,0.,1.));
#7920=DIRECTION('center_axis',(0.,0.,1.));
#7921=DIRECTION('ref_axis',(1.,0.,0.));
#7922=DIRECTION('center_axis',(0.,0.,1.));
#7923=DIRECTION('ref_axis',(1.,0.,0.));
#7924=DIRECTION('center_axis',(0.,0.,-1.));
#7925=DIRECTION('ref_axis',(1.,0.,0.));
#7926=DIRECTION('center_axis',(0.,0.,1.));
#7927=DIRECTION('ref_axis',(1.,0.,0.));
#7928=DIRECTION('',(0.,0.,1.));
#7929=DIRECTION('center_axis',(0.,0.,1.));
#7930=DIRECTION('ref_axis',(1.,0.,0.));
#7931=DIRECTION('center_axis',(0.,0.,1.));
#7932=DIRECTION('ref_axis',(1.,0.,0.));
#7933=DIRECTION('center_axis',(0.,0.,-1.));
#7934=DIRECTION('ref_axis',(0.,1.,0.));
#7935=DIRECTION('center_axis',(0.,0.,-1.));
#7936=DIRECTION('ref_axis',(0.,1.,0.));
#7937=DIRECTION('',(0.,0.,-1.));
#7938=DIRECTION('center_axis',(0.,0.,-1.));
#7939=DIRECTION('ref_axis',(1.,0.,0.));
#7940=DIRECTION('',(0.,0.,-1.));
#7941=DIRECTION('center_axis',(0.,1.,0.));
#7942=DIRECTION('ref_axis',(0.,0.,1.));
#7943=DIRECTION('',(0.,0.,-1.));
#7944=DIRECTION('',(1.,0.,-1.52655665885955E-16));
#7945=DIRECTION('',(0.,0.,1.));
#7946=DIRECTION('',(-1.,0.,-2.25375273998907E-13));
#7947=DIRECTION('center_axis',(2.25375273998907E-13,2.77555756156289E-16,
-1.));
#7948=DIRECTION('ref_axis',(-1.,0.,-2.25375273998907E-13));
#7949=DIRECTION('',(0.,1.,2.77555756156289E-16));
#7950=DIRECTION('',(-4.09928501400008E-14,1.,0.));
#7951=DIRECTION('center_axis',(-2.25375273998907E-13,-2.77555756156289E-16,
1.));
#7952=DIRECTION('ref_axis',(0.70710678118656,-0.707106781186535,-1.67476528926266E-13));
#7953=DIRECTION('',(-1.,-3.80647894157195E-14,-2.25375273998907E-13));
#7954=DIRECTION('center_axis',(-2.25375273998907E-13,-2.77555756156289E-16,
1.));
#7955=DIRECTION('ref_axis',(-0.707106781186533,-0.707106781186562,0.));
#7956=DIRECTION('',(-4.09928501400008E-14,1.,0.));
#7957=DIRECTION('center_axis',(2.37587727269784E-13,-2.77555756156289E-16,
1.));
#7958=DIRECTION('ref_axis',(-0.707106781186547,0.707106781186548,1.67476528926269E-13));
#7959=DIRECTION('',(-1.,0.,2.37143638059933E-13));
#7960=DIRECTION('center_axis',(2.37587727269784E-13,-2.77555756156289E-16,
1.));
#7961=DIRECTION('ref_axis',(0.707106781186547,0.707106781186548,-1.67476528926269E-13));
#7962=DIRECTION('',(-3.07655753036195E-29,-1.,-2.35922392732873E-16));
#7963=DIRECTION('',(1.,-3.07655753036195E-29,-1.52655665885957E-16));
#7964=DIRECTION('',(-2.60324098722934E-29,1.,2.35922392732873E-16));
#7965=DIRECTION('',(-1.,-2.52075340771123E-29,-7.88860905221012E-31));
#7966=DIRECTION('center_axis',(1.52655665885957E-16,-2.35922392732873E-16,
1.));
#7967=DIRECTION('ref_axis',(-1.,5.50948175970231E-15,1.52655665885958E-16));
#7968=DIRECTION('',(-0.196116135138189,-0.980580675690919,-2.01402700076118E-16));
#7969=DIRECTION('center_axis',(-1.52655665885957E-16,2.35922392732873E-16,
-1.));
#7970=DIRECTION('ref_axis',(-1.,5.50948175970231E-15,1.52655665885958E-16));
#7971=DIRECTION('',(-1.,5.50948175970232E-15,1.52655665885958E-16));
#7972=DIRECTION('center_axis',(-1.52655665885957E-16,2.35922392732873E-16,
-1.));
#7973=DIRECTION('ref_axis',(-1.,5.50948175970231E-15,1.52655665885958E-16));
#7974=DIRECTION('',(-0.196116135138178,0.980580675690921,2.61279178477118E-16));
#7975=DIRECTION('center_axis',(1.52655665885957E-16,-2.35922392732873E-16,
1.));
#7976=DIRECTION('ref_axis',(-1.,5.50948175970231E-15,1.52655665885958E-16));
#7977=DIRECTION('',(-1.,5.50948175970232E-15,1.52655665885958E-16));
#7978=DIRECTION('center_axis',(1.52655665885957E-16,-2.35922392732873E-16,
1.));
#7979=DIRECTION('ref_axis',(-1.,5.50948175970231E-15,1.52655665885958E-16));
#7980=DIRECTION('',(-0.196116135138189,-0.980580675690919,-2.01402700076118E-16));
#7981=DIRECTION('center_axis',(-1.52655665885957E-16,2.35922392732873E-16,
-1.));
#7982=DIRECTION('ref_axis',(-1.,5.50948175970231E-15,1.52655665885958E-16));
#7983=DIRECTION('',(-1.,5.50948175970232E-15,1.52655665885958E-16));
#7984=DIRECTION('center_axis',(-1.52655665885957E-16,2.35922392732873E-16,
-1.));
#7985=DIRECTION('ref_axis',(-1.,5.50948175970231E-15,1.52655665885958E-16));
#7986=DIRECTION('',(-0.196116135138178,0.980580675690921,2.61279178477118E-16));
#7987=DIRECTION('center_axis',(1.52655665885957E-16,-2.35922392732873E-16,
1.));
#7988=DIRECTION('ref_axis',(-1.,5.50948175970231E-15,1.52655665885958E-16));
#7989=DIRECTION('',(-1.,5.50948175970231E-15,1.52655665885958E-16));
#7990=DIRECTION('center_axis',(1.52655665885957E-16,-2.35922392732873E-16,
1.));
#7991=DIRECTION('ref_axis',(-1.,5.50948175970231E-15,1.52655665885958E-16));
#7992=DIRECTION('',(-0.196116135138189,-0.980580675690919,-2.01402700076118E-16));
#7993=DIRECTION('center_axis',(-1.52655665885957E-16,2.35922392732873E-16,
-1.));
#7994=DIRECTION('ref_axis',(-1.,5.50948175970231E-15,1.52655665885958E-16));
#7995=DIRECTION('',(-1.,5.50948175970232E-15,1.52655665885958E-16));
#7996=DIRECTION('center_axis',(-1.52655665885957E-16,2.35922392732873E-16,
-1.));
#7997=DIRECTION('ref_axis',(-1.,5.50948175970231E-15,1.52655665885958E-16));
#7998=DIRECTION('',(-0.196116135138178,0.980580675690921,2.61279178477118E-16));
#7999=DIRECTION('center_axis',(1.52655665885957E-16,-2.35922392732873E-16,
1.));
#8000=DIRECTION('ref_axis',(-1.,5.50948175970231E-15,1.52655665885958E-16));
#8001=DIRECTION('',(-1.,5.50948175970231E-15,1.52655665885958E-16));
#8002=DIRECTION('center_axis',(1.52655665885957E-16,-2.35922392732873E-16,
1.));
#8003=DIRECTION('ref_axis',(-1.,5.50948175970231E-15,1.52655665885958E-16));
#8004=DIRECTION('',(-0.196116135138189,-0.980580675690919,-2.01402700076118E-16));
#8005=DIRECTION('center_axis',(-1.52655665885957E-16,2.35922392732873E-16,
-1.));
#8006=DIRECTION('ref_axis',(-1.,5.50948175970231E-15,1.52655665885958E-16));
#8007=DIRECTION('',(-1.,5.50948175970232E-15,1.52655665885958E-16));
#8008=DIRECTION('center_axis',(-1.52655665885957E-16,2.35922392732873E-16,
-1.));
#8009=DIRECTION('ref_axis',(-1.,5.50948175970231E-15,1.52655665885958E-16));
#8010=DIRECTION('',(-0.196116135138178,0.980580675690921,2.61279178477118E-16));
#8011=DIRECTION('center_axis',(1.52655665885957E-16,-2.35922392732873E-16,
1.));
#8012=DIRECTION('ref_axis',(-1.,5.50948175970231E-15,1.52655665885958E-16));
#8013=DIRECTION('',(-1.,5.50948175970231E-15,1.52655665885958E-16));
#8014=DIRECTION('center_axis',(1.52655665885957E-16,-2.35922392732873E-16,
1.));
#8015=DIRECTION('ref_axis',(-1.,5.50948175970231E-15,1.52655665885958E-16));
#8016=DIRECTION('',(-0.196116135138189,-0.980580675690919,-2.01402700076118E-16));
#8017=DIRECTION('center_axis',(-1.52655665885957E-16,2.35922392732873E-16,
-1.));
#8018=DIRECTION('ref_axis',(-1.,5.50948175970231E-15,1.52655665885958E-16));
#8019=DIRECTION('',(-1.,5.50948175970231E-15,1.52655665885958E-16));
#8020=DIRECTION('center_axis',(-1.52655665885957E-16,2.35922392732873E-16,
-1.));
#8021=DIRECTION('ref_axis',(-1.,5.50948175970231E-15,1.52655665885958E-16));
#8022=DIRECTION('',(-0.196116135138178,0.980580675690921,2.61279178477118E-16));
#8023=DIRECTION('center_axis',(1.52655665885957E-16,-2.35922392732873E-16,
1.));
#8024=DIRECTION('ref_axis',(-1.,5.50948175970231E-15,1.52655665885958E-16));
#8025=DIRECTION('',(-1.,5.50948175970232E-15,1.52655665885958E-16));
#8026=DIRECTION('center_axis',(1.52655665885957E-16,-2.35922392732873E-16,
1.));
#8027=DIRECTION('ref_axis',(-1.,5.50948175970231E-15,1.52655665885958E-16));
#8028=DIRECTION('',(-0.196116135138189,-0.980580675690919,-2.01402700076118E-16));
#8029=DIRECTION('center_axis',(-1.52655665885957E-16,2.35922392732873E-16,
-1.));
#8030=DIRECTION('ref_axis',(-1.,5.50948175970231E-15,1.52655665885958E-16));
#8031=DIRECTION('',(-1.,5.50948175970231E-15,1.52655665885958E-16));
#8032=DIRECTION('center_axis',(-1.52655665885957E-16,2.35922392732873E-16,
-1.));
#8033=DIRECTION('ref_axis',(-1.,5.50948175970231E-15,1.52655665885958E-16));
#8034=DIRECTION('',(-0.196116135138178,0.980580675690921,2.61279178477118E-16));
#8035=DIRECTION('center_axis',(1.52655665885957E-16,-2.35922392732873E-16,
1.));
#8036=DIRECTION('ref_axis',(-1.,5.50948175970231E-15,1.52655665885958E-16));
#8037=DIRECTION('',(-1.,5.50948175970231E-15,1.52655665885958E-16));
#8038=DIRECTION('center_axis',(1.52655665885957E-16,-2.35922392732873E-16,
1.));
#8039=DIRECTION('ref_axis',(-1.,5.50948175970231E-15,1.52655665885958E-16));
#8040=DIRECTION('',(-0.196116135138189,-0.980580675690919,-2.01402700076118E-16));
#8041=DIRECTION('center_axis',(-1.52655665885957E-16,2.35922392732873E-16,
-1.));
#8042=DIRECTION('ref_axis',(-1.,5.50948175970231E-15,1.52655665885958E-16));
#8043=DIRECTION('',(-1.,5.50948175970231E-15,1.52655665885958E-16));
#8044=DIRECTION('center_axis',(-1.52655665885957E-16,2.35922392732873E-16,
-1.));
#8045=DIRECTION('ref_axis',(-1.,5.50948175970231E-15,1.52655665885958E-16));
#8046=DIRECTION('',(-0.196116135138178,0.980580675690921,2.61279178477118E-16));
#8047=DIRECTION('center_axis',(1.52655665885957E-16,-2.35922392732873E-16,
1.));
#8048=DIRECTION('ref_axis',(-1.,5.50948175970231E-15,1.52655665885958E-16));
#8049=DIRECTION('',(-1.,5.50948175970231E-15,1.52655665885958E-16));
#8050=DIRECTION('center_axis',(1.52655665885957E-16,-2.35922392732873E-16,
1.));
#8051=DIRECTION('ref_axis',(-1.,5.50948175970231E-15,1.52655665885958E-16));
#8052=DIRECTION('',(-0.196116135138189,-0.980580675690919,-2.01402700076118E-16));
#8053=DIRECTION('center_axis',(-1.52655665885957E-16,2.35922392732873E-16,
-1.));
#8054=DIRECTION('ref_axis',(-1.,5.50948175970231E-15,1.52655665885958E-16));
#8055=DIRECTION('',(-1.,5.50948175970231E-15,1.52655665885958E-16));
#8056=DIRECTION('center_axis',(-1.52655665885957E-16,2.35922392732873E-16,
-1.));
#8057=DIRECTION('ref_axis',(-1.,5.50948175970231E-15,1.52655665885958E-16));
#8058=DIRECTION('',(-0.196116135138178,0.980580675690921,2.61279178477118E-16));
#8059=DIRECTION('center_axis',(1.52655665885957E-16,-2.35922392732873E-16,
1.));
#8060=DIRECTION('ref_axis',(-1.,5.50948175970231E-15,1.52655665885958E-16));
#8061=DIRECTION('',(-1.,5.50948175970231E-15,1.52655665885958E-16));
#8062=DIRECTION('center_axis',(1.52655665885957E-16,-2.35922392732873E-16,
1.));
#8063=DIRECTION('ref_axis',(-1.,5.50948175970231E-15,1.52655665885958E-16));
#8064=DIRECTION('',(-0.196116135138189,-0.980580675690919,-2.01402700076118E-16));
#8065=DIRECTION('center_axis',(-1.52655665885957E-16,2.35922392732873E-16,
-1.));
#8066=DIRECTION('ref_axis',(-1.,5.50948175970231E-15,1.52655665885958E-16));
#8067=DIRECTION('',(-1.,5.50948175970231E-15,1.52655665885958E-16));
#8068=DIRECTION('center_axis',(-1.52655665885957E-16,2.35922392732873E-16,
-1.));
#8069=DIRECTION('ref_axis',(-1.,5.50948175970231E-15,1.52655665885958E-16));
#8070=DIRECTION('',(-0.196116135138178,0.980580675690921,2.61279178477118E-16));
#8071=DIRECTION('center_axis',(1.52655665885957E-16,-2.35922392732873E-16,
1.));
#8072=DIRECTION('ref_axis',(-1.,5.50948175970231E-15,1.52655665885958E-16));
#8073=DIRECTION('',(-1.,5.50948175970231E-15,1.52655665885958E-16));
#8074=DIRECTION('center_axis',(1.52655665885957E-16,-2.35922392732873E-16,
1.));
#8075=DIRECTION('ref_axis',(-1.,5.50948175970231E-15,1.52655665885958E-16));
#8076=DIRECTION('',(-0.196116135138189,-0.980580675690919,-2.01402700076118E-16));
#8077=DIRECTION('center_axis',(-1.52655665885957E-16,2.35922392732873E-16,
-1.));
#8078=DIRECTION('ref_axis',(-1.,5.50948175970231E-15,1.52655665885958E-16));
#8079=DIRECTION('',(-1.,5.50948175970231E-15,1.52655665885958E-16));
#8080=DIRECTION('center_axis',(-1.52655665885957E-16,2.35922392732873E-16,
-1.));
#8081=DIRECTION('ref_axis',(-1.,5.50948175970231E-15,1.52655665885958E-16));
#8082=DIRECTION('',(-0.196116135138178,0.980580675690921,2.61279178477118E-16));
#8083=DIRECTION('center_axis',(1.52655665885957E-16,-2.35922392732873E-16,
1.));
#8084=DIRECTION('ref_axis',(-1.,5.50948175970231E-15,1.52655665885958E-16));
#8085=DIRECTION('',(-1.,5.50948175970231E-15,1.52655665885958E-16));
#8086=DIRECTION('',(2.60324098722934E-29,-1.,-2.35922392732873E-16));
#8087=DIRECTION('',(1.,2.52435489670724E-29,-1.52655665885957E-16));
#8088=DIRECTION('',(-6.26158343519178E-29,1.,2.77555756156289E-16));
#8089=DIRECTION('center_axis',(-2.25375273998907E-13,-2.77555756156289E-16,
1.));
#8090=DIRECTION('ref_axis',(-0.707106781186548,0.707106781186547,-1.60149430785745E-13));
#8091=DIRECTION('',(1.,-5.24327183408069E-29,2.25589350080478E-13));
#8092=DIRECTION('center_axis',(-2.25375273998907E-13,-2.77555756156289E-16,
1.));
#8093=DIRECTION('ref_axis',(0.707106781186547,0.707106781186548,1.60149430785745E-13));
#8094=DIRECTION('',(0.,-1.,0.));
#8095=DIRECTION('center_axis',(-2.25375273998907E-13,-2.77555756156289E-16,
1.));
#8096=DIRECTION('ref_axis',(0.707106781186546,-0.707106781186549,1.60149430785745E-13));
#8097=DIRECTION('',(-1.,0.,-2.25375273998907E-13));
#8098=DIRECTION('center_axis',(-2.25375273998907E-13,-2.77555756156289E-16,
1.));
#8099=DIRECTION('ref_axis',(-0.707106781186548,-0.707106781186548,-1.60149430785745E-13));
#8100=DIRECTION('center_axis',(2.37587727269784E-13,-2.77555756156289E-16,
1.));
#8101=DIRECTION('ref_axis',(1.,0.,0.));
#8102=DIRECTION('center_axis',(-2.25375273998907E-13,-2.77555756156289E-16,
1.));
#8103=DIRECTION('ref_axis',(1.,0.,0.));
#8104=DIRECTION('center_axis',(-1.52655665885957E-16,2.35922392732873E-16,
-1.));
#8105=DIRECTION('ref_axis',(-0.707106781186548,-0.707106781186548,-5.88784672006622E-17));
#8106=DIRECTION('',(1.,2.60324098722934E-29,-1.52655665885957E-16));
#8107=DIRECTION('center_axis',(-1.52655665885957E-16,2.35922392732873E-16,
-1.));
#8108=DIRECTION('ref_axis',(0.707106781186549,0.707106781186546,5.88784672006614E-17));
#8109=DIRECTION('',(-1.,-2.60324098722934E-29,1.52655665885957E-16));
#8110=DIRECTION('center_axis',(-2.25375273998907E-13,-2.77555756156289E-16,
1.));
#8111=DIRECTION('ref_axis',(1.,0.,0.));
#8112=DIRECTION('center_axis',(-2.25375273998907E-13,-2.77555756156289E-16,
1.));
#8113=DIRECTION('ref_axis',(1.,0.,0.));
#8114=DIRECTION('center_axis',(-7.88860905221012E-31,-3.00278242355317E-44,
1.));
#8115=DIRECTION('ref_axis',(-0.707106781186533,-0.707106781186562,0.));
#8116=DIRECTION('center_axis',(-2.35367281220533E-13,0.,-1.));
#8117=DIRECTION('ref_axis',(-0.707106781186533,-0.707106781186562,0.));
#8118=DIRECTION('',(7.88860905221012E-31,3.00278242355317E-44,-1.));
#8119=DIRECTION('',(-7.88860905221012E-31,-3.00278242355317E-44,1.));
#8120=DIRECTION('center_axis',(-3.80647894157195E-14,1.,0.));
#8121=DIRECTION('ref_axis',(0.,0.,1.));
#8122=DIRECTION('',(-2.37143638059933E-13,-9.02682264402897E-27,-1.));
#8123=DIRECTION('',(1.,3.80647894157195E-14,-2.35367281220533E-13));
#8124=DIRECTION('center_axis',(-2.37143638059933E-13,-9.02682264402897E-27,
-1.));
#8125=DIRECTION('ref_axis',(0.70710678118656,-0.707106781186535,-1.67476528926266E-13));
#8126=DIRECTION('',(2.37143638059933E-13,9.02682264402897E-27,1.));
#8127=DIRECTION('center_axis',(-2.35367281220533E-13,0.,-1.));
#8128=DIRECTION('ref_axis',(0.70710678118656,-0.707106781186535,-1.67476528926266E-13));
#8129=DIRECTION('center_axis',(-1.,-2.51459043188983E-29,2.37143638059933E-13));
#8130=DIRECTION('ref_axis',(2.37143638059933E-13,2.46519032881566E-31,1.));
#8131=DIRECTION('',(-5.59474945124777E-29,-1.,-2.35922392732872E-16));
#8132=DIRECTION('',(2.36971985017476E-13,-2.35922392732819E-16,1.));
#8133=DIRECTION('',(-2.37143638059933E-13,2.35922392732819E-16,-1.));
#8134=DIRECTION('',(0.,1.,0.));
#8135=DIRECTION('center_axis',(-2.25597318603832E-13,0.,1.));
#8136=DIRECTION('ref_axis',(-0.707106781186548,-0.707106781186548,-1.60149430785745E-13));
#8137=DIRECTION('center_axis',(2.22044604925031E-13,0.,-1.));
#8138=DIRECTION('ref_axis',(-0.707106781186548,-0.707106781186548,-1.60149430785745E-13));
#8139=DIRECTION('',(2.25597318603832E-13,0.,-1.));
#8140=DIRECTION('',(-2.25597318603832E-13,0.,1.));
#8141=DIRECTION('center_axis',(0.,1.,0.));
#8142=DIRECTION('ref_axis',(0.,0.,1.));
#8143=DIRECTION('',(2.25597318603832E-13,0.,-1.));
#8144=DIRECTION('',(1.,0.,2.22044604925031E-13));
#8145=DIRECTION('center_axis',(2.25597318603832E-13,0.,-1.));
#8146=DIRECTION('ref_axis',(0.707106781186546,-0.707106781186549,1.60149430785745E-13));
#8147=DIRECTION('',(-2.25597318603832E-13,0.,1.));
#8148=DIRECTION('center_axis',(2.22044604925031E-13,0.,-1.));
#8149=DIRECTION('ref_axis',(0.707106781186546,-0.707106781186549,1.60149430785745E-13));
#8150=DIRECTION('center_axis',(1.,0.,2.25597318603832E-13));
#8151=DIRECTION('ref_axis',(2.25597318603832E-13,0.,-1.));
#8152=DIRECTION('',(2.25597318603832E-13,2.35922392732819E-16,-1.));
#8153=DIRECTION('',(0.,1.,0.));
#8154=DIRECTION('center_axis',(0.,0.,1.));
#8155=DIRECTION('ref_axis',(1.,0.,0.));
#8156=DIRECTION('',(0.,0.,1.));
#8157=DIRECTION('center_axis',(0.,0.,1.));
#8158=DIRECTION('ref_axis',(1.,0.,0.));
#8159=DIRECTION('center_axis',(0.,0.,1.));
#8160=DIRECTION('ref_axis',(1.,0.,0.));
#8161=DIRECTION('center_axis',(0.,0.,-1.));
#8162=DIRECTION('ref_axis',(1.,0.,0.));
#8163=DIRECTION('center_axis',(0.,0.,1.));
#8164=DIRECTION('ref_axis',(1.,0.,0.));
#8165=DIRECTION('',(0.,0.,1.));
#8166=DIRECTION('center_axis',(2.22044604925031E-13,0.,-1.));
#8167=DIRECTION('ref_axis',(1.,0.,0.));
#8168=DIRECTION('center_axis',(0.,0.,1.));
#8169=DIRECTION('ref_axis',(1.,0.,0.));
#8170=DIRECTION('',(0.,0.,1.));
#8171=DIRECTION('center_axis',(0.,0.,1.));
#8172=DIRECTION('ref_axis',(1.,0.,0.));
#8173=DIRECTION('center_axis',(0.,0.,1.));
#8174=DIRECTION('ref_axis',(1.,0.,0.));
#8175=DIRECTION('center_axis',(0.,0.,-1.));
#8176=DIRECTION('ref_axis',(1.,0.,0.));
#8177=DIRECTION('center_axis',(0.,0.,1.));
#8178=DIRECTION('ref_axis',(1.,0.,0.));
#8179=DIRECTION('',(0.,0.,1.));
#8180=DIRECTION('center_axis',(-2.35367281220533E-13,0.,-1.));
#8181=DIRECTION('ref_axis',(1.,0.,0.));
#8182=DIRECTION('center_axis',(2.35367281220533E-13,0.,1.));
#8183=DIRECTION('ref_axis',(1.,0.,-2.35367281220533E-13));
#8184=DIRECTION('center_axis',(-2.35367281220533E-13,0.,-1.));
#8185=DIRECTION('ref_axis',(0.707106781186547,0.707106781186548,-1.67476528926269E-13));
#8186=DIRECTION('',(-1.,-5.66958586211896E-29,2.36971985017476E-13));
#8187=DIRECTION('center_axis',(-2.35367281220533E-13,0.,-1.));
#8188=DIRECTION('ref_axis',(-0.707106781186547,0.707106781186548,1.67476528926269E-13));
#8189=DIRECTION('',(0.,-1.,0.));
#8190=DIRECTION('center_axis',(-2.35367281220533E-13,0.,-1.));
#8191=DIRECTION('ref_axis',(1.,0.,0.));
#8192=DIRECTION('center_axis',(0.,0.,1.));
#8193=DIRECTION('ref_axis',(1.,0.,0.));
#8194=DIRECTION('',(0.,0.,1.));
#8195=DIRECTION('center_axis',(0.,0.,1.));
#8196=DIRECTION('ref_axis',(1.,0.,0.));
#8197=DIRECTION('center_axis',(0.,0.,1.));
#8198=DIRECTION('ref_axis',(1.,0.,0.));
#8199=DIRECTION('center_axis',(0.,0.,-1.));
#8200=DIRECTION('ref_axis',(1.,0.,0.));
#8201=DIRECTION('center_axis',(0.,0.,1.));
#8202=DIRECTION('ref_axis',(1.,0.,0.));
#8203=DIRECTION('',(0.,0.,1.));
#8204=DIRECTION('center_axis',(-2.37143638059933E-13,2.35922392732819E-16,
-1.));
#8205=DIRECTION('ref_axis',(-0.707106781186547,0.707106781186548,1.67476528926269E-13));
#8206=DIRECTION('',(2.37143638059933E-13,-2.35922392732819E-16,1.));
#8207=DIRECTION('',(-2.37143638059933E-13,2.35922392732819E-16,-1.));
#8208=DIRECTION('center_axis',(-2.37143638059933E-13,2.35922392732819E-16,
-1.));
#8209=DIRECTION('ref_axis',(0.707106781186547,0.707106781186548,-1.67476528926269E-13));
#8210=DIRECTION('',(2.37143638059933E-13,-2.35922392732819E-16,1.));
#8211=DIRECTION('center_axis',(7.8886090522102E-31,-1.,-2.35922392732819E-16));
#8212=DIRECTION('ref_axis',(2.36971985017476E-13,-2.35922392732819E-16,
1.));
#8213=DIRECTION('center_axis',(1.52655665885955E-16,-2.35922392732872E-16,
1.));
#8214=DIRECTION('ref_axis',(-1.,5.50948175970227E-15,1.52655665885957E-16));
#8215=DIRECTION('',(5.32234591991361E-29,-1.,-2.35922392732872E-16));
#8216=DIRECTION('',(-1.,-2.52435489670724E-29,1.52655665885955E-16));
#8217=DIRECTION('',(-2.60324098722934E-29,1.,2.35922392732872E-16));
#8218=DIRECTION('',(1.,-5.50948175970231E-15,-1.52655665885957E-16));
#8219=DIRECTION('center_axis',(1.52655665885955E-16,-2.35922392732872E-16,
1.));
#8220=DIRECTION('ref_axis',(-1.,5.50948175970231E-15,1.52655665885958E-16));
#8221=DIRECTION('',(0.196116135138178,-0.980580675690921,-2.61279178477117E-16));
#8222=DIRECTION('center_axis',(-1.52655665885955E-16,2.35922392732872E-16,
-1.));
#8223=DIRECTION('ref_axis',(-1.,5.50948175970231E-15,1.52655665885958E-16));
#8224=DIRECTION('',(1.,-5.50948175970231E-15,-1.52655665885957E-16));
#8225=DIRECTION('center_axis',(-1.52655665885955E-16,2.35922392732872E-16,
-1.));
#8226=DIRECTION('ref_axis',(-1.,5.50948175970231E-15,1.52655665885958E-16));
#8227=DIRECTION('',(0.196116135138189,0.980580675690919,2.01402700076118E-16));
#8228=DIRECTION('center_axis',(1.52655665885955E-16,-2.35922392732872E-16,
1.));
#8229=DIRECTION('ref_axis',(1.,-5.50948175970231E-15,-1.52655665885958E-16));
#8230=DIRECTION('',(1.,-5.50948175970231E-15,-1.52655665885957E-16));
#8231=DIRECTION('center_axis',(1.52655665885955E-16,-2.35922392732872E-16,
1.));
#8232=DIRECTION('ref_axis',(-1.,5.50948175970231E-15,1.52655665885958E-16));
#8233=DIRECTION('',(0.196116135138178,-0.980580675690921,-2.61279178477117E-16));
#8234=DIRECTION('center_axis',(-1.52655665885955E-16,2.35922392732872E-16,
-1.));
#8235=DIRECTION('ref_axis',(-1.,5.50948175970231E-15,1.52655665885958E-16));
#8236=DIRECTION('',(1.,-5.50948175970231E-15,-1.52655665885957E-16));
#8237=DIRECTION('center_axis',(-1.52655665885955E-16,2.35922392732872E-16,
-1.));
#8238=DIRECTION('ref_axis',(-1.,5.50948175970231E-15,1.52655665885958E-16));
#8239=DIRECTION('',(0.196116135138189,0.980580675690919,2.01402700076118E-16));
#8240=DIRECTION('center_axis',(1.52655665885955E-16,-2.35922392732872E-16,
1.));
#8241=DIRECTION('ref_axis',(1.,-5.50948175970231E-15,-1.52655665885958E-16));
#8242=DIRECTION('',(1.,-5.50948175970231E-15,-1.52655665885957E-16));
#8243=DIRECTION('center_axis',(1.52655665885955E-16,-2.35922392732872E-16,
1.));
#8244=DIRECTION('ref_axis',(-1.,5.50948175970231E-15,1.52655665885958E-16));
#8245=DIRECTION('',(0.196116135138178,-0.980580675690921,-2.61279178477117E-16));
#8246=DIRECTION('center_axis',(-1.52655665885955E-16,2.35922392732872E-16,
-1.));
#8247=DIRECTION('ref_axis',(-1.,5.50948175970231E-15,1.52655665885958E-16));
#8248=DIRECTION('',(1.,-5.50948175970231E-15,-1.52655665885957E-16));
#8249=DIRECTION('center_axis',(-1.52655665885955E-16,2.35922392732872E-16,
-1.));
#8250=DIRECTION('ref_axis',(-1.,5.50948175970231E-15,1.52655665885958E-16));
#8251=DIRECTION('',(0.196116135138189,0.980580675690919,2.01402700076118E-16));
#8252=DIRECTION('center_axis',(1.52655665885955E-16,-2.35922392732872E-16,
1.));
#8253=DIRECTION('ref_axis',(1.,-5.50948175970231E-15,-1.52655665885958E-16));
#8254=DIRECTION('',(1.,-5.50948175970231E-15,-1.52655665885957E-16));
#8255=DIRECTION('center_axis',(1.52655665885955E-16,-2.35922392732872E-16,
1.));
#8256=DIRECTION('ref_axis',(-1.,5.50948175970231E-15,1.52655665885958E-16));
#8257=DIRECTION('',(0.196116135138178,-0.980580675690921,-2.61279178477117E-16));
#8258=DIRECTION('center_axis',(-1.52655665885955E-16,2.35922392732872E-16,
-1.));
#8259=DIRECTION('ref_axis',(-1.,5.50948175970231E-15,1.52655665885958E-16));
#8260=DIRECTION('',(1.,-5.50948175970231E-15,-1.52655665885957E-16));
#8261=DIRECTION('center_axis',(-1.52655665885955E-16,2.35922392732872E-16,
-1.));
#8262=DIRECTION('ref_axis',(-1.,5.50948175970231E-15,1.52655665885958E-16));
#8263=DIRECTION('',(0.196116135138189,0.980580675690919,2.01402700076118E-16));
#8264=DIRECTION('center_axis',(1.52655665885955E-16,-2.35922392732872E-16,
1.));
#8265=DIRECTION('ref_axis',(1.,-5.50948175970231E-15,-1.52655665885958E-16));
#8266=DIRECTION('',(1.,-5.50948175970231E-15,-1.52655665885957E-16));
#8267=DIRECTION('center_axis',(1.52655665885955E-16,-2.35922392732872E-16,
1.));
#8268=DIRECTION('ref_axis',(-1.,5.50948175970231E-15,1.52655665885958E-16));
#8269=DIRECTION('',(0.196116135138178,-0.980580675690921,-2.61279178477117E-16));
#8270=DIRECTION('center_axis',(-1.52655665885955E-16,2.35922392732872E-16,
-1.));
#8271=DIRECTION('ref_axis',(-1.,5.50948175970231E-15,1.52655665885958E-16));
#8272=DIRECTION('',(1.,-5.50948175970231E-15,-1.52655665885957E-16));
#8273=DIRECTION('center_axis',(-1.52655665885955E-16,2.35922392732872E-16,
-1.));
#8274=DIRECTION('ref_axis',(-1.,5.50948175970231E-15,1.52655665885958E-16));
#8275=DIRECTION('',(0.196116135138189,0.980580675690919,2.01402700076118E-16));
#8276=DIRECTION('center_axis',(1.52655665885955E-16,-2.35922392732872E-16,
1.));
#8277=DIRECTION('ref_axis',(1.,-5.50948175970231E-15,-1.52655665885958E-16));
#8278=DIRECTION('',(1.,-5.50948175970231E-15,-1.52655665885957E-16));
#8279=DIRECTION('center_axis',(1.52655665885955E-16,-2.35922392732872E-16,
1.));
#8280=DIRECTION('ref_axis',(-1.,5.50948175970231E-15,1.52655665885958E-16));
#8281=DIRECTION('',(0.196116135138178,-0.980580675690921,-2.61279178477117E-16));
#8282=DIRECTION('center_axis',(-1.52655665885955E-16,2.35922392732872E-16,
-1.));
#8283=DIRECTION('ref_axis',(-1.,5.50948175970231E-15,1.52655665885958E-16));
#8284=DIRECTION('',(1.,-5.50948175970231E-15,-1.52655665885957E-16));
#8285=DIRECTION('center_axis',(-1.52655665885955E-16,2.35922392732872E-16,
-1.));
#8286=DIRECTION('ref_axis',(-1.,5.50948175970231E-15,1.52655665885958E-16));
#8287=DIRECTION('',(0.196116135138189,0.980580675690919,2.01402700076118E-16));
#8288=DIRECTION('center_axis',(1.52655665885955E-16,-2.35922392732872E-16,
1.));
#8289=DIRECTION('ref_axis',(1.,-5.50948175970231E-15,-1.52655665885958E-16));
#8290=DIRECTION('',(1.,-5.50948175970231E-15,-1.52655665885957E-16));
#8291=DIRECTION('center_axis',(1.52655665885955E-16,-2.35922392732872E-16,
1.));
#8292=DIRECTION('ref_axis',(-1.,5.50948175970231E-15,1.52655665885958E-16));
#8293=DIRECTION('',(0.196116135138178,-0.980580675690921,-2.61279178477117E-16));
#8294=DIRECTION('center_axis',(-1.52655665885955E-16,2.35922392732872E-16,
-1.));
#8295=DIRECTION('ref_axis',(-1.,5.50948175970231E-15,1.52655665885958E-16));
#8296=DIRECTION('',(1.,-5.50948175970231E-15,-1.52655665885957E-16));
#8297=DIRECTION('center_axis',(-1.52655665885955E-16,2.35922392732872E-16,
-1.));
#8298=DIRECTION('ref_axis',(-1.,5.50948175970231E-15,1.52655665885958E-16));
#8299=DIRECTION('',(0.196116135138189,0.980580675690919,2.01402700076118E-16));
#8300=DIRECTION('center_axis',(1.52655665885955E-16,-2.35922392732872E-16,
1.));
#8301=DIRECTION('ref_axis',(1.,-5.50948175970231E-15,-1.52655665885958E-16));
#8302=DIRECTION('',(1.,-5.50948175970231E-15,-1.52655665885957E-16));
#8303=DIRECTION('center_axis',(1.52655665885955E-16,-2.35922392732872E-16,
1.));
#8304=DIRECTION('ref_axis',(-1.,5.50948175970231E-15,1.52655665885958E-16));
#8305=DIRECTION('',(0.196116135138178,-0.980580675690921,-2.61279178477117E-16));
#8306=DIRECTION('center_axis',(-1.52655665885955E-16,2.35922392732872E-16,
-1.));
#8307=DIRECTION('ref_axis',(-1.,5.50948175970231E-15,1.52655665885958E-16));
#8308=DIRECTION('',(1.,-5.50948175970231E-15,-1.52655665885957E-16));
#8309=DIRECTION('center_axis',(-1.52655665885955E-16,2.35922392732872E-16,
-1.));
#8310=DIRECTION('ref_axis',(-1.,5.50948175970231E-15,1.52655665885958E-16));
#8311=DIRECTION('',(0.196116135138189,0.980580675690919,2.01402700076118E-16));
#8312=DIRECTION('center_axis',(1.52655665885955E-16,-2.35922392732872E-16,
1.));
#8313=DIRECTION('ref_axis',(1.,-5.50948175970231E-15,-1.52655665885958E-16));
#8314=DIRECTION('',(1.,-5.50948175970231E-15,-1.52655665885957E-16));
#8315=DIRECTION('center_axis',(1.52655665885955E-16,-2.35922392732872E-16,
1.));
#8316=DIRECTION('ref_axis',(-1.,5.50948175970231E-15,1.52655665885958E-16));
#8317=DIRECTION('',(0.196116135138178,-0.980580675690921,-2.61279178477117E-16));
#8318=DIRECTION('center_axis',(-1.52655665885955E-16,2.35922392732872E-16,
-1.));
#8319=DIRECTION('ref_axis',(-1.,5.50948175970231E-15,1.52655665885958E-16));
#8320=DIRECTION('',(1.,-5.50948175970231E-15,-1.52655665885957E-16));
#8321=DIRECTION('center_axis',(-1.52655665885955E-16,2.35922392732872E-16,
-1.));
#8322=DIRECTION('ref_axis',(-1.,5.50948175970231E-15,1.52655665885958E-16));
#8323=DIRECTION('',(0.196116135138189,0.980580675690919,2.01402700076118E-16));
#8324=DIRECTION('center_axis',(1.52655665885955E-16,-2.35922392732872E-16,
1.));
#8325=DIRECTION('ref_axis',(1.,-5.50948175970231E-15,-1.52655665885958E-16));
#8326=DIRECTION('',(1.,-5.50948175970231E-15,-1.52655665885957E-16));
#8327=DIRECTION('center_axis',(1.52655665885955E-16,-2.35922392732872E-16,
1.));
#8328=DIRECTION('ref_axis',(-1.,5.50948175970231E-15,1.52655665885958E-16));
#8329=DIRECTION('',(0.196116135138178,-0.980580675690921,-2.61279178477117E-16));
#8330=DIRECTION('center_axis',(-1.52655665885955E-16,2.35922392732872E-16,
-1.));
#8331=DIRECTION('ref_axis',(-1.,5.50948175970231E-15,1.52655665885958E-16));
#8332=DIRECTION('',(1.,-5.50948175970231E-15,-1.52655665885957E-16));
#8333=DIRECTION('center_axis',(-1.52655665885955E-16,2.35922392732872E-16,
-1.));
#8334=DIRECTION('ref_axis',(-1.,5.50948175970231E-15,1.52655665885958E-16));
#8335=DIRECTION('',(0.196116135138189,0.980580675690919,2.01402700076118E-16));
#8336=DIRECTION('center_axis',(1.52655665885955E-16,-2.35922392732872E-16,
1.));
#8337=DIRECTION('ref_axis',(1.,-5.50948175970231E-15,-1.52655665885958E-16));
#8338=DIRECTION('',(1.,-5.50948175970231E-15,-1.52655665885957E-16));
#8339=DIRECTION('',(2.60324098722934E-29,-1.,-2.35922392732872E-16));
#8340=DIRECTION('',(-1.,3.07655753036195E-29,1.52655665885955E-16));
#8341=DIRECTION('',(1.,2.60324098722934E-29,-1.52655665885955E-16));
#8342=DIRECTION('center_axis',(1.52655665885955E-16,-2.35922392732872E-16,
1.));
#8343=DIRECTION('ref_axis',(0.707106781186546,-0.707106781186549,-2.74766180269678E-16));
#8344=DIRECTION('',(-1.,-2.60324098722934E-29,1.52655665885955E-16));
#8345=DIRECTION('center_axis',(1.52655665885955E-16,-2.35922392732872E-16,
1.));
#8346=DIRECTION('ref_axis',(-0.707106781186548,0.707106781186548,2.74766180269678E-16));
#8347=DIRECTION('center_axis',(-1.,-2.52075340771123E-29,-7.88860905221012E-31));
#8348=DIRECTION('ref_axis',(-7.88860905221012E-31,2.46519032881566E-31,
1.));
#8349=DIRECTION('center_axis',(-3.07655753036195E-29,-1.,-2.35922392732819E-16));
#8350=DIRECTION('ref_axis',(2.36971985017476E-13,-2.35922392732819E-16,
1.));
#8351=DIRECTION('',(2.36971985017476E-13,-2.35922392732819E-16,1.));
#8352=DIRECTION('center_axis',(-1.,-8.19033926983147E-29,2.36971985017476E-13));
#8353=DIRECTION('ref_axis',(2.36971985017476E-13,-2.35922392732819E-16,
1.));
#8354=DIRECTION('',(2.36971985017476E-13,-2.35922392734177E-16,1.));
#8355=DIRECTION('center_axis',(2.52795638570324E-29,-1.,2.46519032881566E-31));
#8356=DIRECTION('ref_axis',(2.22044604925031E-13,-2.95822839457879E-31,
-1.));
#8357=DIRECTION('',(-2.25597318603832E-13,2.46519032875863E-31,1.));
#8358=DIRECTION('',(-2.22044604925031E-13,2.95822839457879E-31,1.));
#8359=DIRECTION('center_axis',(1.,-2.72251842637067E-29,2.25589350080478E-13));
#8360=DIRECTION('ref_axis',(2.25589350080478E-13,2.35922392732819E-16,-1.));
#8361=DIRECTION('',(2.25589350080478E-13,2.35922392731629E-16,-1.));
#8362=DIRECTION('center_axis',(-5.50948175970231E-15,-1.,-2.35922392732872E-16));
#8363=DIRECTION('ref_axis',(1.52655665885957E-16,-2.35922392732873E-16,
1.));
#8364=DIRECTION('',(1.52655665885957E-16,-2.35922392732873E-16,1.));
#8365=DIRECTION('center_axis',(2.60324098722934E-29,-1.,-2.35922392732819E-16));
#8366=DIRECTION('ref_axis',(-1.52655665885959E-16,2.35922392732819E-16,
-1.));
#8367=DIRECTION('',(1.52655665885959E-16,-2.35922392732819E-16,1.));
#8368=DIRECTION('',(-1.52655665885959E-16,2.35922392732819E-16,-1.));
#8369=DIRECTION('center_axis',(1.52655665885959E-16,-2.35922392732819E-16,
1.));
#8370=DIRECTION('ref_axis',(-0.707106781186548,-0.707106781186548,-5.88784672006622E-17));
#8371=DIRECTION('',(-1.52655665885959E-16,2.35922392732819E-16,-1.));
#8372=DIRECTION('center_axis',(-2.60324098722934E-29,1.,2.35922392732819E-16));
#8373=DIRECTION('ref_axis',(1.52655665885959E-16,-2.35922392732819E-16,
1.));
#8374=DIRECTION('',(1.52655665885959E-16,-2.35922392732819E-16,1.));
#8375=DIRECTION('center_axis',(1.52655665885959E-16,-2.35922392732819E-16,
1.));
#8376=DIRECTION('ref_axis',(0.707106781186549,0.707106781186546,5.88784672006614E-17));
#8377=DIRECTION('center_axis',(-5.50948175970231E-15,-1.,-2.35922392732872E-16));
#8378=DIRECTION('ref_axis',(1.52655665885957E-16,-2.35922392732873E-16,
1.));
#8379=DIRECTION('',(-1.52655665885957E-16,2.35922392732873E-16,-1.));
#8380=DIRECTION('',(1.52655665885957E-16,-2.35922392732873E-16,1.));
#8381=DIRECTION('center_axis',(-1.52655665885957E-16,2.35922392732873E-16,
-1.));
#8382=DIRECTION('ref_axis',(1.,-5.50948175970231E-15,-1.52655665885958E-16));
#8383=DIRECTION('',(1.52655665885957E-16,-2.35922392732873E-16,1.));
#8384=DIRECTION('center_axis',(-0.980580675690919,0.196116135138189,1.95959383857824E-16));
#8385=DIRECTION('ref_axis',(-0.196116135138189,-0.980580675690919,-2.01402700076118E-16));
#8386=DIRECTION('',(-1.52655665885957E-16,2.35922392732873E-16,-1.));
#8387=DIRECTION('center_axis',(1.52655665885957E-16,-2.35922392732873E-16,
1.));
#8388=DIRECTION('ref_axis',(-1.,5.50948175970231E-15,1.52655665885958E-16));
#8389=DIRECTION('',(1.52655665885957E-16,-2.35922392732873E-16,1.));
#8390=DIRECTION('center_axis',(5.50948175970231E-15,1.,2.35922392732872E-16));
#8391=DIRECTION('ref_axis',(-1.52655665885957E-16,2.35922392732873E-16,
-1.));
#8392=DIRECTION('',(-1.52655665885957E-16,2.35922392732873E-16,-1.));
#8393=DIRECTION('center_axis',(1.52655665885957E-16,-2.35922392732873E-16,
1.));
#8394=DIRECTION('ref_axis',(-1.,5.50948175970231E-15,1.52655665885958E-16));
#8395=DIRECTION('',(1.52655665885957E-16,-2.35922392732873E-16,1.));
#8396=DIRECTION('center_axis',(0.980580675690921,0.196116135138178,-1.03423008147177E-16));
#8397=DIRECTION('ref_axis',(-0.196116135138178,0.980580675690921,2.61279178477118E-16));
#8398=DIRECTION('',(-1.52655665885957E-16,2.35922392732873E-16,-1.));
#8399=DIRECTION('center_axis',(1.52655665885957E-16,-2.35922392732873E-16,
1.));
#8400=DIRECTION('ref_axis',(-1.,5.50948175970231E-15,1.52655665885958E-16));
#8401=DIRECTION('',(1.52655665885957E-16,-2.35922392732873E-16,1.));
#8402=DIRECTION('center_axis',(-5.50948175970231E-15,-1.,-2.35922392732872E-16));
#8403=DIRECTION('ref_axis',(1.52655665885957E-16,-2.35922392732873E-16,
1.));
#8404=DIRECTION('',(-1.52655665885957E-16,2.35922392732873E-16,-1.));
#8405=DIRECTION('center_axis',(-1.52655665885957E-16,2.35922392732873E-16,
-1.));
#8406=DIRECTION('ref_axis',(1.,-5.50948175970231E-15,-1.52655665885958E-16));
#8407=DIRECTION('',(1.52655665885957E-16,-2.35922392732873E-16,1.));
#8408=DIRECTION('center_axis',(-0.980580675690919,0.196116135138189,1.95959383857824E-16));
#8409=DIRECTION('ref_axis',(-0.196116135138189,-0.980580675690919,-2.01402700076118E-16));
#8410=DIRECTION('',(-1.52655665885957E-16,2.35922392732873E-16,-1.));
#8411=DIRECTION('center_axis',(1.52655665885957E-16,-2.35922392732873E-16,
1.));
#8412=DIRECTION('ref_axis',(-1.,5.50948175970231E-15,1.52655665885958E-16));
#8413=DIRECTION('',(1.52655665885957E-16,-2.35922392732873E-16,1.));
#8414=DIRECTION('center_axis',(5.50948175970231E-15,1.,2.35922392732872E-16));
#8415=DIRECTION('ref_axis',(-1.52655665885957E-16,2.35922392732873E-16,
-1.));
#8416=DIRECTION('',(-1.52655665885957E-16,2.35922392732873E-16,-1.));
#8417=DIRECTION('center_axis',(1.52655665885957E-16,-2.35922392732873E-16,
1.));
#8418=DIRECTION('ref_axis',(-1.,5.50948175970231E-15,1.52655665885958E-16));
#8419=DIRECTION('',(1.52655665885957E-16,-2.35922392732873E-16,1.));
#8420=DIRECTION('center_axis',(0.980580675690921,0.196116135138178,-1.03423008147177E-16));
#8421=DIRECTION('ref_axis',(-0.196116135138178,0.980580675690921,2.61279178477118E-16));
#8422=DIRECTION('',(-1.52655665885957E-16,2.35922392732873E-16,-1.));
#8423=DIRECTION('center_axis',(1.52655665885957E-16,-2.35922392732873E-16,
1.));
#8424=DIRECTION('ref_axis',(-1.,5.50948175970231E-15,1.52655665885958E-16));
#8425=DIRECTION('',(1.52655665885957E-16,-2.35922392732873E-16,1.));
#8426=DIRECTION('center_axis',(-5.50948175970231E-15,-1.,-2.35922392732872E-16));
#8427=DIRECTION('ref_axis',(1.52655665885957E-16,-2.35922392732873E-16,
1.));
#8428=DIRECTION('',(-1.52655665885957E-16,2.35922392732873E-16,-1.));
#8429=DIRECTION('center_axis',(-1.52655665885957E-16,2.35922392732873E-16,
-1.));
#8430=DIRECTION('ref_axis',(1.,-5.50948175970231E-15,-1.52655665885958E-16));
#8431=DIRECTION('',(1.52655665885957E-16,-2.35922392732873E-16,1.));
#8432=DIRECTION('center_axis',(-0.980580675690919,0.196116135138189,1.95959383857824E-16));
#8433=DIRECTION('ref_axis',(-0.196116135138189,-0.980580675690919,-2.01402700076118E-16));
#8434=DIRECTION('',(-1.52655665885957E-16,2.35922392732873E-16,-1.));
#8435=DIRECTION('center_axis',(1.52655665885957E-16,-2.35922392732873E-16,
1.));
#8436=DIRECTION('ref_axis',(-1.,5.50948175970231E-15,1.52655665885958E-16));
#8437=DIRECTION('',(1.52655665885957E-16,-2.35922392732873E-16,1.));
#8438=DIRECTION('center_axis',(5.50948175970231E-15,1.,2.35922392732872E-16));
#8439=DIRECTION('ref_axis',(-1.52655665885957E-16,2.35922392732873E-16,
-1.));
#8440=DIRECTION('',(-1.52655665885957E-16,2.35922392732873E-16,-1.));
#8441=DIRECTION('center_axis',(1.52655665885957E-16,-2.35922392732873E-16,
1.));
#8442=DIRECTION('ref_axis',(-1.,5.50948175970231E-15,1.52655665885958E-16));
#8443=DIRECTION('',(1.52655665885957E-16,-2.35922392732873E-16,1.));
#8444=DIRECTION('center_axis',(0.980580675690921,0.196116135138178,-1.03423008147177E-16));
#8445=DIRECTION('ref_axis',(-0.196116135138178,0.980580675690921,2.61279178477118E-16));
#8446=DIRECTION('',(-1.52655665885957E-16,2.35922392732873E-16,-1.));
#8447=DIRECTION('center_axis',(1.52655665885957E-16,-2.35922392732873E-16,
1.));
#8448=DIRECTION('ref_axis',(-1.,5.50948175970231E-15,1.52655665885958E-16));
#8449=DIRECTION('',(1.52655665885957E-16,-2.35922392732873E-16,1.));
#8450=DIRECTION('center_axis',(-5.50948175970231E-15,-1.,-2.35922392732872E-16));
#8451=DIRECTION('ref_axis',(1.52655665885957E-16,-2.35922392732873E-16,
1.));
#8452=DIRECTION('',(-1.52655665885957E-16,2.35922392732873E-16,-1.));
#8453=DIRECTION('center_axis',(-1.52655665885957E-16,2.35922392732873E-16,
-1.));
#8454=DIRECTION('ref_axis',(1.,-5.50948175970231E-15,-1.52655665885958E-16));
#8455=DIRECTION('',(1.52655665885957E-16,-2.35922392732873E-16,1.));
#8456=DIRECTION('center_axis',(-0.980580675690919,0.196116135138189,1.95959383857824E-16));
#8457=DIRECTION('ref_axis',(-0.196116135138189,-0.980580675690919,-2.01402700076118E-16));
#8458=DIRECTION('',(-1.52655665885957E-16,2.35922392732873E-16,-1.));
#8459=DIRECTION('center_axis',(1.52655665885957E-16,-2.35922392732873E-16,
1.));
#8460=DIRECTION('ref_axis',(-1.,5.50948175970231E-15,1.52655665885958E-16));
#8461=DIRECTION('',(1.52655665885957E-16,-2.35922392732873E-16,1.));
#8462=DIRECTION('center_axis',(5.50948175970231E-15,1.,2.35922392732872E-16));
#8463=DIRECTION('ref_axis',(-1.52655665885957E-16,2.35922392732873E-16,
-1.));
#8464=DIRECTION('',(-1.52655665885957E-16,2.35922392732873E-16,-1.));
#8465=DIRECTION('center_axis',(1.52655665885957E-16,-2.35922392732873E-16,
1.));
#8466=DIRECTION('ref_axis',(-1.,5.50948175970231E-15,1.52655665885958E-16));
#8467=DIRECTION('',(1.52655665885957E-16,-2.35922392732873E-16,1.));
#8468=DIRECTION('center_axis',(0.980580675690921,0.196116135138178,-1.03423008147177E-16));
#8469=DIRECTION('ref_axis',(-0.196116135138178,0.980580675690921,2.61279178477118E-16));
#8470=DIRECTION('',(-1.52655665885957E-16,2.35922392732873E-16,-1.));
#8471=DIRECTION('center_axis',(1.52655665885957E-16,-2.35922392732873E-16,
1.));
#8472=DIRECTION('ref_axis',(-1.,5.50948175970231E-15,1.52655665885958E-16));
#8473=DIRECTION('',(1.52655665885957E-16,-2.35922392732873E-16,1.));
#8474=DIRECTION('center_axis',(-5.50948175970231E-15,-1.,-2.35922392732872E-16));
#8475=DIRECTION('ref_axis',(1.52655665885957E-16,-2.35922392732873E-16,
1.));
#8476=DIRECTION('',(-1.52655665885957E-16,2.35922392732873E-16,-1.));
#8477=DIRECTION('center_axis',(-1.52655665885957E-16,2.35922392732873E-16,
-1.));
#8478=DIRECTION('ref_axis',(1.,-5.50948175970231E-15,-1.52655665885958E-16));
#8479=DIRECTION('',(1.52655665885957E-16,-2.35922392732873E-16,1.));
#8480=DIRECTION('center_axis',(-0.980580675690919,0.196116135138189,1.95959383857824E-16));
#8481=DIRECTION('ref_axis',(-0.196116135138189,-0.980580675690919,-2.01402700076118E-16));
#8482=DIRECTION('',(-1.52655665885957E-16,2.35922392732873E-16,-1.));
#8483=DIRECTION('center_axis',(1.52655665885957E-16,-2.35922392732873E-16,
1.));
#8484=DIRECTION('ref_axis',(-1.,5.50948175970231E-15,1.52655665885958E-16));
#8485=DIRECTION('',(1.52655665885957E-16,-2.35922392732873E-16,1.));
#8486=DIRECTION('center_axis',(5.50948175970231E-15,1.,2.35922392732872E-16));
#8487=DIRECTION('ref_axis',(-1.52655665885957E-16,2.35922392732873E-16,
-1.));
#8488=DIRECTION('',(-1.52655665885957E-16,2.35922392732873E-16,-1.));
#8489=DIRECTION('center_axis',(1.52655665885957E-16,-2.35922392732873E-16,
1.));
#8490=DIRECTION('ref_axis',(-1.,5.50948175970231E-15,1.52655665885958E-16));
#8491=DIRECTION('',(1.52655665885957E-16,-2.35922392732873E-16,1.));
#8492=DIRECTION('center_axis',(0.980580675690921,0.196116135138178,-1.03423008147177E-16));
#8493=DIRECTION('ref_axis',(-0.196116135138178,0.980580675690921,2.61279178477118E-16));
#8494=DIRECTION('',(-1.52655665885957E-16,2.35922392732873E-16,-1.));
#8495=DIRECTION('center_axis',(1.52655665885957E-16,-2.35922392732873E-16,
1.));
#8496=DIRECTION('ref_axis',(-1.,5.50948175970231E-15,1.52655665885958E-16));
#8497=DIRECTION('center_axis',(-5.50948175970231E-15,-1.,-2.35922392732872E-16));
#8498=DIRECTION('ref_axis',(1.52655665885957E-16,-2.35922392732873E-16,
1.));
#8499=DIRECTION('',(-1.52655665885957E-16,2.35922392732873E-16,-1.));
#8500=DIRECTION('',(1.52655665885957E-16,-2.35922392732873E-16,1.));
#8501=DIRECTION('center_axis',(-5.50948175970231E-15,-1.,-2.35922392732872E-16));
#8502=DIRECTION('ref_axis',(1.52655665885957E-16,-2.35922392732873E-16,
1.));
#8503=DIRECTION('',(-1.52655665885957E-16,2.35922392732873E-16,-1.));
#8504=DIRECTION('',(1.52655665885957E-16,-2.35922392732873E-16,1.));
#8505=DIRECTION('center_axis',(-5.50948175970231E-15,-1.,-2.35922392732872E-16));
#8506=DIRECTION('ref_axis',(1.52655665885957E-16,-2.35922392732873E-16,
1.));
#8507=DIRECTION('',(-1.52655665885957E-16,2.35922392732873E-16,-1.));
#8508=DIRECTION('',(1.52655665885957E-16,-2.35922392732873E-16,1.));
#8509=DIRECTION('center_axis',(-5.50948175970231E-15,-1.,-2.35922392732872E-16));
#8510=DIRECTION('ref_axis',(1.52655665885957E-16,-2.35922392732873E-16,
1.));
#8511=DIRECTION('',(-1.52655665885957E-16,2.35922392732873E-16,-1.));
#8512=DIRECTION('',(1.52655665885957E-16,-2.35922392732873E-16,1.));
#8513=DIRECTION('center_axis',(-5.50948175970231E-15,-1.,-2.35922392732872E-16));
#8514=DIRECTION('ref_axis',(1.52655665885957E-16,-2.35922392732873E-16,
1.));
#8515=DIRECTION('',(-1.52655665885957E-16,2.35922392732873E-16,-1.));
#8516=DIRECTION('center_axis',(-0.980580675690919,0.196116135138189,1.95959383857824E-16));
#8517=DIRECTION('ref_axis',(-0.196116135138189,-0.980580675690919,-2.01402700076118E-16));
#8518=DIRECTION('',(-1.52655665885957E-16,2.35922392732873E-16,-1.));
#8519=DIRECTION('',(1.52655665885957E-16,-2.35922392732873E-16,1.));
#8520=DIRECTION('center_axis',(0.980580675690921,0.196116135138178,-1.03423008147177E-16));
#8521=DIRECTION('ref_axis',(-0.196116135138178,0.980580675690921,2.61279178477118E-16));
#8522=DIRECTION('',(-1.52655665885957E-16,2.35922392732873E-16,-1.));
#8523=DIRECTION('',(1.52655665885957E-16,-2.35922392732873E-16,1.));
#8524=DIRECTION('center_axis',(5.50948175970231E-15,1.,2.35922392732872E-16));
#8525=DIRECTION('ref_axis',(-1.52655665885957E-16,2.35922392732873E-16,
-1.));
#8526=DIRECTION('',(-1.52655665885957E-16,2.35922392732873E-16,-1.));
#8527=DIRECTION('',(1.52655665885957E-16,-2.35922392732873E-16,1.));
#8528=DIRECTION('center_axis',(-0.980580675690919,0.196116135138189,1.95959383857824E-16));
#8529=DIRECTION('ref_axis',(-0.196116135138189,-0.980580675690919,-2.01402700076118E-16));
#8530=DIRECTION('',(-1.52655665885957E-16,2.35922392732873E-16,-1.));
#8531=DIRECTION('',(1.52655665885957E-16,-2.35922392732873E-16,1.));
#8532=DIRECTION('center_axis',(0.980580675690921,0.196116135138178,-1.03423008147177E-16));
#8533=DIRECTION('ref_axis',(-0.196116135138178,0.980580675690921,2.61279178477118E-16));
#8534=DIRECTION('',(-1.52655665885957E-16,2.35922392732873E-16,-1.));
#8535=DIRECTION('',(1.52655665885957E-16,-2.35922392732873E-16,1.));
#8536=DIRECTION('center_axis',(5.50948175970231E-15,1.,2.35922392732872E-16));
#8537=DIRECTION('ref_axis',(-1.52655665885957E-16,2.35922392732873E-16,
-1.));
#8538=DIRECTION('',(-1.52655665885957E-16,2.35922392732873E-16,-1.));
#8539=DIRECTION('',(1.52655665885957E-16,-2.35922392732873E-16,1.));
#8540=DIRECTION('center_axis',(-0.980580675690919,0.196116135138189,1.95959383857824E-16));
#8541=DIRECTION('ref_axis',(-0.196116135138189,-0.980580675690919,-2.01402700076118E-16));
#8542=DIRECTION('',(-1.52655665885957E-16,2.35922392732873E-16,-1.));
#8543=DIRECTION('',(1.52655665885957E-16,-2.35922392732873E-16,1.));
#8544=DIRECTION('center_axis',(0.980580675690921,0.196116135138178,-1.03423008147177E-16));
#8545=DIRECTION('ref_axis',(-0.196116135138178,0.980580675690921,2.61279178477118E-16));
#8546=DIRECTION('',(-1.52655665885957E-16,2.35922392732873E-16,-1.));
#8547=DIRECTION('',(1.52655665885957E-16,-2.35922392732873E-16,1.));
#8548=DIRECTION('center_axis',(5.50948175970231E-15,1.,2.35922392732872E-16));
#8549=DIRECTION('ref_axis',(-1.52655665885957E-16,2.35922392732873E-16,
-1.));
#8550=DIRECTION('',(-1.52655665885957E-16,2.35922392732873E-16,-1.));
#8551=DIRECTION('',(1.52655665885957E-16,-2.35922392732873E-16,1.));
#8552=DIRECTION('center_axis',(-0.980580675690919,0.196116135138189,1.95959383857824E-16));
#8553=DIRECTION('ref_axis',(-0.196116135138189,-0.980580675690919,-2.01402700076118E-16));
#8554=DIRECTION('',(-1.52655665885957E-16,2.35922392732873E-16,-1.));
#8555=DIRECTION('',(1.52655665885957E-16,-2.35922392732873E-16,1.));
#8556=DIRECTION('center_axis',(0.980580675690921,0.196116135138178,-1.03423008147177E-16));
#8557=DIRECTION('ref_axis',(-0.196116135138178,0.980580675690921,2.61279178477118E-16));
#8558=DIRECTION('',(-1.52655665885957E-16,2.35922392732873E-16,-1.));
#8559=DIRECTION('',(1.52655665885957E-16,-2.35922392732873E-16,1.));
#8560=DIRECTION('center_axis',(5.50948175970231E-15,1.,2.35922392732872E-16));
#8561=DIRECTION('ref_axis',(-1.52655665885957E-16,2.35922392732873E-16,
-1.));
#8562=DIRECTION('',(-1.52655665885957E-16,2.35922392732873E-16,-1.));
#8563=DIRECTION('',(1.52655665885957E-16,-2.35922392732873E-16,1.));
#8564=DIRECTION('center_axis',(-0.980580675690919,0.196116135138189,1.95959383857824E-16));
#8565=DIRECTION('ref_axis',(-0.196116135138189,-0.980580675690919,-2.01402700076118E-16));
#8566=DIRECTION('',(-1.52655665885957E-16,2.35922392732873E-16,-1.));
#8567=DIRECTION('',(1.52655665885957E-16,-2.35922392732873E-16,1.));
#8568=DIRECTION('center_axis',(0.980580675690921,0.196116135138178,-1.03423008147177E-16));
#8569=DIRECTION('ref_axis',(-0.196116135138178,0.980580675690921,2.61279178477118E-16));
#8570=DIRECTION('',(-1.52655665885957E-16,2.35922392732873E-16,-1.));
#8571=DIRECTION('',(1.52655665885957E-16,-2.35922392732873E-16,1.));
#8572=DIRECTION('center_axis',(5.50948175970231E-15,1.,2.35922392732872E-16));
#8573=DIRECTION('ref_axis',(-1.52655665885957E-16,2.35922392732873E-16,
-1.));
#8574=DIRECTION('',(-1.52655665885957E-16,2.35922392732873E-16,-1.));
#8575=DIRECTION('',(1.52655665885957E-16,-2.35922392732873E-16,1.));
#8576=DIRECTION('center_axis',(1.52655665885957E-16,-2.35922392732873E-16,
1.));
#8577=DIRECTION('ref_axis',(-1.,5.50948175970231E-15,1.52655665885958E-16));
#8578=DIRECTION('center_axis',(1.52655665885957E-16,-2.35922392732873E-16,
1.));
#8579=DIRECTION('ref_axis',(-1.,5.50948175970231E-15,1.52655665885958E-16));
#8580=DIRECTION('center_axis',(1.52655665885957E-16,-2.35922392732873E-16,
1.));
#8581=DIRECTION('ref_axis',(-1.,5.50948175970231E-15,1.52655665885958E-16));
#8582=DIRECTION('center_axis',(-1.52655665885957E-16,2.35922392732873E-16,
-1.));
#8583=DIRECTION('ref_axis',(1.,-5.50948175970231E-15,-1.52655665885958E-16));
#8584=DIRECTION('center_axis',(1.52655665885957E-16,-2.35922392732873E-16,
1.));
#8585=DIRECTION('ref_axis',(-1.,5.50948175970231E-15,1.52655665885958E-16));
#8586=DIRECTION('center_axis',(1.52655665885957E-16,-2.35922392732873E-16,
1.));
#8587=DIRECTION('ref_axis',(-1.,5.50948175970231E-15,1.52655665885958E-16));
#8588=DIRECTION('center_axis',(1.52655665885957E-16,-2.35922392732873E-16,
1.));
#8589=DIRECTION('ref_axis',(-1.,5.50948175970231E-15,1.52655665885958E-16));
#8590=DIRECTION('center_axis',(-1.52655665885957E-16,2.35922392732873E-16,
-1.));
#8591=DIRECTION('ref_axis',(1.,-5.50948175970231E-15,-1.52655665885958E-16));
#8592=DIRECTION('center_axis',(1.52655665885957E-16,-2.35922392732873E-16,
1.));
#8593=DIRECTION('ref_axis',(-1.,5.50948175970231E-15,1.52655665885958E-16));
#8594=DIRECTION('center_axis',(1.52655665885957E-16,-2.35922392732873E-16,
1.));
#8595=DIRECTION('ref_axis',(-1.,5.50948175970231E-15,1.52655665885958E-16));
#8596=DIRECTION('center_axis',(1.52655665885957E-16,-2.35922392732873E-16,
1.));
#8597=DIRECTION('ref_axis',(-1.,5.50948175970231E-15,1.52655665885958E-16));
#8598=DIRECTION('center_axis',(-1.52655665885957E-16,2.35922392732873E-16,
-1.));
#8599=DIRECTION('ref_axis',(1.,-5.50948175970231E-15,-1.52655665885958E-16));
#8600=DIRECTION('center_axis',(1.52655665885957E-16,-2.35922392732873E-16,
1.));
#8601=DIRECTION('ref_axis',(-1.,5.50948175970231E-15,1.52655665885958E-16));
#8602=DIRECTION('center_axis',(1.52655665885957E-16,-2.35922392732873E-16,
1.));
#8603=DIRECTION('ref_axis',(-1.,5.50948175970231E-15,1.52655665885958E-16));
#8604=DIRECTION('center_axis',(1.52655665885957E-16,-2.35922392732873E-16,
1.));
#8605=DIRECTION('ref_axis',(-1.,5.50948175970231E-15,1.52655665885958E-16));
#8606=DIRECTION('center_axis',(-1.52655665885957E-16,2.35922392732873E-16,
-1.));
#8607=DIRECTION('ref_axis',(1.,-5.50948175970231E-15,-1.52655665885958E-16));
#8608=DIRECTION('center_axis',(1.52655665885957E-16,-2.35922392732873E-16,
1.));
#8609=DIRECTION('ref_axis',(-1.,5.50948175970231E-15,1.52655665885958E-16));
#8610=DIRECTION('center_axis',(1.52655665885957E-16,-2.35922392732873E-16,
1.));
#8611=DIRECTION('ref_axis',(-1.,5.50948175970231E-15,1.52655665885958E-16));
#8612=DIRECTION('center_axis',(1.52655665885957E-16,-2.35922392732873E-16,
1.));
#8613=DIRECTION('ref_axis',(-1.,5.50948175970231E-15,1.52655665885958E-16));
#8614=DIRECTION('center_axis',(-1.52655665885957E-16,2.35922392732873E-16,
-1.));
#8615=DIRECTION('ref_axis',(1.,-5.50948175970231E-15,-1.52655665885958E-16));
#8616=DIRECTION('center_axis',(0.,0.,1.));
#8617=DIRECTION('ref_axis',(1.,0.,0.));
#8618=DIRECTION('',(0.,0.,1.));
#8619=DIRECTION('center_axis',(0.,0.,1.));
#8620=DIRECTION('ref_axis',(1.,0.,0.));
#8621=DIRECTION('center_axis',(0.,0.,1.));
#8622=DIRECTION('ref_axis',(1.,0.,0.));
#8623=DIRECTION('center_axis',(0.,0.,-1.));
#8624=DIRECTION('ref_axis',(0.,1.,0.));
#8625=DIRECTION('center_axis',(0.,0.,-1.));
#8626=DIRECTION('ref_axis',(0.,1.,0.));
#8627=DIRECTION('center_axis',(2.22044604925031E-13,0.,-1.));
#8628=DIRECTION('ref_axis',(0.,1.,0.));
#8629=DIRECTION('',(0.,0.,-1.));
#8630=DIRECTION('center_axis',(-2.25597318603832E-13,-2.35922392732819E-16,
1.));
#8631=DIRECTION('ref_axis',(-0.707106781186548,0.707106781186547,-1.60149430785745E-13));
#8632=DIRECTION('center_axis',(2.22044604925031E-13,0.,-1.));
#8633=DIRECTION('ref_axis',(-0.707106781186548,0.707106781186547,-1.60149430785745E-13));
#8634=DIRECTION('',(2.25597318603832E-13,2.35922392732819E-16,-1.));
#8635=DIRECTION('',(-2.25597318603832E-13,-2.35922392732819E-16,1.));
#8636=DIRECTION('center_axis',(7.8886090522102E-31,-1.,-2.35922392732819E-16));
#8637=DIRECTION('ref_axis',(-2.25589350080478E-13,-2.35922392732819E-16,
1.));
#8638=DIRECTION('',(1.,0.,2.25597318603832E-13));
#8639=DIRECTION('',(-2.25597318603832E-13,-2.35922392732819E-16,1.));
#8640=DIRECTION('center_axis',(-2.22044604925031E-13,0.,1.));
#8641=DIRECTION('ref_axis',(1.,0.,2.22044604925031E-13));
#8642=DIRECTION('center_axis',(2.22044604925031E-13,0.,-1.));
#8643=DIRECTION('ref_axis',(0.707106781186547,0.707106781186548,1.60149430785745E-13));
#8644=DIRECTION('',(0.,-1.,0.));
#8645=DIRECTION('center_axis',(-2.25597318603832E-13,-2.35922392732819E-16,
1.));
#8646=DIRECTION('ref_axis',(0.707106781186547,0.707106781186548,1.60149430785745E-13));
#8647=DIRECTION('center_axis',(1.,0.,2.25597318603832E-13));
#8648=DIRECTION('ref_axis',(2.25597318603832E-13,0.,-1.));
#8649=CARTESIAN_POINT('',(0.,0.,0.));
#8650=CARTESIAN_POINT('Origin',(0.296726472600004,-7.79611447308015,-16.8));
#8651=CARTESIAN_POINT('',(2.20000000000003,-2.99214739810759,-16.8));
#8652=CARTESIAN_POINT('',(6.01711496993559,-2.66429743991165,-16.8));
#8653=CARTESIAN_POINT('',(2.11711488052862,-2.99926635657957,-16.8));
#8654=CARTESIAN_POINT('',(6.00000008940697,-2.4650310833321,-16.8));
#8655=CARTESIAN_POINT('',(6.00000008940697,-2.4650310833321,-16.8));
#8656=CARTESIAN_POINT('',(6.00000008940697,2.46503108333206,-16.8));
#8657=CARTESIAN_POINT('',(6.00000008940697,-5.49805725516652,-16.8));
#8658=CARTESIAN_POINT('',(6.01711496993559,2.66429743991162,-16.8));
#8659=CARTESIAN_POINT('',(6.00000008940697,2.46503108333206,-16.8));
#8660=CARTESIAN_POINT('',(2.20000000000002,2.99214739810756,-16.8));
#8661=CARTESIAN_POINT('',(2.34279718249031,2.97988262466513,-16.8));
#8662=CARTESIAN_POINT('',(2.20000000000002,6.00000008940696,-16.8));
#8663=CARTESIAN_POINT('',(2.20000000000002,4.05981292291086,-16.8));
#8664=CARTESIAN_POINT('',(-2.19999999999998,6.00000008940696,-16.8));
#8665=CARTESIAN_POINT('',(2.00000000000002,6.00000008940696,-16.8));
#8666=CARTESIAN_POINT('',(-2.19999999999998,3.16392632579416,-16.8));
#8667=CARTESIAN_POINT('',(-2.19999999999998,3.37798070127298,-16.8));
#8668=CARTESIAN_POINT('',(-6.01711496993559,2.83607636759821,-16.8));
#8669=CARTESIAN_POINT('',(-1.35125331053735,3.23682472389087,-16.8));
#8670=CARTESIAN_POINT('',(-6.00000008940697,2.63681001101865,-16.8));
#8671=CARTESIAN_POINT('',(-6.00000008940697,2.63681001101865,-16.8));
#8672=CARTESIAN_POINT('',(-6.00000008940697,-2.63681001101865,-16.8));
#8673=CARTESIAN_POINT('',(-6.00000008940697,-2.29805721791362,-16.8));
#8674=CARTESIAN_POINT('',(-6.01711496993559,-2.83607636759821,-16.8));
#8675=CARTESIAN_POINT('',(-6.00000008940697,-2.63681001101865,-16.8));
#8676=CARTESIAN_POINT('',(-2.19999999999998,-3.16392632579414,-16.8));
#8677=CARTESIAN_POINT('',(-16.4168698082778,-1.94284700043141,-16.8));
#8678=CARTESIAN_POINT('',(-2.19999999999998,-6.00000008940697,-16.8));
#8679=CARTESIAN_POINT('',(-2.19999999999998,-4.05981292291088,-16.8));
#8680=CARTESIAN_POINT('',(2.20000000000003,-6.00000008940697,-16.8));
#8681=CARTESIAN_POINT('',(-1.99999999999998,-6.00000008940697,-16.8));
#8682=CARTESIAN_POINT('',(2.20000000000003,-3.02334665561194,-16.8));
#8683=CARTESIAN_POINT('',(-3.625,-4.43934464690916E-16,-16.8));
#8684=CARTESIAN_POINT('Origin',(0.,0.,-16.8));
#8685=CARTESIAN_POINT('Origin',(8.26699233396218,-2.47105667940226,-14.8));
#8686=CARTESIAN_POINT('',(2.20000000000003,-2.99214739810758,-15.3));
#8687=CARTESIAN_POINT('',(2.20000000000003,-2.99214739810758,-15.05));
#8688=CARTESIAN_POINT('',(6.01711496993559,-2.66429743991164,-15.3));
#8689=CARTESIAN_POINT('',(1.30700985483472,-3.06884584289316,-15.3));
#8690=CARTESIAN_POINT('',(6.01711496993559,-2.66429743991165,-15.1));
#8691=CARTESIAN_POINT('Origin',(0.,0.,-15.3));
#8692=CARTESIAN_POINT('',(-2.67479018594008,8.30414446630732,-15.3));
#8693=CARTESIAN_POINT('',(-1.85027601552323,7.07296165565097,-15.3));
#8694=CARTESIAN_POINT('',(0.252422664925953,3.93316544080848,-15.3));
#8695=CARTESIAN_POINT('',(-3.29128448400066,8.49080392056075,-15.3));
#8696=CARTESIAN_POINT('Origin',(-3.0968813003592,8.02147311804502,-15.3));
#8697=CARTESIAN_POINT('',(-3.67661545250291,8.33119460740476,-15.3));
#8698=CARTESIAN_POINT('',(-3.19523761434201,8.53058783659685,-15.3));
#8699=CARTESIAN_POINT('',(-3.98055458534921,7.7632791428081,-15.3));
#8700=CARTESIAN_POINT('Origin',(-3.48221226886144,7.86186380488903,-15.3));
#8701=CARTESIAN_POINT('',(-3.69299643213994,6.30968186742653,-15.3));
#8702=CARTESIAN_POINT('',(-3.20704214014712,3.85319845036031,-15.3));
#8703=CARTESIAN_POINT('',(-3.88125747801943,5.80871230799239,-15.3));
#8704=CARTESIAN_POINT('Origin',(-4.1913387486277,6.2110972053456,-15.3));
#8705=CARTESIAN_POINT('',(-4.41613738360964,5.82649453144984,-15.3));
#8706=CARTESIAN_POINT('Origin',(-4.13434968392722,6.24917608097347,-15.3));
#8707=CARTESIAN_POINT('',(-5.64904241377416,6.64843121822618,-15.3));
#8708=CARTESIAN_POINT('',(-1.2719491172813,3.73036902056429,-15.3));
#8709=CARTESIAN_POINT('',(-6.29004035829934,6.58495991354532,-15.3));
#8710=CARTESIAN_POINT('Origin',(-5.93083011345657,6.22574966870256,-15.3));
#8711=CARTESIAN_POINT('',(-6.58495991354535,6.29004035829932,-15.3));
#8712=CARTESIAN_POINT('',(-6.21652926680154,6.65847100504312,-15.3));
#8713=CARTESIAN_POINT('',(-6.6484312182262,5.64904241377413,-15.3));
#8714=CARTESIAN_POINT('Origin',(-6.22574966870258,5.93083011345655,-15.3));
#8715=CARTESIAN_POINT('',(-5.82649453144986,4.41613738360962,-15.3));
#8716=CARTESIAN_POINT('',(-4.43747580175085,2.33260928906111,-15.3));
#8717=CARTESIAN_POINT('',(-5.8087123079924,3.88125747801941,-15.3));
#8718=CARTESIAN_POINT('Origin',(-6.24917608097348,4.1343496839272,-15.3));
#8719=CARTESIAN_POINT('',(-6.30968186742654,3.69299643213992,-15.3));
#8720=CARTESIAN_POINT('Origin',(-6.21109720534562,4.19133874862768,-15.3));
#8721=CARTESIAN_POINT('',(-7.76327914280811,3.98055458534918,-15.3));
#8722=CARTESIAN_POINT('',(-2.60267817662994,2.95965773281857,-15.3));
#8723=CARTESIAN_POINT('',(-8.33119460740477,3.67661545250288,-15.3));
#8724=CARTESIAN_POINT('Origin',(-7.86186380488904,3.48221226886141,-15.3));
#8725=CARTESIAN_POINT('',(-8.49080392056076,3.29128448400063,-15.3));
#8726=CARTESIAN_POINT('',(-8.29141069136868,3.77266232216153,-15.3));
#8727=CARTESIAN_POINT('',(-8.30414446630733,2.67479018594005,-15.3));
#8728=CARTESIAN_POINT('Origin',(-8.02147311804503,3.09688130035917,-15.3));
#8729=CARTESIAN_POINT('',(-7.07296165565098,1.85027601552321,-15.3));
#8730=CARTESIAN_POINT('',(-4.99234399835632,0.456901508658214,-15.3));
#8731=CARTESIAN_POINT('',(-6.85184334518172,1.36291638070461,-15.3));
#8732=CARTESIAN_POINT('Origin',(-7.35563300391328,1.42818490110409,-15.3));
#8733=CARTESIAN_POINT('',(-7.24263448433631,0.997273103132714,-15.3));
#8734=CARTESIAN_POINT('Origin',(-7.34226148098651,1.4954080863837,-15.3));
#8735=CARTESIAN_POINT('',(-8.6956269966502,0.706674600669931,-15.3));
#8736=CARTESIAN_POINT('',(-3.52518327408676,1.74076334518264,-15.3));
#8737=CARTESIAN_POINT('',(-9.104,0.208539617418941,-15.3));
#8738=CARTESIAN_POINT('Origin',(-8.596,0.208539617418943,-15.3));
#8739=CARTESIAN_POINT('',(-9.104,-0.208539617419005,-15.3));
#8740=CARTESIAN_POINT('',(-9.104,0.312499999999968,-15.3));
#8741=CARTESIAN_POINT('',(-8.6956269966502,-0.706674600669991,-15.3));
#8742=CARTESIAN_POINT('Origin',(-8.596,-0.208539617419003,-15.3));
#8743=CARTESIAN_POINT('',(-7.24263448433631,-0.997273103132763,-15.3));
#8744=CARTESIAN_POINT('',(-4.78717307692307,-1.4883653846154,-15.3));
#8745=CARTESIAN_POINT('',(-6.85184334518171,-1.36291638070468,-15.3));
#8746=CARTESIAN_POINT('Origin',(-7.3422614809865,-1.49540808638375,-15.3));
#8747=CARTESIAN_POINT('',(-7.07296165565097,-1.85027601552326,-15.3));
#8748=CARTESIAN_POINT('Origin',(-7.35563300391327,-1.42818490110414,-15.3));
#8749=CARTESIAN_POINT('',(-8.30414446630731,-2.67479018594011,-15.3));
#8750=CARTESIAN_POINT('',(-3.93316544080848,0.252422664925938,-15.3));
#8751=CARTESIAN_POINT('',(-8.49080392056074,-3.29128448400069,-15.3));
#8752=CARTESIAN_POINT('Origin',(-8.021473118045,-3.09688130035922,-15.3));
#8753=CARTESIAN_POINT('',(-8.33119460740474,-3.67661545250294,-15.3));
#8754=CARTESIAN_POINT('',(-8.53058783659684,-3.19523761434204,-15.3));
#8755=CARTESIAN_POINT('',(-7.76327914280808,-3.98055458534923,-15.3));
#8756=CARTESIAN_POINT('Origin',(-7.86186380488901,-3.48221226886147,-15.3));
#8757=CARTESIAN_POINT('',(-6.30968186742652,-3.69299643213996,-15.3));
#8758=CARTESIAN_POINT('',(-3.85319845036029,-3.20704214014713,-15.3));
#8759=CARTESIAN_POINT('',(-5.80871230799237,-3.88125747801945,-15.3));
#8760=CARTESIAN_POINT('Origin',(-6.21109720534559,-4.19133874862773,-15.3));
#8761=CARTESIAN_POINT('',(-5.82649453144982,-4.41613738360966,-15.3));
#8762=CARTESIAN_POINT('Origin',(-6.24917608097345,-4.13434968392724,-15.3));
#8763=CARTESIAN_POINT('',(-6.64843121822616,-5.64904241377418,-15.3));
#8764=CARTESIAN_POINT('',(-3.73036902056429,-1.27194911728131,-15.3));
#8765=CARTESIAN_POINT('',(-6.5849599135453,-6.29004035829936,-15.3));
#8766=CARTESIAN_POINT('Origin',(-6.22574966870254,-5.93083011345659,-15.3));
#8767=CARTESIAN_POINT('',(-6.29004035829929,-6.58495991354537,-15.3));
#8768=CARTESIAN_POINT('',(-6.65847100504309,-6.21652926680157,-15.3));
#8769=CARTESIAN_POINT('',(-5.64904241377411,-6.64843121822622,-15.3));
#8770=CARTESIAN_POINT('Origin',(-5.93083011345653,-6.2257496687026,-15.3));
#8771=CARTESIAN_POINT('',(-4.4161373836096,-5.82649453144987,-15.3));
#8772=CARTESIAN_POINT('',(-2.33260928906109,-4.43747580175085,-15.3));
#8773=CARTESIAN_POINT('',(-3.8812574780194,-5.80871230799241,-15.3));
#8774=CARTESIAN_POINT('Origin',(-4.13434968392718,-6.24917608097349,-15.3));
#8775=CARTESIAN_POINT('',(-3.6929964321399,-6.30968186742656,-15.3));
#8776=CARTESIAN_POINT('Origin',(-4.19133874862766,-6.21109720534563,-15.3));
#8777=CARTESIAN_POINT('',(-3.98055458534915,-7.76327914280813,-15.3));
#8778=CARTESIAN_POINT('',(-2.95965773281856,-2.60267817662995,-15.3));
#8779=CARTESIAN_POINT('',(-3.67661545250285,-8.33119460740478,-15.3));
#8780=CARTESIAN_POINT('Origin',(-3.48221226886139,-7.86186380488905,-15.3));
#8781=CARTESIAN_POINT('',(-3.2912844840006,-8.49080392056077,-15.3));
#8782=CARTESIAN_POINT('',(-3.7726623221615,-8.29141069136869,-15.3));
#8783=CARTESIAN_POINT('',(-2.67479018594002,-8.30414446630734,-15.3));
#8784=CARTESIAN_POINT('Origin',(-3.09688130035914,-8.02147311804504,-15.3));
#8785=CARTESIAN_POINT('',(-1.85027601552318,-7.07296165565098,-15.3));
#8786=CARTESIAN_POINT('',(-0.456901508658198,-4.99234399835632,-15.3));
#8787=CARTESIAN_POINT('',(-1.36291638070463,-6.85184334518172,-15.3));
#8788=CARTESIAN_POINT('Origin',(-1.42818490110407,-7.35563300391328,-15.3));
#8789=CARTESIAN_POINT('',(-0.997273103132738,-7.24263448433631,-15.3));
#8790=CARTESIAN_POINT('Origin',(-1.49540808638373,-7.3422614809865,-15.3));
#8791=CARTESIAN_POINT('',(-0.706674600669961,-8.6956269966502,-15.3));
#8792=CARTESIAN_POINT('',(-1.73788579250193,-3.53957103749034,-15.3));
#8793=CARTESIAN_POINT('',(-0.208539617418973,-9.104,-15.3));
#8794=CARTESIAN_POINT('Origin',(-0.208539617418973,-8.596,-15.3));
#8795=CARTESIAN_POINT('',(0.208539617418973,-9.104,-15.3));
#8796=CARTESIAN_POINT('',(-0.3125,-9.104,-15.3));
#8797=CARTESIAN_POINT('',(0.706674600669961,-8.6956269966502,-15.3));
#8798=CARTESIAN_POINT('Origin',(0.208539617418973,-8.596,-15.3));
#8799=CARTESIAN_POINT('',(0.997273103132738,-7.24263448433631,-15.3));
#8800=CARTESIAN_POINT('',(1.48836538461538,-4.78717307692308,-15.3));
#8801=CARTESIAN_POINT('',(1.36291638070469,-6.8518433451817,-15.3));
#8802=CARTESIAN_POINT('Origin',(1.49540808638373,-7.3422614809865,-15.3));
#8803=CARTESIAN_POINT('',(1.85027601552328,-7.07296165565096,-15.3));
#8804=CARTESIAN_POINT('Origin',(1.42818490110417,-7.35563300391326,-15.3));
#8805=CARTESIAN_POINT('',(2.67479018594014,-8.3041444663073,-15.3));
#8806=CARTESIAN_POINT('',(-0.248561827300418,-3.93893052901412,-15.3));
#8807=CARTESIAN_POINT('',(3.29128448400072,-8.49080392056073,-15.3));
#8808=CARTESIAN_POINT('Origin',(3.09688130035925,-8.02147311804499,-15.3));
#8809=CARTESIAN_POINT('',(3.67661545250297,-8.33119460740473,-15.3));
#8810=CARTESIAN_POINT('',(3.19523761434207,-8.53058783659682,-15.3));
#8811=CARTESIAN_POINT('',(3.98055458534926,-7.76327914280807,-15.3));
#8812=CARTESIAN_POINT('Origin',(3.4822122688615,-7.861863804889,-15.3));
#8813=CARTESIAN_POINT('',(3.69299643213999,-6.3096818674265,-15.3));
#8814=CARTESIAN_POINT('',(3.20704214014714,-3.85319845036028,-15.3));
#8815=CARTESIAN_POINT('',(3.88125747801947,-5.80871230799236,-15.3));
#8816=CARTESIAN_POINT('Origin',(4.19133874862775,-6.21109720534557,-15.3));
#8817=CARTESIAN_POINT('',(4.41613738360968,-5.82649453144981,-15.3));
#8818=CARTESIAN_POINT('Origin',(4.13434968392727,-6.24917608097344,-15.3));
#8819=CARTESIAN_POINT('',(5.6490424137742,-6.64843121822614,-15.3));
#8820=CARTESIAN_POINT('',(1.27194911728133,-3.73036902056428,-15.3));
#8821=CARTESIAN_POINT('',(6.29004035829938,-6.58495991354528,-15.3));
#8822=CARTESIAN_POINT('Origin',(5.93083011345661,-6.22574966870252,-15.3));
#8823=CARTESIAN_POINT('',(6.58495991354539,-6.29004035829927,-15.3));
#8824=CARTESIAN_POINT('',(6.21652926680159,-6.65847100504307,-15.3));
#8825=CARTESIAN_POINT('',(6.64843121822624,-5.64904241377408,-15.3));
#8826=CARTESIAN_POINT('Origin',(6.22574966870262,-5.93083011345651,-15.3));
#8827=CARTESIAN_POINT('',(5.82649453144989,-4.41613738360958,-15.3));
#8828=CARTESIAN_POINT('',(4.43747580175086,-2.33260928906108,-15.3));
#8829=CARTESIAN_POINT('',(5.80871230799242,-3.88125747801938,-15.3));
#8830=CARTESIAN_POINT('Origin',(6.24917608097351,-4.13434968392716,-15.3));
#8831=CARTESIAN_POINT('',(6.30968186742657,-3.69299643213987,-15.3));
#8832=CARTESIAN_POINT('Origin',(6.21109720534565,-4.19133874862764,-15.3));
#8833=CARTESIAN_POINT('',(7.76327914280814,-3.98055458534912,-15.3));
#8834=CARTESIAN_POINT('',(2.60267817662996,-2.95965773281855,-15.3));
#8835=CARTESIAN_POINT('',(8.3311946074048,-3.67661545250282,-15.3));
#8836=CARTESIAN_POINT('Origin',(7.86186380488906,-3.48221226886136,-15.3));
#8837=CARTESIAN_POINT('',(8.49080392056079,-3.29128448400057,-15.3));
#8838=CARTESIAN_POINT('',(8.2914106913687,-3.77266232216147,-15.3));
#8839=CARTESIAN_POINT('',(8.30414446630735,-2.67479018593999,-15.3));
#8840=CARTESIAN_POINT('Origin',(8.02147311804505,-3.09688130035911,-15.3));
#8841=CARTESIAN_POINT('',(7.07296165565099,-1.85027601552316,-15.3));
#8842=CARTESIAN_POINT('',(4.99234399835632,-0.456901508658178,-15.3));
#8843=CARTESIAN_POINT('',(6.85184334518173,-1.36291638070457,-15.3));
#8844=CARTESIAN_POINT('Origin',(7.35563300391329,-1.42818490110404,-15.3));
#8845=CARTESIAN_POINT('',(7.24263448433632,-0.997273103132662,-15.3));
#8846=CARTESIAN_POINT('Origin',(7.34226148098652,-1.49540808638365,-15.3));
#8847=CARTESIAN_POINT('',(8.6956269966502,-0.70667460066987,-15.3));
#8848=CARTESIAN_POINT('',(3.5371730769231,-1.73836538461535,-15.3));
#8849=CARTESIAN_POINT('',(9.104,-0.208539617418878,-15.3));
#8850=CARTESIAN_POINT('Origin',(8.596,-0.208539617418883,-15.3));
#8851=CARTESIAN_POINT('',(9.104,0.208539617419068,-15.3));
#8852=CARTESIAN_POINT('',(9.10400000000001,-0.312499999999905,-15.3));
#8853=CARTESIAN_POINT('',(8.69562699665019,0.706674600670052,-15.3));
#8854=CARTESIAN_POINT('Origin',(8.596,0.208539617419063,-15.3));
#8855=CARTESIAN_POINT('',(7.2426344843363,0.997273103132815,-15.3));
#8856=CARTESIAN_POINT('',(4.78717307692306,1.48836538461543,-15.3));
#8857=CARTESIAN_POINT('',(6.8518433451817,1.36291638070473,-15.3));
#8858=CARTESIAN_POINT('Origin',(7.34226148098649,1.4954080863838,-15.3));
#8859=CARTESIAN_POINT('',(7.07296165565095,1.8502760155233,-15.3));
#8860=CARTESIAN_POINT('Origin',(7.35563300391326,1.42818490110419,-15.3));
#8861=CARTESIAN_POINT('',(8.30414446630729,2.67479018594016,-15.3));
#8862=CARTESIAN_POINT('',(3.94177399813275,-0.246657576720265,-15.3));
#8863=CARTESIAN_POINT('',(8.49080392056072,3.29128448400075,-15.3));
#8864=CARTESIAN_POINT('Origin',(8.02147311804499,3.09688130035928,-15.3));
#8865=CARTESIAN_POINT('',(8.33119460740472,3.67661545250299,-15.3));
#8866=CARTESIAN_POINT('',(8.53058783659681,3.19523761434209,-15.3));
#8867=CARTESIAN_POINT('',(7.76327914280806,3.98055458534928,-15.3));
#8868=CARTESIAN_POINT('Origin',(7.86186380488899,3.48221226886152,-15.3));
#8869=CARTESIAN_POINT('',(6.30968186742649,3.69299643214,-15.3));
#8870=CARTESIAN_POINT('',(3.85319845036027,3.20704214014715,-15.3));
#8871=CARTESIAN_POINT('',(5.80871230799235,3.88125747801948,-15.3));
#8872=CARTESIAN_POINT('Origin',(6.21109720534556,4.19133874862777,-15.3));
#8873=CARTESIAN_POINT('',(5.82649453144979,4.4161373836097,-15.3));
#8874=CARTESIAN_POINT('Origin',(6.24917608097342,4.13434968392729,-15.3));
#8875=CARTESIAN_POINT('',(6.64843121822612,5.64904241377422,-15.3));
#8876=CARTESIAN_POINT('',(3.73036902056428,1.27194911728134,-15.3));
#8877=CARTESIAN_POINT('',(6.58495991354526,6.29004035829941,-15.3));
#8878=CARTESIAN_POINT('Origin',(6.22574966870249,5.93083011345664,-15.3));
#8879=CARTESIAN_POINT('',(6.29004035829924,6.58495991354541,-15.3));
#8880=CARTESIAN_POINT('',(6.65847100504305,6.21652926680161,-15.3));
#8881=CARTESIAN_POINT('',(5.64904241377406,6.64843121822626,-15.3));
#8882=CARTESIAN_POINT('Origin',(5.93083011345648,6.22574966870264,-15.3));
#8883=CARTESIAN_POINT('',(4.41613738360956,5.8264945314499,-15.3));
#8884=CARTESIAN_POINT('',(2.33260928906106,4.43747580175087,-15.3));
#8885=CARTESIAN_POINT('',(3.88125747801934,5.80871230799244,-15.3));
#8886=CARTESIAN_POINT('Origin',(4.13434968392713,6.24917608097352,-15.3));
#8887=CARTESIAN_POINT('',(3.69299643213985,6.30968186742658,-15.3));
#8888=CARTESIAN_POINT('Origin',(4.19133874862761,6.21109720534566,-15.3));
#8889=CARTESIAN_POINT('',(3.98055458534909,7.76327914280816,-15.3));
#8890=CARTESIAN_POINT('',(2.95965773281854,2.60267817662997,-15.3));
#8891=CARTESIAN_POINT('',(3.67661545250279,8.33119460740481,-15.3));
#8892=CARTESIAN_POINT('Origin',(3.48221226886133,7.86186380488907,-15.3));
#8893=CARTESIAN_POINT('',(3.29128448400054,8.4908039205608,-15.3));
#8894=CARTESIAN_POINT('',(3.77266232216144,8.29141069136872,-15.3));
#8895=CARTESIAN_POINT('',(2.67479018593996,8.30414446630736,-15.3));
#8896=CARTESIAN_POINT('Origin',(3.09688130035908,8.02147311804506,-15.3));
#8897=CARTESIAN_POINT('',(1.85027601552313,7.072961655651,-15.3));
#8898=CARTESIAN_POINT('',(0.45690150865816,4.99234399835632,-15.3));
#8899=CARTESIAN_POINT('',(1.3629163807046,6.85184334518173,-15.3));
#8900=CARTESIAN_POINT('Origin',(1.42818490110401,7.3556330039133,-15.3));
#8901=CARTESIAN_POINT('',(0.997273103132738,7.24263448433631,-15.3));
#8902=CARTESIAN_POINT('Origin',(1.49540808638373,7.34226148098651,-15.3));
#8903=CARTESIAN_POINT('',(0.706674600669961,8.6956269966502,-15.3));
#8904=CARTESIAN_POINT('',(1.73836538461538,3.53717307692308,-15.3));
#8905=CARTESIAN_POINT('',(0.208539617418973,9.104,-15.3));
#8906=CARTESIAN_POINT('Origin',(0.208539617418973,8.596,-15.3));
#8907=CARTESIAN_POINT('',(-0.208539617418973,9.104,-15.3));
#8908=CARTESIAN_POINT('',(0.3125,9.104,-15.3));
#8909=CARTESIAN_POINT('',(-0.706674600669961,8.6956269966502,-15.3));
#8910=CARTESIAN_POINT('Origin',(-0.208539617418973,8.596,-15.3));
#8911=CARTESIAN_POINT('',(-0.997273103132738,7.24263448433631,-15.3));
#8912=CARTESIAN_POINT('',(-1.48836538461538,4.78717307692308,-15.3));
#8913=CARTESIAN_POINT('',(-1.36291638070465,6.85184334518171,-15.3));
#8914=CARTESIAN_POINT('Origin',(-1.49540808638373,7.34226148098651,-15.3));
#8915=CARTESIAN_POINT('Origin',(-1.42818490110411,7.35563300391328,-15.3));
#8916=CARTESIAN_POINT('',(2.20000000000002,-6.00000008940697,-15.3));
#8917=CARTESIAN_POINT('',(2.20000000000003,-1.51167332780597,-15.3));
#8918=CARTESIAN_POINT('',(-2.19999999999998,-6.00000008940697,-15.3));
#8919=CARTESIAN_POINT('',(-0.999999999999988,-6.00000008940697,-15.3));
#8920=CARTESIAN_POINT('',(-2.19999999999998,-3.16392632579414,-15.3));
#8921=CARTESIAN_POINT('',(-2.19999999999998,-3.24999999999999,-15.3));
#8922=CARTESIAN_POINT('',(-6.01711496993559,-2.8360763675982,-15.3));
#8923=CARTESIAN_POINT('',(-1.1514916822416,-3.25398214304163,-15.3));
#8924=CARTESIAN_POINT('',(-6.00000008940697,-2.63681001101864,-15.3));
#8925=CARTESIAN_POINT('',(-5.86562328769397,-1.07227816159202,-15.3));
#8926=CARTESIAN_POINT('',(-6.00000008940697,2.63681001101866,-15.3));
#8927=CARTESIAN_POINT('',(-6.00000008940697,-9.67532245957365E-16,-15.3));
#8928=CARTESIAN_POINT('',(-6.01711496993559,2.83607636759822,-15.3));
#8929=CARTESIAN_POINT('',(-5.86562328769397,1.07227816159202,-15.3));
#8930=CARTESIAN_POINT('',(-2.19999999999998,3.16392632579416,-15.3));
#8931=CARTESIAN_POINT('',(-4.25149161905884,2.9877248105542,-15.3));
#8932=CARTESIAN_POINT('',(-2.19999999999999,6.00000008940697,-15.3));
#8933=CARTESIAN_POINT('',(-2.19999999999999,1.49018393703546,-15.3));
#8934=CARTESIAN_POINT('',(2.20000000000002,6.00000008940697,-15.3));
#8935=CARTESIAN_POINT('',(1.00000000000001,6.00000008940697,-15.3));
#8936=CARTESIAN_POINT('',(2.20000000000002,2.99214739810756,-15.3));
#8937=CARTESIAN_POINT('',(2.20000000000002,1.51167332780597,-15.3));
#8938=CARTESIAN_POINT('',(6.01711496993559,2.66429743991163,-15.3));
#8939=CARTESIAN_POINT('',(1.30700985483473,3.06884584289315,-15.3));
#8940=CARTESIAN_POINT('',(6.00000008940697,2.46503108333207,-15.3));
#8941=CARTESIAN_POINT('',(5.8729462660817,0.985759731061273,-15.3));
#8942=CARTESIAN_POINT('',(6.00000008940697,-2.46503108333208,-15.3));
#8943=CARTESIAN_POINT('',(6.00000008940697,-9.67532245957363E-16,-15.3));
#8944=CARTESIAN_POINT('',(5.8729462660817,-0.985759731061288,-15.3));
#8945=CARTESIAN_POINT('Origin',(0.,0.,-14.));
#8946=CARTESIAN_POINT('',(-3.625,-4.43934464690916E-16,-19.));
#8947=CARTESIAN_POINT('Origin',(0.,0.,-19.));
#8948=CARTESIAN_POINT('',(-3.625,-4.43934464690916E-16,-14.));
#8949=CARTESIAN_POINT('Origin',(2.20000000000002,6.49999999999997,-14.8));
#8950=CARTESIAN_POINT('',(2.20000000000002,6.00000008940697,-15.1));
#8951=CARTESIAN_POINT('',(2.20000000000002,2.99214739810756,-15.8));
#8952=CARTESIAN_POINT('Origin',(2.20000000000002,-2.87228132326902,-14.8));
#8953=CARTESIAN_POINT('',(2.20000000000002,-6.00000008940697,-15.15));
#8954=CARTESIAN_POINT('Origin',(-2.19999999999998,-6.49999999999998,-14.8));
#8955=CARTESIAN_POINT('',(-2.19999999999998,-3.16392632579414,-14.8));
#8956=CARTESIAN_POINT('',(-2.19999999999998,-6.00000008940697,-15.1));
#8957=CARTESIAN_POINT('Origin',(-2.19999999999999,2.98036787407092,-14.8));
#8958=CARTESIAN_POINT('',(-2.19999999999999,3.16392632579416,-14.8));
#8959=CARTESIAN_POINT('',(-2.19999999999998,6.00000008940697,-15.15));
#8960=CARTESIAN_POINT('Origin',(-8.21711475416306,2.64711956567557,-14.8));
#8961=CARTESIAN_POINT('',(-6.01711496993559,2.83607636759821,-15.1));
#8962=CARTESIAN_POINT('Origin',(-6.00000008940697,-2.63681001101865,-15.3));
#8963=CARTESIAN_POINT('',(-6.00000008940697,-2.63681001101864,-15.15));
#8964=CARTESIAN_POINT('',(-6.01711496993559,-2.8360763675982,-15.15));
#8965=CARTESIAN_POINT('Origin',(-2.0171148805286,-3.17963423065045,-14.8));
#8966=CARTESIAN_POINT('Origin',(6.00000008940697,-2.4650310833321,-16.8));
#8967=CARTESIAN_POINT('',(6.00000008940697,-2.46503108333209,-15.1));
#8968=CARTESIAN_POINT('Origin',(6.00000008940697,2.46503108333207,-15.3));
#8969=CARTESIAN_POINT('',(6.00000008940697,2.46503108333207,-15.15));
#8970=CARTESIAN_POINT('',(6.01711496993559,2.66429743991162,-15.15));
#8971=CARTESIAN_POINT('Origin',(2.11711488052861,2.99926635657955,-14.8));
#8972=CARTESIAN_POINT('Origin',(-6.00000008940697,2.63681001101865,-16.8));
#8973=CARTESIAN_POINT('',(-6.00000008940697,2.63681001101866,-15.1));
#8974=CARTESIAN_POINT('Origin',(2.00000000000003,-6.00000008940697,-15.1));
#8975=CARTESIAN_POINT('Origin',(6.00000008940697,2.46503108333207,-15.1));
#8976=CARTESIAN_POINT('Origin',(-1.99999999999998,6.00000008940697,-15.1));
#8977=CARTESIAN_POINT('Origin',(-6.00000008940697,-2.63681001101864,-15.1));
#8978=CARTESIAN_POINT('Origin',(1.125,6.604,-16.841));
#8979=CARTESIAN_POINT('',(0.997273103132738,7.24263448433631,-19.));
#8980=CARTESIAN_POINT('',(0.997273103132738,7.24263448433631,-16.841));
#8981=CARTESIAN_POINT('',(0.706674600669961,8.6956269966502,-19.));
#8982=CARTESIAN_POINT('',(1.125,6.604,-19.));
#8983=CARTESIAN_POINT('',(0.706674600669961,8.6956269966502,-16.841));
#8984=CARTESIAN_POINT('Origin',(1.49540808638373,7.34226148098651,-13.031));
#8985=CARTESIAN_POINT('',(1.3629163807046,6.85184334518173,-16.841));
#8986=CARTESIAN_POINT('',(1.3629163807046,6.85184334518173,-13.031));
#8987=CARTESIAN_POINT('',(1.3629163807046,6.85184334518173,-19.));
#8988=CARTESIAN_POINT('',(1.3629163807046,6.85184334518173,-16.841));
#8989=CARTESIAN_POINT('Origin',(1.49540808638373,7.34226148098651,-19.));
#8990=CARTESIAN_POINT('Origin',(1.42818490110401,7.3556330039133,-13.031));
#8991=CARTESIAN_POINT('',(1.85027601552313,7.072961655651,-19.));
#8992=CARTESIAN_POINT('',(1.85027601552313,7.072961655651,-15.5));
#8993=CARTESIAN_POINT('Origin',(1.42818490110401,7.3556330039133,-19.));
#8994=CARTESIAN_POINT('',(1.3629163807046,6.85184334518173,-16.841));
#8995=CARTESIAN_POINT('Origin',(2.90652526043211,8.65017640921098,-16.841));
#8996=CARTESIAN_POINT('',(2.67479018593996,8.30414446630736,-19.));
#8997=CARTESIAN_POINT('',(2.67479018593996,8.30414446630736,-16.841));
#8998=CARTESIAN_POINT('',(2.90652526043211,8.65017640921098,-19.));
#8999=CARTESIAN_POINT('Origin',(-6.604,1.12499999999998,-16.841));
#9000=CARTESIAN_POINT('',(-7.24263448433631,0.997273103132714,-19.));
#9001=CARTESIAN_POINT('',(-7.24263448433631,0.997273103132714,-16.841));
#9002=CARTESIAN_POINT('',(-8.6956269966502,0.706674600669931,-19.));
#9003=CARTESIAN_POINT('',(-6.604,1.12499999999998,-19.));
#9004=CARTESIAN_POINT('',(-8.6956269966502,0.706674600669931,-16.841));
#9005=CARTESIAN_POINT('Origin',(-7.34226148098651,1.4954080863837,-13.031));
#9006=CARTESIAN_POINT('',(-6.85184334518172,1.36291638070461,-16.841));
#9007=CARTESIAN_POINT('',(-6.85184334518172,1.36291638070461,-15.5));
#9008=CARTESIAN_POINT('',(-6.85184334518172,1.36291638070461,-19.));
#9009=CARTESIAN_POINT('',(-6.85184334518172,1.36291638070461,-16.841));
#9010=CARTESIAN_POINT('Origin',(-7.34226148098651,1.4954080863837,-19.));
#9011=CARTESIAN_POINT('Origin',(-7.35563300391328,1.42818490110409,-13.031));
#9012=CARTESIAN_POINT('',(-7.07296165565098,1.85027601552321,-19.));
#9013=CARTESIAN_POINT('',(-7.07296165565098,1.85027601552321,-16.841));
#9014=CARTESIAN_POINT('Origin',(-7.35563300391328,1.42818490110409,-19.));
#9015=CARTESIAN_POINT('',(-6.85184334518172,1.36291638070461,-16.841));
#9016=CARTESIAN_POINT('Origin',(-8.65017640921095,2.9065252604322,-16.841));
#9017=CARTESIAN_POINT('',(-8.30414446630733,2.67479018594005,-19.));
#9018=CARTESIAN_POINT('',(-8.30414446630733,2.67479018594005,-16.841));
#9019=CARTESIAN_POINT('',(-8.65017640921095,2.9065252604322,-19.));
#9020=CARTESIAN_POINT('Origin',(8.65017640921097,-2.90652526043214,-16.841));
#9021=CARTESIAN_POINT('',(8.30414446630735,-2.67479018593999,-19.));
#9022=CARTESIAN_POINT('',(8.30414446630735,-2.67479018593999,-16.841));
#9023=CARTESIAN_POINT('',(7.07296165565099,-1.85027601552316,-19.));
#9024=CARTESIAN_POINT('',(8.65017640921097,-2.90652526043214,-19.));
#9025=CARTESIAN_POINT('',(7.07296165565099,-1.85027601552316,-16.841));
#9026=CARTESIAN_POINT('Origin',(6.53181929411525,1.48787691326393,-16.841));
#9027=CARTESIAN_POINT('',(7.07296165565095,1.8502760155233,-19.));
#9028=CARTESIAN_POINT('',(7.07296165565095,1.8502760155233,-16.841));
#9029=CARTESIAN_POINT('',(8.30414446630729,2.67479018594016,-19.));
#9030=CARTESIAN_POINT('',(6.53181929411525,1.48787691326393,-19.));
#9031=CARTESIAN_POINT('',(8.30414446630729,2.67479018594016,-16.841));
#9032=CARTESIAN_POINT('Origin',(7.35563300391326,1.42818490110419,-13.031));
#9033=CARTESIAN_POINT('',(6.8518433451817,1.36291638070473,-16.841));
#9034=CARTESIAN_POINT('',(6.8518433451817,1.36291638070473,-15.5));
#9035=CARTESIAN_POINT('',(6.8518433451817,1.36291638070473,-19.));
#9036=CARTESIAN_POINT('',(6.8518433451817,1.36291638070473,-16.841));
#9037=CARTESIAN_POINT('Origin',(7.35563300391326,1.42818490110419,-19.));
#9038=CARTESIAN_POINT('Origin',(1.48787691326391,-6.53181929411525,-16.841));
#9039=CARTESIAN_POINT('',(1.85027601552328,-7.07296165565096,-19.));
#9040=CARTESIAN_POINT('',(1.85027601552328,-7.07296165565096,-16.841));
#9041=CARTESIAN_POINT('',(2.67479018594014,-8.3041444663073,-19.));
#9042=CARTESIAN_POINT('',(1.48787691326391,-6.53181929411525,-19.));
#9043=CARTESIAN_POINT('',(2.67479018594014,-8.3041444663073,-16.841));
#9044=CARTESIAN_POINT('Origin',(1.42818490110417,-7.35563300391326,-13.031));
#9045=CARTESIAN_POINT('',(1.36291638070469,-6.8518433451817,-16.841));
#9046=CARTESIAN_POINT('',(1.36291638070469,-6.8518433451817,-15.5));
#9047=CARTESIAN_POINT('',(1.36291638070469,-6.8518433451817,-19.));
#9048=CARTESIAN_POINT('',(1.36291638070469,-6.8518433451817,-16.841));
#9049=CARTESIAN_POINT('Origin',(1.42818490110417,-7.35563300391326,-19.));
#9050=CARTESIAN_POINT('Origin',(1.49540808638373,-7.34226148098651,-13.031));
#9051=CARTESIAN_POINT('',(0.997273103132738,-7.24263448433631,-19.));
#9052=CARTESIAN_POINT('',(0.997273103132738,-7.24263448433631,-16.841));
#9053=CARTESIAN_POINT('Origin',(1.49540808638373,-7.34226148098651,-19.));
#9054=CARTESIAN_POINT('',(1.36291638070469,-6.8518433451817,-16.841));
#9055=CARTESIAN_POINT('Origin',(0.625,-9.104,-16.841));
#9056=CARTESIAN_POINT('',(0.706674600669961,-8.6956269966502,-19.));
#9057=CARTESIAN_POINT('',(0.706674600669961,-8.6956269966502,-16.841));
#9058=CARTESIAN_POINT('',(0.625,-9.104,-19.));
#9059=CARTESIAN_POINT('Origin',(-1.125,-6.604,-16.841));
#9060=CARTESIAN_POINT('',(-0.997273103132738,-7.24263448433631,-19.));
#9061=CARTESIAN_POINT('',(-0.997273103132738,-7.24263448433631,-16.841));
#9062=CARTESIAN_POINT('',(-0.706674600669961,-8.6956269966502,-19.));
#9063=CARTESIAN_POINT('',(-1.125,-6.604,-19.));
#9064=CARTESIAN_POINT('',(-0.706674600669961,-8.6956269966502,-16.841));
#9065=CARTESIAN_POINT('Origin',(-3.09688130035914,-8.02147311804504,-16.841));
#9066=CARTESIAN_POINT('',(-3.2912844840006,-8.49080392056077,-19.));
#9067=CARTESIAN_POINT('',(-3.2912844840006,-8.49080392056077,-16.841));
#9068=CARTESIAN_POINT('',(-2.67479018594002,-8.30414446630734,-19.));
#9069=CARTESIAN_POINT('Origin',(-3.09688130035914,-8.02147311804504,-19.));
#9070=CARTESIAN_POINT('',(-2.67479018594002,-8.30414446630734,-16.841));
#9071=CARTESIAN_POINT('Origin',(-4.06137467607128,-8.1718221187546,-16.841));
#9072=CARTESIAN_POINT('',(-3.67661545250285,-8.33119460740478,-19.));
#9073=CARTESIAN_POINT('',(-3.67661545250285,-8.33119460740478,-16.841));
#9074=CARTESIAN_POINT('',(-4.06137467607128,-8.1718221187546,-19.));
#9075=CARTESIAN_POINT('Origin',(-3.48221226886139,-7.86186380488905,-16.841));
#9076=CARTESIAN_POINT('',(-3.98055458534915,-7.76327914280813,-19.));
#9077=CARTESIAN_POINT('',(-3.98055458534915,-7.76327914280813,-16.841));
#9078=CARTESIAN_POINT('Origin',(-3.48221226886139,-7.86186380488905,-19.));
#9079=CARTESIAN_POINT('Origin',(-3.56660586141422,-5.67078157129383,-16.841));
#9080=CARTESIAN_POINT('',(-3.6929964321399,-6.30968186742656,-19.));
#9081=CARTESIAN_POINT('',(-3.6929964321399,-6.30968186742656,-16.841));
#9082=CARTESIAN_POINT('',(-3.56660586141422,-5.67078157129383,-19.));
#9083=CARTESIAN_POINT('Origin',(-4.19133874862766,-6.21109720534563,-13.031));
#9084=CARTESIAN_POINT('',(-3.8812574780194,-5.80871230799241,-16.841));
#9085=CARTESIAN_POINT('',(-3.8812574780194,-5.80871230799241,-16.841));
#9086=CARTESIAN_POINT('',(-3.8812574780194,-5.80871230799241,-19.));
#9087=CARTESIAN_POINT('',(-3.8812574780194,-5.80871230799241,-16.841));
#9088=CARTESIAN_POINT('Origin',(-4.19133874862766,-6.21109720534563,-19.));
#9089=CARTESIAN_POINT('Origin',(-4.13434968392718,-6.24917608097349,-13.031));
#9090=CARTESIAN_POINT('',(-4.4161373836096,-5.82649453144987,-19.));
#9091=CARTESIAN_POINT('',(-4.4161373836096,-5.82649453144987,-16.841));
#9092=CARTESIAN_POINT('Origin',(-4.13434968392718,-6.24917608097349,-19.));
#9093=CARTESIAN_POINT('',(-3.8812574780194,-5.80871230799241,-16.841));
#9094=CARTESIAN_POINT('Origin',(-5.9955583976807,-6.87944187416395,-16.841));
#9095=CARTESIAN_POINT('',(-5.64904241377411,-6.64843121822622,-19.));
#9096=CARTESIAN_POINT('',(-5.64904241377411,-6.64843121822622,-16.841));
#9097=CARTESIAN_POINT('',(-5.9955583976807,-6.87944187416395,-19.));
#9098=CARTESIAN_POINT('Origin',(-5.93083011345653,-6.2257496687026,-16.841));
#9099=CARTESIAN_POINT('',(-6.29004035829929,-6.58495991354537,-19.));
#9100=CARTESIAN_POINT('',(-6.29004035829929,-6.58495991354537,-16.841));
#9101=CARTESIAN_POINT('Origin',(-5.93083011345653,-6.2257496687026,-19.));
#9102=CARTESIAN_POINT('Origin',(-6.87944187416389,-5.99555839768077,-16.841));
#9103=CARTESIAN_POINT('',(-6.5849599135453,-6.29004035829936,-19.));
#9104=CARTESIAN_POINT('',(-6.5849599135453,-6.29004035829936,-16.841));
#9105=CARTESIAN_POINT('',(-6.87944187416389,-5.99555839768077,-19.));
#9106=CARTESIAN_POINT('Origin',(-6.22574966870254,-5.93083011345659,-16.841));
#9107=CARTESIAN_POINT('',(-6.64843121822616,-5.64904241377418,-19.));
#9108=CARTESIAN_POINT('',(-6.64843121822616,-5.64904241377418,-16.841));
#9109=CARTESIAN_POINT('Origin',(-6.22574966870254,-5.93083011345659,-19.));
#9110=CARTESIAN_POINT('Origin',(-5.46522831179081,-3.87423805412112,-16.841));
#9111=CARTESIAN_POINT('',(-5.82649453144982,-4.41613738360966,-19.));
#9112=CARTESIAN_POINT('',(-5.82649453144982,-4.41613738360966,-16.841));
#9113=CARTESIAN_POINT('',(-5.46522831179081,-3.87423805412112,-19.));
#9114=CARTESIAN_POINT('Origin',(-6.24917608097345,-4.13434968392724,-13.031));
#9115=CARTESIAN_POINT('',(-5.80871230799237,-3.88125747801945,-16.841));
#9116=CARTESIAN_POINT('',(-5.80871230799237,-3.88125747801945,-16.841));
#9117=CARTESIAN_POINT('',(-5.80871230799237,-3.88125747801945,-19.));
#9118=CARTESIAN_POINT('',(-5.80871230799237,-3.88125747801945,-16.841));
#9119=CARTESIAN_POINT('Origin',(-6.24917608097345,-4.13434968392724,-19.));
#9120=CARTESIAN_POINT('Origin',(-6.21109720534559,-4.19133874862773,-13.031));
#9121=CARTESIAN_POINT('',(-6.30968186742652,-3.69299643213996,-19.));
#9122=CARTESIAN_POINT('',(-6.30968186742652,-3.69299643213996,-16.841));
#9123=CARTESIAN_POINT('Origin',(-6.21109720534559,-4.19133874862773,-19.));
#9124=CARTESIAN_POINT('',(-5.80871230799237,-3.88125747801945,-16.841));
#9125=CARTESIAN_POINT('Origin',(-8.17182211875456,-4.06137467607137,-16.841));
#9126=CARTESIAN_POINT('',(-7.76327914280808,-3.98055458534923,-19.));
#9127=CARTESIAN_POINT('',(-7.76327914280808,-3.98055458534923,-16.841));
#9128=CARTESIAN_POINT('',(-8.17182211875456,-4.06137467607137,-19.));
#9129=CARTESIAN_POINT('Origin',(-7.86186380488901,-3.48221226886147,-16.841));
#9130=CARTESIAN_POINT('',(-8.33119460740475,-3.67661545250294,-19.));
#9131=CARTESIAN_POINT('',(-8.33119460740475,-3.67661545250294,-16.841));
#9132=CARTESIAN_POINT('Origin',(-7.86186380488901,-3.48221226886147,-19.));
#9133=CARTESIAN_POINT('Origin',(-8.65017640921092,-2.90652526043226,-16.841));
#9134=CARTESIAN_POINT('',(-8.49080392056074,-3.29128448400069,-19.));
#9135=CARTESIAN_POINT('',(-8.49080392056074,-3.29128448400069,-16.841));
#9136=CARTESIAN_POINT('',(-8.65017640921092,-2.90652526043226,-19.));
#9137=CARTESIAN_POINT('Origin',(-8.021473118045,-3.09688130035922,-16.841));
#9138=CARTESIAN_POINT('',(-8.30414446630731,-2.67479018594011,-19.));
#9139=CARTESIAN_POINT('',(-8.30414446630731,-2.67479018594011,-16.841));
#9140=CARTESIAN_POINT('Origin',(-8.021473118045,-3.09688130035922,-19.));
#9141=CARTESIAN_POINT('Origin',(-6.53181929411526,-1.48787691326388,-16.841));
#9142=CARTESIAN_POINT('',(-7.07296165565097,-1.85027601552326,-19.));
#9143=CARTESIAN_POINT('',(-7.07296165565097,-1.85027601552326,-16.841));
#9144=CARTESIAN_POINT('',(-6.53181929411526,-1.48787691326388,-19.));
#9145=CARTESIAN_POINT('Origin',(-7.35563300391327,-1.42818490110414,-13.031));
#9146=CARTESIAN_POINT('',(-6.85184334518171,-1.36291638070468,-16.841));
#9147=CARTESIAN_POINT('',(-6.85184334518171,-1.36291638070468,-16.841));
#9148=CARTESIAN_POINT('',(-6.85184334518171,-1.36291638070468,-19.));
#9149=CARTESIAN_POINT('',(-6.85184334518171,-1.36291638070468,-16.841));
#9150=CARTESIAN_POINT('Origin',(-7.35563300391327,-1.42818490110414,-19.));
#9151=CARTESIAN_POINT('Origin',(-7.3422614809865,-1.49540808638375,-13.031));
#9152=CARTESIAN_POINT('',(-7.24263448433631,-0.997273103132764,-19.));
#9153=CARTESIAN_POINT('',(-7.24263448433631,-0.997273103132764,-16.841));
#9154=CARTESIAN_POINT('Origin',(-7.3422614809865,-1.49540808638375,-19.));
#9155=CARTESIAN_POINT('',(-6.85184334518171,-1.36291638070468,-16.841));
#9156=CARTESIAN_POINT('Origin',(-9.104,-0.625000000000032,-16.841));
#9157=CARTESIAN_POINT('',(-8.6956269966502,-0.706674600669991,-19.));
#9158=CARTESIAN_POINT('',(-8.6956269966502,-0.706674600669991,-16.841));
#9159=CARTESIAN_POINT('',(-9.104,-0.625000000000032,-19.));
#9160=CARTESIAN_POINT('Origin',(-8.596,-0.208539617419003,-16.841));
#9161=CARTESIAN_POINT('',(-9.104,-0.208539617419005,-19.));
#9162=CARTESIAN_POINT('',(-9.104,-0.208539617419005,-16.841));
#9163=CARTESIAN_POINT('Origin',(-8.596,-0.208539617419003,-19.));
#9164=CARTESIAN_POINT('Origin',(-9.104,0.624999999999968,-16.841));
#9165=CARTESIAN_POINT('',(-9.104,0.208539617418942,-19.));
#9166=CARTESIAN_POINT('',(-9.104,0.208539617418942,-16.841));
#9167=CARTESIAN_POINT('',(-9.104,0.624999999999968,-19.));
#9168=CARTESIAN_POINT('Origin',(-8.596,0.208539617418943,-16.841));
#9169=CARTESIAN_POINT('Origin',(-8.596,0.208539617418943,-19.));
#9170=CARTESIAN_POINT('Origin',(-8.02147311804503,3.09688130035917,-16.841));
#9171=CARTESIAN_POINT('',(-8.49080392056076,3.29128448400063,-19.));
#9172=CARTESIAN_POINT('',(-8.49080392056076,3.29128448400063,-16.841));
#9173=CARTESIAN_POINT('Origin',(-8.02147311804503,3.09688130035917,-19.));
#9174=CARTESIAN_POINT('Origin',(-8.17182211875459,4.06137467607131,-16.841));
#9175=CARTESIAN_POINT('',(-8.33119460740477,3.67661545250288,-19.));
#9176=CARTESIAN_POINT('',(-8.33119460740477,3.67661545250288,-16.841));
#9177=CARTESIAN_POINT('',(-8.17182211875459,4.06137467607131,-19.));
#9178=CARTESIAN_POINT('Origin',(-7.86186380488904,3.48221226886141,-16.841));
#9179=CARTESIAN_POINT('',(-7.76327914280811,3.98055458534918,-19.));
#9180=CARTESIAN_POINT('',(-7.76327914280811,3.98055458534918,-16.841));
#9181=CARTESIAN_POINT('Origin',(-7.86186380488904,3.48221226886141,-19.));
#9182=CARTESIAN_POINT('Origin',(-5.67078157129382,3.56660586141424,-16.841));
#9183=CARTESIAN_POINT('',(-6.30968186742654,3.69299643213992,-19.));
#9184=CARTESIAN_POINT('',(-6.30968186742654,3.69299643213992,-16.841));
#9185=CARTESIAN_POINT('',(-5.67078157129382,3.56660586141424,-19.));
#9186=CARTESIAN_POINT('Origin',(-6.21109720534562,4.19133874862768,-13.031));
#9187=CARTESIAN_POINT('',(-5.8087123079924,3.88125747801941,-16.841));
#9188=CARTESIAN_POINT('',(-5.8087123079924,3.88125747801941,-16.841));
#9189=CARTESIAN_POINT('',(-5.8087123079924,3.88125747801941,-19.));
#9190=CARTESIAN_POINT('',(-5.8087123079924,3.88125747801941,-16.841));
#9191=CARTESIAN_POINT('Origin',(-6.21109720534562,4.19133874862768,-19.));
#9192=CARTESIAN_POINT('Origin',(-6.24917608097348,4.1343496839272,-13.031));
#9193=CARTESIAN_POINT('',(-5.82649453144986,4.41613738360962,-19.));
#9194=CARTESIAN_POINT('',(-5.82649453144986,4.41613738360962,-16.841));
#9195=CARTESIAN_POINT('Origin',(-6.24917608097348,4.1343496839272,-19.));
#9196=CARTESIAN_POINT('',(-5.8087123079924,3.88125747801941,-16.841));
#9197=CARTESIAN_POINT('Origin',(-6.87944187416393,5.99555839768073,-16.841));
#9198=CARTESIAN_POINT('',(-6.6484312182262,5.64904241377413,-19.));
#9199=CARTESIAN_POINT('',(-6.6484312182262,5.64904241377413,-16.841));
#9200=CARTESIAN_POINT('',(-6.87944187416393,5.99555839768073,-19.));
#9201=CARTESIAN_POINT('Origin',(-6.22574966870258,5.93083011345655,-16.841));
#9202=CARTESIAN_POINT('',(-6.58495991354535,6.29004035829932,-19.));
#9203=CARTESIAN_POINT('',(-6.58495991354535,6.29004035829932,-16.841));
#9204=CARTESIAN_POINT('Origin',(-6.22574966870258,5.93083011345655,-19.));
#9205=CARTESIAN_POINT('Origin',(-5.99555839768075,6.87944187416391,-16.841));
#9206=CARTESIAN_POINT('',(-6.29004035829934,6.58495991354532,-19.));
#9207=CARTESIAN_POINT('',(-6.29004035829934,6.58495991354532,-16.841));
#9208=CARTESIAN_POINT('',(-5.99555839768075,6.87944187416391,-19.));
#9209=CARTESIAN_POINT('Origin',(-5.93083011345657,6.22574966870256,-16.841));
#9210=CARTESIAN_POINT('',(-5.64904241377416,6.64843121822618,-19.));
#9211=CARTESIAN_POINT('',(-5.64904241377416,6.64843121822618,-16.841));
#9212=CARTESIAN_POINT('Origin',(-5.93083011345657,6.22574966870256,-19.));
#9213=CARTESIAN_POINT('Origin',(-3.8742380541211,5.46522831179082,-16.841));
#9214=CARTESIAN_POINT('',(-4.41613738360964,5.82649453144984,-19.));
#9215=CARTESIAN_POINT('',(-4.41613738360964,5.82649453144984,-16.841));
#9216=CARTESIAN_POINT('',(-3.8742380541211,5.46522831179082,-19.));
#9217=CARTESIAN_POINT('Origin',(-4.13434968392722,6.24917608097347,-13.031));
#9218=CARTESIAN_POINT('',(-3.88125747801943,5.80871230799239,-16.841));
#9219=CARTESIAN_POINT('',(-3.88125747801943,5.80871230799239,-16.841));
#9220=CARTESIAN_POINT('',(-3.88125747801943,5.80871230799239,-19.));
#9221=CARTESIAN_POINT('',(-3.88125747801943,5.80871230799239,-16.841));
#9222=CARTESIAN_POINT('Origin',(-4.13434968392722,6.24917608097347,-19.));
#9223=CARTESIAN_POINT('Origin',(-4.1913387486277,6.2110972053456,-13.031));
#9224=CARTESIAN_POINT('',(-3.69299643213994,6.30968186742653,-19.));
#9225=CARTESIAN_POINT('',(-3.69299643213994,6.30968186742653,-16.841));
#9226=CARTESIAN_POINT('Origin',(-4.1913387486277,6.2110972053456,-19.));
#9227=CARTESIAN_POINT('',(-3.88125747801943,5.80871230799239,-16.841));
#9228=CARTESIAN_POINT('Origin',(-4.06137467607134,8.17182211875457,-16.841));
#9229=CARTESIAN_POINT('',(-3.98055458534921,7.7632791428081,-19.));
#9230=CARTESIAN_POINT('',(-3.98055458534921,7.7632791428081,-16.841));
#9231=CARTESIAN_POINT('',(-4.06137467607134,8.17182211875457,-19.));
#9232=CARTESIAN_POINT('Origin',(-3.48221226886144,7.86186380488903,-16.841));
#9233=CARTESIAN_POINT('',(-3.67661545250291,8.33119460740476,-19.));
#9234=CARTESIAN_POINT('',(-3.67661545250291,8.33119460740476,-16.841));
#9235=CARTESIAN_POINT('Origin',(-3.48221226886144,7.86186380488903,-19.));
#9236=CARTESIAN_POINT('Origin',(-2.90652526043223,8.65017640921094,-16.841));
#9237=CARTESIAN_POINT('',(-3.29128448400066,8.49080392056075,-19.));
#9238=CARTESIAN_POINT('',(-3.29128448400066,8.49080392056075,-16.841));
#9239=CARTESIAN_POINT('',(-2.90652526043223,8.65017640921094,-19.));
#9240=CARTESIAN_POINT('Origin',(-3.0968813003592,8.02147311804502,-16.841));
#9241=CARTESIAN_POINT('',(-2.67479018594008,8.30414446630732,-19.));
#9242=CARTESIAN_POINT('',(-2.67479018594008,8.30414446630732,-16.841));
#9243=CARTESIAN_POINT('Origin',(-3.0968813003592,8.02147311804502,-19.));
#9244=CARTESIAN_POINT('Origin',(-1.48787691326386,6.53181929411527,-16.841));
#9245=CARTESIAN_POINT('',(-1.85027601552323,7.07296165565097,-19.));
#9246=CARTESIAN_POINT('',(-1.85027601552323,7.07296165565097,-16.841));
#9247=CARTESIAN_POINT('',(-1.48787691326386,6.53181929411527,-19.));
#9248=CARTESIAN_POINT('Origin',(-1.42818490110411,7.35563300391328,-13.031));
#9249=CARTESIAN_POINT('',(-1.36291638070465,6.85184334518171,-16.841));
#9250=CARTESIAN_POINT('',(-1.36291638070465,6.85184334518171,-16.841));
#9251=CARTESIAN_POINT('',(-1.36291638070465,6.85184334518171,-19.));
#9252=CARTESIAN_POINT('',(-1.36291638070465,6.85184334518171,-16.841));
#9253=CARTESIAN_POINT('Origin',(-1.42818490110411,7.35563300391328,-19.));
#9254=CARTESIAN_POINT('Origin',(-1.49540808638373,7.34226148098651,-13.031));
#9255=CARTESIAN_POINT('',(-0.997273103132738,7.24263448433631,-19.));
#9256=CARTESIAN_POINT('',(-0.997273103132738,7.24263448433631,-16.841));
#9257=CARTESIAN_POINT('Origin',(-1.49540808638373,7.34226148098651,-19.));
#9258=CARTESIAN_POINT('',(-1.36291638070465,6.85184334518171,-16.841));
#9259=CARTESIAN_POINT('Origin',(-0.625,9.104,-16.841));
#9260=CARTESIAN_POINT('',(-0.706674600669961,8.6956269966502,-19.));
#9261=CARTESIAN_POINT('',(-0.706674600669961,8.6956269966502,-16.841));
#9262=CARTESIAN_POINT('',(-0.625,9.104,-19.));
#9263=CARTESIAN_POINT('Origin',(-0.208539617418973,8.596,-16.841));
#9264=CARTESIAN_POINT('',(-0.208539617418973,9.104,-19.));
#9265=CARTESIAN_POINT('',(-0.208539617418973,9.104,-16.841));
#9266=CARTESIAN_POINT('Origin',(-0.208539617418973,8.596,-19.));
#9267=CARTESIAN_POINT('Origin',(0.625,9.104,-16.841));
#9268=CARTESIAN_POINT('',(0.208539617418973,9.104,-19.));
#9269=CARTESIAN_POINT('',(0.208539617418973,9.104,-16.841));
#9270=CARTESIAN_POINT('',(0.625,9.104,-19.));
#9271=CARTESIAN_POINT('Origin',(0.208539617418973,8.596,-16.841));
#9272=CARTESIAN_POINT('Origin',(0.208539617418973,8.596,-19.));
#9273=CARTESIAN_POINT('Origin',(3.09688130035908,8.02147311804506,-16.841));
#9274=CARTESIAN_POINT('',(3.29128448400054,8.4908039205608,-19.));
#9275=CARTESIAN_POINT('',(3.29128448400054,8.4908039205608,-16.841));
#9276=CARTESIAN_POINT('Origin',(3.09688130035908,8.02147311804506,-19.));
#9277=CARTESIAN_POINT('Origin',(4.06137467607122,8.17182211875463,-16.841));
#9278=CARTESIAN_POINT('',(3.67661545250279,8.33119460740481,-19.));
#9279=CARTESIAN_POINT('',(3.67661545250279,8.33119460740481,-16.841));
#9280=CARTESIAN_POINT('',(4.06137467607122,8.17182211875463,-19.));
#9281=CARTESIAN_POINT('Origin',(7.35563300391326,1.42818490110419,-16.841));
#9282=CARTESIAN_POINT('',(6.85694602059711,1.33135880611408,-16.841));
#9283=CARTESIAN_POINT('Origin',(7.35563300391326,1.42818490110419,-16.841));
#9284=CARTESIAN_POINT('',(6.85694602059711,1.33135880611408,-19.));
#9285=CARTESIAN_POINT('',(6.85694602059711,1.33135880611408,-16.841));
#9286=CARTESIAN_POINT('Origin',(7.35563300391326,1.42818490110419,-19.));
#9287=CARTESIAN_POINT('Origin',(6.24917608097342,4.13434968392729,-16.841));
#9288=CARTESIAN_POINT('',(5.82550312633116,3.85405479010171,-16.841));
#9289=CARTESIAN_POINT('',(5.80871230799235,3.88125747801948,-16.841));
#9290=CARTESIAN_POINT('Origin',(6.24917608097342,4.13434968392729,-16.841));
#9291=CARTESIAN_POINT('',(5.80871230799235,3.88125747801948,-19.));
#9292=CARTESIAN_POINT('',(5.80871230799235,3.88125747801948,-16.841));
#9293=CARTESIAN_POINT('',(5.82550312633116,3.85405479010171,-19.));
#9294=CARTESIAN_POINT('Origin',(6.24917608097342,4.13434968392729,-19.));
#9295=CARTESIAN_POINT('',(5.82550312633116,3.85405479010171,-16.841));
#9296=CARTESIAN_POINT('Origin',(6.24917608097342,4.13434968392729,-16.841));
#9297=CARTESIAN_POINT('Origin',(6.24917608097342,4.13434968392729,-19.));
#9298=CARTESIAN_POINT('',(5.80871230799235,3.88125747801948,-16.841));
#9299=CARTESIAN_POINT('Origin',(4.19133874862761,6.21109720534566,-16.841));
#9300=CARTESIAN_POINT('',(3.90718018939862,5.79000586939003,-16.841));
#9301=CARTESIAN_POINT('',(3.88125747801934,5.80871230799244,-16.841));
#9302=CARTESIAN_POINT('Origin',(4.19133874862761,6.21109720534566,-16.841));
#9303=CARTESIAN_POINT('',(3.88125747801934,5.80871230799244,-19.));
#9304=CARTESIAN_POINT('',(3.88125747801934,5.80871230799244,-16.841));
#9305=CARTESIAN_POINT('',(3.90718018939862,5.79000586939003,-19.));
#9306=CARTESIAN_POINT('Origin',(4.19133874862761,6.21109720534566,-19.));
#9307=CARTESIAN_POINT('',(3.90718018939862,5.79000586939003,-16.841));
#9308=CARTESIAN_POINT('Origin',(4.19133874862761,6.21109720534566,-16.841));
#9309=CARTESIAN_POINT('Origin',(4.19133874862761,6.21109720534566,-19.));
#9310=CARTESIAN_POINT('',(3.88125747801934,5.80871230799244,-16.841));
#9311=CARTESIAN_POINT('Origin',(1.42818490110401,7.3556330039133,-16.841));
#9312=CARTESIAN_POINT('',(1.33135880611391,6.85694602059714,-16.841));
#9313=CARTESIAN_POINT('Origin',(1.42818490110401,7.3556330039133,-16.841));
#9314=CARTESIAN_POINT('',(1.33135880611391,6.85694602059714,-19.));
#9315=CARTESIAN_POINT('Origin',(1.42818490110401,7.3556330039133,-19.));
#9316=CARTESIAN_POINT('',(1.33135880611391,6.85694602059714,-16.841));
#9317=CARTESIAN_POINT('Origin',(1.42818490110401,7.3556330039133,-16.841));
#9318=CARTESIAN_POINT('Origin',(1.42818490110401,7.3556330039133,-19.));
#9319=CARTESIAN_POINT('Origin',(-1.42818490110411,7.35563300391328,-16.841));
#9320=CARTESIAN_POINT('',(-1.331358806114,6.85694602059712,-16.841));
#9321=CARTESIAN_POINT('Origin',(-1.42818490110411,7.35563300391328,-16.841));
#9322=CARTESIAN_POINT('',(-1.331358806114,6.85694602059712,-19.));
#9323=CARTESIAN_POINT('Origin',(-1.42818490110411,7.35563300391328,-19.));
#9324=CARTESIAN_POINT('',(-1.331358806114,6.85694602059712,-16.841));
#9325=CARTESIAN_POINT('Origin',(-1.42818490110411,7.35563300391328,-16.841));
#9326=CARTESIAN_POINT('Origin',(-1.42818490110411,7.35563300391328,-19.));
#9327=CARTESIAN_POINT('Origin',(-4.13434968392722,6.24917608097347,-16.841));
#9328=CARTESIAN_POINT('',(-3.85405479010165,5.8255031263312,-16.841));
#9329=CARTESIAN_POINT('Origin',(-4.13434968392722,6.24917608097347,-16.841));
#9330=CARTESIAN_POINT('',(-3.85405479010165,5.8255031263312,-19.));
#9331=CARTESIAN_POINT('Origin',(-4.13434968392722,6.24917608097347,-19.));
#9332=CARTESIAN_POINT('',(-3.85405479010165,5.8255031263312,-16.841));
#9333=CARTESIAN_POINT('Origin',(-4.13434968392722,6.24917608097347,-16.841));
#9334=CARTESIAN_POINT('Origin',(-4.13434968392722,6.24917608097347,-19.));
#9335=CARTESIAN_POINT('Origin',(-6.21109720534562,4.19133874862768,-16.841));
#9336=CARTESIAN_POINT('',(-5.79000586938998,3.90718018939869,-16.841));
#9337=CARTESIAN_POINT('Origin',(-6.21109720534562,4.19133874862768,-16.841));
#9338=CARTESIAN_POINT('',(-5.79000586938998,3.90718018939869,-19.));
#9339=CARTESIAN_POINT('Origin',(-6.21109720534562,4.19133874862768,-19.));
#9340=CARTESIAN_POINT('',(-5.79000586938998,3.90718018939869,-16.841));
#9341=CARTESIAN_POINT('Origin',(-6.21109720534562,4.19133874862768,-16.841));
#9342=CARTESIAN_POINT('Origin',(-6.21109720534562,4.19133874862768,-19.));
#9343=CARTESIAN_POINT('Origin',(-7.34226148098651,1.4954080863837,-16.841));
#9344=CARTESIAN_POINT('',(-6.8444810415976,1.39402448730684,-16.841));
#9345=CARTESIAN_POINT('Origin',(-7.34226148098651,1.4954080863837,-16.841));
#9346=CARTESIAN_POINT('',(-6.8444810415976,1.39402448730684,-19.));
#9347=CARTESIAN_POINT('Origin',(-7.34226148098651,1.4954080863837,-19.));
#9348=CARTESIAN_POINT('',(-6.8444810415976,1.39402448730684,-16.841));
#9349=CARTESIAN_POINT('Origin',(-7.34226148098651,1.4954080863837,-16.841));
#9350=CARTESIAN_POINT('Origin',(-7.34226148098651,1.4954080863837,-19.));
#9351=CARTESIAN_POINT('Origin',(-7.35563300391327,-1.42818490110414,-16.841));
#9352=CARTESIAN_POINT('',(-6.85694602059712,-1.33135880611403,-16.841));
#9353=CARTESIAN_POINT('Origin',(-7.35563300391327,-1.42818490110414,-16.841));
#9354=CARTESIAN_POINT('',(-6.85694602059712,-1.33135880611403,-19.));
#9355=CARTESIAN_POINT('Origin',(-7.35563300391327,-1.42818490110414,-19.));
#9356=CARTESIAN_POINT('',(-6.85694602059712,-1.33135880611403,-16.841));
#9357=CARTESIAN_POINT('Origin',(-7.35563300391327,-1.42818490110414,-16.841));
#9358=CARTESIAN_POINT('Origin',(-7.35563300391327,-1.42818490110414,-19.));
#9359=CARTESIAN_POINT('Origin',(-6.24917608097345,-4.13434968392724,-16.841));
#9360=CARTESIAN_POINT('',(-5.82550312633118,-3.85405479010167,-16.841));
#9361=CARTESIAN_POINT('Origin',(-6.24917608097345,-4.13434968392724,-16.841));
#9362=CARTESIAN_POINT('',(-5.82550312633118,-3.85405479010167,-19.));
#9363=CARTESIAN_POINT('Origin',(-6.24917608097345,-4.13434968392724,-19.));
#9364=CARTESIAN_POINT('',(-5.82550312633118,-3.85405479010167,-16.841));
#9365=CARTESIAN_POINT('Origin',(-6.24917608097345,-4.13434968392724,-16.841));
#9366=CARTESIAN_POINT('Origin',(-6.24917608097345,-4.13434968392724,-19.));
#9367=CARTESIAN_POINT('Origin',(-4.19133874862766,-6.21109720534563,-16.841));
#9368=CARTESIAN_POINT('',(-3.90718018939867,-5.79000586939,-16.841));
#9369=CARTESIAN_POINT('Origin',(-4.19133874862766,-6.21109720534563,-16.841));
#9370=CARTESIAN_POINT('',(-3.90718018939867,-5.79000586939,-19.));
#9371=CARTESIAN_POINT('Origin',(-4.19133874862766,-6.21109720534563,-19.));
#9372=CARTESIAN_POINT('',(-3.90718018939867,-5.79000586939,-16.841));
#9373=CARTESIAN_POINT('Origin',(-4.19133874862766,-6.21109720534563,-16.841));
#9374=CARTESIAN_POINT('Origin',(-4.19133874862766,-6.21109720534563,-19.));
#9375=CARTESIAN_POINT('Origin',(-1.49540808638373,-7.34226148098651,-16.841));
#9376=CARTESIAN_POINT('',(-1.39402448730686,-6.84448104159759,-16.841));
#9377=CARTESIAN_POINT('',(-1.36291638070463,-6.85184334518172,-16.841));
#9378=CARTESIAN_POINT('Origin',(-1.49540808638373,-7.34226148098651,-16.841));
#9379=CARTESIAN_POINT('',(-1.36291638070463,-6.85184334518172,-19.));
#9380=CARTESIAN_POINT('',(-1.36291638070463,-6.85184334518172,-16.841));
#9381=CARTESIAN_POINT('',(-1.39402448730686,-6.84448104159759,-19.));
#9382=CARTESIAN_POINT('Origin',(-1.49540808638373,-7.34226148098651,-19.));
#9383=CARTESIAN_POINT('',(-1.39402448730686,-6.84448104159759,-16.841));
#9384=CARTESIAN_POINT('Origin',(-1.49540808638373,-7.34226148098651,-16.841));
#9385=CARTESIAN_POINT('Origin',(-1.49540808638373,-7.34226148098651,-19.));
#9386=CARTESIAN_POINT('',(-1.36291638070463,-6.85184334518172,-16.841));
#9387=CARTESIAN_POINT('Origin',(1.42818490110417,-7.35563300391326,-16.841));
#9388=CARTESIAN_POINT('',(1.33135880611405,-6.85694602059711,-16.841));
#9389=CARTESIAN_POINT('Origin',(1.42818490110417,-7.35563300391326,-16.841));
#9390=CARTESIAN_POINT('',(1.33135880611405,-6.85694602059711,-19.));
#9391=CARTESIAN_POINT('Origin',(1.42818490110417,-7.35563300391326,-19.));
#9392=CARTESIAN_POINT('',(1.33135880611405,-6.85694602059711,-16.841));
#9393=CARTESIAN_POINT('Origin',(1.42818490110417,-7.35563300391326,-16.841));
#9394=CARTESIAN_POINT('Origin',(1.42818490110417,-7.35563300391326,-19.));
#9395=CARTESIAN_POINT('Origin',(4.13434968392727,-6.24917608097344,-16.841));
#9396=CARTESIAN_POINT('',(3.85405479010169,-5.82550312633117,-16.841));
#9397=CARTESIAN_POINT('',(3.88125747801947,-5.80871230799236,-16.841));
#9398=CARTESIAN_POINT('Origin',(4.13434968392727,-6.24917608097344,-16.841));
#9399=CARTESIAN_POINT('',(3.88125747801947,-5.80871230799236,-19.));
#9400=CARTESIAN_POINT('',(3.88125747801947,-5.80871230799236,-16.841));
#9401=CARTESIAN_POINT('',(3.85405479010169,-5.82550312633117,-19.));
#9402=CARTESIAN_POINT('Origin',(4.13434968392727,-6.24917608097344,-19.));
#9403=CARTESIAN_POINT('',(3.85405479010169,-5.82550312633117,-16.841));
#9404=CARTESIAN_POINT('Origin',(4.13434968392727,-6.24917608097344,-16.841));
#9405=CARTESIAN_POINT('Origin',(4.13434968392727,-6.24917608097344,-19.));
#9406=CARTESIAN_POINT('',(3.88125747801947,-5.80871230799236,-16.841));
#9407=CARTESIAN_POINT('Origin',(6.21109720534565,-4.19133874862764,-16.841));
#9408=CARTESIAN_POINT('',(5.79000586939001,-3.90718018939864,-16.841));
#9409=CARTESIAN_POINT('',(5.80871230799242,-3.88125747801938,-16.841));
#9410=CARTESIAN_POINT('Origin',(6.21109720534565,-4.19133874862764,-16.841));
#9411=CARTESIAN_POINT('',(5.80871230799242,-3.88125747801938,-19.));
#9412=CARTESIAN_POINT('',(5.80871230799242,-3.88125747801938,-16.841));
#9413=CARTESIAN_POINT('',(5.79000586939001,-3.90718018939864,-19.));
#9414=CARTESIAN_POINT('Origin',(6.21109720534565,-4.19133874862764,-19.));
#9415=CARTESIAN_POINT('',(5.79000586939001,-3.90718018939864,-16.841));
#9416=CARTESIAN_POINT('Origin',(6.21109720534565,-4.19133874862764,-16.841));
#9417=CARTESIAN_POINT('Origin',(6.21109720534565,-4.19133874862764,-19.));
#9418=CARTESIAN_POINT('',(5.80871230799242,-3.88125747801938,-16.841));
#9419=CARTESIAN_POINT('Origin',(7.34226148098652,-1.49540808638365,-16.841));
#9420=CARTESIAN_POINT('',(6.84448104159761,-1.39402448730679,-16.841));
#9421=CARTESIAN_POINT('',(6.85184334518173,-1.36291638070457,-16.841));
#9422=CARTESIAN_POINT('Origin',(7.34226148098652,-1.49540808638365,-16.841));
#9423=CARTESIAN_POINT('',(6.85184334518173,-1.36291638070457,-19.));
#9424=CARTESIAN_POINT('',(6.85184334518173,-1.36291638070457,-16.841));
#9425=CARTESIAN_POINT('',(6.84448104159761,-1.39402448730679,-19.));
#9426=CARTESIAN_POINT('Origin',(7.34226148098652,-1.49540808638365,-19.));
#9427=CARTESIAN_POINT('',(6.84448104159761,-1.39402448730679,-16.841));
#9428=CARTESIAN_POINT('Origin',(7.34226148098652,-1.49540808638365,-16.841));
#9429=CARTESIAN_POINT('Origin',(7.34226148098652,-1.49540808638365,-19.));
#9430=CARTESIAN_POINT('',(6.85184334518173,-1.36291638070457,-16.841));
#9431=CARTESIAN_POINT('Origin',(7.35563300391326,1.42818490110419,-16.841));
#9432=CARTESIAN_POINT('',(6.8518433451817,1.36291638070473,-16.841));
#9433=CARTESIAN_POINT('Origin',(7.35563300391326,1.42818490110419,-19.));
#9434=CARTESIAN_POINT('Origin',(9.10399999999999,0.625000000000095,-19.));
#9435=CARTESIAN_POINT('',(7.2426344843363,0.997273103132814,-19.));
#9436=CARTESIAN_POINT('Origin',(7.34226148098649,1.4954080863838,-19.));
#9437=CARTESIAN_POINT('',(8.69562699665019,0.706674600670052,-19.));
#9438=CARTESIAN_POINT('',(9.10399999999999,0.625000000000095,-19.));
#9439=CARTESIAN_POINT('',(9.104,0.208539617419068,-19.));
#9440=CARTESIAN_POINT('Origin',(8.596,0.208539617419063,-19.));
#9441=CARTESIAN_POINT('',(9.104,-0.208539617418878,-19.));
#9442=CARTESIAN_POINT('',(9.10400000000001,-0.624999999999905,-19.));
#9443=CARTESIAN_POINT('',(8.69562699665021,-0.70667460066987,-19.));
#9444=CARTESIAN_POINT('Origin',(8.596,-0.208539617418883,-19.));
#9445=CARTESIAN_POINT('',(7.24263448433632,-0.997273103132662,-19.));
#9446=CARTESIAN_POINT('',(6.60400000000001,-1.12499999999993,-19.));
#9447=CARTESIAN_POINT('Origin',(7.34226148098652,-1.49540808638365,-19.));
#9448=CARTESIAN_POINT('Origin',(7.35563300391329,-1.42818490110404,-19.));
#9449=CARTESIAN_POINT('',(8.49080392056078,-3.29128448400057,-19.));
#9450=CARTESIAN_POINT('Origin',(8.02147311804505,-3.09688130035911,-19.));
#9451=CARTESIAN_POINT('',(8.3311946074048,-3.67661545250282,-19.));
#9452=CARTESIAN_POINT('',(8.17182211875462,-4.06137467607125,-19.));
#9453=CARTESIAN_POINT('',(7.76327914280814,-3.98055458534912,-19.));
#9454=CARTESIAN_POINT('Origin',(7.86186380488906,-3.48221226886136,-19.));
#9455=CARTESIAN_POINT('',(6.30968186742657,-3.69299643213987,-19.));
#9456=CARTESIAN_POINT('',(5.67078157129385,-3.56660586141419,-19.));
#9457=CARTESIAN_POINT('Origin',(6.21109720534565,-4.19133874862764,-19.));
#9458=CARTESIAN_POINT('',(5.82649453144989,-4.41613738360958,-19.));
#9459=CARTESIAN_POINT('Origin',(6.24917608097351,-4.13434968392716,-19.));
#9460=CARTESIAN_POINT('',(6.64843121822624,-5.64904241377409,-19.));
#9461=CARTESIAN_POINT('',(6.87944187416397,-5.99555839768068,-19.));
#9462=CARTESIAN_POINT('',(6.58495991354539,-6.29004035829927,-19.));
#9463=CARTESIAN_POINT('Origin',(6.22574966870262,-5.93083011345651,-19.));
#9464=CARTESIAN_POINT('',(6.29004035829938,-6.58495991354528,-19.));
#9465=CARTESIAN_POINT('',(5.9955583976808,-6.87944187416387,-19.));
#9466=CARTESIAN_POINT('',(5.6490424137742,-6.64843121822614,-19.));
#9467=CARTESIAN_POINT('Origin',(5.93083011345661,-6.22574966870252,-19.));
#9468=CARTESIAN_POINT('',(4.41613738360968,-5.82649453144981,-19.));
#9469=CARTESIAN_POINT('',(3.87423805412114,-5.46522831179079,-19.));
#9470=CARTESIAN_POINT('Origin',(4.13434968392727,-6.24917608097344,-19.));
#9471=CARTESIAN_POINT('',(3.69299643213998,-6.3096818674265,-19.));
#9472=CARTESIAN_POINT('Origin',(4.19133874862775,-6.21109720534557,-19.));
#9473=CARTESIAN_POINT('',(3.98055458534926,-7.76327914280807,-19.));
#9474=CARTESIAN_POINT('',(4.0613746760714,-8.17182211875454,-19.));
#9475=CARTESIAN_POINT('',(3.67661545250297,-8.33119460740473,-19.));
#9476=CARTESIAN_POINT('Origin',(3.4822122688615,-7.861863804889,-19.));
#9477=CARTESIAN_POINT('',(3.29128448400072,-8.49080392056073,-19.));
#9478=CARTESIAN_POINT('',(2.90652526043229,-8.65017640921091,-19.));
#9479=CARTESIAN_POINT('Origin',(3.09688130035925,-8.02147311804499,-19.));
#9480=CARTESIAN_POINT('',(0.208539617418973,-9.104,-19.));
#9481=CARTESIAN_POINT('Origin',(0.208539617418973,-8.596,-19.));
#9482=CARTESIAN_POINT('',(-0.208539617418973,-9.104,-19.));
#9483=CARTESIAN_POINT('',(-0.625,-9.104,-19.));
#9484=CARTESIAN_POINT('Origin',(-0.208539617418973,-8.596,-19.));
#9485=CARTESIAN_POINT('Origin',(-1.49540808638373,-7.34226148098651,-19.));
#9486=CARTESIAN_POINT('',(-1.85027601552318,-7.07296165565099,-19.));
#9487=CARTESIAN_POINT('Origin',(-1.42818490110407,-7.35563300391329,-19.));
#9488=CARTESIAN_POINT('',(-2.90652526043217,-8.65017640921095,-19.));
#9489=CARTESIAN_POINT('',(3.98055458534909,7.76327914280816,-19.));
#9490=CARTESIAN_POINT('Origin',(3.48221226886133,7.86186380488907,-19.));
#9491=CARTESIAN_POINT('',(3.69299643213985,6.30968186742658,-19.));
#9492=CARTESIAN_POINT('',(3.56660586141417,5.67078157129386,-19.));
#9493=CARTESIAN_POINT('Origin',(4.19133874862761,6.21109720534566,-19.));
#9494=CARTESIAN_POINT('',(4.41613738360956,5.8264945314499,-19.));
#9495=CARTESIAN_POINT('Origin',(4.13434968392713,6.24917608097352,-19.));
#9496=CARTESIAN_POINT('',(5.64904241377406,6.64843121822626,-19.));
#9497=CARTESIAN_POINT('',(5.99555839768065,6.879441874164,-19.));
#9498=CARTESIAN_POINT('',(6.29004035829924,6.58495991354541,-19.));
#9499=CARTESIAN_POINT('Origin',(5.93083011345648,6.22574966870264,-19.));
#9500=CARTESIAN_POINT('',(6.58495991354526,6.29004035829941,-19.));
#9501=CARTESIAN_POINT('',(6.87944187416385,5.99555839768082,-19.));
#9502=CARTESIAN_POINT('',(6.64843121822612,5.64904241377422,-19.));
#9503=CARTESIAN_POINT('Origin',(6.22574966870249,5.93083011345664,-19.));
#9504=CARTESIAN_POINT('',(5.82649453144979,4.4161373836097,-19.));
#9505=CARTESIAN_POINT('',(5.46522831179078,3.87423805412116,-19.));
#9506=CARTESIAN_POINT('Origin',(6.24917608097342,4.13434968392729,-19.));
#9507=CARTESIAN_POINT('',(6.30968186742649,3.69299643214,-19.));
#9508=CARTESIAN_POINT('Origin',(6.21109720534556,4.19133874862777,-19.));
#9509=CARTESIAN_POINT('',(7.76327914280806,3.98055458534928,-19.));
#9510=CARTESIAN_POINT('',(8.17182211875453,4.06137467607142,-19.));
#9511=CARTESIAN_POINT('',(8.33119460740472,3.67661545250299,-19.));
#9512=CARTESIAN_POINT('Origin',(7.86186380488899,3.48221226886152,-19.));
#9513=CARTESIAN_POINT('',(8.49080392056072,3.29128448400075,-19.));
#9514=CARTESIAN_POINT('',(8.65017640921091,2.90652526043232,-19.));
#9515=CARTESIAN_POINT('Origin',(8.02147311804499,3.09688130035928,-19.));
#9516=CARTESIAN_POINT('Origin',(5.93083011345648,6.22574966870264,-16.841));
#9517=CARTESIAN_POINT('',(6.29004035829924,6.58495991354541,-16.841));
#9518=CARTESIAN_POINT('',(5.64904241377406,6.64843121822626,-16.841));
#9519=CARTESIAN_POINT('Origin',(4.13434968392713,6.24917608097352,-13.031));
#9520=CARTESIAN_POINT('',(4.41613738360956,5.8264945314499,-16.841));
#9521=CARTESIAN_POINT('',(3.88125747801934,5.80871230799244,-16.841));
#9522=CARTESIAN_POINT('Origin',(7.86186380488899,3.48221226886152,-16.841));
#9523=CARTESIAN_POINT('',(8.33119460740472,3.67661545250299,-16.841));
#9524=CARTESIAN_POINT('',(7.76327914280806,3.98055458534928,-16.841));
#9525=CARTESIAN_POINT('Origin',(6.21109720534556,4.19133874862777,-13.031));
#9526=CARTESIAN_POINT('',(6.30968186742649,3.69299643214,-16.841));
#9527=CARTESIAN_POINT('',(5.80871230799235,3.88125747801948,-16.841));
#9528=CARTESIAN_POINT('Origin',(7.34226148098652,-1.49540808638365,-13.031));
#9529=CARTESIAN_POINT('',(6.85184334518173,-1.36291638070457,-16.841));
#9530=CARTESIAN_POINT('',(7.24263448433632,-0.997273103132662,-16.841));
#9531=CARTESIAN_POINT('Origin',(8.596,-0.208539617418883,-16.841));
#9532=CARTESIAN_POINT('',(8.6956269966502,-0.70667460066987,-16.841));
#9533=CARTESIAN_POINT('',(9.104,-0.208539617418878,-16.841));
#9534=CARTESIAN_POINT('Origin',(8.596,0.208539617419063,-16.841));
#9535=CARTESIAN_POINT('',(9.104,0.208539617419068,-16.841));
#9536=CARTESIAN_POINT('',(8.69562699665019,0.706674600670052,-16.841));
#9537=CARTESIAN_POINT('Origin',(7.34226148098649,1.4954080863838,-13.031));
#9538=CARTESIAN_POINT('',(7.2426344843363,0.997273103132814,-16.841));
#9539=CARTESIAN_POINT('Origin',(6.21109720534565,-4.19133874862764,-13.031));
#9540=CARTESIAN_POINT('',(5.80871230799242,-3.88125747801938,-16.841));
#9541=CARTESIAN_POINT('',(6.30968186742657,-3.69299643213987,-16.841));
#9542=CARTESIAN_POINT('Origin',(7.86186380488906,-3.48221226886136,-16.841));
#9543=CARTESIAN_POINT('',(7.76327914280814,-3.98055458534912,-16.841));
#9544=CARTESIAN_POINT('',(8.3311946074048,-3.67661545250282,-16.841));
#9545=CARTESIAN_POINT('Origin',(4.13434968392727,-6.24917608097344,-13.031));
#9546=CARTESIAN_POINT('',(3.88125747801947,-5.80871230799236,-16.841));
#9547=CARTESIAN_POINT('',(4.41613738360968,-5.82649453144981,-16.841));
#9548=CARTESIAN_POINT('Origin',(5.93083011345661,-6.22574966870252,-16.841));
#9549=CARTESIAN_POINT('',(5.6490424137742,-6.64843121822614,-16.841));
#9550=CARTESIAN_POINT('',(6.29004035829938,-6.58495991354528,-16.841));
#9551=CARTESIAN_POINT('Origin',(3.09688130035925,-8.02147311804499,-16.841));
#9552=CARTESIAN_POINT('',(3.29128448400072,-8.49080392056073,-16.841));
#9553=CARTESIAN_POINT('Origin',(-1.49540808638373,-7.34226148098651,-13.031));
#9554=CARTESIAN_POINT('',(-1.36291638070463,-6.85184334518172,-16.841));
#9555=CARTESIAN_POINT('Origin',(-0.208539617418973,-8.596,-16.841));
#9556=CARTESIAN_POINT('',(-0.208539617418973,-9.104,-16.841));
#9557=CARTESIAN_POINT('Origin',(0.208539617418973,-8.596,-16.841));
#9558=CARTESIAN_POINT('',(0.208539617418973,-9.104,-16.841));
#9559=CARTESIAN_POINT('Origin',(-1.42818490110407,-7.35563300391329,-13.031));
#9560=CARTESIAN_POINT('',(-1.85027601552318,-7.07296165565099,-16.841));
#9561=CARTESIAN_POINT('Origin',(3.56660586141417,5.67078157129386,-16.841));
#9562=CARTESIAN_POINT('',(3.69299643213985,6.30968186742658,-16.841));
#9563=CARTESIAN_POINT('',(3.98055458534909,7.76327914280816,-16.841));
#9564=CARTESIAN_POINT('Origin',(6.87944187416385,5.99555839768082,-16.841));
#9565=CARTESIAN_POINT('',(6.58495991354526,6.29004035829941,-16.841));
#9566=CARTESIAN_POINT('Origin',(5.99555839768065,6.879441874164,-16.841));
#9567=CARTESIAN_POINT('Origin',(5.46522831179078,3.87423805412116,-16.841));
#9568=CARTESIAN_POINT('',(5.82649453144979,4.4161373836097,-16.841));
#9569=CARTESIAN_POINT('',(6.64843121822612,5.64904241377422,-16.841));
#9570=CARTESIAN_POINT('Origin',(8.65017640921091,2.90652526043232,-16.841));
#9571=CARTESIAN_POINT('',(8.49080392056072,3.29128448400075,-16.841));
#9572=CARTESIAN_POINT('Origin',(8.17182211875453,4.06137467607142,-16.841));
#9573=CARTESIAN_POINT('Origin',(9.10400000000001,-0.624999999999905,-16.841));
#9574=CARTESIAN_POINT('Origin',(9.10399999999999,0.625000000000095,-16.841));
#9575=CARTESIAN_POINT('Origin',(6.60400000000001,-1.12499999999993,-16.841));
#9576=CARTESIAN_POINT('Origin',(8.17182211875462,-4.06137467607125,-16.841));
#9577=CARTESIAN_POINT('',(8.49080392056079,-3.29128448400057,-16.841));
#9578=CARTESIAN_POINT('Origin',(5.67078157129385,-3.56660586141419,-16.841));
#9579=CARTESIAN_POINT('Origin',(5.9955583976808,-6.87944187416387,-16.841));
#9580=CARTESIAN_POINT('',(6.58495991354539,-6.29004035829927,-16.841));
#9581=CARTESIAN_POINT('Origin',(6.87944187416397,-5.99555839768068,-16.841));
#9582=CARTESIAN_POINT('',(6.64843121822624,-5.64904241377409,-16.841));
#9583=CARTESIAN_POINT('',(5.82649453144989,-4.41613738360958,-16.841));
#9584=CARTESIAN_POINT('Origin',(3.87423805412114,-5.46522831179079,-16.841));
#9585=CARTESIAN_POINT('Origin',(2.90652526043229,-8.65017640921091,-16.841));
#9586=CARTESIAN_POINT('',(3.67661545250297,-8.33119460740473,-16.841));
#9587=CARTESIAN_POINT('Origin',(4.0613746760714,-8.17182211875454,-16.841));
#9588=CARTESIAN_POINT('',(3.98055458534926,-7.76327914280807,-16.841));
#9589=CARTESIAN_POINT('',(3.69299643213999,-6.3096818674265,-16.841));
#9590=CARTESIAN_POINT('Origin',(-0.625,-9.104,-16.841));
#9591=CARTESIAN_POINT('Origin',(-2.90652526043217,-8.65017640921095,-16.841));
#9592=CARTESIAN_POINT('Origin',(4.19133874862775,-6.21109720534557,-13.031));
#9593=CARTESIAN_POINT('Origin',(3.4822122688615,-7.861863804889,-16.841));
#9594=CARTESIAN_POINT('Origin',(6.24917608097351,-4.13434968392716,-13.031));
#9595=CARTESIAN_POINT('Origin',(6.22574966870262,-5.93083011345651,-16.841));
#9596=CARTESIAN_POINT('Origin',(7.35563300391329,-1.42818490110404,-13.031));
#9597=CARTESIAN_POINT('Origin',(8.02147311804505,-3.09688130035911,-16.841));
#9598=CARTESIAN_POINT('Origin',(8.02147311804499,3.09688130035928,-16.841));
#9599=CARTESIAN_POINT('Origin',(6.22574966870249,5.93083011345664,-16.841));
#9600=CARTESIAN_POINT('Origin',(6.24917608097342,4.13434968392729,-13.031));
#9601=CARTESIAN_POINT('Origin',(3.48221226886133,7.86186380488907,-16.841));
#9602=CARTESIAN_POINT('Origin',(4.19133874862761,6.21109720534566,-13.031));
#9603=CARTESIAN_POINT('Origin',(-21.6309523793744,-22.6021709816548,-27.6002299067104));
#9604=CARTESIAN_POINT('',(-21.630952379372,-10.7021709816547,-27.6002299067104));
#9605=CARTESIAN_POINT('',(-21.630952379372,-22.6021709816548,-27.6002299067104));
#9606=CARTESIAN_POINT('',(-21.6309523793744,-16.9271709816547,-27.6002299067104));
#9607=CARTESIAN_POINT('',(-21.6309523793723,-10.7021709816547,-27.0502299067104));
#9608=CARTESIAN_POINT('',(-21.630952379372,-10.7021709816547,-27.6002299067104));
#9609=CARTESIAN_POINT('',(-21.6309523793723,-22.6021709816548,-27.0502299067104));
#9610=CARTESIAN_POINT('',(-21.6309523793747,-16.9271709816547,-27.0502299067104));
#9611=CARTESIAN_POINT('',(-21.630952379372,-22.6021709816548,-27.6002299067104));
#9612=CARTESIAN_POINT('Origin',(-23.4809523793723,-17.2021709816547,-27.0502299067088));
#9613=CARTESIAN_POINT('',(-22.9309523793739,-10.7021709816547,-27.0502299067085));
#9614=CARTESIAN_POINT('',(-21.9309523793723,-10.7021709816547,-27.0502299067104));
#9615=CARTESIAN_POINT('',(-22.9309523793723,-22.6021709816548,-27.0502299067076));
#9616=CARTESIAN_POINT('',(-22.9309523793739,-17.2021709816547,-27.0502299067085));
#9617=CARTESIAN_POINT('',(-25.0819523793724,-22.6021709816546,-27.050229906712));
#9618=CARTESIAN_POINT('Origin',(-22.9309523793757,-17.2021709816547,-23.8002299067076));
#9619=CARTESIAN_POINT('',(-22.9309523793749,-10.7021709816547,-22.3002299067076));
#9620=CARTESIAN_POINT('',(-22.9309523793732,-10.7021709816547,-25.4502299067076));
#9621=CARTESIAN_POINT('',(-22.9309523793748,-22.6021709816548,-22.3002299067076));
#9622=CARTESIAN_POINT('',(-22.9309523793749,-17.2021709816547,-22.3002299067076));
#9623=CARTESIAN_POINT('',(-22.9309523793742,-22.6021709816546,-23.5702299067075));
#9624=CARTESIAN_POINT('Origin',(16.1170476206289,-10.702170981655,-27.6002299066877));
#9625=CARTESIAN_POINT('',(16.1170476206263,-22.602170981655,-27.6002299066877));
#9626=CARTESIAN_POINT('',(16.1170476206263,-10.702170981655,-27.6002299066877));
#9627=CARTESIAN_POINT('',(16.1170476206289,-16.9271709816549,-27.6002299066877));
#9628=CARTESIAN_POINT('',(16.117047620626,-22.602170981655,-27.0502299066877));
#9629=CARTESIAN_POINT('',(16.1170476206263,-22.602170981655,-27.6002299066877));
#9630=CARTESIAN_POINT('',(16.117047620626,-10.702170981655,-27.0502299066877));
#9631=CARTESIAN_POINT('',(16.1170476206287,-16.9271709816549,-27.0502299066877));
#9632=CARTESIAN_POINT('',(16.1170476206263,-10.702170981655,-27.6002299066877));
#9633=CARTESIAN_POINT('Origin',(20.1170476206276,-17.2021709816549,-27.0502299066856));
#9634=CARTESIAN_POINT('',(17.4170476206276,-22.6021709816548,-27.0502299066867));
#9635=CARTESIAN_POINT('',(18.5170476206288,-22.602170981655,-27.0502299066866));
#9636=CARTESIAN_POINT('',(17.417047620626,-10.702170981655,-27.0502299066835));
#9637=CARTESIAN_POINT('',(17.4170476206275,-17.2021709816549,-27.050229906687));
#9638=CARTESIAN_POINT('',(16.417047620626,-10.702170981655,-27.0502299066877));
#9639=CARTESIAN_POINT('Origin',(17.4170476206259,-17.2021709816549,-23.8002299066867));
#9640=CARTESIAN_POINT('',(17.4170476206251,-22.6021709816548,-22.3002299066867));
#9641=CARTESIAN_POINT('',(17.4170476206258,-22.6021709816548,-23.5702299066868));
#9642=CARTESIAN_POINT('',(17.4170476206251,-10.702170981655,-22.3002299066867));
#9643=CARTESIAN_POINT('',(17.4170476206251,-17.2021709816548,-22.3002299066867));
#9644=CARTESIAN_POINT('',(17.4170476206267,-10.702170981655,-25.4502299066867));
#9645=CARTESIAN_POINT('Origin',(-23.2489863681218,-17.0646709816547,-28.6002299067063));
#9646=CARTESIAN_POINT('',(-23.2489863681213,-10.7021709816547,-29.6002299067081));
#9647=CARTESIAN_POINT('',(-22.3545591771221,-10.7021709816547,-29.0474435022066));
#9648=CARTESIAN_POINT('Origin',(-23.2489863681218,-10.7021709816547,-28.6002299067063));
#9649=CARTESIAN_POINT('',(-22.3545591771221,-22.6021709816546,-29.0474435022066));
#9650=CARTESIAN_POINT('',(-22.3545591771221,-17.0646709816547,-29.0474435022066));
#9651=CARTESIAN_POINT('',(-23.2489863681213,-22.6021709816548,-29.6002299067048));
#9652=CARTESIAN_POINT('Origin',(-23.2489863681218,-22.6021709816546,-28.6002299067063));
#9653=CARTESIAN_POINT('',(-23.2489863681213,-17.0646709816547,-29.6002299067063));
#9654=CARTESIAN_POINT('Origin',(-23.4809523793741,-10.7021709816547,-23.8002299067079));
#9655=CARTESIAN_POINT('',(-23.930952379371,-10.7021709816547,-29.6002299067081));
#9656=CARTESIAN_POINT('',(-22.9309523793715,-10.7021709816547,-29.6002299067081));
#9657=CARTESIAN_POINT('',(-23.9309523793757,-10.7021709816547,-20.8002299067081));
#9658=CARTESIAN_POINT('',(-23.9309523793752,-10.7021709816547,-21.9202299067081));
#9659=CARTESIAN_POINT('',(-21.9309523793768,-10.7021709816547,-18.8002299067071));
#9660=CARTESIAN_POINT('Origin',(-21.9309523793757,-10.7021709816547,-20.8002299067071));
#9661=CARTESIAN_POINT('',(-11.3309523793733,-10.7021709816547,-18.8002299067016));
#9662=CARTESIAN_POINT('',(-22.2569523793754,-10.7021709816547,-18.8002299067072));
#9663=CARTESIAN_POINT('',(-11.3309523793733,-10.7021709816547,-22.3002299067074));
#9664=CARTESIAN_POINT('',(-11.3309523793733,-10.7021709816547,-20.5101187447621));
#9665=CARTESIAN_POINT('',(-23.0559523793749,-10.7021709816547,-22.3002299067077));
#9666=CARTESIAN_POINT('',(-21.305952379372,-10.7021709816547,-26.9502299067088));
#9667=CARTESIAN_POINT('Origin',(-23.480952379371,-17.2021709816547,-29.6002299067064));
#9668=CARTESIAN_POINT('',(-23.930952379371,-22.6021709816548,-29.6002299067081));
#9669=CARTESIAN_POINT('',(-22.1309523793781,-22.6021709816548,-29.6002299067095));
#9670=CARTESIAN_POINT('',(-23.9309523793712,-17.2021709816547,-29.6002299067081));
#9671=CARTESIAN_POINT('Origin',(-22.130952379372,-16.9271709816547,-28.600229906707));
#9672=CARTESIAN_POINT('',(-20.8741523793726,-22.6021709816546,-26.0866299067109));
#9673=CARTESIAN_POINT('Origin',(-26.6829523793761,-22.6021709816546,-20.0402299067095));
#9674=CARTESIAN_POINT('',(-24.6569523793749,-22.6021709816546,-22.3002299067085));
#9675=CARTESIAN_POINT('',(16.8406544183761,-22.6021709816548,-29.0474435021849));
#9676=CARTESIAN_POINT('',(10.5750476206315,-22.6021709816548,-16.5162299066947));
#9677=CARTESIAN_POINT('',(17.7350816093766,-22.602170981655,-29.6002299066851));
#9678=CARTESIAN_POINT('Origin',(17.7350816093761,-22.6021709816546,-28.6002299066849));
#9679=CARTESIAN_POINT('',(18.4170476206289,-22.6021709816548,-29.6002299066862));
#9680=CARTESIAN_POINT('',(16.4170476206263,-22.602170981655,-29.6002299066851));
#9681=CARTESIAN_POINT('',(18.4170476206243,-22.6021709816549,-20.8002299066862));
#9682=CARTESIAN_POINT('',(18.4170476206239,-22.6021709816549,-20.0402299066861));
#9683=CARTESIAN_POINT('',(16.4170476206233,-22.6021709816548,-18.8002299066872));
#9684=CARTESIAN_POINT('Origin',(16.4170476206243,-22.602170981655,-20.8002299066872));
#9685=CARTESIAN_POINT('',(-21.9309523793768,-22.6021709816546,-18.8002299067071));
#9686=CARTESIAN_POINT('',(-26.6829523793768,-22.6021709816546,-18.8002299067095));
#9687=CARTESIAN_POINT('',(-23.9309523793757,-22.6021709816546,-20.8002299067081));
#9688=CARTESIAN_POINT('Origin',(-21.9309523793757,-22.6021709816546,-20.8002299067071));
#9689=CARTESIAN_POINT('',(-23.9309523793761,-22.6021709816546,-20.0402299067081));
#9690=CARTESIAN_POINT('Origin',(17.7350816093761,-17.0771709816549,-28.6002299066849));
#9691=CARTESIAN_POINT('',(16.8406544183761,-10.702170981655,-29.0474435021849));
#9692=CARTESIAN_POINT('',(16.8406544183761,-17.0771709816549,-29.0474435021849));
#9693=CARTESIAN_POINT('',(17.7350816093766,-10.702170981655,-29.6002299066801));
#9694=CARTESIAN_POINT('Origin',(17.7350816093761,-10.702170981655,-28.6002299066849));
#9695=CARTESIAN_POINT('',(17.7350816093766,-17.0771709816549,-29.6002299066849));
#9696=CARTESIAN_POINT('Origin',(20.1170476206289,-17.2021709816549,-29.6002299066837));
#9697=CARTESIAN_POINT('',(18.4170476206289,-10.702170981655,-29.6002299066862));
#9698=CARTESIAN_POINT('',(16.6170476206352,-10.702170981655,-29.6002299066865));
#9699=CARTESIAN_POINT('',(18.4170476206289,-17.2021709816549,-29.6002299066862));
#9700=CARTESIAN_POINT('Origin',(16.6170476206263,-16.952170981655,-28.6002299066852));
#9701=CARTESIAN_POINT('',(16.0170476206263,-10.702170981655,-27.400229906685));
#9702=CARTESIAN_POINT('Origin',(20.2170476206259,-10.702170981655,-23.8002299066852));
#9703=CARTESIAN_POINT('',(10.3170476206267,-10.702170981655,-22.3002299066868));
#9704=CARTESIAN_POINT('',(18.6670476206251,-10.702170981655,-22.3002299066861));
#9705=CARTESIAN_POINT('',(10.3170476206267,-10.702170981655,-18.8002299066904));
#9706=CARTESIAN_POINT('',(10.3170476206267,-10.702170981655,-20.4553892433965));
#9707=CARTESIAN_POINT('',(16.4170476206234,-10.702170981655,-18.8002299066872));
#9708=CARTESIAN_POINT('',(-4.93295237937546,-10.702170981655,-18.8002299066983));
#9709=CARTESIAN_POINT('',(18.4170476206244,-10.702170981655,-20.8002299066862));
#9710=CARTESIAN_POINT('Origin',(16.4170476206244,-10.702170981655,-20.8002299066872));
#9711=CARTESIAN_POINT('',(18.417047620625,-10.702170981655,-21.9202299066862));
#9712=CARTESIAN_POINT('Origin',(-21.9309523793757,-17.2021709816547,-20.8002299067071));
#9713=CARTESIAN_POINT('',(-21.9309523793768,-17.2021709816547,-18.8002299067071));
#9714=CARTESIAN_POINT('',(-23.9309523793757,-17.2021709816547,-20.8002299067081));
#9715=CARTESIAN_POINT('Origin',(-23.9309523793761,-17.2021709816547,-20.0402299067081));
#9716=CARTESIAN_POINT('Origin',(-26.6829523793767,-17.2021709816547,-18.8002299067095));
#9717=CARTESIAN_POINT('',(16.4170476206233,-17.202170981655,-18.8002299066872));
#9718=CARTESIAN_POINT('',(10.3170476206267,-9.702170981655,-18.8002299066904));
#9719=CARTESIAN_POINT('',(10.3170476206267,-13.7021709816548,-18.8002299066904));
#9720=CARTESIAN_POINT('',(-11.3309523793733,-9.70217098165477,-18.8002299067016));
#9721=CARTESIAN_POINT('',(-26.6829523793767,-9.70217098165467,-18.8002299067095));
#9722=CARTESIAN_POINT('',(-11.3309523793733,-13.4521709816547,-18.8002299067016));
#9723=CARTESIAN_POINT('',(5.98819345586651,-15.1000001788139,-18.8002299067095));
#9724=CARTESIAN_POINT('Origin',(5.98819345586651,-13.6000001788139,-18.8002299067095));
#9725=CARTESIAN_POINT('',(-7.51758368846306,-13.6000001788139,-18.8002299067095));
#9726=CARTESIAN_POINT('Origin',(-6.01758368846306,-13.6000001788139,-18.8002299067095));
#9727=CARTESIAN_POINT('Origin',(16.4170476206244,-17.202170981655,-20.8002299066872));
#9728=CARTESIAN_POINT('',(18.4170476206244,-17.2021709816551,-20.8002299066862));
#9729=CARTESIAN_POINT('Origin',(18.417047620624,-17.202170981655,-20.0402299066862));
#9730=CARTESIAN_POINT('Origin',(10.3170476206267,-10.202170981655,-20.4553892433965));
#9731=CARTESIAN_POINT('',(10.3170476206267,-9.702170981655,-22.3002299066868));
#9732=CARTESIAN_POINT('',(10.3170476206267,-13.7021709816548,-22.3002299066904));
#9733=CARTESIAN_POINT('',(10.3170476206267,-9.70217098165491,-20.247809575053));
#9734=CARTESIAN_POINT('Origin',(-26.682952379376,-9.70217098165467,-20.0402299067095));
#9735=CARTESIAN_POINT('',(-11.3309523793733,-9.70217098165477,-22.3002299067074));
#9736=CARTESIAN_POINT('',(-25.0819523793751,-9.70217098165468,-22.3002299067074));
#9737=CARTESIAN_POINT('',(-11.3309523793733,-9.70217098165477,-20.2751743257358));
#9738=CARTESIAN_POINT('Origin',(-26.6829523793749,-17.2021709816547,-22.3002299067095));
#9739=CARTESIAN_POINT('',(-11.3309523793733,-13.4521709816547,-22.3002299067016));
#9740=CARTESIAN_POINT('',(3.23819345586728,-13.6000001788139,-22.3002299067095));
#9741=CARTESIAN_POINT('Origin',(5.98819345586728,-13.6000001788139,-22.3002299067095));
#9742=CARTESIAN_POINT('',(-8.76758368846228,-13.6000001788139,-22.3002299067095));
#9743=CARTESIAN_POINT('Origin',(-6.01758368846228,-13.6000001788139,-22.3002299067095));
#9744=CARTESIAN_POINT('Origin',(-11.3309523793733,-9.70217098165469,-20.5101187447621));
#9745=CARTESIAN_POINT('Origin',(-6.01758368846228,-13.6000001788139,-21.0502299067095));
#9746=CARTESIAN_POINT('',(-8.76758368846228,-13.6000001788139,-19.8002299067095));
#9747=CARTESIAN_POINT('',(-8.76758368846228,-13.6000001788139,-21.0502299067095));
#9748=CARTESIAN_POINT('Origin',(-6.01758368846228,-13.6000001788139,-19.8002299067095));
#9749=CARTESIAN_POINT('Origin',(-6.01758368846228,-13.6000001788139,-19.8002299067095));
#9750=CARTESIAN_POINT('',(-7.51758368846306,-13.6000001788139,-19.8002299067095));
#9751=CARTESIAN_POINT('Origin',(-6.01758368846306,-13.6000001788139,-19.8002299067095));
#9752=CARTESIAN_POINT('Origin',(5.98819345586728,-13.6000001788139,-21.0502299067095));
#9753=CARTESIAN_POINT('',(3.23819345586728,-13.6000001788139,-19.8002299067095));
#9754=CARTESIAN_POINT('',(3.23819345586728,-13.6000001788139,-21.0502299067095));
#9755=CARTESIAN_POINT('Origin',(5.98819345586728,-13.6000001788139,-19.8002299067095));
#9756=CARTESIAN_POINT('Origin',(5.98819345586728,-13.6000001788139,-19.8002299067095));
#9757=CARTESIAN_POINT('',(5.98819345586651,-15.1000001788139,-19.8002299067095));
#9758=CARTESIAN_POINT('Origin',(5.98819345586651,-13.6000001788139,-19.8002299067095));
#9759=CARTESIAN_POINT('Origin',(5.98819345586651,-13.6000001788139,-26.4999999999997));
#9760=CARTESIAN_POINT('',(5.98819345586651,-15.1000001788139,-26.4999999999997));
#9761=CARTESIAN_POINT('Origin',(-6.01758368846306,-13.6000001788139,-11.4999999999997));
#9762=CARTESIAN_POINT('',(-7.51758368846306,-13.6000001788139,-11.4999999999997));
#9763=CARTESIAN_POINT('Origin',(20.0670476206244,-22.702170981655,-16.0000000000002));
#9764=CARTESIAN_POINT('',(21.8170476206245,-22.7021709816552,-16.4999999999997));
#9765=CARTESIAN_POINT('',(21.8170476206238,-22.702170981655,-18.4999999999983));
#9766=CARTESIAN_POINT('',(21.8170476206238,-22.702170981655,-15.9999999999996));
#9767=CARTESIAN_POINT('',(-21.8309523793756,-22.7021709816547,-16.4999999999997));
#9768=CARTESIAN_POINT('',(19.0185476206244,-22.702170981655,-16.4999999999997));
#9769=CARTESIAN_POINT('',(-21.8309523793749,-22.7021709816547,-18.5000000000111));
#9770=CARTESIAN_POINT('',(-21.8309523793749,-22.702170981655,-16.0000000000028));
#9771=CARTESIAN_POINT('',(20.0670476206249,-22.702170981655,-18.5000000000002));
#9772=CARTESIAN_POINT('Origin',(20.0670476206249,-6.202170981655,-18.5000000000002));
#9773=CARTESIAN_POINT('',(21.8170476206238,-25.852170981655,-18.4999999999983));
#9774=CARTESIAN_POINT('',(21.8170476206238,-15.202170981655,-18.4999999999998));
#9775=CARTESIAN_POINT('',(-21.8309523793748,-25.8521709816548,-18.5000000000111));
#9776=CARTESIAN_POINT('',(-21.8309523793748,-26.7021709816547,-18.5000000000111));
#9777=CARTESIAN_POINT('',(-24.8309523793759,-28.8521709816549,-18.5000000000103));
#9778=CARTESIAN_POINT('Origin',(-24.8309523793761,-25.8521709816548,-18.4999999999895));
#9779=CARTESIAN_POINT('',(-25.3309523793755,-28.8521709816549,-18.5000000000104));
#9780=CARTESIAN_POINT('',(-2.50695237937436,-28.852170981654,-18.5000000000053));
#9781=CARTESIAN_POINT('',(-28.3309523793756,-25.8521709816549,-18.5000000000111));
#9782=CARTESIAN_POINT('Origin',(-25.3309523793757,-25.8521709816549,-18.5000000000002));
#9783=CARTESIAN_POINT('',(-28.3309523793761,-5.70217098165473,-18.4999999999984));
#9784=CARTESIAN_POINT('',(-28.3309523793756,-26.702170981655,-18.5000000000111));
#9785=CARTESIAN_POINT('',(-25.3309523793761,-2.70217098165473,-18.4999999999991));
#9786=CARTESIAN_POINT('Origin',(-25.3309523793761,-5.70217098165473,-18.4999999999991));
#9787=CARTESIAN_POINT('',(-24.8309523793761,-2.70217098165473,-18.4999999999992));
#9788=CARTESIAN_POINT('',(-23.330952379376,-2.70217098165473,-18.4999999999995));
#9789=CARTESIAN_POINT('',(-21.8309523793761,-5.70217098165473,-18.4999999999999));
#9790=CARTESIAN_POINT('Origin',(-24.8309523793761,-5.70217098165473,-18.4999999999992));
#9791=CARTESIAN_POINT('',(-21.8309523793761,-10.2021709816547,-18.4999999999998));
#9792=CARTESIAN_POINT('',(-21.8309523793761,-7.95217098165487,-18.4999999999999));
#9793=CARTESIAN_POINT('',(-16.8309523793761,-10.2021709816547,-18.500000000001));
#9794=CARTESIAN_POINT('',(0.569547620624213,-10.2021709816547,-18.4999999999999));
#9795=CARTESIAN_POINT('',(-16.8309523793761,-9.70217098165481,-18.500000000001));
#9796=CARTESIAN_POINT('',(-16.8309523793761,-7.95217098165487,-18.4999999999999));
#9797=CARTESIAN_POINT('',(-16.3312127619565,-9.70217098165481,-18.4999999999999));
#9798=CARTESIAN_POINT('',(-17.6249523793756,-9.70217098165477,-18.4999999999997));
#9799=CARTESIAN_POINT('',(-15.8330777787056,-9.29379797830501,-18.4999999999999));
#9800=CARTESIAN_POINT('Origin',(-16.3312127619565,-9.19417098165481,-18.4999999999999));
#9801=CARTESIAN_POINT('',(-15.5726269800455,-7.99154398500461,-18.4999999999999));
#9802=CARTESIAN_POINT('',(-15.4909523793755,-7.58317098165481,-18.4999999999999));
#9803=CARTESIAN_POINT('',(-15.0744919967945,-7.58317098165481,-18.4999999999999));
#9804=CARTESIAN_POINT('Origin',(-15.0744919967945,-8.09117098165481,-18.4999999999999));
#9805=CARTESIAN_POINT('',(-14.6574127619565,-7.58317098165482,-18.4999999999999));
#9806=CARTESIAN_POINT('',(-14.2409523793755,-7.58317098165482,-18.4999999999999));
#9807=CARTESIAN_POINT('',(-14.1592777787056,-7.99154398500462,-18.4999999999999));
#9808=CARTESIAN_POINT('Origin',(-14.6574127619565,-8.09117098165482,-18.4999999999999));
#9809=CARTESIAN_POINT('',(-13.8988269800455,-9.29379797830502,-18.4999999999999));
#9810=CARTESIAN_POINT('',(-13.7409523793755,-10.0831709816548,-18.4999999999999));
#9811=CARTESIAN_POINT('',(-13.4006919967945,-9.70217098165483,-18.4999999999999));
#9812=CARTESIAN_POINT('Origin',(-13.4006919967945,-9.19417098165482,-18.4999999999999));
#9813=CARTESIAN_POINT('',(-13.0292127619566,-9.70217098165483,-18.4999999999999));
#9814=CARTESIAN_POINT('',(17.9700476206245,-9.702170981655,-18.4999999999999));
#9815=CARTESIAN_POINT('',(-12.5310777787056,-9.29379797830503,-18.4999999999999));
#9816=CARTESIAN_POINT('Origin',(-13.0292127619566,-9.19417098165482,-18.4999999999999));
#9817=CARTESIAN_POINT('',(-12.2706269800455,-7.99154398500463,-18.4999999999999));
#9818=CARTESIAN_POINT('',(-12.1889523793755,-7.58317098165483,-18.4999999999999));
#9819=CARTESIAN_POINT('',(-11.7724919967945,-7.58317098165483,-18.4999999999999));
#9820=CARTESIAN_POINT('Origin',(-11.7724919967945,-8.09117098165483,-18.4999999999999));
#9821=CARTESIAN_POINT('',(-11.3554127619565,-7.58317098165483,-18.4999999999999));
#9822=CARTESIAN_POINT('',(-10.9389523793755,-7.58317098165484,-18.4999999999999));
#9823=CARTESIAN_POINT('',(-10.8572777787056,-7.99154398500464,-18.4999999999999));
#9824=CARTESIAN_POINT('Origin',(-11.3554127619565,-8.09117098165483,-18.4999999999999));
#9825=CARTESIAN_POINT('',(-10.5968269800455,-9.29379797830504,-18.4999999999999));
#9826=CARTESIAN_POINT('',(-10.4389523793755,-10.0831709816548,-18.4999999999999));
#9827=CARTESIAN_POINT('',(-10.0986919967945,-9.70217098165484,-18.4999999999999));
#9828=CARTESIAN_POINT('Origin',(-10.0986919967945,-9.19417098165484,-18.4999999999999));
#9829=CARTESIAN_POINT('',(-9.72721276195655,-9.70217098165485,-18.4999999999999));
#9830=CARTESIAN_POINT('',(17.9700476206245,-9.702170981655,-18.4999999999999));
#9831=CARTESIAN_POINT('',(-9.22907777870556,-9.29379797830505,-18.4999999999999));
#9832=CARTESIAN_POINT('Origin',(-9.72721276195655,-9.19417098165484,-18.4999999999999));
#9833=CARTESIAN_POINT('',(-8.96862698004547,-7.99154398500465,-18.4999999999999));
#9834=CARTESIAN_POINT('',(-8.88695237937551,-7.58317098165485,-18.4999999999999));
#9835=CARTESIAN_POINT('',(-8.47049199679448,-7.58317098165485,-18.4999999999999));
#9836=CARTESIAN_POINT('Origin',(-8.47049199679449,-8.09117098165485,-18.4999999999999));
#9837=CARTESIAN_POINT('',(-8.05341276195654,-7.58317098165485,-18.4999999999999));
#9838=CARTESIAN_POINT('',(-7.63695237937551,-7.58317098165486,-18.4999999999999));
#9839=CARTESIAN_POINT('',(-7.55527777870555,-7.99154398500466,-18.4999999999999));
#9840=CARTESIAN_POINT('Origin',(-8.05341276195654,-8.09117098165485,-18.4999999999999));
#9841=CARTESIAN_POINT('',(-7.29482698004548,-9.29379797830505,-18.4999999999999));
#9842=CARTESIAN_POINT('',(-7.13695237937552,-10.0831709816549,-18.4999999999999));
#9843=CARTESIAN_POINT('',(-6.79669199679449,-9.70217098165486,-18.4999999999999));
#9844=CARTESIAN_POINT('Origin',(-6.79669199679449,-9.19417098165486,-18.4999999999999));
#9845=CARTESIAN_POINT('',(-6.42521276195655,-9.70217098165486,-18.4999999999999));
#9846=CARTESIAN_POINT('',(17.9700476206245,-9.702170981655,-18.4999999999999));
#9847=CARTESIAN_POINT('',(-5.92707777870556,-9.29379797830507,-18.4999999999999));
#9848=CARTESIAN_POINT('Origin',(-6.42521276195655,-9.19417098165486,-18.4999999999999));
#9849=CARTESIAN_POINT('',(-5.66662698004547,-7.99154398500467,-18.4999999999999));
#9850=CARTESIAN_POINT('',(-5.58495237937551,-7.58317098165487,-18.4999999999999));
#9851=CARTESIAN_POINT('',(-5.16849199679448,-7.58317098165487,-18.4999999999999));
#9852=CARTESIAN_POINT('Origin',(-5.16849199679449,-8.09117098165487,-18.4999999999999));
#9853=CARTESIAN_POINT('',(-4.75141276195654,-7.58317098165487,-18.4999999999999));
#9854=CARTESIAN_POINT('',(-4.33495237937551,-7.58317098165487,-18.4999999999999));
#9855=CARTESIAN_POINT('',(-4.25327777870555,-7.99154398500468,-18.4999999999999));
#9856=CARTESIAN_POINT('Origin',(-4.75141276195654,-8.09117098165487,-18.4999999999999));
#9857=CARTESIAN_POINT('',(-3.99282698004548,-9.29379797830507,-18.4999999999999));
#9858=CARTESIAN_POINT('',(-3.83495237937553,-10.0831709816549,-18.4999999999999));
#9859=CARTESIAN_POINT('',(-3.49469199679449,-9.70217098165488,-18.4999999999999));
#9860=CARTESIAN_POINT('Origin',(-3.49469199679449,-9.19417098165488,-18.4999999999999));
#9861=CARTESIAN_POINT('',(-3.12321276195656,-9.70217098165488,-18.4999999999999));
#9862=CARTESIAN_POINT('',(17.9700476206245,-9.702170981655,-18.4999999999999));
#9863=CARTESIAN_POINT('',(-2.62507777870556,-9.29379797830508,-18.4999999999999));
#9864=CARTESIAN_POINT('Origin',(-3.12321276195655,-9.19417098165488,-18.4999999999999));
#9865=CARTESIAN_POINT('',(-2.36462698004547,-7.99154398500469,-18.4999999999999));
#9866=CARTESIAN_POINT('',(-2.28295237937551,-7.58317098165488,-18.4999999999999));
#9867=CARTESIAN_POINT('',(-1.86649199679448,-7.58317098165489,-18.4999999999999));
#9868=CARTESIAN_POINT('Origin',(-1.86649199679449,-8.09117098165489,-18.4999999999999));
#9869=CARTESIAN_POINT('',(-1.44941276195654,-7.58317098165489,-18.4999999999999));
#9870=CARTESIAN_POINT('',(-1.03295237937551,-7.58317098165489,-18.4999999999999));
#9871=CARTESIAN_POINT('',(-0.951277778705553,-7.9915439850047,-18.4999999999999));
#9872=CARTESIAN_POINT('Origin',(-1.44941276195655,-8.09117098165489,-18.4999999999999));
#9873=CARTESIAN_POINT('',(-0.690826980045482,-9.29379797830509,-18.4999999999999));
#9874=CARTESIAN_POINT('',(-0.532952379375522,-10.0831709816549,-18.4999999999999));
#9875=CARTESIAN_POINT('',(-0.192691996794498,-9.7021709816549,-18.4999999999999));
#9876=CARTESIAN_POINT('Origin',(-0.192691996794494,-9.1941709816549,-18.4999999999999));
#9877=CARTESIAN_POINT('',(0.178787238043445,-9.7021709816549,-18.4999999999999));
#9878=CARTESIAN_POINT('',(17.9700476206245,-9.702170981655,-18.4999999999999));
#9879=CARTESIAN_POINT('',(0.676922221294438,-9.2937979783051,-18.4999999999999));
#9880=CARTESIAN_POINT('Origin',(0.17878723804345,-9.1941709816549,-18.4999999999999));
#9881=CARTESIAN_POINT('',(0.937373019954526,-7.99154398500471,-18.4999999999999));
#9882=CARTESIAN_POINT('',(1.01904762062448,-7.5831709816549,-18.4999999999999));
#9883=CARTESIAN_POINT('',(1.43550800320551,-7.58317098165491,-18.4999999999999));
#9884=CARTESIAN_POINT('Origin',(1.43550800320551,-8.0911709816549,-18.4999999999999));
#9885=CARTESIAN_POINT('',(1.85258723804346,-7.58317098165491,-18.4999999999999));
#9886=CARTESIAN_POINT('',(2.26904762062449,-7.58317098165491,-18.4999999999999));
#9887=CARTESIAN_POINT('',(2.35072222129445,-7.99154398500471,-18.4999999999999));
#9888=CARTESIAN_POINT('Origin',(1.85258723804346,-8.09117098165491,-18.4999999999999));
#9889=CARTESIAN_POINT('',(2.61117301995452,-9.29379797830511,-18.4999999999999));
#9890=CARTESIAN_POINT('',(2.76904762062447,-10.0831709816549,-18.4999999999999));
#9891=CARTESIAN_POINT('',(3.1093080032055,-9.70217098165492,-18.4999999999999));
#9892=CARTESIAN_POINT('Origin',(3.10930800320551,-9.19417098165491,-18.4999999999999));
#9893=CARTESIAN_POINT('',(3.48078723804345,-9.70217098165492,-18.4999999999999));
#9894=CARTESIAN_POINT('',(17.9700476206245,-9.702170981655,-18.4999999999999));
#9895=CARTESIAN_POINT('',(3.97892222129443,-9.29379797830512,-18.4999999999999));
#9896=CARTESIAN_POINT('Origin',(3.48078723804345,-9.19417098165492,-18.4999999999999));
#9897=CARTESIAN_POINT('',(4.23937301995452,-7.99154398500472,-18.4999999999999));
#9898=CARTESIAN_POINT('',(4.32104762062449,-7.58317098165492,-18.4999999999999));
#9899=CARTESIAN_POINT('',(4.73750800320551,-7.58317098165492,-18.4999999999999));
#9900=CARTESIAN_POINT('Origin',(4.73750800320551,-8.09117098165492,-18.4999999999999));
#9901=CARTESIAN_POINT('',(5.15458723804346,-7.58317098165493,-18.4999999999999));
#9902=CARTESIAN_POINT('',(5.57104762062449,-7.58317098165493,-18.4999999999999));
#9903=CARTESIAN_POINT('',(5.65272222129445,-7.99154398500473,-18.4999999999999));
#9904=CARTESIAN_POINT('Origin',(5.15458723804346,-8.09117098165492,-18.4999999999999));
#9905=CARTESIAN_POINT('',(5.91317301995452,-9.29379797830513,-18.4999999999999));
#9906=CARTESIAN_POINT('',(6.07104762062447,-10.0831709816549,-18.4999999999999));
#9907=CARTESIAN_POINT('',(6.4113080032055,-9.70217098165493,-18.4999999999999));
#9908=CARTESIAN_POINT('Origin',(6.4113080032055,-9.19417098165493,-18.4999999999999));
#9909=CARTESIAN_POINT('',(6.78278723804345,-9.70217098165494,-18.4999999999999));
#9910=CARTESIAN_POINT('',(17.9700476206245,-9.702170981655,-18.4999999999999));
#9911=CARTESIAN_POINT('',(7.28092222129444,-9.29379797830513,-18.4999999999999));
#9912=CARTESIAN_POINT('Origin',(6.78278723804345,-9.19417098165493,-18.4999999999999));
#9913=CARTESIAN_POINT('',(7.54137301995453,-7.99154398500474,-18.4999999999999));
#9914=CARTESIAN_POINT('',(7.62304762062449,-7.58317098165494,-18.4999999999999));
#9915=CARTESIAN_POINT('',(8.03950800320551,-7.58317098165494,-18.4999999999999));
#9916=CARTESIAN_POINT('Origin',(8.0395080032055,-8.09117098165494,-18.4999999999999));
#9917=CARTESIAN_POINT('',(8.45658723804346,-7.58317098165494,-18.4999999999999));
#9918=CARTESIAN_POINT('',(8.87304762062449,-7.58317098165495,-18.4999999999999));
#9919=CARTESIAN_POINT('',(8.95472222129444,-7.99154398500475,-18.4999999999999));
#9920=CARTESIAN_POINT('Origin',(8.45658723804346,-8.09117098165494,-18.4999999999999));
#9921=CARTESIAN_POINT('',(9.21517301995451,-9.29379797830514,-18.4999999999999));
#9922=CARTESIAN_POINT('',(9.37304762062448,-10.083170981655,-18.4999999999999));
#9923=CARTESIAN_POINT('',(9.7133080032055,-9.70217098165495,-18.4999999999999));
#9924=CARTESIAN_POINT('Origin',(9.7133080032055,-9.19417098165495,-18.4999999999999));
#9925=CARTESIAN_POINT('',(10.0847872380435,-9.70217098165495,-18.4999999999999));
#9926=CARTESIAN_POINT('',(17.9700476206245,-9.702170981655,-18.4999999999999));
#9927=CARTESIAN_POINT('',(10.5829222212944,-9.29379797830515,-18.4999999999999));
#9928=CARTESIAN_POINT('Origin',(10.0847872380435,-9.19417098165495,-18.4999999999999));
#9929=CARTESIAN_POINT('',(10.8433730199545,-7.99154398500476,-18.4999999999999));
#9930=CARTESIAN_POINT('',(10.9250476206245,-7.58317098165496,-18.4999999999999));
#9931=CARTESIAN_POINT('',(11.3415080032055,-7.58317098165496,-18.4999999999999));
#9932=CARTESIAN_POINT('Origin',(11.3415080032055,-8.09117098165496,-18.4999999999999));
#9933=CARTESIAN_POINT('',(11.7585872380435,-7.58317098165496,-18.4999999999999));
#9934=CARTESIAN_POINT('',(12.1750476206245,-7.58317098165496,-18.4999999999999));
#9935=CARTESIAN_POINT('',(12.2567222212944,-7.99154398500477,-18.4999999999999));
#9936=CARTESIAN_POINT('Origin',(11.7585872380435,-8.09117098165496,-18.4999999999999));
#9937=CARTESIAN_POINT('',(12.5171730199545,-9.29379797830516,-18.4999999999999));
#9938=CARTESIAN_POINT('',(12.6750476206245,-10.083170981655,-18.4999999999999));
#9939=CARTESIAN_POINT('',(13.0153080032055,-9.70217098165497,-18.4999999999999));
#9940=CARTESIAN_POINT('Origin',(13.0153080032055,-9.19417098165497,-18.4999999999999));
#9941=CARTESIAN_POINT('',(13.3867872380435,-9.70217098165497,-18.4999999999999));
#9942=CARTESIAN_POINT('',(17.9700476206245,-9.702170981655,-18.4999999999999));
#9943=CARTESIAN_POINT('',(13.8849222212944,-9.29379797830517,-18.4999999999999));
#9944=CARTESIAN_POINT('Origin',(13.3867872380435,-9.19417098165497,-18.4999999999999));
#9945=CARTESIAN_POINT('',(14.1453730199545,-7.99154398500478,-18.4999999999999));
#9946=CARTESIAN_POINT('',(14.2270476206245,-7.58317098165498,-18.4999999999999));
#9947=CARTESIAN_POINT('',(14.6435080032055,-7.58317098165498,-18.4999999999999));
#9948=CARTESIAN_POINT('Origin',(14.6435080032055,-8.09117098165498,-18.4999999999999));
#9949=CARTESIAN_POINT('',(15.0605872380435,-7.58317098165498,-18.4999999999999));
#9950=CARTESIAN_POINT('',(15.4770476206245,-7.58317098165498,-18.4999999999999));
#9951=CARTESIAN_POINT('',(15.5587222212944,-7.99154398500479,-18.4999999999999));
#9952=CARTESIAN_POINT('Origin',(15.0605872380435,-8.09117098165498,-18.4999999999999));
#9953=CARTESIAN_POINT('',(15.8191730199545,-9.29379797830518,-18.4999999999999));
#9954=CARTESIAN_POINT('',(15.9770476206245,-10.083170981655,-18.4999999999999));
#9955=CARTESIAN_POINT('',(16.3173080032055,-9.70217098165499,-18.4999999999999));
#9956=CARTESIAN_POINT('Origin',(16.3173080032055,-9.19417098165499,-18.4999999999999));
#9957=CARTESIAN_POINT('',(16.8170476206249,-9.70217098165499,-18.5000000000008));
#9958=CARTESIAN_POINT('',(17.9700476206245,-9.702170981655,-18.4999999999999));
#9959=CARTESIAN_POINT('',(16.8170476206249,-10.202170981655,-18.5000000000008));
#9960=CARTESIAN_POINT('',(16.8170476206249,-7.952170981655,-18.4999999999999));
#9961=CARTESIAN_POINT('',(21.8170476206249,-10.202170981655,-18.4999999999997));
#9962=CARTESIAN_POINT('',(17.3935476206241,-10.202170981655,-18.4999999999999));
#9963=CARTESIAN_POINT('',(21.8170476206249,-5.702170981655,-18.4999999999998));
#9964=CARTESIAN_POINT('',(21.8170476206249,-6.202170981655,-18.4999999999998));
#9965=CARTESIAN_POINT('',(24.8170476206249,-2.702170981655,-18.4999999999991));
#9966=CARTESIAN_POINT('Origin',(24.8170476206249,-5.702170981655,-18.4999999999991));
#9967=CARTESIAN_POINT('',(25.3170476206249,-2.702170981655,-18.499999999999));
#9968=CARTESIAN_POINT('',(20.0670476206249,-2.702170981655,-18.5000000000002));
#9969=CARTESIAN_POINT('',(28.3170476206249,-5.702170981655,-18.4999999999983));
#9970=CARTESIAN_POINT('Origin',(25.3170476206249,-5.702170981655,-18.499999999999));
#9971=CARTESIAN_POINT('',(28.3170476206249,-25.852170981655,-18.4999999999983));
#9972=CARTESIAN_POINT('',(28.3170476206249,-10.202170981655,-18.4999999999983));
#9973=CARTESIAN_POINT('',(25.3170476206249,-28.852170981655,-18.499999999999));
#9974=CARTESIAN_POINT('Origin',(25.3170476206249,-25.852170981655,-18.499999999999));
#9975=CARTESIAN_POINT('',(24.8170476206249,-28.852170981655,-18.4999999999991));
#9976=CARTESIAN_POINT('',(22.5670476206249,-28.852170981655,-18.4999999999996));
#9977=CARTESIAN_POINT('Origin',(24.8170476206249,-25.852170981655,-18.4999999999991));
#9978=CARTESIAN_POINT('',(-27.9499994367405,-5.99999986588954,-18.5000000000003));
#9979=CARTESIAN_POINT('Origin',(-25.1999994367405,-5.99999986588954,-18.5000000000003));
#9980=CARTESIAN_POINT('',(22.250000372532,-6.00000008940697,-18.5000000000002));
#9981=CARTESIAN_POINT('Origin',(25.000000372532,-6.00000008940697,-18.5000000000002));
#9982=CARTESIAN_POINT('',(-19.4000003129244,-15.2000001788139,-18.4999999999999));
#9983=CARTESIAN_POINT('',(-19.4000003129244,-12.0000001788139,-18.4999999999999));
#9984=CARTESIAN_POINT('Origin',(-19.4000003129244,-13.6000001788139,-18.4999999999999));
#9985=CARTESIAN_POINT('',(19.4000003129244,-15.2000001788139,-18.4999999999999));
#9986=CARTESIAN_POINT('',(8.98502381031224,-15.2000001788139,-18.4999999999999));
#9987=CARTESIAN_POINT('',(19.4000003129244,-12.0000001788139,-18.4999999999999));
#9988=CARTESIAN_POINT('Origin',(19.4000003129244,-13.6000001788139,-18.4999999999999));
#9989=CARTESIAN_POINT('',(8.98502381031224,-12.0000001788139,-18.4999999999999));
#9990=CARTESIAN_POINT('',(-27.9499994367405,-25.5265231754735,-18.5000000000002));
#9991=CARTESIAN_POINT('Origin',(-25.1999994367405,-25.5265231754735,-18.5000000000002));
#9992=CARTESIAN_POINT('',(22.250000372532,-25.5265231754735,-18.5000000000002));
#9993=CARTESIAN_POINT('Origin',(25.000000372532,-25.5265231754735,-18.5000000000002));
#9994=CARTESIAN_POINT('Origin',(-25.3309523793757,-25.8521709816549,-15.3850000000025));
#9995=CARTESIAN_POINT('',(-25.3309523793755,-28.8521709816549,-13.4999999999991));
#9996=CARTESIAN_POINT('',(-28.3309523793749,-25.8521709816549,-13.4999999999984));
#9997=CARTESIAN_POINT('Origin',(-25.3309523793757,-25.8521709816549,-13.5000000000003));
#9998=CARTESIAN_POINT('',(-28.3309523793757,-25.8521709816549,-15.3850000000025));
#9999=CARTESIAN_POINT('',(-25.3309523793755,-28.8521709816549,-15.3850000000025));
#10000=CARTESIAN_POINT('Origin',(-25.0809523793751,-28.8521709816549,-16.0000000000055));
#10001=CARTESIAN_POINT('',(-24.8309523793748,-28.8521709816549,-13.4999999999992));
#10002=CARTESIAN_POINT('',(-24.8309523793754,-28.8521709816549,-16.0000000000023));
#10003=CARTESIAN_POINT('',(-22.5809523793742,-28.8521709816548,-13.4999999999997));
#10004=CARTESIAN_POINT('Origin',(-24.8309523793755,-25.8521709816548,-16.0000000000023));
#10005=CARTESIAN_POINT('',(-21.8309523793749,-25.8521709816548,-13.4999999999999));
#10006=CARTESIAN_POINT('',(-21.8309523793755,-25.8521709816548,-16.000000000003));
#10007=CARTESIAN_POINT('Origin',(-24.8309523793749,-25.8521709816548,-13.4999999999992));
#10008=CARTESIAN_POINT('Origin',(-21.8309523793755,-6.20217098165473,-15.9999999999998));
#10009=CARTESIAN_POINT('',(-21.8309523793756,-10.2021709816547,-16.4999999999997));
#10010=CARTESIAN_POINT('',(-21.8309523793756,-7.95217098165487,-16.4999999999997));
#10011=CARTESIAN_POINT('',(-21.8309523793755,-10.2021709816547,-15.9999999999998));
#10012=CARTESIAN_POINT('',(-21.8309523793749,-5.70217098165473,-13.4999999999999));
#10013=CARTESIAN_POINT('',(-21.8309523793755,-5.70217098165473,-15.9999999999999));
#10014=CARTESIAN_POINT('',(-21.8309523793749,-6.20217098165473,-13.4999999999999));
#10015=CARTESIAN_POINT('Origin',(24.8170476206244,-25.852170981655,-15.9999999999991));
#10016=CARTESIAN_POINT('',(24.8170476206238,-28.852170981655,-13.4999999999991));
#10017=CARTESIAN_POINT('',(21.8170476206238,-25.852170981655,-13.4999999999998));
#10018=CARTESIAN_POINT('Origin',(24.8170476206238,-25.852170981655,-13.4999999999991));
#10019=CARTESIAN_POINT('',(21.8170476206243,-25.852170981655,-15.9999999999998));
#10020=CARTESIAN_POINT('',(24.8170476206244,-28.852170981655,-15.9999999999991));
#10021=CARTESIAN_POINT('Origin',(25.0670476206244,-28.852170981655,-15.9999999999991));
#10022=CARTESIAN_POINT('',(25.3170476206238,-28.852170981655,-13.499999999999));
#10023=CARTESIAN_POINT('',(25.3170476206244,-28.852170981655,-15.999999999999));
#10024=CARTESIAN_POINT('',(22.5670476206238,-28.852170981655,-13.4999999999996));
#10025=CARTESIAN_POINT('Origin',(25.3170476206244,-25.852170981655,-15.999999999999));
#10026=CARTESIAN_POINT('',(28.3170476206249,-25.852170981655,-13.4999999999998));
#10027=CARTESIAN_POINT('',(28.3170476206244,-25.852170981655,-15.9999999999983));
#10028=CARTESIAN_POINT('Origin',(25.3170476206238,-25.852170981655,-13.499999999999));
#10029=CARTESIAN_POINT('Origin',(28.3170476206244,-6.202170981655,-15.9999999999983));
#10030=CARTESIAN_POINT('',(28.3170476206238,-5.702170981655,-13.4999999999983));
#10031=CARTESIAN_POINT('',(28.3170476206244,-5.702170981655,-15.9999999999983));
#10032=CARTESIAN_POINT('',(28.3170476206249,-26.702170981655,-13.4999999999998));
#10033=CARTESIAN_POINT('Origin',(25.000000372532,-25.5265231754735,-17.5000000000002));
#10034=CARTESIAN_POINT('',(22.250000372532,-25.5265231754735,-16.5000000000002));
#10035=CARTESIAN_POINT('',(22.250000372532,-25.5265231754735,-17.5000000000002));
#10036=CARTESIAN_POINT('Origin',(25.000000372532,-25.5265231754735,-16.5000000000002));
#10037=CARTESIAN_POINT('Origin',(25.000000372532,-25.5265231754735,-16.5000000000002));
#10038=CARTESIAN_POINT('',(23.400000372532,-25.5265231754735,-16.5000000000002));
#10039=CARTESIAN_POINT('Origin',(25.000000372532,-25.5265231754735,-16.5000000000002));
#10040=CARTESIAN_POINT('Origin',(25.000000372532,-25.5265231754735,-13.5000000000002));
#10041=CARTESIAN_POINT('',(23.400000372532,-25.5265231754735,-13.5000000000002));
#10042=CARTESIAN_POINT('',(23.400000372532,-25.5265231754735,-13.5000000000002));
#10043=CARTESIAN_POINT('Origin',(25.000000372532,-25.5265231754735,-13.5000000000002));
#10044=CARTESIAN_POINT('Origin',(-25.1999994367405,-25.5265231754735,-17.5000000000002));
#10045=CARTESIAN_POINT('',(-27.9499994367405,-25.5265231754735,-16.5000000000002));
#10046=CARTESIAN_POINT('',(-27.9499994367405,-25.5265231754735,-17.5000000000002));
#10047=CARTESIAN_POINT('Origin',(-25.1999994367405,-25.5265231754735,-16.5000000000002));
#10048=CARTESIAN_POINT('Origin',(-25.1999994367405,-25.5265231754735,-16.5000000000002));
#10049=CARTESIAN_POINT('',(-26.7999994367405,-25.5265231754735,-16.5000000000002));
#10050=CARTESIAN_POINT('Origin',(-25.1999994367405,-25.5265231754735,-16.5000000000002));
#10051=CARTESIAN_POINT('Origin',(-25.1999994367405,-25.5265231754735,-13.5000000000003));
#10052=CARTESIAN_POINT('',(-26.7999994367405,-25.5265231754735,-13.5000000000003));
#10053=CARTESIAN_POINT('',(-26.7999994367405,-25.5265231754735,-13.5000000000003));
#10054=CARTESIAN_POINT('Origin',(-25.1999994367405,-25.5265231754735,-13.5000000000003));
#10055=CARTESIAN_POINT('Origin',(-20.0809523793749,-6.20217098165473,-13.5000000000003));
#10056=CARTESIAN_POINT('',(-24.8309523793749,-2.70217098165473,-13.4999999999992));
#10057=CARTESIAN_POINT('Origin',(-24.8309523793749,-5.70217098165473,-13.4999999999992));
#10058=CARTESIAN_POINT('',(-25.3309523793749,-2.70217098165473,-13.4999999999991));
#10059=CARTESIAN_POINT('',(-20.0809523793749,-2.70217098165473,-13.5000000000003));
#10060=CARTESIAN_POINT('',(-28.3309523793749,-5.70217098165473,-13.4999999999983));
#10061=CARTESIAN_POINT('Origin',(-25.3309523793749,-5.70217098165473,-13.4999999999991));
#10062=CARTESIAN_POINT('',(-28.3309523793749,-10.2021709816547,-13.4999999999984));
#10063=CARTESIAN_POINT('',(-26.7999994367405,-5.99999986588954,-13.5000000000003));
#10064=CARTESIAN_POINT('Origin',(-25.1999994367405,-5.99999986588954,-13.5000000000003));
#10065=CARTESIAN_POINT('Origin',(-25.1999994367405,-5.99999986588954,-17.5000000000003));
#10066=CARTESIAN_POINT('',(-27.9499994367405,-5.99999986588954,-16.5000000000003));
#10067=CARTESIAN_POINT('',(-27.9499994367405,-5.99999986588954,-17.5000000000003));
#10068=CARTESIAN_POINT('Origin',(-25.1999994367405,-5.99999986588954,-16.5000000000003));
#10069=CARTESIAN_POINT('Origin',(-25.1999994367405,-5.99999986588954,-16.5000000000003));
#10070=CARTESIAN_POINT('',(-26.7999994367405,-5.99999986588954,-16.5000000000003));
#10071=CARTESIAN_POINT('Origin',(-25.1999994367405,-5.99999986588954,-16.5000000000003));
#10072=CARTESIAN_POINT('Origin',(-25.1999994367405,-5.99999986588954,-13.4999999999991));
#10073=CARTESIAN_POINT('',(-26.7999994367405,-5.99999986588954,-13.4999999999991));
#10074=CARTESIAN_POINT('Origin',(-25.3309523793755,-5.70217098165473,-15.9999999999991));
#10075=CARTESIAN_POINT('',(-28.3309523793755,-5.70217098165473,-15.9999999999984));
#10076=CARTESIAN_POINT('',(-25.3309523793755,-2.70217098165473,-15.9999999999991));
#10077=CARTESIAN_POINT('Origin',(-24.8309523793755,-5.70217098165473,-15.9999999999992));
#10078=CARTESIAN_POINT('',(-24.8309523793755,-2.70217098165473,-15.9999999999992));
#10079=CARTESIAN_POINT('Origin',(-20.0809523793755,-2.70217098165473,-16.0000000000003));
#10080=CARTESIAN_POINT('Origin',(17.9700476206245,-9.702170981655,-16.4999999999997));
#10081=CARTESIAN_POINT('',(21.8170476206245,-10.202170981655,-16.4999999999997));
#10082=CARTESIAN_POINT('',(21.8170476206245,-7.952170981655,-16.4999999999997));
#10083=CARTESIAN_POINT('',(16.8170476206245,-10.202170981655,-16.4999999999997));
#10084=CARTESIAN_POINT('',(17.3935476206241,-10.202170981655,-16.4999999999997));
#10085=CARTESIAN_POINT('',(16.8170476206245,-9.70217098165499,-16.4999999999997));
#10086=CARTESIAN_POINT('',(16.8170476206245,-7.952170981655,-16.4999999999997));
#10087=CARTESIAN_POINT('',(16.3173080032055,-9.70217098165499,-16.4999999999997));
#10088=CARTESIAN_POINT('',(17.9700476206245,-9.702170981655,-16.4999999999997));
#10089=CARTESIAN_POINT('',(15.8191730199545,-9.29379797830519,-16.4999999999997));
#10090=CARTESIAN_POINT('Origin',(16.3173080032055,-9.19417098165499,-16.4999999999997));
#10091=CARTESIAN_POINT('',(15.5587222212944,-7.99154398500479,-16.4999999999997));
#10092=CARTESIAN_POINT('',(15.9787399283168,-10.0916325201165,-16.4999999999997));
#10093=CARTESIAN_POINT('',(15.0605872380434,-7.58317098165498,-16.4999999999997));
#10094=CARTESIAN_POINT('Origin',(15.0605872380435,-8.09117098165498,-16.4999999999997));
#10095=CARTESIAN_POINT('',(14.6435080032055,-7.58317098165498,-16.4999999999997));
#10096=CARTESIAN_POINT('',(16.7235476206245,-7.58317098165499,-16.4999999999997));
#10097=CARTESIAN_POINT('',(14.1453730199545,-7.99154398500478,-16.4999999999997));
#10098=CARTESIAN_POINT('Origin',(14.6435080032055,-8.09117098165498,-16.4999999999997));
#10099=CARTESIAN_POINT('',(13.8849222212944,-9.29379797830518,-16.4999999999997));
#10100=CARTESIAN_POINT('',(14.0952783898553,-8.24201713550113,-16.4999999999997));
#10101=CARTESIAN_POINT('',(13.3867872380434,-9.70217098165498,-16.4999999999997));
#10102=CARTESIAN_POINT('Origin',(13.3867872380435,-9.19417098165497,-16.4999999999997));
#10103=CARTESIAN_POINT('',(13.0153080032055,-9.70217098165497,-16.4999999999997));
#10104=CARTESIAN_POINT('',(17.9700476206245,-9.702170981655,-16.4999999999997));
#10105=CARTESIAN_POINT('',(12.5171730199545,-9.29379797830517,-16.4999999999997));
#10106=CARTESIAN_POINT('Origin',(13.0153080032055,-9.19417098165497,-16.4999999999997));
#10107=CARTESIAN_POINT('',(12.2567222212944,-7.99154398500477,-16.4999999999997));
#10108=CARTESIAN_POINT('',(12.7402399283168,-10.4091325201165,-16.4999999999997));
#10109=CARTESIAN_POINT('',(11.7585872380434,-7.58317098165497,-16.4999999999997));
#10110=CARTESIAN_POINT('Origin',(11.7585872380435,-8.09117098165496,-16.4999999999997));
#10111=CARTESIAN_POINT('',(11.3415080032055,-7.58317098165497,-16.4999999999997));
#10112=CARTESIAN_POINT('',(15.0725476206245,-7.58317098165498,-16.4999999999997));
#10113=CARTESIAN_POINT('',(10.8433730199545,-7.99154398500476,-16.4999999999997));
#10114=CARTESIAN_POINT('Origin',(11.3415080032055,-8.09117098165496,-16.4999999999997));
#10115=CARTESIAN_POINT('',(10.5829222212944,-9.29379797830516,-16.4999999999997));
#10116=CARTESIAN_POINT('',(10.8567783898553,-7.92451713550112,-16.4999999999997));
#10117=CARTESIAN_POINT('',(10.0847872380434,-9.70217098165496,-16.4999999999997));
#10118=CARTESIAN_POINT('Origin',(10.0847872380435,-9.19417098165495,-16.4999999999997));
#10119=CARTESIAN_POINT('',(9.71330800320549,-9.70217098165495,-16.4999999999997));
#10120=CARTESIAN_POINT('',(17.9700476206245,-9.702170981655,-16.4999999999997));
#10121=CARTESIAN_POINT('',(9.2151730199545,-9.29379797830515,-16.4999999999997));
#10122=CARTESIAN_POINT('Origin',(9.7133080032055,-9.19417098165495,-16.4999999999997));
#10123=CARTESIAN_POINT('',(8.95472222129443,-7.99154398500476,-16.4999999999997));
#10124=CARTESIAN_POINT('',(9.50173992831678,-10.7266325201165,-16.4999999999997));
#10125=CARTESIAN_POINT('',(8.45658723804345,-7.58317098165495,-16.4999999999997));
#10126=CARTESIAN_POINT('Origin',(8.45658723804346,-8.09117098165494,-16.4999999999997));
#10127=CARTESIAN_POINT('',(8.03950800320549,-7.58317098165495,-16.4999999999997));
#10128=CARTESIAN_POINT('',(13.4215476206245,-7.58317098165497,-16.4999999999997));
#10129=CARTESIAN_POINT('',(7.54137301995451,-7.99154398500475,-16.4999999999997));
#10130=CARTESIAN_POINT('Origin',(8.0395080032055,-8.09117098165494,-16.4999999999997));
#10131=CARTESIAN_POINT('',(7.28092222129442,-9.29379797830514,-16.4999999999997));
#10132=CARTESIAN_POINT('',(7.61827838985526,-7.6070171355011,-16.4999999999997));
#10133=CARTESIAN_POINT('',(6.78278723804343,-9.70217098165494,-16.4999999999997));
#10134=CARTESIAN_POINT('Origin',(6.78278723804345,-9.19417098165493,-16.4999999999997));
#10135=CARTESIAN_POINT('',(6.41130800320548,-9.70217098165494,-16.4999999999997));
#10136=CARTESIAN_POINT('',(17.9700476206245,-9.702170981655,-16.4999999999997));
#10137=CARTESIAN_POINT('',(5.9131730199545,-9.29379797830513,-16.4999999999997));
#10138=CARTESIAN_POINT('Origin',(6.4113080032055,-9.19417098165493,-16.4999999999997));
#10139=CARTESIAN_POINT('',(5.65272222129443,-7.99154398500474,-16.4999999999997));
#10140=CARTESIAN_POINT('',(6.26323992831678,-11.0441325201165,-16.4999999999997));
#10141=CARTESIAN_POINT('',(5.15458723804345,-7.58317098165493,-16.4999999999997));
#10142=CARTESIAN_POINT('Origin',(5.15458723804346,-8.09117098165492,-16.4999999999997));
#10143=CARTESIAN_POINT('',(4.73750800320549,-7.58317098165493,-16.4999999999997));
#10144=CARTESIAN_POINT('',(11.7705476206245,-7.58317098165496,-16.4999999999997));
#10145=CARTESIAN_POINT('',(4.2393730199545,-7.99154398500473,-16.4999999999997));
#10146=CARTESIAN_POINT('Origin',(4.73750800320551,-8.09117098165492,-16.4999999999997));
#10147=CARTESIAN_POINT('',(3.97892222129442,-9.29379797830512,-16.4999999999997));
#10148=CARTESIAN_POINT('',(4.37977838985526,-7.28951713550108,-16.4999999999997));
#10149=CARTESIAN_POINT('',(3.48078723804342,-9.70217098165492,-16.4999999999997));
#10150=CARTESIAN_POINT('Origin',(3.48078723804345,-9.19417098165492,-16.4999999999997));
#10151=CARTESIAN_POINT('',(3.10930800320548,-9.70217098165492,-16.4999999999997));
#10152=CARTESIAN_POINT('',(17.9700476206245,-9.702170981655,-16.4999999999997));
#10153=CARTESIAN_POINT('',(2.6111730199545,-9.29379797830511,-16.4999999999997));
#10154=CARTESIAN_POINT('Origin',(3.10930800320551,-9.19417098165491,-16.4999999999997));
#10155=CARTESIAN_POINT('',(2.35072222129443,-7.99154398500472,-16.4999999999997));
#10156=CARTESIAN_POINT('',(3.02473992831677,-11.3616325201165,-16.4999999999997));
#10157=CARTESIAN_POINT('',(1.85258723804345,-7.58317098165491,-16.4999999999997));
#10158=CARTESIAN_POINT('Origin',(1.85258723804346,-8.09117098165491,-16.4999999999997));
#10159=CARTESIAN_POINT('',(1.43550800320549,-7.58317098165491,-16.4999999999997));
#10160=CARTESIAN_POINT('',(10.1195476206245,-7.58317098165495,-16.4999999999997));
#10161=CARTESIAN_POINT('',(0.937373019954508,-7.99154398500471,-16.4999999999997));
#10162=CARTESIAN_POINT('Origin',(1.43550800320551,-8.0911709816549,-16.4999999999997));
#10163=CARTESIAN_POINT('',(0.67692222129442,-9.29379797830511,-16.4999999999997));
#10164=CARTESIAN_POINT('',(1.14127838985526,-6.97201713550106,-16.4999999999997));
#10165=CARTESIAN_POINT('',(0.178787238043427,-9.7021709816549,-16.4999999999997));
#10166=CARTESIAN_POINT('Origin',(0.17878723804345,-9.1941709816549,-16.4999999999997));
#10167=CARTESIAN_POINT('',(-0.192691996794516,-9.7021709816549,-16.4999999999997));
#10168=CARTESIAN_POINT('',(17.9700476206245,-9.702170981655,-16.4999999999997));
#10169=CARTESIAN_POINT('',(-0.6908269800455,-9.29379797830509,-16.4999999999997));
#10170=CARTESIAN_POINT('Origin',(-0.192691996794494,-9.1941709816549,-16.4999999999997));
#10171=CARTESIAN_POINT('',(-0.95127777870557,-7.9915439850047,-16.4999999999997));
#10172=CARTESIAN_POINT('',(-0.213760071683224,-11.6791325201164,-16.4999999999997));
#10173=CARTESIAN_POINT('',(-1.44941276195656,-7.58317098165489,-16.4999999999997));
#10174=CARTESIAN_POINT('Origin',(-1.44941276195655,-8.09117098165489,-16.4999999999997));
#10175=CARTESIAN_POINT('',(-1.8664919967945,-7.58317098165489,-16.4999999999997));
#10176=CARTESIAN_POINT('',(8.46854762062448,-7.58317098165494,-16.4999999999997));
#10177=CARTESIAN_POINT('',(-2.36462698004549,-7.99154398500469,-16.4999999999997));
#10178=CARTESIAN_POINT('Origin',(-1.86649199679449,-8.09117098165489,-16.4999999999997));
#10179=CARTESIAN_POINT('',(-2.62507777870558,-9.29379797830509,-16.4999999999997));
#10180=CARTESIAN_POINT('',(-2.09722161014474,-6.65451713550105,-16.4999999999997));
#10181=CARTESIAN_POINT('',(-3.12321276195658,-9.70217098165488,-16.4999999999997));
#10182=CARTESIAN_POINT('Origin',(-3.12321276195655,-9.19417098165488,-16.4999999999997));
#10183=CARTESIAN_POINT('',(-3.49469199679451,-9.70217098165488,-16.4999999999997));
#10184=CARTESIAN_POINT('',(17.9700476206245,-9.702170981655,-16.4999999999997));
#10185=CARTESIAN_POINT('',(-3.9928269800455,-9.29379797830508,-16.4999999999997));
#10186=CARTESIAN_POINT('Origin',(-3.49469199679449,-9.19417098165488,-16.4999999999997));
#10187=CARTESIAN_POINT('',(-4.25327777870557,-7.99154398500468,-16.4999999999997));
#10188=CARTESIAN_POINT('',(-3.45226007168323,-11.9966325201164,-16.4999999999997));
#10189=CARTESIAN_POINT('',(-4.75141276195655,-7.58317098165488,-16.4999999999997));
#10190=CARTESIAN_POINT('Origin',(-4.75141276195654,-8.09117098165487,-16.4999999999997));
#10191=CARTESIAN_POINT('',(-5.1684919967945,-7.58317098165487,-16.4999999999997));
#10192=CARTESIAN_POINT('',(6.81754762062448,-7.58317098165493,-16.4999999999997));
#10193=CARTESIAN_POINT('',(-5.66662698004548,-7.99154398500467,-16.4999999999997));
#10194=CARTESIAN_POINT('Origin',(-5.16849199679449,-8.09117098165487,-16.4999999999997));
#10195=CARTESIAN_POINT('',(-5.92707777870558,-9.29379797830507,-16.4999999999997));
#10196=CARTESIAN_POINT('',(-5.33572161014473,-6.33701713550103,-16.4999999999997));
#10197=CARTESIAN_POINT('',(-6.42521276195657,-9.70217098165486,-16.4999999999997));
#10198=CARTESIAN_POINT('Origin',(-6.42521276195655,-9.19417098165486,-16.4999999999997));
#10199=CARTESIAN_POINT('',(-6.79669199679452,-9.70217098165486,-16.4999999999997));
#10200=CARTESIAN_POINT('',(17.9700476206245,-9.702170981655,-16.4999999999997));
#10201=CARTESIAN_POINT('',(-7.2948269800455,-9.29379797830506,-16.4999999999997));
#10202=CARTESIAN_POINT('Origin',(-6.79669199679449,-9.19417098165486,-16.4999999999997));
#10203=CARTESIAN_POINT('',(-7.55527777870556,-7.99154398500466,-16.4999999999997));
#10204=CARTESIAN_POINT('',(-6.69076007168323,-12.3141325201164,-16.4999999999997));
#10205=CARTESIAN_POINT('',(-8.05341276195655,-7.58317098165486,-16.4999999999997));
#10206=CARTESIAN_POINT('Origin',(-8.05341276195654,-8.09117098165485,-16.4999999999997));
#10207=CARTESIAN_POINT('',(-8.4704919967945,-7.58317098165486,-16.4999999999997));
#10208=CARTESIAN_POINT('',(5.16654762062449,-7.58317098165493,-16.4999999999997));
#10209=CARTESIAN_POINT('',(-8.96862698004549,-7.99154398500465,-16.4999999999997));
#10210=CARTESIAN_POINT('Origin',(-8.47049199679449,-8.09117098165485,-16.4999999999997));
#10211=CARTESIAN_POINT('',(-9.22907777870558,-9.29379797830505,-16.4999999999997));
#10212=CARTESIAN_POINT('',(-8.57422161014473,-6.01951713550101,-16.4999999999997));
#10213=CARTESIAN_POINT('',(-9.72721276195657,-9.70217098165485,-16.4999999999997));
#10214=CARTESIAN_POINT('Origin',(-9.72721276195655,-9.19417098165484,-16.4999999999997));
#10215=CARTESIAN_POINT('',(-10.0986919967945,-9.70217098165485,-16.4999999999997));
#10216=CARTESIAN_POINT('',(17.9700476206245,-9.702170981655,-16.4999999999997));
#10217=CARTESIAN_POINT('',(-10.5968269800455,-9.29379797830505,-16.4999999999997));
#10218=CARTESIAN_POINT('Origin',(-10.0986919967945,-9.19417098165484,-16.4999999999997));
#10219=CARTESIAN_POINT('',(-10.8572777787056,-7.99154398500465,-16.4999999999997));
#10220=CARTESIAN_POINT('',(-9.92926007168323,-12.6316325201164,-16.4999999999997));
#10221=CARTESIAN_POINT('',(-11.3554127619566,-7.58317098165484,-16.4999999999997));
#10222=CARTESIAN_POINT('Origin',(-11.3554127619565,-8.09117098165483,-16.4999999999997));
#10223=CARTESIAN_POINT('',(-11.7724919967945,-7.58317098165484,-16.4999999999997));
#10224=CARTESIAN_POINT('',(3.51554762062448,-7.58317098165492,-16.4999999999997));
#10225=CARTESIAN_POINT('',(-12.2706269800455,-7.99154398500464,-16.4999999999997));
#10226=CARTESIAN_POINT('Origin',(-11.7724919967945,-8.09117098165483,-16.4999999999997));
#10227=CARTESIAN_POINT('',(-12.5310777787056,-9.29379797830503,-16.4999999999997));
#10228=CARTESIAN_POINT('',(-11.8127216101447,-5.702017135501,-16.4999999999997));
#10229=CARTESIAN_POINT('',(-13.0292127619566,-9.70217098165483,-16.4999999999997));
#10230=CARTESIAN_POINT('Origin',(-13.0292127619566,-9.19417098165482,-16.4999999999997));
#10231=CARTESIAN_POINT('',(-13.4006919967945,-9.70217098165483,-16.4999999999997));
#10232=CARTESIAN_POINT('',(17.9700476206245,-9.702170981655,-16.4999999999997));
#10233=CARTESIAN_POINT('',(-13.8988269800455,-9.29379797830502,-16.4999999999997));
#10234=CARTESIAN_POINT('Origin',(-13.4006919967945,-9.19417098165482,-16.4999999999997));
#10235=CARTESIAN_POINT('',(-14.1592777787056,-7.99154398500463,-16.4999999999997));
#10236=CARTESIAN_POINT('',(-13.1677600716832,-12.9491325201164,-16.4999999999997));
#10237=CARTESIAN_POINT('',(-14.6574127619566,-7.58317098165482,-16.4999999999997));
#10238=CARTESIAN_POINT('Origin',(-14.6574127619565,-8.09117098165482,-16.4999999999997));
#10239=CARTESIAN_POINT('',(-15.0744919967945,-7.58317098165482,-16.4999999999997));
#10240=CARTESIAN_POINT('',(1.86454762062449,-7.58317098165491,-16.4999999999997));
#10241=CARTESIAN_POINT('',(-15.5726269800455,-7.99154398500462,-16.4999999999997));
#10242=CARTESIAN_POINT('Origin',(-15.0744919967945,-8.09117098165481,-16.4999999999997));
#10243=CARTESIAN_POINT('',(-15.8330777787056,-9.29379797830501,-16.4999999999997));
#10244=CARTESIAN_POINT('',(-15.0512216101447,-5.38451713550098,-16.4999999999997));
#10245=CARTESIAN_POINT('',(-16.3312127619566,-9.70217098165481,-16.4999999999997));
#10246=CARTESIAN_POINT('Origin',(-16.3312127619565,-9.19417098165481,-16.4999999999997));
#10247=CARTESIAN_POINT('',(-16.8309523793756,-9.70217098165481,-16.4999999999997));
#10248=CARTESIAN_POINT('',(17.9700476206245,-9.702170981655,-16.4999999999997));
#10249=CARTESIAN_POINT('',(-16.8309523793756,-10.2021709816547,-16.4999999999997));
#10250=CARTESIAN_POINT('',(-16.8309523793756,-7.95217098165487,-16.4999999999997));
#10251=CARTESIAN_POINT('',(0.569547620624204,-10.2021709816547,-16.4999999999997));
#10252=CARTESIAN_POINT('',(-19.4000003129244,-12.0000001788139,-16.4999999999997));
#10253=CARTESIAN_POINT('',(19.4000003129244,-12.0000001788139,-16.4999999999997));
#10254=CARTESIAN_POINT('',(8.98502381031223,-12.0000001788139,-16.4999999999997));
#10255=CARTESIAN_POINT('',(19.4000003129244,-15.2000001788139,-16.4999999999997));
#10256=CARTESIAN_POINT('Origin',(19.4000003129244,-13.6000001788139,-16.4999999999997));
#10257=CARTESIAN_POINT('',(-19.4000003129244,-15.2000001788139,-16.4999999999997));
#10258=CARTESIAN_POINT('',(8.98502381031223,-15.2000001788139,-16.4999999999997));
#10259=CARTESIAN_POINT('Origin',(-19.4000003129244,-13.6000001788139,-16.4999999999997));
#10260=CARTESIAN_POINT('Origin',(-28.3309523793757,-12.0288694090641,-14.7699999999995));
#10261=CARTESIAN_POINT('Origin',(-16.8309523793761,-10.2021709816547,-18.500000000001));
#10262=CARTESIAN_POINT('',(-16.8309523793755,-10.2021709816547,-16.000000000001));
#10263=CARTESIAN_POINT('Origin',(-16.8309523793755,-6.20217098165473,-16.000000000001));
#10264=CARTESIAN_POINT('',(-16.8309523793753,-9.70217098165481,-15.3449999999963));
#10265=CARTESIAN_POINT('Origin',(16.8170476206238,-10.202170981655,-13.5000000000008));
#10266=CARTESIAN_POINT('',(21.8170476206241,-10.202170981655,-14.7499999999997));
#10267=CARTESIAN_POINT('',(16.8170476206242,-10.202170981655,-15.5000000000008));
#10268=CARTESIAN_POINT('Origin',(16.8170476206243,-6.202170981655,-16.0000000000008));
#10269=CARTESIAN_POINT('',(16.8170476206242,-9.70217098165499,-15.3450000000005));
#10270=CARTESIAN_POINT('Origin',(17.9700476206245,-9.702170981655,-14.6899999999999));
#10271=CARTESIAN_POINT('',(16.3173080032055,-9.70217098165499,-14.6899999999999));
#10272=CARTESIAN_POINT('Origin',(-8.88178419700125E-15,-12.0000001788139,
-17.9999999999996));
#10273=CARTESIAN_POINT('',(-19.4000003129244,-12.0000001788139,-17.9999999999996));
#10274=CARTESIAN_POINT('',(19.4000003129244,-12.0000001788139,-17.9999999999996));
#10275=CARTESIAN_POINT('Origin',(-19.4000003129244,-13.6000001788139,-17.9999999999996));
#10276=CARTESIAN_POINT('',(-19.4000003129244,-15.2000001788139,-17.9999999999996));
#10277=CARTESIAN_POINT('Origin',(-1.33226762955019E-14,-15.2000001788139,
-17.9999999999996));
#10278=CARTESIAN_POINT('',(19.4000003129244,-15.2000001788139,-17.9999999999996));
#10279=CARTESIAN_POINT('Origin',(19.4000003129244,-13.6000001788139,-17.9999999999996));
#10280=CARTESIAN_POINT('Origin',(17.9700476206245,-9.702170981655,-14.6899999999999));
#10281=CARTESIAN_POINT('',(0.178787238043445,-9.7021709816549,-14.6899999999999));
#10282=CARTESIAN_POINT('',(-0.192691996794498,-9.7021709816549,-14.6899999999999));
#10283=CARTESIAN_POINT('Origin',(0.17878723804345,-9.1941709816549,-14.6899999999999));
#10284=CARTESIAN_POINT('',(0.676922221294438,-9.2937979783051,-18.4999999999999));
#10285=CARTESIAN_POINT('Origin',(1.01904762062448,-7.5831709816549,-18.4999999999999));
#10286=CARTESIAN_POINT('',(0.937373019954526,-7.99154398500471,-18.4999999999999));
#10287=CARTESIAN_POINT('Origin',(1.43550800320551,-8.0911709816549,-18.4999999999999));
#10288=CARTESIAN_POINT('',(1.43550800320551,-7.58317098165491,-18.4999999999999));
#10289=CARTESIAN_POINT('Origin',(2.26904762062449,-7.58317098165491,-18.4999999999999));
#10290=CARTESIAN_POINT('',(1.85258723804346,-7.58317098165491,-18.4999999999999));
#10291=CARTESIAN_POINT('Origin',(1.85258723804346,-8.09117098165491,-18.4999999999999));
#10292=CARTESIAN_POINT('',(2.35072222129445,-7.99154398500471,-18.4999999999999));
#10293=CARTESIAN_POINT('Origin',(2.76904762062447,-10.0831709816549,-18.4999999999999));
#10294=CARTESIAN_POINT('',(2.61117301995452,-9.29379797830511,-18.4999999999999));
#10295=CARTESIAN_POINT('Origin',(3.10930800320551,-9.19417098165492,-14.6899999999999));
#10296=CARTESIAN_POINT('',(3.1093080032055,-9.70217098165492,-14.6899999999999));
#10297=CARTESIAN_POINT('Origin',(17.9700476206245,-9.702170981655,-14.6899999999999));
#10298=CARTESIAN_POINT('',(3.48078723804345,-9.70217098165492,-14.6899999999999));
#10299=CARTESIAN_POINT('Origin',(3.48078723804345,-9.19417098165492,-14.6899999999999));
#10300=CARTESIAN_POINT('',(3.97892222129443,-9.29379797830512,-18.4999999999999));
#10301=CARTESIAN_POINT('Origin',(4.32104762062449,-7.58317098165492,-18.4999999999999));
#10302=CARTESIAN_POINT('',(4.23937301995452,-7.99154398500472,-18.4999999999999));
#10303=CARTESIAN_POINT('Origin',(4.73750800320551,-8.09117098165492,-18.4999999999999));
#10304=CARTESIAN_POINT('',(4.73750800320551,-7.58317098165492,-18.4999999999999));
#10305=CARTESIAN_POINT('Origin',(5.57104762062449,-7.58317098165493,-18.4999999999999));
#10306=CARTESIAN_POINT('',(5.15458723804346,-7.58317098165493,-18.4999999999999));
#10307=CARTESIAN_POINT('Origin',(5.15458723804346,-8.09117098165492,-18.4999999999999));
#10308=CARTESIAN_POINT('',(5.65272222129445,-7.99154398500473,-18.4999999999999));
#10309=CARTESIAN_POINT('Origin',(6.07104762062447,-10.0831709816549,-18.4999999999999));
#10310=CARTESIAN_POINT('',(5.91317301995452,-9.29379797830513,-18.4999999999999));
#10311=CARTESIAN_POINT('Origin',(6.4113080032055,-9.19417098165493,-14.6899999999999));
#10312=CARTESIAN_POINT('',(6.4113080032055,-9.70217098165493,-14.6899999999999));
#10313=CARTESIAN_POINT('Origin',(17.9700476206245,-9.702170981655,-14.6899999999999));
#10314=CARTESIAN_POINT('',(6.78278723804345,-9.70217098165494,-14.6899999999999));
#10315=CARTESIAN_POINT('Origin',(6.78278723804345,-9.19417098165493,-14.6899999999999));
#10316=CARTESIAN_POINT('',(7.28092222129444,-9.29379797830513,-18.4999999999999));
#10317=CARTESIAN_POINT('Origin',(7.62304762062449,-7.58317098165494,-18.4999999999999));
#10318=CARTESIAN_POINT('',(7.54137301995453,-7.99154398500474,-18.4999999999999));
#10319=CARTESIAN_POINT('Origin',(8.0395080032055,-8.09117098165494,-18.4999999999999));
#10320=CARTESIAN_POINT('',(8.03950800320551,-7.58317098165494,-18.4999999999999));
#10321=CARTESIAN_POINT('Origin',(8.87304762062449,-7.58317098165495,-18.4999999999999));
#10322=CARTESIAN_POINT('',(8.45658723804346,-7.58317098165494,-18.4999999999999));
#10323=CARTESIAN_POINT('Origin',(8.45658723804346,-8.09117098165494,-18.4999999999999));
#10324=CARTESIAN_POINT('',(8.95472222129444,-7.99154398500475,-18.4999999999999));
#10325=CARTESIAN_POINT('Origin',(9.37304762062448,-10.083170981655,-18.4999999999999));
#10326=CARTESIAN_POINT('',(9.21517301995451,-9.29379797830514,-18.4999999999999));
#10327=CARTESIAN_POINT('Origin',(9.7133080032055,-9.19417098165495,-14.6899999999999));
#10328=CARTESIAN_POINT('',(9.7133080032055,-9.70217098165495,-14.6899999999999));
#10329=CARTESIAN_POINT('Origin',(17.9700476206245,-9.702170981655,-14.6899999999999));
#10330=CARTESIAN_POINT('',(10.0847872380435,-9.70217098165495,-14.6899999999999));
#10331=CARTESIAN_POINT('Origin',(10.0847872380435,-9.19417098165495,-14.6899999999999));
#10332=CARTESIAN_POINT('',(10.5829222212944,-9.29379797830515,-18.4999999999999));
#10333=CARTESIAN_POINT('Origin',(10.9250476206245,-7.58317098165496,-18.4999999999999));
#10334=CARTESIAN_POINT('',(10.8433730199545,-7.99154398500476,-18.4999999999999));
#10335=CARTESIAN_POINT('Origin',(11.3415080032055,-8.09117098165496,-18.4999999999999));
#10336=CARTESIAN_POINT('',(11.3415080032055,-7.58317098165496,-18.4999999999999));
#10337=CARTESIAN_POINT('Origin',(12.1750476206245,-7.58317098165496,-18.4999999999999));
#10338=CARTESIAN_POINT('',(11.7585872380435,-7.58317098165496,-18.4999999999999));
#10339=CARTESIAN_POINT('Origin',(11.7585872380435,-8.09117098165496,-18.4999999999999));
#10340=CARTESIAN_POINT('',(12.2567222212944,-7.99154398500477,-18.4999999999999));
#10341=CARTESIAN_POINT('Origin',(12.6750476206245,-10.083170981655,-18.4999999999999));
#10342=CARTESIAN_POINT('',(12.5171730199545,-9.29379797830516,-18.4999999999999));
#10343=CARTESIAN_POINT('Origin',(13.0153080032055,-9.19417098165497,-14.6899999999999));
#10344=CARTESIAN_POINT('',(13.0153080032055,-9.70217098165497,-14.6899999999999));
#10345=CARTESIAN_POINT('Origin',(17.9700476206245,-9.702170981655,-14.6899999999999));
#10346=CARTESIAN_POINT('',(13.3867872380435,-9.70217098165497,-14.6899999999999));
#10347=CARTESIAN_POINT('Origin',(13.3867872380435,-9.19417098165497,-14.6899999999999));
#10348=CARTESIAN_POINT('',(13.8849222212944,-9.29379797830517,-18.4999999999999));
#10349=CARTESIAN_POINT('Origin',(14.2270476206245,-7.58317098165498,-18.4999999999999));
#10350=CARTESIAN_POINT('',(14.1453730199545,-7.99154398500478,-18.4999999999999));
#10351=CARTESIAN_POINT('Origin',(14.6435080032055,-8.09117098165498,-18.4999999999999));
#10352=CARTESIAN_POINT('',(14.6435080032055,-7.58317098165498,-18.4999999999999));
#10353=CARTESIAN_POINT('Origin',(15.4770476206245,-7.58317098165498,-18.4999999999999));
#10354=CARTESIAN_POINT('',(15.0605872380435,-7.58317098165498,-18.4999999999999));
#10355=CARTESIAN_POINT('Origin',(15.0605872380435,-8.09117098165498,-18.4999999999999));
#10356=CARTESIAN_POINT('',(15.5587222212944,-7.99154398500479,-18.4999999999999));
#10357=CARTESIAN_POINT('Origin',(15.9770476206245,-10.083170981655,-18.4999999999999));
#10358=CARTESIAN_POINT('',(15.8191730199545,-9.29379797830518,-18.4999999999999));
#10359=CARTESIAN_POINT('Origin',(16.3173080032055,-9.19417098165499,-14.6899999999999));
#10360=CARTESIAN_POINT('Origin',(17.9700476206245,-9.702170981655,-14.6899999999999));
#10361=CARTESIAN_POINT('',(-3.12321276195656,-9.70217098165488,-14.6899999999999));
#10362=CARTESIAN_POINT('',(-3.49469199679449,-9.70217098165488,-14.6899999999999));
#10363=CARTESIAN_POINT('Origin',(17.9700476206245,-9.702170981655,-14.6899999999999));
#10364=CARTESIAN_POINT('',(-6.42521276195655,-9.70217098165486,-14.6899999999999));
#10365=CARTESIAN_POINT('',(-6.79669199679449,-9.70217098165486,-14.6899999999999));
#10366=CARTESIAN_POINT('Origin',(17.9700476206245,-9.702170981655,-14.6899999999999));
#10367=CARTESIAN_POINT('',(-9.72721276195655,-9.70217098165485,-14.6899999999999));
#10368=CARTESIAN_POINT('',(-10.0986919967945,-9.70217098165484,-14.6899999999999));
#10369=CARTESIAN_POINT('Origin',(17.9700476206245,-9.702170981655,-14.6899999999999));
#10370=CARTESIAN_POINT('',(-13.0292127619566,-9.70217098165483,-14.6899999999999));
#10371=CARTESIAN_POINT('',(-13.4006919967945,-9.70217098165483,-14.6899999999999));
#10372=CARTESIAN_POINT('Origin',(17.9700476206245,-9.702170981655,-14.6899999999999));
#10373=CARTESIAN_POINT('',(-16.3312127619565,-9.70217098165481,-14.6899999999999));
#10374=CARTESIAN_POINT('Origin',(-15.4909523793755,-7.58317098165481,-18.4999999999999));
#10375=CARTESIAN_POINT('',(-15.5726269800455,-7.99154398500461,-18.4999999999999));
#10376=CARTESIAN_POINT('',(-15.8330777787056,-9.29379797830501,-18.4999999999999));
#10377=CARTESIAN_POINT('Origin',(-13.7409523793755,-10.0831709816548,-18.4999999999999));
#10378=CARTESIAN_POINT('',(-13.8988269800455,-9.29379797830502,-18.4999999999999));
#10379=CARTESIAN_POINT('',(-14.1592777787056,-7.99154398500462,-18.4999999999999));
#10380=CARTESIAN_POINT('Origin',(-14.2409523793755,-7.58317098165482,-18.4999999999999));
#10381=CARTESIAN_POINT('',(-14.6574127619565,-7.58317098165482,-18.4999999999999));
#10382=CARTESIAN_POINT('',(-15.0744919967945,-7.58317098165481,-18.4999999999999));
#10383=CARTESIAN_POINT('Origin',(-12.1889523793755,-7.58317098165483,-18.4999999999999));
#10384=CARTESIAN_POINT('',(-12.2706269800455,-7.99154398500463,-18.4999999999999));
#10385=CARTESIAN_POINT('',(-12.5310777787056,-9.29379797830503,-18.4999999999999));
#10386=CARTESIAN_POINT('Origin',(-10.4389523793755,-10.0831709816548,-18.4999999999999));
#10387=CARTESIAN_POINT('',(-10.5968269800455,-9.29379797830504,-18.4999999999999));
#10388=CARTESIAN_POINT('',(-10.8572777787056,-7.99154398500464,-18.4999999999999));
#10389=CARTESIAN_POINT('Origin',(-10.9389523793755,-7.58317098165484,-18.4999999999999));
#10390=CARTESIAN_POINT('',(-11.3554127619565,-7.58317098165483,-18.4999999999999));
#10391=CARTESIAN_POINT('',(-11.7724919967945,-7.58317098165483,-18.4999999999999));
#10392=CARTESIAN_POINT('Origin',(-8.88695237937551,-7.58317098165485,-18.4999999999999));
#10393=CARTESIAN_POINT('',(-8.96862698004547,-7.99154398500465,-18.4999999999999));
#10394=CARTESIAN_POINT('',(-9.22907777870556,-9.29379797830505,-18.4999999999999));
#10395=CARTESIAN_POINT('Origin',(-7.13695237937552,-10.0831709816549,-18.4999999999999));
#10396=CARTESIAN_POINT('',(-7.29482698004548,-9.29379797830505,-18.4999999999999));
#10397=CARTESIAN_POINT('',(-7.55527777870555,-7.99154398500466,-18.4999999999999));
#10398=CARTESIAN_POINT('Origin',(-7.63695237937551,-7.58317098165486,-18.4999999999999));
#10399=CARTESIAN_POINT('',(-8.05341276195654,-7.58317098165485,-18.4999999999999));
#10400=CARTESIAN_POINT('',(-8.47049199679448,-7.58317098165485,-18.4999999999999));
#10401=CARTESIAN_POINT('Origin',(-5.58495237937551,-7.58317098165487,-18.4999999999999));
#10402=CARTESIAN_POINT('',(-5.66662698004547,-7.99154398500467,-18.4999999999999));
#10403=CARTESIAN_POINT('',(-5.92707777870556,-9.29379797830507,-18.4999999999999));
#10404=CARTESIAN_POINT('Origin',(-3.83495237937553,-10.0831709816549,-18.4999999999999));
#10405=CARTESIAN_POINT('',(-3.99282698004548,-9.29379797830507,-18.4999999999999));
#10406=CARTESIAN_POINT('',(-4.25327777870555,-7.99154398500468,-18.4999999999999));
#10407=CARTESIAN_POINT('Origin',(-4.33495237937551,-7.58317098165487,-18.4999999999999));
#10408=CARTESIAN_POINT('',(-4.75141276195654,-7.58317098165487,-18.4999999999999));
#10409=CARTESIAN_POINT('',(-5.16849199679448,-7.58317098165487,-18.4999999999999));
#10410=CARTESIAN_POINT('Origin',(-2.28295237937551,-7.58317098165488,-18.4999999999999));
#10411=CARTESIAN_POINT('',(-2.36462698004547,-7.99154398500469,-18.4999999999999));
#10412=CARTESIAN_POINT('',(-2.62507777870556,-9.29379797830508,-18.4999999999999));
#10413=CARTESIAN_POINT('Origin',(-0.532952379375522,-10.0831709816549,-18.4999999999999));
#10414=CARTESIAN_POINT('',(-0.690826980045482,-9.29379797830509,-18.4999999999999));
#10415=CARTESIAN_POINT('',(-0.951277778705553,-7.9915439850047,-18.4999999999999));
#10416=CARTESIAN_POINT('Origin',(-1.03295237937551,-7.58317098165489,-18.4999999999999));
#10417=CARTESIAN_POINT('',(-1.44941276195654,-7.58317098165489,-18.4999999999999));
#10418=CARTESIAN_POINT('',(-1.86649199679448,-7.58317098165489,-18.4999999999999));
#10419=CARTESIAN_POINT('Origin',(-13.4006919967945,-9.19417098165482,-14.6899999999999));
#10420=CARTESIAN_POINT('Origin',(-14.6574127619565,-8.09117098165482,-18.4999999999999));
#10421=CARTESIAN_POINT('Origin',(-15.0744919967945,-8.09117098165481,-18.4999999999999));
#10422=CARTESIAN_POINT('Origin',(-16.3312127619565,-9.19417098165481,-14.6899999999999));
#10423=CARTESIAN_POINT('Origin',(-10.0986919967945,-9.19417098165484,-14.6899999999999));
#10424=CARTESIAN_POINT('Origin',(-11.3554127619565,-8.09117098165483,-18.4999999999999));
#10425=CARTESIAN_POINT('Origin',(-11.7724919967945,-8.09117098165483,-18.4999999999999));
#10426=CARTESIAN_POINT('Origin',(-13.0292127619566,-9.19417098165483,-14.6899999999999));
#10427=CARTESIAN_POINT('Origin',(-6.79669199679449,-9.19417098165486,-14.6899999999999));
#10428=CARTESIAN_POINT('Origin',(-8.05341276195654,-8.09117098165485,-18.4999999999999));
#10429=CARTESIAN_POINT('Origin',(-8.47049199679449,-8.09117098165485,-18.4999999999999));
#10430=CARTESIAN_POINT('Origin',(-9.72721276195655,-9.19417098165484,-14.6899999999999));
#10431=CARTESIAN_POINT('Origin',(-3.49469199679449,-9.19417098165488,-14.6899999999999));
#10432=CARTESIAN_POINT('Origin',(-4.75141276195654,-8.09117098165487,-18.4999999999999));
#10433=CARTESIAN_POINT('Origin',(-5.16849199679449,-8.09117098165487,-18.4999999999999));
#10434=CARTESIAN_POINT('Origin',(-6.42521276195655,-9.19417098165486,-14.6899999999999));
#10435=CARTESIAN_POINT('Origin',(-0.192691996794494,-9.1941709816549,-14.6899999999999));
#10436=CARTESIAN_POINT('Origin',(-1.44941276195655,-8.09117098165489,-18.4999999999999));
#10437=CARTESIAN_POINT('Origin',(-1.86649199679449,-8.09117098165489,-18.4999999999999));
#10438=CARTESIAN_POINT('Origin',(-3.12321276195655,-9.19417098165488,-14.6899999999999));
#10439=CARTESIAN_POINT('Origin',(25.000000372532,-6.00000008940697,-17.5000000000002));
#10440=CARTESIAN_POINT('',(22.250000372532,-6.00000008940697,-16.5000000000002));
#10441=CARTESIAN_POINT('',(22.250000372532,-6.00000008940697,-17.5000000000002));
#10442=CARTESIAN_POINT('Origin',(25.000000372532,-6.00000008940697,-16.5000000000002));
#10443=CARTESIAN_POINT('Origin',(25.000000372532,-6.00000008940697,-16.5000000000002));
#10444=CARTESIAN_POINT('',(25.000000372532,-7.60000008940697,-16.5000000000002));
#10445=CARTESIAN_POINT('Origin',(25.000000372532,-6.00000008940697,-16.5000000000002));
#10446=CARTESIAN_POINT('Origin',(25.000000372532,-6.00000008940697,-18.4999999999991));
#10447=CARTESIAN_POINT('',(25.000000372532,-7.60000008940697,-13.4999999999998));
#10448=CARTESIAN_POINT('Origin',(25.000000372532,-6.00000008940697,-13.5000000000002));
#10449=CARTESIAN_POINT('',(25.000000372532,-7.60000008940697,-18.4999999999991));
#10450=CARTESIAN_POINT('Origin',(24.8170476206244,-5.702170981655,-15.9999999999991));
#10451=CARTESIAN_POINT('',(21.8170476206238,-5.702170981655,-13.4999999999998));
#10452=CARTESIAN_POINT('',(24.8170476206238,-2.702170981655,-13.4999999999991));
#10453=CARTESIAN_POINT('Origin',(24.8170476206238,-5.702170981655,-13.4999999999991));
#10454=CARTESIAN_POINT('',(24.8170476206244,-2.702170981655,-15.9999999999991));
#10455=CARTESIAN_POINT('',(21.8170476206243,-5.702170981655,-15.9999999999998));
#10456=CARTESIAN_POINT('Origin',(20.0670476206244,-2.702170981655,-16.0000000000002));
#10457=CARTESIAN_POINT('',(25.3170476206238,-2.702170981655,-13.499999999999));
#10458=CARTESIAN_POINT('',(23.3170476206238,-2.702170981655,-13.4999999999994));
#10459=CARTESIAN_POINT('',(25.3170476206244,-2.702170981655,-15.999999999999));
#10460=CARTESIAN_POINT('Origin',(20.0670476206238,-6.202170981655,-13.5000000000002));
#10461=CARTESIAN_POINT('Origin',(25.3170476206238,-5.702170981655,-13.499999999999));
#10462=CARTESIAN_POINT('',(21.8170476206238,-10.202170981655,-13.4999999999998));
#10463=CARTESIAN_POINT('Origin',(25.3170476206244,-5.702170981655,-15.999999999999));
#10464=CARTESIAN_POINT('Origin',(21.8170476206243,-6.202170981655,-15.9999999999998));
#10465=UNCERTAINTY_MEASURE_WITH_UNIT(LENGTH_MEASURE(0.01),#10469,
'DISTANCE_ACCURACY_VALUE',
'Maximum model space distance between geometric entities at asserted c
onnectivities');
#10466=UNCERTAINTY_MEASURE_WITH_UNIT(LENGTH_MEASURE(0.01),#10469,
'DISTANCE_ACCURACY_VALUE',
'Maximum model space distance between geometric entities at asserted c
onnectivities');
#10467=(
GEOMETRIC_REPRESENTATION_CONTEXT(3)
GLOBAL_UNCERTAINTY_ASSIGNED_CONTEXT((#10465))
GLOBAL_UNIT_ASSIGNED_CONTEXT((#10469,#10471,#10472))
REPRESENTATION_CONTEXT('','3D')
);
#10468=(
GEOMETRIC_REPRESENTATION_CONTEXT(3)
GLOBAL_UNCERTAINTY_ASSIGNED_CONTEXT((#10466))
GLOBAL_UNIT_ASSIGNED_CONTEXT((#10469,#10471,#10472))
REPRESENTATION_CONTEXT('','3D')
);
#10469=(
LENGTH_UNIT()
NAMED_UNIT(*)
SI_UNIT(.MILLI.,.METRE.)
);
#10470=(
LENGTH_UNIT()
NAMED_UNIT(*)
SI_UNIT($,.METRE.)
);
#10471=(
NAMED_UNIT(*)
PLANE_ANGLE_UNIT()
SI_UNIT($,.RADIAN.)
);
#10472=(
NAMED_UNIT(*)
SI_UNIT($,.STERADIAN.)
SOLID_ANGLE_UNIT()
);
#10473=SHAPE_DEFINITION_REPRESENTATION(#10474,#10475);
#10474=PRODUCT_DEFINITION_SHAPE('',$,#10477);
#10475=SHAPE_REPRESENTATION('',(#6169),#10467);
#10476=PRODUCT_DEFINITION_CONTEXT('part definition',#10481,'design');
#10477=PRODUCT_DEFINITION('Servo_Linear','Servo_Linear',#10478,#10476);
#10478=PRODUCT_DEFINITION_FORMATION('',$,#10483);
#10479=PRODUCT_RELATED_PRODUCT_CATEGORY('Servo_Linear','Servo_Linear',(#10483));
#10480=APPLICATION_PROTOCOL_DEFINITION('international standard',
'automotive_design',2009,#10481);
#10481=APPLICATION_CONTEXT(
'Core Data for Automotive Mechanical Design Process');
#10482=PRODUCT_CONTEXT('part definition',#10481,'mechanical');
#10483=PRODUCT('Servo_Linear','Servo_Linear',$,(#10482));
#10484=PRESENTATION_STYLE_ASSIGNMENT((#10487));
#10485=PRESENTATION_STYLE_ASSIGNMENT((#10488));
#10486=PRESENTATION_STYLE_ASSIGNMENT((#10489));
#10487=SURFACE_STYLE_USAGE(.BOTH.,#10490);
#10488=SURFACE_STYLE_USAGE(.BOTH.,#10491);
#10489=SURFACE_STYLE_USAGE(.BOTH.,#10492);
#10490=SURFACE_SIDE_STYLE('',(#10493));
#10491=SURFACE_SIDE_STYLE('',(#10494));
#10492=SURFACE_SIDE_STYLE('',(#10495));
#10493=SURFACE_STYLE_FILL_AREA(#10496);
#10494=SURFACE_STYLE_FILL_AREA(#10497);
#10495=SURFACE_STYLE_FILL_AREA(#10498);
#10496=FILL_AREA_STYLE('\X2\92FC\X0\ - \X2\30B530C630F3\X0\',(#10499));
#10497=FILL_AREA_STYLE('Opaque(128,255,128)',(#10500));
#10498=FILL_AREA_STYLE('Opaque(202,209,238)',(#10501));
#10499=FILL_AREA_STYLE_COLOUR('\X2\92FC\X0\ - \X2\30B530C630F3\X0\',#10502);
#10500=FILL_AREA_STYLE_COLOUR('Opaque(128,255,128)',#10503);
#10501=FILL_AREA_STYLE_COLOUR('Opaque(202,209,238)',#10504);
#10502=COLOUR_RGB('\X2\92FC\X0\ - \X2\30B530C630F3\X0\',0.627450980392157,
0.627450980392157,0.627450980392157);
#10503=COLOUR_RGB('Opaque(128,255,128)',0.501960784313725,1.,0.501960784313725);
#10504=COLOUR_RGB('Opaque(202,209,238)',0.792156862745098,0.819607843137255,
0.933333333333333);
ENDSEC;
END-ISO-10303-21;
