ISO-10303-21;
HEADER;
/* Generated by software containing ST-Developer
 * from STEP Tools, Inc. (www.steptools.com) 
 */

FILE_DESCRIPTION(
/* description */ (''),
/* implementation_level */ '2;1');

FILE_NAME(
/* name */ 'shell.step',
/* time_stamp */ '2026-07-28T10:28:09+09:00',
/* author */ (''),
/* organization */ (''),
/* preprocessor_version */ 'ST-DEVELOPER v20.1',
/* originating_system */ 'Autodesk Translation Framework v15.8.0.0',
/* authorisation */ '');

FILE_SCHEMA (('AUTOMOTIVE_DESIGN { 1 0 10303 214 3 1 1 }'));
ENDSEC;

DATA;
#10=MECHANICAL_DESIGN_GEOMETRIC_PRESENTATION_REPRESENTATION('',(#13),#4865);
#11=SHAPE_REPRESENTATION_RELATIONSHIP('SRR','None',#4872,#12);
#12=ADVANCED_BREP_SHAPE_REPRESENTATION('',(#14),#4864);
#13=STYLED_ITEM('',(#4882),#14);
#14=MANIFOLD_SOLID_BREP('Shell',#2047);
#15=B_SPLINE_SURFACE_WITH_KNOTS('',3,1,((#2734,#2735),(#2736,#2737),(#2738,
#2739),(#2740,#2741),(#2742,#2743),(#2744,#2745),(#2746,#2747),(#2748,#2749),
(#2750,#2751),(#2752,#2753),(#2754,#2755),(#2756,#2757),(#2758,#2759),(#2760,
#2761)),.UNSPECIFIED.,.F.,.F.,.F.,(4,2,2,2,2,2,4),(2,2),(0.,0.0975115322661338,
0.201182486108163,0.393784459045119,0.586386592735643,0.6900565871063,0.787566808685621),
(-1.0375064173097,3.32),.UNSPECIFIED.);
#16=B_SPLINE_SURFACE_WITH_KNOTS('',3,1,((#2857,#2858),(#2859,#2860),(#2861,
#2862),(#2863,#2864),(#2865,#2866),(#2867,#2868),(#2869,#2870),(#2871,#2872),
(#2873,#2874),(#2875,#2876),(#2877,#2878),(#2879,#2880),(#2881,#2882),(#2883,
#2884)),.UNSPECIFIED.,.F.,.F.,.F.,(4,2,2,2,2,2,4),(2,2),(0.,0.0975114193867017,
0.2011822458492,0.393784464134382,0.586386891739497,0.690056818435922,0.787566971369033),
(-1.03750641768481,3.32),.UNSPECIFIED.);
#17=B_SPLINE_SURFACE_WITH_KNOTS('',3,1,((#3085,#3086),(#3087,#3088),(#3089,
#3090),(#3091,#3092),(#3093,#3094),(#3095,#3096),(#3097,#3098),(#3099,#3100),
(#3101,#3102),(#3103,#3104)),.UNSPECIFIED.,.F.,.F.,.F.,(4,2,2,2,4),(2,2),
(0.,0.134631312114123,0.269707431794244,0.400486054923707,0.535637093287247),
(0.,0.2),.UNSPECIFIED.);
#18=B_SPLINE_SURFACE_WITH_KNOTS('',3,1,((#3120,#3121),(#3122,#3123),(#3124,
#3125),(#3126,#3127),(#3128,#3129),(#3130,#3131),(#3132,#3133),(#3134,#3135),
(#3136,#3137),(#3138,#3139)),.UNSPECIFIED.,.F.,.F.,.F.,(4,2,2,2,4),(2,2),
(0.,0.134631250821934,0.269706845188773,0.400484423577098,0.535634257079865),
(0.,0.2),.UNSPECIFIED.);
#19=B_SPLINE_SURFACE_WITH_KNOTS('',3,1,((#3168,#3169),(#3170,#3171),(#3172,
#3173),(#3174,#3175),(#3176,#3177),(#3178,#3179),(#3180,#3181),(#3182,#3183),
(#3184,#3185),(#3186,#3187),(#3188,#3189),(#3190,#3191),(#3192,#3193),(#3194,
#3195),(#3196,#3197),(#3198,#3199),(#3200,#3201)),.UNSPECIFIED.,.F.,.F.,
 .F.,(4,1,1,1,1,1,1,1,1,1,1,1,1,1,4),(2,2),(0.,0.381479107935904,0.762958215871808,
1.14443732380771,1.52591643174362,1.90739553967952,2.28887464761542,2.67035375555133,
3.05183286348723,3.43331197142314,3.81479107935904,4.19627018729494,4.57774929523085,
4.95922840316675,5.34070751110266),(-2.55977548825434,1.89015384615385),
 .UNSPECIFIED.);
#20=B_SPLINE_SURFACE_WITH_KNOTS('',3,1,((#3202,#3203),(#3204,#3205),(#3206,
#3207),(#3208,#3209),(#3210,#3211),(#3212,#3213),(#3214,#3215),(#3216,#3217),
(#3218,#3219),(#3220,#3221),(#3222,#3223),(#3224,#3225),(#3226,#3227),(#3228,
#3229),(#3230,#3231),(#3232,#3233),(#3234,#3235),(#3236,#3237)),
 .UNSPECIFIED.,.F.,.F.,.F.,(4,1,1,1,1,1,1,1,1,1,1,1,1,1,1,4),(2,2),(0.,
0.560998688141035,1.12199737628207,1.6829960644231,2.24399475256414,2.52449409663466,
2.80499344070517,3.36599212884621,3.92699081698724,4.48798950512828,5.04898819326931,
5.60998688141035,6.17098556955138,6.73198425769242,7.29298294583345,7.85398163397448),
(0.,1.992),.UNSPECIFIED.);
#21=B_SPLINE_SURFACE_WITH_KNOTS('',3,1,((#3337,#3338),(#3339,#3340),(#3341,
#3342),(#3343,#3344),(#3345,#3346),(#3347,#3348),(#3349,#3350),(#3351,#3352),
(#3353,#3354),(#3355,#3356),(#3357,#3358),(#3359,#3360),(#3361,#3362),(#3363,
#3364)),.UNSPECIFIED.,.F.,.F.,.F.,(4,2,2,2,2,2,4),(2,2),(0.,0.0975111242826566,
0.201182203704356,0.393788964823871,0.586396305355466,0.690068957749742,
0.787581672859121),(0.,3.32),.UNSPECIFIED.);
#22=B_SPLINE_SURFACE_WITH_KNOTS('',3,1,((#3372,#3373),(#3374,#3375),(#3376,
#3377),(#3378,#3379),(#3380,#3381),(#3382,#3383),(#3384,#3385),(#3386,#3387),
(#3388,#3389),(#3390,#3391),(#3392,#3393),(#3394,#3395),(#3396,#3397),(#3398,
#3399),(#3400,#3401),(#3402,#3403),(#3404,#3405),(#3406,#3407)),
 .UNSPECIFIED.,.F.,.F.,.F.,(4,1,1,1,1,1,1,1,1,1,1,1,1,1,1,4),(2,2),(0.,
0.560998688141035,1.12199737628207,1.68299606442311,2.24399475256414,2.52449409663466,
2.80499344070518,3.36599212884621,3.92699081698725,4.48798950512828,5.04898819326932,
5.60998688141035,6.17098556955139,6.73198425769243,7.29298294583346,7.8539816339745),
(0.,1.992),.UNSPECIFIED.);
#23=B_SPLINE_SURFACE_WITH_KNOTS('',3,1,((#3634,#3635),(#3636,#3637),(#3638,
#3639),(#3640,#3641),(#3642,#3643),(#3644,#3645),(#3646,#3647),(#3648,#3649),
(#3650,#3651),(#3652,#3653),(#3654,#3655),(#3656,#3657),(#3658,#3659),(#3660,
#3661)),.UNSPECIFIED.,.F.,.F.,.F.,(4,2,2,2,2,2,4),(2,2),(0.,0.0975110183468325,
0.201181988626617,0.393789002110478,0.586396642513768,0.690069257844296,
0.787581933966645),(0.,3.32),.UNSPECIFIED.);
#24=B_SPLINE_SURFACE_WITH_KNOTS('',3,1,((#4512,#4513),(#4514,#4515),(#4516,
#4517),(#4518,#4519),(#4520,#4521),(#4522,#4523),(#4524,#4525),(#4526,#4527),
(#4528,#4529),(#4530,#4531),(#4532,#4533),(#4534,#4535),(#4536,#4537),(#4538,
#4539),(#4540,#4541),(#4542,#4543),(#4544,#4545)),.UNSPECIFIED.,.F.,.F.,
 .F.,(4,1,1,1,1,1,1,1,1,1,1,1,1,1,4),(2,2),(0.,0.392699081698724,0.785398163397449,
1.17809724509617,1.5707963267949,1.96349540849362,2.35619449019235,2.74889357189107,
3.14159265358979,3.53429173528852,3.92699081698724,4.31968989868597,4.71238898038469,
5.10508806208342,5.49778714378214),(0.,1.08),.UNSPECIFIED.);
#25=B_SPLINE_SURFACE_WITH_KNOTS('',3,1,((#4552,#4553),(#4554,#4555),(#4556,
#4557),(#4558,#4559),(#4560,#4561),(#4562,#4563),(#4564,#4565),(#4566,#4567),
(#4568,#4569),(#4570,#4571),(#4572,#4573),(#4574,#4575),(#4576,#4577),(#4578,
#4579),(#4580,#4581),(#4582,#4583),(#4584,#4585)),.UNSPECIFIED.,.F.,.F.,
 .F.,(4,1,1,1,1,1,1,1,1,1,1,1,1,1,4),(2,2),(0.,0.280499344070517,0.560998688141035,
0.841498032211552,1.12199737628207,1.40249672035259,1.6829960644231,1.96349540849362,
2.24399475256414,2.52449409663466,2.80499344070517,3.08549278477569,3.36599212884621,
3.64649147291673,3.92699081698724),(0.,1.56),.UNSPECIFIED.);
#26=B_SPLINE_SURFACE_WITH_KNOTS('',3,1,((#4595,#4596),(#4597,#4598),(#4599,
#4600),(#4601,#4602),(#4603,#4604),(#4605,#4606),(#4607,#4608),(#4609,#4610),
(#4611,#4612),(#4613,#4614),(#4615,#4616),(#4617,#4618),(#4619,#4620),(#4621,
#4622),(#4623,#4624),(#4625,#4626),(#4627,#4628)),.UNSPECIFIED.,.F.,.F.,
 .F.,(4,1,1,1,1,1,1,1,1,1,1,1,1,1,4),(2,2),(0.,0.392699081698724,0.785398163397449,
1.17809724509617,1.5707963267949,1.96349540849362,2.35619449019235,2.74889357189107,
3.14159265358979,3.53429173528852,3.92699081698724,4.31968989868597,4.71238898038469,
5.10508806208342,5.49778714378214),(0.,1.08),.UNSPECIFIED.);
#27=B_SPLINE_SURFACE_WITH_KNOTS('',3,1,((#4639,#4640),(#4641,#4642),(#4643,
#4644),(#4645,#4646),(#4647,#4648),(#4649,#4650),(#4651,#4652),(#4653,#4654),
(#4655,#4656),(#4657,#4658),(#4659,#4660),(#4661,#4662),(#4663,#4664),(#4665,
#4666),(#4667,#4668),(#4669,#4670),(#4671,#4672)),.UNSPECIFIED.,.F.,.F.,
 .F.,(4,1,1,1,1,1,1,1,1,1,1,1,1,1,4),(2,2),(0.,0.392699081698724,0.785398163397449,
1.17809724509617,1.5707963267949,1.96349540849362,2.35619449019235,2.74889357189107,
3.14159265358979,3.53429173528852,3.92699081698724,4.31968989868597,4.71238898038469,
5.10508806208342,5.49778714378214),(0.,1.08),.UNSPECIFIED.);
#28=B_SPLINE_SURFACE_WITH_KNOTS('',3,1,((#4675,#4676),(#4677,#4678),(#4679,
#4680),(#4681,#4682),(#4683,#4684),(#4685,#4686),(#4687,#4688),(#4689,#4690),
(#4691,#4692),(#4693,#4694),(#4695,#4696),(#4697,#4698),(#4699,#4700),(#4701,
#4702),(#4703,#4704),(#4705,#4706),(#4707,#4708)),.UNSPECIFIED.,.F.,.F.,
 .F.,(4,1,1,1,1,1,1,1,1,1,1,1,1,1,4),(2,2),(0.,0.280499344070517,0.560998688141035,
0.841498032211552,1.12199737628207,1.40249672035259,1.6829960644231,1.96349540849362,
2.24399475256414,2.52449409663466,2.80499344070517,3.08549278477569,3.36599212884621,
3.64649147291673,3.92699081698724),(0.,1.56),.UNSPECIFIED.);
#29=B_SPLINE_SURFACE_WITH_KNOTS('',3,1,((#4709,#4710),(#4711,#4712),(#4713,
#4714),(#4715,#4716),(#4717,#4718),(#4719,#4720),(#4721,#4722),(#4723,#4724),
(#4725,#4726),(#4727,#4728),(#4729,#4730),(#4731,#4732),(#4733,#4734),(#4735,
#4736),(#4737,#4738),(#4739,#4740),(#4741,#4742)),.UNSPECIFIED.,.F.,.F.,
 .F.,(4,1,1,1,1,1,1,1,1,1,1,1,1,1,4),(2,2),(0.,0.381479107935904,0.762958215871807,
1.14443732380771,1.52591643174361,1.90739553967952,2.28887464761542,2.67035375555133,
3.05183286348723,3.43331197142313,3.81479107935904,4.19627018729494,4.57774929523084,
4.95922840316675,5.34070751110265),(-2.55977548657163,1.89015384615385),
 .UNSPECIFIED.);
#30=B_SPLINE_SURFACE_WITH_KNOTS('',3,1,((#4746,#4747),(#4748,#4749),(#4750,
#4751),(#4752,#4753),(#4754,#4755),(#4756,#4757),(#4758,#4759),(#4760,#4761),
(#4762,#4763),(#4764,#4765),(#4766,#4767),(#4768,#4769),(#4770,#4771),(#4772,
#4773),(#4774,#4775),(#4776,#4777),(#4778,#4779)),.UNSPECIFIED.,.F.,.F.,
 .F.,(4,1,1,1,1,1,1,1,1,1,1,1,1,1,4),(2,2),(0.,0.280499344070517,0.560998688141035,
0.841498032211552,1.12199737628207,1.40249672035259,1.6829960644231,1.96349540849362,
2.24399475256414,2.52449409663466,2.80499344070517,3.08549278477569,3.36599212884621,
3.64649147291673,3.92699081698724),(0.,1.56),.UNSPECIFIED.);
#31=B_SPLINE_SURFACE_WITH_KNOTS('',3,1,((#4786,#4787),(#4788,#4789),(#4790,
#4791),(#4792,#4793),(#4794,#4795),(#4796,#4797),(#4798,#4799),(#4800,#4801),
(#4802,#4803),(#4804,#4805),(#4806,#4807),(#4808,#4809),(#4810,#4811),(#4812,
#4813),(#4814,#4815),(#4816,#4817),(#4818,#4819)),.UNSPECIFIED.,.F.,.F.,
 .F.,(4,1,1,1,1,1,1,1,1,1,1,1,1,1,4),(2,2),(0.,0.392699081698724,0.785398163397449,
1.17809724509617,1.5707963267949,1.96349540849362,2.35619449019235,2.74889357189107,
3.14159265358979,3.53429173528852,3.92699081698724,4.31968989868597,4.71238898038469,
5.10508806208342,5.49778714378214),(0.,1.08),.UNSPECIFIED.);
#32=B_SPLINE_SURFACE_WITH_KNOTS('',3,1,((#4822,#4823),(#4824,#4825),(#4826,
#4827),(#4828,#4829),(#4830,#4831),(#4832,#4833),(#4834,#4835),(#4836,#4837),
(#4838,#4839),(#4840,#4841),(#4842,#4843),(#4844,#4845),(#4846,#4847),(#4848,
#4849),(#4850,#4851),(#4852,#4853),(#4854,#4855)),.UNSPECIFIED.,.F.,.F.,
 .F.,(4,1,1,1,1,1,1,1,1,1,1,1,1,1,4),(2,2),(0.,0.280499344070517,0.560998688141035,
0.841498032211552,1.12199737628207,1.40249672035259,1.6829960644231,1.96349540849362,
2.24399475256414,2.52449409663466,2.80499344070517,3.08549278477569,3.36599212884621,
3.64649147291673,3.92699081698724),(0.,1.56),.UNSPECIFIED.);
#33=B_SPLINE_CURVE_WITH_KNOTS('',3,(#2711,#2712,#2713,#2714),
 .UNSPECIFIED.,.F.,.F.,(4,4),(-0.510000000000012,-0.0499999999999991),
 .UNSPECIFIED.);
#34=B_SPLINE_CURVE_WITH_KNOTS('',3,(#2716,#2717,#2718,#2719),
 .UNSPECIFIED.,.F.,.F.,(4,4),(-1.45839201784827,0.),.UNSPECIFIED.);
#35=B_SPLINE_CURVE_WITH_KNOTS('',3,(#2764,#2765,#2766,#2767,#2768,#2769,
#2770,#2771,#2772,#2773,#2774,#2775),.UNSPECIFIED.,.F.,.F.,(4,2,2,2,2,4),
(-0.787268510370668,-0.685769500072067,-0.584295282374161,-0.389548432451401,
-0.194826128347438,0.),.UNSPECIFIED.);
#36=B_SPLINE_CURVE_WITH_KNOTS('',3,(#2779,#2780,#2781,#2782,#2783,#2784,
#2785,#2786,#2787,#2788,#2789,#2790,#2791,#2792,#2793,#2794,#2795,#2796,
#2797),.UNSPECIFIED.,.F.,.F.,(4,3,3,3,3,3,4),(0.,0.0974760566473148,0.201109727868959,
0.393644379005396,0.586178869444588,0.689813499801431,0.78729086667633),
 .UNSPECIFIED.);
#37=B_SPLINE_CURVE_WITH_KNOTS('',3,(#2807,#2808,#2809,#2810,#2811,#2812,
#2813,#2814,#2815,#2816,#2817,#2818,#2819),.UNSPECIFIED.,.F.,.F.,(4,3,3,
3,4),(0.,0.134631250821934,0.269706845188773,0.400484423577098,0.535634257079865),
 .UNSPECIFIED.);
#38=B_SPLINE_CURVE_WITH_KNOTS('',3,(#2822,#2823,#2824,#2825,#2826,#2827,
#2828,#2829,#2830,#2831,#2832,#2833,#2834),.UNSPECIFIED.,.F.,.F.,(4,3,3,
3,4),(0.,0.134631312114123,0.269707431794244,0.400486054923707,0.535637093287247),
 .UNSPECIFIED.);
#39=B_SPLINE_CURVE_WITH_KNOTS('',3,(#2837,#2838,#2839,#2840,#2841,#2842,
#2843,#2844,#2845,#2846,#2847,#2848,#2849,#2850,#2851,#2852,#2853,#2854,
#2855),.UNSPECIFIED.,.F.,.F.,(4,3,3,3,3,3,4),(0.,0.0974758919420034,0.201109393360344,
0.393644148524582,0.586178694442432,0.689813095310706,0.787290253261322),
 .UNSPECIFIED.);
#40=B_SPLINE_CURVE_WITH_KNOTS('',3,(#2886,#2887,#2888,#2889,#2890,#2891,
#2892,#2893,#2894,#2895,#2896,#2897,#2898,#2899,#2900,#2901,#2902,#2903,
#2904),.UNSPECIFIED.,.F.,.F.,(4,3,3,3,3,3,4),(-0.787268277352785,-0.689795106289488,
-0.586164497629363,-0.393635116755169,-0.201105945121522,-0.0974744370365708,
0.),.UNSPECIFIED.);
#41=B_SPLINE_CURVE_WITH_KNOTS('',3,(#2910,#2911,#2912,#2913),
 .UNSPECIFIED.,.F.,.F.,(4,4),(-1.58614166786702,-0.127187252610674),
 .UNSPECIFIED.);
#42=B_SPLINE_CURVE_WITH_KNOTS('',3,(#2915,#2916,#2917,#2918),
 .UNSPECIFIED.,.F.,.F.,(4,4),(-0.460000000000001,0.),.UNSPECIFIED.);
#43=B_SPLINE_CURVE_WITH_KNOTS('',3,(#2987,#2988,#2989,#2990,#2991,#2992,
#2993,#2994,#2995,#2996,#2997,#2998,#2999,#3000,#3001,#3002,#3003,#3004,
#3005,#3006,#3007,#3008,#3009,#3010,#3011,#3012,#3013,#3014,#3015,#3016,
#3017,#3018,#3019,#3020,#3021,#3022,#3023,#3024,#3025,#3026,#3027,#3028,
#3029),.UNSPECIFIED.,.F.,.F.,(4,3,3,3,3,3,3,3,3,3,3,3,3,3,4),(0.,0.0281271526646091,
0.0562543053292192,0.0843814579938293,0.112508610658439,0.140635763323049,
0.168762915987659,0.196890068652269,0.225017221316879,0.253144373981488,
0.281271526646098,0.309398679310708,0.337525831975318,0.365652984639928,
0.393780137304538),.UNSPECIFIED.);
#44=B_SPLINE_CURVE_WITH_KNOTS('',3,(#3034,#3035,#3036,#3037,#3038,#3039,
#3040,#3041,#3042,#3043,#3044,#3045,#3046,#3047,#3048,#3049,#3050,#3051,
#3052,#3053,#3054,#3055,#3056,#3057,#3058,#3059,#3060,#3061,#3062,#3063,
#3064,#3065,#3066,#3067,#3068,#3069,#3070,#3071,#3072,#3073,#3074,#3075,
#3076),.UNSPECIFIED.,.F.,.F.,(4,3,3,3,3,3,3,3,3,3,3,3,3,3,4),(-0.535547206696002,
-0.497293834789145,-0.459040462882288,-0.420787090975431,-0.382533719068573,
-0.344280347161716,-0.306026975254859,-0.267773603348001,-0.229520231441144,
-0.191266859534286,-0.153013487627429,-0.114760115720573,-0.0765067438137146,
-0.0382533719068577,0.),.UNSPECIFIED.);
#45=B_SPLINE_CURVE_WITH_KNOTS('',3,(#3106,#3107,#3108,#3109,#3110,#3111,
#3112,#3113,#3114,#3115,#3116,#3117,#3118),.UNSPECIFIED.,.F.,.F.,(4,3,3,
3,4),(-0.535637093287247,-0.400486054923707,-0.269707431794244,-0.134631312114123,
0.),.UNSPECIFIED.);
#46=B_SPLINE_CURVE_WITH_KNOTS('',3,(#3141,#3142,#3143,#3144,#3145,#3146,
#3147,#3148,#3149,#3150,#3151,#3152,#3153),.UNSPECIFIED.,.F.,.F.,(4,3,3,
3,4),(-0.535634257079865,-0.400484423577098,-0.269706845188773,-0.134631250821934,
0.),.UNSPECIFIED.);
#47=B_SPLINE_CURVE_WITH_KNOTS('',3,(#3239,#3240,#3241,#3242,#3243,#3244,
#3245,#3246,#3247,#3248,#3249,#3250,#3251,#3252,#3253,#3254,#3255,#3256,
#3257,#3258,#3259,#3260),.UNSPECIFIED.,.F.,.F.,(4,3,3,3,3,3,3,4),(-0.447674092132348,
-0.391717897216861,-0.335761702301373,-0.279805507385884,-0.223849312470397,
-0.167893117554908,-0.11193692263942,-0.0736496219378118),.UNSPECIFIED.);
#48=B_SPLINE_CURVE_WITH_KNOTS('',3,(#3261,#3262,#3263,#3264,#3265,#3266,
#3267,#3268,#3269,#3270,#3271,#3272,#3273,#3274,#3275,#3276,#3277,#3278,
#3279,#3280,#3281,#3282,#3283,#3284,#3285,#3286,#3287,#3288),
 .UNSPECIFIED.,.F.,.F.,(4,3,3,3,3,3,3,3,3,4),(-0.41254796033777,-0.394741564862549,
-0.338349912739329,-0.281958260616107,-0.253762434554497,-0.225566608492886,
-0.169174956369664,-0.112783304246443,-0.0563916521232214,0.),
 .UNSPECIFIED.);
#49=B_SPLINE_CURVE_WITH_KNOTS('',3,(#3290,#3291,#3292,#3293,#3294,#3295,
#3296,#3297,#3298,#3299,#3300,#3301,#3302,#3303,#3304,#3305,#3306,#3307,
#3308,#3309,#3310,#3311,#3312,#3313,#3314,#3315,#3316,#3317,#3318,#3319,
#3320,#3321,#3322,#3323,#3324,#3325,#3326,#3327,#3328,#3329,#3330,#3331,
#3332,#3333,#3334,#3335),.UNSPECIFIED.,.F.,.F.,(4,3,3,3,3,3,3,3,3,3,3,3,
3,3,3,4),(0.,0.0562558337756646,0.112511667551329,0.168767501326993,0.225023335102658,
0.253151251990491,0.281279168878322,0.337535002653987,0.393790836429651,
0.450046670205316,0.506302503980981,0.562558337756645,0.61881417153231,
0.675070005307975,0.731325839083639,0.787581672859303),.UNSPECIFIED.);
#50=B_SPLINE_CURVE_WITH_KNOTS('',3,(#3365,#3366,#3367,#3368,#3369,#3370),
 .UNSPECIFIED.,.F.,.F.,(4,2,4),(-0.825120470589495,-0.552517045053918,0.),
 .UNSPECIFIED.);
#51=B_SPLINE_CURVE_WITH_KNOTS('',3,(#3409,#3410,#3411,#3412,#3413,#3414,
#3415,#3416,#3417,#3418,#3419,#3420,#3421,#3422,#3423,#3424,#3425,#3426,
#3427,#3428,#3429,#3430,#3431,#3432,#3433),.UNSPECIFIED.,.F.,.F.,(4,3,3,
3,3,3,3,3,4),(-0.374579579878378,-0.33646531040014,-0.280387758666784,-0.252348982800106,
-0.224310206933427,-0.168232655200071,-0.112155103466713,-0.0560775517333567,
0.),.UNSPECIFIED.);
#52=B_SPLINE_CURVE_WITH_KNOTS('',3,(#3436,#3437,#3438,#3439,#3440,#3441,
#3442,#3443,#3444,#3445,#3446,#3447,#3448,#3449,#3450,#3451,#3452,#3453,
#3454,#3455,#3456,#3457,#3458,#3459,#3460,#3461,#3462,#3463,#3464,#3465,
#3466,#3467,#3468,#3469,#3470,#3471,#3472,#3473,#3474,#3475,#3476,#3477,
#3478,#3479,#3480,#3481),.UNSPECIFIED.,.F.,.F.,(4,3,3,3,3,3,3,3,3,3,3,3,
3,3,3,4),(0.,0.0562558524262101,0.11251170485242,0.168767557278631,0.22502340970484,
0.253151335917946,0.281279262131051,0.33753511455726,0.393790966983471,
0.450046819409681,0.506302671835891,0.562558524262101,0.618814376688311,
0.675070229114522,0.731326081540732,0.787581933966941),.UNSPECIFIED.);
#53=B_SPLINE_CURVE_WITH_KNOTS('',3,(#3482,#3483,#3484,#3485,#3486,#3487,
#3488,#3489,#3490,#3491,#3492,#3493,#3494,#3495,#3496,#3497,#3498,#3499,
#3500,#3501,#3502,#3503,#3504,#3505,#3506),.UNSPECIFIED.,.F.,.F.,(4,3,3,
3,3,3,3,3,4),(-0.787581933966645,-0.73118783841381,-0.674793742860975,-0.618399647308141,
-0.562005551755306,-0.505611456202472,-0.449217360649637,-0.392823265096803,
-0.374758584584703),.UNSPECIFIED.);
#54=B_SPLINE_CURVE_WITH_KNOTS('',3,(#3519,#3520,#3521,#3522,#3523,#3524,
#3525,#3526,#3527,#3528,#3529,#3530,#3531,#3532,#3533,#3534,#3535,#3536,
#3537,#3538,#3539,#3540,#3541,#3542,#3543,#3544,#3545,#3546,#3547,#3548,
#3549,#3550,#3551,#3552,#3553,#3554,#3555,#3556,#3557,#3558,#3559,#3560,
#3561),.UNSPECIFIED.,.F.,.F.,(4,3,3,3,3,3,3,3,3,3,3,3,3,3,4),(-0.393786521626854,
-0.365658912939222,-0.33753130425159,-0.309403695563957,-0.281276086876324,
-0.253148478188692,-0.22502086950106,-0.196893260813427,-0.168765652125794,
-0.140638043438163,-0.11251043475053,-0.0843828260628973,-0.0562552173752649,
-0.0281276086876324,0.),.UNSPECIFIED.);
#55=B_SPLINE_CURVE_WITH_KNOTS('',3,(#3567,#3568,#3569,#3570,#3571,#3572,
#3573,#3574,#3575,#3576,#3577,#3578,#3579,#3580,#3581,#3582,#3583,#3584,
#3585,#3586,#3587,#3588,#3589,#3590,#3591,#3592,#3593,#3594,#3595,#3596,
#3597,#3598,#3599,#3600,#3601,#3602,#3603,#3604,#3605,#3606,#3607,#3608,
#3609),.UNSPECIFIED.,.F.,.F.,(4,3,3,3,3,3,3,3,3,3,3,3,3,3,4),(0.,0.028127175130942,
0.0562543502618856,0.0843815253928291,0.112508700523773,0.140635875654715,
0.168763050785659,0.196890225916602,0.225017401047546,0.253144576178489,
0.281271751309432,0.309398926440375,0.337526101571319,0.365653276702262,
0.393780451833205),.UNSPECIFIED.);
#56=B_SPLINE_CURVE_WITH_KNOTS('',3,(#3612,#3613,#3614,#3615,#3616,#3617),
 .UNSPECIFIED.,.F.,.F.,(4,2,4),(-1.10807564397557,-0.778391478322328,-0.615356799708333),
 .UNSPECIFIED.);
#57=B_SPLINE_CURVE_WITH_KNOTS('',3,(#3670,#3671,#3672,#3673,#3674,#3675,
#3676,#3677,#3678,#3679,#3680,#3681,#3682,#3683,#3684,#3685,#3686,#3687,
#3688,#3689,#3690,#3691,#3692,#3693,#3694,#3695,#3696,#3697,#3698,#3699,
#3700,#3701,#3702,#3703,#3704,#3705,#3706,#3707,#3708,#3709,#3710,#3711,
#3712),.UNSPECIFIED.,.F.,.F.,(4,3,3,3,3,3,3,3,3,3,3,3,3,3,4),(-0.551301358740031,
-0.511922690258601,-0.47254402177717,-0.433165353295739,-0.393786684814308,
-0.354408016332877,-0.315029347851446,-0.275650679370015,-0.236272010888585,
-0.196893342407153,-0.157514673925723,-0.118136005444292,-0.078757336962861,
-0.03937866848143,0.),.UNSPECIFIED.);
#58=B_SPLINE_CURVE_WITH_KNOTS('',3,(#3725,#3726,#3727,#3728,#3729,#3730,
#3731,#3732,#3733,#3734,#3735,#3736,#3737,#3738,#3739,#3740,#3741,#3742,
#3743,#3744,#3745,#3746,#3747,#3748,#3749,#3750,#3751,#3752,#3753,#3754,
#3755,#3756,#3757,#3758,#3759,#3760,#3761,#3762,#3763,#3764,#3765,#3766,
#3767),.UNSPECIFIED.,.F.,.F.,(4,3,3,3,3,3,3,3,3,3,3,3,3,3,4),(-0.551301753398136,
-0.511923056726841,-0.472544360055545,-0.43316566338425,-0.393786966712954,
-0.354408270041659,-0.315029573370363,-0.275650876699068,-0.236272180027773,
-0.196893483356477,-0.157514786685182,-0.118136090013886,-0.078757393342591,
-0.0393786966712954,0.),.UNSPECIFIED.);
#59=B_SPLINE_CURVE_WITH_KNOTS('',3,(#3780,#3781,#3782,#3783,#3784,#3785,
#3786,#3787,#3788,#3789,#3790,#3791,#3792,#3793,#3794,#3795,#3796,#3797,
#3798,#3799,#3800,#3801,#3802,#3803,#3804,#3805,#3806,#3807,#3808,#3809,
#3810,#3811,#3812,#3813,#3814,#3815,#3816,#3817,#3818,#3819,#3820,#3821,
#3822),.UNSPECIFIED.,.F.,.F.,(4,3,3,3,3,3,3,3,3,3,3,3,3,3,4),(-0.551302200692423,
-0.511923472071536,-0.472544743450648,-0.433166014829761,-0.393787286208873,
-0.354408557587986,-0.315029828967098,-0.275651100346211,-0.236272371725324,
-0.196893643104437,-0.15751491448355,-0.118136185862662,-0.0787574572417747,
-0.0393787286208873,0.),.UNSPECIFIED.);
#60=B_SPLINE_CURVE_WITH_KNOTS('',3,(#3833,#3834,#3835,#3836,#3837,#3838,
#3839,#3840,#3841,#3842,#3843,#3844,#3845,#3846,#3847,#3848,#3849,#3850,
#3851,#3852,#3853,#3854,#3855,#3856,#3857,#3858,#3859,#3860,#3861,#3862,
#3863,#3864,#3865,#3866,#3867,#3868,#3869,#3870,#3871,#3872,#3873,#3874,
#3875),.UNSPECIFIED.,.F.,.F.,(4,3,3,3,3,3,3,3,3,3,3,3,3,3,4),(-0.551301753398734,
-0.511923056727397,-0.472544360056058,-0.43316566338472,-0.393786966713381,
-0.354408270042044,-0.315029573370705,-0.275650876699367,-0.23627218002803,
-0.196893483356691,-0.157514786685353,-0.118136090014014,-0.0787573933426764,
-0.0393786966713381,0.),.UNSPECIFIED.);
#61=B_SPLINE_CURVE_WITH_KNOTS('',3,(#3897,#3898,#3899,#3900,#3901,#3902,
#3903,#3904,#3905,#3906,#3907,#3908,#3909,#3910,#3911,#3912,#3913,#3914,
#3915,#3916,#3917,#3918,#3919,#3920,#3921,#3922,#3923,#3924,#3925,#3926,
#3927,#3928,#3929,#3930,#3931,#3932,#3933,#3934,#3935,#3936,#3937,#3938,
#3939),.UNSPECIFIED.,.F.,.F.,(4,3,3,3,3,3,3,3,3,3,3,3,3,3,4),(-0.393780137304538,
-0.365652984639928,-0.337525831975318,-0.309398679310708,-0.281271526646098,
-0.253144373981488,-0.225017221316879,-0.196890068652269,-0.168762915987659,
-0.140635763323049,-0.112508610658439,-0.0843814579938293,-0.0562543053292192,
-0.0281271526646091,0.),.UNSPECIFIED.);
#62=B_SPLINE_CURVE_WITH_KNOTS('',3,(#3964,#3965,#3966,#3967,#3968,#3969,
#3970,#3971,#3972,#3973,#3974,#3975,#3976,#3977,#3978,#3979,#3980,#3981,
#3982,#3983,#3984,#3985,#3986,#3987,#3988,#3989,#3990,#3991,#3992,#3993,
#3994,#3995,#3996,#3997,#3998,#3999,#4000,#4001,#4002,#4003,#4004,#4005,
#4006),.UNSPECIFIED.,.F.,.F.,(4,3,3,3,3,3,3,3,3,3,3,3,3,3,4),(-0.551292074400723,
-0.511914069086386,-0.472536063772049,-0.433158058457711,-0.393780053143373,
-0.354402047829037,-0.315024042514699,-0.275646037200362,-0.236268031886025,
-0.196890026571687,-0.15751202125735,-0.118134015943012,-0.0787560106286749,
-0.039378005314337,0.),.UNSPECIFIED.);
#63=B_SPLINE_CURVE_WITH_KNOTS('',3,(#4032,#4033,#4034,#4035,#4036,#4037,
#4038,#4039,#4040,#4041,#4042,#4043,#4044,#4045,#4046,#4047,#4048,#4049,
#4050,#4051,#4052,#4053,#4054,#4055,#4056,#4057,#4058,#4059,#4060,#4061,
#4062,#4063,#4064,#4065,#4066,#4067,#4068,#4069,#4070,#4071,#4072,#4073,
#4074),.UNSPECIFIED.,.F.,.F.,(4,3,3,3,3,3,3,3,3,3,3,3,3,3,4),(-0.393786603160874,
-0.365658988649384,-0.337531374137892,-0.309403759626401,-0.28127614511491,
-0.253148530603419,-0.225020916091928,-0.196893301580437,-0.168765687068946,
-0.140638072557455,-0.112510458045964,-0.084382843534473,-0.056255229022982,
-0.028127614511491,0.),.UNSPECIFIED.);
#64=B_SPLINE_CURVE_WITH_KNOTS('',3,(#4099,#4100,#4101,#4102,#4103,#4104,
#4105,#4106,#4107,#4108,#4109,#4110,#4111,#4112,#4113,#4114,#4115,#4116,
#4117,#4118,#4119,#4120,#4121,#4122,#4123,#4124,#4125,#4126,#4127,#4128,
#4129,#4130,#4131,#4132,#4133,#4134,#4135,#4136,#4137,#4138,#4139,#4140,
#4141),.UNSPECIFIED.,.F.,.F.,(4,3,3,3,3,3,3,3,3,3,3,3,3,3,4),(0.,0.0393786966712194,
0.0787573933424395,0.118136090013659,0.15751478668488,0.196893483356099,
0.23627218002732,0.27565087669854,0.315029573369759,0.35440827004098,0.393786966712199,
0.43316566338342,0.47254436005464,0.51192305672586,0.551301753397079),
 .UNSPECIFIED.);
#65=B_SPLINE_CURVE_WITH_KNOTS('',3,(#4165,#4166,#4167,#4168,#4169,#4170,
#4171,#4172,#4173,#4174,#4175,#4176,#4177,#4178,#4179,#4180,#4181,#4182,
#4183,#4184,#4185,#4186,#4187,#4188,#4189,#4190,#4191,#4192,#4193,#4194,
#4195,#4196,#4197,#4198,#4199,#4200,#4201,#4202,#4203,#4204,#4205,#4206,
#4207),.UNSPECIFIED.,.F.,.F.,(4,3,3,3,3,3,3,3,3,3,3,3,3,3,4),(-0.393780451834431,
-0.365653276703402,-0.337526101572371,-0.30939892644134,-0.281271751310309,
-0.253144576179278,-0.225017401048247,-0.196890225917216,-0.168763050786185,
-0.140635875655154,-0.112508700524124,-0.0843815253930926,-0.0562543502620614,
-0.0281271751310302,0.),.UNSPECIFIED.);
#66=B_SPLINE_CURVE_WITH_KNOTS('',3,(#4232,#4233,#4234,#4235,#4236,#4237,
#4238,#4239,#4240,#4241,#4242,#4243,#4244,#4245,#4246,#4247,#4248,#4249,
#4250,#4251,#4252,#4253,#4254,#4255,#4256,#4257,#4258,#4259,#4260,#4261,
#4262,#4263,#4264,#4265,#4266,#4267,#4268,#4269,#4270,#4271,#4272,#4273,
#4274),.UNSPECIFIED.,.F.,.F.,(4,3,3,3,3,3,3,3,3,3,3,3,3,3,4),(-0.551292366092513,
-0.511914339943048,-0.472536313793582,-0.433158287644117,-0.393780261494651,
-0.354402235345186,-0.31502420919572,-0.275646183046255,-0.23626815689679,
-0.196890130747325,-0.15751210459786,-0.118134078448394,-0.0787560522989288,
-0.0393780261494629,0.),.UNSPECIFIED.);
#67=B_SPLINE_CURVE_WITH_KNOTS('',3,(#4298,#4299,#4300,#4301,#4302,#4303,
#4304,#4305,#4306,#4307,#4308,#4309,#4310,#4311,#4312,#4313,#4314,#4315,
#4316,#4317,#4318,#4319,#4320,#4321,#4322,#4323,#4324,#4325,#4326,#4327,
#4328,#4329,#4330,#4331,#4332,#4333,#4334,#4335,#4336,#4337,#4338,#4339,
#4340),.UNSPECIFIED.,.F.,.F.,(4,3,3,3,3,3,3,3,3,3,3,3,3,3,4),(-0.393786521625972,
-0.365658912938404,-0.337531304250834,-0.309403695563264,-0.281276086875695,
-0.253148478188126,-0.225020869500556,-0.196893260812986,-0.168765652125416,
-0.140638043437848,-0.112510434750278,-0.0843828260627085,-0.056255217375139,
-0.0281276086875695,0.),.UNSPECIFIED.);
#68=B_SPLINE_CURVE_WITH_KNOTS('',3,(#4366,#4367,#4368,#4369,#4370,#4371,
#4372,#4373,#4374,#4375,#4376,#4377,#4378,#4379,#4380,#4381,#4382,#4383,
#4384,#4385,#4386,#4387,#4388,#4389,#4390,#4391,#4392,#4393,#4394,#4395,
#4396,#4397,#4398,#4399,#4400,#4401,#4402,#4403,#4404,#4405,#4406,#4407,
#4408),.UNSPECIFIED.,.F.,.F.,(4,3,3,3,3,3,3,3,3,3,3,3,3,3,4),(0.,0.0393786966711985,
0.0787573933423972,0.118136090013595,0.157514786684795,0.196893483355993,
0.236272180027192,0.27565087669839,0.315029573369588,0.354408270040787,
0.393786966711986,0.433165663383185,0.472544360054383,0.511923056725582,
0.55130175339678),.UNSPECIFIED.);
#69=B_SPLINE_CURVE_WITH_KNOTS('',3,(#4419,#4420,#4421,#4422,#4423,#4424,
#4425,#4426,#4427,#4428,#4429,#4430,#4431,#4432,#4433,#4434,#4435,#4436,
#4437,#4438,#4439,#4440,#4441,#4442,#4443,#4444,#4445,#4446,#4447,#4448,
#4449,#4450,#4451,#4452,#4453,#4454,#4455,#4456,#4457,#4458,#4459,#4460,
#4461),.UNSPECIFIED.,.F.,.F.,(4,3,3,3,3,3,3,3,3,3,3,3,3,3,4),(0.,0.0382533378503332,
0.0765066757006663,0.114760013550999,0.153013351401332,0.191266689251666,
0.229520027101999,0.267773364952333,0.306026702802665,0.344280040652998,
0.382533378503332,0.420786716353665,0.459040054203998,0.497293392054332,
0.535546729904664),.UNSPECIFIED.);
#70=B_SPLINE_CURVE_WITH_KNOTS('',3,(#4465,#4466,#4467,#4468,#4469,#4470,
#4471,#4472,#4473,#4474,#4475,#4476,#4477,#4478,#4479,#4480,#4481,#4482,
#4483,#4484,#4485,#4486,#4487,#4488,#4489,#4490,#4491,#4492,#4493,#4494,
#4495,#4496,#4497,#4498,#4499,#4500,#4501,#4502,#4503,#4504,#4505,#4506,
#4507),.UNSPECIFIED.,.F.,.F.,(4,3,3,3,3,3,3,3,3,3,3,3,3,3,4),(-0.393786603160805,
-0.365658988649319,-0.337531374137833,-0.309403759626347,-0.28127614511486,
-0.253148530603375,-0.225020916091889,-0.196893301580402,-0.168765687068916,
-0.140638072557431,-0.112510458045944,-0.0843828435344582,-0.0562552290229722,
-0.028127614511486,0.),.UNSPECIFIED.);
#71=FACE_BOUND('',#264,.T.);
#72=FACE_BOUND('',#265,.T.);
#73=FACE_BOUND('',#267,.T.);
#74=FACE_BOUND('',#268,.T.);
#75=FACE_BOUND('',#275,.T.);
#76=FACE_BOUND('',#286,.T.);
#77=FACE_BOUND('',#287,.T.);
#78=FACE_BOUND('',#289,.T.);
#79=FACE_BOUND('',#301,.T.);
#80=FACE_BOUND('',#302,.T.);
#81=FACE_BOUND('',#304,.T.);
#82=FACE_BOUND('',#305,.T.);
#83=FACE_BOUND('',#314,.T.);
#84=FACE_BOUND('',#315,.T.);
#85=FACE_BOUND('',#323,.T.);
#86=FACE_BOUND('',#324,.T.);
#87=FACE_BOUND('',#332,.T.);
#88=FACE_BOUND('',#333,.T.);
#89=FACE_BOUND('',#341,.T.);
#90=FACE_BOUND('',#342,.T.);
#91=FACE_BOUND('',#349,.T.);
#92=FACE_BOUND('',#350,.T.);
#93=PLANE('',#2067);
#94=PLANE('',#2068);
#95=PLANE('',#2069);
#96=PLANE('',#2071);
#97=PLANE('',#2073);
#98=PLANE('',#2074);
#99=PLANE('',#2075);
#100=PLANE('',#2076);
#101=PLANE('',#2078);
#102=PLANE('',#2103);
#103=PLANE('',#2104);
#104=PLANE('',#2106);
#105=PLANE('',#2107);
#106=PLANE('',#2109);
#107=PLANE('',#2110);
#108=PLANE('',#2111);
#109=PLANE('',#2113);
#110=PLANE('',#2114);
#111=PLANE('',#2115);
#112=PLANE('',#2116);
#113=PLANE('',#2120);
#114=PLANE('',#2122);
#115=PLANE('',#2123);
#116=PLANE('',#2125);
#117=PLANE('',#2127);
#118=PLANE('',#2131);
#119=PLANE('',#2133);
#120=PLANE('',#2134);
#121=PLANE('',#2136);
#122=PLANE('',#2138);
#123=PLANE('',#2142);
#124=PLANE('',#2144);
#125=PLANE('',#2145);
#126=PLANE('',#2147);
#127=PLANE('',#2149);
#128=PLANE('',#2153);
#129=PLANE('',#2155);
#130=PLANE('',#2156);
#131=PLANE('',#2158);
#132=PLANE('',#2160);
#133=PLANE('',#2161);
#134=PLANE('',#2162);
#135=PLANE('',#2163);
#136=PLANE('',#2164);
#137=PLANE('',#2165);
#138=PLANE('',#2166);
#139=PLANE('',#2167);
#140=PLANE('',#2168);
#141=PLANE('',#2169);
#142=PLANE('',#2170);
#143=PLANE('',#2171);
#144=PLANE('',#2172);
#145=PLANE('',#2173);
#146=PLANE('',#2174);
#147=PLANE('',#2175);
#148=PLANE('',#2176);
#149=PLANE('',#2177);
#150=PLANE('',#2178);
#151=PLANE('',#2179);
#152=PLANE('',#2180);
#153=PLANE('',#2181);
#154=PLANE('',#2182);
#155=PLANE('',#2183);
#156=PLANE('',#2184);
#157=FACE_OUTER_BOUND('',#259,.T.);
#158=FACE_OUTER_BOUND('',#260,.T.);
#159=FACE_OUTER_BOUND('',#261,.T.);
#160=FACE_OUTER_BOUND('',#262,.T.);
#161=FACE_OUTER_BOUND('',#263,.T.);
#162=FACE_OUTER_BOUND('',#266,.T.);
#163=FACE_OUTER_BOUND('',#269,.T.);
#164=FACE_OUTER_BOUND('',#270,.T.);
#165=FACE_OUTER_BOUND('',#271,.T.);
#166=FACE_OUTER_BOUND('',#272,.T.);
#167=FACE_OUTER_BOUND('',#273,.T.);
#168=FACE_OUTER_BOUND('',#274,.T.);
#169=FACE_OUTER_BOUND('',#276,.T.);
#170=FACE_OUTER_BOUND('',#277,.T.);
#171=FACE_OUTER_BOUND('',#278,.T.);
#172=FACE_OUTER_BOUND('',#279,.T.);
#173=FACE_OUTER_BOUND('',#280,.T.);
#174=FACE_OUTER_BOUND('',#281,.T.);
#175=FACE_OUTER_BOUND('',#282,.T.);
#176=FACE_OUTER_BOUND('',#283,.T.);
#177=FACE_OUTER_BOUND('',#284,.T.);
#178=FACE_OUTER_BOUND('',#285,.T.);
#179=FACE_OUTER_BOUND('',#288,.T.);
#180=FACE_OUTER_BOUND('',#290,.T.);
#181=FACE_OUTER_BOUND('',#291,.T.);
#182=FACE_OUTER_BOUND('',#292,.T.);
#183=FACE_OUTER_BOUND('',#293,.T.);
#184=FACE_OUTER_BOUND('',#294,.T.);
#185=FACE_OUTER_BOUND('',#295,.T.);
#186=FACE_OUTER_BOUND('',#296,.T.);
#187=FACE_OUTER_BOUND('',#297,.T.);
#188=FACE_OUTER_BOUND('',#298,.T.);
#189=FACE_OUTER_BOUND('',#299,.T.);
#190=FACE_OUTER_BOUND('',#300,.T.);
#191=FACE_OUTER_BOUND('',#303,.T.);
#192=FACE_OUTER_BOUND('',#306,.T.);
#193=FACE_OUTER_BOUND('',#307,.T.);
#194=FACE_OUTER_BOUND('',#308,.T.);
#195=FACE_OUTER_BOUND('',#309,.T.);
#196=FACE_OUTER_BOUND('',#310,.T.);
#197=FACE_OUTER_BOUND('',#311,.T.);
#198=FACE_OUTER_BOUND('',#312,.T.);
#199=FACE_OUTER_BOUND('',#313,.T.);
#200=FACE_OUTER_BOUND('',#316,.T.);
#201=FACE_OUTER_BOUND('',#317,.T.);
#202=FACE_OUTER_BOUND('',#318,.T.);
#203=FACE_OUTER_BOUND('',#319,.T.);
#204=FACE_OUTER_BOUND('',#320,.T.);
#205=FACE_OUTER_BOUND('',#321,.T.);
#206=FACE_OUTER_BOUND('',#322,.T.);
#207=FACE_OUTER_BOUND('',#325,.T.);
#208=FACE_OUTER_BOUND('',#326,.T.);
#209=FACE_OUTER_BOUND('',#327,.T.);
#210=FACE_OUTER_BOUND('',#328,.T.);
#211=FACE_OUTER_BOUND('',#329,.T.);
#212=FACE_OUTER_BOUND('',#330,.T.);
#213=FACE_OUTER_BOUND('',#331,.T.);
#214=FACE_OUTER_BOUND('',#334,.T.);
#215=FACE_OUTER_BOUND('',#335,.T.);
#216=FACE_OUTER_BOUND('',#336,.T.);
#217=FACE_OUTER_BOUND('',#337,.T.);
#218=FACE_OUTER_BOUND('',#338,.T.);
#219=FACE_OUTER_BOUND('',#339,.T.);
#220=FACE_OUTER_BOUND('',#340,.T.);
#221=FACE_OUTER_BOUND('',#343,.T.);
#222=FACE_OUTER_BOUND('',#344,.T.);
#223=FACE_OUTER_BOUND('',#345,.T.);
#224=FACE_OUTER_BOUND('',#346,.T.);
#225=FACE_OUTER_BOUND('',#347,.T.);
#226=FACE_OUTER_BOUND('',#348,.T.);
#227=FACE_OUTER_BOUND('',#351,.T.);
#228=FACE_OUTER_BOUND('',#352,.T.);
#229=FACE_OUTER_BOUND('',#353,.T.);
#230=FACE_OUTER_BOUND('',#354,.T.);
#231=FACE_OUTER_BOUND('',#355,.T.);
#232=FACE_OUTER_BOUND('',#356,.T.);
#233=FACE_OUTER_BOUND('',#357,.T.);
#234=FACE_OUTER_BOUND('',#358,.T.);
#235=FACE_OUTER_BOUND('',#359,.T.);
#236=FACE_OUTER_BOUND('',#360,.T.);
#237=FACE_OUTER_BOUND('',#361,.T.);
#238=FACE_OUTER_BOUND('',#362,.T.);
#239=FACE_OUTER_BOUND('',#363,.T.);
#240=FACE_OUTER_BOUND('',#364,.T.);
#241=FACE_OUTER_BOUND('',#365,.T.);
#242=FACE_OUTER_BOUND('',#366,.T.);
#243=FACE_OUTER_BOUND('',#367,.T.);
#244=FACE_OUTER_BOUND('',#368,.T.);
#245=FACE_OUTER_BOUND('',#369,.T.);
#246=FACE_OUTER_BOUND('',#370,.T.);
#247=FACE_OUTER_BOUND('',#371,.T.);
#248=FACE_OUTER_BOUND('',#372,.T.);
#249=FACE_OUTER_BOUND('',#373,.T.);
#250=FACE_OUTER_BOUND('',#374,.T.);
#251=FACE_OUTER_BOUND('',#375,.T.);
#252=FACE_OUTER_BOUND('',#376,.T.);
#253=FACE_OUTER_BOUND('',#377,.T.);
#254=FACE_OUTER_BOUND('',#378,.T.);
#255=FACE_OUTER_BOUND('',#379,.T.);
#256=FACE_OUTER_BOUND('',#380,.T.);
#257=FACE_OUTER_BOUND('',#381,.T.);
#258=FACE_OUTER_BOUND('',#382,.T.);
#259=EDGE_LOOP('',(#1339,#1340,#1341,#1342));
#260=EDGE_LOOP('',(#1343,#1344,#1345,#1346));
#261=EDGE_LOOP('',(#1347,#1348,#1349,#1350));
#262=EDGE_LOOP('',(#1351,#1352,#1353,#1354));
#263=EDGE_LOOP('',(#1355,#1356,#1357,#1358,#1359,#1360));
#264=EDGE_LOOP('',(#1361));
#265=EDGE_LOOP('',(#1362,#1363,#1364,#1365));
#266=EDGE_LOOP('',(#1366,#1367,#1368,#1369,#1370,#1371,#1372,#1373,#1374,
#1375,#1376));
#267=EDGE_LOOP('',(#1377));
#268=EDGE_LOOP('',(#1378,#1379,#1380,#1381));
#269=EDGE_LOOP('',(#1382,#1383,#1384,#1385,#1386));
#270=EDGE_LOOP('',(#1387,#1388,#1389,#1390,#1391));
#271=EDGE_LOOP('',(#1392,#1393,#1394,#1395));
#272=EDGE_LOOP('',(#1396,#1397,#1398,#1399,#1400,#1401,#1402,#1403,#1404,
#1405,#1406,#1407));
#273=EDGE_LOOP('',(#1408,#1409,#1410,#1411));
#274=EDGE_LOOP('',(#1412,#1413,#1414,#1415,#1416,#1417,#1418,#1419,#1420,
#1421,#1422,#1423));
#275=EDGE_LOOP('',(#1424));
#276=EDGE_LOOP('',(#1425,#1426,#1427,#1428));
#277=EDGE_LOOP('',(#1429,#1430,#1431,#1432));
#278=EDGE_LOOP('',(#1433,#1434,#1435,#1436));
#279=EDGE_LOOP('',(#1437,#1438,#1439,#1440));
#280=EDGE_LOOP('',(#1441,#1442,#1443,#1444));
#281=EDGE_LOOP('',(#1445,#1446,#1447,#1448));
#282=EDGE_LOOP('',(#1449,#1450,#1451,#1452));
#283=EDGE_LOOP('',(#1453,#1454,#1455,#1456));
#284=EDGE_LOOP('',(#1457,#1458,#1459,#1460));
#285=EDGE_LOOP('',(#1461,#1462,#1463,#1464,#1465,#1466));
#286=EDGE_LOOP('',(#1467));
#287=EDGE_LOOP('',(#1468));
#288=EDGE_LOOP('',(#1469,#1470,#1471,#1472,#1473,#1474));
#289=EDGE_LOOP('',(#1475));
#290=EDGE_LOOP('',(#1476,#1477,#1478,#1479));
#291=EDGE_LOOP('',(#1480,#1481,#1482,#1483));
#292=EDGE_LOOP('',(#1484,#1485,#1486,#1487));
#293=EDGE_LOOP('',(#1488,#1489,#1490,#1491,#1492,#1493,#1494,#1495,#1496,
#1497));
#294=EDGE_LOOP('',(#1498,#1499,#1500,#1501));
#295=EDGE_LOOP('',(#1502,#1503,#1504,#1505,#1506,#1507));
#296=EDGE_LOOP('',(#1508,#1509,#1510,#1511));
#297=EDGE_LOOP('',(#1512,#1513,#1514,#1515));
#298=EDGE_LOOP('',(#1516,#1517,#1518,#1519,#1520,#1521));
#299=EDGE_LOOP('',(#1522,#1523,#1524,#1525));
#300=EDGE_LOOP('',(#1526,#1527,#1528,#1529,#1530,#1531));
#301=EDGE_LOOP('',(#1532));
#302=EDGE_LOOP('',(#1533));
#303=EDGE_LOOP('',(#1534,#1535,#1536,#1537,#1538,#1539));
#304=EDGE_LOOP('',(#1540));
#305=EDGE_LOOP('',(#1541));
#306=EDGE_LOOP('',(#1542,#1543,#1544,#1545));
#307=EDGE_LOOP('',(#1546,#1547,#1548,#1549,#1550));
#308=EDGE_LOOP('',(#1551,#1552,#1553,#1554,#1555));
#309=EDGE_LOOP('',(#1556,#1557,#1558,#1559));
#310=EDGE_LOOP('',(#1560,#1561,#1562,#1563));
#311=EDGE_LOOP('',(#1564,#1565,#1566,#1567,#1568,#1569,#1570,#1571,#1572,
#1573,#1574,#1575,#1576,#1577,#1578,#1579,#1580,#1581,#1582,#1583,#1584,
#1585,#1586,#1587,#1588,#1589,#1590,#1591,#1592,#1593,#1594,#1595,#1596,
#1597,#1598,#1599,#1600,#1601,#1602,#1603,#1604));
#312=EDGE_LOOP('',(#1605,#1606,#1607,#1608));
#313=EDGE_LOOP('',(#1609,#1610,#1611,#1612,#1613,#1614,#1615,#1616,#1617,
#1618,#1619,#1620));
#314=EDGE_LOOP('',(#1621));
#315=EDGE_LOOP('',(#1622));
#316=EDGE_LOOP('',(#1623,#1624,#1625,#1626));
#317=EDGE_LOOP('',(#1627,#1628,#1629,#1630,#1631,#1632,#1633,#1634,#1635,
#1636));
#318=EDGE_LOOP('',(#1637,#1638,#1639,#1640));
#319=EDGE_LOOP('',(#1641,#1642,#1643,#1644));
#320=EDGE_LOOP('',(#1645,#1646,#1647,#1648));
#321=EDGE_LOOP('',(#1649,#1650,#1651,#1652));
#322=EDGE_LOOP('',(#1653,#1654,#1655,#1656,#1657,#1658,#1659,#1660,#1661,
#1662,#1663,#1664));
#323=EDGE_LOOP('',(#1665));
#324=EDGE_LOOP('',(#1666));
#325=EDGE_LOOP('',(#1667,#1668,#1669,#1670));
#326=EDGE_LOOP('',(#1671,#1672,#1673,#1674,#1675,#1676,#1677,#1678,#1679,
#1680));
#327=EDGE_LOOP('',(#1681,#1682,#1683,#1684));
#328=EDGE_LOOP('',(#1685,#1686,#1687,#1688));
#329=EDGE_LOOP('',(#1689,#1690,#1691,#1692));
#330=EDGE_LOOP('',(#1693,#1694,#1695,#1696));
#331=EDGE_LOOP('',(#1697,#1698,#1699,#1700,#1701,#1702,#1703,#1704,#1705,
#1706,#1707,#1708));
#332=EDGE_LOOP('',(#1709));
#333=EDGE_LOOP('',(#1710));
#334=EDGE_LOOP('',(#1711,#1712,#1713,#1714));
#335=EDGE_LOOP('',(#1715,#1716,#1717,#1718,#1719,#1720,#1721,#1722,#1723,
#1724));
#336=EDGE_LOOP('',(#1725,#1726,#1727,#1728));
#337=EDGE_LOOP('',(#1729,#1730,#1731,#1732));
#338=EDGE_LOOP('',(#1733,#1734,#1735,#1736));
#339=EDGE_LOOP('',(#1737,#1738,#1739,#1740));
#340=EDGE_LOOP('',(#1741,#1742,#1743,#1744,#1745,#1746,#1747,#1748,#1749,
#1750));
#341=EDGE_LOOP('',(#1751));
#342=EDGE_LOOP('',(#1752));
#343=EDGE_LOOP('',(#1753,#1754,#1755,#1756,#1757));
#344=EDGE_LOOP('',(#1758,#1759,#1760,#1761,#1762,#1763,#1764,#1765,#1766,
#1767));
#345=EDGE_LOOP('',(#1768,#1769,#1770,#1771));
#346=EDGE_LOOP('',(#1772,#1773,#1774,#1775));
#347=EDGE_LOOP('',(#1776,#1777,#1778,#1779));
#348=EDGE_LOOP('',(#1780,#1781,#1782,#1783,#1784,#1785));
#349=EDGE_LOOP('',(#1786));
#350=EDGE_LOOP('',(#1787));
#351=EDGE_LOOP('',(#1788,#1789,#1790,#1791));
#352=EDGE_LOOP('',(#1792,#1793,#1794,#1795));
#353=EDGE_LOOP('',(#1796,#1797,#1798,#1799,#1800));
#354=EDGE_LOOP('',(#1801,#1802,#1803,#1804));
#355=EDGE_LOOP('',(#1805,#1806,#1807,#1808));
#356=EDGE_LOOP('',(#1809,#1810,#1811,#1812,#1813));
#357=EDGE_LOOP('',(#1814,#1815,#1816,#1817));
#358=EDGE_LOOP('',(#1818,#1819,#1820,#1821));
#359=EDGE_LOOP('',(#1822,#1823,#1824,#1825,#1826));
#360=EDGE_LOOP('',(#1827,#1828,#1829,#1830));
#361=EDGE_LOOP('',(#1831,#1832,#1833,#1834));
#362=EDGE_LOOP('',(#1835,#1836,#1837,#1838,#1839));
#363=EDGE_LOOP('',(#1840,#1841,#1842,#1843,#1844));
#364=EDGE_LOOP('',(#1845,#1846,#1847,#1848,#1849));
#365=EDGE_LOOP('',(#1850,#1851,#1852,#1853));
#366=EDGE_LOOP('',(#1854,#1855,#1856,#1857));
#367=EDGE_LOOP('',(#1858,#1859,#1860,#1861));
#368=EDGE_LOOP('',(#1862,#1863,#1864,#1865));
#369=EDGE_LOOP('',(#1866,#1867,#1868,#1869));
#370=EDGE_LOOP('',(#1870,#1871,#1872,#1873,#1874));
#371=EDGE_LOOP('',(#1875,#1876,#1877,#1878));
#372=EDGE_LOOP('',(#1879,#1880,#1881,#1882));
#373=EDGE_LOOP('',(#1883,#1884,#1885,#1886));
#374=EDGE_LOOP('',(#1887,#1888,#1889,#1890,#1891));
#375=EDGE_LOOP('',(#1892,#1893,#1894,#1895));
#376=EDGE_LOOP('',(#1896,#1897,#1898,#1899));
#377=EDGE_LOOP('',(#1900,#1901,#1902,#1903));
#378=EDGE_LOOP('',(#1904,#1905,#1906,#1907));
#379=EDGE_LOOP('',(#1908,#1909,#1910,#1911));
#380=EDGE_LOOP('',(#1912,#1913,#1914,#1915,#1916));
#381=EDGE_LOOP('',(#1917,#1918,#1919,#1920));
#382=EDGE_LOOP('',(#1921,#1922,#1923,#1924));
#383=LINE('',#2655,#598);
#384=LINE('',#2661,#599);
#385=LINE('',#2666,#600);
#386=LINE('',#2668,#601);
#387=LINE('',#2670,#602);
#388=LINE('',#2671,#603);
#389=LINE('',#2674,#604);
#390=LINE('',#2676,#605);
#391=LINE('',#2677,#606);
#392=LINE('',#2681,#607);
#393=LINE('',#2683,#608);
#394=LINE('',#2687,#609);
#395=LINE('',#2689,#610);
#396=LINE('',#2690,#611);
#397=LINE('',#2692,#612);
#398=LINE('',#2694,#613);
#399=LINE('',#2695,#614);
#400=LINE('',#2699,#615);
#401=LINE('',#2701,#616);
#402=LINE('',#2703,#617);
#403=LINE('',#2705,#618);
#404=LINE('',#2707,#619);
#405=LINE('',#2709,#620);
#406=LINE('',#2723,#621);
#407=LINE('',#2724,#622);
#408=LINE('',#2726,#623);
#409=LINE('',#2728,#624);
#410=LINE('',#2729,#625);
#411=LINE('',#2731,#626);
#412=LINE('',#2733,#627);
#413=LINE('',#2777,#628);
#414=LINE('',#2798,#629);
#415=LINE('',#2801,#630);
#416=LINE('',#2803,#631);
#417=LINE('',#2805,#632);
#418=LINE('',#2821,#633);
#419=LINE('',#2835,#634);
#420=LINE('',#2856,#635);
#421=LINE('',#2905,#636);
#422=LINE('',#2920,#637);
#423=LINE('',#2922,#638);
#424=LINE('',#2924,#639);
#425=LINE('',#2926,#640);
#426=LINE('',#2928,#641);
#427=LINE('',#2930,#642);
#428=LINE('',#2932,#643);
#429=LINE('',#2933,#644);
#430=LINE('',#2939,#645);
#431=LINE('',#2945,#646);
#432=LINE('',#2951,#647);
#433=LINE('',#2957,#648);
#434=LINE('',#2963,#649);
#435=LINE('',#2969,#650);
#436=LINE('',#2975,#651);
#437=LINE('',#2981,#652);
#438=LINE('',#2985,#653);
#439=LINE('',#3031,#654);
#440=LINE('',#3033,#655);
#441=LINE('',#3079,#656);
#442=LINE('',#3081,#657);
#443=LINE('',#3083,#658);
#444=LINE('',#3119,#659);
#445=LINE('',#3154,#660);
#446=LINE('',#3156,#661);
#447=LINE('',#3158,#662);
#448=LINE('',#3160,#663);
#449=LINE('',#3162,#664);
#450=LINE('',#3164,#665);
#451=LINE('',#3166,#666);
#452=LINE('',#3167,#667);
#453=LINE('',#3336,#668);
#454=LINE('',#3435,#669);
#455=LINE('',#3509,#670);
#456=LINE('',#3511,#671);
#457=LINE('',#3512,#672);
#458=LINE('',#3515,#673);
#459=LINE('',#3517,#674);
#460=LINE('',#3562,#675);
#461=LINE('',#3565,#676);
#462=LINE('',#3610,#677);
#463=LINE('',#3620,#678);
#464=LINE('',#3622,#679);
#465=LINE('',#3624,#680);
#466=LINE('',#3625,#681);
#467=LINE('',#3628,#682);
#468=LINE('',#3630,#683);
#469=LINE('',#3631,#684);
#470=LINE('',#3633,#685);
#471=LINE('',#3664,#686);
#472=LINE('',#3666,#687);
#473=LINE('',#3668,#688);
#474=LINE('',#3714,#689);
#475=LINE('',#3716,#690);
#476=LINE('',#3717,#691);
#477=LINE('',#3719,#692);
#478=LINE('',#3721,#693);
#479=LINE('',#3723,#694);
#480=LINE('',#3769,#695);
#481=LINE('',#3771,#696);
#482=LINE('',#3772,#697);
#483=LINE('',#3774,#698);
#484=LINE('',#3776,#699);
#485=LINE('',#3778,#700);
#486=LINE('',#3824,#701);
#487=LINE('',#3826,#702);
#488=LINE('',#3827,#703);
#489=LINE('',#3829,#704);
#490=LINE('',#3831,#705);
#491=LINE('',#3877,#706);
#492=LINE('',#3879,#707);
#493=LINE('',#3880,#708);
#494=LINE('',#3886,#709);
#495=LINE('',#3889,#710);
#496=LINE('',#3892,#711);
#497=LINE('',#3893,#712);
#498=LINE('',#3895,#713);
#499=LINE('',#3940,#714);
#500=LINE('',#3942,#715);
#501=LINE('',#3944,#716);
#502=LINE('',#3947,#717);
#503=LINE('',#3950,#718);
#504=LINE('',#3951,#719);
#505=LINE('',#3954,#720);
#506=LINE('',#3958,#721);
#507=LINE('',#3960,#722);
#508=LINE('',#3962,#723);
#509=LINE('',#4008,#724);
#510=LINE('',#4009,#725);
#511=LINE('',#4011,#726);
#512=LINE('',#4013,#727);
#513=LINE('',#4015,#728);
#514=LINE('',#4021,#729);
#515=LINE('',#4024,#730);
#516=LINE('',#4027,#731);
#517=LINE('',#4028,#732);
#518=LINE('',#4030,#733);
#519=LINE('',#4075,#734);
#520=LINE('',#4077,#735);
#521=LINE('',#4079,#736);
#522=LINE('',#4082,#737);
#523=LINE('',#4085,#738);
#524=LINE('',#4086,#739);
#525=LINE('',#4089,#740);
#526=LINE('',#4093,#741);
#527=LINE('',#4095,#742);
#528=LINE('',#4097,#743);
#529=LINE('',#4143,#744);
#530=LINE('',#4144,#745);
#531=LINE('',#4146,#746);
#532=LINE('',#4148,#747);
#533=LINE('',#4150,#748);
#534=LINE('',#4156,#749);
#535=LINE('',#4159,#750);
#536=LINE('',#4162,#751);
#537=LINE('',#4163,#752);
#538=LINE('',#4208,#753);
#539=LINE('',#4210,#754);
#540=LINE('',#4212,#755);
#541=LINE('',#4215,#756);
#542=LINE('',#4218,#757);
#543=LINE('',#4219,#758);
#544=LINE('',#4222,#759);
#545=LINE('',#4226,#760);
#546=LINE('',#4228,#761);
#547=LINE('',#4230,#762);
#548=LINE('',#4276,#763);
#549=LINE('',#4277,#764);
#550=LINE('',#4279,#765);
#551=LINE('',#4281,#766);
#552=LINE('',#4283,#767);
#553=LINE('',#4289,#768);
#554=LINE('',#4292,#769);
#555=LINE('',#4295,#770);
#556=LINE('',#4297,#771);
#557=LINE('',#4342,#772);
#558=LINE('',#4344,#773);
#559=LINE('',#4347,#774);
#560=LINE('',#4350,#775);
#561=LINE('',#4352,#776);
#562=LINE('',#4353,#777);
#563=LINE('',#4356,#778);
#564=LINE('',#4360,#779);
#565=LINE('',#4362,#780);
#566=LINE('',#4364,#781);
#567=LINE('',#4410,#782);
#568=LINE('',#4411,#783);
#569=LINE('',#4413,#784);
#570=LINE('',#4415,#785);
#571=LINE('',#4417,#786);
#572=LINE('',#4463,#787);
#573=LINE('',#4508,#788);
#574=LINE('',#4510,#789);
#575=LINE('',#4511,#790);
#576=LINE('',#4546,#791);
#577=LINE('',#4547,#792);
#578=LINE('',#4549,#793);
#579=LINE('',#4551,#794);
#580=LINE('',#4586,#795);
#581=LINE('',#4588,#796);
#582=LINE('',#4590,#797);
#583=LINE('',#4592,#798);
#584=LINE('',#4593,#799);
#585=LINE('',#4629,#800);
#586=LINE('',#4631,#801);
#587=LINE('',#4634,#802);
#588=LINE('',#4636,#803);
#589=LINE('',#4638,#804);
#590=LINE('',#4673,#805);
#591=LINE('',#4745,#806);
#592=LINE('',#4780,#807);
#593=LINE('',#4783,#808);
#594=LINE('',#4785,#809);
#595=LINE('',#4821,#810);
#596=LINE('',#4856,#811);
#597=LINE('',#4859,#812);
#598=VECTOR('',#2191,1.25);
#599=VECTOR('',#2198,1.25);
#600=VECTOR('',#2203,10.);
#601=VECTOR('',#2204,10.);
#602=VECTOR('',#2205,10.);
#603=VECTOR('',#2206,10.);
#604=VECTOR('',#2209,10.);
#605=VECTOR('',#2210,10.);
#606=VECTOR('',#2211,10.);
#607=VECTOR('',#2214,10.);
#608=VECTOR('',#2215,10.);
#609=VECTOR('',#2218,10.);
#610=VECTOR('',#2219,10.);
#611=VECTOR('',#2220,10.);
#612=VECTOR('',#2221,10.);
#613=VECTOR('',#2222,10.);
#614=VECTOR('',#2223,10.);
#615=VECTOR('',#2226,10.);
#616=VECTOR('',#2227,10.);
#617=VECTOR('',#2228,10.);
#618=VECTOR('',#2229,10.);
#619=VECTOR('',#2230,10.);
#620=VECTOR('',#2231,10.);
#621=VECTOR('',#2234,10.);
#622=VECTOR('',#2235,10.);
#623=VECTOR('',#2236,10.);
#624=VECTOR('',#2237,10.);
#625=VECTOR('',#2238,10.);
#626=VECTOR('',#2241,10.);
#627=VECTOR('',#2244,10.);
#628=VECTOR('',#2245,10.);
#629=VECTOR('',#2246,10.);
#630=VECTOR('',#2249,10.);
#631=VECTOR('',#2250,10.);
#632=VECTOR('',#2251,10.);
#633=VECTOR('',#2252,10.);
#634=VECTOR('',#2253,10.);
#635=VECTOR('',#2254,10.);
#636=VECTOR('',#2255,10.);
#637=VECTOR('',#2260,10.);
#638=VECTOR('',#2261,10.);
#639=VECTOR('',#2262,10.);
#640=VECTOR('',#2263,10.);
#641=VECTOR('',#2264,10.);
#642=VECTOR('',#2265,10.);
#643=VECTOR('',#2266,10.);
#644=VECTOR('',#2267,10.);
#645=VECTOR('',#2274,2.05);
#646=VECTOR('',#2281,1.);
#647=VECTOR('',#2288,2.05);
#648=VECTOR('',#2295,1.);
#649=VECTOR('',#2302,2.05);
#650=VECTOR('',#2309,1.);
#651=VECTOR('',#2316,2.05);
#652=VECTOR('',#2323,0.999999999999996);
#653=VECTOR('',#2328,10.);
#654=VECTOR('',#2329,10.);
#655=VECTOR('',#2330,10.);
#656=VECTOR('',#2333,10.);
#657=VECTOR('',#2334,10.);
#658=VECTOR('',#2335,10.);
#659=VECTOR('',#2338,10.);
#660=VECTOR('',#2339,10.);
#661=VECTOR('',#2342,10.);
#662=VECTOR('',#2345,10.);
#663=VECTOR('',#2346,10.);
#664=VECTOR('',#2347,10.);
#665=VECTOR('',#2348,10.);
#666=VECTOR('',#2349,10.);
#667=VECTOR('',#2350,10.);
#668=VECTOR('',#2351,10.);
#669=VECTOR('',#2354,10.);
#670=VECTOR('',#2357,10.);
#671=VECTOR('',#2358,10.);
#672=VECTOR('',#2359,10.);
#673=VECTOR('',#2362,10.);
#674=VECTOR('',#2363,10.);
#675=VECTOR('',#2364,10.);
#676=VECTOR('',#2367,10.);
#677=VECTOR('',#2368,10.);
#678=VECTOR('',#2373,10.);
#679=VECTOR('',#2374,10.);
#680=VECTOR('',#2375,10.);
#681=VECTOR('',#2376,10.);
#682=VECTOR('',#2379,10.);
#683=VECTOR('',#2380,10.);
#684=VECTOR('',#2381,10.);
#685=VECTOR('',#2384,10.);
#686=VECTOR('',#2387,10.);
#687=VECTOR('',#2388,10.);
#688=VECTOR('',#2389,10.);
#689=VECTOR('',#2390,10.);
#690=VECTOR('',#2391,10.);
#691=VECTOR('',#2392,10.);
#692=VECTOR('',#2393,10.);
#693=VECTOR('',#2394,10.);
#694=VECTOR('',#2395,10.);
#695=VECTOR('',#2396,10.);
#696=VECTOR('',#2397,10.);
#697=VECTOR('',#2398,10.);
#698=VECTOR('',#2399,10.);
#699=VECTOR('',#2400,10.);
#700=VECTOR('',#2401,10.);
#701=VECTOR('',#2402,10.);
#702=VECTOR('',#2403,10.);
#703=VECTOR('',#2404,10.);
#704=VECTOR('',#2405,10.);
#705=VECTOR('',#2406,10.);
#706=VECTOR('',#2407,10.);
#707=VECTOR('',#2408,10.);
#708=VECTOR('',#2409,10.);
#709=VECTOR('',#2414,10.);
#710=VECTOR('',#2417,10.);
#711=VECTOR('',#2420,10.);
#712=VECTOR('',#2421,10.);
#713=VECTOR('',#2422,10.);
#714=VECTOR('',#2423,10.);
#715=VECTOR('',#2424,10.);
#716=VECTOR('',#2425,10.);
#717=VECTOR('',#2428,10.);
#718=VECTOR('',#2431,10.);
#719=VECTOR('',#2432,10.);
#720=VECTOR('',#2435,10.);
#721=VECTOR('',#2438,10.);
#722=VECTOR('',#2439,10.);
#723=VECTOR('',#2440,10.);
#724=VECTOR('',#2441,10.);
#725=VECTOR('',#2442,10.);
#726=VECTOR('',#2445,10.);
#727=VECTOR('',#2448,10.);
#728=VECTOR('',#2451,10.);
#729=VECTOR('',#2456,10.);
#730=VECTOR('',#2459,10.);
#731=VECTOR('',#2462,10.);
#732=VECTOR('',#2463,10.);
#733=VECTOR('',#2464,10.);
#734=VECTOR('',#2465,10.);
#735=VECTOR('',#2466,10.);
#736=VECTOR('',#2467,10.);
#737=VECTOR('',#2470,10.);
#738=VECTOR('',#2473,10.);
#739=VECTOR('',#2474,10.);
#740=VECTOR('',#2477,10.);
#741=VECTOR('',#2480,10.);
#742=VECTOR('',#2481,10.);
#743=VECTOR('',#2482,10.);
#744=VECTOR('',#2483,10.);
#745=VECTOR('',#2484,10.);
#746=VECTOR('',#2487,10.);
#747=VECTOR('',#2490,10.);
#748=VECTOR('',#2493,10.);
#749=VECTOR('',#2498,10.);
#750=VECTOR('',#2501,10.);
#751=VECTOR('',#2504,10.);
#752=VECTOR('',#2505,10.);
#753=VECTOR('',#2506,10.);
#754=VECTOR('',#2507,10.);
#755=VECTOR('',#2508,10.);
#756=VECTOR('',#2511,10.);
#757=VECTOR('',#2514,10.);
#758=VECTOR('',#2515,10.);
#759=VECTOR('',#2518,10.);
#760=VECTOR('',#2521,10.);
#761=VECTOR('',#2522,10.);
#762=VECTOR('',#2523,10.);
#763=VECTOR('',#2524,10.);
#764=VECTOR('',#2525,10.);
#765=VECTOR('',#2528,10.);
#766=VECTOR('',#2531,10.);
#767=VECTOR('',#2534,10.);
#768=VECTOR('',#2539,10.);
#769=VECTOR('',#2542,10.);
#770=VECTOR('',#2545,10.);
#771=VECTOR('',#2546,10.);
#772=VECTOR('',#2547,10.);
#773=VECTOR('',#2548,10.);
#774=VECTOR('',#2551,10.);
#775=VECTOR('',#2554,10.);
#776=VECTOR('',#2555,10.);
#777=VECTOR('',#2556,10.);
#778=VECTOR('',#2559,10.);
#779=VECTOR('',#2562,10.);
#780=VECTOR('',#2563,10.);
#781=VECTOR('',#2564,10.);
#782=VECTOR('',#2565,10.);
#783=VECTOR('',#2566,10.);
#784=VECTOR('',#2569,10.);
#785=VECTOR('',#2572,10.);
#786=VECTOR('',#2575,10.);
#787=VECTOR('',#2578,10.);
#788=VECTOR('',#2579,10.);
#789=VECTOR('',#2582,10.);
#790=VECTOR('',#2583,10.);
#791=VECTOR('',#2584,10.);
#792=VECTOR('',#2585,10.);
#793=VECTOR('',#2588,10.);
#794=VECTOR('',#2591,10.);
#795=VECTOR('',#2592,10.);
#796=VECTOR('',#2595,10.);
#797=VECTOR('',#2598,10.);
#798=VECTOR('',#2601,10.);
#799=VECTOR('',#2602,10.);
#800=VECTOR('',#2605,10.);
#801=VECTOR('',#2608,10.);
#802=VECTOR('',#2613,10.);
#803=VECTOR('',#2616,10.);
#804=VECTOR('',#2619,10.);
#805=VECTOR('',#2620,10.);
#806=VECTOR('',#2627,10.);
#807=VECTOR('',#2628,10.);
#808=VECTOR('',#2633,10.);
#809=VECTOR('',#2636,10.);
#810=VECTOR('',#2639,10.);
#811=VECTOR('',#2640,10.);
#812=VECTOR('',#2645,10.);
#813=CIRCLE('',#2062,1.25);
#814=CIRCLE('',#2063,1.25);
#815=CIRCLE('',#2065,1.25);
#816=CIRCLE('',#2066,1.25);
#817=CIRCLE('',#2070,27.);
#818=CIRCLE('',#2072,27.);
#819=CIRCLE('',#2077,27.);
#820=CIRCLE('',#2080,2.05);
#821=CIRCLE('',#2081,2.05);
#822=CIRCLE('',#2083,1.);
#823=CIRCLE('',#2084,1.);
#824=CIRCLE('',#2086,2.05);
#825=CIRCLE('',#2087,2.05);
#826=CIRCLE('',#2089,1.);
#827=CIRCLE('',#2090,1.);
#828=CIRCLE('',#2092,2.05);
#829=CIRCLE('',#2093,2.05);
#830=CIRCLE('',#2095,1.);
#831=CIRCLE('',#2096,1.);
#832=CIRCLE('',#2098,2.05);
#833=CIRCLE('',#2099,2.05);
#834=CIRCLE('',#2101,0.999999999999996);
#835=CIRCLE('',#2102,0.999999999999996);
#836=CIRCLE('',#2105,27.);
#837=CIRCLE('',#2118,2.7);
#838=CIRCLE('',#2119,2.7);
#839=CIRCLE('',#2121,2.7);
#840=CIRCLE('',#2124,2.7);
#841=CIRCLE('',#2129,2.7);
#842=CIRCLE('',#2130,2.7);
#843=CIRCLE('',#2132,2.7);
#844=CIRCLE('',#2135,2.7);
#845=CIRCLE('',#2140,2.7);
#846=CIRCLE('',#2141,2.7);
#847=CIRCLE('',#2143,2.7);
#848=CIRCLE('',#2146,2.7);
#849=CIRCLE('',#2151,2.7);
#850=CIRCLE('',#2152,2.7);
#851=CIRCLE('',#2154,2.7);
#852=CIRCLE('',#2157,2.7);
#853=VERTEX_POINT('',#2652);
#854=VERTEX_POINT('',#2654);
#855=VERTEX_POINT('',#2658);
#856=VERTEX_POINT('',#2660);
#857=VERTEX_POINT('',#2664);
#858=VERTEX_POINT('',#2665);
#859=VERTEX_POINT('',#2667);
#860=VERTEX_POINT('',#2669);
#861=VERTEX_POINT('',#2673);
#862=VERTEX_POINT('',#2675);
#863=VERTEX_POINT('',#2679);
#864=VERTEX_POINT('',#2680);
#865=VERTEX_POINT('',#2682);
#866=VERTEX_POINT('',#2684);
#867=VERTEX_POINT('',#2686);
#868=VERTEX_POINT('',#2688);
#869=VERTEX_POINT('',#2691);
#870=VERTEX_POINT('',#2693);
#871=VERTEX_POINT('',#2697);
#872=VERTEX_POINT('',#2698);
#873=VERTEX_POINT('',#2700);
#874=VERTEX_POINT('',#2702);
#875=VERTEX_POINT('',#2704);
#876=VERTEX_POINT('',#2706);
#877=VERTEX_POINT('',#2708);
#878=VERTEX_POINT('',#2710);
#879=VERTEX_POINT('',#2715);
#880=VERTEX_POINT('',#2720);
#881=VERTEX_POINT('',#2722);
#882=VERTEX_POINT('',#2725);
#883=VERTEX_POINT('',#2727);
#884=VERTEX_POINT('',#2762);
#885=VERTEX_POINT('',#2763);
#886=VERTEX_POINT('',#2776);
#887=VERTEX_POINT('',#2778);
#888=VERTEX_POINT('',#2800);
#889=VERTEX_POINT('',#2802);
#890=VERTEX_POINT('',#2804);
#891=VERTEX_POINT('',#2806);
#892=VERTEX_POINT('',#2820);
#893=VERTEX_POINT('',#2836);
#894=VERTEX_POINT('',#2885);
#895=VERTEX_POINT('',#2907);
#896=VERTEX_POINT('',#2909);
#897=VERTEX_POINT('',#2914);
#898=VERTEX_POINT('',#2919);
#899=VERTEX_POINT('',#2921);
#900=VERTEX_POINT('',#2923);
#901=VERTEX_POINT('',#2925);
#902=VERTEX_POINT('',#2927);
#903=VERTEX_POINT('',#2929);
#904=VERTEX_POINT('',#2931);
#905=VERTEX_POINT('',#2936);
#906=VERTEX_POINT('',#2938);
#907=VERTEX_POINT('',#2942);
#908=VERTEX_POINT('',#2944);
#909=VERTEX_POINT('',#2948);
#910=VERTEX_POINT('',#2950);
#911=VERTEX_POINT('',#2954);
#912=VERTEX_POINT('',#2956);
#913=VERTEX_POINT('',#2960);
#914=VERTEX_POINT('',#2962);
#915=VERTEX_POINT('',#2966);
#916=VERTEX_POINT('',#2968);
#917=VERTEX_POINT('',#2972);
#918=VERTEX_POINT('',#2974);
#919=VERTEX_POINT('',#2978);
#920=VERTEX_POINT('',#2980);
#921=VERTEX_POINT('',#2984);
#922=VERTEX_POINT('',#2986);
#923=VERTEX_POINT('',#3030);
#924=VERTEX_POINT('',#3032);
#925=VERTEX_POINT('',#3078);
#926=VERTEX_POINT('',#3080);
#927=VERTEX_POINT('',#3082);
#928=VERTEX_POINT('',#3105);
#929=VERTEX_POINT('',#3140);
#930=VERTEX_POINT('',#3159);
#931=VERTEX_POINT('',#3161);
#932=VERTEX_POINT('',#3163);
#933=VERTEX_POINT('',#3165);
#934=VERTEX_POINT('',#3238);
#935=VERTEX_POINT('',#3289);
#936=VERTEX_POINT('',#3408);
#937=VERTEX_POINT('',#3434);
#938=VERTEX_POINT('',#3508);
#939=VERTEX_POINT('',#3510);
#940=VERTEX_POINT('',#3514);
#941=VERTEX_POINT('',#3516);
#942=VERTEX_POINT('',#3518);
#943=VERTEX_POINT('',#3564);
#944=VERTEX_POINT('',#3566);
#945=VERTEX_POINT('',#3619);
#946=VERTEX_POINT('',#3621);
#947=VERTEX_POINT('',#3623);
#948=VERTEX_POINT('',#3627);
#949=VERTEX_POINT('',#3629);
#950=VERTEX_POINT('',#3663);
#951=VERTEX_POINT('',#3665);
#952=VERTEX_POINT('',#3667);
#953=VERTEX_POINT('',#3669);
#954=VERTEX_POINT('',#3713);
#955=VERTEX_POINT('',#3715);
#956=VERTEX_POINT('',#3718);
#957=VERTEX_POINT('',#3720);
#958=VERTEX_POINT('',#3722);
#959=VERTEX_POINT('',#3724);
#960=VERTEX_POINT('',#3768);
#961=VERTEX_POINT('',#3770);
#962=VERTEX_POINT('',#3773);
#963=VERTEX_POINT('',#3775);
#964=VERTEX_POINT('',#3777);
#965=VERTEX_POINT('',#3779);
#966=VERTEX_POINT('',#3823);
#967=VERTEX_POINT('',#3825);
#968=VERTEX_POINT('',#3828);
#969=VERTEX_POINT('',#3830);
#970=VERTEX_POINT('',#3832);
#971=VERTEX_POINT('',#3876);
#972=VERTEX_POINT('',#3878);
#973=VERTEX_POINT('',#3882);
#974=VERTEX_POINT('',#3883);
#975=VERTEX_POINT('',#3885);
#976=VERTEX_POINT('',#3887);
#977=VERTEX_POINT('',#3891);
#978=VERTEX_POINT('',#3894);
#979=VERTEX_POINT('',#3896);
#980=VERTEX_POINT('',#3941);
#981=VERTEX_POINT('',#3943);
#982=VERTEX_POINT('',#3945);
#983=VERTEX_POINT('',#3949);
#984=VERTEX_POINT('',#3953);
#985=VERTEX_POINT('',#3955);
#986=VERTEX_POINT('',#3957);
#987=VERTEX_POINT('',#3959);
#988=VERTEX_POINT('',#3961);
#989=VERTEX_POINT('',#3963);
#990=VERTEX_POINT('',#4007);
#991=VERTEX_POINT('',#4017);
#992=VERTEX_POINT('',#4018);
#993=VERTEX_POINT('',#4020);
#994=VERTEX_POINT('',#4022);
#995=VERTEX_POINT('',#4026);
#996=VERTEX_POINT('',#4029);
#997=VERTEX_POINT('',#4031);
#998=VERTEX_POINT('',#4076);
#999=VERTEX_POINT('',#4078);
#1000=VERTEX_POINT('',#4080);
#1001=VERTEX_POINT('',#4084);
#1002=VERTEX_POINT('',#4088);
#1003=VERTEX_POINT('',#4090);
#1004=VERTEX_POINT('',#4092);
#1005=VERTEX_POINT('',#4094);
#1006=VERTEX_POINT('',#4096);
#1007=VERTEX_POINT('',#4098);
#1008=VERTEX_POINT('',#4142);
#1009=VERTEX_POINT('',#4152);
#1010=VERTEX_POINT('',#4153);
#1011=VERTEX_POINT('',#4155);
#1012=VERTEX_POINT('',#4157);
#1013=VERTEX_POINT('',#4161);
#1014=VERTEX_POINT('',#4164);
#1015=VERTEX_POINT('',#4209);
#1016=VERTEX_POINT('',#4211);
#1017=VERTEX_POINT('',#4213);
#1018=VERTEX_POINT('',#4217);
#1019=VERTEX_POINT('',#4221);
#1020=VERTEX_POINT('',#4223);
#1021=VERTEX_POINT('',#4225);
#1022=VERTEX_POINT('',#4227);
#1023=VERTEX_POINT('',#4229);
#1024=VERTEX_POINT('',#4231);
#1025=VERTEX_POINT('',#4275);
#1026=VERTEX_POINT('',#4285);
#1027=VERTEX_POINT('',#4286);
#1028=VERTEX_POINT('',#4288);
#1029=VERTEX_POINT('',#4290);
#1030=VERTEX_POINT('',#4294);
#1031=VERTEX_POINT('',#4296);
#1032=VERTEX_POINT('',#4341);
#1033=VERTEX_POINT('',#4343);
#1034=VERTEX_POINT('',#4345);
#1035=VERTEX_POINT('',#4349);
#1036=VERTEX_POINT('',#4351);
#1037=VERTEX_POINT('',#4355);
#1038=VERTEX_POINT('',#4357);
#1039=VERTEX_POINT('',#4359);
#1040=VERTEX_POINT('',#4361);
#1041=VERTEX_POINT('',#4363);
#1042=VERTEX_POINT('',#4365);
#1043=VERTEX_POINT('',#4409);
#1044=VERTEX_POINT('',#4462);
#1045=VERTEX_POINT('',#4464);
#1046=EDGE_CURVE('',#853,#853,#813,.T.);
#1047=EDGE_CURVE('',#853,#854,#383,.T.);
#1048=EDGE_CURVE('',#854,#854,#814,.T.);
#1049=EDGE_CURVE('',#855,#855,#815,.T.);
#1050=EDGE_CURVE('',#855,#856,#384,.T.);
#1051=EDGE_CURVE('',#856,#856,#816,.T.);
#1052=EDGE_CURVE('',#857,#858,#385,.F.);
#1053=EDGE_CURVE('',#858,#859,#386,.T.);
#1054=EDGE_CURVE('',#859,#860,#387,.F.);
#1055=EDGE_CURVE('',#860,#857,#388,.T.);
#1056=EDGE_CURVE('',#861,#858,#389,.T.);
#1057=EDGE_CURVE('',#862,#861,#390,.T.);
#1058=EDGE_CURVE('',#859,#862,#391,.T.);
#1059=EDGE_CURVE('',#863,#864,#392,.T.);
#1060=EDGE_CURVE('',#865,#864,#393,.T.);
#1061=EDGE_CURVE('',#865,#866,#817,.T.);
#1062=EDGE_CURVE('',#867,#866,#394,.T.);
#1063=EDGE_CURVE('',#867,#868,#395,.T.);
#1064=EDGE_CURVE('',#868,#863,#396,.T.);
#1065=EDGE_CURVE('',#860,#869,#397,.T.);
#1066=EDGE_CURVE('',#870,#869,#398,.T.);
#1067=EDGE_CURVE('',#870,#857,#399,.T.);
#1068=EDGE_CURVE('',#871,#872,#400,.T.);
#1069=EDGE_CURVE('',#873,#871,#401,.T.);
#1070=EDGE_CURVE('',#873,#874,#402,.T.);
#1071=EDGE_CURVE('',#875,#874,#403,.T.);
#1072=EDGE_CURVE('',#876,#875,#404,.T.);
#1073=EDGE_CURVE('',#876,#877,#405,.T.);
#1074=EDGE_CURVE('',#878,#877,#33,.T.);
#1075=EDGE_CURVE('',#879,#878,#34,.T.);
#1076=EDGE_CURVE('',#880,#879,#818,.T.);
#1077=EDGE_CURVE('',#881,#880,#406,.T.);
#1078=EDGE_CURVE('',#872,#881,#407,.T.);
#1079=EDGE_CURVE('',#882,#862,#408,.T.);
#1080=EDGE_CURVE('',#861,#883,#409,.T.);
#1081=EDGE_CURVE('',#882,#883,#410,.T.);
#1082=EDGE_CURVE('',#870,#883,#411,.T.);
#1083=EDGE_CURVE('',#882,#869,#412,.T.);
#1084=EDGE_CURVE('',#884,#885,#35,.T.);
#1085=EDGE_CURVE('',#884,#886,#413,.T.);
#1086=EDGE_CURVE('',#886,#887,#36,.T.);
#1087=EDGE_CURVE('',#885,#887,#414,.T.);
#1088=EDGE_CURVE('',#886,#888,#415,.T.);
#1089=EDGE_CURVE('',#888,#889,#416,.T.);
#1090=EDGE_CURVE('',#889,#890,#417,.T.);
#1091=EDGE_CURVE('',#890,#891,#37,.T.);
#1092=EDGE_CURVE('',#891,#892,#418,.T.);
#1093=EDGE_CURVE('',#892,#881,#38,.T.);
#1094=EDGE_CURVE('',#880,#865,#419,.T.);
#1095=EDGE_CURVE('',#893,#864,#39,.T.);
#1096=EDGE_CURVE('',#893,#887,#420,.T.);
#1097=EDGE_CURVE('',#894,#863,#40,.T.);
#1098=EDGE_CURVE('',#894,#893,#421,.T.);
#1099=EDGE_CURVE('',#895,#889,#819,.T.);
#1100=EDGE_CURVE('',#896,#895,#41,.T.);
#1101=EDGE_CURVE('',#897,#896,#42,.T.);
#1102=EDGE_CURVE('',#898,#897,#422,.T.);
#1103=EDGE_CURVE('',#898,#899,#423,.T.);
#1104=EDGE_CURVE('',#900,#899,#424,.T.);
#1105=EDGE_CURVE('',#901,#900,#425,.T.);
#1106=EDGE_CURVE('',#902,#901,#426,.T.);
#1107=EDGE_CURVE('',#902,#903,#427,.T.);
#1108=EDGE_CURVE('',#904,#903,#428,.T.);
#1109=EDGE_CURVE('',#904,#890,#429,.T.);
#1110=EDGE_CURVE('',#905,#905,#820,.T.);
#1111=EDGE_CURVE('',#905,#906,#430,.T.);
#1112=EDGE_CURVE('',#906,#906,#821,.T.);
#1113=EDGE_CURVE('',#907,#907,#822,.T.);
#1114=EDGE_CURVE('',#907,#908,#431,.T.);
#1115=EDGE_CURVE('',#908,#908,#823,.T.);
#1116=EDGE_CURVE('',#909,#909,#824,.T.);
#1117=EDGE_CURVE('',#909,#910,#432,.T.);
#1118=EDGE_CURVE('',#910,#910,#825,.T.);
#1119=EDGE_CURVE('',#911,#911,#826,.T.);
#1120=EDGE_CURVE('',#911,#912,#433,.T.);
#1121=EDGE_CURVE('',#912,#912,#827,.T.);
#1122=EDGE_CURVE('',#913,#913,#828,.T.);
#1123=EDGE_CURVE('',#913,#914,#434,.T.);
#1124=EDGE_CURVE('',#914,#914,#829,.T.);
#1125=EDGE_CURVE('',#915,#915,#830,.T.);
#1126=EDGE_CURVE('',#915,#916,#435,.T.);
#1127=EDGE_CURVE('',#916,#916,#831,.T.);
#1128=EDGE_CURVE('',#917,#917,#832,.T.);
#1129=EDGE_CURVE('',#917,#918,#436,.T.);
#1130=EDGE_CURVE('',#918,#918,#833,.T.);
#1131=EDGE_CURVE('',#919,#919,#834,.T.);
#1132=EDGE_CURVE('',#919,#920,#437,.T.);
#1133=EDGE_CURVE('',#920,#920,#835,.F.);
#1134=EDGE_CURVE('',#921,#902,#438,.T.);
#1135=EDGE_CURVE('',#921,#922,#43,.T.);
#1136=EDGE_CURVE('',#923,#922,#439,.T.);
#1137=EDGE_CURVE('',#924,#923,#440,.T.);
#1138=EDGE_CURVE('',#924,#903,#44,.T.);
#1139=EDGE_CURVE('',#884,#925,#441,.T.);
#1140=EDGE_CURVE('',#926,#925,#442,.T.);
#1141=EDGE_CURVE('',#926,#927,#443,.T.);
#1142=EDGE_CURVE('',#927,#888,#836,.T.);
#1143=EDGE_CURVE('',#872,#928,#45,.T.);
#1144=EDGE_CURVE('',#928,#892,#444,.T.);
#1145=EDGE_CURVE('',#929,#904,#46,.T.);
#1146=EDGE_CURVE('',#929,#891,#445,.T.);
#1147=EDGE_CURVE('',#894,#885,#446,.T.);
#1148=EDGE_CURVE('',#929,#924,#447,.T.);
#1149=EDGE_CURVE('',#923,#930,#448,.T.);
#1150=EDGE_CURVE('',#931,#930,#449,.T.);
#1151=EDGE_CURVE('',#932,#931,#450,.T.);
#1152=EDGE_CURVE('',#933,#932,#451,.T.);
#1153=EDGE_CURVE('',#928,#933,#452,.T.);
#1154=EDGE_CURVE('',#934,#897,#47,.T.);
#1155=EDGE_CURVE('',#896,#926,#48,.T.);
#1156=EDGE_CURVE('',#925,#935,#49,.T.);
#1157=EDGE_CURVE('',#934,#935,#453,.T.);
#1158=EDGE_CURVE('',#895,#927,#50,.T.);
#1159=EDGE_CURVE('',#877,#936,#51,.T.);
#1160=EDGE_CURVE('',#936,#937,#454,.T.);
#1161=EDGE_CURVE('',#937,#868,#52,.T.);
#1162=EDGE_CURVE('',#867,#878,#53,.T.);
#1163=EDGE_CURVE('',#936,#938,#455,.T.);
#1164=EDGE_CURVE('',#938,#939,#456,.T.);
#1165=EDGE_CURVE('',#939,#937,#457,.T.);
#1166=EDGE_CURVE('',#940,#934,#458,.T.);
#1167=EDGE_CURVE('',#941,#940,#459,.T.);
#1168=EDGE_CURVE('',#942,#941,#54,.T.);
#1169=EDGE_CURVE('',#942,#898,#460,.T.);
#1170=EDGE_CURVE('',#943,#876,#461,.T.);
#1171=EDGE_CURVE('',#943,#944,#55,.T.);
#1172=EDGE_CURVE('',#938,#944,#462,.T.);
#1173=EDGE_CURVE('',#866,#879,#56,.T.);
#1174=EDGE_CURVE('',#945,#940,#463,.T.);
#1175=EDGE_CURVE('',#946,#945,#464,.T.);
#1176=EDGE_CURVE('',#946,#947,#465,.F.);
#1177=EDGE_CURVE('',#941,#947,#466,.T.);
#1178=EDGE_CURVE('',#944,#948,#467,.T.);
#1179=EDGE_CURVE('',#949,#948,#468,.T.);
#1180=EDGE_CURVE('',#939,#949,#469,.T.);
#1181=EDGE_CURVE('',#935,#945,#470,.T.);
#1182=EDGE_CURVE('',#950,#949,#471,.T.);
#1183=EDGE_CURVE('',#951,#950,#472,.T.);
#1184=EDGE_CURVE('',#952,#951,#473,.T.);
#1185=EDGE_CURVE('',#953,#952,#57,.T.);
#1186=EDGE_CURVE('',#954,#953,#474,.T.);
#1187=EDGE_CURVE('',#955,#954,#475,.T.);
#1188=EDGE_CURVE('',#875,#955,#476,.T.);
#1189=EDGE_CURVE('',#874,#956,#477,.F.);
#1190=EDGE_CURVE('',#956,#957,#478,.T.);
#1191=EDGE_CURVE('',#957,#958,#479,.T.);
#1192=EDGE_CURVE('',#958,#959,#58,.T.);
#1193=EDGE_CURVE('',#959,#960,#480,.T.);
#1194=EDGE_CURVE('',#960,#961,#481,.T.);
#1195=EDGE_CURVE('',#961,#931,#482,.F.);
#1196=EDGE_CURVE('',#962,#930,#483,.T.);
#1197=EDGE_CURVE('',#963,#962,#484,.T.);
#1198=EDGE_CURVE('',#964,#963,#485,.T.);
#1199=EDGE_CURVE('',#965,#964,#59,.T.);
#1200=EDGE_CURVE('',#966,#965,#486,.T.);
#1201=EDGE_CURVE('',#967,#966,#487,.T.);
#1202=EDGE_CURVE('',#901,#967,#488,.T.);
#1203=EDGE_CURVE('',#900,#968,#489,.T.);
#1204=EDGE_CURVE('',#968,#969,#490,.T.);
#1205=EDGE_CURVE('',#969,#970,#60,.T.);
#1206=EDGE_CURVE('',#970,#971,#491,.T.);
#1207=EDGE_CURVE('',#971,#972,#492,.T.);
#1208=EDGE_CURVE('',#972,#946,#493,.F.);
#1209=EDGE_CURVE('',#973,#974,#837,.T.);
#1210=EDGE_CURVE('',#973,#975,#494,.T.);
#1211=EDGE_CURVE('',#975,#976,#838,.T.);
#1212=EDGE_CURVE('',#976,#974,#495,.T.);
#1213=EDGE_CURVE('',#977,#974,#496,.T.);
#1214=EDGE_CURVE('',#977,#962,#497,.F.);
#1215=EDGE_CURVE('',#930,#978,#498,.T.);
#1216=EDGE_CURVE('',#978,#979,#61,.T.);
#1217=EDGE_CURVE('',#979,#901,#499,.T.);
#1218=EDGE_CURVE('',#967,#980,#500,.F.);
#1219=EDGE_CURVE('',#981,#980,#501,.T.);
#1220=EDGE_CURVE('',#981,#982,#839,.T.);
#1221=EDGE_CURVE('',#982,#973,#502,.F.);
#1222=EDGE_CURVE('',#983,#976,#503,.T.);
#1223=EDGE_CURVE('',#977,#983,#504,.T.);
#1224=EDGE_CURVE('',#984,#975,#505,.T.);
#1225=EDGE_CURVE('',#985,#984,#840,.T.);
#1226=EDGE_CURVE('',#985,#986,#506,.T.);
#1227=EDGE_CURVE('',#986,#987,#507,.T.);
#1228=EDGE_CURVE('',#987,#988,#508,.T.);
#1229=EDGE_CURVE('',#989,#988,#62,.T.);
#1230=EDGE_CURVE('',#989,#990,#509,.T.);
#1231=EDGE_CURVE('',#990,#983,#510,.T.);
#1232=EDGE_CURVE('',#984,#982,#511,.T.);
#1233=EDGE_CURVE('',#981,#985,#512,.T.);
#1234=EDGE_CURVE('',#980,#986,#513,.T.);
#1235=EDGE_CURVE('',#991,#992,#841,.T.);
#1236=EDGE_CURVE('',#991,#993,#514,.T.);
#1237=EDGE_CURVE('',#993,#994,#842,.T.);
#1238=EDGE_CURVE('',#994,#992,#515,.T.);
#1239=EDGE_CURVE('',#995,#992,#516,.T.);
#1240=EDGE_CURVE('',#995,#956,#517,.F.);
#1241=EDGE_CURVE('',#996,#874,#518,.F.);
#1242=EDGE_CURVE('',#997,#996,#63,.F.);
#1243=EDGE_CURVE('',#931,#997,#519,.F.);
#1244=EDGE_CURVE('',#961,#998,#520,.F.);
#1245=EDGE_CURVE('',#999,#998,#521,.T.);
#1246=EDGE_CURVE('',#999,#1000,#843,.T.);
#1247=EDGE_CURVE('',#991,#1000,#522,.T.);
#1248=EDGE_CURVE('',#994,#1001,#523,.T.);
#1249=EDGE_CURVE('',#995,#1001,#524,.T.);
#1250=EDGE_CURVE('',#993,#1002,#525,.T.);
#1251=EDGE_CURVE('',#1003,#1002,#844,.T.);
#1252=EDGE_CURVE('',#1004,#1003,#526,.T.);
#1253=EDGE_CURVE('',#1005,#1004,#527,.T.);
#1254=EDGE_CURVE('',#1006,#1005,#528,.T.);
#1255=EDGE_CURVE('',#1006,#1007,#64,.T.);
#1256=EDGE_CURVE('',#1008,#1007,#529,.T.);
#1257=EDGE_CURVE('',#1001,#1008,#530,.T.);
#1258=EDGE_CURVE('',#1002,#1000,#531,.T.);
#1259=EDGE_CURVE('',#999,#1003,#532,.T.);
#1260=EDGE_CURVE('',#998,#1004,#533,.T.);
#1261=EDGE_CURVE('',#1009,#1010,#845,.T.);
#1262=EDGE_CURVE('',#1009,#1011,#534,.T.);
#1263=EDGE_CURVE('',#1011,#1012,#846,.T.);
#1264=EDGE_CURVE('',#1012,#1010,#535,.T.);
#1265=EDGE_CURVE('',#1013,#1010,#536,.T.);
#1266=EDGE_CURVE('',#1013,#950,#537,.F.);
#1267=EDGE_CURVE('',#948,#1014,#65,.T.);
#1268=EDGE_CURVE('',#1014,#875,#538,.T.);
#1269=EDGE_CURVE('',#955,#1015,#539,.F.);
#1270=EDGE_CURVE('',#1016,#1015,#540,.T.);
#1271=EDGE_CURVE('',#1016,#1017,#847,.T.);
#1272=EDGE_CURVE('',#1009,#1017,#541,.T.);
#1273=EDGE_CURVE('',#1018,#1012,#542,.T.);
#1274=EDGE_CURVE('',#1013,#1018,#543,.T.);
#1275=EDGE_CURVE('',#1019,#1011,#544,.T.);
#1276=EDGE_CURVE('',#1020,#1019,#848,.T.);
#1277=EDGE_CURVE('',#1020,#1021,#545,.T.);
#1278=EDGE_CURVE('',#1021,#1022,#546,.T.);
#1279=EDGE_CURVE('',#1022,#1023,#547,.T.);
#1280=EDGE_CURVE('',#1024,#1023,#66,.T.);
#1281=EDGE_CURVE('',#1024,#1025,#548,.T.);
#1282=EDGE_CURVE('',#1025,#1018,#549,.T.);
#1283=EDGE_CURVE('',#1019,#1017,#550,.T.);
#1284=EDGE_CURVE('',#1016,#1020,#551,.T.);
#1285=EDGE_CURVE('',#1015,#1021,#552,.T.);
#1286=EDGE_CURVE('',#1026,#1027,#849,.T.);
#1287=EDGE_CURVE('',#1026,#1028,#553,.T.);
#1288=EDGE_CURVE('',#1028,#1029,#850,.T.);
#1289=EDGE_CURVE('',#1029,#1027,#554,.T.);
#1290=EDGE_CURVE('',#1030,#1027,#555,.T.);
#1291=EDGE_CURVE('',#1031,#1030,#556,.F.);
#1292=EDGE_CURVE('',#947,#1031,#67,.F.);
#1293=EDGE_CURVE('',#972,#1032,#557,.F.);
#1294=EDGE_CURVE('',#1033,#1032,#558,.T.);
#1295=EDGE_CURVE('',#1033,#1034,#851,.T.);
#1296=EDGE_CURVE('',#1026,#1034,#559,.T.);
#1297=EDGE_CURVE('',#1029,#1035,#560,.T.);
#1298=EDGE_CURVE('',#1036,#1035,#561,.T.);
#1299=EDGE_CURVE('',#1030,#1036,#562,.T.);
#1300=EDGE_CURVE('',#1028,#1037,#563,.T.);
#1301=EDGE_CURVE('',#1038,#1037,#852,.T.);
#1302=EDGE_CURVE('',#1039,#1038,#564,.T.);
#1303=EDGE_CURVE('',#1040,#1039,#565,.T.);
#1304=EDGE_CURVE('',#1041,#1040,#566,.T.);
#1305=EDGE_CURVE('',#1041,#1042,#68,.T.);
#1306=EDGE_CURVE('',#1043,#1042,#567,.T.);
#1307=EDGE_CURVE('',#1035,#1043,#568,.T.);
#1308=EDGE_CURVE('',#1037,#1034,#569,.T.);
#1309=EDGE_CURVE('',#1033,#1038,#570,.T.);
#1310=EDGE_CURVE('',#1032,#1039,#571,.T.);
#1311=EDGE_CURVE('',#871,#933,#69,.T.);
#1312=EDGE_CURVE('',#932,#1044,#572,.T.);
#1313=EDGE_CURVE('',#1045,#1044,#70,.T.);
#1314=EDGE_CURVE('',#1045,#873,#573,.T.);
#1315=EDGE_CURVE('',#959,#1006,#574,.T.);
#1316=EDGE_CURVE('',#960,#1005,#575,.T.);
#1317=EDGE_CURVE('',#964,#989,#576,.T.);
#1318=EDGE_CURVE('',#965,#988,#577,.T.);
#1319=EDGE_CURVE('',#963,#990,#578,.T.);
#1320=EDGE_CURVE('',#943,#1014,#579,.T.);
#1321=EDGE_CURVE('',#942,#1031,#580,.T.);
#1322=EDGE_CURVE('',#899,#1030,#581,.T.);
#1323=EDGE_CURVE('',#1036,#900,#582,.T.);
#1324=EDGE_CURVE('',#970,#1041,#583,.T.);
#1325=EDGE_CURVE('',#971,#1040,#584,.T.);
#1326=EDGE_CURVE('',#969,#1042,#585,.T.);
#1327=EDGE_CURVE('',#968,#1043,#586,.T.);
#1328=EDGE_CURVE('',#951,#1025,#587,.T.);
#1329=EDGE_CURVE('',#954,#1022,#588,.T.);
#1330=EDGE_CURVE('',#953,#1023,#589,.T.);
#1331=EDGE_CURVE('',#952,#1024,#590,.T.);
#1332=EDGE_CURVE('',#1044,#997,#591,.T.);
#1333=EDGE_CURVE('',#1045,#996,#592,.T.);
#1334=EDGE_CURVE('',#957,#1008,#593,.T.);
#1335=EDGE_CURVE('',#958,#1007,#594,.T.);
#1336=EDGE_CURVE('',#922,#978,#595,.T.);
#1337=EDGE_CURVE('',#921,#979,#596,.T.);
#1338=EDGE_CURVE('',#966,#987,#597,.T.);
#1339=ORIENTED_EDGE('',*,*,#1046,.T.);
#1340=ORIENTED_EDGE('',*,*,#1047,.T.);
#1341=ORIENTED_EDGE('',*,*,#1048,.F.);
#1342=ORIENTED_EDGE('',*,*,#1047,.F.);
#1343=ORIENTED_EDGE('',*,*,#1049,.T.);
#1344=ORIENTED_EDGE('',*,*,#1050,.T.);
#1345=ORIENTED_EDGE('',*,*,#1051,.F.);
#1346=ORIENTED_EDGE('',*,*,#1050,.F.);
#1347=ORIENTED_EDGE('',*,*,#1052,.T.);
#1348=ORIENTED_EDGE('',*,*,#1053,.T.);
#1349=ORIENTED_EDGE('',*,*,#1054,.T.);
#1350=ORIENTED_EDGE('',*,*,#1055,.T.);
#1351=ORIENTED_EDGE('',*,*,#1053,.F.);
#1352=ORIENTED_EDGE('',*,*,#1056,.F.);
#1353=ORIENTED_EDGE('',*,*,#1057,.F.);
#1354=ORIENTED_EDGE('',*,*,#1058,.F.);
#1355=ORIENTED_EDGE('',*,*,#1059,.T.);
#1356=ORIENTED_EDGE('',*,*,#1060,.F.);
#1357=ORIENTED_EDGE('',*,*,#1061,.T.);
#1358=ORIENTED_EDGE('',*,*,#1062,.F.);
#1359=ORIENTED_EDGE('',*,*,#1063,.T.);
#1360=ORIENTED_EDGE('',*,*,#1064,.T.);
#1361=ORIENTED_EDGE('',*,*,#1048,.T.);
#1362=ORIENTED_EDGE('',*,*,#1065,.T.);
#1363=ORIENTED_EDGE('',*,*,#1066,.F.);
#1364=ORIENTED_EDGE('',*,*,#1067,.T.);
#1365=ORIENTED_EDGE('',*,*,#1055,.F.);
#1366=ORIENTED_EDGE('',*,*,#1068,.F.);
#1367=ORIENTED_EDGE('',*,*,#1069,.F.);
#1368=ORIENTED_EDGE('',*,*,#1070,.T.);
#1369=ORIENTED_EDGE('',*,*,#1071,.F.);
#1370=ORIENTED_EDGE('',*,*,#1072,.F.);
#1371=ORIENTED_EDGE('',*,*,#1073,.T.);
#1372=ORIENTED_EDGE('',*,*,#1074,.F.);
#1373=ORIENTED_EDGE('',*,*,#1075,.F.);
#1374=ORIENTED_EDGE('',*,*,#1076,.F.);
#1375=ORIENTED_EDGE('',*,*,#1077,.F.);
#1376=ORIENTED_EDGE('',*,*,#1078,.F.);
#1377=ORIENTED_EDGE('',*,*,#1046,.F.);
#1378=ORIENTED_EDGE('',*,*,#1079,.T.);
#1379=ORIENTED_EDGE('',*,*,#1057,.T.);
#1380=ORIENTED_EDGE('',*,*,#1080,.T.);
#1381=ORIENTED_EDGE('',*,*,#1081,.F.);
#1382=ORIENTED_EDGE('',*,*,#1067,.F.);
#1383=ORIENTED_EDGE('',*,*,#1082,.T.);
#1384=ORIENTED_EDGE('',*,*,#1080,.F.);
#1385=ORIENTED_EDGE('',*,*,#1056,.T.);
#1386=ORIENTED_EDGE('',*,*,#1052,.F.);
#1387=ORIENTED_EDGE('',*,*,#1079,.F.);
#1388=ORIENTED_EDGE('',*,*,#1083,.T.);
#1389=ORIENTED_EDGE('',*,*,#1065,.F.);
#1390=ORIENTED_EDGE('',*,*,#1054,.F.);
#1391=ORIENTED_EDGE('',*,*,#1058,.T.);
#1392=ORIENTED_EDGE('',*,*,#1084,.F.);
#1393=ORIENTED_EDGE('',*,*,#1085,.T.);
#1394=ORIENTED_EDGE('',*,*,#1086,.T.);
#1395=ORIENTED_EDGE('',*,*,#1087,.F.);
#1396=ORIENTED_EDGE('',*,*,#1086,.F.);
#1397=ORIENTED_EDGE('',*,*,#1088,.T.);
#1398=ORIENTED_EDGE('',*,*,#1089,.T.);
#1399=ORIENTED_EDGE('',*,*,#1090,.T.);
#1400=ORIENTED_EDGE('',*,*,#1091,.T.);
#1401=ORIENTED_EDGE('',*,*,#1092,.T.);
#1402=ORIENTED_EDGE('',*,*,#1093,.T.);
#1403=ORIENTED_EDGE('',*,*,#1077,.T.);
#1404=ORIENTED_EDGE('',*,*,#1094,.T.);
#1405=ORIENTED_EDGE('',*,*,#1060,.T.);
#1406=ORIENTED_EDGE('',*,*,#1095,.F.);
#1407=ORIENTED_EDGE('',*,*,#1096,.T.);
#1408=ORIENTED_EDGE('',*,*,#1097,.F.);
#1409=ORIENTED_EDGE('',*,*,#1098,.T.);
#1410=ORIENTED_EDGE('',*,*,#1095,.T.);
#1411=ORIENTED_EDGE('',*,*,#1059,.F.);
#1412=ORIENTED_EDGE('',*,*,#1099,.F.);
#1413=ORIENTED_EDGE('',*,*,#1100,.F.);
#1414=ORIENTED_EDGE('',*,*,#1101,.F.);
#1415=ORIENTED_EDGE('',*,*,#1102,.F.);
#1416=ORIENTED_EDGE('',*,*,#1103,.T.);
#1417=ORIENTED_EDGE('',*,*,#1104,.F.);
#1418=ORIENTED_EDGE('',*,*,#1105,.F.);
#1419=ORIENTED_EDGE('',*,*,#1106,.F.);
#1420=ORIENTED_EDGE('',*,*,#1107,.T.);
#1421=ORIENTED_EDGE('',*,*,#1108,.F.);
#1422=ORIENTED_EDGE('',*,*,#1109,.T.);
#1423=ORIENTED_EDGE('',*,*,#1090,.F.);
#1424=ORIENTED_EDGE('',*,*,#1049,.F.);
#1425=ORIENTED_EDGE('',*,*,#1083,.F.);
#1426=ORIENTED_EDGE('',*,*,#1081,.T.);
#1427=ORIENTED_EDGE('',*,*,#1082,.F.);
#1428=ORIENTED_EDGE('',*,*,#1066,.T.);
#1429=ORIENTED_EDGE('',*,*,#1110,.F.);
#1430=ORIENTED_EDGE('',*,*,#1111,.T.);
#1431=ORIENTED_EDGE('',*,*,#1112,.F.);
#1432=ORIENTED_EDGE('',*,*,#1111,.F.);
#1433=ORIENTED_EDGE('',*,*,#1113,.F.);
#1434=ORIENTED_EDGE('',*,*,#1114,.T.);
#1435=ORIENTED_EDGE('',*,*,#1115,.F.);
#1436=ORIENTED_EDGE('',*,*,#1114,.F.);
#1437=ORIENTED_EDGE('',*,*,#1116,.F.);
#1438=ORIENTED_EDGE('',*,*,#1117,.T.);
#1439=ORIENTED_EDGE('',*,*,#1118,.F.);
#1440=ORIENTED_EDGE('',*,*,#1117,.F.);
#1441=ORIENTED_EDGE('',*,*,#1119,.F.);
#1442=ORIENTED_EDGE('',*,*,#1120,.T.);
#1443=ORIENTED_EDGE('',*,*,#1121,.F.);
#1444=ORIENTED_EDGE('',*,*,#1120,.F.);
#1445=ORIENTED_EDGE('',*,*,#1122,.F.);
#1446=ORIENTED_EDGE('',*,*,#1123,.T.);
#1447=ORIENTED_EDGE('',*,*,#1124,.F.);
#1448=ORIENTED_EDGE('',*,*,#1123,.F.);
#1449=ORIENTED_EDGE('',*,*,#1125,.F.);
#1450=ORIENTED_EDGE('',*,*,#1126,.T.);
#1451=ORIENTED_EDGE('',*,*,#1127,.F.);
#1452=ORIENTED_EDGE('',*,*,#1126,.F.);
#1453=ORIENTED_EDGE('',*,*,#1128,.F.);
#1454=ORIENTED_EDGE('',*,*,#1129,.T.);
#1455=ORIENTED_EDGE('',*,*,#1130,.F.);
#1456=ORIENTED_EDGE('',*,*,#1129,.F.);
#1457=ORIENTED_EDGE('',*,*,#1131,.F.);
#1458=ORIENTED_EDGE('',*,*,#1132,.T.);
#1459=ORIENTED_EDGE('',*,*,#1133,.F.);
#1460=ORIENTED_EDGE('',*,*,#1132,.F.);
#1461=ORIENTED_EDGE('',*,*,#1107,.F.);
#1462=ORIENTED_EDGE('',*,*,#1134,.F.);
#1463=ORIENTED_EDGE('',*,*,#1135,.T.);
#1464=ORIENTED_EDGE('',*,*,#1136,.F.);
#1465=ORIENTED_EDGE('',*,*,#1137,.F.);
#1466=ORIENTED_EDGE('',*,*,#1138,.T.);
#1467=ORIENTED_EDGE('',*,*,#1130,.T.);
#1468=ORIENTED_EDGE('',*,*,#1133,.T.);
#1469=ORIENTED_EDGE('',*,*,#1085,.F.);
#1470=ORIENTED_EDGE('',*,*,#1139,.T.);
#1471=ORIENTED_EDGE('',*,*,#1140,.F.);
#1472=ORIENTED_EDGE('',*,*,#1141,.T.);
#1473=ORIENTED_EDGE('',*,*,#1142,.T.);
#1474=ORIENTED_EDGE('',*,*,#1088,.F.);
#1475=ORIENTED_EDGE('',*,*,#1051,.T.);
#1476=ORIENTED_EDGE('',*,*,#1143,.F.);
#1477=ORIENTED_EDGE('',*,*,#1078,.T.);
#1478=ORIENTED_EDGE('',*,*,#1093,.F.);
#1479=ORIENTED_EDGE('',*,*,#1144,.F.);
#1480=ORIENTED_EDGE('',*,*,#1145,.F.);
#1481=ORIENTED_EDGE('',*,*,#1146,.T.);
#1482=ORIENTED_EDGE('',*,*,#1091,.F.);
#1483=ORIENTED_EDGE('',*,*,#1109,.F.);
#1484=ORIENTED_EDGE('',*,*,#1098,.F.);
#1485=ORIENTED_EDGE('',*,*,#1147,.T.);
#1486=ORIENTED_EDGE('',*,*,#1087,.T.);
#1487=ORIENTED_EDGE('',*,*,#1096,.F.);
#1488=ORIENTED_EDGE('',*,*,#1148,.T.);
#1489=ORIENTED_EDGE('',*,*,#1137,.T.);
#1490=ORIENTED_EDGE('',*,*,#1149,.T.);
#1491=ORIENTED_EDGE('',*,*,#1150,.F.);
#1492=ORIENTED_EDGE('',*,*,#1151,.F.);
#1493=ORIENTED_EDGE('',*,*,#1152,.F.);
#1494=ORIENTED_EDGE('',*,*,#1153,.F.);
#1495=ORIENTED_EDGE('',*,*,#1144,.T.);
#1496=ORIENTED_EDGE('',*,*,#1092,.F.);
#1497=ORIENTED_EDGE('',*,*,#1146,.F.);
#1498=ORIENTED_EDGE('',*,*,#1145,.T.);
#1499=ORIENTED_EDGE('',*,*,#1108,.T.);
#1500=ORIENTED_EDGE('',*,*,#1138,.F.);
#1501=ORIENTED_EDGE('',*,*,#1148,.F.);
#1502=ORIENTED_EDGE('',*,*,#1154,.T.);
#1503=ORIENTED_EDGE('',*,*,#1101,.T.);
#1504=ORIENTED_EDGE('',*,*,#1155,.T.);
#1505=ORIENTED_EDGE('',*,*,#1140,.T.);
#1506=ORIENTED_EDGE('',*,*,#1156,.T.);
#1507=ORIENTED_EDGE('',*,*,#1157,.F.);
#1508=ORIENTED_EDGE('',*,*,#1100,.T.);
#1509=ORIENTED_EDGE('',*,*,#1158,.T.);
#1510=ORIENTED_EDGE('',*,*,#1141,.F.);
#1511=ORIENTED_EDGE('',*,*,#1155,.F.);
#1512=ORIENTED_EDGE('',*,*,#1099,.T.);
#1513=ORIENTED_EDGE('',*,*,#1089,.F.);
#1514=ORIENTED_EDGE('',*,*,#1142,.F.);
#1515=ORIENTED_EDGE('',*,*,#1158,.F.);
#1516=ORIENTED_EDGE('',*,*,#1074,.T.);
#1517=ORIENTED_EDGE('',*,*,#1159,.T.);
#1518=ORIENTED_EDGE('',*,*,#1160,.T.);
#1519=ORIENTED_EDGE('',*,*,#1161,.T.);
#1520=ORIENTED_EDGE('',*,*,#1063,.F.);
#1521=ORIENTED_EDGE('',*,*,#1162,.T.);
#1522=ORIENTED_EDGE('',*,*,#1163,.T.);
#1523=ORIENTED_EDGE('',*,*,#1164,.T.);
#1524=ORIENTED_EDGE('',*,*,#1165,.T.);
#1525=ORIENTED_EDGE('',*,*,#1160,.F.);
#1526=ORIENTED_EDGE('',*,*,#1102,.T.);
#1527=ORIENTED_EDGE('',*,*,#1154,.F.);
#1528=ORIENTED_EDGE('',*,*,#1166,.F.);
#1529=ORIENTED_EDGE('',*,*,#1167,.F.);
#1530=ORIENTED_EDGE('',*,*,#1168,.F.);
#1531=ORIENTED_EDGE('',*,*,#1169,.T.);
#1532=ORIENTED_EDGE('',*,*,#1118,.T.);
#1533=ORIENTED_EDGE('',*,*,#1121,.T.);
#1534=ORIENTED_EDGE('',*,*,#1073,.F.);
#1535=ORIENTED_EDGE('',*,*,#1170,.F.);
#1536=ORIENTED_EDGE('',*,*,#1171,.T.);
#1537=ORIENTED_EDGE('',*,*,#1172,.F.);
#1538=ORIENTED_EDGE('',*,*,#1163,.F.);
#1539=ORIENTED_EDGE('',*,*,#1159,.F.);
#1540=ORIENTED_EDGE('',*,*,#1112,.T.);
#1541=ORIENTED_EDGE('',*,*,#1115,.T.);
#1542=ORIENTED_EDGE('',*,*,#1076,.T.);
#1543=ORIENTED_EDGE('',*,*,#1173,.F.);
#1544=ORIENTED_EDGE('',*,*,#1061,.F.);
#1545=ORIENTED_EDGE('',*,*,#1094,.F.);
#1546=ORIENTED_EDGE('',*,*,#1167,.T.);
#1547=ORIENTED_EDGE('',*,*,#1174,.F.);
#1548=ORIENTED_EDGE('',*,*,#1175,.F.);
#1549=ORIENTED_EDGE('',*,*,#1176,.T.);
#1550=ORIENTED_EDGE('',*,*,#1177,.F.);
#1551=ORIENTED_EDGE('',*,*,#1172,.T.);
#1552=ORIENTED_EDGE('',*,*,#1178,.T.);
#1553=ORIENTED_EDGE('',*,*,#1179,.F.);
#1554=ORIENTED_EDGE('',*,*,#1180,.F.);
#1555=ORIENTED_EDGE('',*,*,#1164,.F.);
#1556=ORIENTED_EDGE('',*,*,#1166,.T.);
#1557=ORIENTED_EDGE('',*,*,#1157,.T.);
#1558=ORIENTED_EDGE('',*,*,#1181,.T.);
#1559=ORIENTED_EDGE('',*,*,#1174,.T.);
#1560=ORIENTED_EDGE('',*,*,#1075,.T.);
#1561=ORIENTED_EDGE('',*,*,#1162,.F.);
#1562=ORIENTED_EDGE('',*,*,#1062,.T.);
#1563=ORIENTED_EDGE('',*,*,#1173,.T.);
#1564=ORIENTED_EDGE('',*,*,#1175,.T.);
#1565=ORIENTED_EDGE('',*,*,#1181,.F.);
#1566=ORIENTED_EDGE('',*,*,#1156,.F.);
#1567=ORIENTED_EDGE('',*,*,#1139,.F.);
#1568=ORIENTED_EDGE('',*,*,#1084,.T.);
#1569=ORIENTED_EDGE('',*,*,#1147,.F.);
#1570=ORIENTED_EDGE('',*,*,#1097,.T.);
#1571=ORIENTED_EDGE('',*,*,#1064,.F.);
#1572=ORIENTED_EDGE('',*,*,#1161,.F.);
#1573=ORIENTED_EDGE('',*,*,#1165,.F.);
#1574=ORIENTED_EDGE('',*,*,#1180,.T.);
#1575=ORIENTED_EDGE('',*,*,#1182,.F.);
#1576=ORIENTED_EDGE('',*,*,#1183,.F.);
#1577=ORIENTED_EDGE('',*,*,#1184,.F.);
#1578=ORIENTED_EDGE('',*,*,#1185,.F.);
#1579=ORIENTED_EDGE('',*,*,#1186,.F.);
#1580=ORIENTED_EDGE('',*,*,#1187,.F.);
#1581=ORIENTED_EDGE('',*,*,#1188,.F.);
#1582=ORIENTED_EDGE('',*,*,#1071,.T.);
#1583=ORIENTED_EDGE('',*,*,#1189,.T.);
#1584=ORIENTED_EDGE('',*,*,#1190,.T.);
#1585=ORIENTED_EDGE('',*,*,#1191,.T.);
#1586=ORIENTED_EDGE('',*,*,#1192,.T.);
#1587=ORIENTED_EDGE('',*,*,#1193,.T.);
#1588=ORIENTED_EDGE('',*,*,#1194,.T.);
#1589=ORIENTED_EDGE('',*,*,#1195,.T.);
#1590=ORIENTED_EDGE('',*,*,#1150,.T.);
#1591=ORIENTED_EDGE('',*,*,#1196,.F.);
#1592=ORIENTED_EDGE('',*,*,#1197,.F.);
#1593=ORIENTED_EDGE('',*,*,#1198,.F.);
#1594=ORIENTED_EDGE('',*,*,#1199,.F.);
#1595=ORIENTED_EDGE('',*,*,#1200,.F.);
#1596=ORIENTED_EDGE('',*,*,#1201,.F.);
#1597=ORIENTED_EDGE('',*,*,#1202,.F.);
#1598=ORIENTED_EDGE('',*,*,#1105,.T.);
#1599=ORIENTED_EDGE('',*,*,#1203,.T.);
#1600=ORIENTED_EDGE('',*,*,#1204,.T.);
#1601=ORIENTED_EDGE('',*,*,#1205,.T.);
#1602=ORIENTED_EDGE('',*,*,#1206,.T.);
#1603=ORIENTED_EDGE('',*,*,#1207,.T.);
#1604=ORIENTED_EDGE('',*,*,#1208,.T.);
#1605=ORIENTED_EDGE('',*,*,#1209,.F.);
#1606=ORIENTED_EDGE('',*,*,#1210,.T.);
#1607=ORIENTED_EDGE('',*,*,#1211,.T.);
#1608=ORIENTED_EDGE('',*,*,#1212,.T.);
#1609=ORIENTED_EDGE('',*,*,#1209,.T.);
#1610=ORIENTED_EDGE('',*,*,#1213,.F.);
#1611=ORIENTED_EDGE('',*,*,#1214,.T.);
#1612=ORIENTED_EDGE('',*,*,#1196,.T.);
#1613=ORIENTED_EDGE('',*,*,#1215,.T.);
#1614=ORIENTED_EDGE('',*,*,#1216,.T.);
#1615=ORIENTED_EDGE('',*,*,#1217,.T.);
#1616=ORIENTED_EDGE('',*,*,#1202,.T.);
#1617=ORIENTED_EDGE('',*,*,#1218,.T.);
#1618=ORIENTED_EDGE('',*,*,#1219,.F.);
#1619=ORIENTED_EDGE('',*,*,#1220,.T.);
#1620=ORIENTED_EDGE('',*,*,#1221,.T.);
#1621=ORIENTED_EDGE('',*,*,#1128,.T.);
#1622=ORIENTED_EDGE('',*,*,#1131,.T.);
#1623=ORIENTED_EDGE('',*,*,#1212,.F.);
#1624=ORIENTED_EDGE('',*,*,#1222,.F.);
#1625=ORIENTED_EDGE('',*,*,#1223,.F.);
#1626=ORIENTED_EDGE('',*,*,#1213,.T.);
#1627=ORIENTED_EDGE('',*,*,#1224,.F.);
#1628=ORIENTED_EDGE('',*,*,#1225,.F.);
#1629=ORIENTED_EDGE('',*,*,#1226,.T.);
#1630=ORIENTED_EDGE('',*,*,#1227,.T.);
#1631=ORIENTED_EDGE('',*,*,#1228,.T.);
#1632=ORIENTED_EDGE('',*,*,#1229,.F.);
#1633=ORIENTED_EDGE('',*,*,#1230,.T.);
#1634=ORIENTED_EDGE('',*,*,#1231,.T.);
#1635=ORIENTED_EDGE('',*,*,#1222,.T.);
#1636=ORIENTED_EDGE('',*,*,#1211,.F.);
#1637=ORIENTED_EDGE('',*,*,#1210,.F.);
#1638=ORIENTED_EDGE('',*,*,#1221,.F.);
#1639=ORIENTED_EDGE('',*,*,#1232,.F.);
#1640=ORIENTED_EDGE('',*,*,#1224,.T.);
#1641=ORIENTED_EDGE('',*,*,#1220,.F.);
#1642=ORIENTED_EDGE('',*,*,#1233,.T.);
#1643=ORIENTED_EDGE('',*,*,#1225,.T.);
#1644=ORIENTED_EDGE('',*,*,#1232,.T.);
#1645=ORIENTED_EDGE('',*,*,#1233,.F.);
#1646=ORIENTED_EDGE('',*,*,#1219,.T.);
#1647=ORIENTED_EDGE('',*,*,#1234,.T.);
#1648=ORIENTED_EDGE('',*,*,#1226,.F.);
#1649=ORIENTED_EDGE('',*,*,#1235,.F.);
#1650=ORIENTED_EDGE('',*,*,#1236,.T.);
#1651=ORIENTED_EDGE('',*,*,#1237,.T.);
#1652=ORIENTED_EDGE('',*,*,#1238,.T.);
#1653=ORIENTED_EDGE('',*,*,#1235,.T.);
#1654=ORIENTED_EDGE('',*,*,#1239,.F.);
#1655=ORIENTED_EDGE('',*,*,#1240,.T.);
#1656=ORIENTED_EDGE('',*,*,#1189,.F.);
#1657=ORIENTED_EDGE('',*,*,#1241,.F.);
#1658=ORIENTED_EDGE('',*,*,#1242,.F.);
#1659=ORIENTED_EDGE('',*,*,#1243,.F.);
#1660=ORIENTED_EDGE('',*,*,#1195,.F.);
#1661=ORIENTED_EDGE('',*,*,#1244,.T.);
#1662=ORIENTED_EDGE('',*,*,#1245,.F.);
#1663=ORIENTED_EDGE('',*,*,#1246,.T.);
#1664=ORIENTED_EDGE('',*,*,#1247,.F.);
#1665=ORIENTED_EDGE('',*,*,#1122,.T.);
#1666=ORIENTED_EDGE('',*,*,#1125,.T.);
#1667=ORIENTED_EDGE('',*,*,#1238,.F.);
#1668=ORIENTED_EDGE('',*,*,#1248,.T.);
#1669=ORIENTED_EDGE('',*,*,#1249,.F.);
#1670=ORIENTED_EDGE('',*,*,#1239,.T.);
#1671=ORIENTED_EDGE('',*,*,#1250,.T.);
#1672=ORIENTED_EDGE('',*,*,#1251,.F.);
#1673=ORIENTED_EDGE('',*,*,#1252,.F.);
#1674=ORIENTED_EDGE('',*,*,#1253,.F.);
#1675=ORIENTED_EDGE('',*,*,#1254,.F.);
#1676=ORIENTED_EDGE('',*,*,#1255,.T.);
#1677=ORIENTED_EDGE('',*,*,#1256,.F.);
#1678=ORIENTED_EDGE('',*,*,#1257,.F.);
#1679=ORIENTED_EDGE('',*,*,#1248,.F.);
#1680=ORIENTED_EDGE('',*,*,#1237,.F.);
#1681=ORIENTED_EDGE('',*,*,#1236,.F.);
#1682=ORIENTED_EDGE('',*,*,#1247,.T.);
#1683=ORIENTED_EDGE('',*,*,#1258,.F.);
#1684=ORIENTED_EDGE('',*,*,#1250,.F.);
#1685=ORIENTED_EDGE('',*,*,#1246,.F.);
#1686=ORIENTED_EDGE('',*,*,#1259,.T.);
#1687=ORIENTED_EDGE('',*,*,#1251,.T.);
#1688=ORIENTED_EDGE('',*,*,#1258,.T.);
#1689=ORIENTED_EDGE('',*,*,#1259,.F.);
#1690=ORIENTED_EDGE('',*,*,#1245,.T.);
#1691=ORIENTED_EDGE('',*,*,#1260,.T.);
#1692=ORIENTED_EDGE('',*,*,#1252,.T.);
#1693=ORIENTED_EDGE('',*,*,#1261,.F.);
#1694=ORIENTED_EDGE('',*,*,#1262,.T.);
#1695=ORIENTED_EDGE('',*,*,#1263,.T.);
#1696=ORIENTED_EDGE('',*,*,#1264,.T.);
#1697=ORIENTED_EDGE('',*,*,#1261,.T.);
#1698=ORIENTED_EDGE('',*,*,#1265,.F.);
#1699=ORIENTED_EDGE('',*,*,#1266,.T.);
#1700=ORIENTED_EDGE('',*,*,#1182,.T.);
#1701=ORIENTED_EDGE('',*,*,#1179,.T.);
#1702=ORIENTED_EDGE('',*,*,#1267,.T.);
#1703=ORIENTED_EDGE('',*,*,#1268,.T.);
#1704=ORIENTED_EDGE('',*,*,#1188,.T.);
#1705=ORIENTED_EDGE('',*,*,#1269,.T.);
#1706=ORIENTED_EDGE('',*,*,#1270,.F.);
#1707=ORIENTED_EDGE('',*,*,#1271,.T.);
#1708=ORIENTED_EDGE('',*,*,#1272,.F.);
#1709=ORIENTED_EDGE('',*,*,#1110,.T.);
#1710=ORIENTED_EDGE('',*,*,#1113,.T.);
#1711=ORIENTED_EDGE('',*,*,#1264,.F.);
#1712=ORIENTED_EDGE('',*,*,#1273,.F.);
#1713=ORIENTED_EDGE('',*,*,#1274,.F.);
#1714=ORIENTED_EDGE('',*,*,#1265,.T.);
#1715=ORIENTED_EDGE('',*,*,#1275,.F.);
#1716=ORIENTED_EDGE('',*,*,#1276,.F.);
#1717=ORIENTED_EDGE('',*,*,#1277,.T.);
#1718=ORIENTED_EDGE('',*,*,#1278,.T.);
#1719=ORIENTED_EDGE('',*,*,#1279,.T.);
#1720=ORIENTED_EDGE('',*,*,#1280,.F.);
#1721=ORIENTED_EDGE('',*,*,#1281,.T.);
#1722=ORIENTED_EDGE('',*,*,#1282,.T.);
#1723=ORIENTED_EDGE('',*,*,#1273,.T.);
#1724=ORIENTED_EDGE('',*,*,#1263,.F.);
#1725=ORIENTED_EDGE('',*,*,#1262,.F.);
#1726=ORIENTED_EDGE('',*,*,#1272,.T.);
#1727=ORIENTED_EDGE('',*,*,#1283,.F.);
#1728=ORIENTED_EDGE('',*,*,#1275,.T.);
#1729=ORIENTED_EDGE('',*,*,#1271,.F.);
#1730=ORIENTED_EDGE('',*,*,#1284,.T.);
#1731=ORIENTED_EDGE('',*,*,#1276,.T.);
#1732=ORIENTED_EDGE('',*,*,#1283,.T.);
#1733=ORIENTED_EDGE('',*,*,#1284,.F.);
#1734=ORIENTED_EDGE('',*,*,#1270,.T.);
#1735=ORIENTED_EDGE('',*,*,#1285,.T.);
#1736=ORIENTED_EDGE('',*,*,#1277,.F.);
#1737=ORIENTED_EDGE('',*,*,#1286,.F.);
#1738=ORIENTED_EDGE('',*,*,#1287,.T.);
#1739=ORIENTED_EDGE('',*,*,#1288,.T.);
#1740=ORIENTED_EDGE('',*,*,#1289,.T.);
#1741=ORIENTED_EDGE('',*,*,#1286,.T.);
#1742=ORIENTED_EDGE('',*,*,#1290,.F.);
#1743=ORIENTED_EDGE('',*,*,#1291,.F.);
#1744=ORIENTED_EDGE('',*,*,#1292,.F.);
#1745=ORIENTED_EDGE('',*,*,#1176,.F.);
#1746=ORIENTED_EDGE('',*,*,#1208,.F.);
#1747=ORIENTED_EDGE('',*,*,#1293,.T.);
#1748=ORIENTED_EDGE('',*,*,#1294,.F.);
#1749=ORIENTED_EDGE('',*,*,#1295,.T.);
#1750=ORIENTED_EDGE('',*,*,#1296,.F.);
#1751=ORIENTED_EDGE('',*,*,#1116,.T.);
#1752=ORIENTED_EDGE('',*,*,#1119,.T.);
#1753=ORIENTED_EDGE('',*,*,#1289,.F.);
#1754=ORIENTED_EDGE('',*,*,#1297,.T.);
#1755=ORIENTED_EDGE('',*,*,#1298,.F.);
#1756=ORIENTED_EDGE('',*,*,#1299,.F.);
#1757=ORIENTED_EDGE('',*,*,#1290,.T.);
#1758=ORIENTED_EDGE('',*,*,#1300,.T.);
#1759=ORIENTED_EDGE('',*,*,#1301,.F.);
#1760=ORIENTED_EDGE('',*,*,#1302,.F.);
#1761=ORIENTED_EDGE('',*,*,#1303,.F.);
#1762=ORIENTED_EDGE('',*,*,#1304,.F.);
#1763=ORIENTED_EDGE('',*,*,#1305,.T.);
#1764=ORIENTED_EDGE('',*,*,#1306,.F.);
#1765=ORIENTED_EDGE('',*,*,#1307,.F.);
#1766=ORIENTED_EDGE('',*,*,#1297,.F.);
#1767=ORIENTED_EDGE('',*,*,#1288,.F.);
#1768=ORIENTED_EDGE('',*,*,#1287,.F.);
#1769=ORIENTED_EDGE('',*,*,#1296,.T.);
#1770=ORIENTED_EDGE('',*,*,#1308,.F.);
#1771=ORIENTED_EDGE('',*,*,#1300,.F.);
#1772=ORIENTED_EDGE('',*,*,#1295,.F.);
#1773=ORIENTED_EDGE('',*,*,#1309,.T.);
#1774=ORIENTED_EDGE('',*,*,#1301,.T.);
#1775=ORIENTED_EDGE('',*,*,#1308,.T.);
#1776=ORIENTED_EDGE('',*,*,#1309,.F.);
#1777=ORIENTED_EDGE('',*,*,#1294,.T.);
#1778=ORIENTED_EDGE('',*,*,#1310,.T.);
#1779=ORIENTED_EDGE('',*,*,#1302,.T.);
#1780=ORIENTED_EDGE('',*,*,#1311,.T.);
#1781=ORIENTED_EDGE('',*,*,#1152,.T.);
#1782=ORIENTED_EDGE('',*,*,#1312,.T.);
#1783=ORIENTED_EDGE('',*,*,#1313,.F.);
#1784=ORIENTED_EDGE('',*,*,#1314,.T.);
#1785=ORIENTED_EDGE('',*,*,#1069,.T.);
#1786=ORIENTED_EDGE('',*,*,#1124,.T.);
#1787=ORIENTED_EDGE('',*,*,#1127,.T.);
#1788=ORIENTED_EDGE('',*,*,#1315,.T.);
#1789=ORIENTED_EDGE('',*,*,#1254,.T.);
#1790=ORIENTED_EDGE('',*,*,#1316,.F.);
#1791=ORIENTED_EDGE('',*,*,#1193,.F.);
#1792=ORIENTED_EDGE('',*,*,#1317,.T.);
#1793=ORIENTED_EDGE('',*,*,#1229,.T.);
#1794=ORIENTED_EDGE('',*,*,#1318,.F.);
#1795=ORIENTED_EDGE('',*,*,#1199,.T.);
#1796=ORIENTED_EDGE('',*,*,#1214,.F.);
#1797=ORIENTED_EDGE('',*,*,#1223,.T.);
#1798=ORIENTED_EDGE('',*,*,#1231,.F.);
#1799=ORIENTED_EDGE('',*,*,#1319,.F.);
#1800=ORIENTED_EDGE('',*,*,#1197,.T.);
#1801=ORIENTED_EDGE('',*,*,#1268,.F.);
#1802=ORIENTED_EDGE('',*,*,#1320,.F.);
#1803=ORIENTED_EDGE('',*,*,#1170,.T.);
#1804=ORIENTED_EDGE('',*,*,#1072,.T.);
#1805=ORIENTED_EDGE('',*,*,#1177,.T.);
#1806=ORIENTED_EDGE('',*,*,#1292,.T.);
#1807=ORIENTED_EDGE('',*,*,#1321,.F.);
#1808=ORIENTED_EDGE('',*,*,#1168,.T.);
#1809=ORIENTED_EDGE('',*,*,#1322,.F.);
#1810=ORIENTED_EDGE('',*,*,#1103,.F.);
#1811=ORIENTED_EDGE('',*,*,#1169,.F.);
#1812=ORIENTED_EDGE('',*,*,#1321,.T.);
#1813=ORIENTED_EDGE('',*,*,#1291,.T.);
#1814=ORIENTED_EDGE('',*,*,#1104,.T.);
#1815=ORIENTED_EDGE('',*,*,#1322,.T.);
#1816=ORIENTED_EDGE('',*,*,#1299,.T.);
#1817=ORIENTED_EDGE('',*,*,#1323,.T.);
#1818=ORIENTED_EDGE('',*,*,#1324,.T.);
#1819=ORIENTED_EDGE('',*,*,#1304,.T.);
#1820=ORIENTED_EDGE('',*,*,#1325,.F.);
#1821=ORIENTED_EDGE('',*,*,#1206,.F.);
#1822=ORIENTED_EDGE('',*,*,#1207,.F.);
#1823=ORIENTED_EDGE('',*,*,#1325,.T.);
#1824=ORIENTED_EDGE('',*,*,#1303,.T.);
#1825=ORIENTED_EDGE('',*,*,#1310,.F.);
#1826=ORIENTED_EDGE('',*,*,#1293,.F.);
#1827=ORIENTED_EDGE('',*,*,#1205,.F.);
#1828=ORIENTED_EDGE('',*,*,#1326,.T.);
#1829=ORIENTED_EDGE('',*,*,#1305,.F.);
#1830=ORIENTED_EDGE('',*,*,#1324,.F.);
#1831=ORIENTED_EDGE('',*,*,#1326,.F.);
#1832=ORIENTED_EDGE('',*,*,#1204,.F.);
#1833=ORIENTED_EDGE('',*,*,#1327,.T.);
#1834=ORIENTED_EDGE('',*,*,#1306,.T.);
#1835=ORIENTED_EDGE('',*,*,#1298,.T.);
#1836=ORIENTED_EDGE('',*,*,#1307,.T.);
#1837=ORIENTED_EDGE('',*,*,#1327,.F.);
#1838=ORIENTED_EDGE('',*,*,#1203,.F.);
#1839=ORIENTED_EDGE('',*,*,#1323,.F.);
#1840=ORIENTED_EDGE('',*,*,#1266,.F.);
#1841=ORIENTED_EDGE('',*,*,#1274,.T.);
#1842=ORIENTED_EDGE('',*,*,#1282,.F.);
#1843=ORIENTED_EDGE('',*,*,#1328,.F.);
#1844=ORIENTED_EDGE('',*,*,#1183,.T.);
#1845=ORIENTED_EDGE('',*,*,#1187,.T.);
#1846=ORIENTED_EDGE('',*,*,#1329,.T.);
#1847=ORIENTED_EDGE('',*,*,#1278,.F.);
#1848=ORIENTED_EDGE('',*,*,#1285,.F.);
#1849=ORIENTED_EDGE('',*,*,#1269,.F.);
#1850=ORIENTED_EDGE('',*,*,#1279,.F.);
#1851=ORIENTED_EDGE('',*,*,#1329,.F.);
#1852=ORIENTED_EDGE('',*,*,#1186,.T.);
#1853=ORIENTED_EDGE('',*,*,#1330,.T.);
#1854=ORIENTED_EDGE('',*,*,#1331,.T.);
#1855=ORIENTED_EDGE('',*,*,#1280,.T.);
#1856=ORIENTED_EDGE('',*,*,#1330,.F.);
#1857=ORIENTED_EDGE('',*,*,#1185,.T.);
#1858=ORIENTED_EDGE('',*,*,#1184,.T.);
#1859=ORIENTED_EDGE('',*,*,#1328,.T.);
#1860=ORIENTED_EDGE('',*,*,#1281,.F.);
#1861=ORIENTED_EDGE('',*,*,#1331,.F.);
#1862=ORIENTED_EDGE('',*,*,#1171,.F.);
#1863=ORIENTED_EDGE('',*,*,#1320,.T.);
#1864=ORIENTED_EDGE('',*,*,#1267,.F.);
#1865=ORIENTED_EDGE('',*,*,#1178,.F.);
#1866=ORIENTED_EDGE('',*,*,#1143,.T.);
#1867=ORIENTED_EDGE('',*,*,#1153,.T.);
#1868=ORIENTED_EDGE('',*,*,#1311,.F.);
#1869=ORIENTED_EDGE('',*,*,#1068,.T.);
#1870=ORIENTED_EDGE('',*,*,#1194,.F.);
#1871=ORIENTED_EDGE('',*,*,#1316,.T.);
#1872=ORIENTED_EDGE('',*,*,#1253,.T.);
#1873=ORIENTED_EDGE('',*,*,#1260,.F.);
#1874=ORIENTED_EDGE('',*,*,#1244,.F.);
#1875=ORIENTED_EDGE('',*,*,#1243,.T.);
#1876=ORIENTED_EDGE('',*,*,#1332,.F.);
#1877=ORIENTED_EDGE('',*,*,#1312,.F.);
#1878=ORIENTED_EDGE('',*,*,#1151,.T.);
#1879=ORIENTED_EDGE('',*,*,#1332,.T.);
#1880=ORIENTED_EDGE('',*,*,#1242,.T.);
#1881=ORIENTED_EDGE('',*,*,#1333,.F.);
#1882=ORIENTED_EDGE('',*,*,#1313,.T.);
#1883=ORIENTED_EDGE('',*,*,#1070,.F.);
#1884=ORIENTED_EDGE('',*,*,#1314,.F.);
#1885=ORIENTED_EDGE('',*,*,#1333,.T.);
#1886=ORIENTED_EDGE('',*,*,#1241,.T.);
#1887=ORIENTED_EDGE('',*,*,#1240,.F.);
#1888=ORIENTED_EDGE('',*,*,#1249,.T.);
#1889=ORIENTED_EDGE('',*,*,#1257,.T.);
#1890=ORIENTED_EDGE('',*,*,#1334,.F.);
#1891=ORIENTED_EDGE('',*,*,#1190,.F.);
#1892=ORIENTED_EDGE('',*,*,#1335,.F.);
#1893=ORIENTED_EDGE('',*,*,#1191,.F.);
#1894=ORIENTED_EDGE('',*,*,#1334,.T.);
#1895=ORIENTED_EDGE('',*,*,#1256,.T.);
#1896=ORIENTED_EDGE('',*,*,#1192,.F.);
#1897=ORIENTED_EDGE('',*,*,#1335,.T.);
#1898=ORIENTED_EDGE('',*,*,#1255,.F.);
#1899=ORIENTED_EDGE('',*,*,#1315,.F.);
#1900=ORIENTED_EDGE('',*,*,#1149,.F.);
#1901=ORIENTED_EDGE('',*,*,#1136,.T.);
#1902=ORIENTED_EDGE('',*,*,#1336,.T.);
#1903=ORIENTED_EDGE('',*,*,#1215,.F.);
#1904=ORIENTED_EDGE('',*,*,#1135,.F.);
#1905=ORIENTED_EDGE('',*,*,#1337,.T.);
#1906=ORIENTED_EDGE('',*,*,#1216,.F.);
#1907=ORIENTED_EDGE('',*,*,#1336,.F.);
#1908=ORIENTED_EDGE('',*,*,#1217,.F.);
#1909=ORIENTED_EDGE('',*,*,#1337,.F.);
#1910=ORIENTED_EDGE('',*,*,#1134,.T.);
#1911=ORIENTED_EDGE('',*,*,#1106,.T.);
#1912=ORIENTED_EDGE('',*,*,#1201,.T.);
#1913=ORIENTED_EDGE('',*,*,#1338,.T.);
#1914=ORIENTED_EDGE('',*,*,#1227,.F.);
#1915=ORIENTED_EDGE('',*,*,#1234,.F.);
#1916=ORIENTED_EDGE('',*,*,#1218,.F.);
#1917=ORIENTED_EDGE('',*,*,#1228,.F.);
#1918=ORIENTED_EDGE('',*,*,#1338,.F.);
#1919=ORIENTED_EDGE('',*,*,#1200,.T.);
#1920=ORIENTED_EDGE('',*,*,#1318,.T.);
#1921=ORIENTED_EDGE('',*,*,#1198,.T.);
#1922=ORIENTED_EDGE('',*,*,#1319,.T.);
#1923=ORIENTED_EDGE('',*,*,#1230,.F.);
#1924=ORIENTED_EDGE('',*,*,#1317,.F.);
#1925=CYLINDRICAL_SURFACE('',#2061,1.25);
#1926=CYLINDRICAL_SURFACE('',#2064,1.25);
#1927=CYLINDRICAL_SURFACE('',#2079,2.05);
#1928=CYLINDRICAL_SURFACE('',#2082,1.);
#1929=CYLINDRICAL_SURFACE('',#2085,2.05);
#1930=CYLINDRICAL_SURFACE('',#2088,1.);
#1931=CYLINDRICAL_SURFACE('',#2091,2.05);
#1932=CYLINDRICAL_SURFACE('',#2094,1.);
#1933=CYLINDRICAL_SURFACE('',#2097,2.05);
#1934=CYLINDRICAL_SURFACE('',#2100,0.999999999999996);
#1935=CYLINDRICAL_SURFACE('',#2108,27.);
#1936=CYLINDRICAL_SURFACE('',#2112,27.);
#1937=CYLINDRICAL_SURFACE('',#2117,2.7);
#1938=CYLINDRICAL_SURFACE('',#2126,2.7);
#1939=CYLINDRICAL_SURFACE('',#2128,2.7);
#1940=CYLINDRICAL_SURFACE('',#2137,2.7);
#1941=CYLINDRICAL_SURFACE('',#2139,2.7);
#1942=CYLINDRICAL_SURFACE('',#2148,2.7);
#1943=CYLINDRICAL_SURFACE('',#2150,2.7);
#1944=CYLINDRICAL_SURFACE('',#2159,2.7);
#1945=ADVANCED_FACE('',(#157),#1925,.F.);
#1946=ADVANCED_FACE('',(#158),#1926,.F.);
#1947=ADVANCED_FACE('',(#159),#93,.T.);
#1948=ADVANCED_FACE('',(#160),#94,.F.);
#1949=ADVANCED_FACE('',(#161,#71,#72),#95,.T.);
#1950=ADVANCED_FACE('',(#162,#73,#74),#96,.F.);
#1951=ADVANCED_FACE('',(#163),#97,.F.);
#1952=ADVANCED_FACE('',(#164),#98,.T.);
#1953=ADVANCED_FACE('',(#165),#15,.T.);
#1954=ADVANCED_FACE('',(#166),#99,.F.);
#1955=ADVANCED_FACE('',(#167),#16,.T.);
#1956=ADVANCED_FACE('',(#168,#75),#100,.T.);
#1957=ADVANCED_FACE('',(#169),#101,.T.);
#1958=ADVANCED_FACE('',(#170),#1927,.F.);
#1959=ADVANCED_FACE('',(#171),#1928,.F.);
#1960=ADVANCED_FACE('',(#172),#1929,.F.);
#1961=ADVANCED_FACE('',(#173),#1930,.F.);
#1962=ADVANCED_FACE('',(#174),#1931,.F.);
#1963=ADVANCED_FACE('',(#175),#1932,.F.);
#1964=ADVANCED_FACE('',(#176),#1933,.F.);
#1965=ADVANCED_FACE('',(#177),#1934,.F.);
#1966=ADVANCED_FACE('',(#178,#76,#77),#102,.T.);
#1967=ADVANCED_FACE('',(#179,#78),#103,.F.);
#1968=ADVANCED_FACE('',(#180),#17,.T.);
#1969=ADVANCED_FACE('',(#181),#18,.T.);
#1970=ADVANCED_FACE('',(#182),#104,.T.);
#1971=ADVANCED_FACE('',(#183),#105,.F.);
#1972=ADVANCED_FACE('',(#184),#19,.T.);
#1973=ADVANCED_FACE('',(#185),#20,.F.);
#1974=ADVANCED_FACE('',(#186),#21,.T.);
#1975=ADVANCED_FACE('',(#187),#1935,.T.);
#1976=ADVANCED_FACE('',(#188),#22,.F.);
#1977=ADVANCED_FACE('',(#189),#106,.T.);
#1978=ADVANCED_FACE('',(#190,#79,#80),#107,.T.);
#1979=ADVANCED_FACE('',(#191,#81,#82),#108,.F.);
#1980=ADVANCED_FACE('',(#192),#1936,.T.);
#1981=ADVANCED_FACE('',(#193),#109,.T.);
#1982=ADVANCED_FACE('',(#194),#110,.F.);
#1983=ADVANCED_FACE('',(#195),#111,.T.);
#1984=ADVANCED_FACE('',(#196),#23,.T.);
#1985=ADVANCED_FACE('',(#197),#112,.F.);
#1986=ADVANCED_FACE('',(#198),#1937,.F.);
#1987=ADVANCED_FACE('',(#199,#83,#84),#113,.F.);
#1988=ADVANCED_FACE('',(#200),#114,.T.);
#1989=ADVANCED_FACE('',(#201),#115,.T.);
#1990=ADVANCED_FACE('',(#202),#116,.F.);
#1991=ADVANCED_FACE('',(#203),#1938,.F.);
#1992=ADVANCED_FACE('',(#204),#117,.T.);
#1993=ADVANCED_FACE('',(#205),#1939,.F.);
#1994=ADVANCED_FACE('',(#206,#85,#86),#118,.F.);
#1995=ADVANCED_FACE('',(#207),#119,.F.);
#1996=ADVANCED_FACE('',(#208),#120,.F.);
#1997=ADVANCED_FACE('',(#209),#121,.T.);
#1998=ADVANCED_FACE('',(#210),#1940,.F.);
#1999=ADVANCED_FACE('',(#211),#122,.F.);
#2000=ADVANCED_FACE('',(#212),#1941,.F.);
#2001=ADVANCED_FACE('',(#213,#87,#88),#123,.F.);
#2002=ADVANCED_FACE('',(#214),#124,.T.);
#2003=ADVANCED_FACE('',(#215),#125,.T.);
#2004=ADVANCED_FACE('',(#216),#126,.F.);
#2005=ADVANCED_FACE('',(#217),#1942,.F.);
#2006=ADVANCED_FACE('',(#218),#127,.T.);
#2007=ADVANCED_FACE('',(#219),#1943,.F.);
#2008=ADVANCED_FACE('',(#220,#89,#90),#128,.F.);
#2009=ADVANCED_FACE('',(#221),#129,.F.);
#2010=ADVANCED_FACE('',(#222),#130,.F.);
#2011=ADVANCED_FACE('',(#223),#131,.T.);
#2012=ADVANCED_FACE('',(#224),#1944,.F.);
#2013=ADVANCED_FACE('',(#225),#132,.F.);
#2014=ADVANCED_FACE('',(#226,#91,#92),#133,.T.);
#2015=ADVANCED_FACE('',(#227),#134,.T.);
#2016=ADVANCED_FACE('',(#228),#24,.F.);
#2017=ADVANCED_FACE('',(#229),#135,.F.);
#2018=ADVANCED_FACE('',(#230),#136,.F.);
#2019=ADVANCED_FACE('',(#231),#25,.F.);
#2020=ADVANCED_FACE('',(#232),#137,.T.);
#2021=ADVANCED_FACE('',(#233),#138,.T.);
#2022=ADVANCED_FACE('',(#234),#139,.T.);
#2023=ADVANCED_FACE('',(#235),#140,.T.);
#2024=ADVANCED_FACE('',(#236),#26,.T.);
#2025=ADVANCED_FACE('',(#237),#141,.T.);
#2026=ADVANCED_FACE('',(#238),#142,.T.);
#2027=ADVANCED_FACE('',(#239),#143,.F.);
#2028=ADVANCED_FACE('',(#240),#144,.F.);
#2029=ADVANCED_FACE('',(#241),#145,.F.);
#2030=ADVANCED_FACE('',(#242),#27,.F.);
#2031=ADVANCED_FACE('',(#243),#146,.F.);
#2032=ADVANCED_FACE('',(#244),#28,.T.);
#2033=ADVANCED_FACE('',(#245),#29,.T.);
#2034=ADVANCED_FACE('',(#246),#147,.T.);
#2035=ADVANCED_FACE('',(#247),#148,.T.);
#2036=ADVANCED_FACE('',(#248),#30,.F.);
#2037=ADVANCED_FACE('',(#249),#149,.T.);
#2038=ADVANCED_FACE('',(#250),#150,.T.);
#2039=ADVANCED_FACE('',(#251),#151,.T.);
#2040=ADVANCED_FACE('',(#252),#31,.T.);
#2041=ADVANCED_FACE('',(#253),#152,.F.);
#2042=ADVANCED_FACE('',(#254),#32,.T.);
#2043=ADVANCED_FACE('',(#255),#153,.F.);
#2044=ADVANCED_FACE('',(#256),#154,.F.);
#2045=ADVANCED_FACE('',(#257),#155,.F.);
#2046=ADVANCED_FACE('',(#258),#156,.F.);
#2047=CLOSED_SHELL('',(#1945,#1946,#1947,#1948,#1949,#1950,#1951,#1952,
#1953,#1954,#1955,#1956,#1957,#1958,#1959,#1960,#1961,#1962,#1963,#1964,
#1965,#1966,#1967,#1968,#1969,#1970,#1971,#1972,#1973,#1974,#1975,#1976,
#1977,#1978,#1979,#1980,#1981,#1982,#1983,#1984,#1985,#1986,#1987,#1988,
#1989,#1990,#1991,#1992,#1993,#1994,#1995,#1996,#1997,#1998,#1999,#2000,
#2001,#2002,#2003,#2004,#2005,#2006,#2007,#2008,#2009,#2010,#2011,#2012,
#2013,#2014,#2015,#2016,#2017,#2018,#2019,#2020,#2021,#2022,#2023,#2024,
#2025,#2026,#2027,#2028,#2029,#2030,#2031,#2032,#2033,#2034,#2035,#2036,
#2037,#2038,#2039,#2040,#2041,#2042,#2043,#2044,#2045,#2046));
#2048=DERIVED_UNIT_ELEMENT(#2050,1.);
#2049=DERIVED_UNIT_ELEMENT(#4867,-3.);
#2050=(
MASS_UNIT()
NAMED_UNIT(*)
SI_UNIT(.KILO.,.GRAM.)
);
#2051=DERIVED_UNIT((#2048,#2049));
#2052=MEASURE_REPRESENTATION_ITEM('density measure',
POSITIVE_RATIO_MEASURE(7850.),#2051);
#2053=PROPERTY_DEFINITION_REPRESENTATION(#2058,#2055);
#2054=PROPERTY_DEFINITION_REPRESENTATION(#2059,#2056);
#2055=REPRESENTATION('material name',(#2057),#4864);
#2056=REPRESENTATION('density',(#2052),#4864);
#2057=DESCRIPTIVE_REPRESENTATION_ITEM('\X2\92FC\X0\','\X2\92FC\X0\');
#2058=PROPERTY_DEFINITION('material property','material name',#4874);
#2059=PROPERTY_DEFINITION('material property','density of part',#4874);
#2060=AXIS2_PLACEMENT_3D('',#2650,#2185,#2186);
#2061=AXIS2_PLACEMENT_3D('',#2651,#2187,#2188);
#2062=AXIS2_PLACEMENT_3D('',#2653,#2189,#2190);
#2063=AXIS2_PLACEMENT_3D('',#2656,#2192,#2193);
#2064=AXIS2_PLACEMENT_3D('',#2657,#2194,#2195);
#2065=AXIS2_PLACEMENT_3D('',#2659,#2196,#2197);
#2066=AXIS2_PLACEMENT_3D('',#2662,#2199,#2200);
#2067=AXIS2_PLACEMENT_3D('',#2663,#2201,#2202);
#2068=AXIS2_PLACEMENT_3D('',#2672,#2207,#2208);
#2069=AXIS2_PLACEMENT_3D('',#2678,#2212,#2213);
#2070=AXIS2_PLACEMENT_3D('',#2685,#2216,#2217);
#2071=AXIS2_PLACEMENT_3D('',#2696,#2224,#2225);
#2072=AXIS2_PLACEMENT_3D('',#2721,#2232,#2233);
#2073=AXIS2_PLACEMENT_3D('',#2730,#2239,#2240);
#2074=AXIS2_PLACEMENT_3D('',#2732,#2242,#2243);
#2075=AXIS2_PLACEMENT_3D('',#2799,#2247,#2248);
#2076=AXIS2_PLACEMENT_3D('',#2906,#2256,#2257);
#2077=AXIS2_PLACEMENT_3D('',#2908,#2258,#2259);
#2078=AXIS2_PLACEMENT_3D('',#2934,#2268,#2269);
#2079=AXIS2_PLACEMENT_3D('',#2935,#2270,#2271);
#2080=AXIS2_PLACEMENT_3D('',#2937,#2272,#2273);
#2081=AXIS2_PLACEMENT_3D('',#2940,#2275,#2276);
#2082=AXIS2_PLACEMENT_3D('',#2941,#2277,#2278);
#2083=AXIS2_PLACEMENT_3D('',#2943,#2279,#2280);
#2084=AXIS2_PLACEMENT_3D('',#2946,#2282,#2283);
#2085=AXIS2_PLACEMENT_3D('',#2947,#2284,#2285);
#2086=AXIS2_PLACEMENT_3D('',#2949,#2286,#2287);
#2087=AXIS2_PLACEMENT_3D('',#2952,#2289,#2290);
#2088=AXIS2_PLACEMENT_3D('',#2953,#2291,#2292);
#2089=AXIS2_PLACEMENT_3D('',#2955,#2293,#2294);
#2090=AXIS2_PLACEMENT_3D('',#2958,#2296,#2297);
#2091=AXIS2_PLACEMENT_3D('',#2959,#2298,#2299);
#2092=AXIS2_PLACEMENT_3D('',#2961,#2300,#2301);
#2093=AXIS2_PLACEMENT_3D('',#2964,#2303,#2304);
#2094=AXIS2_PLACEMENT_3D('',#2965,#2305,#2306);
#2095=AXIS2_PLACEMENT_3D('',#2967,#2307,#2308);
#2096=AXIS2_PLACEMENT_3D('',#2970,#2310,#2311);
#2097=AXIS2_PLACEMENT_3D('',#2971,#2312,#2313);
#2098=AXIS2_PLACEMENT_3D('',#2973,#2314,#2315);
#2099=AXIS2_PLACEMENT_3D('',#2976,#2317,#2318);
#2100=AXIS2_PLACEMENT_3D('',#2977,#2319,#2320);
#2101=AXIS2_PLACEMENT_3D('',#2979,#2321,#2322);
#2102=AXIS2_PLACEMENT_3D('',#2982,#2324,#2325);
#2103=AXIS2_PLACEMENT_3D('',#2983,#2326,#2327);
#2104=AXIS2_PLACEMENT_3D('',#3077,#2331,#2332);
#2105=AXIS2_PLACEMENT_3D('',#3084,#2336,#2337);
#2106=AXIS2_PLACEMENT_3D('',#3155,#2340,#2341);
#2107=AXIS2_PLACEMENT_3D('',#3157,#2343,#2344);
#2108=AXIS2_PLACEMENT_3D('',#3371,#2352,#2353);
#2109=AXIS2_PLACEMENT_3D('',#3507,#2355,#2356);
#2110=AXIS2_PLACEMENT_3D('',#3513,#2360,#2361);
#2111=AXIS2_PLACEMENT_3D('',#3563,#2365,#2366);
#2112=AXIS2_PLACEMENT_3D('',#3611,#2369,#2370);
#2113=AXIS2_PLACEMENT_3D('',#3618,#2371,#2372);
#2114=AXIS2_PLACEMENT_3D('',#3626,#2377,#2378);
#2115=AXIS2_PLACEMENT_3D('',#3632,#2382,#2383);
#2116=AXIS2_PLACEMENT_3D('',#3662,#2385,#2386);
#2117=AXIS2_PLACEMENT_3D('',#3881,#2410,#2411);
#2118=AXIS2_PLACEMENT_3D('',#3884,#2412,#2413);
#2119=AXIS2_PLACEMENT_3D('',#3888,#2415,#2416);
#2120=AXIS2_PLACEMENT_3D('',#3890,#2418,#2419);
#2121=AXIS2_PLACEMENT_3D('',#3946,#2426,#2427);
#2122=AXIS2_PLACEMENT_3D('',#3948,#2429,#2430);
#2123=AXIS2_PLACEMENT_3D('',#3952,#2433,#2434);
#2124=AXIS2_PLACEMENT_3D('',#3956,#2436,#2437);
#2125=AXIS2_PLACEMENT_3D('',#4010,#2443,#2444);
#2126=AXIS2_PLACEMENT_3D('',#4012,#2446,#2447);
#2127=AXIS2_PLACEMENT_3D('',#4014,#2449,#2450);
#2128=AXIS2_PLACEMENT_3D('',#4016,#2452,#2453);
#2129=AXIS2_PLACEMENT_3D('',#4019,#2454,#2455);
#2130=AXIS2_PLACEMENT_3D('',#4023,#2457,#2458);
#2131=AXIS2_PLACEMENT_3D('',#4025,#2460,#2461);
#2132=AXIS2_PLACEMENT_3D('',#4081,#2468,#2469);
#2133=AXIS2_PLACEMENT_3D('',#4083,#2471,#2472);
#2134=AXIS2_PLACEMENT_3D('',#4087,#2475,#2476);
#2135=AXIS2_PLACEMENT_3D('',#4091,#2478,#2479);
#2136=AXIS2_PLACEMENT_3D('',#4145,#2485,#2486);
#2137=AXIS2_PLACEMENT_3D('',#4147,#2488,#2489);
#2138=AXIS2_PLACEMENT_3D('',#4149,#2491,#2492);
#2139=AXIS2_PLACEMENT_3D('',#4151,#2494,#2495);
#2140=AXIS2_PLACEMENT_3D('',#4154,#2496,#2497);
#2141=AXIS2_PLACEMENT_3D('',#4158,#2499,#2500);
#2142=AXIS2_PLACEMENT_3D('',#4160,#2502,#2503);
#2143=AXIS2_PLACEMENT_3D('',#4214,#2509,#2510);
#2144=AXIS2_PLACEMENT_3D('',#4216,#2512,#2513);
#2145=AXIS2_PLACEMENT_3D('',#4220,#2516,#2517);
#2146=AXIS2_PLACEMENT_3D('',#4224,#2519,#2520);
#2147=AXIS2_PLACEMENT_3D('',#4278,#2526,#2527);
#2148=AXIS2_PLACEMENT_3D('',#4280,#2529,#2530);
#2149=AXIS2_PLACEMENT_3D('',#4282,#2532,#2533);
#2150=AXIS2_PLACEMENT_3D('',#4284,#2535,#2536);
#2151=AXIS2_PLACEMENT_3D('',#4287,#2537,#2538);
#2152=AXIS2_PLACEMENT_3D('',#4291,#2540,#2541);
#2153=AXIS2_PLACEMENT_3D('',#4293,#2543,#2544);
#2154=AXIS2_PLACEMENT_3D('',#4346,#2549,#2550);
#2155=AXIS2_PLACEMENT_3D('',#4348,#2552,#2553);
#2156=AXIS2_PLACEMENT_3D('',#4354,#2557,#2558);
#2157=AXIS2_PLACEMENT_3D('',#4358,#2560,#2561);
#2158=AXIS2_PLACEMENT_3D('',#4412,#2567,#2568);
#2159=AXIS2_PLACEMENT_3D('',#4414,#2570,#2571);
#2160=AXIS2_PLACEMENT_3D('',#4416,#2573,#2574);
#2161=AXIS2_PLACEMENT_3D('',#4418,#2576,#2577);
#2162=AXIS2_PLACEMENT_3D('',#4509,#2580,#2581);
#2163=AXIS2_PLACEMENT_3D('',#4548,#2586,#2587);
#2164=AXIS2_PLACEMENT_3D('',#4550,#2589,#2590);
#2165=AXIS2_PLACEMENT_3D('',#4587,#2593,#2594);
#2166=AXIS2_PLACEMENT_3D('',#4589,#2596,#2597);
#2167=AXIS2_PLACEMENT_3D('',#4591,#2599,#2600);
#2168=AXIS2_PLACEMENT_3D('',#4594,#2603,#2604);
#2169=AXIS2_PLACEMENT_3D('',#4630,#2606,#2607);
#2170=AXIS2_PLACEMENT_3D('',#4632,#2609,#2610);
#2171=AXIS2_PLACEMENT_3D('',#4633,#2611,#2612);
#2172=AXIS2_PLACEMENT_3D('',#4635,#2614,#2615);
#2173=AXIS2_PLACEMENT_3D('',#4637,#2617,#2618);
#2174=AXIS2_PLACEMENT_3D('',#4674,#2621,#2622);
#2175=AXIS2_PLACEMENT_3D('',#4743,#2623,#2624);
#2176=AXIS2_PLACEMENT_3D('',#4744,#2625,#2626);
#2177=AXIS2_PLACEMENT_3D('',#4781,#2629,#2630);
#2178=AXIS2_PLACEMENT_3D('',#4782,#2631,#2632);
#2179=AXIS2_PLACEMENT_3D('',#4784,#2634,#2635);
#2180=AXIS2_PLACEMENT_3D('',#4820,#2637,#2638);
#2181=AXIS2_PLACEMENT_3D('',#4857,#2641,#2642);
#2182=AXIS2_PLACEMENT_3D('',#4858,#2643,#2644);
#2183=AXIS2_PLACEMENT_3D('',#4860,#2646,#2647);
#2184=AXIS2_PLACEMENT_3D('',#4861,#2648,#2649);
#2185=DIRECTION('axis',(0.,0.,1.));
#2186=DIRECTION('refdir',(1.,0.,0.));
#2187=DIRECTION('center_axis',(-1.,1.33226762955019E-16,2.22044604925031E-16));
#2188=DIRECTION('ref_axis',(-2.22044604925031E-16,1.22464680516321E-16,
-1.));
#2189=DIRECTION('center_axis',(1.,-1.22464680516321E-16,2.22044604925031E-16));
#2190=DIRECTION('ref_axis',(-2.22044604925031E-16,1.22464680516321E-16,
-1.));
#2191=DIRECTION('',(-1.,1.33226762955019E-16,2.22044604925031E-16));
#2192=DIRECTION('center_axis',(1.,-1.22464680516321E-16,-6.01585900038566E-24));
#2193=DIRECTION('ref_axis',(-2.22044604925031E-16,1.22464680516321E-16,
-1.));
#2194=DIRECTION('center_axis',(1.,-1.22464680516321E-16,-2.22044604925031E-16));
#2195=DIRECTION('ref_axis',(-2.22044604925031E-16,1.22464680516321E-16,
-1.));
#2196=DIRECTION('center_axis',(-1.,1.22464680516321E-16,2.22044604925031E-16));
#2197=DIRECTION('ref_axis',(-2.22044604925031E-16,1.22464680516321E-16,
-1.));
#2198=DIRECTION('',(1.,-1.22464680516321E-16,-2.22044604925031E-16));
#2199=DIRECTION('center_axis',(-1.,1.22464680516321E-16,2.22044604925031E-16));
#2200=DIRECTION('ref_axis',(-2.22044604925031E-16,1.22464680516321E-16,
-1.));
#2201=DIRECTION('center_axis',(-0.894427190999916,1.09535740190915E-16,
0.447213595499958));
#2202=DIRECTION('ref_axis',(0.447213595499958,0.,0.894427190999916));
#2203=DIRECTION('',(-0.447213595499958,2.53370602355239E-16,-0.894427190999916));
#2204=DIRECTION('',(1.22464680516321E-16,1.,0.));
#2205=DIRECTION('',(0.447213595499958,-7.2044662314476E-15,0.894427190999916));
#2206=DIRECTION('',(-1.22464680516321E-16,-1.,0.));
#2207=DIRECTION('center_axis',(0.,0.,-1.));
#2208=DIRECTION('ref_axis',(-1.,0.,0.));
#2209=DIRECTION('',(-1.,1.22464680516321E-16,0.));
#2210=DIRECTION('',(-1.22464680516321E-16,-1.,0.));
#2211=DIRECTION('',(1.,-1.22464680516321E-16,0.));
#2212=DIRECTION('center_axis',(-1.,1.22464680516321E-16,6.01585900038566E-24));
#2213=DIRECTION('ref_axis',(-1.22464680516321E-16,-1.,-2.22044604925031E-16));
#2214=DIRECTION('',(0.,0.,-1.));
#2215=DIRECTION('',(1.22464680516321E-16,1.,5.08790386746337E-16));
#2216=DIRECTION('center_axis',(-1.,1.22464680516321E-16,6.01585900038566E-24));
#2217=DIRECTION('ref_axis',(0.,-8.90526023350218E-40,-1.));
#2218=DIRECTION('',(-6.01585893633556E-24,5.23008677865586E-16,-1.));
#2219=DIRECTION('',(6.01585897319304E-24,-2.22044604925031E-16,1.));
#2220=DIRECTION('',(1.22464680516321E-16,1.,2.22044604925031E-16));
#2221=DIRECTION('',(6.01585900038565E-24,-7.36730250513465E-40,1.));
#2222=DIRECTION('',(1.22464680516321E-16,1.,2.22044604925031E-16));
#2223=DIRECTION('',(-6.01585900038565E-24,7.36730250513465E-40,-1.));
#2224=DIRECTION('center_axis',(-1.,1.22464680516321E-16,6.01585900038566E-24));
#2225=DIRECTION('ref_axis',(-1.22464680516321E-16,-1.,-2.22044604925031E-16));
#2226=DIRECTION('',(-6.01585897319303E-24,2.22044604925031E-16,-1.));
#2227=DIRECTION('',(1.22464680516321E-16,1.,2.22044604925031E-16));
#2228=DIRECTION('',(6.01585864247196E-24,-2.9225870972565E-15,1.));
#2229=DIRECTION('',(1.22464680516321E-16,1.,2.22044604925031E-16));
#2230=DIRECTION('',(6.01585897319304E-24,-2.22044604925031E-16,1.));
#2231=DIRECTION('',(-1.22464680516321E-16,-1.,-2.22044604925031E-16));
#2232=DIRECTION('center_axis',(-1.,1.11022302462516E-16,6.01585899784494E-24));
#2233=DIRECTION('ref_axis',(0.,-8.90526023350218E-40,-1.));
#2234=DIRECTION('',(-1.22464680516321E-16,-1.,-5.08790386746337E-16));
#2235=DIRECTION('',(0.,0.,-1.));
#2236=DIRECTION('',(-6.01585900038565E-24,7.36730250513465E-40,-1.));
#2237=DIRECTION('',(6.01585900038565E-24,-7.36730250513465E-40,1.));
#2238=DIRECTION('',(-1.22464680516321E-16,-1.,-2.22044604925031E-16));
#2239=DIRECTION('center_axis',(-1.22464680516321E-16,-1.,-2.22044604925031E-16));
#2240=DIRECTION('ref_axis',(1.,-1.22464680516321E-16,-6.01585900038565E-24));
#2241=DIRECTION('',(1.,-1.22464680516321E-16,0.));
#2242=DIRECTION('center_axis',(-1.22464680516321E-16,-1.,-7.99360577730112E-15));
#2243=DIRECTION('ref_axis',(1.,-1.22464680516321E-16,-6.01585900038565E-24));
#2244=DIRECTION('',(-1.,1.22464680516321E-16,0.));
#2245=DIRECTION('',(-6.01585893633556E-24,5.23008677865586E-16,-1.));
#2246=DIRECTION('',(-6.01585893633556E-24,5.23008677865586E-16,-1.));
#2247=DIRECTION('center_axis',(6.0158589380768E-24,-5.08790386746337E-16,
1.));
#2248=DIRECTION('ref_axis',(1.22464680516321E-16,1.,5.08790386746337E-16));
#2249=DIRECTION('',(-1.22464680516321E-16,-1.,-5.08790386746337E-16));
#2250=DIRECTION('',(-1.,1.48029736616688E-16,0.));
#2251=DIRECTION('',(1.22464680516321E-16,1.,5.08790386746337E-16));
#2252=DIRECTION('',(-1.,1.22464680516321E-16,6.01585900038565E-24));
#2253=DIRECTION('',(-1.,1.48029736616688E-16,0.));
#2254=DIRECTION('',(1.,-1.22464680516321E-16,-6.01585900038565E-24));
#2255=DIRECTION('',(-6.01585893633556E-24,5.23008677865586E-16,-1.));
#2256=DIRECTION('center_axis',(-1.,1.22464680516321E-16,2.22044604925031E-16));
#2257=DIRECTION('ref_axis',(2.22044604925031E-16,1.22464680516321E-16,1.));
#2258=DIRECTION('center_axis',(1.,-1.22464680516321E-16,-6.01585900038566E-24));
#2259=DIRECTION('ref_axis',(0.,-8.90526023350218E-40,-1.));
#2260=DIRECTION('',(0.,-1.,0.));
#2261=DIRECTION('',(6.01585897319304E-24,-2.22044604925031E-16,1.));
#2262=DIRECTION('',(-1.22464680516321E-16,-1.,-2.22044604925031E-16));
#2263=DIRECTION('',(-1.22464680516321E-16,-1.,-4.7697527800802E-16));
#2264=DIRECTION('',(6.01585864247196E-24,-2.9225870972565E-15,1.));
#2265=DIRECTION('',(1.22464680516321E-16,1.,2.22044604925031E-16));
#2266=DIRECTION('',(6.01585897319303E-24,-2.22044604925031E-16,1.));
#2267=DIRECTION('',(0.,0.,-1.));
#2268=DIRECTION('center_axis',(0.,0.,-1.));
#2269=DIRECTION('ref_axis',(-1.,0.,0.));
#2270=DIRECTION('center_axis',(0.,0.,-1.));
#2271=DIRECTION('ref_axis',(0.,1.,0.));
#2272=DIRECTION('center_axis',(-6.01585897319303E-24,2.22044604925031E-16,
-1.));
#2273=DIRECTION('ref_axis',(0.,1.,0.));
#2274=DIRECTION('',(0.,0.,-1.));
#2275=DIRECTION('center_axis',(6.01585892854449E-24,-5.86627675194968E-16,
1.));
#2276=DIRECTION('ref_axis',(0.,1.,0.));
#2277=DIRECTION('center_axis',(0.,0.,-1.));
#2278=DIRECTION('ref_axis',(0.,1.,0.));
#2279=DIRECTION('center_axis',(-6.01585897319303E-24,2.22044604925031E-16,
-1.));
#2280=DIRECTION('ref_axis',(0.,1.,0.));
#2281=DIRECTION('',(0.,0.,-1.));
#2282=DIRECTION('center_axis',(6.01585892854449E-24,-5.86627675194968E-16,
1.));
#2283=DIRECTION('ref_axis',(0.,1.,0.));
#2284=DIRECTION('center_axis',(0.,0.,-1.));
#2285=DIRECTION('ref_axis',(0.,1.,0.));
#2286=DIRECTION('center_axis',(-6.01585894394396E-24,4.60881420730103E-16,
-1.));
#2287=DIRECTION('ref_axis',(0.,1.,0.));
#2288=DIRECTION('',(0.,0.,-1.));
#2289=DIRECTION('center_axis',(6.01585892854449E-24,-5.86627675194968E-16,
1.));
#2290=DIRECTION('ref_axis',(0.,1.,0.));
#2291=DIRECTION('center_axis',(0.,0.,-1.));
#2292=DIRECTION('ref_axis',(0.,1.,0.));
#2293=DIRECTION('center_axis',(-6.01585894394396E-24,4.60881420730103E-16,
-1.));
#2294=DIRECTION('ref_axis',(0.,1.,0.));
#2295=DIRECTION('',(0.,0.,-1.));
#2296=DIRECTION('center_axis',(6.01585892854449E-24,-5.86627675194968E-16,
1.));
#2297=DIRECTION('ref_axis',(0.,1.,0.));
#2298=DIRECTION('center_axis',(0.,0.,-1.));
#2299=DIRECTION('ref_axis',(0.,1.,0.));
#2300=DIRECTION('center_axis',(-6.01585897319303E-24,2.22044604925031E-16,
-1.));
#2301=DIRECTION('ref_axis',(0.,1.,0.));
#2302=DIRECTION('',(0.,0.,-1.));
#2303=DIRECTION('center_axis',(6.01585897319303E-24,-2.22044604925031E-16,
1.));
#2304=DIRECTION('ref_axis',(0.,1.,0.));
#2305=DIRECTION('center_axis',(0.,0.,-1.));
#2306=DIRECTION('ref_axis',(0.,1.,0.));
#2307=DIRECTION('center_axis',(-6.01585897319303E-24,2.22044604925031E-16,
-1.));
#2308=DIRECTION('ref_axis',(0.,1.,0.));
#2309=DIRECTION('',(0.,0.,-1.));
#2310=DIRECTION('center_axis',(6.01585897319303E-24,-2.22044604925031E-16,
1.));
#2311=DIRECTION('ref_axis',(0.,1.,0.));
#2312=DIRECTION('center_axis',(0.,0.,-1.));
#2313=DIRECTION('ref_axis',(0.,1.,0.));
#2314=DIRECTION('center_axis',(-6.01585894394396E-24,4.60881420730103E-16,
-1.));
#2315=DIRECTION('ref_axis',(0.,1.,0.));
#2316=DIRECTION('',(0.,0.,-1.));
#2317=DIRECTION('center_axis',(0.,0.,1.));
#2318=DIRECTION('ref_axis',(0.,1.,0.));
#2319=DIRECTION('center_axis',(0.,0.,-1.));
#2320=DIRECTION('ref_axis',(0.,1.,0.));
#2321=DIRECTION('center_axis',(-6.01585894394396E-24,4.60881420730103E-16,
-1.));
#2322=DIRECTION('ref_axis',(0.,1.,0.));
#2323=DIRECTION('',(0.,0.,-1.));
#2324=DIRECTION('center_axis',(0.,0.,-1.));
#2325=DIRECTION('ref_axis',(0.,1.,0.));
#2326=DIRECTION('center_axis',(0.,0.,-1.));
#2327=DIRECTION('ref_axis',(0.,1.,0.));
#2328=DIRECTION('',(1.,-1.22464680516321E-16,-6.01585900038565E-24));
#2329=DIRECTION('',(-1.22464680516321E-16,-1.,-2.22044604925031E-16));
#2330=DIRECTION('',(-1.,1.22464680516321E-16,6.01585900038565E-24));
#2331=DIRECTION('center_axis',(-1.,1.22464680516321E-16,2.22044604925031E-16));
#2332=DIRECTION('ref_axis',(1.22464680516321E-16,1.,-2.71926216025167E-32));
#2333=DIRECTION('',(-1.22464680516321E-16,-1.,-2.22044604925031E-16));
#2334=DIRECTION('',(6.01585897319304E-24,-2.22044604925031E-16,1.));
#2335=DIRECTION('',(-6.01585893633556E-24,5.23008677865586E-16,-1.));
#2336=DIRECTION('center_axis',(1.,-1.22464680516321E-16,-6.01585900038566E-24));
#2337=DIRECTION('ref_axis',(0.,-8.90526023350218E-40,-1.));
#2338=DIRECTION('',(0.,0.,-1.));
#2339=DIRECTION('',(0.,0.,-1.));
#2340=DIRECTION('center_axis',(1.22464680516321E-16,1.,2.22044604925031E-16));
#2341=DIRECTION('ref_axis',(-1.,1.22464680516321E-16,6.01585900038565E-24));
#2342=DIRECTION('',(1.,-1.22464680516321E-16,-6.01585900038565E-24));
#2343=DIRECTION('center_axis',(1.22464680516321E-16,1.,8.08924547159111E-16));
#2344=DIRECTION('ref_axis',(-1.,1.22464680516321E-16,6.01585900038565E-24));
#2345=DIRECTION('',(6.01585897319303E-24,-2.22044604925031E-16,1.));
#2346=DIRECTION('',(6.01585897319304E-24,-2.22044604925031E-16,1.));
#2347=DIRECTION('',(1.,-1.22464680516321E-16,-6.01585900038565E-24));
#2348=DIRECTION('',(6.01585897319304E-24,-2.22044604925031E-16,1.));
#2349=DIRECTION('',(1.,-1.22464680516321E-16,-6.01585900038565E-24));
#2350=DIRECTION('',(6.01585938067488E-24,3.10529712721829E-15,1.));
#2351=DIRECTION('',(6.01585897319304E-24,-2.22044604925031E-16,1.));
#2352=DIRECTION('center_axis',(-1.,1.48029736616688E-16,0.));
#2353=DIRECTION('ref_axis',(0.,-8.90526023350218E-40,-1.));
#2354=DIRECTION('',(6.01585897319304E-24,-2.22044604925031E-16,1.));
#2355=DIRECTION('center_axis',(-1.22464680516321E-16,-1.,-2.22044604925031E-16));
#2356=DIRECTION('ref_axis',(1.,-1.22464680516321E-16,-6.01585900038565E-24));
#2357=DIRECTION('',(1.,-1.22464680516321E-16,-6.01585900038565E-24));
#2358=DIRECTION('',(1.22477839251095E-33,-2.22044604925031E-16,1.));
#2359=DIRECTION('',(-1.,1.22464680516321E-16,6.01585900038565E-24));
#2360=DIRECTION('center_axis',(-6.01585892854449E-24,5.86627675194968E-16,
-1.));
#2361=DIRECTION('ref_axis',(-1.22464680516321E-16,-1.,-5.86627675194968E-16));
#2362=DIRECTION('',(1.,-1.22464680516321E-16,-6.01585900038565E-24));
#2363=DIRECTION('',(-1.22464680516321E-16,-1.,7.36730250513465E-40));
#2364=DIRECTION('',(1.,-1.22464680516321E-16,-6.01585900038565E-24));
#2365=DIRECTION('center_axis',(6.01585892854449E-24,-5.86627675194968E-16,
1.));
#2366=DIRECTION('ref_axis',(1.22464680516321E-16,1.,5.86627675194968E-16));
#2367=DIRECTION('',(-1.,1.22464680516321E-16,6.01585900038565E-24));
#2368=DIRECTION('',(1.22464680516321E-16,1.,2.22044604925031E-16));
#2369=DIRECTION('center_axis',(-1.,1.48029736616688E-16,0.));
#2370=DIRECTION('ref_axis',(0.,-8.90526023350218E-40,-1.));
#2371=DIRECTION('center_axis',(-1.,1.22464680516321E-16,6.01585900038566E-24));
#2372=DIRECTION('ref_axis',(-1.22464680516321E-16,-1.,-2.22044604925031E-16));
#2373=DIRECTION('',(2.71926216025167E-32,2.22044604925031E-16,-1.));
#2374=DIRECTION('',(0.,-1.,-2.22044604925031E-16));
#2375=DIRECTION('',(-1.22464680516321E-16,-1.,-2.22044604925031E-16));
#2376=DIRECTION('',(6.01585897319304E-24,-2.22044604925031E-16,1.));
#2377=DIRECTION('center_axis',(-1.,1.22464680516321E-16,6.01585900038566E-24));
#2378=DIRECTION('ref_axis',(-1.22464680516321E-16,-1.,-2.22044604925031E-16));
#2379=DIRECTION('',(6.01585897319304E-24,-2.22044604925031E-16,1.));
#2380=DIRECTION('',(1.22464680516321E-16,1.,2.22044604925031E-16));
#2381=DIRECTION('',(0.,1.,2.22044604925031E-16));
#2382=DIRECTION('center_axis',(-1.22464680516321E-16,-1.,-2.22044604925031E-16));
#2383=DIRECTION('ref_axis',(1.,-1.22464680516321E-16,-6.01585900038565E-24));
#2384=DIRECTION('',(-1.,1.22464680516321E-16,6.01585900038565E-24));
#2385=DIRECTION('center_axis',(-6.01585897319303E-24,2.22044604925031E-16,
-1.));
#2386=DIRECTION('ref_axis',(-1.22464680516321E-16,-1.,-2.22044604925031E-16));
#2387=DIRECTION('',(1.,-1.22464680516321E-16,-6.01585900038565E-24));
#2388=DIRECTION('',(1.22464680516321E-16,1.,2.22044604925031E-16));
#2389=DIRECTION('',(1.,-1.22464680516321E-16,-6.01585900038565E-24));
#2390=DIRECTION('',(-1.22464680516321E-16,-1.,-2.22044604925031E-16));
#2391=DIRECTION('',(-1.,1.22464680516321E-16,6.01585900038565E-24));
#2392=DIRECTION('',(-1.22464680516321E-16,-1.,-2.22044604925031E-16));
#2393=DIRECTION('',(-1.22464680516321E-16,-1.,-2.22044604925031E-16));
#2394=DIRECTION('',(-1.,1.22464680516321E-16,6.01585900038565E-24));
#2395=DIRECTION('',(1.22464680516321E-16,1.,2.22044604925031E-16));
#2396=DIRECTION('',(1.,-1.22464680516321E-16,-6.01585900038565E-24));
#2397=DIRECTION('',(-1.22464680516321E-16,-1.,-2.22044604925031E-16));
#2398=DIRECTION('',(-1.,1.22464680516321E-16,6.01585900038565E-24));
#2399=DIRECTION('',(-1.,1.22464680516321E-16,6.01585900038565E-24));
#2400=DIRECTION('',(-1.22464680516321E-16,-1.,-2.22044604925031E-16));
#2401=DIRECTION('',(-1.,1.22464680516321E-16,6.01585900038565E-24));
#2402=DIRECTION('',(1.22464680516321E-16,1.,2.22044604925031E-16));
#2403=DIRECTION('',(1.,-1.22464680516321E-16,-6.01585900038565E-24));
#2404=DIRECTION('',(1.22464680516321E-16,1.,2.22044604925031E-16));
#2405=DIRECTION('',(1.,-1.22464680516321E-16,-6.01585900038565E-24));
#2406=DIRECTION('',(-1.22464680516321E-16,-1.,-2.22044604925031E-16));
#2407=DIRECTION('',(-1.,1.22464680516321E-16,6.01585900038565E-24));
#2408=DIRECTION('',(1.22464680516321E-16,1.,2.22044604925031E-16));
#2409=DIRECTION('',(1.,-1.22464680516321E-16,-6.01585900038565E-24));
#2410=DIRECTION('center_axis',(6.24500451953238E-15,-5.21804821573825E-15,
1.));
#2411=DIRECTION('ref_axis',(0.38268343236509,0.923879532511287,2.43050680134318E-15));
#2412=DIRECTION('center_axis',(6.01585894394396E-24,-4.60881420730103E-16,
1.));
#2413=DIRECTION('ref_axis',(0.38268343236509,0.923879532511287,2.43050680134318E-15));
#2414=DIRECTION('',(6.24500451953238E-15,-5.21804821573825E-15,1.));
#2415=DIRECTION('center_axis',(6.01585897319303E-24,-2.22044604925031E-16,
1.));
#2416=DIRECTION('ref_axis',(0.38268343236509,0.923879532511287,2.43050680134318E-15));
#2417=DIRECTION('',(-6.24500451953238E-15,5.21804821573825E-15,-1.));
#2418=DIRECTION('center_axis',(-6.01585897319303E-24,2.22044604925031E-16,
-1.));
#2419=DIRECTION('ref_axis',(-1.22464680516321E-16,-1.,-2.22044604925031E-16));
#2420=DIRECTION('',(1.,-1.22464680516321E-16,-6.01585900038565E-24));
#2421=DIRECTION('',(-1.22464680516321E-16,-1.,-2.22044604925031E-16));
#2422=DIRECTION('',(-1.22464680516321E-16,-1.,-2.22044604925031E-16));
#2423=DIRECTION('',(1.,-1.22464680516321E-16,-6.01585900038565E-24));
#2424=DIRECTION('',(1.,-1.22464680516321E-16,-6.01585900038565E-24));
#2425=DIRECTION('',(-1.22464680516321E-16,-1.,-2.22044604925031E-16));
#2426=DIRECTION('center_axis',(6.01585894394396E-24,-4.60881420730103E-16,
1.));
#2427=DIRECTION('ref_axis',(0.923879532511287,0.38268343236509,-3.60100081577179E-16));
#2428=DIRECTION('',(0.707106781186547,-0.707106781186548,-1.57009250122232E-16));
#2429=DIRECTION('center_axis',(-1.22464680516321E-16,-1.,-5.21804821573825E-15));
#2430=DIRECTION('ref_axis',(1.,-1.22464680516321E-16,-6.01585900038565E-24));
#2431=DIRECTION('',(1.,-1.22464680516321E-16,-6.01585900038565E-24));
#2432=DIRECTION('',(6.01585897319304E-24,-2.22044604925031E-16,1.));
#2433=DIRECTION('center_axis',(6.01585897319303E-24,-2.22044604925031E-16,
1.));
#2434=DIRECTION('ref_axis',(1.22464680516321E-16,1.,2.22044604925031E-16));
#2435=DIRECTION('',(-0.707106781186547,0.707106781186548,1.57009250122232E-16));
#2436=DIRECTION('center_axis',(6.01585897319303E-24,-2.22044604925031E-16,
1.));
#2437=DIRECTION('ref_axis',(0.923879532511287,0.38268343236509,-3.60100081577179E-16));
#2438=DIRECTION('',(-1.22464680516321E-16,-1.,-2.22044604925031E-16));
#2439=DIRECTION('',(1.,-1.22464680516321E-16,-6.01585900038565E-24));
#2440=DIRECTION('',(1.22464680516321E-16,1.,2.22044604925031E-16));
#2441=DIRECTION('',(-1.,1.22464680516321E-16,6.01585900038565E-24));
#2442=DIRECTION('',(-1.22464680516321E-16,-1.,-2.22044604925031E-16));
#2443=DIRECTION('center_axis',(0.707106781186547,0.707106781186548,-7.261677663951E-16));
#2444=DIRECTION('ref_axis',(-0.707106781186548,0.707106781186547,1.57009250122232E-16));
#2445=DIRECTION('',(-6.01585912615153E-24,-1.02695629777827E-15,-1.));
#2446=DIRECTION('center_axis',(6.01585912615153E-24,1.02695629777827E-15,
1.));
#2447=DIRECTION('ref_axis',(0.923879532511287,0.38268343236509,-3.60100081577179E-16));
#2448=DIRECTION('',(6.01585912615153E-24,1.02695629777827E-15,1.));
#2449=DIRECTION('center_axis',(-1.,1.22464680516321E-16,6.01585900038566E-24));
#2450=DIRECTION('ref_axis',(-1.22464680516321E-16,-1.,-2.22044604925031E-16));
#2451=DIRECTION('',(6.01585897319304E-24,-2.22044604925031E-16,1.));
#2452=DIRECTION('center_axis',(6.01585897319303E-24,-2.22044604925031E-16,
1.));
#2453=DIRECTION('ref_axis',(-0.923879532511281,0.382683432365103,8.49727971087932E-17));
#2454=DIRECTION('center_axis',(6.01585897319303E-24,-2.22044604925031E-16,
1.));
#2455=DIRECTION('ref_axis',(-0.923879532511281,0.382683432365103,8.49727971087932E-17));
#2456=DIRECTION('',(6.01585897319304E-24,-2.22044604925031E-16,1.));
#2457=DIRECTION('center_axis',(6.01585897319303E-24,-2.22044604925031E-16,
1.));
#2458=DIRECTION('ref_axis',(-0.923879532511281,0.382683432365103,8.49727971087932E-17));
#2459=DIRECTION('',(-6.01585897319304E-24,2.22044604925031E-16,-1.));
#2460=DIRECTION('center_axis',(-6.01585897319303E-24,2.22044604925031E-16,
-1.));
#2461=DIRECTION('ref_axis',(-1.22464680516321E-16,-1.,-2.22044604925031E-16));
#2462=DIRECTION('',(1.22464680516321E-16,1.,2.22044604925031E-16));
#2463=DIRECTION('',(1.,-1.22464680516321E-16,-6.01585900038565E-24));
#2464=DIRECTION('',(1.,-1.22464680516321E-16,-6.01585900038565E-24));
#2465=DIRECTION('',(1.22464680516321E-16,1.,2.22044604925031E-16));
#2466=DIRECTION('',(1.22464680516321E-16,1.,2.22044604925031E-16));
#2467=DIRECTION('',(1.,-1.22464680516321E-16,-6.01585900038565E-24));
#2468=DIRECTION('center_axis',(6.01585897319303E-24,-2.22044604925031E-16,
1.));
#2469=DIRECTION('ref_axis',(-0.382683432365075,0.923879532511293,2.05142468096962E-16));
#2470=DIRECTION('',(0.707106781186568,0.707106781186527,1.57009241614518E-16));
#2471=DIRECTION('center_axis',(-1.,1.22464680516321E-16,6.01585900038566E-24));
#2472=DIRECTION('ref_axis',(-1.22464680516321E-16,-1.,-2.22044604925031E-16));
#2473=DIRECTION('',(-1.22464680516321E-16,-1.,-2.22044604925031E-16));
#2474=DIRECTION('',(6.01585897319304E-24,-2.22044604925031E-16,1.));
#2475=DIRECTION('center_axis',(-6.01585897319303E-24,2.22044604925031E-16,
-1.));
#2476=DIRECTION('ref_axis',(-1.22464680516321E-16,-1.,-2.22044604925031E-16));
#2477=DIRECTION('',(0.707106781186548,0.707106781186547,1.57009241614523E-16));
#2478=DIRECTION('center_axis',(6.01585897319303E-24,-2.22044604925031E-16,
1.));
#2479=DIRECTION('ref_axis',(-0.382683432365075,0.923879532511293,2.05142468096962E-16));
#2480=DIRECTION('',(-1.,1.22464680516321E-16,6.01585900038565E-24));
#2481=DIRECTION('',(-1.22464680516321E-16,-1.,-2.22044604925031E-16));
#2482=DIRECTION('',(1.,-1.22464680516321E-16,-6.01585900038565E-24));
#2483=DIRECTION('',(1.22464680516321E-16,1.,2.22044604925031E-16));
#2484=DIRECTION('',(-1.,1.22464680516321E-16,6.01585900038565E-24));
#2485=DIRECTION('center_axis',(0.707106781186527,-0.707106781186568,-1.57009250122237E-16));
#2486=DIRECTION('ref_axis',(0.707106781186568,0.707106781186527,1.57009241614518E-16));
#2487=DIRECTION('',(-6.01585897319304E-24,2.22044604925031E-16,-1.));
#2488=DIRECTION('center_axis',(6.01585897319303E-24,-2.22044604925031E-16,
1.));
#2489=DIRECTION('ref_axis',(-0.382683432365075,0.923879532511293,2.05142468096962E-16));
#2490=DIRECTION('',(6.01585897319304E-24,-2.22044604925031E-16,1.));
#2491=DIRECTION('center_axis',(1.22464680516321E-16,1.,2.22044604925031E-16));
#2492=DIRECTION('ref_axis',(-1.,1.22464680516321E-16,6.01585900038565E-24));
#2493=DIRECTION('',(6.01585897319304E-24,-2.22044604925031E-16,1.));
#2494=DIRECTION('center_axis',(6.01585897319303E-24,-2.22044604925031E-16,
1.));
#2495=DIRECTION('ref_axis',(-0.382683432365078,-0.923879532511292,-2.05142463492623E-16));
#2496=DIRECTION('center_axis',(6.01585897319303E-24,-2.22044604925031E-16,
1.));
#2497=DIRECTION('ref_axis',(-0.382683432365078,-0.923879532511292,-2.05142463492623E-16));
#2498=DIRECTION('',(6.01585897319304E-24,-2.22044604925031E-16,1.));
#2499=DIRECTION('center_axis',(6.01585897319303E-24,-2.22044604925031E-16,
1.));
#2500=DIRECTION('ref_axis',(-0.382683432365078,-0.923879532511292,-2.05142463492623E-16));
#2501=DIRECTION('',(-6.01585897319304E-24,2.22044604925031E-16,-1.));
#2502=DIRECTION('center_axis',(-6.01585897319303E-24,2.22044604925031E-16,
-1.));
#2503=DIRECTION('ref_axis',(-1.22464680516321E-16,-1.,-2.22044604925031E-16));
#2504=DIRECTION('',(-1.,1.22464680516321E-16,6.01585900038565E-24));
#2505=DIRECTION('',(1.22464680516321E-16,1.,2.22044604925031E-16));
#2506=DIRECTION('',(-1.,1.22464680516321E-16,6.01585900038565E-24));
#2507=DIRECTION('',(-1.,1.22464680516321E-16,6.01585900038565E-24));
#2508=DIRECTION('',(1.22464680516321E-16,1.,2.22044604925031E-16));
#2509=DIRECTION('center_axis',(6.01585897319303E-24,-2.22044604925031E-16,
1.));
#2510=DIRECTION('ref_axis',(-0.923879532511282,-0.382683432365101,-8.49727859929348E-17));
#2511=DIRECTION('',(-0.707106781186567,0.707106781186528,1.57009250122228E-16));
#2512=DIRECTION('center_axis',(1.22464680516321E-16,1.,2.22044604925031E-16));
#2513=DIRECTION('ref_axis',(-1.,1.22464680516321E-16,6.01585900038565E-24));
#2514=DIRECTION('',(-1.,1.22464680516321E-16,6.01585900038565E-24));
#2515=DIRECTION('',(6.01585897319304E-24,-2.22044604925031E-16,1.));
#2516=DIRECTION('center_axis',(6.01585897319303E-24,-2.22044604925031E-16,
1.));
#2517=DIRECTION('ref_axis',(1.22464680516321E-16,1.,2.22044604925031E-16));
#2518=DIRECTION('',(0.707106781186547,-0.707106781186548,-1.57009250122232E-16));
#2519=DIRECTION('center_axis',(6.01585897319303E-24,-2.22044604925031E-16,
1.));
#2520=DIRECTION('ref_axis',(-0.923879532511282,-0.382683432365101,-8.49727859929348E-17));
#2521=DIRECTION('',(1.22464680516321E-16,1.,2.22044604925031E-16));
#2522=DIRECTION('',(-1.,1.22464680516321E-16,6.01585900038565E-24));
#2523=DIRECTION('',(-1.22464680516321E-16,-1.,-2.22044604925031E-16));
#2524=DIRECTION('',(1.,-1.22464680516321E-16,-6.01585900038565E-24));
#2525=DIRECTION('',(1.22464680516321E-16,1.,2.22044604925031E-16));
#2526=DIRECTION('center_axis',(-0.707106781186528,-0.707106781186567,-1.57009241614527E-16));
#2527=DIRECTION('ref_axis',(0.707106781186567,-0.707106781186528,-1.57009250122228E-16));
#2528=DIRECTION('',(-6.01585897319304E-24,2.22044604925031E-16,-1.));
#2529=DIRECTION('center_axis',(6.01585897319303E-24,-2.22044604925031E-16,
1.));
#2530=DIRECTION('ref_axis',(-0.923879532511282,-0.382683432365101,-8.49727859929348E-17));
#2531=DIRECTION('',(6.01585897319304E-24,-2.22044604925031E-16,1.));
#2532=DIRECTION('center_axis',(1.,-1.22464680516321E-16,-6.01585900038566E-24));
#2533=DIRECTION('ref_axis',(1.22464680516321E-16,1.,2.22044604925031E-16));
#2534=DIRECTION('',(6.01585897319304E-24,-2.22044604925031E-16,1.));
#2535=DIRECTION('center_axis',(6.01585851431754E-24,-3.96904731303512E-15,
1.));
#2536=DIRECTION('ref_axis',(0.923879532511293,-0.382683432365076,-1.42019139981911E-15));
#2537=DIRECTION('center_axis',(6.01585894394396E-24,-4.60881420730103E-16,
1.));
#2538=DIRECTION('ref_axis',(0.923879532511293,-0.382683432365076,-1.42019139981911E-15));
#2539=DIRECTION('',(6.01585879322199E-24,-3.96904731303512E-15,1.));
#2540=DIRECTION('center_axis',(6.01585897319303E-24,-2.22044604925031E-16,
1.));
#2541=DIRECTION('ref_axis',(0.923879532511293,-0.382683432365076,-1.42019139981911E-15));
#2542=DIRECTION('',(-6.01585851431754E-24,3.96904731303512E-15,-1.));
#2543=DIRECTION('center_axis',(-6.01585897319303E-24,2.22044604925031E-16,
-1.));
#2544=DIRECTION('ref_axis',(-1.22464680516321E-16,-1.,-2.22044604925031E-16));
#2545=DIRECTION('',(-1.22464680516321E-16,-1.,-2.22044604925031E-16));
#2546=DIRECTION('',(-1.,1.22464680516321E-16,6.01585900038565E-24));
#2547=DIRECTION('',(-1.22464680516321E-16,-1.,-2.22044604925031E-16));
#2548=DIRECTION('',(-1.,1.22464680516321E-16,6.01585900038565E-24));
#2549=DIRECTION('center_axis',(6.01585894394396E-24,-4.60881420730103E-16,
1.));
#2550=DIRECTION('ref_axis',(0.382683432365101,-0.923879532511282,-1.5403610708073E-15));
#2551=DIRECTION('',(-0.70710678118653,-0.707106781186565,-3.25892373667299E-16));
#2552=DIRECTION('center_axis',(1.,-1.22464680516321E-16,-6.01585900038566E-24));
#2553=DIRECTION('ref_axis',(1.22464680516321E-16,1.,2.22044604925031E-16));
#2554=DIRECTION('',(1.22464680516321E-16,1.,2.22044604925031E-16));
#2555=DIRECTION('',(6.01585897319304E-24,-2.22044604925031E-16,1.));
#2556=DIRECTION('',(1.22464680516321E-16,1.,2.22044604925031E-16));
#2557=DIRECTION('center_axis',(-6.01585897319303E-24,2.22044604925031E-16,
-1.));
#2558=DIRECTION('ref_axis',(-1.22464680516321E-16,-1.,-2.22044604925031E-16));
#2559=DIRECTION('',(-0.707106781186547,-0.707106781186548,-1.57009241614523E-16));
#2560=DIRECTION('center_axis',(6.01585897319303E-24,-2.22044604925031E-16,
1.));
#2561=DIRECTION('ref_axis',(0.382683432365101,-0.923879532511282,-1.5403610708073E-15));
#2562=DIRECTION('',(1.,-1.22464680516321E-16,-6.01585900038565E-24));
#2563=DIRECTION('',(1.22464680516321E-16,1.,2.22044604925031E-16));
#2564=DIRECTION('',(-1.,1.22464680516321E-16,6.01585900038565E-24));
#2565=DIRECTION('',(-1.22464680516321E-16,-1.,-2.22044604925031E-16));
#2566=DIRECTION('',(1.,-1.22464680516321E-16,-6.01585900038565E-24));
#2567=DIRECTION('center_axis',(-0.707106781186565,0.70710678118653,2.80654027415117E-15));
#2568=DIRECTION('ref_axis',(-0.70710678118653,-0.707106781186565,-1.57009241614527E-16));
#2569=DIRECTION('',(-3.74700271412576E-15,2.22044604925032E-16,-1.));
#2570=DIRECTION('center_axis',(3.74700271412576E-15,-2.22044604925032E-16,
1.));
#2571=DIRECTION('ref_axis',(0.382683432365101,-0.923879532511282,-1.5403610708073E-15));
#2572=DIRECTION('',(3.74700271412576E-15,-2.22044604925032E-16,1.));
#2573=DIRECTION('center_axis',(-1.22464680516321E-16,-1.,-2.22044604925031E-16));
#2574=DIRECTION('ref_axis',(1.,-1.22464680516321E-16,-6.01585900038565E-24));
#2575=DIRECTION('',(6.01585897319304E-24,-2.22044604925031E-16,1.));
#2576=DIRECTION('center_axis',(-6.01585897319303E-24,2.22044604925031E-16,
-1.));
#2577=DIRECTION('ref_axis',(-1.22464680516321E-16,-1.,-2.22044604925031E-16));
#2578=DIRECTION('',(-1.22464680516321E-16,-1.,-2.22044604925031E-16));
#2579=DIRECTION('',(-1.,1.6138090419531E-15,6.01585933153062E-24));
#2580=DIRECTION('center_axis',(1.22464680516321E-16,1.,2.22044604925031E-16));
#2581=DIRECTION('ref_axis',(-1.,1.22464680516321E-16,6.01585900038565E-24));
#2582=DIRECTION('',(6.01585897319304E-24,-2.22044604925031E-16,1.));
#2583=DIRECTION('',(6.01585897319304E-24,-2.22044604925031E-16,1.));
#2584=DIRECTION('',(6.01585897319304E-24,-2.22044604925031E-16,1.));
#2585=DIRECTION('',(6.01585897319304E-24,-2.22044604925031E-16,1.));
#2586=DIRECTION('center_axis',(1.,-1.22464680516321E-16,-6.01585900038566E-24));
#2587=DIRECTION('ref_axis',(1.22464680516321E-16,1.,2.22044604925031E-16));
#2588=DIRECTION('',(6.01585897319304E-24,-2.22044604925031E-16,1.));
#2589=DIRECTION('center_axis',(-1.22464680516321E-16,-1.,-2.22044604925031E-16));
#2590=DIRECTION('ref_axis',(1.,-1.22464680516321E-16,-6.01585900038565E-24));
#2591=DIRECTION('',(6.01585897319304E-24,-2.22044604925031E-16,1.));
#2592=DIRECTION('',(6.01585897319304E-24,-2.22044604925031E-16,1.));
#2593=DIRECTION('center_axis',(1.22464680516321E-16,1.,2.22044604925031E-16));
#2594=DIRECTION('ref_axis',(-1.,1.22464680516321E-16,6.01585900038565E-24));
#2595=DIRECTION('',(-1.,1.22464680516321E-16,6.01585900038565E-24));
#2596=DIRECTION('center_axis',(-6.01585897319303E-24,2.22044604925031E-16,
-1.));
#2597=DIRECTION('ref_axis',(-1.22464680516321E-16,-1.,-2.22044604925031E-16));
#2598=DIRECTION('',(1.,-1.22464680516321E-16,-6.01585900038565E-24));
#2599=DIRECTION('center_axis',(-1.22464680516321E-16,-1.,-2.22044604925031E-16));
#2600=DIRECTION('ref_axis',(1.,-1.22464680516321E-16,-6.01585900038565E-24));
#2601=DIRECTION('',(6.01585897319304E-24,-2.22044604925031E-16,1.));
#2602=DIRECTION('',(6.01585897319304E-24,-2.22044604925031E-16,1.));
#2603=DIRECTION('center_axis',(-1.,1.22464680516321E-16,6.01585900038566E-24));
#2604=DIRECTION('ref_axis',(-1.22464680516321E-16,-1.,-2.22044604925031E-16));
#2605=DIRECTION('',(6.01585897319304E-24,-2.22044604925031E-16,1.));
#2606=DIRECTION('center_axis',(1.,-1.22464680516321E-16,-6.01585900038566E-24));
#2607=DIRECTION('ref_axis',(1.22464680516321E-16,1.,2.22044604925031E-16));
#2608=DIRECTION('',(6.01585897319304E-24,-2.22044604925031E-16,1.));
#2609=DIRECTION('center_axis',(1.22464680516321E-16,1.,2.22044604925031E-16));
#2610=DIRECTION('ref_axis',(-1.,1.22464680516321E-16,6.01585900038565E-24));
#2611=DIRECTION('center_axis',(-1.,1.22464680516321E-16,6.01585900038566E-24));
#2612=DIRECTION('ref_axis',(-1.22464680516321E-16,-1.,-2.22044604925031E-16));
#2613=DIRECTION('',(6.01585897319304E-24,-2.22044604925031E-16,1.));
#2614=DIRECTION('center_axis',(-1.22464680516321E-16,-1.,-2.22044604925031E-16));
#2615=DIRECTION('ref_axis',(1.,-1.22464680516321E-16,-6.01585900038565E-24));
#2616=DIRECTION('',(6.01585897319304E-24,-2.22044604925031E-16,1.));
#2617=DIRECTION('center_axis',(1.,-1.22464680516321E-16,-6.01585900038566E-24));
#2618=DIRECTION('ref_axis',(1.22464680516321E-16,1.,2.22044604925031E-16));
#2619=DIRECTION('',(6.01585897319304E-24,-2.22044604925031E-16,1.));
#2620=DIRECTION('',(6.01585897319304E-24,-2.22044604925031E-16,1.));
#2621=DIRECTION('center_axis',(1.22464680516321E-16,1.,2.22044604925031E-16));
#2622=DIRECTION('ref_axis',(-1.,1.22464680516321E-16,6.01585900038565E-24));
#2623=DIRECTION('center_axis',(1.,-1.22464680516321E-16,-6.01585900038566E-24));
#2624=DIRECTION('ref_axis',(1.22464680516321E-16,1.,2.22044604925031E-16));
#2625=DIRECTION('center_axis',(1.,-1.22464680516321E-16,-6.01585900038566E-24));
#2626=DIRECTION('ref_axis',(1.22464680516321E-16,1.,2.22044604925031E-16));
#2627=DIRECTION('',(6.01585897319304E-24,-2.22044604925031E-16,1.));
#2628=DIRECTION('',(6.01585864247196E-24,-2.92258709725649E-15,1.));
#2629=DIRECTION('center_axis',(-1.22464680516321E-16,-1.,-3.96904731303494E-15));
#2630=DIRECTION('ref_axis',(1.,-1.22464680516321E-16,-6.01585900038565E-24));
#2631=DIRECTION('center_axis',(-1.22464680516321E-16,-1.,-2.22044604925031E-16));
#2632=DIRECTION('ref_axis',(1.,-1.22464680516321E-16,-6.01585900038565E-24));
#2633=DIRECTION('',(6.01585897319304E-24,-2.22044604925031E-16,1.));
#2634=DIRECTION('center_axis',(-1.,1.22464680516321E-16,6.01585900038566E-24));
#2635=DIRECTION('ref_axis',(-1.22464680516321E-16,-1.,-2.22044604925031E-16));
#2636=DIRECTION('',(6.01585897319304E-24,-2.22044604925031E-16,1.));
#2637=DIRECTION('center_axis',(1.,-1.22464680516321E-16,-6.01585900038566E-24));
#2638=DIRECTION('ref_axis',(1.22464680516321E-16,1.,2.22044604925031E-16));
#2639=DIRECTION('',(6.01585897319304E-24,-2.22044604925031E-16,1.));
#2640=DIRECTION('',(6.01585864247196E-24,-2.92258709725649E-15,1.));
#2641=DIRECTION('center_axis',(1.22464680516321E-16,1.,3.96904731303494E-15));
#2642=DIRECTION('ref_axis',(-1.,1.22464680516321E-16,6.01585900038565E-24));
#2643=DIRECTION('center_axis',(1.22464680516321E-16,1.,2.22044604925031E-16));
#2644=DIRECTION('ref_axis',(-1.,1.22464680516321E-16,6.01585900038565E-24));
#2645=DIRECTION('',(6.01585897319304E-24,-2.22044604925031E-16,1.));
#2646=DIRECTION('center_axis',(-1.,1.22464680516321E-16,6.01585900038566E-24));
#2647=DIRECTION('ref_axis',(-1.22464680516321E-16,-1.,-2.22044604925031E-16));
#2648=DIRECTION('center_axis',(-1.22464680516321E-16,-1.,-2.22044604925031E-16));
#2649=DIRECTION('ref_axis',(1.,-1.22464680516321E-16,-6.01585900038565E-24));
#2650=CARTESIAN_POINT('',(0.,0.,0.));
#2651=CARTESIAN_POINT('Origin',(52.4059043179766,29.9999993294477,-17.4999996088445));
#2652=CARTESIAN_POINT('',(1.60591431797657,29.9999993294477,-16.2499996088445));
#2653=CARTESIAN_POINT('Origin',(1.60591431797657,29.9999993294477,-17.4999996088445));
#2654=CARTESIAN_POINT('',(0.00491431797656566,29.9999993294477,-16.2499996088445));
#2655=CARTESIAN_POINT('',(52.4059043179766,29.9999993294477,-16.2499996088445));
#2656=CARTESIAN_POINT('Origin',(0.00491431797656539,29.9999993294477,-17.4999996088445));
#2657=CARTESIAN_POINT('Origin',(53.4059043179766,29.9999993294477,-17.4999996088445));
#2658=CARTESIAN_POINT('',(52.4059043179766,29.9999993294477,-16.2499996088445));
#2659=CARTESIAN_POINT('Origin',(52.4059043179766,29.9999993294477,-17.4999996088445));
#2660=CARTESIAN_POINT('',(54.0049143179766,29.9999993294477,-16.2499996088445));
#2661=CARTESIAN_POINT('',(53.4059043179766,29.9999993294477,-16.2499996088445));
#2662=CARTESIAN_POINT('Origin',(54.0049143179766,29.9999993294477,-17.4999996088445));
#2663=CARTESIAN_POINT('Origin',(0.254914317976568,19.3504135917526,-5.50000083934981));
#2664=CARTESIAN_POINT('',(0.00491431797657038,38.0099135917526,-6.00000083934981));
#2665=CARTESIAN_POINT('',(0.504914317976571,38.0099135917526,-5.00000083934981));
#2666=CARTESIAN_POINT('',(0.645414317976572,38.0099135917526,-4.71900083934981));
#2667=CARTESIAN_POINT('',(0.504914317976571,43.5599135917526,-5.00000083934981));
#2668=CARTESIAN_POINT('',(0.504914317976569,19.3504135917526,-5.00000083934981));
#2669=CARTESIAN_POINT('',(0.00491431797657106,43.5599135917526,-6.00000083934981));
#2670=CARTESIAN_POINT('',(1.24041431797661,43.5599135917526,-3.52900083934973));
#2671=CARTESIAN_POINT('',(0.00491431797656809,19.3504135917526,-6.00000083934981));
#2672=CARTESIAN_POINT('Origin',(9.37839209344948,41.2849135917526,-5.00000083934981));
#2673=CARTESIAN_POINT('',(1.60590431797658,38.0099135917526,-5.00000083934981));
#2674=CARTESIAN_POINT('',(3.61915320571303,38.0099135917526,-5.00000083934981));
#2675=CARTESIAN_POINT('',(1.60590431797658,43.5599135917526,-5.00000083934981));
#2676=CARTESIAN_POINT('',(1.60590431797657,19.3504135917526,-5.00000083934981));
#2677=CARTESIAN_POINT('',(6.59415320571303,43.5599135917526,-5.00000083934981));
#2678=CARTESIAN_POINT('Origin',(0.00491431797656539,-2.5840864082474,-4.15000083934983));
#2679=CARTESIAN_POINT('',(0.00491431797657427,49.0049135917526,-8.39349814096835E-7));
#2680=CARTESIAN_POINT('',(0.00491431797657427,49.0049135917526,-41.5000008393498));
#2681=CARTESIAN_POINT('',(0.00491431797657427,49.0049135917526,-39.5000008393498));
#2682=CARTESIAN_POINT('',(0.00491431797657427,26.4853552203981,-41.5000008393498));
#2683=CARTESIAN_POINT('',(0.00491431797656539,1.2103440860026,-41.5000008393498));
#2684=CARTESIAN_POINT('',(0.00491431797656539,5.0049135917526,-30.1574754446035));
#2685=CARTESIAN_POINT('Origin',(0.00491431797656539,27.0049140286547,-14.5050002161833));
#2686=CARTESIAN_POINT('',(0.00491431797656539,5.0049135917526,-8.30000083934983));
#2687=CARTESIAN_POINT('',(0.00491431797656539,5.0049135917526,-8.30000083934983));
#2688=CARTESIAN_POINT('',(0.00491431797656539,5.0049135917526,-8.39349823866581E-7));
#2689=CARTESIAN_POINT('',(0.00491431797656539,5.0049135917526,-8.30000083934983));
#2690=CARTESIAN_POINT('',(0.00491431797657427,33.9159135917526,-8.39349817447019E-7));
#2691=CARTESIAN_POINT('',(0.00491431797657427,43.5599135917526,-1.50000083934981));
#2692=CARTESIAN_POINT('',(0.00491431797657104,43.5599135917526,-4.07500083934982));
#2693=CARTESIAN_POINT('',(0.00491431797657427,38.0099135917526,-1.50000083934981));
#2694=CARTESIAN_POINT('',(0.00491431797657427,38.5099135917526,-1.50000083934981));
#2695=CARTESIAN_POINT('',(0.00491431797657038,38.0099135917526,-4.07500083934982));
#2696=CARTESIAN_POINT('Origin',(1.60590431797657,-2.5840864082474,2.93692223757329));
#2697=CARTESIAN_POINT('',(1.60590431797658,49.0049135917526,-3.7000008393498));
#2698=CARTESIAN_POINT('',(1.60590431797658,49.0049135917526,-39.5000008393498));
#2699=CARTESIAN_POINT('',(1.60590431797658,49.0049135917526,-6.70300083934981));
#2700=CARTESIAN_POINT('',(1.60590431797658,46.6049115907526,-3.7000008393498));
#2701=CARTESIAN_POINT('',(1.60590431797658,46.6049115907526,-3.7000008393498));
#2702=CARTESIAN_POINT('',(1.60590431797658,46.6049115907526,-8.39349805748478E-7));
#2703=CARTESIAN_POINT('',(1.60590431797658,46.6049115907526,-3.7000008393498));
#2704=CARTESIAN_POINT('',(1.60590431722658,7.4049155917526,-8.39349825554683E-7));
#2705=CARTESIAN_POINT('',(1.60590431797657,7.4049155917526,-8.39349823334237E-7));
#2706=CARTESIAN_POINT('',(1.60590431730991,7.4049155917526,-3.70000083934982));
#2707=CARTESIAN_POINT('',(1.60590431697657,7.4049155917526,-3.70000083934982));
#2708=CARTESIAN_POINT('',(1.60590431797657,1.33793745953594,-3.70000083934983));
#2709=CARTESIAN_POINT('',(1.60590431697657,7.4049155917526,-3.70000083934982));
#2710=CARTESIAN_POINT('',(1.60590431797836,1.33793745953263,-8.30000083934983));
#2711=CARTESIAN_POINT('Ctrl Pts',(1.60590431797657,1.33793745953594,-8.30000083934994));
#2712=CARTESIAN_POINT('Ctrl Pts',(1.60590431797657,1.33793745953594,-6.76666750601657));
#2713=CARTESIAN_POINT('Ctrl Pts',(1.60590431797657,1.33793745953594,-5.2333341726832));
#2714=CARTESIAN_POINT('Ctrl Pts',(1.60590431797657,1.33793745953594,-3.70000083934983));
#2715=CARTESIAN_POINT('',(1.60590431797657,1.33793745953595,-22.8839210178325));
#2716=CARTESIAN_POINT('Ctrl Pts',(1.60590431797657,1.33793745953595,-22.8839210178325));
#2717=CARTESIAN_POINT('Ctrl Pts',(1.60590431797657,1.33793745953595,-18.0226142916717));
#2718=CARTESIAN_POINT('Ctrl Pts',(1.60590431797657,1.33793745953594,-13.1613075655107));
#2719=CARTESIAN_POINT('Ctrl Pts',(1.60590431797657,1.33793745953594,-8.30000083934983));
#2720=CARTESIAN_POINT('',(1.60590431797657,26.4853552203979,-41.5000008393498));
#2721=CARTESIAN_POINT('Origin',(1.60590431797657,27.0049140286547,-14.5050002161833));
#2722=CARTESIAN_POINT('',(1.60590431797658,49.0049135917526,-41.5000008393498));
#2723=CARTESIAN_POINT('',(1.60590431797657,1.2103440860026,-41.5000008393498));
#2724=CARTESIAN_POINT('',(1.60590431797658,49.0049135917526,-39.5000008393498));
#2725=CARTESIAN_POINT('',(1.60590431797658,43.5599135917526,-1.50000083934981));
#2726=CARTESIAN_POINT('',(1.60590431797658,43.5599135917526,-0.531539300888262));
#2727=CARTESIAN_POINT('',(1.60590431797658,38.0099135917526,-1.50000083934981));
#2728=CARTESIAN_POINT('',(1.60590431797658,38.0099135917526,-0.281539300888261));
#2729=CARTESIAN_POINT('',(1.60590431797658,17.9629135917526,-1.50000083934981));
#2730=CARTESIAN_POINT('Origin',(-2.14008568202342,38.0099135917526,-2.35000083934981));
#2731=CARTESIAN_POINT('',(3.61915320571303,38.0099135917526,-1.50000083934981));
#2732=CARTESIAN_POINT('Origin',(3.80991431797658,43.5599135917526,-2.35000083934981));
#2733=CARTESIAN_POINT('',(6.59415320571303,43.5599135917526,-1.50000083934981));
#2734=CARTESIAN_POINT('Ctrl Pts',(49.0049143179766,54.0049135917526,2.07506333374719));
#2735=CARTESIAN_POINT('Ctrl Pts',(49.0049143179766,54.0049135917526,-41.5000008393498));
#2736=CARTESIAN_POINT('Ctrl Pts',(49.3299527588637,54.0049135917526,2.07506333374719));
#2737=CARTESIAN_POINT('Ctrl Pts',(49.3299527588637,54.0049135917526,-41.5000008393498));
#2738=CARTESIAN_POINT('Ctrl Pts',(49.6544836863179,53.9731804656838,2.07506333374719));
#2739=CARTESIAN_POINT('Ctrl Pts',(49.6544836863179,53.9731804656838,-41.5000008393498));
#2740=CARTESIAN_POINT('Ctrl Pts',(50.3124279124342,53.8432924976895,2.07506333374719));
#2741=CARTESIAN_POINT('Ctrl Pts',(50.3124279124342,53.8432924976895,-41.5000008393498));
#2742=CARTESIAN_POINT('Ctrl Pts',(50.643651653087,53.7413495945377,2.07506333374717));
#2743=CARTESIAN_POINT('Ctrl Pts',(50.643651653087,53.7413495945377,-41.5000008393498));
#2744=CARTESIAN_POINT('Ctrl Pts',(51.5523994023858,53.3549259250501,2.07506333374716));
#2745=CARTESIAN_POINT('Ctrl Pts',(51.5523994023858,53.3549259250501,-41.5000008393498));
#2746=CARTESIAN_POINT('Ctrl Pts',(52.0879975623788,52.9929045243954,2.07506333374719));
#2747=CARTESIAN_POINT('Ctrl Pts',(52.0879975623788,52.9929045243954,-41.5000008393498));
#2748=CARTESIAN_POINT('Ctrl Pts',(52.9929047959163,52.0879956261784,2.07506333374719));
#2749=CARTESIAN_POINT('Ctrl Pts',(52.9929047959163,52.0879956261784,-41.5000008393498));
#2750=CARTESIAN_POINT('Ctrl Pts',(53.35493909211,51.5523720375433,2.07506333374715));
#2751=CARTESIAN_POINT('Ctrl Pts',(53.35493909211,51.5523720375434,-41.5000008393499));
#2752=CARTESIAN_POINT('Ctrl Pts',(53.7413427891854,50.6436688985536,2.07506333374715));
#2753=CARTESIAN_POINT('Ctrl Pts',(53.7413427891854,50.6436688985536,-41.5000008393499));
#2754=CARTESIAN_POINT('Ctrl Pts',(53.8432937958659,50.3124252655406,2.07506333374716));
#2755=CARTESIAN_POINT('Ctrl Pts',(53.8432937958659,50.3124252655407,-41.5000008393498));
#2756=CARTESIAN_POINT('Ctrl Pts',(53.973180866029,49.6544866986799,2.07506333374716));
#2757=CARTESIAN_POINT('Ctrl Pts',(53.973180866029,49.6544866986799,-41.5000008393498));
#2758=CARTESIAN_POINT('Ctrl Pts',(54.0049143179766,49.3299485295107,2.07506333374719));
#2759=CARTESIAN_POINT('Ctrl Pts',(54.0049143179766,49.3299485295107,-41.5000008393498));
#2760=CARTESIAN_POINT('Ctrl Pts',(54.0049143179766,49.0049135917526,2.07506333374719));
#2761=CARTESIAN_POINT('Ctrl Pts',(54.0049143179766,49.0049135917526,-41.5000008393498));
#2762=CARTESIAN_POINT('',(54.0049143179766,49.0049135917526,-8.39349814096835E-7));
#2763=CARTESIAN_POINT('',(49.0049143179766,54.0049135917526,-8.39349812986612E-7));
#2764=CARTESIAN_POINT('Ctrl Pts',(54.0049143179766,49.0049135917526,-8.39349805272216E-7));
#2765=CARTESIAN_POINT('Ctrl Pts',(54.0049143179766,49.3434048364892,-8.39349805197056E-7));
#2766=CARTESIAN_POINT('Ctrl Pts',(53.9704966451378,49.6813071029547,-8.39349806398874E-7));
#2767=CARTESIAN_POINT('Ctrl Pts',(53.8340897225581,50.3441589939172,-8.39349806251691E-7));
#2768=CARTESIAN_POINT('Ctrl Pts',(53.7323570202649,50.6679556655553,-8.3934980417387E-7));
#2769=CARTESIAN_POINT('Ctrl Pts',(53.3423595677383,51.5756376203655,-8.39349803972324E-7));
#2770=CARTESIAN_POINT('Ctrl Pts',(52.9724295538267,52.1160865388233,-8.39349805315974E-7));
#2771=CARTESIAN_POINT('Ctrl Pts',(52.0477032069743,53.0250639575676,-8.3934980511414E-7));
#2772=CARTESIAN_POINT('Ctrl Pts',(51.5012903145103,53.3856530399025,-8.39349803049307E-7));
#2773=CARTESIAN_POINT('Ctrl Pts',(50.2976543977507,53.8784973030637,-8.39349802939873E-7));
#2774=CARTESIAN_POINT('Ctrl Pts',(49.6543347458014,54.0049135917526,-8.39349804102616E-7));
#2775=CARTESIAN_POINT('Ctrl Pts',(49.0049143179766,54.0049135917526,-8.39349804102616E-7));
#2776=CARTESIAN_POINT('',(54.0049143179766,49.0049135917526,-41.5000008393498));
#2777=CARTESIAN_POINT('',(54.0049143179766,49.0049135917526,-8.30000083934981));
#2778=CARTESIAN_POINT('',(49.0049143179766,54.004914430986,-41.5000008393498));
#2779=CARTESIAN_POINT('Ctrl Pts',(54.0049143179766,49.0049135917526,-41.5000008393498));
#2780=CARTESIAN_POINT('Ctrl Pts',(54.0049143179766,49.3299485295107,-41.5000008393498));
#2781=CARTESIAN_POINT('Ctrl Pts',(53.973180866029,49.6544866986799,-41.5000008393498));
#2782=CARTESIAN_POINT('Ctrl Pts',(53.9102257840291,49.9733835401871,-41.5000008393498));
#2783=CARTESIAN_POINT('Ctrl Pts',(53.8432937958659,50.3124252655407,-41.5000008393498));
#2784=CARTESIAN_POINT('Ctrl Pts',(53.7413427891854,50.6436688985536,-41.5000008393499));
#2785=CARTESIAN_POINT('Ctrl Pts',(53.6061344273231,50.9616375509549,-41.5000008393499));
#2786=CARTESIAN_POINT('Ctrl Pts',(53.35493909211,51.5523720375434,-41.5000008393499));
#2787=CARTESIAN_POINT('Ctrl Pts',(52.9929047959163,52.0879956261784,-41.5000008393498));
#2788=CARTESIAN_POINT('Ctrl Pts',(52.5404509903294,52.5404502641054,-41.5000008393498));
#2789=CARTESIAN_POINT('Ctrl Pts',(52.0879975623788,52.9929045243954,-41.5000008393498));
#2790=CARTESIAN_POINT('Ctrl Pts',(51.5523994023858,53.3549259250501,-41.5000008393498));
#2791=CARTESIAN_POINT('Ctrl Pts',(50.9616380009989,53.6061333571364,-41.5000008393498));
#2792=CARTESIAN_POINT('Ctrl Pts',(50.643651653087,53.7413495945377,-41.5000008393498));
#2793=CARTESIAN_POINT('Ctrl Pts',(50.3124279124342,53.8432924976895,-41.5000008393498));
#2794=CARTESIAN_POINT('Ctrl Pts',(49.9733839587788,53.9102248126989,-41.5000008393498));
#2795=CARTESIAN_POINT('Ctrl Pts',(49.6544836863179,53.9731804656838,-41.5000008393498));
#2796=CARTESIAN_POINT('Ctrl Pts',(49.3299527588637,54.0049135917526,-41.5000008393498));
#2797=CARTESIAN_POINT('Ctrl Pts',(49.0049143179766,54.0049135917526,-41.5000008393498));
#2798=CARTESIAN_POINT('',(49.0049143179766,54.0049135917526,-8.30000083934981));
#2799=CARTESIAN_POINT('Origin',(18.0720180228438,5.00477458025258,-41.5000008393498));
#2800=CARTESIAN_POINT('',(54.0049143179766,26.4853437404208,-41.5000006183982));
#2801=CARTESIAN_POINT('',(54.0049143179766,29.5048440860026,-41.5000008393498));
#2802=CARTESIAN_POINT('',(52.4059043179766,26.4853552203979,-41.5000008393498));
#2803=CARTESIAN_POINT('',(54.0049143179766,26.4853552203979,-41.5000008393498));
#2804=CARTESIAN_POINT('',(52.4059043179766,49.0049135917526,-41.5000008393498));
#2805=CARTESIAN_POINT('',(52.4059043179766,28.7048440860026,-41.5000008393498));
#2806=CARTESIAN_POINT('',(49.0059043179766,52.4049135917526,-41.5000008393498));
#2807=CARTESIAN_POINT('Ctrl Pts',(52.4059043179766,49.0049135917526,-41.5000008393498));
#2808=CARTESIAN_POINT('Ctrl Pts',(52.4059043179766,49.4536844278257,-41.5000008393498));
#2809=CARTESIAN_POINT('Ctrl Pts',(52.3170890212045,49.8981641641451,-41.5000008393498));
#2810=CARTESIAN_POINT('Ctrl Pts',(52.1442225929265,50.3129469539568,-41.5000008393498));
#2811=CARTESIAN_POINT('Ctrl Pts',(51.9707856278595,50.729098713113,-41.5000008393498));
#2812=CARTESIAN_POINT('Ctrl Pts',(51.7167270842436,51.1057947282489,-41.5000008393498));
#2813=CARTESIAN_POINT('Ctrl Pts',(51.3970528333306,51.4220247501466,-41.5000008393498));
#2814=CARTESIAN_POINT('Ctrl Pts',(51.0875504054237,51.728192542125,-41.5000008393498));
#2815=CARTESIAN_POINT('Ctrl Pts',(50.7219272179377,51.9724039093158,-41.5000008393498));
#2816=CARTESIAN_POINT('Ctrl Pts',(50.3191663225295,52.1410476932133,-41.5000008393498));
#2817=CARTESIAN_POINT('Ctrl Pts',(49.9029400196215,52.315329703906,-41.5000008393498));
#2818=CARTESIAN_POINT('Ctrl Pts',(49.4565879842963,52.4049135917526,-41.5000008393498));
#2819=CARTESIAN_POINT('Ctrl Pts',(49.0059043179766,52.4049135917526,-41.5000008393498));
#2820=CARTESIAN_POINT('',(5.00590431797658,52.4049135917525,-41.5000008393498));
#2821=CARTESIAN_POINT('',(9.83896117041018,52.4049135917526,-41.5000008393498));
#2822=CARTESIAN_POINT('Ctrl Pts',(5.00590431797658,52.4049135917526,-41.5000008393498));
#2823=CARTESIAN_POINT('Ctrl Pts',(4.55713327759617,52.4049135917526,-41.5000008393498));
#2824=CARTESIAN_POINT('Ctrl Pts',(4.11265186648259,52.3160975086072,-41.5000008393498));
#2825=CARTESIAN_POINT('Ctrl Pts',(3.697870557571,52.1432317512848,-41.5000008393498));
#2826=CARTESIAN_POINT('Ctrl Pts',(3.281718855238,51.9697948638474,-41.5000008393498));
#2827=CARTESIAN_POINT('Ctrl Pts',(2.90502264979498,51.7157357701169,-41.5000008393498));
#2828=CARTESIAN_POINT('Ctrl Pts',(2.58879274815271,51.3960616852677,-41.5000008393498));
#2829=CARTESIAN_POINT('Ctrl Pts',(2.28262381742624,51.0865581492929,-41.5000008393498));
#2830=CARTESIAN_POINT('Ctrl Pts',(2.03841278710602,50.7209342508192,-41.5000008393498));
#2831=CARTESIAN_POINT('Ctrl Pts',(1.86976916006721,50.3181729653782,-41.5000008393498));
#2832=CARTESIAN_POINT('Ctrl Pts',(1.69548715003926,49.9019458738443,-41.5000008393498));
#2833=CARTESIAN_POINT('Ctrl Pts',(1.60590431797658,49.455595959233,-41.5000008393498));
#2834=CARTESIAN_POINT('Ctrl Pts',(1.60590431797658,49.0049135917526,-41.5000008393498));
#2835=CARTESIAN_POINT('',(54.0049143179766,26.4853552203979,-41.5000008393498));
#2836=CARTESIAN_POINT('',(5.00491431797657,54.004914430986,-41.5000008393498));
#2837=CARTESIAN_POINT('Ctrl Pts',(5.00491431797657,54.0049135917526,-41.5000008393498));
#2838=CARTESIAN_POINT('Ctrl Pts',(4.67987981850213,54.0049135917526,-41.5000008393498));
#2839=CARTESIAN_POINT('Ctrl Pts',(4.35534194615955,53.9731802113341,-41.5000008393497));
#2840=CARTESIAN_POINT('Ctrl Pts',(4.03644549828057,53.9102252855917,-41.5000008393497));
#2841=CARTESIAN_POINT('Ctrl Pts',(3.69740417406028,53.8432934601296,-41.5000008393497));
#2842=CARTESIAN_POINT('Ctrl Pts',(3.36616081210927,53.7413426459344,-41.5000008393497));
#2843=CARTESIAN_POINT('Ctrl Pts',(3.04819258094965,53.6061346472892,-41.5000008393497));
#2844=CARTESIAN_POINT('Ctrl Pts',(2.45745758986608,53.3549394395704,-41.5000008393497));
#2845=CARTESIAN_POINT('Ctrl Pts',(1.92183309214233,52.9929048772122,-41.5000008393498));
#2846=CARTESIAN_POINT('Ctrl Pts',(1.46937765024566,52.5404502594836,-41.5000008393498));
#2847=CARTESIAN_POINT('Ctrl Pts',(1.01692270007667,52.0879961334819,-41.5000008393498));
#2848=CARTESIAN_POINT('Ctrl Pts',(0.654901185848544,51.5523975869354,-41.5000008393496));
#2849=CARTESIAN_POINT('Ctrl Pts',(0.403693613489207,50.961635049154,-41.5000008393496));
#2850=CARTESIAN_POINT('Ctrl Pts',(0.26847763896928,50.6436488853385,-41.5000008393496));
#2851=CARTESIAN_POINT('Ctrl Pts',(0.166535034890885,50.3124256764797,-41.5000008393495));
#2852=CARTESIAN_POINT('Ctrl Pts',(0.0996028764082626,49.973382106546,-41.5000008393495));
#2853=CARTESIAN_POINT('Ctrl Pts',(0.0366473661749467,49.6544821723381,-41.5000008393495));
#2854=CARTESIAN_POINT('Ctrl Pts',(0.00491431797657462,49.329951656375,-41.5000008393498));
#2855=CARTESIAN_POINT('Ctrl Pts',(0.00491431797657419,49.0049135917526,
-41.5000008393498));
#2856=CARTESIAN_POINT('',(9.03846617041018,54.0049135917526,-41.5000008393498));
#2857=CARTESIAN_POINT('Ctrl Pts',(0.00491431797657419,49.0049135917526,
2.07506333749833));
#2858=CARTESIAN_POINT('Ctrl Pts',(0.00491431797657419,49.0049135917526,
-41.5000008393498));
#2859=CARTESIAN_POINT('Ctrl Pts',(0.00491431797657462,49.3299516563749,
2.07506333749833));
#2860=CARTESIAN_POINT('Ctrl Pts',(0.00491431797657462,49.329951656375,-41.5000008393498));
#2861=CARTESIAN_POINT('Ctrl Pts',(0.0366473661749467,49.654482172338,2.07506333749865));
#2862=CARTESIAN_POINT('Ctrl Pts',(0.0366473661749467,49.6544821723381,-41.5000008393495));
#2863=CARTESIAN_POINT('Ctrl Pts',(0.166535034890885,50.3124256764796,2.07506333749865));
#2864=CARTESIAN_POINT('Ctrl Pts',(0.166535034890885,50.3124256764797,-41.5000008393495));
#2865=CARTESIAN_POINT('Ctrl Pts',(0.26847763896928,50.6436488853385,2.07506333749856));
#2866=CARTESIAN_POINT('Ctrl Pts',(0.26847763896928,50.6436488853385,-41.5000008393496));
#2867=CARTESIAN_POINT('Ctrl Pts',(0.654901185848544,51.5523975869353,2.07506333749856));
#2868=CARTESIAN_POINT('Ctrl Pts',(0.654901185848544,51.5523975869354,-41.5000008393496));
#2869=CARTESIAN_POINT('Ctrl Pts',(1.01692270007667,52.0879961334818,2.07506333749833));
#2870=CARTESIAN_POINT('Ctrl Pts',(1.01692270007667,52.0879961334819,-41.5000008393498));
#2871=CARTESIAN_POINT('Ctrl Pts',(1.92183309214233,52.9929048772121,2.07506333749833));
#2872=CARTESIAN_POINT('Ctrl Pts',(1.92183309214233,52.9929048772122,-41.5000008393498));
#2873=CARTESIAN_POINT('Ctrl Pts',(2.45745758986608,53.3549394395704,2.07506333749848));
#2874=CARTESIAN_POINT('Ctrl Pts',(2.45745758986608,53.3549394395704,-41.5000008393497));
#2875=CARTESIAN_POINT('Ctrl Pts',(3.36616081210927,53.7413426459343,2.07506333749848));
#2876=CARTESIAN_POINT('Ctrl Pts',(3.36616081210927,53.7413426459344,-41.5000008393497));
#2877=CARTESIAN_POINT('Ctrl Pts',(3.69740417406028,53.8432934601296,2.07506333749847));
#2878=CARTESIAN_POINT('Ctrl Pts',(3.69740417406028,53.8432934601296,-41.5000008393497));
#2879=CARTESIAN_POINT('Ctrl Pts',(4.35534194615955,53.9731802113341,2.07506333749847));
#2880=CARTESIAN_POINT('Ctrl Pts',(4.35534194615955,53.9731802113341,-41.5000008393497));
#2881=CARTESIAN_POINT('Ctrl Pts',(4.67987981850213,54.0049135917526,2.07506333749834));
#2882=CARTESIAN_POINT('Ctrl Pts',(4.67987981850213,54.0049135917526,-41.5000008393498));
#2883=CARTESIAN_POINT('Ctrl Pts',(5.00491431797657,54.0049135917526,2.07506333749834));
#2884=CARTESIAN_POINT('Ctrl Pts',(5.00491431797657,54.0049135917526,-41.5000008393498));
#2885=CARTESIAN_POINT('',(5.00491431797657,54.0049135917526,-8.39349812986612E-7));
#2886=CARTESIAN_POINT('Ctrl Pts',(5.00491431797657,54.0049135917526,-8.39349803972654E-7));
#2887=CARTESIAN_POINT('Ctrl Pts',(4.67987981850213,54.0049135917526,-8.39349803972654E-7));
#2888=CARTESIAN_POINT('Ctrl Pts',(4.35534194615955,53.9731802113341,-8.3934966757383E-7));
#2889=CARTESIAN_POINT('Ctrl Pts',(4.03644549828057,53.9102252855916,-8.39349668102507E-7));
#2890=CARTESIAN_POINT('Ctrl Pts',(3.69740417406028,53.8432934601296,-8.39349668723713E-7));
#2891=CARTESIAN_POINT('Ctrl Pts',(3.36616081210927,53.7413426459343,-8.39349657304267E-7));
#2892=CARTESIAN_POINT('Ctrl Pts',(3.04819258094965,53.6061346472891,-8.39349657832944E-7));
#2893=CARTESIAN_POINT('Ctrl Pts',(2.45745758986608,53.3549394395704,-8.39349658877089E-7));
#2894=CARTESIAN_POINT('Ctrl Pts',(1.92183309214233,52.9929048772121,-8.39349805215051E-7));
#2895=CARTESIAN_POINT('Ctrl Pts',(1.46937765024566,52.5404502594836,-8.39349805215051E-7));
#2896=CARTESIAN_POINT('Ctrl Pts',(1.01692270007667,52.0879961334818,-8.39349805135747E-7));
#2897=CARTESIAN_POINT('Ctrl Pts',(0.654901185848544,51.5523975869353,-8.39349579919081E-7));
#2898=CARTESIAN_POINT('Ctrl Pts',(0.403693613489207,50.961635049154,-8.39349581505111E-7));
#2899=CARTESIAN_POINT('Ctrl Pts',(0.26847763896928,50.6436488853385,-8.39349582192396E-7));
#2900=CARTESIAN_POINT('Ctrl Pts',(0.166535034890885,50.3124256764796,-8.39349486607477E-7));
#2901=CARTESIAN_POINT('Ctrl Pts',(0.0996028764082625,49.9733821065459,-8.39349487136154E-7));
#2902=CARTESIAN_POINT('Ctrl Pts',(0.0366473661749467,49.654482172338,-8.39349487585527E-7));
#2903=CARTESIAN_POINT('Ctrl Pts',(0.00491431797657462,49.3299516563749,
-8.39349805215051E-7));
#2904=CARTESIAN_POINT('Ctrl Pts',(0.00491431797657419,49.0049135917526,
-8.39349805215051E-7));
#2905=CARTESIAN_POINT('',(5.00491431797657,54.0049135917526,-8.30000083934981));
#2906=CARTESIAN_POINT('Origin',(52.4059043179766,29.9999993294477,-17.4999996088445));
#2907=CARTESIAN_POINT('',(52.4059043179766,1.33977407377073,-22.8895449919133));
#2908=CARTESIAN_POINT('Origin',(52.4059043179766,27.0049140286546,-14.5050002161833));
#2909=CARTESIAN_POINT('',(52.4059043179749,1.33977407376769,-8.30000083934983));
#2910=CARTESIAN_POINT('Ctrl Pts',(52.4059043179766,1.33977407377072,-8.30000083934983));
#2911=CARTESIAN_POINT('Ctrl Pts',(52.4059043179766,1.33977407377073,-13.1631822235376));
#2912=CARTESIAN_POINT('Ctrl Pts',(52.4059043179766,1.33977407377073,-18.0263636077255));
#2913=CARTESIAN_POINT('Ctrl Pts',(52.4059043179766,1.33977407377073,-22.8895449919133));
#2914=CARTESIAN_POINT('',(52.4059043179766,1.33977407377073,-3.70000083934983));
#2915=CARTESIAN_POINT('Ctrl Pts',(52.4059043179766,1.33977407377073,-3.70000083934983));
#2916=CARTESIAN_POINT('Ctrl Pts',(52.4059043179766,1.33977407377073,-5.23333417268316));
#2917=CARTESIAN_POINT('Ctrl Pts',(52.4059043179765,1.33977407377072,-6.7666675060165));
#2918=CARTESIAN_POINT('Ctrl Pts',(52.4059043179765,1.33977407377072,-8.30000083934983));
#2919=CARTESIAN_POINT('',(52.4059043184766,7.40491559175259,-3.70000083934982));
#2920=CARTESIAN_POINT('',(52.4059043179766,1.60491359175259,-3.70000083934983));
#2921=CARTESIAN_POINT('',(52.4059043184766,7.40491559175259,-8.39349823334237E-7));
#2922=CARTESIAN_POINT('',(52.4059043184766,7.40491559175259,-3.70000083934982));
#2923=CARTESIAN_POINT('',(52.4059043179766,7.40991359175259,-8.39349823333153E-7));
#2924=CARTESIAN_POINT('',(52.4059043179766,7.40991359175259,-8.3934983332516E-7));
#2925=CARTESIAN_POINT('',(52.4059043179766,46.6049115917526,-8.39349805748478E-7));
#2926=CARTESIAN_POINT('',(52.4059043179766,46.6049115917526,-8.39349814630262E-7));
#2927=CARTESIAN_POINT('',(52.4059043179766,46.6049115917526,-3.7000008393498));
#2928=CARTESIAN_POINT('',(52.4059043179766,46.6049115917526,-3.7000008393498));
#2929=CARTESIAN_POINT('',(52.4059043179766,49.0049135917526,-3.7000008393498));
#2930=CARTESIAN_POINT('',(52.4059043179766,46.6049115917526,-3.7000008393498));
#2931=CARTESIAN_POINT('',(52.4059043179766,49.0049135917526,-39.5000008393498));
#2932=CARTESIAN_POINT('',(52.4059043179766,49.0049135917526,-6.70300083934981));
#2933=CARTESIAN_POINT('',(52.4059043179766,49.0049135917526,-39.5000008393498));
#2934=CARTESIAN_POINT('Origin',(9.37839209344948,41.2849135917526,-1.50000083934981));
#2935=CARTESIAN_POINT('Origin',(5.00205457425497,5.0010965292632,-1.85000083934983));
#2936=CARTESIAN_POINT('',(5.00205457425497,2.9510965292632,-8.39349824088842E-7));
#2937=CARTESIAN_POINT('Origin',(5.00205457425497,5.0010965292632,-8.39349824088842E-7));
#2938=CARTESIAN_POINT('',(5.00205457425497,2.9510965292632,-3.70000083934983));
#2939=CARTESIAN_POINT('',(5.00205457425497,2.9510965292632,-1.85000083934983));
#2940=CARTESIAN_POINT('Origin',(5.00205457425497,5.0010965292632,-3.70000083934983));
#2941=CARTESIAN_POINT('Origin',(8.99192208771447,5.072340085793,-1.85000083934982));
#2942=CARTESIAN_POINT('',(8.99192208771447,4.072340085793,-8.39349824088842E-7));
#2943=CARTESIAN_POINT('Origin',(8.99192208771447,5.072340085793,-8.39349824088842E-7));
#2944=CARTESIAN_POINT('',(8.99192208771447,4.072340085793,-3.70000083934983));
#2945=CARTESIAN_POINT('',(8.99192208771447,4.072340085793,-1.85000083934982));
#2946=CARTESIAN_POINT('Origin',(8.99192208771447,5.072340085793,-3.70000083934983));
#2947=CARTESIAN_POINT('Origin',(49.0097540611982,5.00109652926319,-1.85000083934982));
#2948=CARTESIAN_POINT('',(49.0097540611982,2.95109652926319,-8.39349822423507E-7));
#2949=CARTESIAN_POINT('Origin',(49.0097540611982,5.00109652926319,-8.39349822423507E-7));
#2950=CARTESIAN_POINT('',(49.0097540611982,2.95109652926319,-3.70000083934983));
#2951=CARTESIAN_POINT('',(49.0097540611982,2.95109652926319,-1.85000083934982));
#2952=CARTESIAN_POINT('Origin',(49.0097540611982,5.00109652926319,-3.70000083934983));
#2953=CARTESIAN_POINT('Origin',(45.0198865477387,5.07234008579299,-1.85000083934982));
#2954=CARTESIAN_POINT('',(45.0198865477387,4.07234008579299,-8.39349822423507E-7));
#2955=CARTESIAN_POINT('Origin',(45.0198865477387,5.07234008579299,-8.39349822423507E-7));
#2956=CARTESIAN_POINT('',(45.0198865477387,4.07234008579299,-3.70000083934983));
#2957=CARTESIAN_POINT('',(45.0198865477387,4.07234008579299,-1.85000083934982));
#2958=CARTESIAN_POINT('Origin',(45.0198865477387,5.07234008579299,-3.70000083934983));
#2959=CARTESIAN_POINT('Origin',(4.99829093638389,49.0155818043411,-1.85000083934981));
#2960=CARTESIAN_POINT('',(4.99829093638389,46.9655818043411,-8.39349805215051E-7));
#2961=CARTESIAN_POINT('Origin',(4.99829093638389,49.0155818043411,-8.39349805215051E-7));
#2962=CARTESIAN_POINT('',(4.99829093638389,46.9655818043411,-3.7000008393498));
#2963=CARTESIAN_POINT('',(4.99829093638389,46.9655818043411,-1.85000083934981));
#2964=CARTESIAN_POINT('Origin',(4.99829093638389,49.0155818043411,-3.7000008393498));
#2965=CARTESIAN_POINT('Origin',(8.98999979883432,48.9399989069998,-1.85000083934981));
#2966=CARTESIAN_POINT('',(8.98999979883432,47.9399989069998,-8.39349805215051E-7));
#2967=CARTESIAN_POINT('Origin',(8.98999979883432,48.9399989069998,-8.39349805215051E-7));
#2968=CARTESIAN_POINT('',(8.98999979883432,47.9399989069998,-3.7000008393498));
#2969=CARTESIAN_POINT('',(8.98999979883432,47.9399989069998,-1.85000083934981));
#2970=CARTESIAN_POINT('Origin',(8.98999979883432,48.9399989069998,-3.7000008393498));
#2971=CARTESIAN_POINT('Origin',(49.000501584741,49.0015369733453,-1.85000083934985));
#2972=CARTESIAN_POINT('',(49.000501584741,46.9515369733453,-8.39349822423507E-7));
#2973=CARTESIAN_POINT('Origin',(49.000501584741,49.0015369733453,-8.39349822423507E-7));
#2974=CARTESIAN_POINT('',(49.000501584741,46.9515369733453,-3.70000083934981));
#2975=CARTESIAN_POINT('',(49.000501584741,46.9515369733453,-1.85000083934985));
#2976=CARTESIAN_POINT('Origin',(49.000501584741,49.0015369733453,-3.70000083934981));
#2977=CARTESIAN_POINT('Origin',(45.0200006705522,48.9400007301569,-5.00000083934981));
#2978=CARTESIAN_POINT('',(45.0200006705522,47.9400007301569,-8.39349821868396E-7));
#2979=CARTESIAN_POINT('Origin',(45.0200006705522,48.9400007301569,-8.39349822423507E-7));
#2980=CARTESIAN_POINT('',(45.0200006705522,47.9400007301569,-3.70000083934981));
#2981=CARTESIAN_POINT('',(45.0200006705522,47.9400007301569,-5.00000083934981));
#2982=CARTESIAN_POINT('Origin',(45.0200006705522,48.9400007301569,-3.70000083934981));
#2983=CARTESIAN_POINT('Origin',(45.0200006705522,48.9400007301569,-3.70000083934981));
#2984=CARTESIAN_POINT('',(45.7059043179766,46.6049115917526,-3.7000008393498));
#2985=CARTESIAN_POINT('',(45.7059043179766,46.6049115917526,-3.7000008393498));
#2986=CARTESIAN_POINT('',(43.2059043179766,49.1049115917526,-3.7000008393498));
#2987=CARTESIAN_POINT('Ctrl Pts',(45.7059043179766,46.6049115917526,-3.7000008393498));
#2988=CARTESIAN_POINT('Ctrl Pts',(45.6217249392639,46.6049115917526,-3.7000008393498));
#2989=CARTESIAN_POINT('Ctrl Pts',(45.5357727301677,46.6091688044524,-3.7000008393498));
#2990=CARTESIAN_POINT('Ctrl Pts',(45.4486558626986,46.6181814122354,-3.7000008393498));
#2991=CARTESIAN_POINT('Ctrl Pts',(45.3615389952295,46.6271940200185,-3.7000008393498));
#2992=CARTESIAN_POINT('Ctrl Pts',(45.2732574693876,46.6409620228849,-3.7000008393498));
#2993=CARTESIAN_POINT('Ctrl Pts',(45.1845672642802,46.6598732175811,-3.7000008393498));
#2994=CARTESIAN_POINT('Ctrl Pts',(45.0958770591728,46.6787844122772,-3.7000008393498));
#2995=CARTESIAN_POINT('Ctrl Pts',(45.0067781748,46.7028387988031,-3.7000008393498));
#2996=CARTESIAN_POINT('Ctrl Pts',(44.91814599877,46.7322666667598,-3.7000008393498));
#2997=CARTESIAN_POINT('Ctrl Pts',(44.8295138227401,46.7616945347166,-3.7000008393498));
#2998=CARTESIAN_POINT('Ctrl Pts',(44.7413483550529,46.7964958841043,-3.7000008393498));
#2999=CARTESIAN_POINT('Ctrl Pts',(44.6546042097878,46.8367016906019,-3.7000008393498));
#3000=CARTESIAN_POINT('Ctrl Pts',(44.5678600645226,46.8769074970996,-3.7000008393498));
#3001=CARTESIAN_POINT('Ctrl Pts',(44.4825372416793,46.9225177607072,-3.7000008393498));
#3002=CARTESIAN_POINT('Ctrl Pts',(44.3996111300842,46.9733377672901,-3.7000008393498));
#3003=CARTESIAN_POINT('Ctrl Pts',(44.3166850184891,47.0241577738729,-3.7000008393498));
#3004=CARTESIAN_POINT('Ctrl Pts',(44.2361556181422,47.0801875234309,-3.7000008393498));
#3005=CARTESIAN_POINT('Ctrl Pts',(44.1589523369252,47.1409998964896,-3.70000083934981));
#3006=CARTESIAN_POINT('Ctrl Pts',(44.0817490557083,47.2018122695483,-3.70000083934981));
#3007=CARTESIAN_POINT('Ctrl Pts',(44.0078718936213,47.2674072661078,-3.70000083934981));
#3008=CARTESIAN_POINT('Ctrl Pts',(43.9381358510368,47.3371432969323,-3.7000008393498));
#3009=CARTESIAN_POINT('Ctrl Pts',(43.8683998084523,47.4068793277569,-3.70000083934981));
#3010=CARTESIAN_POINT('Ctrl Pts',(43.8028048853703,47.4807563928466,-3.70000083934981));
#3011=CARTESIAN_POINT('Ctrl Pts',(43.7419925601005,47.5579595742868,-3.7000008393498));
#3012=CARTESIAN_POINT('Ctrl Pts',(43.6811802348306,47.635162755727,-3.7000008393498));
#3013=CARTESIAN_POINT('Ctrl Pts',(43.625150507373,47.7156920535177,-3.7000008393498));
#3014=CARTESIAN_POINT('Ctrl Pts',(43.5743305135577,47.7986181702283,-3.7000008393498));
#3015=CARTESIAN_POINT('Ctrl Pts',(43.5235105197424,47.881544286939,-3.7000008393498));
#3016=CARTESIAN_POINT('Ctrl Pts',(43.4779002595695,47.9668672225696,-3.7000008393498));
#3017=CARTESIAN_POINT('Ctrl Pts',(43.4376944798336,48.0536114777228,-3.7000008393498));
#3018=CARTESIAN_POINT('Ctrl Pts',(43.3974887000976,48.140355732876,-3.7000008393498));
#3019=CARTESIAN_POINT('Ctrl Pts',(43.3626874007985,48.2285213075517,-3.7000008393498));
#3020=CARTESIAN_POINT('Ctrl Pts',(43.3332595078325,48.31715347123,-3.7000008393498));
#3021=CARTESIAN_POINT('Ctrl Pts',(43.3038316148664,48.4057856349083,-3.7000008393498));
#3022=CARTESIAN_POINT('Ctrl Pts',(43.2797771282333,48.4948843875892,-3.7000008393498));
#3023=CARTESIAN_POINT('Ctrl Pts',(43.2608659121034,48.5835745448281,-3.7000008393498));
#3024=CARTESIAN_POINT('Ctrl Pts',(43.2419546959735,48.672264702067,-3.7000008393498));
#3025=CARTESIAN_POINT('Ctrl Pts',(43.2281867503468,48.7605462638639,-3.7000008393498));
#3026=CARTESIAN_POINT('Ctrl Pts',(43.2191741558476,48.8476631416071,-3.70000083934981));
#3027=CARTESIAN_POINT('Ctrl Pts',(43.2101615613484,48.9347800193503,-3.7000008393498));
#3028=CARTESIAN_POINT('Ctrl Pts',(43.2059043179766,49.0207322130399,-3.7000008393498));
#3029=CARTESIAN_POINT('Ctrl Pts',(43.2059043179766,49.1049115917526,-3.7000008393498));
#3030=CARTESIAN_POINT('',(43.2059043179766,52.4049135917526,-3.7000008393498));
#3031=CARTESIAN_POINT('',(43.2059043179766,52.4049135917526,-3.7000008393498));
#3032=CARTESIAN_POINT('',(49.0059043179766,52.4049135917526,-3.7000008393498));
#3033=CARTESIAN_POINT('',(49.0059043179766,52.4049135917526,-3.7000008393498));
#3034=CARTESIAN_POINT('Ctrl Pts',(49.0059043179766,52.4049135917526,-3.70000083934981));
#3035=CARTESIAN_POINT('Ctrl Pts',(49.1203882730258,52.4049135917526,-3.70000083934981));
#3036=CARTESIAN_POINT('Ctrl Pts',(49.2372832438507,52.3991237342644,-3.70000083934981));
#3037=CARTESIAN_POINT('Ctrl Pts',(49.3557622026727,52.3868666085355,-3.70000083934981));
#3038=CARTESIAN_POINT('Ctrl Pts',(49.4742411614946,52.3746094828065,-3.70000083934981));
#3039=CARTESIAN_POINT('Ctrl Pts',(49.5943041083135,52.3558850888368,-3.70000083934981));
#3040=CARTESIAN_POINT('Ctrl Pts',(49.7149227149284,52.3301658308557,-3.70000083934981));
#3041=CARTESIAN_POINT('Ctrl Pts',(49.8355413215434,52.3044465728746,-3.70000083934981));
#3042=CARTESIAN_POINT('Ctrl Pts',(49.9567155879543,52.2717324508822,-3.70000083934981));
#3043=CARTESIAN_POINT('Ctrl Pts',(50.0772553521781,52.2317105237244,-3.70000083934981));
#3044=CARTESIAN_POINT('Ctrl Pts',(50.1977951164019,52.1916885965667,-3.70000083934981));
#3045=CARTESIAN_POINT('Ctrl Pts',(50.3177003784385,52.1443588642436,-3.70000083934981));
#3046=CARTESIAN_POINT('Ctrl Pts',(50.4356724853329,52.0896790176621,-3.70000083934981));
#3047=CARTESIAN_POINT('Ctrl Pts',(50.5536445922274,52.0349991710806,-3.70000083934981));
#3048=CARTESIAN_POINT('Ctrl Pts',(50.6696835439797,51.9729692102407,-3.70000083934981));
#3049=CARTESIAN_POINT('Ctrl Pts',(50.7824630330062,51.9038539983261,-3.70000083934981));
#3050=CARTESIAN_POINT('Ctrl Pts',(50.8952425220327,51.8347387864116,-3.70000083934981));
#3051=CARTESIAN_POINT('Ctrl Pts',(51.0047625483333,51.7585383234224,-3.70000083934981));
#3052=CARTESIAN_POINT('Ctrl Pts',(51.1097590226763,51.6758334958566,-3.70000083934981));
#3053=CARTESIAN_POINT('Ctrl Pts',(51.2147554970193,51.5931286682908,-3.70000083934981));
#3054=CARTESIAN_POINT('Ctrl Pts',(51.3152284194046,51.5039194761483,-3.70000083934981));
#3055=CARTESIAN_POINT('Ctrl Pts',(51.410069431166,51.4090784741211,-3.70000083934981));
#3056=CARTESIAN_POINT('Ctrl Pts',(51.5049104429274,51.3142374720939,-3.70000083934981));
#3057=CARTESIAN_POINT('Ctrl Pts',(51.594119544065,51.213764660182,-3.70000083934981));
#3058=CARTESIAN_POINT('Ctrl Pts',(51.6768243085789,51.108768333167,-3.70000083934981));
#3059=CARTESIAN_POINT('Ctrl Pts',(51.7595290730929,51.003772006152,-3.70000083934981));
#3060=CARTESIAN_POINT('Ctrl Pts',(51.8357295009833,50.894252164034,-3.70000083934981));
#3061=CARTESIAN_POINT('Ctrl Pts',(51.9048446920883,50.7814726460674,-3.70000083934981));
#3062=CARTESIAN_POINT('Ctrl Pts',(51.9739598831933,50.6686931281009,-3.70000083934981));
#3063=CARTESIAN_POINT('Ctrl Pts',(52.0359898375128,50.5526539342858,-3.70000083934981));
#3064=CARTESIAN_POINT('Ctrl Pts',(52.0906696984483,50.434681746549,-3.70000083934981));
#3065=CARTESIAN_POINT('Ctrl Pts',(52.1453495593838,50.3167095588122,-3.70000083934981));
#3066=CARTESIAN_POINT('Ctrl Pts',(52.1926793269351,50.1968043771537,-3.70000083934981));
#3067=CARTESIAN_POINT('Ctrl Pts',(52.2327012606674,50.0762646350974,-3.70000083934981));
#3068=CARTESIAN_POINT('Ctrl Pts',(52.2727231943996,49.955724893041,-3.70000083934981));
#3069=CARTESIAN_POINT('Ctrl Pts',(52.3054372943126,49.8345505905868,-3.70000083934981));
#3070=CARTESIAN_POINT('Ctrl Pts',(52.3311565483153,49.7139319765848,-3.70000083934981));
#3071=CARTESIAN_POINT('Ctrl Pts',(52.356875802318,49.5933133625828,-3.70000083934981));
#3072=CARTESIAN_POINT('Ctrl Pts',(52.3756002104105,49.473250437033,-3.70000083934981));
#3073=CARTESIAN_POINT('Ctrl Pts',(52.3878573393251,49.3547714830878,-3.70000083934981));
#3074=CARTESIAN_POINT('Ctrl Pts',(52.4001144682397,49.2362925291426,-3.70000083934981));
#3075=CARTESIAN_POINT('Ctrl Pts',(52.4059043179766,49.1193975468018,-3.70000083934981));
#3076=CARTESIAN_POINT('Ctrl Pts',(52.4059043179766,49.0049135917526,-3.70000083934981));
#3077=CARTESIAN_POINT('Origin',(54.0049143179766,24.0000003576279,-11.0000001639128));
#3078=CARTESIAN_POINT('',(54.0049143179766,5.00491359175259,-8.39349823866581E-7));
#3079=CARTESIAN_POINT('',(54.0049143179766,49.0049135917526,-8.39349814096835E-7));
#3080=CARTESIAN_POINT('',(54.0049143179766,5.00491359175259,-8.30000083934983));
#3081=CARTESIAN_POINT('',(54.0049143179766,5.00491359175259,-8.30000083934983));
#3082=CARTESIAN_POINT('',(54.0049143179766,5.00491359175259,-30.1574754446035));
#3083=CARTESIAN_POINT('',(54.0049143179766,5.00491359175259,-8.30000083934983));
#3084=CARTESIAN_POINT('Origin',(54.0049143179766,27.0049140286546,-14.5050002161833));
#3085=CARTESIAN_POINT('Ctrl Pts',(5.00590431797658,52.4049135917526,-39.5000008393498));
#3086=CARTESIAN_POINT('Ctrl Pts',(5.00590431797658,52.4049135917526,-41.5000008393498));
#3087=CARTESIAN_POINT('Ctrl Pts',(4.55713327759617,52.4049135917526,-39.5000008393498));
#3088=CARTESIAN_POINT('Ctrl Pts',(4.55713327759617,52.4049135917526,-41.5000008393498));
#3089=CARTESIAN_POINT('Ctrl Pts',(4.11265186648259,52.3160975086072,-39.5000008393498));
#3090=CARTESIAN_POINT('Ctrl Pts',(4.11265186648259,52.3160975086072,-41.5000008393498));
#3091=CARTESIAN_POINT('Ctrl Pts',(3.281718855238,51.9697948638474,-39.5000008393498));
#3092=CARTESIAN_POINT('Ctrl Pts',(3.281718855238,51.9697948638474,-41.5000008393498));
#3093=CARTESIAN_POINT('Ctrl Pts',(2.90502264979498,51.7157357701169,-39.5000008393498));
#3094=CARTESIAN_POINT('Ctrl Pts',(2.90502264979498,51.7157357701169,-41.5000008393498));
#3095=CARTESIAN_POINT('Ctrl Pts',(2.28262381742624,51.0865581492929,-39.5000008393498));
#3096=CARTESIAN_POINT('Ctrl Pts',(2.28262381742624,51.0865581492929,-41.5000008393498));
#3097=CARTESIAN_POINT('Ctrl Pts',(2.03841278710602,50.7209342508192,-39.5000008393498));
#3098=CARTESIAN_POINT('Ctrl Pts',(2.03841278710602,50.7209342508192,-41.5000008393498));
#3099=CARTESIAN_POINT('Ctrl Pts',(1.69548715003926,49.9019458738443,-39.5000008393498));
#3100=CARTESIAN_POINT('Ctrl Pts',(1.69548715003926,49.9019458738443,-41.5000008393498));
#3101=CARTESIAN_POINT('Ctrl Pts',(1.60590431797658,49.455595959233,-39.5000008393498));
#3102=CARTESIAN_POINT('Ctrl Pts',(1.60590431797658,49.455595959233,-41.5000008393498));
#3103=CARTESIAN_POINT('Ctrl Pts',(1.60590431797658,49.0049135917526,-39.5000008393498));
#3104=CARTESIAN_POINT('Ctrl Pts',(1.60590431797658,49.0049135917526,-41.5000008393498));
#3105=CARTESIAN_POINT('',(5.00590431797658,52.4049135917525,-39.5000008393498));
#3106=CARTESIAN_POINT('Ctrl Pts',(1.60590431797658,49.0049135917526,-39.5000008393498));
#3107=CARTESIAN_POINT('Ctrl Pts',(1.60590431797658,49.455595959233,-39.5000008393498));
#3108=CARTESIAN_POINT('Ctrl Pts',(1.69548715003926,49.9019458738443,-39.5000008393498));
#3109=CARTESIAN_POINT('Ctrl Pts',(1.86976916006721,50.3181729653782,-39.5000008393498));
#3110=CARTESIAN_POINT('Ctrl Pts',(2.03841278710602,50.7209342508192,-39.5000008393498));
#3111=CARTESIAN_POINT('Ctrl Pts',(2.28262381742624,51.0865581492929,-39.5000008393498));
#3112=CARTESIAN_POINT('Ctrl Pts',(2.58879274815271,51.3960616852677,-39.5000008393498));
#3113=CARTESIAN_POINT('Ctrl Pts',(2.90502264979498,51.7157357701169,-39.5000008393498));
#3114=CARTESIAN_POINT('Ctrl Pts',(3.281718855238,51.9697948638474,-39.5000008393498));
#3115=CARTESIAN_POINT('Ctrl Pts',(3.697870557571,52.1432317512848,-39.5000008393498));
#3116=CARTESIAN_POINT('Ctrl Pts',(4.11265186648259,52.3160975086072,-39.5000008393498));
#3117=CARTESIAN_POINT('Ctrl Pts',(4.55713327759617,52.4049135917526,-39.5000008393498));
#3118=CARTESIAN_POINT('Ctrl Pts',(5.00590431797658,52.4049135917526,-39.5000008393498));
#3119=CARTESIAN_POINT('',(5.00590431797658,52.4049135917525,-39.5000008393498));
#3120=CARTESIAN_POINT('Ctrl Pts',(52.4059043179766,49.0049135917526,-39.5000008393498));
#3121=CARTESIAN_POINT('Ctrl Pts',(52.4059043179766,49.0049135917526,-41.5000008393498));
#3122=CARTESIAN_POINT('Ctrl Pts',(52.4059043179766,49.4536844278257,-39.5000008393498));
#3123=CARTESIAN_POINT('Ctrl Pts',(52.4059043179766,49.4536844278257,-41.5000008393498));
#3124=CARTESIAN_POINT('Ctrl Pts',(52.3170890212045,49.8981641641451,-39.5000008393498));
#3125=CARTESIAN_POINT('Ctrl Pts',(52.3170890212045,49.8981641641451,-41.5000008393498));
#3126=CARTESIAN_POINT('Ctrl Pts',(51.9707856278595,50.729098713113,-39.5000008393498));
#3127=CARTESIAN_POINT('Ctrl Pts',(51.9707856278595,50.729098713113,-41.5000008393498));
#3128=CARTESIAN_POINT('Ctrl Pts',(51.7167270842436,51.1057947282489,-39.5000008393498));
#3129=CARTESIAN_POINT('Ctrl Pts',(51.7167270842436,51.1057947282489,-41.5000008393498));
#3130=CARTESIAN_POINT('Ctrl Pts',(51.0875504054237,51.728192542125,-39.5000008393498));
#3131=CARTESIAN_POINT('Ctrl Pts',(51.0875504054237,51.728192542125,-41.5000008393498));
#3132=CARTESIAN_POINT('Ctrl Pts',(50.7219272179377,51.9724039093158,-39.5000008393498));
#3133=CARTESIAN_POINT('Ctrl Pts',(50.7219272179377,51.9724039093158,-41.5000008393498));
#3134=CARTESIAN_POINT('Ctrl Pts',(49.9029400196215,52.315329703906,-39.5000008393498));
#3135=CARTESIAN_POINT('Ctrl Pts',(49.9029400196215,52.315329703906,-41.5000008393498));
#3136=CARTESIAN_POINT('Ctrl Pts',(49.4565879842963,52.4049135917526,-39.5000008393498));
#3137=CARTESIAN_POINT('Ctrl Pts',(49.4565879842963,52.4049135917526,-41.5000008393498));
#3138=CARTESIAN_POINT('Ctrl Pts',(49.0059043179766,52.4049135917526,-39.5000008393498));
#3139=CARTESIAN_POINT('Ctrl Pts',(49.0059043179766,52.4049135917526,-41.5000008393498));
#3140=CARTESIAN_POINT('',(49.0059043179766,52.4049135917526,-39.5000008393498));
#3141=CARTESIAN_POINT('Ctrl Pts',(49.0059043179766,52.4049135917526,-39.5000008393498));
#3142=CARTESIAN_POINT('Ctrl Pts',(49.4565879842963,52.4049135917526,-39.5000008393498));
#3143=CARTESIAN_POINT('Ctrl Pts',(49.9029400196215,52.315329703906,-39.5000008393498));
#3144=CARTESIAN_POINT('Ctrl Pts',(50.3191663225295,52.1410476932133,-39.5000008393498));
#3145=CARTESIAN_POINT('Ctrl Pts',(50.7219272179377,51.9724039093158,-39.5000008393498));
#3146=CARTESIAN_POINT('Ctrl Pts',(51.0875504054237,51.728192542125,-39.5000008393498));
#3147=CARTESIAN_POINT('Ctrl Pts',(51.3970528333306,51.4220247501466,-39.5000008393498));
#3148=CARTESIAN_POINT('Ctrl Pts',(51.7167270842436,51.1057947282489,-39.5000008393498));
#3149=CARTESIAN_POINT('Ctrl Pts',(51.9707856278595,50.729098713113,-39.5000008393498));
#3150=CARTESIAN_POINT('Ctrl Pts',(52.1442225929265,50.3129469539568,-39.5000008393498));
#3151=CARTESIAN_POINT('Ctrl Pts',(52.3170890212045,49.8981641641451,-39.5000008393498));
#3152=CARTESIAN_POINT('Ctrl Pts',(52.4059043179766,49.4536844278257,-39.5000008393498));
#3153=CARTESIAN_POINT('Ctrl Pts',(52.4059043179766,49.0049135917526,-39.5000008393498));
#3154=CARTESIAN_POINT('',(49.0059043179766,52.4049135917526,-39.5000008393498));
#3155=CARTESIAN_POINT('Origin',(0.00491431797657427,54.0049135917526,-4.15000083934981));
#3156=CARTESIAN_POINT('',(5.00491431797657,54.0049135917526,-8.39349812986612E-7));
#3157=CARTESIAN_POINT('Origin',(1.60590431797658,52.4049135917526,2.9369222375733));
#3158=CARTESIAN_POINT('',(49.0059043179766,52.4049135917526,-6.7030008393498));
#3159=CARTESIAN_POINT('',(43.2059043179766,52.4049135917526,-8.39349804460446E-7));
#3160=CARTESIAN_POINT('',(43.2059043179766,52.4049135917526,-3.7000008393498));
#3161=CARTESIAN_POINT('',(10.8059043179766,52.4049135907526,-8.39349804460446E-7));
#3162=CARTESIAN_POINT('',(10.8059043179766,52.4049135917526,-8.3934981334223E-7));
#3163=CARTESIAN_POINT('',(10.8059043179766,52.4049135907526,-3.7000008393498));
#3164=CARTESIAN_POINT('',(10.8059043179766,52.4049135907526,-3.7000008393498));
#3165=CARTESIAN_POINT('',(5.00590431797658,52.4049135914193,-3.7000008393498));
#3166=CARTESIAN_POINT('',(5.00590431797658,52.4049135907526,-3.7000008393498));
#3167=CARTESIAN_POINT('',(5.00590431797658,52.4049135917526,-6.7030008393498));
#3168=CARTESIAN_POINT('Ctrl Pts',(49.0059043179766,52.4049135917526,-48.1992941834317));
#3169=CARTESIAN_POINT('Ctrl Pts',(49.0059043179766,52.4049135917526,-3.70000083934979));
#3170=CARTESIAN_POINT('Ctrl Pts',(49.1203882730258,52.4049135917526,-48.1992941834317));
#3171=CARTESIAN_POINT('Ctrl Pts',(49.1203882730258,52.4049135917526,-3.70000083934979));
#3172=CARTESIAN_POINT('Ctrl Pts',(49.3541782146757,52.3933338767762,-48.1992941834317));
#3173=CARTESIAN_POINT('Ctrl Pts',(49.3541782146757,52.3933338767762,-3.70000083934979));
#3174=CARTESIAN_POINT('Ctrl Pts',(49.7143670551324,52.3371606948671,-48.1992941834317));
#3175=CARTESIAN_POINT('Ctrl Pts',(49.7143670551324,52.337160694867,-3.70000083934979));
#3176=CARTESIAN_POINT('Ctrl Pts',(50.0778898543653,52.2390183288898,-48.1992941834317));
#3177=CARTESIAN_POINT('Ctrl Pts',(50.0778898543653,52.2390183288898,-3.70000083934979));
#3178=CARTESIAN_POINT('Ctrl Pts',(50.437605640475,52.0970291319205,-48.1992941834317));
#3179=CARTESIAN_POINT('Ctrl Pts',(50.437605640475,52.0970291319205,-3.70000083934979));
#3180=CARTESIAN_POINT('Ctrl Pts',(50.785722495732,51.9109392494008,-48.1992941834317));
#3181=CARTESIAN_POINT('Ctrl Pts',(50.785722495732,51.9109392494008,-3.70000083934979));
#3182=CARTESIAN_POINT('Ctrl Pts',(51.114282574634,51.6823378604332,-48.1992941834317));
#3183=CARTESIAN_POINT('Ctrl Pts',(51.114282574634,51.6823378604332,-3.70000083934979));
#3184=CARTESIAN_POINT('Ctrl Pts',(51.4157013417899,51.4147102840058,-48.1992941834317));
#3185=CARTESIAN_POINT('Ctrl Pts',(51.4157013417899,51.4147102840058,-3.70000083934979));
#3186=CARTESIAN_POINT('Ctrl Pts',(51.6833286452025,51.11329184827,-48.1992941834317));
#3187=CARTESIAN_POINT('Ctrl Pts',(51.6833286452025,51.11329184827,-3.70000083934979));
#3188=CARTESIAN_POINT('Ctrl Pts',(51.9119299288737,50.784732321916,-48.1992941834317));
#3189=CARTESIAN_POINT('Ctrl Pts',(51.9119299288737,50.7847323219159,-3.70000083934979));
#3190=CARTESIAN_POINT('Ctrl Pts',(52.0980197918324,50.4366147404707,-48.1992941834317));
#3191=CARTESIAN_POINT('Ctrl Pts',(52.0980197918324,50.4366147404707,-3.70000083934979));
#3192=CARTESIAN_POINT('Ctrl Pts',(52.2400090944865,50.0768991954953,-48.1992941834317));
#3193=CARTESIAN_POINT('Ctrl Pts',(52.2400090944865,50.0768991954953,-3.70000083934979));
#3194=CARTESIAN_POINT('Ctrl Pts',(52.3381513942256,49.7133762881326,-48.1992941834317));
#3195=CARTESIAN_POINT('Ctrl Pts',(52.3381513942256,49.7133762881326,-3.70000083934979));
#3196=CARTESIAN_POINT('Ctrl Pts',(52.3943246185029,49.3531875114833,-48.1992941834317));
#3197=CARTESIAN_POINT('Ctrl Pts',(52.3943246185029,49.3531875114833,-3.70000083934979));
#3198=CARTESIAN_POINT('Ctrl Pts',(52.4059043179766,49.1193975468018,-48.1992941834317));
#3199=CARTESIAN_POINT('Ctrl Pts',(52.4059043179766,49.1193975468018,-3.70000083934979));
#3200=CARTESIAN_POINT('Ctrl Pts',(52.4059043179766,49.0049135917526,-48.1992941834317));
#3201=CARTESIAN_POINT('Ctrl Pts',(52.4059043179766,49.0049135917526,-3.70000083934979));
#3202=CARTESIAN_POINT('Ctrl Pts',(54.0049143179766,5.00491359175259,-12.4500008393498));
#3203=CARTESIAN_POINT('Ctrl Pts',(54.0049143179766,5.00491359175258,7.46999916065018));
#3204=CARTESIAN_POINT('Ctrl Pts',(54.0049143179766,4.83655483432718,-12.4500008393498));
#3205=CARTESIAN_POINT('Ctrl Pts',(54.0049143179766,4.83655483432718,7.46999916065018));
#3206=CARTESIAN_POINT('Ctrl Pts',(53.9878857431009,4.49274622948919,-12.4500008393498));
#3207=CARTESIAN_POINT('Ctrl Pts',(53.9878857431009,4.49274622948919,7.46999916065019));
#3208=CARTESIAN_POINT('Ctrl Pts',(53.905276971213,3.96305639397498,-12.4500008393498));
#3209=CARTESIAN_POINT('Ctrl Pts',(53.905276971213,3.96305639397498,7.46999916065018));
#3210=CARTESIAN_POINT('Ctrl Pts',(53.7609518625919,3.42846463728119,-12.4500008393498));
#3211=CARTESIAN_POINT('Ctrl Pts',(53.7609518625919,3.42846463728118,7.46999916065019));
#3212=CARTESIAN_POINT('Ctrl Pts',(53.5869422504921,2.98763547552869,-12.4500008393498));
#3213=CARTESIAN_POINT('Ctrl Pts',(53.5869422504921,2.98763547552868,7.46999916065018));
#3214=CARTESIAN_POINT('Ctrl Pts',(53.4153144314697,2.64350237495849,-12.4500008393498));
#3215=CARTESIAN_POINT('Ctrl Pts',(53.4153144314697,2.64350237495849,7.46999916065019));
#3216=CARTESIAN_POINT('Ctrl Pts',(53.2224479569516,2.30700459992649,-12.4500008393498));
#3217=CARTESIAN_POINT('Ctrl Pts',(53.2224479569516,2.30700459992649,7.46999916065018));
#3218=CARTESIAN_POINT('Ctrl Pts',(52.9423052551551,1.90435729669439,-12.4500008393498));
#3219=CARTESIAN_POINT('Ctrl Pts',(52.9423052551551,1.90435729669439,7.46999916065018));
#3220=CARTESIAN_POINT('Ctrl Pts',(52.5487319683537,1.46109444422899,-12.4500008393498));
#3221=CARTESIAN_POINT('Ctrl Pts',(52.5487319683537,1.46109444422898,7.46999916065019));
#3222=CARTESIAN_POINT('Ctrl Pts',(52.1054712053013,1.06752488054028,-12.4500008393498));
#3223=CARTESIAN_POINT('Ctrl Pts',(52.1054712053013,1.06752488054028,7.46999916065018));
#3224=CARTESIAN_POINT('Ctrl Pts',(51.6222944639166,0.731346512424693,-12.4500008393498));
#3225=CARTESIAN_POINT('Ctrl Pts',(51.6222944639166,0.731346512424689,7.46999916065019));
#3226=CARTESIAN_POINT('Ctrl Pts',(51.1103573590877,0.457684955824886,-12.4500008393498));
#3227=CARTESIAN_POINT('Ctrl Pts',(51.1103573590877,0.457684955824882,7.46999916065018));
#3228=CARTESIAN_POINT('Ctrl Pts',(50.5813636527778,0.248877151153692,-12.4500008393498));
#3229=CARTESIAN_POINT('Ctrl Pts',(50.5813636527778,0.248877151153688,7.46999916065018));
#3230=CARTESIAN_POINT('Ctrl Pts',(50.0467712795216,0.104550250701489,-12.4500008393498));
#3231=CARTESIAN_POINT('Ctrl Pts',(50.0467712795216,0.104550250701485,7.46999916065019));
#3232=CARTESIAN_POINT('Ctrl Pts',(49.5170818143283,0.0219425572746879,-12.4500008393498));
#3233=CARTESIAN_POINT('Ctrl Pts',(49.5170818143283,0.0219425572746834,7.46999916065018));
#3234=CARTESIAN_POINT('Ctrl Pts',(49.1732730754019,0.00491359175258665,
-12.4500008393498));
#3235=CARTESIAN_POINT('Ctrl Pts',(49.1732730754019,0.00491359175258223,
7.46999916065018));
#3236=CARTESIAN_POINT('Ctrl Pts',(49.0049143179766,0.00491359175258665,
-12.4500008393498));
#3237=CARTESIAN_POINT('Ctrl Pts',(49.0049143179766,0.00491359175258223,
7.46999916065018));
#3238=CARTESIAN_POINT('',(49.0049143179766,0.00491359175258563,-3.70000083934982));
#3239=CARTESIAN_POINT('Ctrl Pts',(49.0049143179766,0.00491359175258471,
-3.70000083934982));
#3240=CARTESIAN_POINT('Ctrl Pts',(49.1732730754019,0.00491359175258471,
-3.70000083934982));
#3241=CARTESIAN_POINT('Ctrl Pts',(49.3451774448651,0.0134280745136353,-3.70000083934982));
#3242=CARTESIAN_POINT('Ctrl Pts',(49.519411207129,0.0314532647986275,-3.70000083934982));
#3243=CARTESIAN_POINT('Ctrl Pts',(49.6936449693928,0.0494784550836196,-3.70000083934982));
#3244=CARTESIAN_POINT('Ctrl Pts',(49.8702081244572,0.0770143528925533,-3.70000083934981));
#3245=CARTESIAN_POINT('Ctrl Pts',(50.0475884308654,0.11483678520572,-3.70000083934981));
#3246=CARTESIAN_POINT('Ctrl Pts',(50.2249687372737,0.152659217518888,-3.70000083934982));
#3247=CARTESIAN_POINT('Ctrl Pts',(50.4031661950258,0.20076818433629,-3.70000083934982));
#3248=CARTESIAN_POINT('Ctrl Pts',(50.5804305416201,0.259623968523523,-3.70000083934982));
#3249=CARTESIAN_POINT('Ctrl Pts',(50.7576948882145,0.318479752710756,-3.70000083934982));
#3250=CARTESIAN_POINT('Ctrl Pts',(50.9340261236511,0.388082354267819,-3.70000083934982));
#3251=CARTESIAN_POINT('Ctrl Pts',(51.1075145921742,0.468493914479652,-3.70000083934982));
#3252=CARTESIAN_POINT('Ctrl Pts',(51.2810030606973,0.548905474691486,-3.70000083934982));
#3253=CARTESIAN_POINT('Ctrl Pts',(51.451648762307,0.640125993558089,-3.70000083934981));
#3254=CARTESIAN_POINT('Ctrl Pts',(51.6175010700092,0.741765981010657,-3.70000083934982));
#3255=CARTESIAN_POINT('Ctrl Pts',(51.7833533777115,0.843405968463222,-3.70000083934982));
#3256=CARTESIAN_POINT('Ctrl Pts',(51.9444122915064,0.955465424501751,-3.70000083934982));
#3257=CARTESIAN_POINT('Ctrl Pts',(52.0988185422459,1.07709007980247,-3.70000083934982));
#3258=CARTESIAN_POINT('Ctrl Pts',(52.2044690168931,1.16031017289959,-3.70000083934982));
#3259=CARTESIAN_POINT('Ctrl Pts',(52.3070048456538,1.24800850400264,-3.70000083934982));
#3260=CARTESIAN_POINT('Ctrl Pts',(52.4059043179793,1.33977407377327,-3.70000083934982));
#3261=CARTESIAN_POINT('Ctrl Pts',(52.4059043179735,1.33977407376784,-8.30000083934983));
#3262=CARTESIAN_POINT('Ctrl Pts',(52.4515446290527,1.38212221832514,-8.30000083934983));
#3263=CARTESIAN_POINT('Ctrl Pts',(52.4964105216859,1.42533654437609,-8.30000083934983));
#3264=CARTESIAN_POINT('Ctrl Pts',(52.5404507223119,1.4693766590251,-8.30000083934983));
#3265=CARTESIAN_POINT('Ctrl Pts',(52.6799230639542,1.60884872838412,-8.30000083934983));
#3266=CARTESIAN_POINT('Ctrl Pts',(52.8111141595546,1.75660301253926,-8.30000083934983));
#3267=CARTESIAN_POINT('Ctrl Pts',(52.9327382477142,1.91100961526324,-8.30000083934983));
#3268=CARTESIAN_POINT('Ctrl Pts',(53.0543623358737,2.06541621798723,-8.30000083934983));
#3269=CARTESIAN_POINT('Ctrl Pts',(53.1664194165923,2.22647513928007,-8.30000083934983));
#3270=CARTESIAN_POINT('Ctrl Pts',(53.2680606016712,2.39232737138835,-8.30000083934983));
#3271=CARTESIAN_POINT('Ctrl Pts',(53.3188811942107,2.47525348744249,-8.30000083934983));
#3272=CARTESIAN_POINT('Ctrl Pts',(53.3670978128402,2.55937793120049,-8.30000083934983));
#3273=CARTESIAN_POINT('Ctrl Pts',(53.4126595995327,2.64445679065076,-8.30000083934983));
#3274=CARTESIAN_POINT('Ctrl Pts',(53.4582213862253,2.72953565010104,-8.30000083934983));
#3275=CARTESIAN_POINT('Ctrl Pts',(53.5011283409809,2.81556892524359,-8.30000083934983));
#3276=CARTESIAN_POINT('Ctrl Pts',(53.5413336182913,2.90231305278879,-8.30000083934983));
#3277=CARTESIAN_POINT('Ctrl Pts',(53.621744172912,3.07580130787919,-8.30000083934983));
#3278=CARTESIAN_POINT('Ctrl Pts',(53.6913480177519,3.25213297258019,-8.30000083934983));
#3279=CARTESIAN_POINT('Ctrl Pts',(53.7502041249421,3.42939743104632,-8.30000083934983));
#3280=CARTESIAN_POINT('Ctrl Pts',(53.8090602321322,3.60666188951245,-8.30000083934983));
#3281=CARTESIAN_POINT('Ctrl Pts',(53.8571686016726,3.78485914174372,-8.30000083934983));
#3282=CARTESIAN_POINT('Ctrl Pts',(53.8949909150908,3.96223940711172,-8.30000083934983));
#3283=CARTESIAN_POINT('Ctrl Pts',(53.9328132285089,4.13961967247972,-8.30000083934983));
#3284=CARTESIAN_POINT('Ctrl Pts',(53.9603494858049,4.31618295098445,-8.30000083934983));
#3285=CARTESIAN_POINT('Ctrl Pts',(53.9783747581718,4.49041674144632,-8.30000083934983));
#3286=CARTESIAN_POINT('Ctrl Pts',(53.9964000305387,4.66465053190819,-8.30000083934983));
#3287=CARTESIAN_POINT('Ctrl Pts',(54.0049143179766,4.83655483432718,-8.30000083934983));
#3288=CARTESIAN_POINT('Ctrl Pts',(54.0049143179766,5.00491359175258,-8.30000083934983));
#3289=CARTESIAN_POINT('',(49.0049143179766,0.00491359175258665,-8.39349834968811E-7));
#3290=CARTESIAN_POINT('Ctrl Pts',(54.0049143179766,5.00491359175258,-8.39349827419511E-7));
#3291=CARTESIAN_POINT('Ctrl Pts',(54.0049143179766,4.83655483432718,-8.39349827419511E-7));
#3292=CARTESIAN_POINT('Ctrl Pts',(53.9964000305387,4.66465053190819,-8.3934982228473E-7));
#3293=CARTESIAN_POINT('Ctrl Pts',(53.9783747581718,4.49041674144632,-8.39349820758173E-7));
#3294=CARTESIAN_POINT('Ctrl Pts',(53.9603494858049,4.31618295098445,-8.39349819925506E-7));
#3295=CARTESIAN_POINT('Ctrl Pts',(53.9328132285089,4.13961967247972,-8.39349823672508E-7));
#3296=CARTESIAN_POINT('Ctrl Pts',(53.8949909150908,3.96223940711172,-8.39349822978619E-7));
#3297=CARTESIAN_POINT('Ctrl Pts',(53.8571686016726,3.78485914174372,-8.39349822978619E-7));
#3298=CARTESIAN_POINT('Ctrl Pts',(53.8090602321322,3.60666188951245,-8.39349822352016E-7));
#3299=CARTESIAN_POINT('Ctrl Pts',(53.7502041249421,3.42939743104632,-8.39349822978619E-7));
#3300=CARTESIAN_POINT('Ctrl Pts',(53.6913480177519,3.25213297258019,-8.39349822911333E-7));
#3301=CARTESIAN_POINT('Ctrl Pts',(53.621744172912,3.07580130787919,-8.39349822904604E-7));
#3302=CARTESIAN_POINT('Ctrl Pts',(53.5413336182913,2.90231305278879,-8.39349820758173E-7));
#3303=CARTESIAN_POINT('Ctrl Pts',(53.5011283409809,2.81556892524359,-8.39349819268624E-7));
#3304=CARTESIAN_POINT('Ctrl Pts',(53.4582213862253,2.72953565010103,-8.39349818537727E-7));
#3305=CARTESIAN_POINT('Ctrl Pts',(53.4126595995327,2.64445679065076,-8.39349817843837E-7));
#3306=CARTESIAN_POINT('Ctrl Pts',(53.3670978128402,2.55937793120049,-8.39349818537727E-7));
#3307=CARTESIAN_POINT('Ctrl Pts',(53.3188811942107,2.47525348744249,-8.3934982228473E-7));
#3308=CARTESIAN_POINT('Ctrl Pts',(53.2680606016712,2.39232737138835,-8.39349824505176E-7));
#3309=CARTESIAN_POINT('Ctrl Pts',(53.1664194165923,2.22647513928007,-8.393498281134E-7));
#3310=CARTESIAN_POINT('Ctrl Pts',(53.0543623358737,2.06541621798723,-8.39349825800436E-7));
#3311=CARTESIAN_POINT('Ctrl Pts',(52.9327382477142,1.91100961526324,-8.39349823672508E-7));
#3312=CARTESIAN_POINT('Ctrl Pts',(52.8111141595546,1.75660301253925,-8.39349820850692E-7));
#3313=CARTESIAN_POINT('Ctrl Pts',(52.6799230639542,1.60884872838412,-8.39349820064283E-7));
#3314=CARTESIAN_POINT('Ctrl Pts',(52.5404507223119,1.4693766590251,-8.39349820064283E-7));
#3315=CARTESIAN_POINT('Ctrl Pts',(52.4009783806696,1.32990458966608,-8.39349818537727E-7));
#3316=CARTESIAN_POINT('Ctrl Pts',(52.2532247929854,1.19871473510318,-8.3934982228473E-7));
#3317=CARTESIAN_POINT('Ctrl Pts',(52.0988185422459,1.07709007980246,-8.3934982228473E-7));
#3318=CARTESIAN_POINT('Ctrl Pts',(51.9444122915064,0.955465424501751,-8.39349823672508E-7));
#3319=CARTESIAN_POINT('Ctrl Pts',(51.7833533777115,0.843405968463222,-8.39349820758173E-7));
#3320=CARTESIAN_POINT('Ctrl Pts',(51.6175010700092,0.741765981010656,-8.39349820758173E-7));
#3321=CARTESIAN_POINT('Ctrl Pts',(51.451648762307,0.640125993558089,-8.39349817843837E-7));
#3322=CARTESIAN_POINT('Ctrl Pts',(51.2810030606973,0.548905474691486,-8.39349823737271E-7));
#3323=CARTESIAN_POINT('Ctrl Pts',(51.1075145921742,0.468493914479652,-8.39349826031732E-7));
#3324=CARTESIAN_POINT('Ctrl Pts',(50.9340261236511,0.388082354267819,-8.39349829713972E-7));
#3325=CARTESIAN_POINT('Ctrl Pts',(50.7576948882145,0.318479752710755,-8.39349827419511E-7));
#3326=CARTESIAN_POINT('Ctrl Pts',(50.5804305416201,0.259623968523522,-8.39349825199065E-7));
#3327=CARTESIAN_POINT('Ctrl Pts',(50.4031661950258,0.200768184336289,-8.39349822978619E-7));
#3328=CARTESIAN_POINT('Ctrl Pts',(50.2249687372737,0.152659217518887,-8.39349820064283E-7));
#3329=CARTESIAN_POINT('Ctrl Pts',(50.0475884308654,0.11483678520572,-8.39349819925506E-7));
#3330=CARTESIAN_POINT('Ctrl Pts',(49.8702081244572,0.0770143528925525,-8.39349818537727E-7));
#3331=CARTESIAN_POINT('Ctrl Pts',(49.6936449693928,0.0494784550836188,-8.3934982228473E-7));
#3332=CARTESIAN_POINT('Ctrl Pts',(49.519411207129,0.0314532647986267,-8.39349824505176E-7));
#3333=CARTESIAN_POINT('Ctrl Pts',(49.3451774448651,0.0134280745136345,-8.39349827419511E-7));
#3334=CARTESIAN_POINT('Ctrl Pts',(49.1732730754019,0.00491359175258389,
-8.39349827419511E-7));
#3335=CARTESIAN_POINT('Ctrl Pts',(49.0049143179766,0.00491359175258389,
-8.39349827419511E-7));
#3336=CARTESIAN_POINT('',(49.0049143179766,0.00491359175258665,-8.30000083934983));
#3337=CARTESIAN_POINT('Ctrl Pts',(54.0049143179766,5.00491359175259,-8.30000083934983));
#3338=CARTESIAN_POINT('Ctrl Pts',(54.0049143179766,5.0049135917526,-41.5000008393498));
#3339=CARTESIAN_POINT('Ctrl Pts',(54.0049143179765,4.6798765108104,-8.30000083934983));
#3340=CARTESIAN_POINT('Ctrl Pts',(54.0049143179765,4.67987651081041,-41.5000008393498));
#3341=CARTESIAN_POINT('Ctrl Pts',(53.9731810932439,4.35534309216457,-8.30000083934975));
#3342=CARTESIAN_POINT('Ctrl Pts',(53.9731810932439,4.35534309216459,-41.5000008393498));
#3343=CARTESIAN_POINT('Ctrl Pts',(53.8432934384827,3.69740078222156,-8.30000083934975));
#3344=CARTESIAN_POINT('Ctrl Pts',(53.8432934384827,3.69740078222158,-41.5000008393498));
#3345=CARTESIAN_POINT('Ctrl Pts',(53.741347593837,3.3661715877168,-8.30000083934973));
#3346=CARTESIAN_POINT('Ctrl Pts',(53.741347593837,3.36617158771681,-41.5000008393497));
#3347=CARTESIAN_POINT('Ctrl Pts',(53.3549271471332,2.45742755268939,-8.30000083934973));
#3348=CARTESIAN_POINT('Ctrl Pts',(53.3549271471332,2.45742755268941,-41.5000008393497));
#3349=CARTESIAN_POINT('Ctrl Pts',(52.992904808188,1.92182992945835,-8.30000083934983));
#3350=CARTESIAN_POINT('Ctrl Pts',(52.992904808188,1.92182992945836,-41.5000008393498));
#3351=CARTESIAN_POINT('Ctrl Pts',(52.0879958037277,1.01692255588524,-8.30000083934983));
#3352=CARTESIAN_POINT('Ctrl Pts',(52.0879958037277,1.01692255588526,-41.5000008393498));
#3353=CARTESIAN_POINT('Ctrl Pts',(51.5523715808058,0.654888089652514,-8.30000083934973));
#3354=CARTESIAN_POINT('Ctrl Pts',(51.5523715808058,0.654888089652532,-41.5000008393497));
#3355=CARTESIAN_POINT('Ctrl Pts',(50.6436684792037,0.268484753299454,-8.30000083934973));
#3356=CARTESIAN_POINT('Ctrl Pts',(50.6436684792037,0.268484753299471,-41.5000008393497));
#3357=CARTESIAN_POINT('Ctrl Pts',(50.3124249945718,0.166533856892528,-8.30000083934974));
#3358=CARTESIAN_POINT('Ctrl Pts',(50.3124249945718,0.166533856892545,-41.5000008393497));
#3359=CARTESIAN_POINT('Ctrl Pts',(49.6544869555143,0.0366469982397621,-8.30000083934974));
#3360=CARTESIAN_POINT('Ctrl Pts',(49.6544869555143,0.0366469982397795,-41.5000008393497));
#3361=CARTESIAN_POINT('Ctrl Pts',(49.3299489526633,0.00491359175258608,
-8.30000083934983));
#3362=CARTESIAN_POINT('Ctrl Pts',(49.3299489526633,0.00491359175260345,
-41.5000008393498));
#3363=CARTESIAN_POINT('Ctrl Pts',(49.0049143179766,0.0049135917525862,-8.30000083934983));
#3364=CARTESIAN_POINT('Ctrl Pts',(49.0049143179766,0.00491359175260356,
-41.5000008393498));
#3365=CARTESIAN_POINT('Ctrl Pts',(52.4059043179766,1.33977407377073,-22.8895449919133));
#3366=CARTESIAN_POINT('Ctrl Pts',(52.7002886895396,1.61292365640048,-23.7256574409878));
#3367=CARTESIAN_POINT('Ctrl Pts',(52.9698952121275,1.92892026642845,-24.5544119340223));
#3368=CARTESIAN_POINT('Ctrl Pts',(53.673487463809,3.01583526908248,-27.0267663334122));
#3369=CARTESIAN_POINT('Ctrl Pts',(54.0049143179764,3.93722725089008,-28.6568118356428));
#3370=CARTESIAN_POINT('Ctrl Pts',(54.0049143179766,5.00491359175259,-30.1574754446035));
#3371=CARTESIAN_POINT('Origin',(54.0049143179766,27.0049140286546,-14.5050002161833));
#3372=CARTESIAN_POINT('Ctrl Pts',(5.00491431797657,0.00491359175259554,
-12.4500008393498));
#3373=CARTESIAN_POINT('Ctrl Pts',(5.00491431797657,0.00491359175259111,
7.46999916065018));
#3374=CARTESIAN_POINT('Ctrl Pts',(4.83655556055117,0.00491359175259554,
-12.4500008393498));
#3375=CARTESIAN_POINT('Ctrl Pts',(4.83655556055117,0.00491359175259111,
7.46999916065018));
#3376=CARTESIAN_POINT('Ctrl Pts',(4.49274694885557,0.0219421695639976,-12.4500008393498));
#3377=CARTESIAN_POINT('Ctrl Pts',(4.49274694885557,0.0219421695639932,7.46999916065019));
#3378=CARTESIAN_POINT('Ctrl Pts',(3.96305712863027,0.104550935523395,-12.4500008393498));
#3379=CARTESIAN_POINT('Ctrl Pts',(3.96305712863027,0.104550935523391,7.46999916065018));
#3380=CARTESIAN_POINT('Ctrl Pts',(3.42846535659067,0.2488760415432,-12.4500008393498));
#3381=CARTESIAN_POINT('Ctrl Pts',(3.42846535659067,0.248876041543196,7.46999916065019));
#3382=CARTESIAN_POINT('Ctrl Pts',(2.98763620609687,0.422885685907195,-12.4500008393498));
#3383=CARTESIAN_POINT('Ctrl Pts',(2.98763620609687,0.422885685907191,7.46999916065018));
#3384=CARTESIAN_POINT('Ctrl Pts',(2.64350309761137,0.594513449641001,-12.4500008393498));
#3385=CARTESIAN_POINT('Ctrl Pts',(2.64350309761137,0.594513449640997,7.46999916065019));
#3386=CARTESIAN_POINT('Ctrl Pts',(2.30700533082647,0.787379983140299,-12.4500008393498));
#3387=CARTESIAN_POINT('Ctrl Pts',(2.30700533082647,0.787379983140295,7.46999916065018));
#3388=CARTESIAN_POINT('Ctrl Pts',(1.90435801570428,1.0675226384803,-12.4500008393498));
#3389=CARTESIAN_POINT('Ctrl Pts',(1.90435801570428,1.06752263848029,7.46999916065019));
#3390=CARTESIAN_POINT('Ctrl Pts',(1.46109518467047,1.4610959537574,-12.4500008393498));
#3391=CARTESIAN_POINT('Ctrl Pts',(1.46109518467047,1.46109595375739,7.46999916065018));
#3392=CARTESIAN_POINT('Ctrl Pts',(1.06752558507657,1.90435669086179,-12.4500008393498));
#3393=CARTESIAN_POINT('Ctrl Pts',(1.06752558507657,1.90435669086179,7.46999916065018));
#3394=CARTESIAN_POINT('Ctrl Pts',(0.731347252963372,2.38753345350459,-12.4500008393498));
#3395=CARTESIAN_POINT('Ctrl Pts',(0.731347252963372,2.38753345350459,7.46999916065019));
#3396=CARTESIAN_POINT('Ctrl Pts',(0.457685675054273,2.89947054848,-12.4500008393498));
#3397=CARTESIAN_POINT('Ctrl Pts',(0.457685675054273,2.89947054847999,7.46999916065017));
#3398=CARTESIAN_POINT('Ctrl Pts',(0.248877886508572,3.4284642538341,-12.4500008393498));
#3399=CARTESIAN_POINT('Ctrl Pts',(0.248877886508572,3.4284642538341,7.46999916065019));
#3400=CARTESIAN_POINT('Ctrl Pts',(0.104550965373464,3.963056636204,-12.4500008393498));
#3401=CARTESIAN_POINT('Ctrl Pts',(0.104550965373464,3.963056636204,7.46999916065017));
#3402=CARTESIAN_POINT('Ctrl Pts',(0.0219432911709649,4.4927460899531,-12.4500008393498));
#3403=CARTESIAN_POINT('Ctrl Pts',(0.0219432911709649,4.4927460899531,7.46999916065019));
#3404=CARTESIAN_POINT('Ctrl Pts',(0.00491431797656539,4.83655483432719,
-12.4500008393498));
#3405=CARTESIAN_POINT('Ctrl Pts',(0.00491431797656539,4.83655483432719,
7.46999916065018));
#3406=CARTESIAN_POINT('Ctrl Pts',(0.00491431797656539,5.0049135917526,-12.4500008393498));
#3407=CARTESIAN_POINT('Ctrl Pts',(0.00491431797656539,5.00491359175259,
7.46999916065018));
#3408=CARTESIAN_POINT('',(5.00491431797657,0.00491359175259451,-3.70000083934983));
#3409=CARTESIAN_POINT('Ctrl Pts',(1.60590431797644,1.33793745953606,-3.70000083934982));
#3410=CARTESIAN_POINT('Ctrl Pts',(1.70419210727159,1.24683782216222,-3.70000083934982));
#3411=CARTESIAN_POINT('Ctrl Pts',(1.80606469552163,1.15975398738769,-3.70000083934982));
#3412=CARTESIAN_POINT('Ctrl Pts',(1.91101034022308,1.07708965995848,-3.70000083934982));
#3413=CARTESIAN_POINT('Ctrl Pts',(2.06541694175316,0.955465576344296,-3.70000083934982));
#3414=CARTESIAN_POINT('Ctrl Pts',(2.22647586780203,0.843408514208297,-3.70000083934983));
#3415=CARTESIAN_POINT('Ctrl Pts',(2.39232809874662,0.741767315663199,-3.70000083934982));
#3416=CARTESIAN_POINT('Ctrl Pts',(2.47525421421892,0.690946716390649,-3.70000083934982));
#3417=CARTESIAN_POINT('Ctrl Pts',(2.55937865591515,0.642730083015824,-3.70000083934982));
#3418=CARTESIAN_POINT('Ctrl Pts',(2.64445751532395,0.597168295861686,-3.70000083934982));
#3419=CARTESIAN_POINT('Ctrl Pts',(2.72953637473275,0.551606508707547,-3.70000083934982));
#3420=CARTESIAN_POINT('Ctrl Pts',(2.81556965185412,0.508699567774095,-3.70000083934982));
#3421=CARTESIAN_POINT('Ctrl Pts',(2.90231377996796,0.468494297527528,-3.70000083934982));
#3422=CARTESIAN_POINT('Ctrl Pts',(3.07580203619563,0.388083757034394,-3.70000083934983));
#3423=CARTESIAN_POINT('Ctrl Pts',(3.25213369639315,0.318479899288797,-3.70000083934982));
#3424=CARTESIAN_POINT('Ctrl Pts',(3.42939815516517,0.259623786079364,-3.70000083934982));
#3425=CARTESIAN_POINT('Ctrl Pts',(3.6066626139372,0.20076767286993,-3.70000083934982));
#3426=CARTESIAN_POINT('Ctrl Pts',(3.78485987128374,0.152659304196662,-3.70000083934982));
#3427=CARTESIAN_POINT('Ctrl Pts',(3.96224013666122,0.114836992200128,-3.70000083934982));
#3428=CARTESIAN_POINT('Ctrl Pts',(4.13962040203871,0.077014680203594,-3.70000083934982));
#3429=CARTESIAN_POINT('Ctrl Pts',(4.31618367544714,0.0494784248837948,-3.70000083934982));
#3430=CARTESIAN_POINT('Ctrl Pts',(4.49041746507525,0.0314531527710447,-3.70000083934982));
#3431=CARTESIAN_POINT('Ctrl Pts',(4.66465125470337,0.0134278806582946,-3.70000083934982));
#3432=CARTESIAN_POINT('Ctrl Pts',(4.83655556055117,0.00491359175259359,
-3.70000083934983));
#3433=CARTESIAN_POINT('Ctrl Pts',(5.00491431797657,0.00491359175259359,
-3.70000083934983));
#3434=CARTESIAN_POINT('',(5.00491431797657,0.00491359175259554,-8.39349834968811E-7));
#3435=CARTESIAN_POINT('',(5.00491431797657,0.00491359175259554,-8.30000083934983));
#3436=CARTESIAN_POINT('Ctrl Pts',(5.00491431797657,0.00491359175259277,
-8.39349834080849E-7));
#3437=CARTESIAN_POINT('Ctrl Pts',(4.83655556055117,0.00491359175259277,
-8.39349834080849E-7));
#3438=CARTESIAN_POINT('Ctrl Pts',(4.66465125470337,0.0134278806582938,-8.39349828946068E-7));
#3439=CARTESIAN_POINT('Ctrl Pts',(4.49041746507525,0.0314531527710439,-8.39349827419511E-7));
#3440=CARTESIAN_POINT('Ctrl Pts',(4.31618367544714,0.049478424883794,-8.39349826586844E-7));
#3441=CARTESIAN_POINT('Ctrl Pts',(4.13962040203871,0.0770146802035932,-8.39349830333846E-7));
#3442=CARTESIAN_POINT('Ctrl Pts',(3.96224013666122,0.114836992200127,-8.39349829639957E-7));
#3443=CARTESIAN_POINT('Ctrl Pts',(3.78485987128374,0.152659304196661,-8.39349829639957E-7));
#3444=CARTESIAN_POINT('Ctrl Pts',(3.6066626139372,0.200767672869929,-8.39349826725622E-7));
#3445=CARTESIAN_POINT('Ctrl Pts',(3.42939815516517,0.259623786079363,-8.39349825199065E-7));
#3446=CARTESIAN_POINT('Ctrl Pts',(3.25213369639315,0.318479899288796,-8.39349825199065E-7));
#3447=CARTESIAN_POINT('Ctrl Pts',(3.07580203619563,0.388083757034393,-8.39349830472624E-7));
#3448=CARTESIAN_POINT('Ctrl Pts',(2.90231377996796,0.468494297527527,-8.39349829639957E-7));
#3449=CARTESIAN_POINT('Ctrl Pts',(2.81556965185412,0.508699567774095,-8.39349828946068E-7));
#3450=CARTESIAN_POINT('Ctrl Pts',(2.72953637473275,0.551606508707546,-8.39349825892954E-7));
#3451=CARTESIAN_POINT('Ctrl Pts',(2.64445751532395,0.597168295861685,-8.39349825199065E-7));
#3452=CARTESIAN_POINT('Ctrl Pts',(2.55937865591515,0.642730083015823,-8.39349825199065E-7));
#3453=CARTESIAN_POINT('Ctrl Pts',(2.47525421421892,0.690946716390648,-8.39349828946068E-7));
#3454=CARTESIAN_POINT('Ctrl Pts',(2.39232809874662,0.741767315663198,-8.39349829639957E-7));
#3455=CARTESIAN_POINT('Ctrl Pts',(2.22647586780203,0.843408514208297,-8.39349831860403E-7));
#3456=CARTESIAN_POINT('Ctrl Pts',(2.06541694175316,0.955465576344295,-8.39349827419511E-7));
#3457=CARTESIAN_POINT('Ctrl Pts',(1.91101034022308,1.07708965995848,-8.39349825199065E-7));
#3458=CARTESIAN_POINT('Ctrl Pts',(1.75660373869301,1.19871374357266,-8.39349824505176E-7));
#3459=CARTESIAN_POINT('Ctrl Pts',(1.60884946168174,1.32990484866503,-8.39349828252178E-7));
#3460=CARTESIAN_POINT('Ctrl Pts',(1.46937738991045,1.46937719072861,-8.39349831860403E-7));
#3461=CARTESIAN_POINT('Ctrl Pts',(1.32990531813917,1.60884953279219,-8.39349834080849E-7));
#3462=CARTESIAN_POINT('Ctrl Pts',(1.19871545160787,1.75660311182699,-8.39349834080849E-7));
#3463=CARTESIAN_POINT('Ctrl Pts',(1.07709079632336,1.91100936178485,-8.39349831860403E-7));
#3464=CARTESIAN_POINT('Ctrl Pts',(0.95546614103884,2.06541561174272,-8.39349829639957E-7));
#3465=CARTESIAN_POINT('Ctrl Pts',(0.843406697001105,2.22647453262366,-8.39349825892954E-7));
#3466=CARTESIAN_POINT('Ctrl Pts',(0.741766711997388,2.39232684222669,-8.39349829639957E-7));
#3467=CARTESIAN_POINT('Ctrl Pts',(0.640126726993672,2.55817915182973,-8.39349831027736E-7));
#3468=CARTESIAN_POINT('Ctrl Pts',(0.548906201023974,2.72882485015486,-8.39349839215631E-7));
#3469=CARTESIAN_POINT('Ctrl Pts',(0.468494639948174,2.90231331687644,-8.39349838521741E-7));
#3470=CARTESIAN_POINT('Ctrl Pts',(0.388083078872374,3.07580178359803,-8.39349837827852E-7));
#3471=CARTESIAN_POINT('Ctrl Pts',(0.318480482690473,3.25213301871606,-8.39349829639957E-7));
#3472=CARTESIAN_POINT('Ctrl Pts',(0.259624697743671,3.42939736667006,-8.39349829639957E-7));
#3473=CARTESIAN_POINT('Ctrl Pts',(0.200768912796869,3.60666171462407,-8.39349829639957E-7));
#3474=CARTESIAN_POINT('Ctrl Pts',(0.152659939085166,3.78485917541403,-8.39349837827852E-7));
#3475=CARTESIAN_POINT('Ctrl Pts',(0.114837506528898,3.96223948143387,-8.39349838521741E-7));
#3476=CARTESIAN_POINT('Ctrl Pts',(0.0770150739726312,4.1396197874537,-8.39349838521741E-7));
#3477=CARTESIAN_POINT('Ctrl Pts',(0.0494791825717982,4.3161829387034,-8.39349830333846E-7));
#3478=CARTESIAN_POINT('Ctrl Pts',(0.0314539935727819,4.49041670042177,-8.39349829639957E-7));
#3479=CARTESIAN_POINT('Ctrl Pts',(0.0134288045737656,4.66465046214014,-8.39349828946068E-7));
#3480=CARTESIAN_POINT('Ctrl Pts',(0.00491431797656571,4.83655483432718,
-8.39349834080849E-7));
#3481=CARTESIAN_POINT('Ctrl Pts',(0.00491431797656538,5.00491359175258,
-8.39349834080849E-7));
#3482=CARTESIAN_POINT('Ctrl Pts',(0.00491431797656539,5.00491359175259,
-8.30000083934983));
#3483=CARTESIAN_POINT('Ctrl Pts',(0.00491431797656539,4.83655483432719,
-8.30000083934983));
#3484=CARTESIAN_POINT('Ctrl Pts',(0.0134288045737652,4.66465046214015,-8.30000083934983));
#3485=CARTESIAN_POINT('Ctrl Pts',(0.0314539935727818,4.49041670042177,-8.30000083934983));
#3486=CARTESIAN_POINT('Ctrl Pts',(0.0494791825717982,4.3161829387034,-8.30000083934983));
#3487=CARTESIAN_POINT('Ctrl Pts',(0.0770150739726311,4.1396197874537,-8.30000083934983));
#3488=CARTESIAN_POINT('Ctrl Pts',(0.114837506528899,3.96223948143387,-8.30000083934983));
#3489=CARTESIAN_POINT('Ctrl Pts',(0.152659939085166,3.78485917541404,-8.30000083934983));
#3490=CARTESIAN_POINT('Ctrl Pts',(0.200768912796869,3.60666171462407,-8.30000083934983));
#3491=CARTESIAN_POINT('Ctrl Pts',(0.259624697743671,3.42939736667007,-8.30000083934983));
#3492=CARTESIAN_POINT('Ctrl Pts',(0.318480482690473,3.25213301871606,-8.30000083934983));
#3493=CARTESIAN_POINT('Ctrl Pts',(0.388083078872374,3.07580178359803,-8.30000083934983));
#3494=CARTESIAN_POINT('Ctrl Pts',(0.468494639948174,2.90231331687644,-8.30000083934983));
#3495=CARTESIAN_POINT('Ctrl Pts',(0.548906201023974,2.72882485015486,-8.30000083934983));
#3496=CARTESIAN_POINT('Ctrl Pts',(0.640126726993672,2.55817915182973,-8.30000083934983));
#3497=CARTESIAN_POINT('Ctrl Pts',(0.741766711997388,2.3923268422267,-8.30000083934983));
#3498=CARTESIAN_POINT('Ctrl Pts',(0.843406697001105,2.22647453262366,-8.30000083934982));
#3499=CARTESIAN_POINT('Ctrl Pts',(0.955466141038839,2.06541561174273,-8.30000083934983));
#3500=CARTESIAN_POINT('Ctrl Pts',(1.07709079632336,1.91100936178486,-8.30000083934983));
#3501=CARTESIAN_POINT('Ctrl Pts',(1.19871545160787,1.75660311182699,-8.30000083934983));
#3502=CARTESIAN_POINT('Ctrl Pts',(1.32990531813917,1.6088495327922,-8.30000083934983));
#3503=CARTESIAN_POINT('Ctrl Pts',(1.46937738991045,1.46937719072862,-8.30000083934983));
#3504=CARTESIAN_POINT('Ctrl Pts',(1.5140543794465,1.42470011461003,-8.30000083934983));
#3505=CARTESIAN_POINT('Ctrl Pts',(1.55958121312829,1.3808727832823,-8.30000083934983));
#3506=CARTESIAN_POINT('Ctrl Pts',(1.60590431798002,1.33793745953274,-8.30000083934982));
#3507=CARTESIAN_POINT('Origin',(54.0049143179766,0.00491359175258665,0.124999160650159));
#3508=CARTESIAN_POINT('',(10.8059043169766,0.00491359175259276,-3.70000083934983));
#3509=CARTESIAN_POINT('',(32.4054093174766,0.00491359175259012,-3.70000083934983));
#3510=CARTESIAN_POINT('',(10.8059043169766,0.00491359175259193,-8.39349825197974E-7));
#3511=CARTESIAN_POINT('',(10.8059043169766,0.00491359175259193,0.0624991606501667));
#3512=CARTESIAN_POINT('',(23.3099143179766,0.00491359175258665,-8.39349834968811E-7));
#3513=CARTESIAN_POINT('Origin',(59.2253493828396,4.50491459175259,-3.70000083934983));
#3514=CARTESIAN_POINT('',(43.2059043184766,0.00491359175258888,-3.70000083934982));
#3515=CARTESIAN_POINT('',(53.2054093179766,0.00491359175258763,-3.70000083934982));
#3516=CARTESIAN_POINT('',(43.2059043184766,4.90491559175259,-3.70000083934982));
#3517=CARTESIAN_POINT('',(43.2059043184766,1.60491359175259,-3.70000083934982));
#3518=CARTESIAN_POINT('',(45.7059043184766,7.40491559175259,-3.70000083934982));
#3519=CARTESIAN_POINT('Ctrl Pts',(45.7059043184766,7.40491559175259,-3.70000083934982));
#3520=CARTESIAN_POINT('Ctrl Pts',(45.6217249397639,7.40491559175259,-3.70000083934982));
#3521=CARTESIAN_POINT('Ctrl Pts',(45.5357727282014,7.40065837489139,-3.70000083934982));
#3522=CARTESIAN_POINT('Ctrl Pts',(45.4486558607219,7.39164576861831,-3.70000083934982));
#3523=CARTESIAN_POINT('Ctrl Pts',(45.3615389932424,7.38263316234523,-3.70000083934982));
#3524=CARTESIAN_POINT('Ctrl Pts',(45.273257469846,7.36886516666026,-3.70000083934982));
#3525=CARTESIAN_POINT('Ctrl Pts',(45.1845672650913,7.34995396851558,-3.70000083934982));
#3526=CARTESIAN_POINT('Ctrl Pts',(45.0958770603366,7.33104277037089,-3.70000083934982));
#3527=CARTESIAN_POINT('Ctrl Pts',(45.0067781742235,7.30698836976649,-3.70000083934982));
#3528=CARTESIAN_POINT('Ctrl Pts',(44.9181459981848,7.27756050706254,-3.70000083934982));
#3529=CARTESIAN_POINT('Ctrl Pts',(44.829513822146,7.24813264435859,-3.70000083934982));
#3530=CARTESIAN_POINT('Ctrl Pts',(44.7413483561816,7.21333131955509,-3.70000083934982));
#3531=CARTESIAN_POINT('Ctrl Pts',(44.6546042116375,7.17312551296842,-3.70000083934982));
#3532=CARTESIAN_POINT('Ctrl Pts',(44.5678600670933,7.13291970638176,-3.70000083934982));
#3533=CARTESIAN_POINT('Ctrl Pts',(44.4825372439695,7.08730941801193,-3.70000083934982));
#3534=CARTESIAN_POINT('Ctrl Pts',(44.3996111305859,7.03648940640996,-3.70000083934982));
#3535=CARTESIAN_POINT('Ctrl Pts',(44.3166850172023,6.98566939480799,-3.70000083934982));
#3536=CARTESIAN_POINT('Ctrl Pts',(44.236155613559,6.92963965997389,-3.70000083934982));
#3537=CARTESIAN_POINT('Ctrl Pts',(44.1589523363056,6.8688272888466,-3.70000083934982));
#3538=CARTESIAN_POINT('Ctrl Pts',(44.0817490590522,6.80801491771932,-3.70000083934982));
#3539=CARTESIAN_POINT('Ctrl Pts',(44.0078719081886,6.74241991029886,-3.70000083934982));
#3540=CARTESIAN_POINT('Ctrl Pts',(43.9381358601802,6.67268388095408,-3.70000083934982));
#3541=CARTESIAN_POINT('Ctrl Pts',(43.8683998121718,6.60294785160929,-3.70000083934982));
#3542=CARTESIAN_POINT('Ctrl Pts',(43.8028048670185,6.52907080034019,-3.70000083934982));
#3543=CARTESIAN_POINT('Ctrl Pts',(43.7419925420614,6.45186761961717,-3.70000083934982));
#3544=CARTESIAN_POINT('Ctrl Pts',(43.6811802171043,6.37466443889416,-3.70000083934983));
#3545=CARTESIAN_POINT('Ctrl Pts',(43.6251505123435,6.29413512871722,-3.70000083934983));
#3546=CARTESIAN_POINT('Ctrl Pts',(43.5743305231511,6.21120900867649,-3.70000083934983));
#3547=CARTESIAN_POINT('Ctrl Pts',(43.5235105339587,6.12828288863576,-3.70000083934983));
#3548=CARTESIAN_POINT('Ctrl Pts',(43.4779002603347,6.04295995873122,-3.70000083934983));
#3549=CARTESIAN_POINT('Ctrl Pts',(43.4376944790175,5.9562157069227,-3.70000083934983));
#3550=CARTESIAN_POINT('Ctrl Pts',(43.3974886977004,5.86947145511418,-3.70000083934983));
#3551=CARTESIAN_POINT('Ctrl Pts',(43.3626874086901,5.78130588140169,-3.70000083934983));
#3552=CARTESIAN_POINT('Ctrl Pts',(43.3332595141681,5.69267371514919,-3.70000083934983));
#3553=CARTESIAN_POINT('Ctrl Pts',(43.3038316196462,5.60404154889669,-3.70000083934983));
#3554=CARTESIAN_POINT('Ctrl Pts',(43.2797771196126,5.51494279010419,-3.70000083934983));
#3555=CARTESIAN_POINT('Ctrl Pts',(43.2608659030281,5.42625263359261,-3.70000083934983));
#3556=CARTESIAN_POINT('Ctrl Pts',(43.2419546864436,5.33756247708102,-3.70000083934983));
#3557=CARTESIAN_POINT('Ctrl Pts',(43.2281867533081,5.24928092285036,-3.70000083934983));
#3558=CARTESIAN_POINT('Ctrl Pts',(43.2191741613163,5.16216404619642,-3.70000083934983));
#3559=CARTESIAN_POINT('Ctrl Pts',(43.2101615693246,5.07504716954249,-3.70000083934983));
#3560=CARTESIAN_POINT('Ctrl Pts',(43.2059043184766,4.98909497046529,-3.70000083934983));
#3561=CARTESIAN_POINT('Ctrl Pts',(43.2059043184766,4.90491559175258,-3.70000083934983));
#3562=CARTESIAN_POINT('',(45.7059043184766,7.40491559175259,-3.70000083934982));
#3563=CARTESIAN_POINT('Origin',(-5.21354074738642,4.5049145917526,-3.70000083934983));
#3564=CARTESIAN_POINT('',(8.30590431697657,7.4049155917526,-3.70000083934982));
#3565=CARTESIAN_POINT('',(8.30590431697657,7.4049155917526,-3.70000083934982));
#3566=CARTESIAN_POINT('',(10.8059043169766,4.90491559175259,-3.70000083934982));
#3567=CARTESIAN_POINT('Ctrl Pts',(8.30590431697658,7.4049155917526,-3.70000083934982));
#3568=CARTESIAN_POINT('Ctrl Pts',(8.39008369568928,7.4049155917526,-3.70000083934982));
#3569=CARTESIAN_POINT('Ctrl Pts',(8.47603590908927,7.4006583718331,-3.70000083934982));
#3570=CARTESIAN_POINT('Ctrl Pts',(8.56315277657837,7.39164576666563,-3.70000083934982));
#3571=CARTESIAN_POINT('Ctrl Pts',(8.65026964406747,7.38263316149817,-3.70000083934982));
#3572=CARTESIAN_POINT('Ctrl Pts',(8.73855116564567,7.36886517108273,-3.70000083934982));
#3573=CARTESIAN_POINT('Ctrl Pts',(8.82724137013754,7.34995397039593,-3.70000083934982));
#3574=CARTESIAN_POINT('Ctrl Pts',(8.9159315746294,7.33104276970913,-3.70000083934982));
#3575=CARTESIAN_POINT('Ctrl Pts',(9.00503046203494,7.30698835875097,-3.70000083934982));
#3576=CARTESIAN_POINT('Ctrl Pts',(9.09366263807682,7.2775604999323,-3.70000083934982));
#3577=CARTESIAN_POINT('Ctrl Pts',(9.18229481411871,7.24813264111363,-3.70000083934982));
#3578=CARTESIAN_POINT('Ctrl Pts',(9.27046027879694,7.21333133443446,-3.70000083934982));
#3579=CARTESIAN_POINT('Ctrl Pts',(9.35720442280964,7.17312552778323,-3.70000083934982));
#3580=CARTESIAN_POINT('Ctrl Pts',(9.44394856682234,7.132919721132,-3.70000083934982));
#3581=CARTESIAN_POINT('Ctrl Pts',(9.52927139016951,7.0873094145087,-3.70000083934982));
#3582=CARTESIAN_POINT('Ctrl Pts',(9.61219750486766,7.03648939918805,-3.70000083934982));
#3583=CARTESIAN_POINT('Ctrl Pts',(9.69512361956581,6.9856693838674,-3.70000083934982));
#3584=CARTESIAN_POINT('Ctrl Pts',(9.77565302561494,6.9296396598494,-3.70000083934982));
#3585=CARTESIAN_POINT('Ctrl Pts',(9.85285629994499,6.86882729014617,-3.70000083934982));
#3586=CARTESIAN_POINT('Ctrl Pts',(9.93005957427504,6.80801492044294,-3.70000083934982));
#3587=CARTESIAN_POINT('Ctrl Pts',(10.003936716886,6.74241990505447,-3.70000083934982));
#3588=CARTESIAN_POINT('Ctrl Pts',(10.0736727689068,6.67268387681522,-3.70000083934982));
#3589=CARTESIAN_POINT('Ctrl Pts',(10.1434088209275,6.60294784857597,-3.70000083934982));
#3590=CARTESIAN_POINT('Ctrl Pts',(10.2090037823581,6.52907080748593,-3.70000083934983));
#3591=CARTESIAN_POINT('Ctrl Pts',(10.2698161070847,6.45186762729026,-3.70000083934983));
#3592=CARTESIAN_POINT('Ctrl Pts',(10.3306284318113,6.3746644470946,-3.70000083934983));
#3593=CARTESIAN_POINT('Ctrl Pts',(10.3866581198339,6.2941351277933,-3.70000083934983));
#3594=CARTESIAN_POINT('Ctrl Pts',(10.4374781056007,6.21120900529485,-3.70000083934983));
#3595=CARTESIAN_POINT('Ctrl Pts',(10.4882980913676,6.1282828827964,-3.70000083934983));
#3596=CARTESIAN_POINT('Ctrl Pts',(10.5339083748787,6.0429599571008,-3.70000083934983));
#3597=CARTESIAN_POINT('Ctrl Pts',(10.5741141573581,5.95621570776065,-3.70000083934983));
#3598=CARTESIAN_POINT('Ctrl Pts',(10.6143199398375,5.8694714584205,-3.70000083934983));
#3599=CARTESIAN_POINT('Ctrl Pts',(10.6491212212852,5.7813058854358,-3.70000083934983));
#3600=CARTESIAN_POINT('Ctrl Pts',(10.6785491169728,5.69267371728053,-3.70000083934983));
#3601=CARTESIAN_POINT('Ctrl Pts',(10.7079770126604,5.60404154912526,-3.70000083934983));
#3602=CARTESIAN_POINT('Ctrl Pts',(10.7320315225878,5.51494278579943,-3.70000083934983));
#3603=CARTESIAN_POINT('Ctrl Pts',(10.750942739507,5.42625262982595,-3.70000083934983));
#3604=CARTESIAN_POINT('Ctrl Pts',(10.7698539564262,5.33756247385246,-3.70000083934983));
#3605=CARTESIAN_POINT('Ctrl Pts',(10.7836218803373,5.24928092523133,-3.70000083934983));
#3606=CARTESIAN_POINT('Ctrl Pts',(10.7926344704749,5.16216404938454,-3.70000083934983));
#3607=CARTESIAN_POINT('Ctrl Pts',(10.8016470606125,5.07504717353774,-3.70000083934983));
#3608=CARTESIAN_POINT('Ctrl Pts',(10.8059043169766,4.98909497046529,-3.70000083934983));
#3609=CARTESIAN_POINT('Ctrl Pts',(10.8059043169766,4.90491559175259,-3.70000083934983));
#3610=CARTESIAN_POINT('',(10.8059043169766,1.6049135917526,-3.70000083934982));
#3611=CARTESIAN_POINT('Origin',(54.0049143179766,27.0049140286546,-14.5050002161833));
#3612=CARTESIAN_POINT('Ctrl Pts',(0.00491431797656539,5.0049135917526,-30.1574754446035));
#3613=CARTESIAN_POINT('Ctrl Pts',(0.00491431797656541,3.9372395535824,-28.6568291274278));
#3614=CARTESIAN_POINT('Ctrl Pts',(0.336362649796754,3.01580745371321,-27.0266937339991));
#3615=CARTESIAN_POINT('Ctrl Pts',(1.04043181498423,1.92814302676437,-24.5526485967308));
#3616=CARTESIAN_POINT('Ctrl Pts',(1.31073911413646,1.61151613322514,-23.7219689685912));
#3617=CARTESIAN_POINT('Ctrl Pts',(1.60590431797657,1.33793745953595,-22.8839210178325));
#3618=CARTESIAN_POINT('Origin',(43.2059043184766,1.60491359175259,-1.70000083934983));
#3619=CARTESIAN_POINT('',(43.2059043169766,0.00491359175258804,-8.39349824999225E-7));
#3620=CARTESIAN_POINT('',(43.2059043169766,0.00491359175259068,-11.7682091786849));
#3621=CARTESIAN_POINT('',(43.2059043184766,1.60491359175259,-8.39349824622269E-7));
#3622=CARTESIAN_POINT('',(43.2059043169766,25.5549130912526,-8.39349809655943E-7));
#3623=CARTESIAN_POINT('',(43.2059043184766,4.90491559174768,-8.39349823889349E-7));
#3624=CARTESIAN_POINT('',(43.2059043184766,4.90491559174768,-8.39349823889349E-7));
#3625=CARTESIAN_POINT('',(43.2059043184766,4.90491559175259,-3.70000083934982));
#3626=CARTESIAN_POINT('Origin',(10.8059043169766,1.6049135917526,-1.70000083934983));
#3627=CARTESIAN_POINT('',(10.8059043169766,4.90491559175259,-8.39349823889349E-7));
#3628=CARTESIAN_POINT('',(10.8059043169766,4.90491559175259,-3.70000083934982));
#3629=CARTESIAN_POINT('',(10.8059043169766,1.6049135917526,-8.39349824622269E-7));
#3630=CARTESIAN_POINT('',(10.8059043169766,1.6049135917526,-8.39349824622269E-7));
#3631=CARTESIAN_POINT('',(10.8059043169766,25.5549130912526,-8.3934981042243E-7));
#3632=CARTESIAN_POINT('Origin',(54.0049143179766,0.00491359175258665,0.124999160650159));
#3633=CARTESIAN_POINT('',(23.3099143179766,0.00491359175258665,-8.39349834968811E-7));
#3634=CARTESIAN_POINT('Ctrl Pts',(5.00491431797657,0.00491359175259462,
-8.30000083934983));
#3635=CARTESIAN_POINT('Ctrl Pts',(5.00491431797657,0.00491359175261198,
-41.5000008393498));
#3636=CARTESIAN_POINT('Ctrl Pts',(4.67987759015379,0.00491359175259456,
-8.30000083934983));
#3637=CARTESIAN_POINT('Ctrl Pts',(4.67987759015379,0.00491359175261193,
-41.5000008393498));
#3638=CARTESIAN_POINT('Ctrl Pts',(4.35534449910934,0.0366467500005641,-8.30000083934994));
#3639=CARTESIAN_POINT('Ctrl Pts',(4.35534449910934,0.0366467500005814,-41.5000008393499));
#3640=CARTESIAN_POINT('Ctrl Pts',(3.69740281828493,0.166534137972008,-8.30000083934994));
#3641=CARTESIAN_POINT('Ctrl Pts',(3.69740281828493,0.166534137972025,-41.5000008393499));
#3642=CARTESIAN_POINT('Ctrl Pts',(3.3661741244338,0.268479720021038,-8.30000083934991));
#3643=CARTESIAN_POINT('Ctrl Pts',(3.3661741244338,0.268479720021055,-41.5000008393499));
#3644=CARTESIAN_POINT('Ctrl Pts',(2.45742909938732,0.654900126705744,-8.30000083934991));
#3645=CARTESIAN_POINT('Ctrl Pts',(2.45742909938732,0.654900126705761,-41.5000008393499));
#3646=CARTESIAN_POINT('Ctrl Pts',(1.92183125904423,1.01692251243622,-8.30000083934983));
#3647=CARTESIAN_POINT('Ctrl Pts',(1.92183125904423,1.01692251243624,-41.5000008393498));
#3648=CARTESIAN_POINT('Ctrl Pts',(1.01692257512042,1.92183281467893,-8.30000083934983));
#3649=CARTESIAN_POINT('Ctrl Pts',(1.01692257512042,1.92183281467895,-41.5000008393498));
#3650=CARTESIAN_POINT('Ctrl Pts',(0.654887875598034,2.45745783162967,-8.30000083934988));
#3651=CARTESIAN_POINT('Ctrl Pts',(0.654887875598034,2.45745783162969,-41.5000008393499));
#3652=CARTESIAN_POINT('Ctrl Pts',(0.26848496628868,3.36616101500483,-8.30000083934988));
#3653=CARTESIAN_POINT('Ctrl Pts',(0.26848496628868,3.36616101500485,-41.5000008393499));
#3654=CARTESIAN_POINT('Ctrl Pts',(0.166534240449785,3.69740425848936,-8.30000083934994));
#3655=CARTESIAN_POINT('Ctrl Pts',(0.166534240449785,3.69740425848938,-41.5000008393499));
#3656=CARTESIAN_POINT('Ctrl Pts',(0.0366476615413092,4.35534160071515,-8.30000083934994));
#3657=CARTESIAN_POINT('Ctrl Pts',(0.0366476615413092,4.35534160071516,-41.5000008393499));
#3658=CARTESIAN_POINT('Ctrl Pts',(0.00491431797656534,4.67987934028984,
-8.30000083934983));
#3659=CARTESIAN_POINT('Ctrl Pts',(0.00491431797656534,4.67987934028986,
-41.5000008393498));
#3660=CARTESIAN_POINT('Ctrl Pts',(0.00491431797656539,5.0049135917526,-8.30000083934983));
#3661=CARTESIAN_POINT('Ctrl Pts',(0.00491431797656539,5.00491359175261,
-41.5000008393498));
#3662=CARTESIAN_POINT('Origin',(-5.21354074638642,49.5049125907526,-8.39349805104462E-7));
#3663=CARTESIAN_POINT('',(10.4099143179766,1.6049135917526,-8.39349824622269E-7));
#3664=CARTESIAN_POINT('',(10.4099143179766,1.6049135917526,-8.39349824622269E-7));
#3665=CARTESIAN_POINT('',(10.4099143179766,1.3999135917526,-8.39349824667806E-7));
#3666=CARTESIAN_POINT('',(10.4099143179766,1.3999135917526,-8.39349824667806E-7));
#3667=CARTESIAN_POINT('',(4.90991431797657,1.3999135917526,-8.39349824667806E-7));
#3668=CARTESIAN_POINT('',(4.90991431797657,1.3999135917526,-8.39349824667806E-7));
#3669=CARTESIAN_POINT('',(1.40991431797657,4.8999135917526,-8.39349823890433E-7));
#3670=CARTESIAN_POINT('Ctrl Pts',(1.40991431797657,4.8999135917526,-8.39349828180219E-7));
#3671=CARTESIAN_POINT('Ctrl Pts',(1.40991431797657,4.7820624615548,-8.39349828180219E-7));
#3672=CARTESIAN_POINT('Ctrl Pts',(1.41587441976307,4.66172936645125,-8.39349828180219E-7));
#3673=CARTESIAN_POINT('Ctrl Pts',(1.42849206920454,4.53976575198501,-8.39349826309288E-7));
#3674=CARTESIAN_POINT('Ctrl Pts',(1.441109718646,4.41780213751877,-8.39349824088842E-7));
#3675=CARTESIAN_POINT('Ctrl Pts',(1.46038491574244,4.29420800368983,-8.39349821328704E-7));
#3676=CARTESIAN_POINT('Ctrl Pts',(1.48686059163564,4.17004171687818,-8.39349821313284E-7));
#3677=CARTESIAN_POINT('Ctrl Pts',(1.51333626752884,4.04587543006653,-8.39349821709058E-7));
#3678=CARTESIAN_POINT('Ctrl Pts',(1.5470124222188,3.92113699027216,-8.39349823516909E-7));
#3679=CARTESIAN_POINT('Ctrl Pts',(1.5882114323064,3.797051943821,-8.3934982353373E-7));
#3680=CARTESIAN_POINT('Ctrl Pts',(1.629410442394,3.67296689736983,-8.39349823900067E-7));
#3681=CARTESIAN_POINT('Ctrl Pts',(1.67813230787923,3.54953524426186,-8.39349820758173E-7));
#3682=CARTESIAN_POINT('Ctrl Pts',(1.73442043706185,3.42809344158449,-8.39349820758173E-7));
#3683=CARTESIAN_POINT('Ctrl Pts',(1.79070856624447,3.30665163890713,-8.39349821169367E-7));
#3684=CARTESIAN_POINT('Ctrl Pts',(1.85456295912447,3.18719968666036,-8.39349824500036E-7));
#3685=CARTESIAN_POINT('Ctrl Pts',(1.92571097316609,3.07110312870527,-8.39349826309288E-7));
#3686=CARTESIAN_POINT('Ctrl Pts',(1.99685898720771,2.95500657075017,-8.39349828324137E-7));
#3687=CARTESIAN_POINT('Ctrl Pts',(2.07530062241094,2.84226540708673,-8.39349828324137E-7));
#3688=CARTESIAN_POINT('Ctrl Pts',(2.16043794283457,2.73418081719681,-8.393498268644E-7));
#3689=CARTESIAN_POINT('Ctrl Pts',(2.24557526325821,2.6260962273069,-8.39349825404662E-7));
#3690=CARTESIAN_POINT('Ctrl Pts',(2.33740826890224,2.5226682111905,-8.39349821545315E-7));
#3691=CARTESIAN_POINT('Ctrl Pts',(2.43503871063602,2.4250377463559,-8.39349822978619E-7));
#3692=CARTESIAN_POINT('Ctrl Pts',(2.5326691523698,2.3274072815213,-8.3934982461752E-7));
#3693=CARTESIAN_POINT('Ctrl Pts',(2.63609703019334,2.2355743679685,-8.39349831860403E-7));
#3694=CARTESIAN_POINT('Ctrl Pts',(2.74418148351914,2.15043711289173,-8.39349831860403E-7));
#3695=CARTESIAN_POINT('Ctrl Pts',(2.85226593684494,2.06529985781496,-8.39349831860403E-7));
#3696=CARTESIAN_POINT('Ctrl Pts',(2.96500696567301,1.98685826121423,-8.39349824664513E-7));
#3697=CARTESIAN_POINT('Ctrl Pts',(3.08110353227186,1.91571027431738,-8.39349824643953E-7));
#3698=CARTESIAN_POINT('Ctrl Pts',(3.19720009887071,1.84456228742053,-8.39349824068282E-7));
#3699=CARTESIAN_POINT('Ctrl Pts',(3.31665220324034,1.78070791022757,-8.39349831305292E-7));
#3700=CARTESIAN_POINT('Ctrl Pts',(3.43809415723681,1.72441981707485,-8.39349831305292E-7));
#3701=CARTESIAN_POINT('Ctrl Pts',(3.55953611123327,1.66813172392214,-8.39349831860403E-7));
#3702=CARTESIAN_POINT('Ctrl Pts',(3.68296791485658,1.61940991480967,-8.39349825199065E-7));
#3703=CARTESIAN_POINT('Ctrl Pts',(3.80705294648219,1.57821086316425,-8.39349825199065E-7));
#3704=CARTESIAN_POINT('Ctrl Pts',(3.93113797810781,1.53701181151883,-8.3934982484955E-7));
#3705=CARTESIAN_POINT('Ctrl Pts',(4.05587623773574,1.50333551734047,-8.39349831860403E-7));
#3706=CARTESIAN_POINT('Ctrl Pts',(4.18004245717074,1.47685981432102,-8.39349831860403E-7));
#3707=CARTESIAN_POINT('Ctrl Pts',(4.30420867660574,1.45038411130156,-8.39349831860403E-7));
#3708=CARTESIAN_POINT('Ctrl Pts',(4.4278028558478,1.43110899944103,-8.39349825199065E-7));
#3709=CARTESIAN_POINT('Ctrl Pts',(4.54976648364106,1.41849136955379,-8.39349824088842E-7));
#3710=CARTESIAN_POINT('Ctrl Pts',(4.67173011143432,1.40587373966655,-8.39349823328134E-7));
#3711=CARTESIAN_POINT('Ctrl Pts',(4.79206318777877,1.3999135917526,-8.39349828529734E-7));
#3712=CARTESIAN_POINT('Ctrl Pts',(4.90991431797657,1.3999135917526,-8.39349828529734E-7));
#3713=CARTESIAN_POINT('',(1.40991431797657,7.3999135917526,-8.39349823335321E-7));
#3714=CARTESIAN_POINT('',(1.40991431797657,7.3999135917526,-8.39349823335321E-7));
#3715=CARTESIAN_POINT('',(1.60590431697657,7.3999135917526,-8.39349823335321E-7));
#3716=CARTESIAN_POINT('',(1.60590431697657,7.3999135917526,-8.39349823335321E-7));
#3717=CARTESIAN_POINT('',(1.60590431697657,7.4049155917526,-8.39349823334237E-7));
#3718=CARTESIAN_POINT('',(1.60590431797658,46.6099135917526,-8.3934980574631E-7));
#3719=CARTESIAN_POINT('',(1.60590431797658,46.6099135917526,-8.3934980574631E-7));
#3720=CARTESIAN_POINT('',(1.40991431797658,46.6099135917526,-8.3934980574631E-7));
#3721=CARTESIAN_POINT('',(1.60590431797658,46.6099135917526,-8.3934980574631E-7));
#3722=CARTESIAN_POINT('',(1.40991431797658,49.1099135917526,-8.39349805191198E-7));
#3723=CARTESIAN_POINT('',(1.40991431797658,46.6099135917526,-8.3934980574631E-7));
#3724=CARTESIAN_POINT('',(4.90991431797658,52.6099135917526,-8.39349804414909E-7));
#3725=CARTESIAN_POINT('Ctrl Pts',(1.40991431797658,49.1099135917526,-8.3934980854572E-7));
#3726=CARTESIAN_POINT('Ctrl Pts',(1.40991431797658,49.2277647219504,-8.3934980854572E-7));
#3727=CARTESIAN_POINT('Ctrl Pts',(1.41587441661238,49.3480978151891,-8.3934980854572E-7));
#3728=CARTESIAN_POINT('Ctrl Pts',(1.42849206719749,49.4700614296477,-8.3934980854572E-7));
#3729=CARTESIAN_POINT('Ctrl Pts',(1.44110971778261,49.5920250441063,-8.3934980854572E-7));
#3730=CARTESIAN_POINT('Ctrl Pts',(1.46038492031704,49.7156191797847,-8.3934980854572E-7));
#3731=CARTESIAN_POINT('Ctrl Pts',(1.48686059360004,49.839785466863,-8.3934980854572E-7));
#3732=CARTESIAN_POINT('Ctrl Pts',(1.51333626688304,49.9639517539413,-8.3934980854572E-7));
#3733=CARTESIAN_POINT('Ctrl Pts',(1.54701241091461,50.0886901924194,-8.3934980854572E-7));
#3734=CARTESIAN_POINT('Ctrl Pts',(1.58821142497677,50.2127752388636,-8.3934980854572E-7));
#3735=CARTESIAN_POINT('Ctrl Pts',(1.62941043903894,50.3368602853078,-8.3934980854572E-7));
#3736=CARTESIAN_POINT('Ctrl Pts',(1.67813232313171,50.4602919397181,-8.3934980854572E-7));
#3737=CARTESIAN_POINT('Ctrl Pts',(1.73442045224688,50.5817337429412,-8.39349808340123E-7));
#3738=CARTESIAN_POINT('Ctrl Pts',(1.79070858136205,50.7031755461643,-8.39349808340123E-7));
#3739=CARTESIAN_POINT('Ctrl Pts',(1.85456295549961,50.8226274982003,-8.39349808340123E-7));
#3740=CARTESIAN_POINT('Ctrl Pts',(1.9257109657441,50.9387240548013,-8.39349810272733E-7));
#3741=CARTESIAN_POINT('Ctrl Pts',(1.99685897598858,51.0548206114024,-8.39349812081986E-7));
#3742=CARTESIAN_POINT('Ctrl Pts',(2.07530062233998,51.1675617725686,-8.39349815412655E-7));
#3743=CARTESIAN_POINT('Ctrl Pts',(2.16043794422547,51.2756463654583,-8.39349813192209E-7));
#3744=CARTESIAN_POINT('Ctrl Pts',(2.24557526611095,51.383730958348,-8.39349811321277E-7));
#3745=CARTESIAN_POINT('Ctrl Pts',(2.33740826353051,51.4871589829613,-8.39349804659939E-7));
#3746=CARTESIAN_POINT('Ctrl Pts',(2.4350387063829,51.5847894436919,-8.3934980396091E-7));
#3747=CARTESIAN_POINT('Ctrl Pts',(2.53266914923528,51.6824199044226,-8.39349804659939E-7));
#3748=CARTESIAN_POINT('Ctrl Pts',(2.63609703752048,51.7742528012705,-8.39349811321277E-7));
#3749=CARTESIAN_POINT('Ctrl Pts',(2.74418149138923,51.859390056584,-8.39349811321277E-7));
#3750=CARTESIAN_POINT('Ctrl Pts',(2.85226594525798,51.9445273118976,-8.39349811732471E-7));
#3751=CARTESIAN_POINT('Ctrl Pts',(2.96500696471028,52.0229689256767,-8.39349804659939E-7));
#3752=CARTESIAN_POINT('Ctrl Pts',(3.0811035287889,52.0941169160708,-8.39349804947775E-7));
#3753=CARTESIAN_POINT('Ctrl Pts',(3.19720009286751,52.1652649064649,-8.39349804947775E-7));
#3754=CARTESIAN_POINT('Ctrl Pts',(3.31665220157244,52.229119273474,-8.39349812020306E-7));
#3755=CARTESIAN_POINT('Ctrl Pts',(3.43809415810018,52.2854073654296,-8.39349813480044E-7));
#3756=CARTESIAN_POINT('Ctrl Pts',(3.55953611462791,52.3416954573852,-8.39349815350976E-7));
#3757=CARTESIAN_POINT('Ctrl Pts',(3.68296791897845,52.3904172742873,-8.39349812020306E-7));
#3758=CARTESIAN_POINT('Ctrl Pts',(3.80705294865618,52.4316163247569,-8.39349809450346E-7));
#3759=CARTESIAN_POINT('Ctrl Pts',(3.93113797833391,52.4728153752265,-8.39349807990608E-7));
#3760=CARTESIAN_POINT('Ctrl Pts',(4.05587623333884,52.5064916592636,-8.39349807990608E-7));
#3761=CARTESIAN_POINT('Ctrl Pts',(4.18004245332416,52.5329673619389,-8.39349807641094E-7));
#3762=CARTESIAN_POINT('Ctrl Pts',(4.30420867330947,52.5594430646142,-8.39349807990608E-7));
#3763=CARTESIAN_POINT('Ctrl Pts',(4.42780285827518,52.5787181859277,-8.39349807990608E-7));
#3764=CARTESIAN_POINT('Ctrl Pts',(4.5497664868925,52.5913358177123,-8.39349808340123E-7));
#3765=CARTESIAN_POINT('Ctrl Pts',(4.67173011550983,52.6039534494969,-8.39349808340123E-7));
#3766=CARTESIAN_POINT('Ctrl Pts',(4.79206318777878,52.6099135917526,-8.39349807990608E-7));
#3767=CARTESIAN_POINT('Ctrl Pts',(4.90991431797658,52.6099135917526,-8.39349807990608E-7));
#3768=CARTESIAN_POINT('',(10.4099143179766,52.6099135917526,-8.39349804414909E-7));
#3769=CARTESIAN_POINT('',(4.90991431797658,52.6099135917526,-8.39349804414909E-7));
#3770=CARTESIAN_POINT('',(10.4099143179766,52.4049135907526,-8.39349804460446E-7));
#3771=CARTESIAN_POINT('',(10.4099143179766,52.6099135917526,-8.39349804414909E-7));
#3772=CARTESIAN_POINT('',(10.8059043179766,52.4049135907526,-8.39349804460446E-7));
#3773=CARTESIAN_POINT('',(43.6099143179766,52.4049135917526,-8.39349804460446E-7));
#3774=CARTESIAN_POINT('',(43.6099143179766,52.4049135917526,-8.39349804460446E-7));
#3775=CARTESIAN_POINT('',(43.6099143179766,52.6199135917526,-8.39349804412741E-7));
#3776=CARTESIAN_POINT('',(43.6099143179766,52.6199135917526,-8.39349804412741E-7));
#3777=CARTESIAN_POINT('',(49.1099143179766,52.6199135917526,-8.39349804412741E-7));
#3778=CARTESIAN_POINT('',(49.1099143179766,52.6199135917526,-8.39349804412741E-7));
#3779=CARTESIAN_POINT('',(52.6099143179766,49.1199135917526,-8.3934980518903E-7));
#3780=CARTESIAN_POINT('Ctrl Pts',(52.6099143179766,49.1199135917526,-8.3934980854572E-7));
#3781=CARTESIAN_POINT('Ctrl Pts',(52.6099143179766,49.2377647219504,-8.3934980854572E-7));
#3782=CARTESIAN_POINT('Ctrl Pts',(52.603954222924,49.3580978130873,-8.3934980854572E-7));
#3783=CARTESIAN_POINT('Ctrl Pts',(52.5913365710352,49.4800614275387,-8.3934980854572E-7));
#3784=CARTESIAN_POINT('Ctrl Pts',(52.5787189191463,49.6020250419901,-8.3934980854572E-7));
#3785=CARTESIAN_POINT('Ctrl Pts',(52.5594437104211,49.7256191797558,-8.3934980854572E-7));
#3786=CARTESIAN_POINT('Ctrl Pts',(52.5329680401007,49.8497854671345,-8.3934980854572E-7));
#3787=CARTESIAN_POINT('Ctrl Pts',(52.5064923697802,49.9739517545132,-8.3934980854572E-7));
#3788=CARTESIAN_POINT('Ctrl Pts',(52.4728162378645,50.0986901915049,-8.3934980854572E-7));
#3789=CARTESIAN_POINT('Ctrl Pts',(52.4316172193011,50.2227752379387,-8.3934980854572E-7));
#3790=CARTESIAN_POINT('Ctrl Pts',(52.3904182007378,50.3468602843724,-8.3934980854572E-7));
#3791=CARTESIAN_POINT('Ctrl Pts',(52.3416962955269,50.4702919402483,-8.3934980854572E-7));
#3792=CARTESIAN_POINT('Ctrl Pts',(52.2854081664891,50.5917337440909,-8.39349808340123E-7));
#3793=CARTESIAN_POINT('Ctrl Pts',(52.2291200374513,50.7131755479336,-8.39349808340123E-7));
#3794=CARTESIAN_POINT('Ctrl Pts',(52.1652656845867,50.8326274997431,-8.39349808340123E-7));
#3795=CARTESIAN_POINT('Ctrl Pts',(52.0941176786377,50.9487240548044,-8.39349810272733E-7));
#3796=CARTESIAN_POINT('Ctrl Pts',(52.0229696726887,51.0648206098657,-8.39349812081986E-7));
#3797=CARTESIAN_POINT('Ctrl Pts',(51.9445280136553,51.1775617681789,-8.39349815412655E-7));
#3798=CARTESIAN_POINT('Ctrl Pts',(51.8593906901109,51.2856463644721,-8.39349812637097E-7));
#3799=CARTESIAN_POINT('Ctrl Pts',(51.7742533665664,51.3937309607653,-8.39349810766166E-7));
#3800=CARTESIAN_POINT('Ctrl Pts',(51.6824203785109,51.4971589950387,-8.39349804104828E-7));
#3801=CARTESIAN_POINT('Ctrl Pts',(51.5847899344,51.594789451122,-8.39349804310424E-7));
#3802=CARTESIAN_POINT('Ctrl Pts',(51.4871594902892,51.6924199072053,-8.39349805009454E-7));
#3803=CARTESIAN_POINT('Ctrl Pts',(51.3837315901229,51.7842527850985,-8.39349811670792E-7));
#3804=CARTESIAN_POINT('Ctrl Pts',(51.2756471356369,51.8693900406808,-8.39349813130529E-7));
#3805=CARTESIAN_POINT('Ctrl Pts',(51.1675626811508,51.954527296263,-8.39349815001461E-7));
#3806=CARTESIAN_POINT('Ctrl Pts',(51.054821672345,52.0329689295344,-8.39349811670792E-7));
#3807=CARTESIAN_POINT('Ctrl Pts',(50.9387251111246,52.1041169238844,-8.39349810211054E-7));
#3808=CARTESIAN_POINT('Ctrl Pts',(50.8226285499042,52.1752649182345,-8.39349808340123E-7));
#3809=CARTESIAN_POINT('Ctrl Pts',(50.7031764362693,52.2391192736632,-8.39349807990608E-7));
#3810=CARTESIAN_POINT('Ctrl Pts',(50.5817344768708,52.2954073642576,-8.39349808340123E-7));
#3811=CARTESIAN_POINT('Ctrl Pts',(50.4602925174722,52.351695454852,-8.39349807990608E-7));
#3812=CARTESIAN_POINT('Ctrl Pts',(50.33686071231,52.4004172806119,-8.39349807990608E-7));
#3813=CARTESIAN_POINT('Ctrl Pts',(50.2127756848392,52.4416163297612,-8.39349808340123E-7));
#3814=CARTESIAN_POINT('Ctrl Pts',(50.0886906573683,52.4828153789105,-8.39349807990608E-7));
#3815=CARTESIAN_POINT('Ctrl Pts',(49.9639524075889,52.5164916514491,-8.39349807990608E-7));
#3816=CARTESIAN_POINT('Ctrl Pts',(49.8397861869805,52.5429673537334,-8.39349807641094E-7));
#3817=CARTESIAN_POINT('Ctrl Pts',(49.7156199663721,52.5694430560177,-8.39349807990608E-7));
#3818=CARTESIAN_POINT('Ctrl Pts',(49.5920257749347,52.5887181880477,-8.39349807990608E-7));
#3819=CARTESIAN_POINT('Ctrl Pts',(49.4700621453852,52.6013358219814,-8.39349808340123E-7));
#3820=CARTESIAN_POINT('Ctrl Pts',(49.3480985158358,52.6139534559152,-8.39349808340123E-7));
#3821=CARTESIAN_POINT('Ctrl Pts',(49.2277654481743,52.6199135917526,-8.39349807990608E-7));
#3822=CARTESIAN_POINT('Ctrl Pts',(49.1099143179766,52.6199135917526,-8.39349807990608E-7));
#3823=CARTESIAN_POINT('',(52.6099143179766,46.6199135917526,-8.39349805744141E-7));
#3824=CARTESIAN_POINT('',(52.6099143179766,46.6199135917526,-8.39349805744141E-7));
#3825=CARTESIAN_POINT('',(52.4059043179766,46.6199135917526,-8.39349805744141E-7));
#3826=CARTESIAN_POINT('',(52.4059043179766,46.6199135917526,-8.39349805744141E-7));
#3827=CARTESIAN_POINT('',(52.4059043179766,46.6049115917526,-8.39349805748478E-7));
#3828=CARTESIAN_POINT('',(52.6099143179766,7.40991359175259,-8.39349823333153E-7));
#3829=CARTESIAN_POINT('',(52.4059043179766,7.40991359175259,-8.39349823333153E-7));
#3830=CARTESIAN_POINT('',(52.6099143179766,4.90991359175259,-8.39349823888265E-7));
#3831=CARTESIAN_POINT('',(52.6099143179766,7.40991359175259,-8.39349823333153E-7));
#3832=CARTESIAN_POINT('',(49.1099143179766,1.40991359175259,-8.39349824664553E-7));
#3833=CARTESIAN_POINT('Ctrl Pts',(52.6099143179766,4.90991359175259,-8.39349827769026E-7));
#3834=CARTESIAN_POINT('Ctrl Pts',(52.6099143179766,4.79206246155479,-8.39349827769026E-7));
#3835=CARTESIAN_POINT('Ctrl Pts',(52.6039542193408,4.67172936831614,-8.39349827769026E-7));
#3836=CARTESIAN_POINT('Ctrl Pts',(52.5913365687557,4.54976575385756,-8.39349827625108E-7));
#3837=CARTESIAN_POINT('Ctrl Pts',(52.5787189181706,4.42780213939899,-8.39349827625108E-7));
#3838=CARTESIAN_POINT('Ctrl Pts',(52.5594437156361,4.30420800372048,-8.39349827625108E-7));
#3839=CARTESIAN_POINT('Ctrl Pts',(52.5329680423531,4.18004171664218,-8.39349827830705E-7));
#3840=CARTESIAN_POINT('Ctrl Pts',(52.5064923690701,4.05587542956388,-8.39349827830705E-7));
#3841=CARTESIAN_POINT('Ctrl Pts',(52.4728162250385,3.93113699108578,-8.39349828402638E-7));
#3842=CARTESIAN_POINT('Ctrl Pts',(52.4316172109763,3.8070519446416,-8.39349826453206E-7));
#3843=CARTESIAN_POINT('Ctrl Pts',(52.3904181969142,3.68296689819742,-8.39349824976647E-7));
#3844=CARTESIAN_POINT('Ctrl Pts',(52.3416963128215,3.55953524378715,-8.39349821331788E-7));
#3845=CARTESIAN_POINT('Ctrl Pts',(52.2854081837063,3.43809344056404,-8.39349821724478E-7));
#3846=CARTESIAN_POINT('Ctrl Pts',(52.2291200545911,3.31665163734092,-8.39349821705974E-7));
#3847=CARTESIAN_POINT('Ctrl Pts',(52.1652656804535,3.19719968530496,-8.39349825075707E-7));
#3848=CARTESIAN_POINT('Ctrl Pts',(52.094117670209,3.08110312870389,-8.39349827213914E-7));
#3849=CARTESIAN_POINT('Ctrl Pts',(52.0229696599646,2.96500657210282,-8.39349829064286E-7));
#3850=CARTESIAN_POINT('Ctrl Pts',(51.9445280136132,2.85226541093665,-8.39349827951493E-7));
#3851=CARTESIAN_POINT('Ctrl Pts',(51.8593906917277,2.7441808180469,-8.39349827974623E-7));
#3852=CARTESIAN_POINT('Ctrl Pts',(51.7742533698422,2.63609622515715,-8.39349828408946E-7));
#3853=CARTESIAN_POINT('Ctrl Pts',(51.6824203724226,2.53266820054382,-8.39349828940928E-7));
#3854=CARTESIAN_POINT('Ctrl Pts',(51.5847899295702,2.43503773981322,-8.3934982811854E-7));
#3855=CARTESIAN_POINT('Ctrl Pts',(51.4871594867179,2.33740727908262,-8.3934982811854E-7));
#3856=CARTESIAN_POINT('Ctrl Pts',(51.3837315984327,2.24557438223475,-8.39349828650522E-7));
#3857=CARTESIAN_POINT('Ctrl Pts',(51.2756471445639,2.16043712692122,-8.39349827419511E-7));
#3858=CARTESIAN_POINT('Ctrl Pts',(51.1675626906952,2.07529987160769,-8.39349825982903E-7));
#3859=CARTESIAN_POINT('Ctrl Pts',(51.0548216712428,1.99685825782849,-8.39349822608545E-7));
#3860=CARTESIAN_POINT('Ctrl Pts',(50.9387251071642,1.92571026743437,-8.39349823739327E-7));
#3861=CARTESIAN_POINT('Ctrl Pts',(50.8226285430856,1.85456227704026,-8.39349825219625E-7));
#3862=CARTESIAN_POINT('Ctrl Pts',(50.7031764343807,1.79070791003122,-8.39349831305292E-7));
#3863=CARTESIAN_POINT('Ctrl Pts',(50.5817344778529,1.73441981807562,-8.39349831860403E-7));
#3864=CARTESIAN_POINT('Ctrl Pts',(50.4602925213252,1.67813172612002,-8.39349831860403E-7));
#3865=CARTESIAN_POINT('Ctrl Pts',(50.3368607169746,1.62940990921786,-8.39349825199065E-7));
#3866=CARTESIAN_POINT('Ctrl Pts',(50.2127756872969,1.58821085874824,-8.39349825199065E-7));
#3867=CARTESIAN_POINT('Ctrl Pts',(50.0886906576192,1.54701180827862,-8.3934982484955E-7));
#3868=CARTESIAN_POINT('Ctrl Pts',(49.9639524026143,1.51333552424155,-8.39349831320711E-7));
#3869=CARTESIAN_POINT('Ctrl Pts',(49.839786182629,1.48685982156627,-8.39349831305292E-7));
#3870=CARTESIAN_POINT('Ctrl Pts',(49.7156199626437,1.46038411889099,-8.39349831289872E-7));
#3871=CARTESIAN_POINT('Ctrl Pts',(49.5920257776779,1.44110899757749,-8.39349825199065E-7));
#3872=CARTESIAN_POINT('Ctrl Pts',(49.4700621490606,1.42849136579289,-8.39349823677648E-7));
#3873=CARTESIAN_POINT('Ctrl Pts',(49.3480985204433,1.41587373400829,-8.39349823328134E-7));
#3874=CARTESIAN_POINT('Ctrl Pts',(49.2277654481743,1.40991359175259,-8.39349828529734E-7));
#3875=CARTESIAN_POINT('Ctrl Pts',(49.1099143179766,1.40991359175259,-8.39349828529734E-7));
#3876=CARTESIAN_POINT('',(43.6099143179766,1.40991359175259,-8.39349824664553E-7));
#3877=CARTESIAN_POINT('',(49.1099143179766,1.40991359175259,-8.39349824664553E-7));
#3878=CARTESIAN_POINT('',(43.6099143179766,1.60491359175259,-8.39349824622269E-7));
#3879=CARTESIAN_POINT('',(43.6099143179766,1.40991359175259,-8.39349824664553E-7));
#3880=CARTESIAN_POINT('',(43.2059043184766,1.60491359175259,-8.39349824622269E-7));
#3881=CARTESIAN_POINT('Origin',(48.9915376995692,49.2199135917526,0.499999160650193));
#3882=CARTESIAN_POINT('',(50.9007260087729,51.1291019009563,-8.39349804743423E-7));
#3883=CARTESIAN_POINT('',(48.9915376995692,51.9199135917526,-8.39349804567782E-7));
#3884=CARTESIAN_POINT('Origin',(48.9915376995692,49.2199135917526,-8.39350344735736E-7));
#3885=CARTESIAN_POINT('',(50.9007260087729,51.1291019009563,0.999999160650195));
#3886=CARTESIAN_POINT('',(50.9007260087729,51.1291019009563,0.499999160650191));
#3887=CARTESIAN_POINT('',(48.9915376995692,51.9199135917526,0.999999160650195));
#3888=CARTESIAN_POINT('Origin',(48.9915376995692,49.2199135917526,0.99999916065013));
#3889=CARTESIAN_POINT('',(48.9915376995692,51.9199135917526,0.499999160650207));
#3890=CARTESIAN_POINT('Origin',(-5.21354074638642,49.5049125907526,-8.39349805104462E-7));
#3891=CARTESIAN_POINT('',(43.6099143179766,51.9199135917526,-8.3934981122912E-7));
#3892=CARTESIAN_POINT('',(43.5099143179766,51.9199135917526,-8.39349804567782E-7));
#3893=CARTESIAN_POINT('',(43.6099143179766,52.4049135917526,-8.39349804460446E-7));
#3894=CARTESIAN_POINT('',(43.2059043179766,49.1049115917526,-8.39349805193366E-7));
#3895=CARTESIAN_POINT('',(43.2059043179766,52.4049135917526,-8.39349804460446E-7));
#3896=CARTESIAN_POINT('',(45.7059043179815,46.6049115917526,-8.39349805748478E-7));
#3897=CARTESIAN_POINT('Ctrl Pts',(43.2059043179766,49.1049115917526,-8.39349806325274E-7));
#3898=CARTESIAN_POINT('Ctrl Pts',(43.2059043179766,49.0207322130399,-8.39349806325274E-7));
#3899=CARTESIAN_POINT('Ctrl Pts',(43.2101615613484,48.9347800193503,-8.39349806325274E-7));
#3900=CARTESIAN_POINT('Ctrl Pts',(43.2191741558476,48.8476631416071,-8.39349806908852E-7));
#3901=CARTESIAN_POINT('Ctrl Pts',(43.2281867503468,48.7605462638639,-8.39349806325274E-7));
#3902=CARTESIAN_POINT('Ctrl Pts',(43.2419546959735,48.672264702067,-8.39349806325274E-7));
#3903=CARTESIAN_POINT('Ctrl Pts',(43.2608659121034,48.5835745448281,-8.39349806851918E-7));
#3904=CARTESIAN_POINT('Ctrl Pts',(43.2797771282333,48.4948843875892,-8.39349806325274E-7));
#3905=CARTESIAN_POINT('Ctrl Pts',(43.3038316148664,48.4057856349083,-8.39349806325274E-7));
#3906=CARTESIAN_POINT('Ctrl Pts',(43.3332595078325,48.31715347123,-8.39349806382208E-7));
#3907=CARTESIAN_POINT('Ctrl Pts',(43.3626874007985,48.2285213075517,-8.39349806268339E-7));
#3908=CARTESIAN_POINT('Ctrl Pts',(43.3974887000976,48.140355732876,-8.39349806268339E-7));
#3909=CARTESIAN_POINT('Ctrl Pts',(43.4376944798336,48.0536114777228,-8.39349805741695E-7));
#3910=CARTESIAN_POINT('Ctrl Pts',(43.4779002595695,47.9668672225696,-8.39349805215051E-7));
#3911=CARTESIAN_POINT('Ctrl Pts',(43.5235105197424,47.881544286939,-8.39349805215051E-7));
#3912=CARTESIAN_POINT('Ctrl Pts',(43.5743305135577,47.7986181702283,-8.39349805798629E-7));
#3913=CARTESIAN_POINT('Ctrl Pts',(43.625150507373,47.7156920535177,-8.39349806268339E-7));
#3914=CARTESIAN_POINT('Ctrl Pts',(43.6811802348306,47.635162755727,-8.39349806268339E-7));
#3915=CARTESIAN_POINT('Ctrl Pts',(43.7419925601005,47.5579595742868,-8.39349806268339E-7));
#3916=CARTESIAN_POINT('Ctrl Pts',(43.8028048853703,47.4807563928466,-8.39349807435497E-7));
#3917=CARTESIAN_POINT('Ctrl Pts',(43.8683998084523,47.4068793277569,-8.39349807435497E-7));
#3918=CARTESIAN_POINT('Ctrl Pts',(43.9381358510368,47.3371432969323,-8.39349807492431E-7));
#3919=CARTESIAN_POINT('Ctrl Pts',(44.0078718936213,47.2674072661078,-8.39349807435497E-7));
#3920=CARTESIAN_POINT('Ctrl Pts',(44.0817490557083,47.2018122695483,-8.39349807435497E-7));
#3921=CARTESIAN_POINT('Ctrl Pts',(44.1589523369252,47.1409998964896,-8.39349807435497E-7));
#3922=CARTESIAN_POINT('Ctrl Pts',(44.2361556181422,47.0801875234309,-8.39349805798629E-7));
#3923=CARTESIAN_POINT('Ctrl Pts',(44.3166850184891,47.0241577738729,-8.39349805798629E-7));
#3924=CARTESIAN_POINT('Ctrl Pts',(44.3996111300842,46.9733377672901,-8.39349806382208E-7));
#3925=CARTESIAN_POINT('Ctrl Pts',(44.4825372416793,46.9225177607072,-8.39349806325274E-7));
#3926=CARTESIAN_POINT('Ctrl Pts',(44.5678600645226,46.8769074970996,-8.39349805741695E-7));
#3927=CARTESIAN_POINT('Ctrl Pts',(44.6546042097878,46.8367016906019,-8.39349806325274E-7));
#3928=CARTESIAN_POINT('Ctrl Pts',(44.7413483550529,46.7964958841043,-8.39349805741695E-7));
#3929=CARTESIAN_POINT('Ctrl Pts',(44.8295138227401,46.7616945347166,-8.39349805741695E-7));
#3930=CARTESIAN_POINT('Ctrl Pts',(44.91814599877,46.7322666667598,-8.39349806268339E-7));
#3931=CARTESIAN_POINT('Ctrl Pts',(45.0067781748,46.7028387988031,-8.39349806268339E-7));
#3932=CARTESIAN_POINT('Ctrl Pts',(45.0958770591728,46.6787844122772,-8.39349806268339E-7));
#3933=CARTESIAN_POINT('Ctrl Pts',(45.1845672642802,46.6598732175811,-8.39349806325274E-7));
#3934=CARTESIAN_POINT('Ctrl Pts',(45.2732574693876,46.6409620228849,-8.39349805798629E-7));
#3935=CARTESIAN_POINT('Ctrl Pts',(45.3615389952295,46.6271940200185,-8.39349805798629E-7));
#3936=CARTESIAN_POINT('Ctrl Pts',(45.4486558626986,46.6181814122354,-8.39349805798629E-7));
#3937=CARTESIAN_POINT('Ctrl Pts',(45.5357727301677,46.6091688044524,-8.39349806325274E-7));
#3938=CARTESIAN_POINT('Ctrl Pts',(45.6217249392639,46.6049115917526,-8.39349806268339E-7));
#3939=CARTESIAN_POINT('Ctrl Pts',(45.7059043179766,46.6049115917526,-8.39349806268339E-7));
#3940=CARTESIAN_POINT('',(45.7059043179815,46.6049115917526,-8.39349805748478E-7));
#3941=CARTESIAN_POINT('',(51.9099143179766,46.6199135917526,-8.39349805744141E-7));
#3942=CARTESIAN_POINT('',(52.1099143179766,46.6199135917526,-8.39349805744141E-7));
#3943=CARTESIAN_POINT('',(51.9099143179766,49.0015369733453,-8.39349805216135E-7));
#3944=CARTESIAN_POINT('',(51.9099143179766,50.0199135917526,-8.39349804989536E-7));
#3945=CARTESIAN_POINT('',(51.1191026271802,50.9107252825489,-8.39349804792212E-7));
#3946=CARTESIAN_POINT('Origin',(49.2099143179766,49.0015369733453,-8.39349845184164E-7));
#3947=CARTESIAN_POINT('',(50.0099143179766,52.0199135917526,-8.39349804546098E-7));
#3948=CARTESIAN_POINT('Origin',(52.0099143179766,51.9199135917526,0.499999160650195));
#3949=CARTESIAN_POINT('',(43.6099143179766,51.9199135917526,0.999999160650195));
#3950=CARTESIAN_POINT('',(43.5099143179766,51.9199135917526,0.999999160650195));
#3951=CARTESIAN_POINT('',(43.6099143179766,51.9199135917526,-8.39349804567782E-7));
#3952=CARTESIAN_POINT('Origin',(48.1099143179766,60.9774001094642,0.999999160650197));
#3953=CARTESIAN_POINT('',(51.1191026271803,50.9107252825489,0.999999160650195));
#3954=CARTESIAN_POINT('',(52.0099143179766,50.0199135917526,0.999999160650195));
#3955=CARTESIAN_POINT('',(51.9099143179766,49.0015369733453,0.999999160650195));
#3956=CARTESIAN_POINT('Origin',(49.2099143179766,49.0015369733453,0.999999160650209));
#3957=CARTESIAN_POINT('',(51.9099143179766,46.6199135917526,0.999999160650194));
#3958=CARTESIAN_POINT('',(51.9099143179766,50.0199135917526,0.999999160650195));
#3959=CARTESIAN_POINT('',(52.6099143179766,46.6199135917526,0.999999160650194));
#3960=CARTESIAN_POINT('',(52.1099143179766,46.6199135917526,0.999999160650194));
#3961=CARTESIAN_POINT('',(52.6099143179766,49.1199135917526,0.999999160650195));
#3962=CARTESIAN_POINT('',(52.6099143179766,46.6199135917526,0.999999160650194));
#3963=CARTESIAN_POINT('',(49.1099143179766,52.6199135917526,0.999999160650195));
#3964=CARTESIAN_POINT('Ctrl Pts',(49.1099143179766,52.6199135917526,0.999999160650195));
#3965=CARTESIAN_POINT('Ctrl Pts',(49.2277654481743,52.6199135917526,0.999999160650195));
#3966=CARTESIAN_POINT('Ctrl Pts',(49.3480985158358,52.6139534559152,0.999999160650195));
#3967=CARTESIAN_POINT('Ctrl Pts',(49.4700621453852,52.6013358219814,0.999999160650195));
#3968=CARTESIAN_POINT('Ctrl Pts',(49.5920257749347,52.5887181880477,0.999999160650195));
#3969=CARTESIAN_POINT('Ctrl Pts',(49.7156199663721,52.5694430560177,0.999999160650195));
#3970=CARTESIAN_POINT('Ctrl Pts',(49.8397861869805,52.5429673537334,0.999999160650195));
#3971=CARTESIAN_POINT('Ctrl Pts',(49.9639524075889,52.5164916514491,0.999999160650195));
#3972=CARTESIAN_POINT('Ctrl Pts',(50.0886906573683,52.4828153789105,0.999999160650195));
#3973=CARTESIAN_POINT('Ctrl Pts',(50.2127756848392,52.4416163297612,0.999999160650195));
#3974=CARTESIAN_POINT('Ctrl Pts',(50.33686071231,52.4004172806119,0.999999160650195));
#3975=CARTESIAN_POINT('Ctrl Pts',(50.4602925174722,52.351695454852,0.999999160650196));
#3976=CARTESIAN_POINT('Ctrl Pts',(50.5817344768708,52.2954073642576,0.999999160650195));
#3977=CARTESIAN_POINT('Ctrl Pts',(50.7031764362693,52.2391192736632,0.999999160650195));
#3978=CARTESIAN_POINT('Ctrl Pts',(50.8226285499042,52.1752649182345,0.999999160650194));
#3979=CARTESIAN_POINT('Ctrl Pts',(50.9387251111246,52.1041169238844,0.999999160650193));
#3980=CARTESIAN_POINT('Ctrl Pts',(51.054821672345,52.0329689295344,0.999999160650191));
#3981=CARTESIAN_POINT('Ctrl Pts',(51.1675626811508,51.954527296263,0.999999160650188));
#3982=CARTESIAN_POINT('Ctrl Pts',(51.2756471356369,51.8693900406808,0.99999916065019));
#3983=CARTESIAN_POINT('Ctrl Pts',(51.3837315901229,51.7842527850985,0.999999160650191));
#3984=CARTESIAN_POINT('Ctrl Pts',(51.4871594902892,51.6924199072053,0.999999160650198));
#3985=CARTESIAN_POINT('Ctrl Pts',(51.5847899344,51.594789451122,0.999999160650199));
#3986=CARTESIAN_POINT('Ctrl Pts',(51.6824203785109,51.4971589950387,0.999999160650199));
#3987=CARTESIAN_POINT('Ctrl Pts',(51.7742533665664,51.3937309607653,0.999999160650192));
#3988=CARTESIAN_POINT('Ctrl Pts',(51.8593906901108,51.2856463644721,0.99999916065019));
#3989=CARTESIAN_POINT('Ctrl Pts',(51.9445280136553,51.1775617681789,0.999999160650188));
#3990=CARTESIAN_POINT('Ctrl Pts',(52.0229696726887,51.0648206098657,0.999999160650191));
#3991=CARTESIAN_POINT('Ctrl Pts',(52.0941176786377,50.9487240548044,0.999999160650192));
#3992=CARTESIAN_POINT('Ctrl Pts',(52.1652656845867,50.8326274997431,0.999999160650194));
#3993=CARTESIAN_POINT('Ctrl Pts',(52.2291200374513,50.7131755479336,0.999999160650194));
#3994=CARTESIAN_POINT('Ctrl Pts',(52.2854081664891,50.5917337440909,0.999999160650195));
#3995=CARTESIAN_POINT('Ctrl Pts',(52.3416962955269,50.4702919402483,0.999999160650195));
#3996=CARTESIAN_POINT('Ctrl Pts',(52.3904182007378,50.3468602843724,0.999999160650195));
#3997=CARTESIAN_POINT('Ctrl Pts',(52.4316172193011,50.2227752379387,0.999999160650195));
#3998=CARTESIAN_POINT('Ctrl Pts',(52.4728162378645,50.0986901915049,0.999999160650195));
#3999=CARTESIAN_POINT('Ctrl Pts',(52.5064923697802,49.9739517545132,0.999999160650195));
#4000=CARTESIAN_POINT('Ctrl Pts',(52.5329680401007,49.8497854671345,0.999999160650195));
#4001=CARTESIAN_POINT('Ctrl Pts',(52.5594437104211,49.7256191797558,0.999999160650195));
#4002=CARTESIAN_POINT('Ctrl Pts',(52.5787189191463,49.6020250419901,0.999999160650194));
#4003=CARTESIAN_POINT('Ctrl Pts',(52.5913365710352,49.4800614275387,0.999999160650194));
#4004=CARTESIAN_POINT('Ctrl Pts',(52.603954222924,49.3580978130873,0.999999160650194));
#4005=CARTESIAN_POINT('Ctrl Pts',(52.6099143179766,49.2377647219504,0.999999160650195));
#4006=CARTESIAN_POINT('Ctrl Pts',(52.6099143179766,49.1199135917526,0.999999160650195));
#4007=CARTESIAN_POINT('',(43.6099143179766,52.6199135917526,0.999999160650195));
#4008=CARTESIAN_POINT('',(49.1099143179766,52.6199135917526,0.999999160650195));
#4009=CARTESIAN_POINT('',(43.6099143179766,52.6199135917526,0.999999160650195));
#4010=CARTESIAN_POINT('Origin',(50.0099143179766,52.0199135917526,0.499999160650195));
#4011=CARTESIAN_POINT('',(51.1191026271803,50.9107252825489,0.499999160650192));
#4012=CARTESIAN_POINT('Origin',(49.2099143179766,49.0015369733453,0.499999160650194));
#4013=CARTESIAN_POINT('',(51.9099143179766,49.0015369733453,0.499999160650194));
#4014=CARTESIAN_POINT('Origin',(51.9099143179766,46.5199135917526,0.499999160650194));
#4015=CARTESIAN_POINT('',(51.9099143179766,46.6199135917526,-8.39349805744141E-7));
#4016=CARTESIAN_POINT('Origin',(4.80991431797657,48.9915369733453,0.499999160650194));
#4017=CARTESIAN_POINT('',(2.90072600877294,50.900725282549,-8.39349803684157E-7));
#4018=CARTESIAN_POINT('',(2.10991431797657,48.9915369733453,-8.39349805218303E-7));
#4019=CARTESIAN_POINT('Origin',(4.80991431797657,48.9915369733453,-8.39349805218303E-7));
#4020=CARTESIAN_POINT('',(2.90072600877298,50.900725282549,0.999999160650195));
#4021=CARTESIAN_POINT('',(2.90072600877294,50.900725282549,0.499999160650195));
#4022=CARTESIAN_POINT('',(2.10991431797657,48.9915369733453,0.999999160650195));
#4023=CARTESIAN_POINT('Origin',(4.80991431797657,48.9915369733453,0.999999160650195));
#4024=CARTESIAN_POINT('',(2.10991431797657,48.9915369733453,0.499999160650194));
#4025=CARTESIAN_POINT('Origin',(-5.21354074638642,49.5049125907526,-8.39349805104462E-7));
#4026=CARTESIAN_POINT('',(2.10991431797657,46.6099135917526,-8.3934980574631E-7));
#4027=CARTESIAN_POINT('',(2.10991431797657,46.5099135917526,-8.39349805769078E-7));
#4028=CARTESIAN_POINT('',(1.60590431797658,46.6099135917526,-8.3934980574631E-7));
#4029=CARTESIAN_POINT('',(8.30590431797659,46.6049115907526,-8.39349805748478E-7));
#4030=CARTESIAN_POINT('',(1.60590431797658,46.6049115907526,-8.39349805748478E-7));
#4031=CARTESIAN_POINT('',(10.8059043179766,49.1049115907575,-8.39349805193366E-7));
#4032=CARTESIAN_POINT('Ctrl Pts',(8.30590431797659,46.6049115907526,-8.39349806268339E-7));
#4033=CARTESIAN_POINT('Ctrl Pts',(8.39008369668928,46.6049115907526,-8.39349806268339E-7));
#4034=CARTESIAN_POINT('Ctrl Pts',(8.47603590786463,46.6091688069649,-8.39349806325274E-7));
#4035=CARTESIAN_POINT('Ctrl Pts',(8.56315277534227,46.618181413473,-8.39349806325274E-7));
#4036=CARTESIAN_POINT('Ctrl Pts',(8.65026964281992,46.6271940199811,-8.39349805798629E-7));
#4037=CARTESIAN_POINT('Ctrl Pts',(8.73855116659985,46.6409620167851,-8.39349805798629E-7));
#4038=CARTESIAN_POINT('Ctrl Pts',(8.82724137140995,46.6598732143913,-8.39349806325274E-7));
#4039=CARTESIAN_POINT('Ctrl Pts',(8.91593157622005,46.6787844119974,-8.39349806268339E-7));
#4040=CARTESIAN_POINT('Ctrl Pts',(9.00503046206032,46.7028388104057,-8.39349806268339E-7));
#4041=CARTESIAN_POINT('Ctrl Pts',(9.09366263809802,46.7322666739313,-8.39349806325274E-7));
#4042=CARTESIAN_POINT('Ctrl Pts',(9.18229481413572,46.7616945374569,-8.39349805741695E-7));
#4043=CARTESIAN_POINT('Ctrl Pts',(9.27046028037085,46.7964958660998,-8.39349805741695E-7));
#4044=CARTESIAN_POINT('Ctrl Pts',(9.35720442502759,46.8367016726726,-8.39349806325274E-7));
#4045=CARTESIAN_POINT('Ctrl Pts',(9.44394856968432,46.8769074792455,-8.39349805741695E-7));
#4046=CARTESIAN_POINT('Ctrl Pts',(9.52927139276265,46.9225177637483,-8.39349806325274E-7));
#4047=CARTESIAN_POINT('Ctrl Pts',(9.61219750586731,46.9733377745646,-8.39349806325274E-7));
#4048=CARTESIAN_POINT('Ctrl Pts',(9.69512361897198,47.0241577853808,-8.39349805798629E-7));
#4049=CARTESIAN_POINT('Ctrl Pts',(9.77565302210298,47.0801875225104,-8.39349805798629E-7));
#4050=CARTESIAN_POINT('Ctrl Pts',(9.85285629997555,47.1409998939394,-8.39349806325274E-7));
#4051=CARTESIAN_POINT('Ctrl Pts',(9.93005957784812,47.2018122653683,-8.39349807435497E-7));
#4052=CARTESIAN_POINT('Ctrl Pts',(10.0039367304622,47.2674072710966,-8.39349807435497E-7));
#4053=CARTESIAN_POINT('Ctrl Pts',(10.0736727776222,47.337143300674,-8.39349807435497E-7));
#4054=CARTESIAN_POINT('Ctrl Pts',(10.1434088247821,47.4068793302514,-8.39349807435497E-7));
#4055=CARTESIAN_POINT('Ctrl Pts',(10.2090037664879,47.4807563836778,-8.39349807435497E-7));
#4056=CARTESIAN_POINT('Ctrl Pts',(10.2698160914938,47.5579595645127,-8.39349807435497E-7));
#4057=CARTESIAN_POINT('Ctrl Pts',(10.3306284164997,47.6351627453476,-8.39349806268339E-7));
#4058=CARTESIAN_POINT('Ctrl Pts',(10.3866581248058,47.7156920535909,-8.39349806268339E-7));
#4059=CARTESIAN_POINT('Ctrl Pts',(10.437478114722,47.7986181731112,-8.39349806325274E-7));
#4060=CARTESIAN_POINT('Ctrl Pts',(10.4882981046381,47.8815442926316,-8.39349805215051E-7));
#4061=CARTESIAN_POINT('Ctrl Pts',(10.5339083761644,47.9668672234291,-8.39349805215051E-7));
#4062=CARTESIAN_POINT('Ctrl Pts',(10.574114157235,48.0536114757602,-8.39349805215051E-7));
#4063=CARTESIAN_POINT('Ctrl Pts',(10.6143199383055,48.1403557280914,-8.39349806268339E-7));
#4064=CARTESIAN_POINT('Ctrl Pts',(10.6491212289203,48.2285213019562,-8.39349806268339E-7));
#4065=CARTESIAN_POINT('Ctrl Pts',(10.6785491231973,48.3171534678061,-8.39349806325274E-7));
#4066=CARTESIAN_POINT('Ctrl Pts',(10.7079770174744,48.4057856336561,-8.39349806325274E-7));
#4067=CARTESIAN_POINT('Ctrl Pts',(10.7320315154138,48.4948843914912,-8.39349806325274E-7));
#4068=CARTESIAN_POINT('Ctrl Pts',(10.7509427319273,48.5835745481166,-8.39349806325274E-7));
#4069=CARTESIAN_POINT('Ctrl Pts',(10.7698539484409,48.6722647047419,-8.39349806325274E-7));
#4070=CARTESIAN_POINT('Ctrl Pts',(10.7836218835288,48.7605462601576,-8.39349806353741E-7));
#4071=CARTESIAN_POINT('Ctrl Pts',(10.7926344759127,48.8476631369821,-8.39349806325274E-7));
#4072=CARTESIAN_POINT('Ctrl Pts',(10.8016470682966,48.9347800138066,-8.39349806296806E-7));
#4073=CARTESIAN_POINT('Ctrl Pts',(10.8059043179766,49.0207322120399,-8.39349806325274E-7));
#4074=CARTESIAN_POINT('Ctrl Pts',(10.8059043179766,49.1049115907526,-8.39349806325274E-7));
#4075=CARTESIAN_POINT('',(10.8059043179766,49.1049115907575,-8.39349805193366E-7));
#4076=CARTESIAN_POINT('',(10.4099143179766,51.9099135917526,-8.3934980456995E-7));
#4077=CARTESIAN_POINT('',(10.4099143179766,52.1099135917526,-8.39349804525498E-7));
#4078=CARTESIAN_POINT('',(5.02829093638389,51.9099135917526,-8.3934980456995E-7));
#4079=CARTESIAN_POINT('',(4.00991431797658,51.9099135917526,-8.3934980456995E-7));
#4080=CARTESIAN_POINT('',(3.11910262718029,51.1191019009563,-8.39349804745591E-7));
#4081=CARTESIAN_POINT('Origin',(5.02829093638389,49.2099135917526,-8.39349805169514E-7));
#4082=CARTESIAN_POINT('',(1.10280030163569,49.1027995754119,-8.39349804083143E-7));
#4083=CARTESIAN_POINT('Origin',(2.10991431797657,46.5099135917526,0.499999160650194));
#4084=CARTESIAN_POINT('',(2.10991431797657,46.6099135917526,0.999999160650194));
#4085=CARTESIAN_POINT('',(2.10991431797657,50.0099135917526,0.999999160650195));
#4086=CARTESIAN_POINT('',(2.10991431797657,46.6099135917526,-8.3934980574631E-7));
#4087=CARTESIAN_POINT('Origin',(5.90991431797658,60.9674001094642,0.999999160650197));
#4088=CARTESIAN_POINT('',(3.11910262718029,51.1191019009563,0.999999160650195));
#4089=CARTESIAN_POINT('',(2.00991431797657,50.0099135917526,0.999999160650195));
#4090=CARTESIAN_POINT('',(5.02829093638389,51.9099135917526,0.999999160650195));
#4091=CARTESIAN_POINT('Origin',(5.02829093638389,49.2099135917526,0.999999160650195));
#4092=CARTESIAN_POINT('',(10.4099143179766,51.9099135917526,0.999999160650195));
#4093=CARTESIAN_POINT('',(10.5099143179766,51.9099135917526,0.999999160650195));
#4094=CARTESIAN_POINT('',(10.4099143179766,52.6099135917526,0.999999160650195));
#4095=CARTESIAN_POINT('',(10.4099143179766,52.6099135917526,0.999999160650195));
#4096=CARTESIAN_POINT('',(4.90991431797658,52.6099135917526,0.999999160650195));
#4097=CARTESIAN_POINT('',(4.90991431797658,52.6099135917526,0.999999160650195));
#4098=CARTESIAN_POINT('',(1.40991431797658,49.1099135917526,0.999999160650195));
#4099=CARTESIAN_POINT('Ctrl Pts',(4.90991431797658,52.6099135917526,0.999999160650193));
#4100=CARTESIAN_POINT('Ctrl Pts',(4.79206318777878,52.6099135917526,0.999999160650193));
#4101=CARTESIAN_POINT('Ctrl Pts',(4.67173011550983,52.6039534494969,0.999999160650193));
#4102=CARTESIAN_POINT('Ctrl Pts',(4.5497664868925,52.5913358177123,0.999999160650193));
#4103=CARTESIAN_POINT('Ctrl Pts',(4.42780285827518,52.5787181859277,0.999999160650193));
#4104=CARTESIAN_POINT('Ctrl Pts',(4.30420867330947,52.5594430646142,0.999999160650193));
#4105=CARTESIAN_POINT('Ctrl Pts',(4.18004245332416,52.5329673619389,0.999999160650193));
#4106=CARTESIAN_POINT('Ctrl Pts',(4.05587623333884,52.5064916592636,0.999999160650193));
#4107=CARTESIAN_POINT('Ctrl Pts',(3.93113797833391,52.4728153752265,0.999999160650193));
#4108=CARTESIAN_POINT('Ctrl Pts',(3.80705294865618,52.4316163247569,0.999999160650191));
#4109=CARTESIAN_POINT('Ctrl Pts',(3.68296791897845,52.3904172742873,0.999999160650189));
#4110=CARTESIAN_POINT('Ctrl Pts',(3.55953611462791,52.3416954573852,0.999999160650185));
#4111=CARTESIAN_POINT('Ctrl Pts',(3.43809415810018,52.2854073654296,0.999999160650187));
#4112=CARTESIAN_POINT('Ctrl Pts',(3.31665220157244,52.229119273474,0.999999160650188));
#4113=CARTESIAN_POINT('Ctrl Pts',(3.19720009286751,52.1652649064649,0.999999160650196));
#4114=CARTESIAN_POINT('Ctrl Pts',(3.0811035287889,52.0941169160708,0.999999160650197));
#4115=CARTESIAN_POINT('Ctrl Pts',(2.96500696471028,52.0229689256767,0.999999160650197));
#4116=CARTESIAN_POINT('Ctrl Pts',(2.85226594525798,51.9445273118976,0.99999916065019));
#4117=CARTESIAN_POINT('Ctrl Pts',(2.74418149138922,51.859390056584,0.999999160650191));
#4118=CARTESIAN_POINT('Ctrl Pts',(2.63609703752048,51.7742528012705,0.999999160650191));
#4119=CARTESIAN_POINT('Ctrl Pts',(2.53266914923528,51.6824199044226,0.999999160650197));
#4120=CARTESIAN_POINT('Ctrl Pts',(2.43503870638289,51.5847894436919,0.999999160650197));
#4121=CARTESIAN_POINT('Ctrl Pts',(2.33740826353051,51.4871589829613,0.999999160650197));
#4122=CARTESIAN_POINT('Ctrl Pts',(2.24557526611095,51.383730958348,0.999999160650191));
#4123=CARTESIAN_POINT('Ctrl Pts',(2.16043794422547,51.2756463654583,0.999999160650188));
#4124=CARTESIAN_POINT('Ctrl Pts',(2.07530062233998,51.1675617725686,0.999999160650186));
#4125=CARTESIAN_POINT('Ctrl Pts',(1.99685897598858,51.0548206114024,0.999999160650189));
#4126=CARTESIAN_POINT('Ctrl Pts',(1.9257109657441,50.9387240548013,0.99999916065019));
#4127=CARTESIAN_POINT('Ctrl Pts',(1.85456295549961,50.8226274982003,0.999999160650192));
#4128=CARTESIAN_POINT('Ctrl Pts',(1.79070858136205,50.7031755461643,0.999999160650192));
#4129=CARTESIAN_POINT('Ctrl Pts',(1.73442045224688,50.5817337429412,0.999999160650192));
#4130=CARTESIAN_POINT('Ctrl Pts',(1.67813232313171,50.4602919397181,0.999999160650192));
#4131=CARTESIAN_POINT('Ctrl Pts',(1.62941043903894,50.3368602853078,0.999999160650193));
#4132=CARTESIAN_POINT('Ctrl Pts',(1.58821142497677,50.2127752388636,0.999999160650193));
#4133=CARTESIAN_POINT('Ctrl Pts',(1.54701241091461,50.0886901924194,0.999999160650193));
#4134=CARTESIAN_POINT('Ctrl Pts',(1.51333626688304,49.9639517539413,0.999999160650193));
#4135=CARTESIAN_POINT('Ctrl Pts',(1.48686059360004,49.839785466863,0.999999160650193));
#4136=CARTESIAN_POINT('Ctrl Pts',(1.46038492031704,49.7156191797847,0.999999160650193));
#4137=CARTESIAN_POINT('Ctrl Pts',(1.44110971778261,49.5920250441063,0.999999160650192));
#4138=CARTESIAN_POINT('Ctrl Pts',(1.42849206719749,49.4700614296477,0.999999160650192));
#4139=CARTESIAN_POINT('Ctrl Pts',(1.41587441661238,49.3480978151891,0.999999160650192));
#4140=CARTESIAN_POINT('Ctrl Pts',(1.40991431797658,49.2277647219504,0.999999160650193));
#4141=CARTESIAN_POINT('Ctrl Pts',(1.40991431797658,49.1099135917526,0.999999160650193));
#4142=CARTESIAN_POINT('',(1.40991431797658,46.6099135917526,0.999999160650194));
#4143=CARTESIAN_POINT('',(1.40991431797658,46.6099135917526,0.999999160650194));
#4144=CARTESIAN_POINT('',(1.90991431797658,46.6099135917526,0.999999160650194));
#4145=CARTESIAN_POINT('Origin',(4.00991431797658,52.0099135917526,0.499999160650195));
#4146=CARTESIAN_POINT('',(3.11910262718026,51.1191019009563,0.499999160650195));
#4147=CARTESIAN_POINT('Origin',(5.02829093638389,49.2099135917526,0.499999160650194));
#4148=CARTESIAN_POINT('',(5.02829093638389,51.9099135917526,0.499999160650195));
#4149=CARTESIAN_POINT('Origin',(2.00991431797657,51.9099135917526,0.499999160650195));
#4150=CARTESIAN_POINT('',(10.4099143179766,51.9099135917526,-8.3934980456995E-7));
#4151=CARTESIAN_POINT('Origin',(5.02829093638387,4.7999135917526,0.499999160650175));
#4152=CARTESIAN_POINT('',(3.11910262718024,2.89072528254887,-8.39349823225817E-7));
#4153=CARTESIAN_POINT('',(5.02829093638387,2.0999135917526,-8.39349824511681E-7));
#4154=CARTESIAN_POINT('Origin',(5.02829093638387,4.7999135917526,-8.39349823912117E-7));
#4155=CARTESIAN_POINT('',(3.11910262718027,2.8907252825489,0.999999160650175));
#4156=CARTESIAN_POINT('',(3.11910262718024,2.89072528254887,0.499999160650175));
#4157=CARTESIAN_POINT('',(5.02829093638387,2.0999135917526,0.999999160650175));
#4158=CARTESIAN_POINT('Origin',(5.02829093638387,4.7999135917526,0.999999160650176));
#4159=CARTESIAN_POINT('',(5.02829093638387,2.0999135917526,0.499999160650175));
#4160=CARTESIAN_POINT('Origin',(-5.21354074638642,49.5049125907526,-8.39349805104462E-7));
#4161=CARTESIAN_POINT('',(10.4099143179766,2.0999135917526,-8.39349824511681E-7));
#4162=CARTESIAN_POINT('',(10.5099143179766,2.0999135917526,-8.39349824511681E-7));
#4163=CARTESIAN_POINT('',(10.4099143179766,1.6049135917526,-8.39349824622269E-7));
#4164=CARTESIAN_POINT('',(8.30590431697657,7.4049155917526,-8.39349823334237E-7));
#4165=CARTESIAN_POINT('Ctrl Pts',(10.8059043169766,4.90491559175261,-8.39349824088842E-7));
#4166=CARTESIAN_POINT('Ctrl Pts',(10.8059043169766,4.9890949704653,-8.39349824088842E-7));
#4167=CARTESIAN_POINT('Ctrl Pts',(10.8016470606125,5.07504717353775,-8.39349824088842E-7));
#4168=CARTESIAN_POINT('Ctrl Pts',(10.7926344704749,5.16216404938454,-8.39349824088842E-7));
#4169=CARTESIAN_POINT('Ctrl Pts',(10.7836218803373,5.24928092523133,-8.39349824088842E-7));
#4170=CARTESIAN_POINT('Ctrl Pts',(10.7698539564262,5.33756247385246,-8.39349823562198E-7));
#4171=CARTESIAN_POINT('Ctrl Pts',(10.750942739507,5.42625262982595,-8.39349823562198E-7));
#4172=CARTESIAN_POINT('Ctrl Pts',(10.7320315225878,5.51494278579943,-8.39349822978619E-7));
#4173=CARTESIAN_POINT('Ctrl Pts',(10.7079770126604,5.60404154912526,-8.39349825232708E-7));
#4174=CARTESIAN_POINT('Ctrl Pts',(10.6785491169728,5.69267371728053,-8.39349824672421E-7));
#4175=CARTESIAN_POINT('Ctrl Pts',(10.6491212212852,5.7813058854358,-8.39349824581843E-7));
#4176=CARTESIAN_POINT('Ctrl Pts',(10.6143199398375,5.8694714584205,-8.39349824652494E-7));
#4177=CARTESIAN_POINT('Ctrl Pts',(10.5741141573581,5.95621570776065,-8.39349824615486E-7));
#4178=CARTESIAN_POINT('Ctrl Pts',(10.5339083748787,6.0429599571008,-8.39349824051835E-7));
#4179=CARTESIAN_POINT('Ctrl Pts',(10.4882980913676,6.1282828827964,-8.39349821868396E-7));
#4180=CARTESIAN_POINT('Ctrl Pts',(10.4374781056007,6.21120900529485,-8.39349821868396E-7));
#4181=CARTESIAN_POINT('Ctrl Pts',(10.3866581198339,6.2941351277933,-8.39349821868396E-7));
#4182=CARTESIAN_POINT('Ctrl Pts',(10.3306284318113,6.3746644470946,-8.39349824135101E-7));
#4183=CARTESIAN_POINT('Ctrl Pts',(10.2698161070847,6.45186762729026,-8.39349824088842E-7));
#4184=CARTESIAN_POINT('Ctrl Pts',(10.2090037823581,6.52907080748593,-8.39349823459004E-7));
#4185=CARTESIAN_POINT('Ctrl Pts',(10.1434088209275,6.60294784857597,-8.39349820174594E-7));
#4186=CARTESIAN_POINT('Ctrl Pts',(10.0736727689068,6.67268387681522,-8.3934981964795E-7));
#4187=CARTESIAN_POINT('Ctrl Pts',(10.003936716886,6.74241990505447,-8.3934981964795E-7));
#4188=CARTESIAN_POINT('Ctrl Pts',(9.93005957427504,6.80801492044293,-8.3934981964795E-7));
#4189=CARTESIAN_POINT('Ctrl Pts',(9.85285629994499,6.86882729014617,-8.3934981964795E-7));
#4190=CARTESIAN_POINT('Ctrl Pts',(9.77565302561494,6.9296396598494,-8.3934981964795E-7));
#4191=CARTESIAN_POINT('Ctrl Pts',(9.69512361956581,6.9856693838674,-8.39349818578846E-7));
#4192=CARTESIAN_POINT('Ctrl Pts',(9.61219750486766,7.03648939918805,-8.39349818011083E-7));
#4193=CARTESIAN_POINT('Ctrl Pts',(9.52927139016951,7.0873094145087,-8.39349817386384E-7));
#4194=CARTESIAN_POINT('Ctrl Pts',(9.44394856682234,7.132919721132,-8.39349818480792E-7));
#4195=CARTESIAN_POINT('Ctrl Pts',(9.35720442280964,7.17312552778323,-8.39349818537727E-7));
#4196=CARTESIAN_POINT('Ctrl Pts',(9.27046027879694,7.21333133443446,-8.39349818480792E-7));
#4197=CARTESIAN_POINT('Ctrl Pts',(9.18229481411871,7.24813264111363,-8.39349818480792E-7));
#4198=CARTESIAN_POINT('Ctrl Pts',(9.09366263807682,7.2775604999323,-8.39349818423858E-7));
#4199=CARTESIAN_POINT('Ctrl Pts',(9.00503046203494,7.30698835875097,-8.39349819591015E-7));
#4200=CARTESIAN_POINT('Ctrl Pts',(8.9159315746294,7.33104276970913,-8.39349819591015E-7));
#4201=CARTESIAN_POINT('Ctrl Pts',(8.82724137013754,7.34995397039593,-8.3934981964795E-7));
#4202=CARTESIAN_POINT('Ctrl Pts',(8.73855116564567,7.36886517108273,-8.39349818594661E-7));
#4203=CARTESIAN_POINT('Ctrl Pts',(8.65026964406747,7.38263316149817,-8.39349818594661E-7));
#4204=CARTESIAN_POINT('Ctrl Pts',(8.56315277657837,7.39164576666563,-8.39349818594661E-7));
#4205=CARTESIAN_POINT('Ctrl Pts',(8.47603590908927,7.4006583718331,-8.39349818537727E-7));
#4206=CARTESIAN_POINT('Ctrl Pts',(8.39008369568927,7.4049155917526,-8.39349818480792E-7));
#4207=CARTESIAN_POINT('Ctrl Pts',(8.30590431697657,7.4049155917526,-8.39349818480792E-7));
#4208=CARTESIAN_POINT('',(8.30590431697167,7.4049155917526,-8.39349823334237E-7));
#4209=CARTESIAN_POINT('',(2.10991431797656,7.3999135917526,-8.39349823335321E-7));
#4210=CARTESIAN_POINT('',(1.90991431797657,7.3999135917526,-8.39349823335321E-7));
#4211=CARTESIAN_POINT('',(2.10991431797656,5.01829021015991,-8.39349823863328E-7));
#4212=CARTESIAN_POINT('',(2.10991431797656,3.9999135917526,-8.39349824089926E-7));
#4213=CARTESIAN_POINT('',(2.90072600877296,3.10910190095621,-8.39349824287251E-7));
#4214=CARTESIAN_POINT('Origin',(4.80991431797656,5.01829021015991,-8.39349823863328E-7));
#4215=CARTESIAN_POINT('',(1.05280030163569,4.95702760809332,-8.393498227672E-7));
#4216=CARTESIAN_POINT('Origin',(2.00991431797656,2.0999135917526,0.499999160650175));
#4217=CARTESIAN_POINT('',(10.4099143179766,2.0999135917526,0.999999160650175));
#4218=CARTESIAN_POINT('',(10.5099143179766,2.0999135917526,0.999999160650175));
#4219=CARTESIAN_POINT('',(10.4099143179766,2.0999135917526,-8.39349824511681E-7));
#4220=CARTESIAN_POINT('Origin',(5.90991431797657,-6.957572925959,0.999999160650173));
#4221=CARTESIAN_POINT('',(2.90072600877297,3.1091019009562,0.999999160650176));
#4222=CARTESIAN_POINT('',(2.00991431797656,3.9999135917526,0.999999160650176));
#4223=CARTESIAN_POINT('',(2.10991431797656,5.01829021015991,0.999999160650176));
#4224=CARTESIAN_POINT('Origin',(4.80991431797656,5.01829021015991,0.999999160650176));
#4225=CARTESIAN_POINT('',(2.10991431797656,7.3999135917526,0.999999160650176));
#4226=CARTESIAN_POINT('',(2.10991431797656,3.9999135917526,0.999999160650176));
#4227=CARTESIAN_POINT('',(1.40991431797657,7.3999135917526,0.999999160650176));
#4228=CARTESIAN_POINT('',(1.90991431797657,7.3999135917526,0.999999160650176));
#4229=CARTESIAN_POINT('',(1.40991431797657,4.8999135917526,0.999999160650176));
#4230=CARTESIAN_POINT('',(1.40991431797657,7.3999135917526,0.999999160650176));
#4231=CARTESIAN_POINT('',(4.90991431797657,1.3999135917526,0.999999160650175));
#4232=CARTESIAN_POINT('Ctrl Pts',(4.90991431797657,1.3999135917526,0.999999160650175));
#4233=CARTESIAN_POINT('Ctrl Pts',(4.79206318777877,1.3999135917526,0.999999160650175));
#4234=CARTESIAN_POINT('Ctrl Pts',(4.67173011143432,1.40587373966655,0.99999916065018));
#4235=CARTESIAN_POINT('Ctrl Pts',(4.54976648364106,1.41849136955379,0.99999916065018));
#4236=CARTESIAN_POINT('Ctrl Pts',(4.4278028558478,1.43110899944103,0.999999160650178));
#4237=CARTESIAN_POINT('Ctrl Pts',(4.30420867660574,1.45038411130156,0.999999160650171));
#4238=CARTESIAN_POINT('Ctrl Pts',(4.18004245717074,1.47685981432101,0.999999160650171));
#4239=CARTESIAN_POINT('Ctrl Pts',(4.05587623773574,1.50333551734047,0.999999160650171));
#4240=CARTESIAN_POINT('Ctrl Pts',(3.93113797810781,1.53701181151883,0.999999160650178));
#4241=CARTESIAN_POINT('Ctrl Pts',(3.80705294648219,1.57821086316425,0.999999160650178));
#4242=CARTESIAN_POINT('Ctrl Pts',(3.68296791485658,1.61940991480967,0.999999160650178));
#4243=CARTESIAN_POINT('Ctrl Pts',(3.55953611123327,1.66813172392214,0.999999160650171));
#4244=CARTESIAN_POINT('Ctrl Pts',(3.43809415723681,1.72441981707485,0.999999160650171));
#4245=CARTESIAN_POINT('Ctrl Pts',(3.31665220324034,1.78070791022757,0.999999160650172));
#4246=CARTESIAN_POINT('Ctrl Pts',(3.19720009887071,1.84456228742053,0.999999160650178));
#4247=CARTESIAN_POINT('Ctrl Pts',(3.08110353227186,1.91571027431738,0.999999160650178));
#4248=CARTESIAN_POINT('Ctrl Pts',(2.96500696567301,1.98685826121423,0.999999160650178));
#4249=CARTESIAN_POINT('Ctrl Pts',(2.85226593684494,2.06529985781496,0.999999160650171));
#4250=CARTESIAN_POINT('Ctrl Pts',(2.74418148351914,2.15043711289173,0.999999160650171));
#4251=CARTESIAN_POINT('Ctrl Pts',(2.63609703019334,2.2355743679685,0.999999160650171));
#4252=CARTESIAN_POINT('Ctrl Pts',(2.5326691523698,2.3274072815213,0.999999160650178));
#4253=CARTESIAN_POINT('Ctrl Pts',(2.43503871063602,2.4250377463559,0.99999916065018));
#4254=CARTESIAN_POINT('Ctrl Pts',(2.33740826890224,2.5226682111905,0.999999160650181));
#4255=CARTESIAN_POINT('Ctrl Pts',(2.24557526325821,2.6260962273069,0.999999160650178));
#4256=CARTESIAN_POINT('Ctrl Pts',(2.16043794283457,2.73418081719681,0.999999160650176));
#4257=CARTESIAN_POINT('Ctrl Pts',(2.07530062241094,2.84226540708673,0.999999160650175));
#4258=CARTESIAN_POINT('Ctrl Pts',(1.99685898720771,2.95500657075016,0.999999160650175));
#4259=CARTESIAN_POINT('Ctrl Pts',(1.92571097316609,3.07110312870527,0.999999160650177));
#4260=CARTESIAN_POINT('Ctrl Pts',(1.85456295912447,3.18719968666036,0.999999160650178));
#4261=CARTESIAN_POINT('Ctrl Pts',(1.79070856624447,3.30665163890713,0.999999160650182));
#4262=CARTESIAN_POINT('Ctrl Pts',(1.73442043706185,3.42809344158449,0.999999160650182));
#4263=CARTESIAN_POINT('Ctrl Pts',(1.67813230787923,3.54953524426186,0.999999160650182));
#4264=CARTESIAN_POINT('Ctrl Pts',(1.629410442394,3.67296689736983,0.999999160650179));
#4265=CARTESIAN_POINT('Ctrl Pts',(1.5882114323064,3.797051943821,0.999999160650179));
#4266=CARTESIAN_POINT('Ctrl Pts',(1.5470124222188,3.92113699027216,0.999999160650179));
#4267=CARTESIAN_POINT('Ctrl Pts',(1.51333626752884,4.04587543006653,0.999999160650182));
#4268=CARTESIAN_POINT('Ctrl Pts',(1.48686059163564,4.17004171687818,0.999999160650182));
#4269=CARTESIAN_POINT('Ctrl Pts',(1.46038491574244,4.29420800368983,0.999999160650182));
#4270=CARTESIAN_POINT('Ctrl Pts',(1.441109718646,4.41780213751877,0.999999160650179));
#4271=CARTESIAN_POINT('Ctrl Pts',(1.42849206920454,4.53976575198501,0.999999160650177));
#4272=CARTESIAN_POINT('Ctrl Pts',(1.41587441976307,4.66172936645125,0.999999160650175));
#4273=CARTESIAN_POINT('Ctrl Pts',(1.40991431797657,4.78206246155479,0.999999160650175));
#4274=CARTESIAN_POINT('Ctrl Pts',(1.40991431797657,4.89991359175258,0.999999160650175));
#4275=CARTESIAN_POINT('',(10.4099143179766,1.3999135917526,0.999999160650175));
#4276=CARTESIAN_POINT('',(4.90991431797657,1.3999135917526,0.999999160650175));
#4277=CARTESIAN_POINT('',(10.4099143179766,1.3999135917526,0.999999160650175));
#4278=CARTESIAN_POINT('Origin',(4.00991431797657,1.9999135917526,0.499999160650175));
#4279=CARTESIAN_POINT('',(2.90072600877293,3.10910190095617,0.499999160650175));
#4280=CARTESIAN_POINT('Origin',(4.80991431797656,5.01829021015991,0.499999160650175));
#4281=CARTESIAN_POINT('',(2.10991431797656,5.01829021015991,0.499999160650175));
#4282=CARTESIAN_POINT('Origin',(2.10991431797656,7.4999135917526,0.499999160650176));
#4283=CARTESIAN_POINT('',(2.10991431797656,7.3999135917526,-8.39349823335321E-7));
#4284=CARTESIAN_POINT('Origin',(49.2099143179766,5.02829021015998,0.499999160650177));
#4285=CARTESIAN_POINT('',(51.1191026271803,3.11910190095635,-8.3934983427709E-7));
#4286=CARTESIAN_POINT('',(51.9099143179766,5.02829021015998,-8.39349823861159E-7));
#4287=CARTESIAN_POINT('Origin',(49.2099143179766,5.02829021015998,-8.39349909348332E-7));
#4288=CARTESIAN_POINT('',(51.1191026271803,3.11910190095632,0.999999160650176));
#4289=CARTESIAN_POINT('',(51.1191026271803,3.11910190095635,0.499999160650169));
#4290=CARTESIAN_POINT('',(51.9099143179766,5.02829021015998,0.999999160650176));
#4291=CARTESIAN_POINT('Origin',(49.2099143179766,5.02829021015998,0.99999916065022));
#4292=CARTESIAN_POINT('',(51.9099143179766,5.02829021015998,0.499999160650177));
#4293=CARTESIAN_POINT('Origin',(-5.21354074638642,49.5049125907526,-8.39349805104462E-7));
#4294=CARTESIAN_POINT('',(51.9099143179766,7.40491559175259,-8.39349823334237E-7));
#4295=CARTESIAN_POINT('',(51.9099143179766,7.50491559175259,-8.39349823311469E-7));
#4296=CARTESIAN_POINT('',(45.7059043184766,7.40491559175259,-8.39349823334237E-7));
#4297=CARTESIAN_POINT('',(52.1099143179766,7.40491559175259,-8.39349823334237E-7));
#4298=CARTESIAN_POINT('Ctrl Pts',(45.7059043184766,7.40491559175259,-8.39349824031907E-7));
#4299=CARTESIAN_POINT('Ctrl Pts',(45.6217249397639,7.40491559175259,-8.39349824031907E-7));
#4300=CARTESIAN_POINT('Ctrl Pts',(45.5357727282014,7.40065837489139,-8.39349824088842E-7));
#4301=CARTESIAN_POINT('Ctrl Pts',(45.4486558607219,7.39164576861831,-8.39349824088842E-7));
#4302=CARTESIAN_POINT('Ctrl Pts',(45.3615389932424,7.38263316234522,-8.39349824145776E-7));
#4303=CARTESIAN_POINT('Ctrl Pts',(45.273257469846,7.36886516666026,-8.39349824145776E-7));
#4304=CARTESIAN_POINT('Ctrl Pts',(45.1845672650913,7.34995396851557,-8.39349824088842E-7));
#4305=CARTESIAN_POINT('Ctrl Pts',(45.0958770603366,7.33104277037089,-8.3934982514213E-7));
#4306=CARTESIAN_POINT('Ctrl Pts',(45.0067781742235,7.30698836976649,-8.3934982514213E-7));
#4307=CARTESIAN_POINT('Ctrl Pts',(44.9181459981848,7.27756050706254,-8.39349825199065E-7));
#4308=CARTESIAN_POINT('Ctrl Pts',(44.829513822146,7.24813264435859,-8.39349824615486E-7));
#4309=CARTESIAN_POINT('Ctrl Pts',(44.7413483561816,7.21333131955509,-8.39349824615486E-7));
#4310=CARTESIAN_POINT('Ctrl Pts',(44.6546042116375,7.17312551296842,-8.39349825199065E-7));
#4311=CARTESIAN_POINT('Ctrl Pts',(44.5678600670933,7.13291970638176,-8.39349825199065E-7));
#4312=CARTESIAN_POINT('Ctrl Pts',(44.4825372439695,7.08730941801192,-8.39349825199065E-7));
#4313=CARTESIAN_POINT('Ctrl Pts',(44.3996111305859,7.03648940640996,-8.39349825199065E-7));
#4314=CARTESIAN_POINT('Ctrl Pts',(44.3166850172023,6.98566939480799,-8.39349825199065E-7));
#4315=CARTESIAN_POINT('Ctrl Pts',(44.236155613559,6.92963965997389,-8.39349825199065E-7));
#4316=CARTESIAN_POINT('Ctrl Pts',(44.1589523363056,6.8688272888466,-8.39349825199065E-7));
#4317=CARTESIAN_POINT('Ctrl Pts',(44.0817490590522,6.80801491771932,-8.39349825199065E-7));
#4318=CARTESIAN_POINT('Ctrl Pts',(44.0078719081886,6.74241991029886,-8.39349825199065E-7));
#4319=CARTESIAN_POINT('Ctrl Pts',(43.9381358601802,6.67268388095408,-8.39349825199065E-7));
#4320=CARTESIAN_POINT('Ctrl Pts',(43.8683998121718,6.60294785160929,-8.39349824672421E-7));
#4321=CARTESIAN_POINT('Ctrl Pts',(43.8028048670185,6.52907080034019,-8.39349824672421E-7));
#4322=CARTESIAN_POINT('Ctrl Pts',(43.7419925420614,6.45186761961717,-8.39349825199065E-7));
#4323=CARTESIAN_POINT('Ctrl Pts',(43.6811802171043,6.37466443889415,-8.39349826835932E-7));
#4324=CARTESIAN_POINT('Ctrl Pts',(43.6251505123435,6.29413512871722,-8.39349827419511E-7));
#4325=CARTESIAN_POINT('Ctrl Pts',(43.5743305231511,6.21120900867649,-8.39349827419511E-7));
#4326=CARTESIAN_POINT('Ctrl Pts',(43.5235105339587,6.12828288863575,-8.39349827419511E-7));
#4327=CARTESIAN_POINT('Ctrl Pts',(43.4779002603347,6.04295995873122,-8.39349827419511E-7));
#4328=CARTESIAN_POINT('Ctrl Pts',(43.4376944790175,5.9562157069227,-8.39349827419511E-7));
#4329=CARTESIAN_POINT('Ctrl Pts',(43.3974886977004,5.86947145511418,-8.39349827946155E-7));
#4330=CARTESIAN_POINT('Ctrl Pts',(43.3626874086901,5.78130588140169,-8.39349827946155E-7));
#4331=CARTESIAN_POINT('Ctrl Pts',(43.3332595141681,5.69267371514919,-8.39349828529734E-7));
#4332=CARTESIAN_POINT('Ctrl Pts',(43.3038316196462,5.60404154889669,-8.39349828529734E-7));
#4333=CARTESIAN_POINT('Ctrl Pts',(43.2797771196126,5.51494279010419,-8.39349828560574E-7));
#4334=CARTESIAN_POINT('Ctrl Pts',(43.2608659030281,5.42625263359261,-8.39349828529734E-7));
#4335=CARTESIAN_POINT('Ctrl Pts',(43.2419546864436,5.33756247708102,-8.39349829082473E-7));
#4336=CARTESIAN_POINT('Ctrl Pts',(43.2281867533081,5.24928092285035,-8.39349829668424E-7));
#4337=CARTESIAN_POINT('Ctrl Pts',(43.2191741613163,5.16216404619642,-8.39349829639957E-7));
#4338=CARTESIAN_POINT('Ctrl Pts',(43.2101615693246,5.07504716954249,-8.3934982961149E-7));
#4339=CARTESIAN_POINT('Ctrl Pts',(43.2059043184766,4.98909497046528,-8.39349829639957E-7));
#4340=CARTESIAN_POINT('Ctrl Pts',(43.2059043184766,4.90491559175258,-8.39349829639957E-7));
#4341=CARTESIAN_POINT('',(43.6099143179766,2.10991359175258,-8.39349833391297E-7));
#4342=CARTESIAN_POINT('',(43.6099143179766,1.90991359175259,-8.39349824553965E-7));
#4343=CARTESIAN_POINT('',(48.9915376995692,2.10991359175258,-8.39349824509512E-7));
#4344=CARTESIAN_POINT('',(50.0099143179766,2.10991359175258,-8.39349824509512E-7));
#4345=CARTESIAN_POINT('',(50.9007260087729,2.90072528254893,-8.39349824333872E-7));
#4346=CARTESIAN_POINT('Origin',(48.9915376995692,4.80991359175259,-8.39350210267561E-7));
#4347=CARTESIAN_POINT('',(30.4359370713391,-17.5640636548859,-8.39349843310662E-7));
#4348=CARTESIAN_POINT('Origin',(51.9099143179766,7.50991359175259,0.499999160650176));
#4349=CARTESIAN_POINT('',(51.9099143179766,7.40991359175259,0.999999160650176));
#4350=CARTESIAN_POINT('',(51.9099143179766,4.00991359175259,0.999999160650176));
#4351=CARTESIAN_POINT('',(51.9099143179766,7.40991359175259,-8.39349823333153E-7));
#4352=CARTESIAN_POINT('',(51.9099143179766,7.40991359175259,-8.39349823333153E-7));
#4353=CARTESIAN_POINT('',(51.9099143179766,7.50491559175259,-8.39349823311469E-7));
#4354=CARTESIAN_POINT('Origin',(48.1099143179766,-6.94757292595901,0.999999160650173));
#4355=CARTESIAN_POINT('',(50.9007260087729,2.90072528254893,0.999999160650175));
#4356=CARTESIAN_POINT('',(52.0099143179766,4.00991359175259,0.999999160650176));
#4357=CARTESIAN_POINT('',(48.9915376995692,2.10991359175258,0.999999160650175));
#4358=CARTESIAN_POINT('Origin',(48.9915376995692,4.80991359175259,0.999999160650172));
#4359=CARTESIAN_POINT('',(43.6099143179766,2.10991359175258,0.999999160650175));
#4360=CARTESIAN_POINT('',(43.5099143179766,2.10991359175258,0.999999160650175));
#4361=CARTESIAN_POINT('',(43.6099143179766,1.40991359175259,0.999999160650175));
#4362=CARTESIAN_POINT('',(43.6099143179766,1.40991359175259,0.999999160650175));
#4363=CARTESIAN_POINT('',(49.1099143179766,1.40991359175259,0.999999160650175));
#4364=CARTESIAN_POINT('',(49.1099143179766,1.40991359175259,0.999999160650175));
#4365=CARTESIAN_POINT('',(52.6099143179766,4.90991359175259,0.999999160650176));
#4366=CARTESIAN_POINT('Ctrl Pts',(49.1099143179766,1.40991359175259,0.999999160650177));
#4367=CARTESIAN_POINT('Ctrl Pts',(49.2277654481743,1.40991359175259,0.999999160650177));
#4368=CARTESIAN_POINT('Ctrl Pts',(49.3480985204433,1.41587373400829,0.999999160650182));
#4369=CARTESIAN_POINT('Ctrl Pts',(49.4700621490606,1.42849136579289,0.999999160650181));
#4370=CARTESIAN_POINT('Ctrl Pts',(49.5920257776779,1.44110899757749,0.99999916065018));
#4371=CARTESIAN_POINT('Ctrl Pts',(49.7156199626437,1.46038411889099,0.999999160650173));
#4372=CARTESIAN_POINT('Ctrl Pts',(49.839786182629,1.48685982156627,0.999999160650173));
#4373=CARTESIAN_POINT('Ctrl Pts',(49.9639524026143,1.51333552424155,0.999999160650173));
#4374=CARTESIAN_POINT('Ctrl Pts',(50.0886906576192,1.54701180827862,0.99999916065018));
#4375=CARTESIAN_POINT('Ctrl Pts',(50.2127756872969,1.58821085874824,0.99999916065018));
#4376=CARTESIAN_POINT('Ctrl Pts',(50.3368607169746,1.62940990921786,0.99999916065018));
#4377=CARTESIAN_POINT('Ctrl Pts',(50.4602925213252,1.67813172612002,0.999999160650173));
#4378=CARTESIAN_POINT('Ctrl Pts',(50.5817344778529,1.73441981807562,0.999999160650174));
#4379=CARTESIAN_POINT('Ctrl Pts',(50.7031764343807,1.79070791003122,0.999999160650174));
#4380=CARTESIAN_POINT('Ctrl Pts',(50.8226285430856,1.85456227704026,0.999999160650181));
#4381=CARTESIAN_POINT('Ctrl Pts',(50.9387251071642,1.92571026743437,0.999999160650182));
#4382=CARTESIAN_POINT('Ctrl Pts',(51.0548216712428,1.99685825782849,0.999999160650183));
#4383=CARTESIAN_POINT('Ctrl Pts',(51.1675626906952,2.07529987160769,0.99999916065018));
#4384=CARTESIAN_POINT('Ctrl Pts',(51.2756471445639,2.16043712692122,0.999999160650179));
#4385=CARTESIAN_POINT('Ctrl Pts',(51.3837315984327,2.24557438223475,0.999999160650177));
#4386=CARTESIAN_POINT('Ctrl Pts',(51.4871594867179,2.33740727908262,0.999999160650177));
#4387=CARTESIAN_POINT('Ctrl Pts',(51.5847899295702,2.43503773981322,0.999999160650177));
#4388=CARTESIAN_POINT('Ctrl Pts',(51.6824203724226,2.53266820054382,0.999999160650176));
#4389=CARTESIAN_POINT('Ctrl Pts',(51.7742533698422,2.63609622515715,0.999999160650176));
#4390=CARTESIAN_POINT('Ctrl Pts',(51.8593906917277,2.7441808180469,0.999999160650177));
#4391=CARTESIAN_POINT('Ctrl Pts',(51.9445280136132,2.85226541093665,0.999999160650177));
#4392=CARTESIAN_POINT('Ctrl Pts',(52.0229696599646,2.96500657210282,0.999999160650177));
#4393=CARTESIAN_POINT('Ctrl Pts',(52.094117670209,3.08110312870389,0.999999160650179));
#4394=CARTESIAN_POINT('Ctrl Pts',(52.1652656804535,3.19719968530495,0.999999160650181));
#4395=CARTESIAN_POINT('Ctrl Pts',(52.2291200545911,3.31665163734092,0.999999160650184));
#4396=CARTESIAN_POINT('Ctrl Pts',(52.2854081837063,3.43809344056404,0.999999160650185));
#4397=CARTESIAN_POINT('Ctrl Pts',(52.3416963128215,3.55953524378715,0.999999160650185));
#4398=CARTESIAN_POINT('Ctrl Pts',(52.3904181969142,3.68296689819742,0.999999160650181));
#4399=CARTESIAN_POINT('Ctrl Pts',(52.4316172109763,3.80705194464161,0.999999160650179));
#4400=CARTESIAN_POINT('Ctrl Pts',(52.4728162250385,3.93113699108578,0.999999160650177));
#4401=CARTESIAN_POINT('Ctrl Pts',(52.5064923690701,4.05587542956388,0.999999160650177));
#4402=CARTESIAN_POINT('Ctrl Pts',(52.5329680423531,4.18004171664218,0.999999160650177));
#4403=CARTESIAN_POINT('Ctrl Pts',(52.5594437156361,4.30420800372048,0.999999160650178));
#4404=CARTESIAN_POINT('Ctrl Pts',(52.5787189181706,4.42780213939899,0.999999160650178));
#4405=CARTESIAN_POINT('Ctrl Pts',(52.5913365687557,4.54976575385756,0.999999160650178));
#4406=CARTESIAN_POINT('Ctrl Pts',(52.6039542193408,4.67172936831614,0.999999160650178));
#4407=CARTESIAN_POINT('Ctrl Pts',(52.6099143179766,4.79206246155479,0.999999160650178));
#4408=CARTESIAN_POINT('Ctrl Pts',(52.6099143179766,4.90991359175259,0.999999160650178));
#4409=CARTESIAN_POINT('',(52.6099143179766,7.40991359175259,0.999999160650176));
#4410=CARTESIAN_POINT('',(52.6099143179766,7.40991359175259,0.999999160650176));
#4411=CARTESIAN_POINT('',(52.1099143179766,7.40991359175259,0.999999160650176));
#4412=CARTESIAN_POINT('Origin',(50.0099143179766,2.00991359175259,0.499999160650175));
#4413=CARTESIAN_POINT('',(50.9007260087729,2.90072528254896,0.499999160650176));
#4414=CARTESIAN_POINT('Origin',(48.9915376995692,4.80991359175259,0.499999160650183));
#4415=CARTESIAN_POINT('',(48.9915376995692,2.10991359175258,0.499999160650183));
#4416=CARTESIAN_POINT('Origin',(52.0099143179766,2.10991359175258,0.499999160650175));
#4417=CARTESIAN_POINT('',(43.6099143179766,2.10991359175258,-8.39349824509512E-7));
#4418=CARTESIAN_POINT('Origin',(-5.21354074638642,49.5049125907526,-3.7000008393498));
#4419=CARTESIAN_POINT('Ctrl Pts',(1.60590431797658,49.0049135917526,-3.70000083935016));
#4420=CARTESIAN_POINT('Ctrl Pts',(1.60590431797658,49.1193975468018,-3.70000083935016));
#4421=CARTESIAN_POINT('Ctrl Pts',(1.61169417422973,49.2362925338581,-3.70000083935016));
#4422=CARTESIAN_POINT('Ctrl Pts',(1.62395130096014,49.3547714868428,-3.70000083935016));
#4423=CARTESIAN_POINT('Ctrl Pts',(1.63620842769054,49.4732504398274,-3.70000083935016));
#4424=CARTESIAN_POINT('Ctrl Pts',(1.65493282489821,49.5933133587405,-3.70000083935016));
#4425=CARTESIAN_POINT('Ctrl Pts',(1.68065207930031,49.7139319721283,-3.70000083935016));
#4426=CARTESIAN_POINT('Ctrl Pts',(1.70637133370241,49.8345505855161,-3.70000083935016));
#4427=CARTESIAN_POINT('Ctrl Pts',(1.73908544529895,49.9557248933786,-3.70000083935016));
#4428=CARTESIAN_POINT('Ctrl Pts',(1.77910738037098,50.07626463763,-3.70000083935016));
#4429=CARTESIAN_POINT('Ctrl Pts',(1.81912931544301,50.1968043818814,-3.70000083935016));
#4430=CARTESIAN_POINT('Ctrl Pts',(1.86645907399055,50.3167095625215,-3.70000083935017));
#4431=CARTESIAN_POINT('Ctrl Pts',(1.92113893632073,50.4346817474413,-3.70000083935017));
#4432=CARTESIAN_POINT('Ctrl Pts',(1.97581879865091,50.5526539323611,-3.70000083935017));
#4433=CARTESIAN_POINT('Ctrl Pts',(2.03784876476375,50.6686931215605,-3.70000083935017));
#4434=CARTESIAN_POINT('Ctrl Pts',(2.10696395181988,50.7814726422601,-3.70000083935017));
#4435=CARTESIAN_POINT('Ctrl Pts',(2.17607913887601,50.8942521629597,-3.70000083935017));
#4436=CARTESIAN_POINT('Ctrl Pts',(2.25227954687544,51.0037720151596,-3.70000083935016));
#4437=CARTESIAN_POINT('Ctrl Pts',(2.33498431116364,51.1087683417934,-3.70000083935016));
#4438=CARTESIAN_POINT('Ctrl Pts',(2.41768907545184,51.2137646684273,-3.70000083935016));
#4439=CARTESIAN_POINT('Ctrl Pts',(2.50689819602881,51.3142374694951,-3.70000083935016));
#4440=CARTESIAN_POINT('Ctrl Pts',(2.60173921239803,51.4090784696567,-3.70000083935016));
#4441=CARTESIAN_POINT('Ctrl Pts',(2.69658022876725,51.5039194698183,-3.70000083935016));
#4442=CARTESIAN_POINT('Ctrl Pts',(2.79705314092871,51.5931286690737,-3.70000083935017));
#4443=CARTESIAN_POINT('Ctrl Pts',(2.90204961202673,51.6758334961457,-3.70000083935017));
#4444=CARTESIAN_POINT('Ctrl Pts',(3.00704608312475,51.7585383232178,-3.70000083935017));
#4445=CARTESIAN_POINT('Ctrl Pts',(3.11656611315931,51.8347387781064,-3.70000083935016));
#4446=CARTESIAN_POINT('Ctrl Pts',(3.22934560348048,51.9038539925308,-3.70000083935016));
#4447=CARTESIAN_POINT('Ctrl Pts',(3.34212509380165,51.9729692069551,-3.70000083935016));
#4448=CARTESIAN_POINT('Ctrl Pts',(3.45816404440941,52.0349991809151,-3.70000083935016));
#4449=CARTESIAN_POINT('Ctrl Pts',(3.57613614972202,52.0896790265999,-3.70000083935016));
#4450=CARTESIAN_POINT('Ctrl Pts',(3.69410825503462,52.1443588722846,-3.70000083935016));
#4451=CARTESIAN_POINT('Ctrl Pts',(3.81401351505205,52.1916885896941,-3.70000083935016));
#4452=CARTESIAN_POINT('Ctrl Pts',(3.93455328117617,52.2317105170038,-3.70000083935016));
#4453=CARTESIAN_POINT('Ctrl Pts',(4.05509304730028,52.2717324443134,-3.70000083935016));
#4454=CARTESIAN_POINT('Ctrl Pts',(4.17626731953108,52.3044465815231,-3.70000083935016));
#4455=CARTESIAN_POINT('Ctrl Pts',(4.29688592561581,52.3301658405578,-3.70000083935016));
#4456=CARTESIAN_POINT('Ctrl Pts',(4.41750453170054,52.3558850995924,-3.70000083935016));
#4457=CARTESIAN_POINT('Ctrl Pts',(4.53756747163921,52.374609480452,-3.70000083935016));
#4458=CARTESIAN_POINT('Ctrl Pts',(4.6560464294459,52.3868666034921,-3.70000083935016));
#4459=CARTESIAN_POINT('Ctrl Pts',(4.77452538725258,52.3991237265321,-3.70000083935016));
#4460=CARTESIAN_POINT('Ctrl Pts',(4.89142036292728,52.4049135917526,-3.70000083935016));
#4461=CARTESIAN_POINT('Ctrl Pts',(5.00590431797658,52.4049135917526,-3.70000083935016));
#4462=CARTESIAN_POINT('',(10.8059043179766,49.1049115907526,-3.7000008393498));
#4463=CARTESIAN_POINT('',(10.8059043179766,52.4049135907526,-3.7000008393498));
#4464=CARTESIAN_POINT('',(8.30590431797659,46.6049115907526,-3.7000008393498));
#4465=CARTESIAN_POINT('Ctrl Pts',(8.30590431797659,46.6049115907526,-3.7000008393498));
#4466=CARTESIAN_POINT('Ctrl Pts',(8.39008369668928,46.6049115907526,-3.7000008393498));
#4467=CARTESIAN_POINT('Ctrl Pts',(8.47603590786463,46.6091688069649,-3.7000008393498));
#4468=CARTESIAN_POINT('Ctrl Pts',(8.56315277534227,46.618181413473,-3.7000008393498));
#4469=CARTESIAN_POINT('Ctrl Pts',(8.65026964281992,46.6271940199811,-3.7000008393498));
#4470=CARTESIAN_POINT('Ctrl Pts',(8.73855116659985,46.6409620167851,-3.7000008393498));
#4471=CARTESIAN_POINT('Ctrl Pts',(8.82724137140995,46.6598732143912,-3.7000008393498));
#4472=CARTESIAN_POINT('Ctrl Pts',(8.91593157622005,46.6787844119974,-3.7000008393498));
#4473=CARTESIAN_POINT('Ctrl Pts',(9.00503046206032,46.7028388104057,-3.7000008393498));
#4474=CARTESIAN_POINT('Ctrl Pts',(9.09366263809802,46.7322666739313,-3.7000008393498));
#4475=CARTESIAN_POINT('Ctrl Pts',(9.18229481413572,46.7616945374569,-3.7000008393498));
#4476=CARTESIAN_POINT('Ctrl Pts',(9.27046028037085,46.7964958660998,-3.7000008393498));
#4477=CARTESIAN_POINT('Ctrl Pts',(9.35720442502759,46.8367016726726,-3.7000008393498));
#4478=CARTESIAN_POINT('Ctrl Pts',(9.44394856968432,46.8769074792455,-3.7000008393498));
#4479=CARTESIAN_POINT('Ctrl Pts',(9.52927139276265,46.9225177637483,-3.7000008393498));
#4480=CARTESIAN_POINT('Ctrl Pts',(9.61219750586731,46.9733377745646,-3.7000008393498));
#4481=CARTESIAN_POINT('Ctrl Pts',(9.69512361897198,47.0241577853808,-3.7000008393498));
#4482=CARTESIAN_POINT('Ctrl Pts',(9.77565302210298,47.0801875225104,-3.7000008393498));
#4483=CARTESIAN_POINT('Ctrl Pts',(9.85285629997555,47.1409998939394,-3.7000008393498));
#4484=CARTESIAN_POINT('Ctrl Pts',(9.93005957784812,47.2018122653683,-3.70000083934981));
#4485=CARTESIAN_POINT('Ctrl Pts',(10.0039367304622,47.2674072710966,-3.70000083934981));
#4486=CARTESIAN_POINT('Ctrl Pts',(10.0736727776222,47.337143300674,-3.70000083934981));
#4487=CARTESIAN_POINT('Ctrl Pts',(10.1434088247821,47.4068793302514,-3.70000083934981));
#4488=CARTESIAN_POINT('Ctrl Pts',(10.2090037664879,47.4807563836778,-3.70000083934981));
#4489=CARTESIAN_POINT('Ctrl Pts',(10.2698160914938,47.5579595645127,-3.70000083934981));
#4490=CARTESIAN_POINT('Ctrl Pts',(10.3306284164997,47.6351627453476,-3.7000008393498));
#4491=CARTESIAN_POINT('Ctrl Pts',(10.3866581248058,47.7156920535909,-3.7000008393498));
#4492=CARTESIAN_POINT('Ctrl Pts',(10.437478114722,47.7986181731112,-3.7000008393498));
#4493=CARTESIAN_POINT('Ctrl Pts',(10.4882981046381,47.8815442926316,-3.7000008393498));
#4494=CARTESIAN_POINT('Ctrl Pts',(10.5339083761644,47.9668672234291,-3.7000008393498));
#4495=CARTESIAN_POINT('Ctrl Pts',(10.574114157235,48.0536114757602,-3.7000008393498));
#4496=CARTESIAN_POINT('Ctrl Pts',(10.6143199383055,48.1403557280914,-3.7000008393498));
#4497=CARTESIAN_POINT('Ctrl Pts',(10.6491212289203,48.2285213019562,-3.7000008393498));
#4498=CARTESIAN_POINT('Ctrl Pts',(10.6785491231973,48.3171534678061,-3.7000008393498));
#4499=CARTESIAN_POINT('Ctrl Pts',(10.7079770174744,48.4057856336561,-3.7000008393498));
#4500=CARTESIAN_POINT('Ctrl Pts',(10.7320315154138,48.4948843914912,-3.7000008393498));
#4501=CARTESIAN_POINT('Ctrl Pts',(10.7509427319273,48.5835745481166,-3.7000008393498));
#4502=CARTESIAN_POINT('Ctrl Pts',(10.7698539484409,48.6722647047419,-3.7000008393498));
#4503=CARTESIAN_POINT('Ctrl Pts',(10.7836218835288,48.7605462601576,-3.7000008393498));
#4504=CARTESIAN_POINT('Ctrl Pts',(10.7926344759127,48.847663136982,-3.7000008393498));
#4505=CARTESIAN_POINT('Ctrl Pts',(10.8016470682966,48.9347800138065,-3.7000008393498));
#4506=CARTESIAN_POINT('Ctrl Pts',(10.8059043179766,49.0207322120399,-3.7000008393498));
#4507=CARTESIAN_POINT('Ctrl Pts',(10.8059043179766,49.1049115907526,-3.7000008393498));
#4508=CARTESIAN_POINT('',(8.30590431797659,46.6049115907526,-3.7000008393498));
#4509=CARTESIAN_POINT('Origin',(1.40991431797658,52.6099135917526,0.499999160650162));
#4510=CARTESIAN_POINT('',(4.90991431797658,52.6099135917526,-8.39349804414909E-7));
#4511=CARTESIAN_POINT('',(10.4099143179766,52.6099135917526,-8.39349804414909E-7));
#4512=CARTESIAN_POINT('Ctrl Pts',(49.1099143179766,52.6199135917526,-4.0000008393498));
#4513=CARTESIAN_POINT('Ctrl Pts',(49.1099143179766,52.6199135917526,6.79999916065019));
#4514=CARTESIAN_POINT('Ctrl Pts',(49.2277654481743,52.6199135917526,-4.0000008393498));
#4515=CARTESIAN_POINT('Ctrl Pts',(49.2277654481743,52.6199135917526,6.79999916065019));
#4516=CARTESIAN_POINT('Ctrl Pts',(49.4684315834973,52.6079933200777,-4.0000008393498));
#4517=CARTESIAN_POINT('Ctrl Pts',(49.4684315834973,52.6079933200777,6.79999916065019));
#4518=CARTESIAN_POINT('Ctrl Pts',(49.8392141578094,52.5501679239877,-4.0000008393498));
#4519=CARTESIAN_POINT('Ctrl Pts',(49.8392141578094,52.5501679239877,6.79999916065019));
#4520=CARTESIAN_POINT('Ctrl Pts',(50.2134289071478,52.4491391063719,-4.0000008393498));
#4521=CARTESIAN_POINT('Ctrl Pts',(50.2134289071478,52.4491391063719,6.79999916065019));
#4522=CARTESIAN_POINT('Ctrl Pts',(50.5837243226344,52.302973629092,-4.0000008393498));
#4523=CARTESIAN_POINT('Ctrl Pts',(50.5837243226344,52.302973629092,6.79999916065019));
#4524=CARTESIAN_POINT('Ctrl Pts',(50.9420806635391,52.1114105628057,-4.0000008393498));
#4525=CARTESIAN_POINT('Ctrl Pts',(50.9420806635391,52.1114105628057,6.79999916065019));
#4526=CARTESIAN_POINT('Ctrl Pts',(51.2803036899567,51.8760856629917,-4.00000083934981));
#4527=CARTESIAN_POINT('Ctrl Pts',(51.2803036899567,51.8760856629917,6.79999916065018));
#4528=CARTESIAN_POINT('Ctrl Pts',(51.5905873904554,51.6005870293121,-4.00000083934979));
#4529=CARTESIAN_POINT('Ctrl Pts',(51.5905873904554,51.6005870293121,6.7999991606502));
#4530=CARTESIAN_POINT('Ctrl Pts',(51.8660863546219,51.290302926492,-4.00000083934981));
#4531=CARTESIAN_POINT('Ctrl Pts',(51.8660863546219,51.290302926492,6.79999916065018));
#4532=CARTESIAN_POINT('Ctrl Pts',(52.1014113317221,50.9520794515526,-4.0000008393498));
#4533=CARTESIAN_POINT('Ctrl Pts',(52.1014113317221,50.9520794515526,6.79999916065019));
#4534=CARTESIAN_POINT('Ctrl Pts',(52.2929743903159,50.5937235961241,-4.0000008393498));
#4535=CARTESIAN_POINT('Ctrl Pts',(52.2929743903159,50.5937235961241,6.79999916065019));
#4536=CARTESIAN_POINT('Ctrl Pts',(52.4391401059487,50.2234286284966,-4.0000008393498));
#4537=CARTESIAN_POINT('Ctrl Pts',(52.4391401059487,50.2234286284966,6.79999916065019));
#4538=CARTESIAN_POINT('Ctrl Pts',(52.540168501696,49.8492133175216,-4.0000008393498));
#4539=CARTESIAN_POINT('Ctrl Pts',(52.540168501696,49.8492133175216,6.79999916065019));
#4540=CARTESIAN_POINT('Ctrl Pts',(52.5979941278715,49.4784309042243,-4.0000008393498));
#4541=CARTESIAN_POINT('Ctrl Pts',(52.5979941278715,49.4784309042243,6.79999916065019));
#4542=CARTESIAN_POINT('Ctrl Pts',(52.6099143179766,49.2377647219504,-4.0000008393498));
#4543=CARTESIAN_POINT('Ctrl Pts',(52.6099143179766,49.2377647219504,6.79999916065019));
#4544=CARTESIAN_POINT('Ctrl Pts',(52.6099143179766,49.1199135917526,-4.0000008393498));
#4545=CARTESIAN_POINT('Ctrl Pts',(52.6099143179766,49.1199135917526,6.79999916065019));
#4546=CARTESIAN_POINT('',(49.1099143179766,52.6199135917526,-8.39349804412741E-7));
#4547=CARTESIAN_POINT('',(52.6099143179766,49.1199135917526,-8.3934980518903E-7));
#4548=CARTESIAN_POINT('Origin',(43.6099143179766,52.6199135917526,0.274999160650152));
#4549=CARTESIAN_POINT('',(43.6099143179766,52.6199135917526,-8.39349804412741E-7));
#4550=CARTESIAN_POINT('Origin',(10.8059043169766,7.4049155917526,-1.70000083934982));
#4551=CARTESIAN_POINT('',(8.30590431697657,7.4049155917526,-3.70000083934982));
#4552=CARTESIAN_POINT('Ctrl Pts',(43.2059043184766,4.90491559175259,-8.20000083934983));
#4553=CARTESIAN_POINT('Ctrl Pts',(43.2059043184766,4.90491559175258,7.39999916065018));
#4554=CARTESIAN_POINT('Ctrl Pts',(43.2059043184766,4.98909497046529,-8.20000083934983));
#4555=CARTESIAN_POINT('Ctrl Pts',(43.2059043184766,4.98909497046528,7.39999916065018));
#4556=CARTESIAN_POINT('Ctrl Pts',(43.2144188201726,5.16099936861969,-8.20000083934983));
#4557=CARTESIAN_POINT('Ctrl Pts',(43.2144188201726,5.16099936861969,7.39999916065018));
#4558=CARTESIAN_POINT('Ctrl Pts',(43.2557226195791,5.42584403131169,-8.20000083934983));
#4559=CARTESIAN_POINT('Ctrl Pts',(43.2557226195791,5.42584403131169,7.39999916065018));
#4560=CARTESIAN_POINT('Ctrl Pts',(43.3278861196798,5.69314030768919,-8.20000083934983));
#4561=CARTESIAN_POINT('Ctrl Pts',(43.3278861196798,5.69314030768919,7.39999916065018));
#4562=CARTESIAN_POINT('Ctrl Pts',(43.4322899867107,5.95763702882668,-8.20000083934983));
#4563=CARTESIAN_POINT('Ctrl Pts',(43.4322899867107,5.95763702882668,7.39999916065018));
#4564=CARTESIAN_POINT('Ctrl Pts',(43.5691208075827,6.21360581854029,-8.20000083934983));
#4565=CARTESIAN_POINT('Ctrl Pts',(43.5691208075827,6.21360581854029,7.39999916065018));
#4566=CARTESIAN_POINT('Ctrl Pts',(43.7372099218652,6.45519374907109,-8.20000083934982));
#4567=CARTESIAN_POINT('Ctrl Pts',(43.7372099218652,6.45519374907109,7.39999916065018));
#4568=CARTESIAN_POINT('Ctrl Pts',(43.9339947573251,6.6768249028784,-8.20000083934982));
#4569=CARTESIAN_POINT('Ctrl Pts',(43.9339947573251,6.67682490287839,7.39999916065018));
#4570=CARTESIAN_POINT('Ctrl Pts',(44.1556262099158,6.87360992513979,-8.20000083934982));
#4571=CARTESIAN_POINT('Ctrl Pts',(44.1556262099158,6.87360992513978,7.39999916065018));
#4572=CARTESIAN_POINT('Ctrl Pts',(44.3972144208456,7.04169912964209,-8.20000083934982));
#4573=CARTESIAN_POINT('Ctrl Pts',(44.3972144208456,7.04169912964209,7.39999916065018));
#4574=CARTESIAN_POINT('Ctrl Pts',(44.6531828902172,7.17852999475159,-8.20000083934982));
#4575=CARTESIAN_POINT('Ctrl Pts',(44.6531828902172,7.17852999475159,7.39999916065018));
#4576=CARTESIAN_POINT('Ctrl Pts',(44.9176792881104,7.28293396916209,-8.20000083934982));
#4577=CARTESIAN_POINT('Ctrl Pts',(44.9176792881104,7.28293396916209,7.39999916065018));
#4578=CARTESIAN_POINT('Ctrl Pts',(45.1849759464496,7.35509717097529,-8.20000083934982));
#4579=CARTESIAN_POINT('Ctrl Pts',(45.1849759464496,7.35509717097529,7.39999916065018));
#4580=CARTESIAN_POINT('Ctrl Pts',(45.4498205166388,7.39640115803019,-8.20000083934982));
#4581=CARTESIAN_POINT('Ctrl Pts',(45.4498205166388,7.39640115803019,7.39999916065018));
#4582=CARTESIAN_POINT('Ctrl Pts',(45.6217249397639,7.40491559175259,-8.20000083934982));
#4583=CARTESIAN_POINT('Ctrl Pts',(45.6217249397639,7.40491559175259,7.39999916065018));
#4584=CARTESIAN_POINT('Ctrl Pts',(45.7059043184766,7.40491559175259,-8.20000083934982));
#4585=CARTESIAN_POINT('Ctrl Pts',(45.7059043184766,7.40491559175259,7.39999916065018));
#4586=CARTESIAN_POINT('',(45.7059043184766,7.40491559175259,-3.70000083934982));
#4587=CARTESIAN_POINT('Origin',(43.2059043184766,7.40491559175259,-1.70000083934982));
#4588=CARTESIAN_POINT('',(52.4059043184766,7.40491559175259,-8.39349823334237E-7));
#4589=CARTESIAN_POINT('Origin',(48.1099143179766,-6.94757292595901,-8.39349826520707E-7));
#4590=CARTESIAN_POINT('',(52.1099143179766,7.40991359175259,-8.39349823333153E-7));
#4591=CARTESIAN_POINT('Origin',(52.6099143179766,1.40991359175259,0.499999160650035));
#4592=CARTESIAN_POINT('',(49.1099143179766,1.40991359175259,-8.39349824664553E-7));
#4593=CARTESIAN_POINT('',(43.6099143179766,1.40991359175259,-8.39349824664553E-7));
#4594=CARTESIAN_POINT('Origin',(43.6099143179766,1.40991359175259,0.27499916064999));
#4595=CARTESIAN_POINT('Ctrl Pts',(49.1099143179766,1.40991359175259,-4.00000083934983));
#4596=CARTESIAN_POINT('Ctrl Pts',(49.1099143179766,1.40991359175259,6.79999916065018));
#4597=CARTESIAN_POINT('Ctrl Pts',(49.2277654481743,1.40991359175259,-4.00000083934983));
#4598=CARTESIAN_POINT('Ctrl Pts',(49.2277654481743,1.40991359175259,6.79999916065018));
#4599=CARTESIAN_POINT('Ctrl Pts',(49.4684315927122,1.42183387626399,-4.00000083934981));
#4600=CARTESIAN_POINT('Ctrl Pts',(49.4684315927122,1.42183387626398,6.79999916065019));
#4601=CARTESIAN_POINT('Ctrl Pts',(49.8392141476094,1.47965924020449,-4.00000083934984));
#4602=CARTESIAN_POINT('Ctrl Pts',(49.8392141476094,1.47965924020448,6.79999916065016));
#4603=CARTESIAN_POINT('Ctrl Pts',(50.2134289126241,1.58068809231569,-4.00000083934981));
#4604=CARTESIAN_POINT('Ctrl Pts',(50.2134289126241,1.58068809231569,6.79999916065019));
#4605=CARTESIAN_POINT('Ctrl Pts',(50.5837243256758,1.72685354302219,-4.00000083934984));
#4606=CARTESIAN_POINT('Ctrl Pts',(50.5837243256758,1.72685354302219,6.79999916065016));
#4607=CARTESIAN_POINT('Ctrl Pts',(50.9420806517905,1.91841664404929,-4.00000083934981));
#4608=CARTESIAN_POINT('Ctrl Pts',(50.9420806517905,1.91841664404929,6.79999916065019));
#4609=CARTESIAN_POINT('Ctrl Pts',(51.2803037101475,2.15374148538689,-4.00000083934983));
#4610=CARTESIAN_POINT('Ctrl Pts',(51.2803037101475,2.15374148538688,6.79999916065018));
#4611=CARTESIAN_POINT('Ctrl Pts',(51.590587375003,2.42924017593048,-4.00000083934983));
#4612=CARTESIAN_POINT('Ctrl Pts',(51.590587375003,2.42924017593048,6.79999916065018));
#4613=CARTESIAN_POINT('Ctrl Pts',(51.8660863672618,2.73952424977049,-4.00000083934983));
#4614=CARTESIAN_POINT('Ctrl Pts',(51.8660863672618,2.73952424977048,6.79999916065018));
#4615=CARTESIAN_POINT('Ctrl Pts',(52.1014113063159,3.07774773326899,-4.00000083934983));
#4616=CARTESIAN_POINT('Ctrl Pts',(52.1014113063159,3.07774773326899,6.79999916065018));
#4617=CARTESIAN_POINT('Ctrl Pts',(52.2929744287288,3.43610358937689,-4.00000083934981));
#4618=CARTESIAN_POINT('Ctrl Pts',(52.2929744287288,3.43610358937689,6.79999916065019));
#4619=CARTESIAN_POINT('Ctrl Pts',(52.4391400810068,3.80639855260768,-4.00000083934983));
#4620=CARTESIAN_POINT('Ctrl Pts',(52.4391400810068,3.80639855260768,6.79999916065018));
#4621=CARTESIAN_POINT('Ctrl Pts',(52.5401685131017,4.18061386804198,-4.00000083934983));
#4622=CARTESIAN_POINT('Ctrl Pts',(52.5401685131017,4.18061386804198,6.79999916065018));
#4623=CARTESIAN_POINT('Ctrl Pts',(52.597994120705,4.55139627507749,-4.00000083934983));
#4624=CARTESIAN_POINT('Ctrl Pts',(52.597994120705,4.55139627507749,6.79999916065018));
#4625=CARTESIAN_POINT('Ctrl Pts',(52.6099143179766,4.79206246155479,-4.00000083934983));
#4626=CARTESIAN_POINT('Ctrl Pts',(52.6099143179766,4.79206246155479,6.79999916065018));
#4627=CARTESIAN_POINT('Ctrl Pts',(52.6099143179766,4.90991359175259,-4.00000083934983));
#4628=CARTESIAN_POINT('Ctrl Pts',(52.6099143179766,4.90991359175258,6.79999916065018));
#4629=CARTESIAN_POINT('',(52.6099143179766,4.90991359175259,-8.39349823888265E-7));
#4630=CARTESIAN_POINT('Origin',(52.6099143179766,7.40991359175259,0.499999160650036));
#4631=CARTESIAN_POINT('',(52.6099143179766,7.40991359175259,-8.39349823333153E-7));
#4632=CARTESIAN_POINT('Origin',(43.6099143179766,7.40991359175259,0.499999160650036));
#4633=CARTESIAN_POINT('Origin',(10.4099143179766,1.3999135917526,0.274999160650125));
#4634=CARTESIAN_POINT('',(10.4099143179766,1.3999135917526,-8.39349824667806E-7));
#4635=CARTESIAN_POINT('Origin',(10.4099143179766,7.3999135917526,0.274999160650126));
#4636=CARTESIAN_POINT('',(1.40991431797657,7.3999135917526,-8.39349823335321E-7));
#4637=CARTESIAN_POINT('Origin',(1.40991431797657,7.3999135917526,0.49999916065014));
#4638=CARTESIAN_POINT('',(1.40991431797657,4.8999135917526,-8.39349823890433E-7));
#4639=CARTESIAN_POINT('Ctrl Pts',(4.90991431797657,1.3999135917526,-4.00000083934983));
#4640=CARTESIAN_POINT('Ctrl Pts',(4.90991431797657,1.3999135917526,6.79999916065018));
#4641=CARTESIAN_POINT('Ctrl Pts',(4.79206318777877,1.3999135917526,-4.00000083934983));
#4642=CARTESIAN_POINT('Ctrl Pts',(4.79206318777877,1.3999135917526,6.79999916065018));
#4643=CARTESIAN_POINT('Ctrl Pts',(4.55139703508987,1.4118338875805,-4.00000083934981));
#4644=CARTESIAN_POINT('Ctrl Pts',(4.55139703508987,1.41183388758049,6.79999916065019));
#4645=CARTESIAN_POINT('Ctrl Pts',(4.18061449736367,1.4696592231621,-4.00000083934984));
#4646=CARTESIAN_POINT('Ctrl Pts',(4.18061449736367,1.4696592231621,6.79999916065016));
#4647=CARTESIAN_POINT('Ctrl Pts',(3.80639971847987,1.5706881056972,-4.00000083934981));
#4648=CARTESIAN_POINT('Ctrl Pts',(3.80639971847987,1.5706881056972,6.79999916065019));
#4649=CARTESIAN_POINT('Ctrl Pts',(3.43610430760998,1.7168535330346,-4.00000083934984));
#4650=CARTESIAN_POINT('Ctrl Pts',(3.43610430760998,1.7168535330346,6.79999916065016));
#4651=CARTESIAN_POINT('Ctrl Pts',(3.07774799450107,1.9084166646135,-4.00000083934981));
#4652=CARTESIAN_POINT('Ctrl Pts',(3.07774799450107,1.9084166646135,6.79999916065019));
#4653=CARTESIAN_POINT('Ctrl Pts',(2.73952490801688,2.14374145441569,-4.00000083934984));
#4654=CARTESIAN_POINT('Ctrl Pts',(2.73952490801688,2.14374145441569,6.79999916065016));
#4655=CARTESIAN_POINT('Ctrl Pts',(2.42924127454627,2.4192401950741,-4.00000083934981));
#4656=CARTESIAN_POINT('Ctrl Pts',(2.42924127454627,2.4192401950741,6.79999916065019));
#4657=CARTESIAN_POINT('Ctrl Pts',(2.15374225761417,2.7295242434233,-4.00000083934983));
#4658=CARTESIAN_POINT('Ctrl Pts',(2.15374225761417,2.7295242434233,6.79999916065018));
#4659=CARTESIAN_POINT('Ctrl Pts',(1.91841735200447,3.0677477344136,-4.00000083934983));
#4660=CARTESIAN_POINT('Ctrl Pts',(1.91841735200447,3.0677477344136,6.79999916065018));
#4661=CARTESIAN_POINT('Ctrl Pts',(1.72685417336447,3.4261035911539,-4.00000083934981));
#4662=CARTESIAN_POINT('Ctrl Pts',(1.72685417336447,3.42610359115389,6.79999916065019));
#4663=CARTESIAN_POINT('Ctrl Pts',(1.58068857690877,3.79639855047779,-4.00000083934983));
#4664=CARTESIAN_POINT('Ctrl Pts',(1.58068857690877,3.79639855047779,6.79999916065018));
#4665=CARTESIAN_POINT('Ctrl Pts',(1.47966011283887,4.1706138698609,-4.00000083934981));
#4666=CARTESIAN_POINT('Ctrl Pts',(1.47966011283887,4.1706138698609,6.79999916065019));
#4667=CARTESIAN_POINT('Ctrl Pts',(1.42183452154957,4.5413962713477,-4.00000083934983));
#4668=CARTESIAN_POINT('Ctrl Pts',(1.42183452154957,4.5413962713477,6.79999916065018));
#4669=CARTESIAN_POINT('Ctrl Pts',(1.40991431797657,4.7820624615548,-4.00000083934983));
#4670=CARTESIAN_POINT('Ctrl Pts',(1.40991431797657,4.7820624615548,6.79999916065018));
#4671=CARTESIAN_POINT('Ctrl Pts',(1.40991431797657,4.8999135917526,-4.00000083934983));
#4672=CARTESIAN_POINT('Ctrl Pts',(1.40991431797657,4.8999135917526,6.79999916065018));
#4673=CARTESIAN_POINT('',(4.90991431797657,1.3999135917526,-8.39349824667806E-7));
#4674=CARTESIAN_POINT('Origin',(1.40991431797657,1.3999135917526,0.499999160650139));
#4675=CARTESIAN_POINT('Ctrl Pts',(10.8059043169766,4.90491559175259,-8.20000083934983));
#4676=CARTESIAN_POINT('Ctrl Pts',(10.8059043169766,4.90491559175259,7.39999916065018));
#4677=CARTESIAN_POINT('Ctrl Pts',(10.8059043169766,4.9890949704653,-8.20000083934983));
#4678=CARTESIAN_POINT('Ctrl Pts',(10.8059043169766,4.98909497046529,7.39999916065018));
#4679=CARTESIAN_POINT('Ctrl Pts',(10.7973898042484,5.1609993766102,-8.20000083934983));
#4680=CARTESIAN_POINT('Ctrl Pts',(10.7973898042484,5.16099937661019,7.39999916065018));
#4681=CARTESIAN_POINT('Ctrl Pts',(10.7560860325152,5.4258440224736,-8.20000083934983));
#4682=CARTESIAN_POINT('Ctrl Pts',(10.7560860325152,5.42584402247359,7.39999916065018));
#4683=CARTESIAN_POINT('Ctrl Pts',(10.683922502733,5.6931403124511,-8.20000083934983));
#4684=CARTESIAN_POINT('Ctrl Pts',(10.683922502733,5.6931403124511,7.39999916065018));
#4685=CARTESIAN_POINT('Ctrl Pts',(10.5795186583898,5.9576370314052,-8.20000083934983));
#4686=CARTESIAN_POINT('Ctrl Pts',(10.5795186583898,5.95763703140519,7.39999916065018));
#4687=CARTESIAN_POINT('Ctrl Pts',(10.4426878078565,6.213605808492,-8.20000083934983));
#4688=CARTESIAN_POINT('Ctrl Pts',(10.4426878078565,6.213605808492,7.39999916065018));
#4689=CARTESIAN_POINT('Ctrl Pts',(10.2745987437887,6.4551937663959,-8.20000083934983));
#4690=CARTESIAN_POINT('Ctrl Pts',(10.2745987437887,6.4551937663959,7.39999916065018));
#4691=CARTESIAN_POINT('Ctrl Pts',(10.077813859497,6.67682488966601,-8.20000083934982));
#4692=CARTESIAN_POINT('Ctrl Pts',(10.077813859497,6.676824889666,7.39999916065018));
#4693=CARTESIAN_POINT('Ctrl Pts',(9.85618243166408,6.8736099358314,-8.20000083934982));
#4694=CARTESIAN_POINT('Ctrl Pts',(9.85618243166408,6.8736099358314,7.39999916065018));
#4695=CARTESIAN_POINT('Ctrl Pts',(9.61459421351668,7.0416991078854,-8.20000083934982));
#4696=CARTESIAN_POINT('Ctrl Pts',(9.61459421351668,7.0416991078854,7.39999916065018));
#4697=CARTESIAN_POINT('Ctrl Pts',(9.35862574347517,7.1785300277553,-8.20000083934982));
#4698=CARTESIAN_POINT('Ctrl Pts',(9.35862574347517,7.1785300277553,7.39999916065018));
#4699=CARTESIAN_POINT('Ctrl Pts',(9.09412934944047,7.2829339477928,-8.20000083934982));
#4700=CARTESIAN_POINT('Ctrl Pts',(9.09412934944047,7.2829339477928,7.39999916065018));
#4701=CARTESIAN_POINT('Ctrl Pts',(8.82683268722387,7.3550971806673,-8.20000083934982));
#4702=CARTESIAN_POINT('Ctrl Pts',(8.82683268722387,7.3550971806673,7.39999916065018));
#4703=CARTESIAN_POINT('Ctrl Pts',(8.56198812248928,7.3964011519136,-8.20000083934982));
#4704=CARTESIAN_POINT('Ctrl Pts',(8.56198812248928,7.3964011519136,7.39999916065018));
#4705=CARTESIAN_POINT('Ctrl Pts',(8.39008369568927,7.4049155917526,-8.20000083934982));
#4706=CARTESIAN_POINT('Ctrl Pts',(8.39008369568927,7.4049155917526,7.39999916065018));
#4707=CARTESIAN_POINT('Ctrl Pts',(8.30590431697657,7.4049155917526,-8.20000083934982));
#4708=CARTESIAN_POINT('Ctrl Pts',(8.30590431697657,7.4049155917526,7.39999916065018));
#4709=CARTESIAN_POINT('Ctrl Pts',(1.60590431797658,49.0049135917526,-48.1992941666046));
#4710=CARTESIAN_POINT('Ctrl Pts',(1.60590431797658,49.0049135917526,-3.7000008393498));
#4711=CARTESIAN_POINT('Ctrl Pts',(1.60590431797658,49.1193975468018,-48.1992941666046));
#4712=CARTESIAN_POINT('Ctrl Pts',(1.60590431797658,49.1193975468018,-3.7000008393498));
#4713=CARTESIAN_POINT('Ctrl Pts',(1.61748403048287,49.3531875209144,-48.1992941666046));
#4714=CARTESIAN_POINT('Ctrl Pts',(1.61748403048287,49.3531875209144,-3.7000008393498));
#4715=CARTESIAN_POINT('Ctrl Pts',(1.67365722210588,49.7133762776535,-48.1992941666046));
#4716=CARTESIAN_POINT('Ctrl Pts',(1.67365722210588,49.7133762776535,-3.7000008393498));
#4717=CARTESIAN_POINT('Ctrl Pts',(1.77179955689548,50.0768992012412,-48.1992941666046));
#4718=CARTESIAN_POINT('Ctrl Pts',(1.77179955689548,50.0768992012412,-3.7000008393498));
#4719=CARTESIAN_POINT('Ctrl Pts',(1.91378883253808,50.4366147431617,-48.1992941666046));
#4720=CARTESIAN_POINT('Ctrl Pts',(1.91378883253808,50.4366147431617,-3.7000008393498));
#4721=CARTESIAN_POINT('Ctrl Pts',(2.09987873087658,50.7847323107599,-48.1992941666046));
#4722=CARTESIAN_POINT('Ctrl Pts',(2.09987873087658,50.7847323107599,-3.7000008393498));
#4723=CARTESIAN_POINT('Ctrl Pts',(2.32847995487488,51.1132918673594,-48.1992941666046));
#4724=CARTESIAN_POINT('Ctrl Pts',(2.32847995487488,51.1132918673594,-3.7000008393498));
#4725=CARTESIAN_POINT('Ctrl Pts',(2.59610731660578,51.4147102705629,-48.1992941666046));
#4726=CARTESIAN_POINT('Ctrl Pts',(2.59610731660578,51.4147102705629,-3.7000008393498));
#4727=CARTESIAN_POINT('Ctrl Pts',(2.89752605309018,51.6823378683291,-48.1992941666046));
#4728=CARTESIAN_POINT('Ctrl Pts',(2.89752605309018,51.6823378683291,-3.7000008393498));
#4729=CARTESIAN_POINT('Ctrl Pts',(3.22608614319388,51.9109392329951,-48.1992941666046));
#4730=CARTESIAN_POINT('Ctrl Pts',(3.22608614319388,51.9109392329951,-3.7000008393498));
#4731=CARTESIAN_POINT('Ctrl Pts',(3.57420299501718,52.0970291548751,-48.1992941666046));
#4732=CARTESIAN_POINT('Ctrl Pts',(3.57420299501718,52.0970291548751,-3.7000008393498));
#4733=CARTESIAN_POINT('Ctrl Pts',(3.93391877506948,52.2390183071037,-48.1992941666046));
#4734=CARTESIAN_POINT('Ctrl Pts',(3.93391877506948,52.2390183071036,-3.7000008393498));
#4735=CARTESIAN_POINT('Ctrl Pts',(4.29744159176188,52.3371607187328,-48.1992941666046));
#4736=CARTESIAN_POINT('Ctrl Pts',(4.29744159176188,52.3371607187328,-3.7000008393498));
#4737=CARTESIAN_POINT('Ctrl Pts',(4.65763041157787,52.3933338613116,-48.1992941666046));
#4738=CARTESIAN_POINT('Ctrl Pts',(4.65763041157787,52.3933338613116,-3.7000008393498));
#4739=CARTESIAN_POINT('Ctrl Pts',(4.89142036292728,52.4049135917526,-48.1992941666046));
#4740=CARTESIAN_POINT('Ctrl Pts',(4.89142036292728,52.4049135917526,-3.7000008393498));
#4741=CARTESIAN_POINT('Ctrl Pts',(5.00590431797658,52.4049135917526,-48.1992941666046));
#4742=CARTESIAN_POINT('Ctrl Pts',(5.00590431797658,52.4049135917526,-3.7000008393498));
#4743=CARTESIAN_POINT('Origin',(10.4099143179766,52.6099135917526,0.274999160650152));
#4744=CARTESIAN_POINT('Origin',(10.8059043179766,52.4049135907526,-1.7000008393498));
#4745=CARTESIAN_POINT('',(10.8059043179766,49.1049115907526,-3.7000008393498));
#4746=CARTESIAN_POINT('Ctrl Pts',(10.8059043179766,49.1049115907526,-8.2000008393498));
#4747=CARTESIAN_POINT('Ctrl Pts',(10.8059043179766,49.1049115907526,7.39999916065018));
#4748=CARTESIAN_POINT('Ctrl Pts',(10.8059043179766,49.0207322120399,-8.2000008393498));
#4749=CARTESIAN_POINT('Ctrl Pts',(10.8059043179766,49.0207322120399,7.39999916065018));
#4750=CARTESIAN_POINT('Ctrl Pts',(10.7973898186166,48.8488278155732,-8.2000008393498));
#4751=CARTESIAN_POINT('Ctrl Pts',(10.7973898186166,48.8488278155732,7.39999916065018));
#4752=CARTESIAN_POINT('Ctrl Pts',(10.7560860133531,48.5839831493263,-8.2000008393498));
#4753=CARTESIAN_POINT('Ctrl Pts',(10.7560860133531,48.5839831493263,7.39999916065018));
#4754=CARTESIAN_POINT('Ctrl Pts',(10.6839225195351,48.316686875821,-8.2000008393498));
#4755=CARTESIAN_POINT('Ctrl Pts',(10.6839225195351,48.316686875821,7.39999916065018));
#4756=CARTESIAN_POINT('Ctrl Pts',(10.5795186476907,48.0521901542266,-8.2000008393498));
#4757=CARTESIAN_POINT('Ctrl Pts',(10.5795186476907,48.0521901542266,7.39999916065018));
#4758=CARTESIAN_POINT('Ctrl Pts',(10.4426878331119,47.7962213618342,-8.2000008393498));
#4759=CARTESIAN_POINT('Ctrl Pts',(10.4426878331119,47.7962213618342,7.39999916065018));
#4760=CARTESIAN_POINT('Ctrl Pts',(10.2745987081937,47.5546334371042,-8.2000008393498));
#4761=CARTESIAN_POINT('Ctrl Pts',(10.2745987081937,47.5546334371042,7.39999916065018));
#4762=CARTESIAN_POINT('Ctrl Pts',(10.0778138830764,47.3330022768249,-8.2000008393498));
#4763=CARTESIAN_POINT('Ctrl Pts',(10.0778138830764,47.3330022768249,7.39999916065018));
#4764=CARTESIAN_POINT('Ctrl Pts',(9.85618242523398,47.13621725964,-8.2000008393498));
#4765=CARTESIAN_POINT('Ctrl Pts',(9.85618242523398,47.13621725964,7.39999916065018));
#4766=CARTESIAN_POINT('Ctrl Pts',(9.61459421584098,46.9681280482512,-8.2000008393498));
#4767=CARTESIAN_POINT('Ctrl Pts',(9.61459421584098,46.9681280482512,7.39999916065018));
#4768=CARTESIAN_POINT('Ctrl Pts',(9.35862574660598,46.8312971947426,-8.2000008393498));
#4769=CARTESIAN_POINT('Ctrl Pts',(9.35862574660598,46.8312971947427,7.39999916065018));
#4770=CARTESIAN_POINT('Ctrl Pts',(9.09412934790058,46.726893208814,-8.2000008393498));
#4771=CARTESIAN_POINT('Ctrl Pts',(9.09412934790058,46.726893208814,7.39999916065018));
#4772=CARTESIAN_POINT('Ctrl Pts',(8.82683269037979,46.6547300135891,-8.2000008393498));
#4773=CARTESIAN_POINT('Ctrl Pts',(8.82683269037979,46.6547300135891,7.39999916065018));
#4774=CARTESIAN_POINT('Ctrl Pts',(8.56198811903998,46.6134260231771,-8.2000008393498));
#4775=CARTESIAN_POINT('Ctrl Pts',(8.56198811903998,46.6134260231771,7.39999916065018));
#4776=CARTESIAN_POINT('Ctrl Pts',(8.39008369668928,46.6049115907526,-8.2000008393498));
#4777=CARTESIAN_POINT('Ctrl Pts',(8.39008369668928,46.6049115907526,7.39999916065018));
#4778=CARTESIAN_POINT('Ctrl Pts',(8.30590431797659,46.6049115907526,-8.2000008393498));
#4779=CARTESIAN_POINT('Ctrl Pts',(8.30590431797659,46.6049115907526,7.39999916065018));
#4780=CARTESIAN_POINT('',(8.30590431797659,46.6049115907526,-3.7000008393498));
#4781=CARTESIAN_POINT('Origin',(10.8059043179766,46.6049115907526,-1.70000083934981));
#4782=CARTESIAN_POINT('Origin',(10.4099143179766,46.6099135917526,0.274999160650151));
#4783=CARTESIAN_POINT('',(1.40991431797658,46.6099135917526,-8.3934980574631E-7));
#4784=CARTESIAN_POINT('Origin',(1.40991431797658,46.6099135917526,0.49999916065016));
#4785=CARTESIAN_POINT('',(1.40991431797658,49.1099135917526,-8.39349805191198E-7));
#4786=CARTESIAN_POINT('Ctrl Pts',(4.90991431797658,52.6099135917526,-4.0000008393498));
#4787=CARTESIAN_POINT('Ctrl Pts',(4.90991431797658,52.6099135917526,6.79999916065019));
#4788=CARTESIAN_POINT('Ctrl Pts',(4.79206318777878,52.6099135917526,-4.0000008393498));
#4789=CARTESIAN_POINT('Ctrl Pts',(4.79206318777878,52.6099135917526,6.79999916065019));
#4790=CARTESIAN_POINT('Ctrl Pts',(4.55139704324088,52.5979933072412,-4.0000008393498));
#4791=CARTESIAN_POINT('Ctrl Pts',(4.55139704324088,52.5979933072412,6.79999916065019));
#4792=CARTESIAN_POINT('Ctrl Pts',(4.18061448834377,52.5401679433007,-4.0000008393498));
#4793=CARTESIAN_POINT('Ctrl Pts',(4.18061448834377,52.5401679433007,6.79999916065019));
#4794=CARTESIAN_POINT('Ctrl Pts',(3.80639972332898,52.4391390911895,-4.0000008393498));
#4795=CARTESIAN_POINT('Ctrl Pts',(3.80639972332898,52.4391390911895,6.79999916065019));
#4796=CARTESIAN_POINT('Ctrl Pts',(3.43610431027738,52.2929736404831,-4.00000083934981));
#4797=CARTESIAN_POINT('Ctrl Pts',(3.43610431027738,52.2929736404831,6.79999916065018));
#4798=CARTESIAN_POINT('Ctrl Pts',(3.07774798416258,52.1014105394558,-4.00000083934979));
#4799=CARTESIAN_POINT('Ctrl Pts',(3.07774798416258,52.1014105394558,6.7999991606502));
#4800=CARTESIAN_POINT('Ctrl Pts',(2.73952492580568,51.8660856981184,-4.00000083934981));
#4801=CARTESIAN_POINT('Ctrl Pts',(2.73952492580568,51.8660856981184,6.79999916065018));
#4802=CARTESIAN_POINT('Ctrl Pts',(2.42924126095008,51.5905870075746,-4.00000083934979));
#4803=CARTESIAN_POINT('Ctrl Pts',(2.42924126095008,51.5905870075746,6.7999991606502));
#4804=CARTESIAN_POINT('Ctrl Pts',(2.15374226869138,51.2803029337347,-4.00000083934981));
#4805=CARTESIAN_POINT('Ctrl Pts',(2.15374226869138,51.2803029337347,6.79999916065018));
#4806=CARTESIAN_POINT('Ctrl Pts',(1.91841732963718,50.9420794502362,-4.0000008393498));
#4807=CARTESIAN_POINT('Ctrl Pts',(1.91841732963718,50.9420794502362,6.79999916065019));
#4808=CARTESIAN_POINT('Ctrl Pts',(1.72685420722448,50.5837235941284,-4.0000008393498));
#4809=CARTESIAN_POINT('Ctrl Pts',(1.72685420722448,50.5837235941284,6.79999916065019));
#4810=CARTESIAN_POINT('Ctrl Pts',(1.58068855494617,50.2134286308975,-4.0000008393498));
#4811=CARTESIAN_POINT('Ctrl Pts',(1.58068855494617,50.2134286308975,6.79999916065019));
#4812=CARTESIAN_POINT('Ctrl Pts',(1.47966012285147,49.8392133154632,-4.0000008393498));
#4813=CARTESIAN_POINT('Ctrl Pts',(1.47966012285147,49.8392133154632,6.79999916065019));
#4814=CARTESIAN_POINT('Ctrl Pts',(1.42183451524818,49.4684309084278,-4.0000008393498));
#4815=CARTESIAN_POINT('Ctrl Pts',(1.42183451524818,49.4684309084278,6.79999916065019));
#4816=CARTESIAN_POINT('Ctrl Pts',(1.40991431797658,49.2277647219504,-4.0000008393498));
#4817=CARTESIAN_POINT('Ctrl Pts',(1.40991431797658,49.2277647219504,6.79999916065019));
#4818=CARTESIAN_POINT('Ctrl Pts',(1.40991431797658,49.1099135917526,-4.0000008393498));
#4819=CARTESIAN_POINT('Ctrl Pts',(1.40991431797658,49.1099135917526,6.79999916065019));
#4820=CARTESIAN_POINT('Origin',(43.2059043179766,52.4049135917526,-1.7000008393498));
#4821=CARTESIAN_POINT('',(43.2059043179766,49.1049115917526,-3.7000008393498));
#4822=CARTESIAN_POINT('Ctrl Pts',(43.2059043179766,49.1049115917526,-8.2000008393498));
#4823=CARTESIAN_POINT('Ctrl Pts',(43.2059043179766,49.1049115917526,7.39999916065018));
#4824=CARTESIAN_POINT('Ctrl Pts',(43.2059043179766,49.0207322130399,-8.2000008393498));
#4825=CARTESIAN_POINT('Ctrl Pts',(43.2059043179766,49.0207322130399,7.39999916065018));
#4826=CARTESIAN_POINT('Ctrl Pts',(43.2144188047202,48.8488278256608,-8.2000008393498));
#4827=CARTESIAN_POINT('Ctrl Pts',(43.2144188047202,48.8488278256608,7.39999916065018));
#4828=CARTESIAN_POINT('Ctrl Pts',(43.2557226416002,48.58398314027,-8.2000008393498));
#4829=CARTESIAN_POINT('Ctrl Pts',(43.2557226416002,48.58398314027,7.39999916065018));
#4830=CARTESIAN_POINT('Ctrl Pts',(43.3278861014995,48.3166868822274,-8.2000008393498));
#4831=CARTESIAN_POINT('Ctrl Pts',(43.3278861014995,48.3166868822274,7.39999916065018));
#4832=CARTESIAN_POINT('Ctrl Pts',(43.4322899993967,48.0521901582003,-8.2000008393498));
#4833=CARTESIAN_POINT('Ctrl Pts',(43.4322899993967,48.0521901582003,7.39999916065018));
#4834=CARTESIAN_POINT('Ctrl Pts',(43.5691207799153,47.7962213513084,-8.2000008393498));
#4835=CARTESIAN_POINT('Ctrl Pts',(43.5691207799153,47.7962213513084,7.39999916065018));
#4836=CARTESIAN_POINT('Ctrl Pts',(43.7372099622883,47.5546334579363,-8.2000008393498));
#4837=CARTESIAN_POINT('Ctrl Pts',(43.7372099622883,47.5546334579363,7.39999916065018));
#4838=CARTESIAN_POINT('Ctrl Pts',(43.9339947315344,47.3330022626672,-8.2000008393498));
#4839=CARTESIAN_POINT('Ctrl Pts',(43.9339947315344,47.3330022626672,7.39999916065018));
#4840=CARTESIAN_POINT('Ctrl Pts',(44.1556262177952,47.1362172729889,-8.2000008393498));
#4841=CARTESIAN_POINT('Ctrl Pts',(44.1556262177952,47.1362172729889,7.39999916065018));
#4842=CARTESIAN_POINT('Ctrl Pts',(44.397214418836,46.9681280243149,-8.2000008393498));
#4843=CARTESIAN_POINT('Ctrl Pts',(44.397214418836,46.9681280243149,7.39999916065018));
#4844=CARTESIAN_POINT('Ctrl Pts',(44.6531828873658,46.831297233492,-8.2000008393498));
#4845=CARTESIAN_POINT('Ctrl Pts',(44.6531828873658,46.831297233492,7.39999916065018));
#4846=CARTESIAN_POINT('Ctrl Pts',(44.9176792904272,46.7268931853289,-8.2000008393498));
#4847=CARTESIAN_POINT('Ctrl Pts',(44.9176792904272,46.7268931853289,7.39999916065018));
#4848=CARTESIAN_POINT('Ctrl Pts',(45.1849759435456,46.6547300257514,-8.2000008393498));
#4849=CARTESIAN_POINT('Ctrl Pts',(45.1849759435456,46.6547300257514,7.39999916065018));
#4850=CARTESIAN_POINT('Ctrl Pts',(45.4498205210715,46.6134260171521,-8.2000008393498));
#4851=CARTESIAN_POINT('Ctrl Pts',(45.4498205210715,46.6134260171521,7.39999916065018));
#4852=CARTESIAN_POINT('Ctrl Pts',(45.6217249392639,46.6049115917526,-8.2000008393498));
#4853=CARTESIAN_POINT('Ctrl Pts',(45.6217249392639,46.6049115917526,7.39999916065018));
#4854=CARTESIAN_POINT('Ctrl Pts',(45.7059043179766,46.6049115917526,-8.2000008393498));
#4855=CARTESIAN_POINT('Ctrl Pts',(45.7059043179766,46.6049115917526,7.39999916065018));
#4856=CARTESIAN_POINT('',(45.7059043179766,46.6049115917526,-3.7000008393498));
#4857=CARTESIAN_POINT('Origin',(43.2059043179766,46.6049115917526,-1.70000083934981));
#4858=CARTESIAN_POINT('Origin',(43.6099143179766,46.6199135917526,0.274999160650151));
#4859=CARTESIAN_POINT('',(52.6099143179766,46.6199135917526,-8.39349805744141E-7));
#4860=CARTESIAN_POINT('Origin',(52.6099143179766,46.6199135917526,0.49999916065016));
#4861=CARTESIAN_POINT('Origin',(52.6099143179766,52.6199135917526,0.499999160650162));
#4862=UNCERTAINTY_MEASURE_WITH_UNIT(LENGTH_MEASURE(0.01),#4866,
'DISTANCE_ACCURACY_VALUE',
'Maximum model space distance between geometric entities at asserted c
onnectivities');
#4863=UNCERTAINTY_MEASURE_WITH_UNIT(LENGTH_MEASURE(0.01),#4866,
'DISTANCE_ACCURACY_VALUE',
'Maximum model space distance between geometric entities at asserted c
onnectivities');
#4864=(
GEOMETRIC_REPRESENTATION_CONTEXT(3)
GLOBAL_UNCERTAINTY_ASSIGNED_CONTEXT((#4862))
GLOBAL_UNIT_ASSIGNED_CONTEXT((#4866,#4868,#4869))
REPRESENTATION_CONTEXT('','3D')
);
#4865=(
GEOMETRIC_REPRESENTATION_CONTEXT(3)
GLOBAL_UNCERTAINTY_ASSIGNED_CONTEXT((#4863))
GLOBAL_UNIT_ASSIGNED_CONTEXT((#4866,#4868,#4869))
REPRESENTATION_CONTEXT('','3D')
);
#4866=(
LENGTH_UNIT()
NAMED_UNIT(*)
SI_UNIT(.MILLI.,.METRE.)
);
#4867=(
LENGTH_UNIT()
NAMED_UNIT(*)
SI_UNIT($,.METRE.)
);
#4868=(
NAMED_UNIT(*)
PLANE_ANGLE_UNIT()
SI_UNIT($,.RADIAN.)
);
#4869=(
NAMED_UNIT(*)
SI_UNIT($,.STERADIAN.)
SOLID_ANGLE_UNIT()
);
#4870=SHAPE_DEFINITION_REPRESENTATION(#4871,#4872);
#4871=PRODUCT_DEFINITION_SHAPE('',$,#4874);
#4872=SHAPE_REPRESENTATION('',(#2060),#4864);
#4873=PRODUCT_DEFINITION_CONTEXT('part definition',#4878,'design');
#4874=PRODUCT_DEFINITION('shell','shell',#4875,#4873);
#4875=PRODUCT_DEFINITION_FORMATION('',$,#4880);
#4876=PRODUCT_RELATED_PRODUCT_CATEGORY('shell','shell',(#4880));
#4877=APPLICATION_PROTOCOL_DEFINITION('international standard',
'automotive_design',2009,#4878);
#4878=APPLICATION_CONTEXT(
'Core Data for Automotive Mechanical Design Process');
#4879=PRODUCT_CONTEXT('part definition',#4878,'mechanical');
#4880=PRODUCT('shell','shell',$,(#4879));
#4881=PRESENTATION_STYLE_ASSIGNMENT((#4883));
#4882=PRESENTATION_STYLE_ASSIGNMENT((#4884));
#4883=SURFACE_STYLE_USAGE(.BOTH.,#4885);
#4884=SURFACE_STYLE_USAGE(.BOTH.,#4886);
#4885=SURFACE_SIDE_STYLE('',(#4887));
#4886=SURFACE_SIDE_STYLE('',(#4888));
#4887=SURFACE_STYLE_FILL_AREA(#4889);
#4888=SURFACE_STYLE_FILL_AREA(#4890);
#4889=FILL_AREA_STYLE('\X2\92FC\X0\ - \X2\30B530C630F3\X0\',(#4891));
#4890=FILL_AREA_STYLE('Opaque(255,255,255)',(#4892));
#4891=FILL_AREA_STYLE_COLOUR('\X2\92FC\X0\ - \X2\30B530C630F3\X0\',#4893);
#4892=FILL_AREA_STYLE_COLOUR('Opaque(255,255,255)',#4894);
#4893=COLOUR_RGB('\X2\92FC\X0\ - \X2\30B530C630F3\X0\',0.627450980392157,
0.627450980392157,0.627450980392157);
#4894=COLOUR_RGB('Opaque(255,255,255)',1.,1.,1.);
ENDSEC;
END-ISO-10303-21;
